,BIL,DBA,EEM,EFA,EWJ,GLD,HYG,IAU,IEF,IWM,LQD,MBB,PDBC,QQQ,SHY,SLV,SPY,TIP,TLT,USO,UUP,VEA,VNQ,VTV,VUG,VWO,XLB,XLE,XLF,XLI,XLK,XLP,XLU,XLV,XLY
2005-01-14,0.5818969006043399,0.0,0.0,0.0,0.0,0.13479168834798555,0.017458782410812983,0.0,0.0,0.0,0.14437954145545884,0.0,0.0,0.0,0.0,0.0,0.0,0.0,0.12147308718140276,0.0,0.0,0.0,0.0,0.0,0.0,0.0,0.0,0.0,0.0,0.0,0.0,0.0,0.0,0.0,0.0
2005-01-21,0.5821539693415919,0.0,0.0,0.0,0.0,0.13485275417122428,0.01736657171826301,0.0,0.0,0.0,0.14411222863484902,0.0,0.0,0.0,0.0,0.0,0.0,0.0,0.12151447613407174,0.0,0.0,0.0,0.0,0.0,0.0,0.0,0.0,0.0,0.0,0.0,0.0,0.0,0.0,0.0,0.0
2005-01-28,0.5823938710285703,0.0,0.0,0.0,0.0,0.13490974201878714,0.017280518855761522,0.0,0.0,0.0,0.14386276696439954,0.0,0.0,0.0,0.0,0.0,0.0,0.0,0.12155310113248147,0.0,0.0,0.0,0.0,0.0,0.0,0.0,0.0,0.0,0.0,0.0,0.0,0.0,0.0,0.0,0.0
2005-02-04,0.5826177520808924,0.0,0.0,0.0,0.0,0.13496292421788975,0.017200212603417888,0.0,0.0,0.0,0.1436299643443027,0.0,0.0,0.0,0.0,0.0,0.0,0.0,0.12158914675349741,0.0,0.0,0.0,0.0,0.0,0.0,0.0,0.0,0.0,0.0,0.0,0.0,0.0,0.0,0.0,0.0
2005-02-11,0.5828266823565402,0.0,0.0,0.0,0.0,0.13501255490973627,0.017125269202605757,0.0,0.0,0.0,0.14341270828317587,0.0,0.0,0.0,0.0,0.0,0.0,0.0,0.1216227852479419,0.0,0.0,0.0,0.0,0.0,0.0,0.0,0.0,0.0,0.0,0.0,0.0,0.0,0.0,0.0,0.0
2005-02-18,0.5830216602683804,0.0,0.0,0.0,0.0,0.1350588712639813,0.017055330522099864,0.0,0.0,0.0,0.14320996058181112,0.0,0.0,0.0,0.0,0.0,0.0,0.0,0.12165417736372738,0.0,0.0,0.0,0.0,0.0,0.0,0.0,0.0,0.0,0.0,0.0,0.0,0.0,0.0,0.0,0.0
2005-02-25,0.40867352125460055,0.0,0.0,0.0,0.0,0.17873461868725665,0.01699006234667815,0.0,0.0,0.0,0.18665327644711033,0.0,0.0,0.043632524075166816,0.0,0.0,0.0,0.0,0.16531599718918755,0.0,0.0,0.0,0.0,0.0,0.0,0.0,0.0,0.0,0.0,0.0,0.0,0.0,0.0,0.0,0.0
2005-03-04,0.40824749260154203,0.0,0.0,0.0,0.0,0.17892391428826043,0.0169291527800111,0.0,0.0,0.0,0.1866256622695796,0.0,0.0,0.04378148278324874,0.0,0.0,0.0,0.0,0.1654922952773582,0.0,0.0,0.0,0.0,0.0,0.0,0.0,0.0,0.0,0.0,0.0,0.0,0.0,0.0,0.0,0.0
2005-03-11,0.40778073828504,0.0,0.0,0.0,0.0,0.17914341337630557,0.01686046633139465,0.0,0.0,0.0,0.18661243031108832,0.0,0.0,0.04392264043833584,0.0,0.0,0.0,0.0,0.16568031125783567,0.0,0.0,0.0,0.0,0.0,0.0,0.0,0.0,0.0,0.0,0.0,0.0,0.0,0.0,0.0,0.0
2005-03-18,0.4233380126944237,0.0,0.0,0.0,0.0,0.17003739715618563,0.019248959547730957,0.0,0.0,0.0,0.19020134241922032,0.0,0.0,0.04095931805119085,0.0,0.0,0.0,0.0,0.15621497013124852,0.0,0.0,0.0,0.0,0.0,0.0,0.0,0.0,0.0,0.0,0.0,0.0,0.0,0.0,0.0,0.0
2005-03-25,0.4743715434986622,0.0,0.0,0.0,0.0,0.12377521162296808,0.022272058757342242,0.0,0.0,0.0,0.19439605131733634,0.0,0.0,0.037403746953018915,0.0,0.0,0.0,0.0,0.14778138785067235,0.0,0.0,0.0,0.0,0.0,0.0,0.0,0.0,0.0,0.0,0.0,0.0,0.0,0.0,0.0,0.0
2005-04-01,0.4843458975088947,0.0,0.0,0.0,0.0,0.11850381555248465,0.025297938825855168,0.0,0.0,0.0,0.19862918057607837,0.0,0.0,0.03384972567776297,0.0,0.0,0.0,0.0,0.13937344185892409,0.0,0.0,0.0,0.0,0.0,0.0,0.0,0.0,0.0,0.0,0.0,0.0,0.0,0.0,0.0,0.0
2005-04-08,0.4948921013137865,0.0,0.0,0.0,0.0,0.1131385536408816,0.02834012474307874,0.0,0.0,0.0,0.2031298128473687,0.0,0.0,0.030087409124938576,0.0,0.0,0.0,0.0,0.13041199832994585,0.0,0.0,0.0,0.0,0.0,0.0,0.0,0.0,0.0,0.0,0.0,0.0,0.0,0.0,0.0,0.0
2005-04-15,0.5044971092155225,0.0,0.0,0.0,0.0,0.10816631193542099,0.03136724823987626,0.0,0.0,0.0,0.2084210499752988,0.0,0.0,0.026227301813209033,0.0,0.0,0.0,0.0,0.12132097882067244,0.0,0.0,0.0,0.0,0.0,0.0,0.0,0.0,0.0,0.0,0.0,0.0,0.0,0.0,0.0,0.0
2005-04-22,0.5136278319347194,0.0,0.0,0.0,0.0,0.10332575348754078,0.0344229782588906,0.0,0.0,0.0,0.21392331362863215,0.0,0.0,0.022367221101527952,0.0,0.0,0.0,0.0,0.11233290158868897,0.0,0.0,0.0,0.0,0.0,0.0,0.0,0.0,0.0,0.0,0.0,0.0,0.0,0.0,0.0,0.0
2005-04-29,0.5044453228238033,0.0,0.0,0.0,0.0,0.11693131536744282,0.03747230482950632,0.0,0.0,0.0,0.21929403494779678,0.0,0.0,0.0,0.0,0.0,0.0,0.0,0.10333407052334972,0.0,0.0,0.0,0.01852295150810107,0.0,0.0,0.0,0.0,0.0,0.0,0.0,0.0,0.0,0.0,0.0,0.0
2005-05-06,0.5155385904588933,0.0,0.0,0.0,0.0,0.10951396537764896,0.04007224324099856,0.0,0.0,0.0,0.2237425182463787,0.0,0.0,0.0,0.0,0.0,0.0,0.0,0.09581994857926009,0.0,0.0,0.0,0.015312734096820425,0.0,0.0,0.0,0.0,0.0,0.0,0.0,0.0,0.0,0.0,0.0,0.0
2005-05-13,0.5238885746459254,0.0,0.0,0.0,0.0,0.10402416782764161,0.04195841051645939,0.0,0.0,0.0,0.2269936541951775,0.0,0.0,0.0,0.0,0.0,0.0,0.0,0.09020454316953926,0.0,0.0,0.0,0.012930649645256937,0.0,0.0,0.0,0.0,0.0,0.0,0.0,0.0,0.0,0.0,0.0,0.0
2005-05-20,0.5319021136153409,0.0,0.0,0.0,0.0,0.09987286024562789,0.042964607856396136,0.0,0.0,0.0,0.2265132945247671,0.0,0.0,0.0,0.0,0.0,0.0,0.0,0.08695571215741166,0.0,0.0,0.0,0.011791411600456412,0.0,0.0,0.0,0.0,0.0,0.0,0.0,0.0,0.0,0.0,0.0,0.0
2005-05-27,0.5451395605473119,0.0,0.0,0.0,0.0,0.09424701934769765,0.043768244844533746,0.0,0.0,0.0,0.22251884596931498,0.0,0.0,0.0,0.0,0.0,0.0,0.0,0.08347881022202647,0.0,0.0,0.0,0.010847519069115217,0.0,0.0,0.0,0.0,0.0,0.0,0.0,0.0,0.0,0.0,0.0,0.0
2005-06-03,0.5555627419110615,0.0,0.0,0.0,0.0,0.08981872331402546,0.0443989544128041,0.0,0.0,0.0,0.2193710921828957,0.0,0.0,0.0,0.0,0.0,0.0,0.0,0.0807411976091097,0.0,0.0,0.0,0.010107290570103698,0.0,0.0,0.0,0.0,0.0,0.0,0.0,0.0,0.0,0.0,0.0,0.0
2005-06-10,0.5638440647300588,0.0,0.0,0.0,0.0,0.08631200075995,0.044893947258304714,0.0,0.0,0.0,0.2168401627546636,0.0,0.0,0.0,0.0,0.0,0.0,0.0,0.07858631953028516,0.0,0.0,0.0,0.009523504966737715,0.0,0.0,0.0,0.0,0.0,0.0,0.0,0.0,0.0,0.0,0.0,0.0
2005-06-17,0.5710552080358138,0.0,0.0,0.0,0.0,0.08334029151519654,0.045282427042698546,0.0,0.0,0.0,0.21441746044461846,0.0,0.0,0.0,0.0,0.0,0.0,0.0,0.07685770126365199,0.0,0.0,0.0,0.009046911698020764,0.0,0.0,0.0,0.0,0.0,0.0,0.0,0.0,0.0,0.0,0.0,0.0
2005-06-24,0.34736030338063295,0.0,0.0,0.04506219306609806,0.0,0.1277849279912473,0.0453326015875015,0.0,0.0,0.0,0.2139011015749645,0.0,0.0,0.0,0.0,0.0,0.04506219306609806,0.0,0.12150276479976566,0.0,0.0,0.0,0.053993914533691935,0.0,0.0,0.0,0.0,0.0,0.0,0.0,0.0,0.0,0.0,0.0,0.0
2005-07-01,0.3477923987992319,0.0,0.0,0.0452503050723661,0.0,0.12745864802299267,0.04537838382930721,0.0,0.0,0.0,0.2134835463936306,0.0,0.0,0.0,0.0,0.0,0.0452503050723661,0.0,0.12133385033273192,0.0,0.0,0.0,0.0540525624773735,0.0,0.0,0.0,0.0,0.0,0.0,0.0,0.0,0.0,0.0,0.0,0.0
2005-07-08,0.34824006182958234,0.0,0.0,0.04532611650511635,0.0,0.12720021406463944,0.04542023124657261,0.0,0.0,0.0,0.2133428564938071,0.0,0.0,0.0,0.0,0.0,0.04532611650511635,0.0,0.12112262418570659,0.0,0.0,0.0,0.054021779169459175,0.0,0.0,0.0,0.0,0.0,0.0,0.0,0.0,0.0,0.0,0.0,0.0
2005-07-15,0.3487663207747881,0.0,0.023774606889894325,0.04541175992780236,0.0,0.12690336256247103,0.0,0.0,0.0,0.0,0.13361242865515616,0.0,0.0,0.0,0.0,0.0,0.04650447746343186,0.0,0.10951208103701156,0.0,0.0,0.0,0.05400228032581695,0.0,0.011659192441137018,0.0,0.0,0.0,0.0,0.0,0.0,0.0,0.09985348992249071,0.0,0.0
2005-07-22,0.3493161398441071,0.0,0.03613548562757164,0.0455322743168287,0.0,0.12659063676256135,0.0,0.0,0.0,0.0,0.13313361022329512,0.0,0.0,0.0,0.0,0.0,0.056265376255729915,0.0,0.10936273829179628,0.0,0.0,0.0,0.05404527518316258,0.0,0.021707893260437053,0.0,0.0,0.0,0.0,0.0,0.0,0.0,0.0679105702345105,0.0,0.0
2005-07-29,0.3492408035561356,0.0,0.041428723999136996,0.05733194207372656,0.0,0.08046891294327511,0.0,0.0,0.0,0.0,0.13248175025564768,0.0,0.0,0.0,0.0,0.0,0.06634321525980943,0.0,0.12079230644064429,0.0,0.0,0.0,0.0657676242306056,0.0,0.025528257168455148,0.0,0.0,0.0,0.0,0.0,0.0,0.0,0.060616464072563596,0.0,0.0
2005-08-05,0.34942599779455635,0.0,0.03811260211688473,0.0576259289358294,0.0,0.07993670391760047,0.0,0.0,0.0,0.0,0.1319442801688083,0.0,0.0,0.0,0.0,0.0,0.0576259289358294,0.0,0.12073462803346183,0.0,0.0,0.0,0.06599314742859139,0.0,0.029805547936808393,0.0,0.0,0.0,0.0,0.0,0.017846148416029304,0.0,0.050949086315600405,0.0,0.0
2005-08-12,0.35004049596720876,0.0,0.04270331824891317,0.05757612309236152,0.0,0.07970055239696558,0.0,0.0,0.0,0.0,0.13194586270871592,0.0,0.0,0.0,0.0,0.0,0.06847705182096757,0.0,0.12041172270919143,0.0,0.0,0.0,0.06588665364556466,0.0,0.02349313274619046,0.0,0.0,0.0,0.0,0.0,0.0,0.0,0.05976508666392086,0.0,0.0
2005-08-19,0.33753473372714365,0.0,0.0,0.05673341387815284,0.0,0.08869563767684491,0.042411172050609756,0.0,0.0,0.0,0.21124045862884203,0.0,0.0,0.0,0.0,0.0,0.05673341387815284,0.0,0.13740742903573194,0.0,0.0,0.0,0.06924374112452206,0.0,0.0,0.0,0.0,0.0,0.0,0.0,0.0,0.0,0.0,0.0,0.0
2005-08-26,0.3262414690229067,0.0,0.0,0.03727447239550736,0.0,0.1349690606591516,0.0388525865730236,0.0,0.0,0.0,0.21009015968840267,0.0,0.0,0.0,0.0,0.0,0.03727447239550736,0.0,0.12403690582685559,0.0,0.0,0.0,0.053986401043137754,0.0,0.0,0.03727447239550736,0.0,0.0,0.0,0.0,0.0,0.0,0.0,0.0,0.0
2005-09-02,0.31518735295945294,0.0,0.0,0.03669257602915098,0.0,0.14338567309191275,0.03528514225167991,0.0,0.0,0.0,0.20892410851390736,0.0,0.0,0.0,0.0,0.0,0.03669257602915098,0.0,0.12953409528779647,0.0,0.0,0.0,0.057605899807797484,0.0,0.0,0.03669257602915098,0.0,0.0,0.0,0.0,0.0,0.0,0.0,0.0,0.0
2005-09-09,0.3031488406661988,0.0,0.0,0.03642895166429966,0.0,0.1521240786466781,0.03146805467108916,0.0,0.0,0.0,0.2073231682588505,0.0,0.0,0.0,0.0,0.0,0.03642895166429966,0.0,0.13510368818253704,0.0,0.0,0.0,0.061545314581747446,0.0,0.0,0.03642895166429966,0.0,0.0,0.0,0.0,0.0,0.0,0.0,0.0,0.0
2005-09-16,0.31029786796021774,0.0,0.030817022135317437,0.03674577747303317,0.0,0.14469383250477952,0.0,0.0,0.0,0.0,0.14702258872656246,0.0,0.0,0.012062632777050303,0.0,0.0,0.03674577747303317,0.0,0.12281404137442667,0.0,0.0,0.0,0.05858649813636169,0.0,0.0,0.062192077912255894,0.0,0.0,0.0,0.0,0.0,0.0,0.03802188352696174,0.0,0.0
2005-09-23,0.318904989104346,0.0,0.032782796246132416,0.03778654164110443,0.0,0.13797867097385624,0.0,0.0,0.0,0.0,0.14290141507943444,0.0,0.0,0.0,0.0,0.0,0.03778654164110443,0.0,0.11722971799034113,0.0,0.0,0.0,0.056183373765693614,0.0,0.0,0.0641139606972473,0.0,0.0,0.0,0.0,0.015288195237745498,0.0,0.039043797622994376,0.0,0.0
2005-09-30,0.3064443938346956,0.0,0.0,0.03747258412573349,0.0,0.14619637300800642,0.034597859726717944,0.0,0.0,0.0,0.2083645048909657,0.0,0.0,0.0,0.0,0.0,0.03747258412573349,0.0,0.13221469907921254,0.0,0.0,0.0,0.0597644170832012,0.0,0.0,0.03747258412573349,0.0,0.0,0.0,0.0,0.0,0.0,0.0,0.0,0.0
2005-10-07,0.2959012171793887,0.0,0.0,0.03704532452005698,0.0,0.1546785080609538,0.030739868650041132,0.0,0.0,0.0,0.20674754630610398,0.0,0.0,0.0,0.0,0.0,0.03704532452005698,0.0,0.1373922786508232,0.0,0.0,0.0,0.06340460759251804,0.0,0.0,0.03704532452005698,0.0,0.0,0.0,0.0,0.0,0.0,0.0,0.0,0.0
2005-10-14,0.30460465591480557,0.0,0.0,0.03738772127404861,0.0,0.15158704647421317,0.030946784721652666,0.0,0.0,0.0,0.20790065152785547,0.0,0.0,0.0,0.0,0.0,0.03738772127404861,0.0,0.13225897197338235,0.0,0.0,0.0,0.06053872556594487,0.0,0.0,0.03738772127404861,0.0,0.0,0.0,0.0,0.0,0.0,0.0,0.0,0.0
2005-10-21,0.30911945095083376,0.0,0.0,0.03647603980131181,0.0,0.14935150848716133,0.03233838146628714,0.0,0.0,0.0,0.21157038570569744,0.0,0.0,0.0,0.0,0.0,0.03647603980131181,0.0,0.12998145867016384,0.0,0.0,0.0,0.05821069531592109,0.0,0.0,0.03647603980131181,0.0,0.0,0.0,0.0,0.0,0.0,0.0,0.0,0.0
2005-10-28,0.3127542606950883,0.0,0.04868412138501013,0.043367558211389955,0.0,0.1520006643343923,0.0,0.0,0.0,0.0,0.15099402966442302,0.0,0.0,0.013415439197637527,0.0,0.0,0.0,0.0,0.12760813397858528,0.0,0.0,0.0,0.06393017087033058,0.0,0.0,0.08604655323087146,0.0,0.0,0.001199068432271477,0.0,0.0,0.0,0.0,0.0,0.0
2005-11-04,0.3200445635450968,0.0,0.05743231296170184,0.04409829964747665,0.0,0.14639872803343576,0.0,0.0,0.0,0.0,0.14666573905675334,0.0,0.0,0.0,0.0,0.0,0.0,0.0,0.12377596606456223,0.0,0.0,0.0,0.061734718719500814,0.0,0.0,0.09984967197147261,0.0,0.0,0.0,0.0,0.0,0.0,0.0,0.0,0.0
2005-11-11,0.32588765687284094,0.0,0.053270680940629374,0.04500745117472642,0.0,0.14172276103398376,0.0,0.0,0.0,0.0,0.1430707145962469,0.0,0.0,0.016804496474513656,0.0,0.0,0.0,0.0,0.12039092876495049,0.0,0.0,0.0,0.06044641525586336,0.0,0.004756892232514782,0.08864200265373035,0.0,0.0,0.0,0.0,0.0,0.0,0.0,0.0,0.0
2005-11-18,0.3285517903033896,0.0,0.04233715813520828,0.04496014950214719,0.0,0.13930953257470519,0.0,0.0,0.0,0.0,0.1400887475852613,0.0,0.0,0.022872556828062933,0.0,0.0,0.0,0.0,0.11986666167036761,0.0,0.0,0.0,0.059758602596765825,0.0,0.0,0.08039639120006772,0.0,0.0,0.021858409604024357,0.0,0.0,0.0,0.0,0.0,0.0
2005-11-25,0.32835715935493826,0.0,0.04551871921150605,0.04476248474054759,0.0,0.1390897858360787,0.0,0.0,0.0,0.0,0.13971765637052913,0.0,0.0,0.02090563057994713,0.0,0.0,0.04476248474054759,0.0,0.07537115973522035,0.0,0.0,0.0,0.05972286448032956,0.0,0.0,0.08422623541008356,0.0,0.0,0.01756581954027208,0.0,0.0,0.0,0.0,0.0,0.0
2005-12-02,0.3280712863847052,0.0,0.04046824396635187,0.04462209866693119,0.0,0.13886119500522068,0.0,0.0,0.0,0.0,0.13932599421300654,0.0,0.0,0.0,0.0,0.0,0.04462209866693119,0.0,0.07575748325418115,0.0,0.0,0.0,0.05973807468442994,0.0,0.013129186445726207,0.08556154609840327,0.0,0.0,0.029842792614112927,0.0,0.0,0.0,0.0,0.0,0.0
2005-12-09,0.32783023825100266,0.0,0.03562228441780083,0.04448276219979264,0.0,0.13866165891268045,0.0,0.0,0.0,0.0,0.13898820834090989,0.0,0.0,0.024939667473641056,0.0,0.0,0.04448276219979264,0.0,0.07612092826947967,0.0,0.0,0.0,0.05974452687236446,0.0,0.0,0.08064363788606274,0.0,0.0,0.02848332517647301,0.0,0.0,0.0,0.0,0.0,0.0
2005-12-16,0.32767499821314744,0.0,0.03770380858026875,0.04426714948661484,0.0,0.13849239161521532,0.0,0.0,0.0,0.0,0.13872541367170818,0.0,0.0,0.024564380335098498,0.0,0.0,0.04426714948661484,0.0,0.07658135546826425,0.0,0.0,0.0,0.0597104135638781,0.0,0.0,0.0795898623961194,0.0,0.0,0.028423077183070525,0.0,0.0,0.0,0.0,0.0,0.0
2005-12-23,0.3274192662437114,0.0,0.033972993908849544,0.044189858823404954,0.0,0.13831796400621144,0.0,0.0,0.0,0.0,0.13835587846614042,0.0,0.0,0.02809387304238342,0.0,0.0,0.044189858823404954,0.0,0.07687250738907542,0.0,0.0,0.0,0.05969332119637124,0.0,0.0,0.07926901627759993,0.0,0.0,0.02962546182284718,0.0,0.0,0.0,0.0,0.0,0.0
2005-12-30,0.3428702132203412,0.0,0.03479184099487492,0.03675740290620141,0.0,0.1307577579065026,0.0,0.0,0.0,0.0,0.1379980958217993,0.0,0.0,0.024187369563781758,0.0,0.0,0.03675740290620141,0.0,0.11386499187681073,0.0,0.0,0.0,0.03675740290620141,0.0,0.0,0.07411138408713908,0.0,0.0,0.0311461378101462,0.0,0.0,0.0,0.0,0.0,0.0
2006-01-06,0.34284330582929523,0.0,0.03772541683855133,0.03663485525256761,0.0,0.1306336045319795,0.0,0.0,0.0,0.0,0.13776025606353898,0.0,0.0,0.024132089637458564,0.0,0.0,0.03663485525256761,0.0,0.11408081930626993,0.0,0.0,0.0,0.03663485525256761,0.0,0.0,0.07976169079146354,0.0,0.0,0.023158251243740064,0.0,0.0,0.0,0.0,0.0,0.0
2006-01-13,0.24175333231643642,0.0,0.0,0.07517561852310009,0.0,0.08144099893216528,0.040079092524763035,0.0,0.0,0.0,0.1234853217937896,0.0,0.0,0.0,0.0,0.0,0.06621948276731175,0.0,0.11644820196281591,0.0,0.0,0.0,0.0359270640147986,0.0,0.11945607149774082,0.0359270640147986,0.0,0.0,0.06408775165227981,0.0,0.0,0.0,0.0,0.0,0.0
2006-01-20,0.2579439629195508,0.0,0.0,0.035263337815456465,0.0,0.10190501657521903,0.03706776459794645,0.0,0.0,0.0,0.128678894936863,0.0,0.0,0.0,0.0,0.0,0.05053429201380807,0.0,0.13897278117316547,0.0,0.0,0.0,0.035263337815456465,0.0,0.09491734554908637,0.035263337815456465,0.0,0.0,0.08418992878799117,0.0,0.0,0.0,0.0,0.0,0.0
2006-01-27,0.18259854828298477,0.0,0.06079233674500324,0.13295415346637662,0.0,0.12064868037672927,0.0,0.0,0.0,0.0,0.054934804994739364,0.0,0.0,0.005537486821551808,0.0,0.0,0.06840505427753506,0.0,0.09755890114454137,0.0,0.0,0.0,0.08152042988349595,0.0,0.10853143604684629,0.08201498575348712,0.0,0.0,0.00450318220670909,0.0,0.0,0.0,0.0,0.0,0.0
2006-02-03,0.19704952279154148,0.0,0.06329259595936311,0.08243729709576028,0.0,0.1301438538916441,0.0,0.0,0.0,0.0,0.05945007333206924,0.0,0.0,0.007435636282802781,0.0,0.0,0.0448552801627073,0.0,0.11316966577797413,0.0,0.0,0.0,0.08243729709576028,0.0,0.13611514866802213,0.08361362894235486,0.0,0.0,0.0,0.0,0.0,0.0,0.0,0.0,0.0
2006-02-10,0.19480685509318557,0.0,0.0698069452445448,0.08320751177923177,0.0,0.12859778817848616,0.0,0.0,0.0,0.0,0.05846841097064841,0.0,0.0,0.0,0.0,0.0,0.04466707598291239,0.0,0.11194140749475631,0.0,0.0,0.0,0.08320751177923177,0.0,0.13417885890977524,0.09111763456722746,0.0,0.0,0.0,0.0,0.0,0.0,0.0,0.0,0.0
2006-02-17,0.1943028768380827,0.0,0.0700546262429173,0.08337968020902872,0.0,0.12824169506933142,0.0,0.0,0.0,0.0,0.058245517481089665,0.0,0.0,0.0,0.0,0.0,0.044619132694912036,0.0,0.1116588549763747,0.0,0.0,0.0,0.08337968020902872,0.0,0.13442186623180713,0.09169607004742746,0.0,0.0,0.0,0.0,0.0,0.0,0.0,0.0,0.0
2006-02-24,0.15096993754668708,0.0,0.06948131356963505,0.10363476955001544,0.020109625869202293,0.1386400122067987,0.0,0.0,0.0,0.0,0.06877377545514497,0.0,0.0,0.0,0.0,0.0,0.03517960905435328,0.0,0.10201586269900711,0.0,0.0,0.0,0.08352514368081314,0.0,0.13464761093214225,0.08660963130843609,0.0,0.0,0.0,0.0,0.0,0.0,0.006412708127764416,0.0,0.0
2006-03-03,0.15095464131153313,0.0,0.07299022867715892,0.1035885623909763,0.019931998643518925,0.13823594542670037,0.0,0.0,0.0,0.0,0.06849653551557555,0.0,0.0,0.0,0.0,0.0,0.03520491144260356,0.0,0.10185449485592846,0.0,0.0,0.0,0.08365656374745739,0.0,0.13486263371269952,0.09022348427584787,0.0,0.0,0.0,0.0,0.0,0.0,0.0,0.0,0.0
2006-03-10,0.15092128300657762,0.0,0.0718365245308665,0.10355215768594384,0.019757840157800056,0.13785162371390472,0.0,0.0,0.0,0.0,0.06822316151168292,0.0,0.0,0.0,0.0,0.0,0.035244175214339056,0.0,0.10170472602805974,0.0,0.0,0.0,0.08379431752814379,0.0,0.13506220079616996,0.09205198982651183,0.0,0.0,0.0,0.0,0.0,0.0,0.0,0.0,0.0
2006-03-17,0.17343618294308472,0.0,0.05518670680125336,0.10351592080637899,0.019594214096827482,0.1825719257816848,0.0,0.0,0.0,0.0,0.13559280942070062,0.0,0.0,0.0,0.0,0.0,0.035277761202096816,0.0,0.10156208420567651,0.0,0.0,0.0,0.08392170670955151,0.0,0.0,0.09764555064205535,0.0,0.0,0.011695137390689805,0.0,0.0,0.0,0.0,0.0,0.0
2006-03-24,0.15084840061942226,0.0,0.0581486103203882,0.10349327279285608,0.019431290293800474,0.1371420519456743,0.0,0.0,0.0,0.0,0.06770970962714697,0.0,0.0,0.0,0.0,0.0,0.03532156747397445,0.0,0.10142429757054225,0.0,0.0,0.0,0.08406198249905562,0.0,0.047393987966777,0.09734175018108565,0.0,0.0,0.09768307870927673,0.0,0.0,0.0,0.0,0.0,0.0
2006-03-31,0.12510027523215253,0.0,0.05867309581972372,0.06814552311373155,0.0,0.15032359968270095,0.0,0.0,0.0,0.0,0.07390773157591636,0.0,0.0,0.0,0.0,0.0,0.0551998285223382,0.0,0.09165490877335461,0.0,0.0,0.0,0.09125281657909992,0.0,0.037188945581952314,0.15089332268160058,0.0,0.0,0.09765995243742914,0.0,0.0,0.0,0.0,0.0,0.0
2006-04-07,0.1252499756336104,0.0,0.06259628948770123,0.0679830420660735,0.0,0.1500018019248951,0.0,0.0,0.0,0.0,0.07364533536596017,0.0,0.0,0.0,0.0,0.0,0.04245319326687402,0.0,0.0913197828329905,0.0,0.0,0.0,0.09138804501073242,0.0,0.13574667521282013,0.15501643095197934,0.0,0.0,0.0,0.0,0.00459942824636307,0.0,0.0,0.0,0.0
2006-04-14,0.12539238411705964,0.0,0.060052741953694394,0.06782652612517834,0.0,0.14970857800675563,0.0,0.0,0.0,0.0,0.07341051623042835,0.0,0.0,0.0,0.0,0.0,0.09523540880495349,0.0,0.09102164560872653,0.0,0.0,0.0,0.09150629373153568,0.0,0.08311490830980017,0.16183593747411634,0.0,0.0,0.0,0.0,0.0008950596377513452,0.0,0.0,0.0,0.0
2006-04-21,0.14818343815497076,0.0,0.06360445394953675,0.06762214270857371,0.0,0.19480077184229988,0.0,0.0,0.0,0.0,0.1411612736572082,0.0,0.0,0.0,0.0,0.0,0.04243768886872944,0.0,0.09068246095347207,0.0,0.0,0.0,0.09170349796736166,0.0,0.0,0.1511245025907823,0.0,0.0,0.008679769307065165,0.0,0.0,0.0,0.0,0.0,0.0
2006-04-28,0.12561845509595143,0.0,0.06209821425099563,0.06744256537853208,0.0,0.14921343850416932,0.0,0.0,0.0,0.0,0.07288470258254703,0.0,0.0,0.0,0.0,0.0,0.04244070514780964,0.0,0.06533274860311364,0.0,0.0,0.0,0.09190528250740154,0.0,0.07590643398655028,0.17640356655980757,0.0,0.0,0.07075388738312159,0.0,0.0,0.0,0.0,0.0,0.0
2006-05-05,0.13468943175873613,0.0,0.059064659347342854,0.1084869651319918,0.0,0.18524882814299126,0.0,0.0,0.0,0.0,0.13619038085594806,0.0,0.0,0.0,0.0,0.0,0.04243907805995219,0.0,0.05143892202368687,0.0,0.0,0.0,0.09209731967317715,0.0,0.0,0.19034441500617377,0.0,0.0,0.0,0.0,0.0,0.0,0.0,0.0,0.0
2006-05-12,0.11217244993815474,0.0,0.05561695709670922,0.10801145569588361,0.0,0.13967840457870684,0.0,0.0,0.0,0.0,0.06784760228042794,0.0,0.0,0.0,0.0,0.0,0.04244349391781359,0.0,0.05138885713370743,0.0,0.0,0.0,0.0922904059030735,0.0,0.0,0.18089389599293249,0.0,0.0,0.1496564774625907,0.0,0.0,0.0,0.0,0.0,0.0
2006-05-19,0.11235025929849998,0.0,0.06034407685965153,0.10758918042253893,0.0,0.13954219192780978,0.0,0.0,0.0,0.0,0.06766589098869635,0.0,0.0,0.0,0.0,0.0,0.042441444307895225,0.0,0.051348322424149856,0.0,0.0,0.0,0.09245269352102939,0.0,0.0,0.1897856567984753,0.0,0.0,0.13648028345125376,0.0,0.0,0.0,0.0,0.0,0.0
2006-05-26,0.19983125787948502,0.0,0.0,0.09922485611028595,0.0,0.13714215748201436,0.04066107958712182,0.0,0.0,0.0,0.13072089132404155,0.0,0.0,0.0,0.0,0.0,0.11761365618696103,0.0,0.07857838095885022,0.0,0.0,0.0,0.04170339216259282,0.0,0.0,0.08871356013584492,0.0,0.0,0.06581076817280213,0.0,0.0,0.0,0.0,0.0,0.0
2006-06-02,0.20869122231950188,0.0,0.0,0.09838233181483556,0.0,0.142559380912943,0.0,0.0,0.0,0.0,0.06219727574447825,0.0,0.0,0.0,0.0,0.0,0.12042842743837602,0.0,0.07225376530599954,0.0,0.0,0.0,0.04067975124727305,0.0,0.0,0.17636578017015112,0.0,0.0,0.07844206504644143,0.0,0.0,0.0,0.0,0.0,0.0
2006-06-09,0.23043306530558944,0.0,0.0,0.09777570820253403,0.0,0.18572993507118093,0.035793867318876495,0.0,0.0,0.0,0.18901026968800963,0.0,0.0,0.0,0.0,0.0,0.0532641605368874,0.0,0.08191545193035474,0.0,0.0,0.0,0.04078299714046036,0.0,0.0,0.08529454480610699,0.0,0.0,0.0,0.0,0.0,0.0,0.0,0.0,0.0
2006-06-16,0.23404186969104443,0.0,0.0,0.09598418684129628,0.0,0.18647226633168182,0.034591760695843014,0.0,0.0,0.0,0.18931047459546585,0.0,0.0,0.0,0.0,0.0,0.05335918501737318,0.0,0.08277501079039948,0.0,0.0,0.0,0.04042012210648647,0.0,0.0,0.08304512393040957,0.0,0.0,0.0,0.0,0.0,0.0,0.0,0.0,0.0
2006-06-23,0.24370534930764032,0.0,0.0,0.0927116848202846,0.0,0.18868264121475992,0.03159934825554052,0.0,0.0,0.0,0.1853873356425734,0.0,0.0,0.0,0.0,0.0,0.05390063693300169,0.0,0.08680135490251775,0.0,0.0,0.0,0.039200300518199394,0.0,0.0,0.07801134840548231,0.0,0.0,0.0,0.0,0.0,0.0,0.0,0.0,0.0
2006-06-30,0.232709286757737,0.0,0.0,0.11587781775702297,0.0,0.17763359423766584,0.0,0.0,0.0,0.0,0.07158385450208843,0.0,0.0,0.0,0.0,0.0,0.0648143685079462,0.0,0.08369307870905934,0.0,0.0,0.0,0.06321055021543506,0.0,0.0,0.03626900972978078,0.0,0.0,0.15420843958326427,0.0,0.0,0.0,0.0,0.0,0.0
2006-07-07,0.2266719266193748,0.0,0.0,0.11874815927289027,0.0,0.1774294684555216,0.0,0.0,0.0,0.0,0.07001912483377885,0.0,0.0,0.0,0.0,0.0,0.058807652633082276,0.0,0.0811282402287476,0.0,0.0,0.0,0.06497075619465592,0.0,0.0,0.03827421003438039,0.0,0.0,0.11376390707767554,0.0,0.0,0.0,0.05018655464989274,0.0,0.0
2006-07-14,0.24408041718786044,0.0,0.0,0.11931977761723984,0.0,0.2164906564957106,0.030415202761436545,0.0,0.0,0.0,0.18285340779499012,0.0,0.0,0.0,0.0,0.0,0.015006019984788137,0.0,0.08752076052552261,0.0,0.0,0.0,0.06567357519733459,0.0,0.0,0.03864018243511712,0.0,0.0,0.0,0.0,0.0,0.0,0.0,0.0,0.0
2006-07-21,0.2260213563984929,0.0,0.0,0.11510753017130285,0.0,0.19897069281183072,0.028165728536816148,0.0,0.0,0.0,0.1709390194633819,0.0,0.0,0.0,0.0,0.0,0.016578596172613768,0.0,0.06432647127837196,0.0,0.0,0.0,0.1450022197334604,0.0,0.0,0.03488838543372928,0.0,0.0,0.0,0.0,0.0,0.0,0.0,0.0,0.0
2006-07-28,0.12916413791325387,0.0,0.0,0.1329030148504665,0.0388482822367838,0.1831978274769506,0.0,0.0,0.0,0.0,0.04683662699228007,0.0,0.0,0.0,0.0,0.0,0.0,0.0,0.05993700511802616,0.0,0.0,0.0,0.19060558552213383,0.0,0.0,0.03282809205600405,0.0,0.0,0.06647747016147298,0.0,0.0,0.06877926431625894,0.05042269335636917,0.0,0.0
2006-08-04,0.12884187619066884,0.0,0.0,0.13509909083122035,0.036116957290672054,0.1820206144851403,0.0,0.0,0.0,0.0,0.0466031515836342,0.0,0.0,0.0,0.0,0.0,0.0,0.0,0.058114236682933376,0.0,0.0,0.0,0.18411593618077426,0.0,0.0,0.03544189722750195,0.0,0.0,0.06220083979115624,0.0,0.0,0.06985654837130943,0.061588851364988956,0.0,0.0
2006-08-11,0.1286174596876171,0.0,0.0,0.1367322970082338,0.03384619168562246,0.1809502583286582,0.0,0.0,0.0,0.0,0.04636633593169493,0.0,0.0,0.0,0.0,0.0,0.0,0.0,0.05678874011688663,0.0,0.0,0.0,0.17869935908729484,0.0,0.0,0.03762526829770288,0.0,0.0,0.06527313204796377,0.0,0.0,0.07051395553117969,0.06458700227714564,0.0,0.0
2006-08-18,0.15614474067999878,0.0,0.0,0.13715813557055062,0.035980163570975096,0.20005936669166913,0.027721498023943844,0.0,0.0,0.0,0.10340727976735478,0.0,0.0,0.0,0.0,0.0,0.0,0.0,0.09062272914506234,0.0,0.0,0.0,0.1010607847134064,0.0,0.0,0.03609735085714422,0.0,0.0,0.03492282318566693,0.0,0.0,0.07682512779422787,0.0,0.0,0.0
2006-08-25,0.07679196375988724,0.0,0.0,0.08256308702810075,0.05027254301375154,0.16621544611721029,0.0,0.0,0.0,0.0,0.04506138682718923,0.0,0.0,0.0,0.0,0.0,0.03229054401434921,0.0,0.09012252272510309,0.0,0.0,0.0,0.20384875135882696,0.0,0.0,0.06890127155143794,0.0,0.0,0.05858061993554821,0.0,0.0,0.06560706616056153,0.05974479750803386,0.0,0.0
2006-09-01,0.07657699037359614,0.0,0.0,0.08300368734488883,0.05068490743266885,0.16632736500464282,0.02670437618328091,0.0,0.0,0.0,0.09147804893638187,0.0,0.0,0.0,0.0,0.0,0.045927745402946404,0.0,0.09667811315338742,0.0,0.0,0.0,0.20398232206252936,0.0,0.0,0.06857376124961578,0.0,0.0,0.03372101897673859,0.0,0.0,0.05634166387932296,0.0,0.0,0.0
2006-09-08,0.0698273354048445,0.0,0.0,0.08635692410684442,0.05490579763582895,0.17321221450030647,0.024438616712586143,0.0,0.0,0.0,0.08705295308782368,0.0,0.0,0.0,0.0,0.0,0.04213651676518182,0.0,0.09732561344826332,0.0,0.0,0.0,0.21464808476496816,0.0,0.0,0.0665115790336504,0.0,0.0,0.03199938108317633,0.0,0.0,0.051584983456525665,0.0,0.0,0.0
2006-09-15,0.06925854293464542,0.0,0.012730841671636845,0.08652121797403117,0.055048514095457156,0.17382248935268277,0.0,0.0,0.0,0.0,0.04411486005710276,0.0,0.0,0.0,0.0,0.0,0.03147270387857401,0.0,0.09135105094888729,0.0,0.0,0.0,0.2154478769304353,0.0,0.0,0.06674224078503496,0.0,0.0,0.040057193326793854,0.0,0.0,0.06158926876201112,0.05184319928270718,0.0,0.0
2006-09-22,0.07475861486308939,0.0,0.0,0.08274687541696371,0.050369360242428565,0.16840640986370864,0.0,0.0,0.0,0.0,0.04451321104196526,0.0,0.0,0.0,0.0,0.0,0.049035881898167336,0.0,0.09061275927900235,0.0,0.0,0.0,0.2070019340160945,0.0,0.0,0.06979264443079772,0.0,0.0,0.06247840625934799,0.0,0.0,0.05524797948315622,0.0450359232052781,0.0,0.0
2006-09-29,0.07913029223241613,0.0,0.0,0.08643586350401643,0.0,0.13101279489691464,0.0,0.0,0.0,0.0,0.09660135434884916,0.0,0.0,0.0,0.0,0.0,0.06587820209244197,0.0,0.09671843078579992,0.0,0.0,0.0,0.19545871537132925,0.0,0.0,0.07861885284184977,0.0,0.0,0.05880953227861441,0.0,0.0,0.062185610748383115,0.04915035089938518,0.0,0.0
2006-10-06,0.08272112277059732,0.0,0.0,0.10453438872730238,0.0,0.12698542589018919,0.0,0.0,0.0,0.0,0.0969130805979693,0.0,0.0,0.0,0.0,0.0,0.05477538614913221,0.0,0.09645253108433871,0.0,0.0,0.0,0.18123218827270193,0.0,0.0,0.08040654531341443,0.0,0.0,0.05752952809489349,0.0,0.0,0.06416134292127504,0.05428846017818596,0.0,0.0
2006-10-13,0.08573374551818219,0.0,0.0,0.10164043439873158,0.0,0.12363456811797073,0.0,0.0,0.0,0.0,0.09330328303420224,0.0,0.0,0.0,0.0,0.0,0.057657398861852664,0.0,0.0962689198249851,0.0,0.0,0.0,0.17782594048659847,0.0,0.0,0.08172905345564548,0.0,0.0,0.0685963953569392,0.0,0.0,0.06235312716637067,0.051257133778521584,0.0,0.0
2006-10-20,0.08806996053192659,0.0,0.0,0.10449635893874774,0.0,0.12105449526336892,0.0,0.0,0.0,0.0,0.08497960620823028,0.0,0.0,0.0,0.0,0.0,0.07305088006059529,0.0,0.09606663148932805,0.0,0.0,0.0,0.17005082026151008,0.0,0.0,0.08285473648039555,0.0,0.0,0.08003194991314383,0.0,0.0,0.05727424599744672,0.04207031485530684,0.0,0.0
2006-10-27,0.08962474001152931,0.0,0.0,0.1051850727026514,0.0,0.1193080432002486,0.0,0.0,0.0,0.0,0.08373924237875766,0.0,0.0,0.0,0.0,0.0,0.09822458757676543,0.0,0.09584295643914895,0.0,0.0,0.0,0.16595968768425698,0.0,0.0,0.08388234602593317,0.0,0.0,0.09140434686900711,0.0,0.00663879150528741,0.060190185606413926,0.0,0.0,0.0
2006-11-03,0.0900482814432898,0.0,0.0,0.1058189764945516,0.0,0.11887461097706234,0.0,0.0,0.0,0.0,0.08343440168502257,0.0,0.0,0.0,0.0,0.0,0.08761102639744006,0.0,0.09578298610729866,0.0,0.0,0.0,0.1644301525247306,0.0,0.0,0.08409426592947171,0.0,0.0,0.0639441610899656,0.0,0.0028802106793992563,0.05670503707524119,0.046375889596526575,0.0,0.0
2006-11-10,0.04821148334606613,0.0,0.0,0.12224378630402262,0.0,0.12279810948335121,0.0,0.0,0.0,0.0,0.08776682608097298,0.0,0.0,0.0,0.0,0.0,0.13575183048407735,0.0,0.07200133785209417,0.0,0.0,0.0,0.12252261439736897,0.0,0.0,0.0797441967547193,0.0,0.0,0.08028266472445122,0.0,0.012733771703221613,0.04833339010326438,0.06760998876639,0.0,0.0
2006-11-17,0.04341723401168399,0.0,0.0,0.12189085162574081,0.0,0.13077612045860237,0.0,0.0,0.0,0.0,0.09170842806936658,0.0,0.0,0.0,0.0,0.0,0.0951842361162536,0.0,0.07467420272450098,0.0,0.0,0.0,0.1701980662081598,0.0,0.0,0.07714959049534394,0.0,0.0,0.07490173072865092,0.0,0.02727898711566869,0.040852568891076746,0.05196798355495153,0.0,0.0
2006-11-24,0.03355333259609109,0.0,0.0,0.15838894448008028,0.0,0.08150811082585868,0.026842666076872874,0.0,0.0,0.0,0.1352817875082766,0.0,0.0,0.0,0.0,0.0,0.12482500709871758,0.0,0.09839379456104894,0.0,0.0,0.0,0.17257953010600735,0.0,0.0,0.06795697267318224,0.0,0.0,0.04377786141893637,0.0,0.0,0.0568919926549278,0.0,0.0,0.0
2006-12-01,0.030923377384076363,0.0,0.0,0.20522983018168373,0.0,0.06323123432709214,0.02473870190726109,0.0,0.0,0.0,0.14533181853555918,0.0,0.0,0.0,0.0,0.0,0.19047151734720602,0.0,0.05629201896646305,0.0,0.0,0.0,0.12198158056734938,0.0,0.0,0.06652646425236622,0.0,0.0,0.046439675898937036,0.0,0.0,0.048833780632005754,0.0,0.0,0.0
2006-12-08,0.035517287378475024,0.0,0.020699575024387892,0.21218760123890515,0.0,0.06379410326976767,0.0,0.0,0.0,0.0,0.11072112424613112,0.0,0.0,0.0,0.0,0.0,0.19732144072303537,0.0,0.03136330953710878,0.0,0.0,0.0,0.12299939448129918,0.0,0.0,0.09964084917833943,0.0,0.0,0.028078821690884465,0.0,0.0,0.03114132377225906,0.04653516945940676,0.0,0.0
2006-12-15,0.03448144501905099,0.0,0.024747045768685975,0.20895287495529247,0.0,0.06090064805449073,0.0,0.0,0.0,0.0,0.09769175001167066,0.0,0.0,0.0,0.0,0.0,0.19274190209103836,0.0,0.0518474672759623,0.0,0.0,0.0,0.12087438127309619,0.0,0.0,0.09486130760041331,0.0,0.0,0.051940650747413206,0.0,0.0,0.040474420352259115,0.020486106850626573,0.0,0.0
2006-12-22,0.0,0.0,0.0401467911532656,0.20061546564676125,0.0,0.059363301920008604,0.0,0.0,0.0,0.0,0.09125415764280162,0.0,0.0,0.0,0.0,0.0,0.19878581653356708,0.0,0.0322286930864905,0.0,0.0,0.0,0.11991981796516311,0.0,0.0,0.1168321122130108,0.0,0.0,0.05939788063188147,0.0,0.0,0.036092679027793305,0.04536328417925657,0.0,0.0
2006-12-29,0.04033744188600512,0.0,0.02900389901107149,0.14859946031911647,0.0,0.14354344139707223,0.0,0.0,0.0,0.0,0.08463256851038563,0.0,0.0,0.0,0.0,0.0,0.12719900385135402,0.0,0.057506878434321396,0.0,0.0,0.0,0.11914911083032997,0.0,0.0,0.10351903348811525,0.0,0.0,0.07447645816399642,0.0,0.0,0.04255748525855382,0.029475218849678044,0.0,0.0
2007-01-05,0.04325395810967732,0.0,0.028622930164909688,0.1336356740657985,0.0,0.14040601295430927,0.0,0.0,0.0,0.0,0.07805148046065374,0.0,0.0,0.0,0.0,0.0,0.14094143531289446,0.0,0.059957805956501437,0.0,0.0,0.0,0.11876356582431918,0.0,0.0,0.11217930725096184,0.0,0.0,0.07627320689342056,0.0,0.0,0.035598317912939374,0.03231630509361448,0.0,0.0
2007-01-12,0.0,0.0,0.05792382698421753,0.12219012286095715,0.0,0.13737532098200989,0.0,0.0,0.0,0.0,0.07121260964989488,0.0,0.0,0.0,0.0,0.0,0.14095673374913809,0.0,0.034513238226319944,0.0,0.0,0.0,0.11864255016039407,0.0,0.0,0.14064788134047285,0.0,0.0,0.05805794683237577,0.0,0.01752064712639427,0.04549374369505545,0.05546537839277003,0.0,0.0
2007-01-19,0.04945542466796655,0.0,0.04428785210817345,0.10667681444607727,0.0,0.1345034624415643,0.0,0.0,0.0,0.0,0.0644559929845058,0.0,0.0,0.0,0.0,0.0,0.14245482910697463,0.0,0.06466484711434918,0.0,0.0,0.0,0.11866918260987303,0.0,0.0,0.13142347535359092,0.0,0.0,0.07622112895795415,0.0,0.0,0.04935357832848122,0.01783341188048933,0.0,0.0
2007-01-26,0.051704800817490945,0.0,0.04764072477522033,0.15955848759172792,0.0,0.0490193977744463,0.0,0.0,0.0,0.0,0.088422048509996,0.0,0.0,0.0,0.0,0.0,0.12715731626205126,0.0,0.09015711831374253,0.0,0.0,0.0,0.11906134640526178,0.0,0.0,0.13943945966277366,0.0,0.0,0.08804252218480374,0.0,0.0,0.03979677770248532,0.0,0.0,0.0
2007-02-02,0.0,0.0,0.08311090483460525,0.151968164722864,0.0,0.04759502155304324,0.0,0.0,0.0,0.0,0.08246407035079606,0.0,0.0,0.0,0.0,0.0,0.1327005851931471,0.0,0.056197128843484476,0.0,0.0,0.0,0.11931582657835904,0.0,0.0,0.17365620859288106,0.0,0.0,0.1166594714869287,0.0,0.0,0.036332617843891045,0.0,0.0,0.0
2007-02-09,0.05490556797611828,0.0,0.04706150179635323,0.14679243436517855,0.0,0.04713224009258097,0.0,0.0,0.0,0.0,0.07964164638830801,0.0,0.0,0.0,0.0,0.0,0.12605283851116839,0.0,0.08763799485785681,0.0,0.0,0.0,0.11947549488613493,0.0,0.0,0.14684183401068965,0.0,0.0,0.09825280015474751,0.0,0.0,0.046205646960863524,0.0,0.0,0.0
2007-02-16,0.055071882164031805,0.0,0.06060572141507061,0.13814709207627868,0.0,0.05368476147390539,0.0,0.0,0.0,0.0,0.046458204484934776,0.0,0.0,0.0,0.0,0.0,0.11040649996191362,0.0,0.10069910987966074,0.0,0.0,0.0,0.11922340796915615,0.0,0.04261913363000699,0.15461545891864661,0.0,0.0,0.06917085829205448,0.0,0.0,0.04929786973433998,0.0,0.0,0.0
2007-02-23,0.07263283294703343,0.0,0.04998612648925215,0.13352855632870586,0.0,0.05380618881240279,0.0,0.0,0.0,0.0,0.042426827885120186,0.0,0.0,0.0,0.0,0.0,0.12591657760454306,0.0,0.08364182712447465,0.0,0.0,0.0,0.11433221259624671,0.0,0.028323136691677565,0.15209656442184522,0.0,0.0,0.09785401106805618,0.0,0.0,0.0454551380306422,0.0,0.0,0.0
2007-03-02,0.07294059335467777,0.0,0.044033824057456164,0.1330736099264414,0.0,0.0540082811051188,0.0,0.0,0.0,0.0,0.042668524476755176,0.0,0.0,0.0,0.0,0.0,0.12389910588453243,0.0,0.08387824279666728,0.0,0.0,0.0,0.11370662515371885,0.0,0.027661121010743264,0.14061285205967328,0.0,0.0,0.07798756712403901,0.0,0.0,0.05087145242693962,0.03465820062323689,0.0,0.0
2007-03-09,0.09773703015309033,0.0,0.02837025297912886,0.13272531896115738,0.0,0.054390390675714814,0.0,0.0,0.0,0.0,0.08860669138897231,0.0,0.0,0.0,0.0,0.0,0.09723324694804394,0.0,0.08438260096927117,0.0,0.0,0.0,0.11122486332917975,0.0,0.006146756286772548,0.09700068433334763,0.0,0.0,0.08231546242649818,0.0,0.0,0.05573198062114886,0.06413472092767422,0.0,0.0
2007-03-16,0.09813139587738828,0.0,0.041645607721459976,0.13317734491147776,0.0,0.05449990132912947,0.0,0.0,0.0,0.0,0.09355347020614183,0.0,0.0,0.0,0.0,0.0,0.09814667461489648,0.0,0.0845080804131631,0.0,0.0,0.0,0.11070877822722033,0.0,0.0,0.11610053547240481,0.0,0.0,0.043805718008432665,0.0,0.0,0.05272532972427657,0.07299716349400863,0.0,0.0
2007-03-23,0.0984639398133374,0.0,0.03674730785182728,0.133614102388477,0.0,0.05463818841775311,0.0,0.0,0.0,0.0,0.10205009840228363,0.0,0.0,0.0,0.0,0.0,0.0923187057327623,0.0,0.08466744127102138,0.0,0.0,0.0,0.11022270380037102,0.0,0.0,0.09561301994207237,0.0,0.0,0.0,0.0,0.0,0.06166544049474668,0.09794812261226865,0.032050929273079135,0.0
2007-03-30,0.13030199499175774,0.0,0.03377096911546715,0.036374468496486546,0.0,0.11338019854088058,0.0,0.0,0.0,0.0,0.09944857763802659,0.0,0.0,0.0,0.0,0.0,0.09307909640999,0.0,0.09170897535218026,0.0,0.0,0.0,0.10188409378704169,0.0,0.054949327069008784,0.11811113465805326,0.0,0.0,0.0,0.0,0.0,0.054804971289911956,0.07218619265119519,0.0,0.0
2007-04-06,0.13094576197112268,0.0,0.0251322598189006,0.03632862709624992,0.0,0.11295121320792845,0.0,0.0,0.0,0.0,0.14468734637274883,0.0,0.0,0.0,0.0,0.0,0.06903765578356832,0.0,0.09970099098256444,0.0,0.0,0.0,0.10136657394808193,0.0,0.0,0.10716175328746108,0.0,0.0,0.006398067084236371,0.0,0.0,0.06908564713814266,0.09720410330899455,0.0,0.0
2007-04-13,0.13160126280438825,0.0,0.03529416766919948,0.03622686377137394,0.0,0.11257517657402538,0.0,0.0,0.0,0.0,0.09843129581004358,0.0,0.0,0.0,0.0,0.0,0.10659186051781691,0.0,0.09207517256573518,0.0,0.0,0.0,0.10089631941909336,0.0,0.0,0.11739600068341863,0.0,0.0,0.0,0.0,0.0,0.07033235127140536,0.07644461808601669,0.022134910827483083,0.0
2007-04-20,0.10802375843571033,0.0,0.03181416151677676,0.03630504713165004,0.0,0.11259813479877193,0.0,0.0,0.0,0.0,0.1131403988425306,0.0,0.0,0.0,0.0,0.0,0.09431409211078459,0.0,0.09217756077775568,0.0,0.0,0.0,0.10071246147785878,0.0,0.0,0.11808583144576146,0.0,0.0,0.0,0.0,0.0,0.08199904516315475,0.07933040739025497,0.03149910090898991,0.0
2007-04-27,0.0744665836568543,0.013347588833095001,0.033571063744653254,0.0955428297769576,0.0,0.05542692590743095,0.0,0.0,0.0,0.0,0.08590225960650957,0.0,0.0,0.0,0.0,0.0,0.16872342767487553,0.0,0.10273052639193551,0.0,0.0,0.0,0.1088904186100526,0.0,0.0,0.06707784835959181,0.0,0.0,0.0,0.0,0.0,0.08407694848854841,0.07259426172305224,0.03764931722644301,0.0
2007-05-04,0.07411504593256503,0.013043751793166431,0.03365249949404155,0.09575474373033468,0.0,0.05556888937779565,0.0,0.0,0.0,0.0,0.11058963062464278,0.0,0.0,0.0,0.0,0.0,0.1583065035629555,0.0,0.0990211651115046,0.0,0.0,0.0,0.1087984955235011,0.0,0.0,0.06375475275988006,0.0,0.0,0.0,0.0,0.0,0.07202053233791049,0.07171578890040954,0.043658200851292475,0.0
2007-05-11,0.07379415628251265,0.012765491440562764,0.03223126166018983,0.09591107388243042,0.0,0.055727097850877774,0.0,0.0,0.0,0.0,0.09433931353950994,0.0,0.0,0.0,0.0,0.0,0.15089537137662623,0.0,0.09894062389809538,0.0,0.0,0.0,0.10867656532299319,0.0,0.0034673233909881356,0.06678109260669347,0.0,0.0,0.0,0.0,0.0,0.06600288920488986,0.07142349260922311,0.06904424693440721,0.0
2007-05-18,0.07350960830155266,0.012516467147381704,0.03917434147227058,0.09606527423514778,0.0,0.055830528747888644,0.0,0.0,0.0,0.0,0.04296024158381627,0.0,0.0,0.0,0.0,0.0,0.17214893080585325,0.0,0.09882868139031886,0.0,0.0,0.0,0.10858174138252949,0.0,0.04108150111446576,0.06956211235082252,0.0,0.0,0.0,0.0,0.0,0.05332218907234902,0.060525575401849996,0.07589280699375331,0.0
2007-05-25,0.07328939083409633,0.0,0.03351671080156567,0.11600113518336887,0.0,0.06353363520326448,0.0,0.0,0.0,0.0,0.04280843759344731,0.0,0.0,0.0,0.0,0.0,0.12378680290610886,0.0,0.1063531927779954,0.0,0.0,0.0,0.07055600767342042,0.0,0.04095718207561774,0.1397859093517131,0.0,0.0,0.0,0.0,0.0,0.04806458310437864,0.0590245063292601,0.08232250616576285,0.0
2007-06-01,0.07314158176856582,0.0,0.03949308419474197,0.11589090966577154,0.0,0.0635976546906578,0.0,0.0,0.0,0.0,0.04270827541960205,0.0,0.0,0.0,0.0,0.0,0.13171377454354713,0.0,0.10629612906105401,0.0,0.0,0.0,0.07040245327826221,0.0,0.03833884522666181,0.13836979518594,0.0,0.0,0.0,0.0,0.0,0.04772160002050296,0.051720452575588854,0.08060544436910382,0.0
2007-06-08,0.07299772542032207,0.0,0.04160402075042003,0.11587037564264954,0.0,0.06356542133126422,0.0,0.0,0.0,0.0,0.042602552565617555,0.0,0.0,0.0,0.0,0.0,0.12660567746617735,0.0,0.10614751151928475,0.0,0.0,0.0,0.07042720938466304,0.0,0.04713068336372373,0.14526424864154566,0.0,0.0,0.0,0.0,0.08537549948606615,0.0,0.02813559091347709,0.05427348351478875,0.0
2007-06-15,0.07269568856419542,0.0,0.037458374209491725,0.11598937536224649,0.0,0.06340820653307072,0.0,0.0,0.0,0.0,0.04235148680543309,0.0,0.0,0.08390112599434352,0.0,0.0,0.11069823396676137,0.0,0.10579523887554543,0.0,0.0,0.0,0.07051829637629307,0.0,0.05071898898295753,0.14878873151710179,0.0,0.0,0.0,0.0,0.09767625281255987,0.0,0.0,0.0,0.0
2007-06-22,0.07137884168645632,0.0,0.041468952437428604,0.11636790284981355,0.0,0.06278983110001965,0.0,0.0,0.0,0.0,0.04123728566749099,0.0,0.0,0.01777048023077579,0.0,0.0,0.13459997702781337,0.0,0.10442613626727053,0.0,0.0,0.0,0.07024384402117419,0.0,0.053494527545202314,0.1533694134853944,0.0,0.0,0.0,0.0,0.0872128345312153,0.0,0.0,0.045639973149945015,0.0
2007-06-29,0.07107219293476891,0.0,0.03960883399790695,0.14590427118658517,0.0,0.0743227934034244,0.010460570586563439,0.0,0.0,0.0,0.04094606058261262,0.0,0.0,0.044177261923379806,0.0,0.0,0.17935851597015443,0.0,0.05784379058684209,0.0,0.0,0.0,0.0,0.0,0.06359201271325675,0.16428437556378825,0.0,0.0,0.0,0.0,0.1084293205507173,0.0,0.0,0.0,0.0
2007-07-06,0.07084568194500646,0.0,0.03738203192008671,0.14417623938426208,0.0,0.07438810361933032,0.010272739890287897,0.0,0.0,0.0,0.04072413267500236,0.0,0.0,0.06439516464085243,0.0,0.0,0.17715665078887682,0.0,0.057548498581524936,0.0,0.0,0.0,0.0,0.0,0.060527732910667584,0.1621721408331404,0.0,0.0,0.0,0.0,0.10041088281096208,0.0,0.0,0.0,0.0
2007-07-13,0.07066292910759514,0.0,0.03961471910015961,0.14518177169675997,0.0,0.07448149499434815,0.010118897506558467,0.0,0.0,0.0,0.04053809244793541,0.0,0.0,0.062135928003555184,0.0,0.0,0.17865439567952002,0.0,0.05735512136812289,0.0,0.0,0.0,0.0,0.0,0.06123687233345191,0.16395272367525848,0.0,0.0,0.0,0.0,0.0960670540867347,0.0,0.0,0.0,0.0
2007-07-20,0.070435066785855,0.0,0.0397154871705697,0.14383129675139592,0.0,0.07441615688426759,0.009931485119330638,0.0,0.0,0.0,0.040344455468314444,0.0,0.0,0.03450099350884672,0.0,0.0,0.1742950709170363,0.0,0.05704955195074475,0.0,0.0,0.0,0.0,0.0,0.071627696169398,0.16391049031482016,0.0,0.0,0.0,0.0,0.11994224895942077,0.0,0.0,0.0,0.0
2007-07-27,0.07015500168004889,0.0,0.0368076121602011,0.1334180518571934,0.0,0.07429509332365866,0.009705325906626823,0.0,0.0,0.0,0.04013023162781629,0.0,0.0,0.08709188010461942,0.0,0.0,0.1620140132363998,0.0,0.056615125019588125,0.0,0.0,0.0,0.0,0.0,0.06215911371572229,0.15999185588966602,0.0,0.0,0.0,0.0,0.10761669547845903,0.0,0.0,0.0,0.0
2007-08-03,0.15370622334416756,0.0,0.0,0.11348466526588125,0.0,0.12353815644439156,0.057146238982742376,0.0,0.0,0.0,0.20178564572721785,0.0,0.0,0.029474186774491738,0.0,0.0,0.1341757933282735,0.0,0.07320442486695289,0.0,0.0,0.0,0.0,0.0,0.0,0.11348466526588125,0.0,0.0,0.0,0.0,0.0,0.0,0.0,0.0,0.0
2007-08-10,0.12943266817780294,0.0,0.0,0.10854591531512384,0.0,0.08078360410790308,0.05814784389874988,0.0,0.0,0.0,0.13178919564711575,0.0,0.0,0.08613163379846342,0.0,0.0,0.13065709931493785,0.0,0.07837397116155356,0.0,0.0,0.0,0.0,0.0,0.030074082735686555,0.10854591531512384,0.0,0.0,0.0,0.0,0.04481754790959878,0.012700522617940612,0.0,0.0,0.0
2007-08-17,0.1282191555483551,0.0,0.0,0.10422192717980776,0.0,0.08418370183537897,0.059358529922122275,0.0,0.0,0.0,0.13106654254439096,0.0,0.0,0.08969064022661873,0.0,0.0,0.13201606975271765,0.0,0.0834315684372629,0.0,0.0,0.0,0.0,0.0,0.027393011816314407,0.10422192717980776,0.0,0.0,0.0,0.0,0.042201831670536746,0.013995093886686707,0.0,0.0,0.0
2007-08-24,0.12723048835676543,0.0,0.0,0.10016076553699377,0.0,0.08713253751658284,0.0606219518560498,0.0,0.0,0.0,0.13050680813247323,0.0,0.0,0.08344927120776979,0.0,0.0,0.13801435126191025,0.0,0.08821214184148293,0.0,0.0,0.0,0.0,0.0,0.028858866065927326,0.10016076553699377,0.0,0.0,0.0,0.0,0.037877128199877895,0.01777492448717297,0.0,0.0,0.0
2007-08-31,0.18948468181541972,0.0,0.0,0.08558393907547729,0.0,0.0798091895213596,0.046687407486061136,0.0,0.0,0.0,0.11448867756040515,0.0,0.0,0.06636753255441706,0.0,0.0,0.12073886125360297,0.0,0.11872119379766533,0.0,0.0,0.0,0.0,0.0,0.034091092078382214,0.08558393907547729,0.0,0.0,0.0,0.0,0.03929988176465247,0.01914360401707962,0.0,0.0,0.0
2007-09-07,0.19736998620421525,0.0,0.0,0.08142260538042474,0.0,0.08302140560212645,0.04628779475991196,0.0,0.0,0.0,0.11220609195350309,0.0,0.0,0.0781776580150175,0.0,0.0,0.11229508073771352,0.0,0.12061264592922487,0.0,0.0,0.0,0.0,0.0,0.03312208773707773,0.08142260538042474,0.0,0.0,0.0,0.0,0.033768870155214285,0.020293168145145927,0.0,0.0,0.0
2007-09-14,0.20510882354528387,0.0,0.0,0.07729978584140393,0.0,0.10258217505844985,0.04584385173931793,0.0,0.0,0.0,0.10988039398799708,0.0,0.0,0.0840006572315481,0.0,0.0,0.09749605374574818,0.0,0.1224964400415382,0.0,0.0,0.0,0.0,0.0,0.031974482519039206,0.07729978584140393,0.0,0.0,0.0,0.0,0.027928128781675082,0.01808942166659468,0.0,0.0,0.0
2007-09-21,0.21453815076173766,0.0,0.0,0.07282330417654527,0.0,0.14344691361318193,0.04599922885791761,0.0,0.0,0.0,0.1080220027678626,0.0,0.0,0.07446834110393807,0.0,0.0,0.08435494695642334,0.0,0.1245754958725735,0.0,0.0,0.0,0.0,0.0,0.030811477763030306,0.07282330417654527,0.0,0.0,0.0,0.0,0.028136833950244484,0.0,0.0,0.0,0.0
2007-09-28,0.12402187344980234,0.0,0.0,0.06287411740697688,0.0,0.1407425976470951,0.09996107533821075,0.0,0.0,0.0,0.13086743262259182,0.0,0.0,0.10803074689979353,0.0,0.0,0.06287411740697688,0.0,0.14554060611413033,0.0,0.0,0.0,0.0,0.0,0.025927297256106402,0.06287411740697688,0.0,0.0,0.0,0.0,0.02406939109270103,0.01221662735863801,0.0,0.0,0.0
2007-10-05,0.12221865191033342,0.0,0.0,0.06091908422063328,0.0,0.15315842938889224,0.09965250987913638,0.0,0.0,0.0,0.13001928506400356,0.0,0.0,0.10820215389304812,0.0,0.0,0.06091908422063328,0.0,0.1482687659854295,0.0,0.0,0.0,0.0,0.0,0.02409297264743263,0.06091908422063328,0.0,0.0,0.0,0.0,0.02123555081387429,0.010394427755950026,0.0,0.0,0.0
2007-10-12,0.12141270861087297,0.0,0.0,0.059419415149603264,0.0,0.22132514343472395,0.09996788837468987,0.0,0.0,0.0,0.12978736416100187,0.0,0.0,0.050559553881680666,0.0,0.0,0.06791201323005647,0.0,0.15048318087978166,0.0,0.0,0.0,0.0,0.0,0.015500457834326579,0.059419415149603264,0.0,0.0,0.0,0.0,0.01675080861455932,0.007462050679100109,0.0,0.0,0.0
2007-10-19,0.12184367893416845,0.0,0.0,0.05810986238741239,0.0,0.22754180313196182,0.10074754752924221,0.0,0.0,0.0,0.13001653623462983,0.0,0.0,0.05226215548050078,0.0,0.0,0.05810986238741239,0.0,0.1518572728044654,0.0,0.0,0.0,0.0,0.0,0.016529948546616425,0.05810986238741239,0.0,0.0,0.0,0.0,0.015625823445787394,0.00924564673039057,0.0,0.0,0.0
2007-10-26,0.23389837394918295,0.0,0.0,0.057894674846985524,0.0,0.22923766607976678,0.07284117832404853,0.0,0.0,0.0,0.10201594131299659,0.0,0.0,0.06962589665823878,0.0,0.0,0.027585969395350452,0.0,0.1239989609780307,0.0,0.0,0.0,0.0,0.0,0.01092398200924685,0.057894674846985524,0.0,0.0,0.0,0.0,0.014082681599167299,0.0,0.0,0.0,0.0
2007-11-02,0.23467690534937657,0.0,0.0,0.05771398176526028,0.0,0.22824374273434286,0.07288081979491454,0.0,0.0,0.0,0.10189313279880524,0.0,0.0,0.0706663935752393,0.0,0.0,0.02762585283411876,0.0,0.12394619802820622,0.0,0.0,0.0,0.0,0.0,0.011914888606048552,0.05771398176526028,0.0,0.0,0.0,0.0,0.012724102748427299,0.0,0.0,0.0,0.0
2007-11-09,0.25041346049961666,0.0,0.0,0.054457231511302495,0.0,0.22516350127928317,0.07215925515694145,0.0,0.0,0.0,0.13221860707312205,0.0,0.0,0.059369898419059514,0.0,0.0,0.027039510860527683,0.0,0.12472130368884449,0.0,0.0,0.0,0.0,0.0,0.0,0.054457231511302495,0.0,0.0,0.0,0.0,0.0,0.0,0.0,0.0,0.0
2007-11-16,0.25599324626311676,0.0,0.0,0.05001315911875832,0.0,0.2881403928577315,0.07127762599772572,0.0,0.0,0.0,0.1325792733690219,0.0,0.0,0.0,0.0,0.0,0.02608658503058227,0.0,0.12589655824430535,0.0,0.0,0.0,0.0,0.0,0.0,0.05001315911875832,0.0,0.0,0.0,0.0,0.0,0.0,0.0,0.0,0.0
2007-11-23,0.2569790545333035,0.0,0.0,0.04919546164469616,0.0,0.2884822780500056,0.07115957411428828,0.0,0.0,0.0,0.13301005216158787,0.0,0.0,0.0,0.0,0.0,0.025943648957304766,0.0,0.12603446889411762,0.0,0.0,0.0,0.0,0.0,0.0,0.04919546164469616,0.0,0.0,0.0,0.0,0.0,0.0,0.0,0.0,0.0
2007-11-30,0.2876611719337679,0.0,0.0,0.06209637544893212,0.0,0.15787372867604288,0.045241813423378324,0.0,0.0,0.0,0.11596041951026578,0.0,0.0,0.026541009723914925,0.0,0.0,0.026541009723914925,0.0,0.15340583125102403,0.0,0.0,0.0,0.0,0.0,0.03616028518053745,0.06209637544893212,0.0,0.0,0.0,0.0,0.0,0.02642197967928947,0.0,0.0,0.0
2007-12-07,0.2845101755969365,0.0,0.0,0.06473016192939496,0.0,0.15694601328244193,0.04549261568357215,0.0,0.0,0.0,0.11557082488114959,0.0,0.0,0.026123535088068826,0.0,0.0,0.026123535088068826,0.0,0.15165169812239593,0.0,0.0,0.0,0.0,0.0,0.0347678188499425,0.06473016192939496,0.0,0.0,0.0,0.0,0.0,0.02935345954863391,0.0,0.0,0.0
2007-12-14,0.2953402391525284,0.0,0.0,0.06476460646972486,0.0,0.17809049954829068,0.04554037289661253,0.0,0.0,0.0,0.14774353918600777,0.0,0.0,0.026137493262188807,0.0,0.0,0.026137493262188807,0.0,0.15148114975273336,0.0,0.0,0.0,0.0,0.0,0.0,0.06476460646972486,0.0,0.0,0.0,0.0,0.0,0.0,0.0,0.0,0.0
2007-12-21,0.2841464346500698,0.0,0.0,0.06483098875932321,0.0,0.15637549765859227,0.045592138276146166,0.0,0.0,0.0,0.11575796594117811,0.0,0.0,0.02602909110750616,0.0,0.0,0.02602909110750616,0.0,0.15136707841346564,0.0,0.0,0.0,0.0,0.0,0.017007219839359308,0.06483098875932321,0.0,0.0,0.0,0.0,0.0,0.0480335054875301,0.0,0.0,0.0
2007-12-28,0.17632819300237176,0.0,0.0,0.05466436001054456,0.0,0.21687710589871906,0.10105674412181762,0.0,0.0,0.0,0.18227886176762356,0.0,0.0,0.0,0.0,0.0,0.027828642735617595,0.0,0.18630173245276127,0.0,0.0,0.0,0.0,0.0,0.0,0.05466436001054456,0.0,0.0,0.0,0.0,0.0,0.0,0.0,0.0,0.0
2008-01-04,0.17853789686304844,0.0,0.0,0.05513186010497087,0.0,0.21289851202675225,0.10057258942150933,0.0,0.0,0.0,0.1881843759116386,0.0,0.0,0.0,0.0,0.0,0.028342829945688982,0.0,0.1812000756214206,0.0,0.0,0.0,0.0,0.0,0.0,0.05513186010497087,0.0,0.0,0.0,0.0,0.0,0.0,0.0,0.0,0.0
2008-01-11,0.14468001253595703,0.10857206619424328,0.0,0.05147276536560599,0.0,0.19061444577604186,0.10019557695399414,0.0,0.0,0.0,0.17718876682848908,0.0,0.0,0.0,0.0,0.0,0.0273537723841824,0.0,0.14844982859588005,0.0,0.0,0.0,0.0,0.0,0.0,0.05147276536560599,0.0,0.0,0.0,0.0,0.0,0.0,0.0,0.0,0.0
2008-01-18,0.14462900606918022,0.11324157601738373,0.0,0.04848336707779127,0.0,0.1915030156362519,0.09993068491248239,0.0,0.0,0.0,0.17677941461511926,0.0,0.0,0.0,0.0,0.0,0.026689294340458115,0.0,0.15026027425354183,0.0,0.0,0.0,0.0,0.0,0.0,0.04848336707779127,0.0,0.0,0.0,0.0,0.0,0.0,0.0,0.0,0.0
2008-01-25,0.2596221370141529,0.11797719268566728,0.0,0.019683768764781034,0.0,0.1646034929301855,0.04476127192236937,0.0,0.0,0.0,0.14755658451254566,0.0,0.0,0.025173454077020527,0.0,0.0,0.0,0.0,0.14906695455558128,0.0,0.0,0.0,0.0,0.0,0.0,0.07155514353769639,0.0,0.0,0.0,0.0,0.0,0.0,0.0,0.0,0.0
2008-02-01,0.2619602232340653,0.0777534373415402,0.0,0.018441987717890976,0.0,0.16343541371117803,0.04463995116091412,0.0,0.0,0.0,0.14680199186306375,0.0,0.0,0.025676905736600742,0.0,0.0,0.0,0.0,0.19213217706466526,0.0,0.0,0.0,0.0,0.0,0.0,0.06915791217008158,0.0,0.0,0.0,0.0,0.0,0.0,0.0,0.0,0.0
2008-02-08,0.2624178408801605,0.07660300442456237,0.0,0.018222646966584898,0.0,0.2078695605087305,0.044673227535836704,0.0,0.0,0.0,0.14666024153671936,0.0,0.0,0.025774054063000505,0.0,0.0,0.0,0.0,0.14907545738675693,0.0,0.0,0.0,0.0,0.0,0.0,0.06870396669764808,0.0,0.0,0.0,0.0,0.0,0.0,0.0,0.0,0.0
2008-02-15,0.26289837872453825,0.07249106088783823,0.0,0.017976151016138284,0.0,0.2123281373468583,0.04461567334866502,0.0,0.0,0.0,0.14654532698102174,0.0,0.0,0.02587121607934543,0.0,0.0,0.0,0.0,0.14903743180640067,0.0,0.0,0.0,0.0,0.0,0.0,0.06823662380919412,0.0,0.0,0.0,0.0,0.0,0.0,0.0,0.0,0.0
2008-02-22,0.2632682307384848,0.06914634029293742,0.0,0.017830797573720036,0.0,0.2157829660105094,0.0446361305299041,0.0,0.0,0.0,0.14649689425925605,0.0,0.0,0.025940002488346114,0.0,0.0,0.0,0.0,0.14900376978671964,0.0,0.0,0.0,0.0,0.0,0.0,0.06789486832012254,0.0,0.0,0.0,0.0,0.0,0.0,0.0,0.0,0.0
2008-02-29,0.26353739872503845,0.09493395978379074,0.0,0.0,0.0,0.21613204583115747,0.044626575452507394,0.0,0.0,0.0,0.1463912558256346,0.0,0.0,0.0,0.0,0.0,0.0,0.0,0.16671360833431068,0.0,0.0,0.0,0.0,0.0,0.0,0.06766515604756079,0.0,0.0,0.0,0.0,0.0,0.0,0.0,0.0,0.0
2008-03-07,0.26385404306709903,0.09327845723295079,0.0,0.0,0.0,0.21816821197483238,0.044555634518634105,0.0,0.0,0.0,0.1462467832130308,0.0,0.0,0.0,0.0,0.0,0.0,0.0,0.1665268984342208,0.0,0.0,0.0,0.0,0.0,0.0,0.067369971559232,0.0,0.0,0.0,0.0,0.0,0.0,0.0,0.0,0.0
2008-03-14,0.26426064877742406,0.08960932955599285,0.0,0.0,0.0,0.2223297780448722,0.04445805970224477,0.0,0.0,0.0,0.14611832911742398,0.0,0.0,0.0,0.0,0.0,0.0,0.0,0.1662578459848616,0.0,0.0,0.0,0.0,0.0,0.0,0.06696600881718073,0.0,0.0,0.0,0.0,0.0,0.0,0.0,0.0,0.0
2008-03-21,0.2645861590756488,0.0916238659521558,0.0,0.0,0.0,0.2208561636531731,0.044327482740770204,0.0,0.0,0.0,0.14593374140262277,0.0,0.0,0.0,0.0,0.0,0.0,0.0,0.1660293990673664,0.0,0.0,0.0,0.0,0.0,0.0,0.0666431881082628,0.0,0.0,0.0,0.0,0.0,0.0,0.0,0.0,0.0
2008-03-28,0.26494675022390524,0.026312862107611003,0.0,0.0,0.0,0.18698466497248134,0.04425041959281862,0.0,0.0,0.0,0.19916637954736227,0.0,0.0,0.0,0.0,0.0,0.0,0.0,0.261532958096557,0.0,0.0,0.0,0.0,0.0,0.0,0.016805965459264383,0.0,0.0,0.0,0.0,0.0,0.0,0.0,0.0,0.0
2008-04-04,0.2651891923705514,0.02635440429459311,0.0,0.0,0.0,0.18675093002534648,0.044282489162274646,0.0,0.0,0.0,0.1954499958125172,0.0,0.0,0.0,0.0,0.0,0.0,0.0,0.26524446365500737,0.0,0.0,0.0,0.0,0.0,0.0,0.016728524679709714,0.0,0.0,0.0,0.0,0.0,0.0,0.0,0.0,0.0
2008-04-11,0.2653854983226468,0.02637807426840796,0.0,0.0,0.0,0.18648015192684786,0.04438069054812524,0.0,0.0,0.0,0.19633678978745497,0.0,0.0,0.0,0.0,0.0,0.0,0.0,0.2643116581330522,0.0,0.0,0.0,0.0,0.0,0.0,0.01672713701346505,0.0,0.0,0.0,0.0,0.0,0.0,0.0,0.0,0.0
2008-04-18,0.2655768382989686,0.026399091041596136,0.0,0.0,0.0,0.18622307105187985,0.04448617633739585,0.0,0.0,0.0,0.19192954422648542,0.0,0.0,0.0,0.0,0.0,0.0,0.0,0.26862468652571403,0.0,0.0,0.0,0.0,0.0,0.0,0.016760592517960145,0.0,0.0,0.0,0.0,0.0,0.0,0.0,0.0,0.0
2008-04-25,0.14511334436369028,0.056583540926394706,0.0,0.0,0.0,0.19846462930639686,0.047690583227531405,0.0,0.0,0.0,0.22521923423420845,0.0,0.0,0.0,0.0,0.0,0.0,0.0,0.25115695889560363,0.0,0.0,0.0,0.029345855026907976,0.0,0.0,0.046425854019266646,0.0,0.0,0.0,0.0,0.0,0.0,0.0,0.0,0.0
2008-05-02,0.14499213961975227,0.0565319932642612,0.0,0.0,0.0,0.19824393368540683,0.04794336157117557,0.0,0.0,0.0,0.2308553739925792,0.0,0.0,0.0,0.0,0.0,0.0,0.0,0.24547049158388942,0.0,0.0,0.0,0.02927650865357358,0.0,0.0,0.04668619762936201,0.0,0.0,0.0,0.0,0.0,0.0,0.0,0.0,0.0
2008-05-09,0.14584828383762927,0.05397095081329505,0.0,0.0,0.0,0.19613027364973115,0.051024945879670595,0.0,0.0,0.0,0.23371692217545834,0.0,0.0,0.0,0.0,0.0,0.0,0.0,0.24006927760704014,0.0,0.0,0.0,0.029666394991784174,0.0,0.0,0.0495729510453914,0.0,0.0,0.0,0.0,0.0,0.0,0.0,0.0,0.0
2008-05-16,0.13283317785618004,0.050696755070873054,0.0,0.0,0.0,0.16586292503500494,0.0543962521275249,0.0,0.0,0.0,0.2501146120135376,0.0,0.0,0.0,0.0,0.0,0.0,0.0,0.2347301378556887,0.0,0.0,0.0,0.031095389470634796,0.0,0.0,0.05418817022251726,0.0,0.0,0.0,0.0,0.0,0.026082580348038738,0.0,0.0,0.0
2008-05-23,0.14598065766534168,0.04884611231748169,0.0,0.0,0.0,0.19491683675249313,0.055926928199225,0.0,0.0,0.0,0.22993546088620276,0.0,0.0,0.0,0.0,0.0,0.0,0.0,0.23460140962098128,0.0,0.0,0.0,0.03180424367443671,0.0,0.0,0.05798835088383773,0.0,0.0,0.0,0.0,0.0,0.0,0.0,0.0,0.0
2008-05-30,0.14902477661653776,0.04488746292452684,0.0,0.027440530393721907,0.0,0.186964695585152,0.09904151672489028,0.0,0.0,0.0,0.18494763339377196,0.0,0.0,0.0,0.0,0.0,0.0,0.0,0.22477895753683144,0.0,0.0,0.0,0.027440530393721907,0.0,0.0,0.05547389643084585,0.0,0.0,0.0,0.0,0.0,0.0,0.0,0.0,0.0
2008-06-06,0.15173876616871448,0.04138752687611097,0.0,0.028326735968559055,0.0,0.18482037140955454,0.0984628410951649,0.0,0.0,0.0,0.19326457126911012,0.0,0.0,0.0,0.0,0.0,0.0,0.0,0.21584468345831037,0.0,0.0,0.0,0.028326735968559055,0.0,0.0,0.05782776778591647,0.0,0.0,0.0,0.0,0.0,0.0,0.0,0.0,0.0
2008-06-13,0.15384927157629832,0.038694882257826246,0.0,0.02915531166806166,0.0,0.18336312113127604,0.09785169918204221,0.0,0.0,0.0,0.19911878837032626,0.0,0.0,0.0,0.0,0.0,0.0,0.0,0.20929008418522882,0.0,0.0,0.0,0.02915531166806166,0.0,0.0,0.059521529960878755,0.0,0.0,0.0,0.0,0.0,0.0,0.0,0.0,0.0
2008-06-20,0.15669032253545445,0.03451357349210139,0.0,0.030748647526838088,0.0,0.18160733690288805,0.09693835324506864,0.0,0.0,0.0,0.2048384410121486,0.0,0.0,0.0,0.0,0.0,0.0,0.0,0.20022516601029655,0.0,0.0,0.0,0.030748647526838088,0.0,0.0,0.06368951174836618,0.0,0.0,0.0,0.0,0.0,0.0,0.0,0.0,0.0
2008-06-27,0.16031247878432398,0.0,0.0,0.0,0.0,0.34033930005899066,0.06295743486320296,0.0,0.0,0.0,0.24340385820178867,0.0,0.0,0.0,0.0,0.0,0.0,0.0,0.15762537470595622,0.0,0.0,0.0,0.0,0.0,0.0,0.03536155338573735,0.0,0.0,0.0,0.0,0.0,0.0,0.0,0.0,0.0
2008-07-04,0.16310772945757174,0.0,0.0,0.0,0.0,0.344222061283626,0.06045102284177743,0.0,0.0,0.0,0.237382503893871,0.0,0.0,0.0,0.0,0.0,0.0,0.0,0.1578409800791329,0.0,0.0,0.0,0.0,0.0,0.0,0.03699570244402099,0.0,0.0,0.0,0.0,0.0,0.0,0.0,0.0,0.0
2008-07-11,0.15933854233082367,0.0,0.0,0.0,0.0,0.34512020956259015,0.06220712823118156,0.0,0.0,0.0,0.23215088890971888,0.0,0.0,0.0,0.0,0.0,0.0,0.0,0.1671553616158186,0.0,0.0,0.0,0.0,0.0,0.0,0.034027869349867075,0.0,0.0,0.0,0.0,0.0,0.0,0.0,0.0,0.0
2008-07-18,0.15735014919691895,0.0,0.0,0.0,0.0,0.3405873271496358,0.06400619862128182,0.0,0.0,0.0,0.23434596381309902,0.0,0.0,0.0,0.0,0.0,0.0,0.0,0.17287334684090044,0.0,0.0,0.0,0.0,0.0,0.0,0.030837014378163746,0.0,0.0,0.0,0.0,0.0,0.0,0.0,0.0,0.0
2008-07-25,0.24135270059001107,0.01887011650910453,0.0,0.0,0.0,0.29520593251796196,0.044429761665911546,0.0,0.0,0.0,0.23825777987497726,0.0,0.0,0.0,0.0,0.0,0.0,0.0,0.16188370884203362,0.0,0.0,0.0,0.0,0.0,0.0,0.0,0.0,0.0,0.0,0.0,0.0,0.0,0.0,0.0,0.0
2008-08-01,0.24764158322221372,0.020733861903177345,0.0,0.0,0.0,0.2866042438027211,0.04409014549127439,0.0,0.0,0.0,0.2327285362590264,0.0,0.0,0.0,0.0,0.0,0.0,0.0,0.16820162932158716,0.0,0.0,0.0,0.0,0.0,0.0,0.0,0.0,0.0,0.0,0.0,0.0,0.0,0.0,0.0,0.0
2008-08-08,0.24911808529900134,0.021264714617611438,0.0,0.0,0.0,0.28240866915757434,0.04415283755806746,0.0,0.0,0.0,0.2292549394788837,0.0,0.0,0.0,0.0,0.0,0.0,0.0,0.17380075388886185,0.0,0.0,0.0,0.0,0.0,0.0,0.0,0.0,0.0,0.0,0.0,0.0,0.0,0.0,0.0,0.0
2008-08-15,0.24266643093542975,0.01928399223775537,0.0,0.0,0.0,0.29060529831444837,0.04477684566374844,0.0,0.0,0.0,0.23517327783348912,0.0,0.0,0.0,0.0,0.0,0.0,0.0,0.16749415501512904,0.0,0.0,0.0,0.0,0.0,0.0,0.0,0.0,0.0,0.0,0.0,0.0,0.0,0.0,0.0,0.0
2008-08-22,0.23561713157946912,0.017101801938651556,0.0,0.0,0.0,0.2964511057553701,0.045876499767978404,0.0,0.0,0.0,0.239800127573982,0.0,0.0,0.0,0.0,0.0,0.0,0.0,0.1651533333845488,0.0,0.0,0.0,0.0,0.0,0.0,0.0,0.0,0.0,0.0,0.0,0.0,0.0,0.0,0.0,0.0
2008-08-29,0.11790944261148681,0.04253734595993151,0.0,0.0,0.0,0.16094836441962102,0.13486429700578056,0.0,0.0,0.0,0.17276226978003495,0.0,0.0,0.0,0.0,0.0,0.0,0.0,0.37097828022314516,0.0,0.0,0.0,0.0,0.0,0.0,0.0,0.0,0.0,0.0,0.0,0.0,0.0,0.0,0.0,0.0
2008-09-05,0.11409499788209437,0.04524902753974619,0.0,0.0,0.0,0.16159780827322276,0.10871336496931021,0.0,0.0,0.0,0.1968412556266757,0.0,0.0,0.0,0.0,0.0,0.0,0.0,0.37350354570895083,0.0,0.0,0.0,0.0,0.0,0.0,0.0,0.0,0.0,0.0,0.0,0.0,0.0,0.0,0.0,0.0
2008-09-12,0.10746149420977974,0.05026410366091802,0.0,0.0,0.0,0.16476365936325232,0.10663168153952624,0.0,0.0,0.0,0.19279905205301945,0.0,0.0,0.0,0.0,0.0,0.0,0.0,0.37808000917350415,0.0,0.0,0.0,0.0,0.0,0.0,0.0,0.0,0.0,0.0,0.0,0.0,0.0,0.0,0.0,0.0
2008-09-19,0.10050986228917916,0.05616747904880923,0.0,0.0,0.0,0.1695840067905587,0.10474713855856564,0.0,0.0,0.0,0.1843678357390509,0.0,0.0,0.0,0.0,0.0,0.0,0.0,0.3846236775738364,0.0,0.0,0.0,0.0,0.0,0.0,0.0,0.0,0.0,0.0,0.0,0.0,0.0,0.0,0.0,0.0
2008-09-26,0.2516001073799349,0.0214222694362184,0.0,0.0,0.0,0.11346815947315099,0.043863871381379635,0.0,0.0,0.0,0.20632810826648945,0.0,0.0,0.0,0.0,0.0,0.0,0.0,0.27632371805766326,0.0,0.0,0.0,0.0869937660051634,0.0,0.0,0.0,0.0,0.0,0.0,0.0,0.0,0.0,0.0,0.0,0.0
2008-10-03,0.2566627632938057,0.023163990491779814,0.0,0.0,0.0,0.11344669351510467,0.043449802296576814,0.0,0.0,0.0,0.19734745448025426,0.0,0.0,0.0,0.0,0.0,0.0,0.0,0.28311441108825564,0.0,0.0,0.0,0.08281488483422314,0.0,0.0,0.0,0.0,0.0,0.0,0.0,0.0,0.0,0.0,0.0,0.0
2008-10-10,0.26109605343107684,0.024644293960768372,0.0,0.0,0.0,0.11332531139089685,0.04313200889236263,0.0,0.0,0.0,0.1975098438844332,0.0,0.0,0.0,0.0,0.0,0.0,0.0,0.28094169133060587,0.0,0.0,0.0,0.07935079710985618,0.0,0.0,0.0,0.0,0.0,0.0,0.0,0.0,0.0,0.0,0.0,0.0
2008-10-17,0.2652516663625397,0.026127675066616916,0.0,0.0,0.0,0.1441225101322553,0.04292521814717788,0.0,0.0,0.0,0.1631808127214465,0.0,0.0,0.0,0.0,0.0,0.0,0.0,0.28241709222732153,0.0,0.0,0.0,0.07597502534264226,0.0,0.0,0.0,0.0,0.0,0.0,0.0,0.0,0.0,0.0,0.0,0.0
2008-10-24,0.2688606493254343,0.02762782922811739,0.0,0.0,0.0,0.14476638493253374,0.042845337937217176,0.0,0.0,0.0,0.1546727489992057,0.0,0.0,0.0,0.0,0.0,0.0,0.0,0.2878649653100015,0.0,0.0,0.0,0.0733620842674902,0.0,0.0,0.0,0.0,0.0,0.0,0.0,0.0,0.0,0.0,0.0,0.0
2008-10-31,0.2840807598976041,0.0286886578381415,0.0,0.0,0.0,0.14342855394158985,0.04300782164787497,0.0,0.0,0.0,0.13612069499342874,0.0,0.0,0.0,0.0,0.0,0.0,0.0,0.3646735116813609,0.0,0.0,0.0,0.0,0.0,0.0,0.0,0.0,0.0,0.0,0.0,0.0,0.0,0.0,0.0,0.0
2008-11-07,0.28553006591436425,0.029472574854998004,0.0,0.0,0.0,0.15284814348084297,0.0433821005753431,0.0,0.0,0.0,0.13287479750200404,0.0,0.0,0.0,0.0,0.0,0.0,0.0,0.35589231767244767,0.0,0.0,0.0,0.0,0.0,0.0,0.0,0.0,0.0,0.0,0.0,0.0,0.0,0.0,0.0,0.0
2008-11-14,0.2861748352790623,0.03002416944993099,0.0,0.0,0.0,0.15496060534131434,0.043486144349779654,0.0,0.0,0.0,0.13026304229053454,0.0,0.0,0.0,0.0,0.0,0.0,0.0,0.35509120328937827,0.0,0.0,0.0,0.0,0.0,0.0,0.0,0.0,0.0,0.0,0.0,0.0,0.0,0.0,0.0,0.0
2008-11-21,0.28632069217115,0.030146737380436953,0.0,0.0,0.0,0.15707909211414964,0.04347917354775273,0.0,0.0,0.0,0.12965473615297168,0.0,0.0,0.0,0.0,0.0,0.0,0.0,0.3533195686335391,0.0,0.0,0.0,0.0,0.0,0.0,0.0,0.0,0.0,0.0,0.0,0.0,0.0,0.0,0.0,0.0
2008-11-28,0.29768455358642687,0.0,0.0,0.0,0.0,0.1755995521279452,0.04346290672026399,0.0,0.0,0.0,0.12910032702703778,0.0,0.0,0.0,0.0,0.0,0.0,0.0,0.35415266053832617,0.0,0.0,0.0,0.0,0.0,0.0,0.0,0.0,0.0,0.0,0.0,0.0,0.0,0.0,0.0,0.0
2008-12-05,0.2977301630438055,0.0,0.0,0.0,0.0,0.17758799209521786,0.04345315861823741,0.0,0.0,0.0,0.12857118358687514,0.0,0.0,0.0,0.0,0.0,0.0,0.0,0.35265750265586404,0.0,0.0,0.0,0.0,0.0,0.0,0.0,0.0,0.0,0.0,0.0,0.0,0.0,0.0,0.0,0.0
2008-12-12,0.2977318506176087,0.0,0.0,0.0,0.0,0.1786471688214703,0.04342261122074642,0.0,0.0,0.0,0.12818091284759003,0.0,0.0,0.0,0.0,0.0,0.0,0.0,0.3520174564925846,0.0,0.0,0.0,0.0,0.0,0.0,0.0,0.0,0.0,0.0,0.0,0.0,0.0,0.0,0.0,0.0
2008-12-19,0.2976383415268997,0.0,0.0,0.0,0.0,0.18208708889268546,0.043379437482116534,0.0,0.0,0.0,0.12801665144852065,0.0,0.0,0.0,0.0,0.0,0.0,0.0,0.3488784806497775,0.0,0.0,0.0,0.0,0.0,0.0,0.0,0.0,0.0,0.0,0.0,0.0,0.0,0.0,0.0,0.0
2008-12-26,0.2968146236997935,0.030283669069555385,0.0,0.0,0.0,0.10002006837785558,0.043312080036055446,0.0,0.0,0.0,0.18354135347651723,0.0,0.0,0.0,0.0,0.0,0.0,0.0,0.3460282053402229,0.0,0.0,0.0,0.0,0.0,0.0,0.0,0.0,0.0,0.0,0.0,0.0,0.0,0.0,0.0,0.0
2009-01-02,0.29619221667511064,0.03014833083885777,0.0,0.0,0.0,0.10017879518297026,0.04336406565034648,0.0,0.0,0.0,0.18458309025723418,0.0,0.0,0.0,0.0,0.0,0.0,0.0,0.3455335013954806,0.0,0.0,0.0,0.0,0.0,0.0,0.0,0.0,0.0,0.0,0.0,0.0,0.0,0.0,0.0,0.0
2009-01-09,0.2956516804246534,0.03003737075370626,0.0,0.0,0.0,0.10034597791635139,0.04339147478950099,0.0,0.0,0.0,0.18802042168262795,0.0,0.0,0.0,0.0,0.0,0.0,0.0,0.34255307443315997,0.0,0.0,0.0,0.0,0.0,0.0,0.0,0.0,0.0,0.0,0.0,0.0,0.0,0.0,0.0,0.0
2009-01-16,0.29547211278357477,0.029924347361602405,0.0,0.0,0.0,0.10040003997172253,0.0434011142667776,0.0,0.0,0.0,0.19310594225932579,0.0,0.0,0.0,0.0,0.0,0.0,0.0,0.3376964433569969,0.0,0.0,0.0,0.0,0.0,0.0,0.0,0.0,0.0,0.0,0.0,0.0,0.0,0.0,0.0,0.0
2009-01-23,0.2951232121931645,0.02927677800088448,0.0,0.0,0.0,0.10062282726246642,0.04337121477188986,0.0,0.0,0.0,0.19522125104259233,0.0,0.0,0.0,0.0,0.0,0.0,0.0,0.3363847167290024,0.0,0.0,0.0,0.0,0.0,0.0,0.0,0.0,0.0,0.0,0.0,0.0,0.0,0.0,0.0,0.0
2009-01-30,0.16164111997286879,0.0,0.0,0.0,0.06240715153592976,0.16929426917692683,0.07652299764973425,0.0,0.0,0.0,0.2321281395456685,0.0,0.0,0.0,0.0,0.0,0.0,0.0,0.2980063221188718,0.0,0.0,0.0,0.0,0.0,0.0,0.0,0.0,0.0,0.0,0.0,0.0,0.0,0.0,0.0,0.0
2009-02-06,0.16225680190908215,0.0,0.0,0.0,0.06208407613370715,0.16941512115036486,0.07631813527713427,0.0,0.0,0.0,0.23262207698822476,0.0,0.0,0.0,0.0,0.0,0.0,0.0,0.2973037885414869,0.0,0.0,0.0,0.0,0.0,0.0,0.0,0.0,0.0,0.0,0.0,0.0,0.0,0.0,0.0,0.0
2009-02-13,0.16281400929642206,0.0,0.0,0.0,0.06178546013254701,0.16951416840807632,0.07615221236572275,0.0,0.0,0.0,0.2329173549752485,0.0,0.0,0.0,0.0,0.0,0.0,0.0,0.2968167948219835,0.0,0.0,0.0,0.0,0.0,0.0,0.0,0.0,0.0,0.0,0.0,0.0,0.0,0.0,0.0,0.0
2009-02-20,0.16285439344829367,0.0,0.0,0.0,0.06167796432196057,0.1695845803684759,0.07604574772842797,0.0,0.0,0.0,0.23430344085290664,0.0,0.0,0.0,0.0,0.0,0.0,0.0,0.2955338732799355,0.0,0.0,0.0,0.0,0.0,0.0,0.0,0.0,0.0,0.0,0.0,0.0,0.0,0.0,0.0,0.0
2009-02-27,0.29372164115503846,0.0,0.0,0.0,0.02878310640265517,0.1698496631281058,0.042985883606100506,0.0,0.0,0.0,0.20620789904717962,0.0,0.0,0.0,0.0,0.0,0.0,0.0,0.2584518066609206,0.0,0.0,0.0,0.0,0.0,0.0,0.0,0.0,0.0,0.0,0.0,0.0,0.0,0.0,0.0,0.0
2009-03-06,0.2929836829244593,0.0,0.0,0.0,0.028784914260171088,0.17016425382958916,0.04279066862772535,0.0,0.0,0.0,0.2033177044673995,0.0,0.0,0.0,0.0,0.0,0.0,0.0,0.26195877589065547,0.0,0.0,0.0,0.0,0.0,0.0,0.0,0.0,0.0,0.0,0.0,0.0,0.0,0.0,0.0,0.0
2009-03-13,0.2924136435101611,0.0,0.0,0.0,0.028799854139658715,0.17043278303069603,0.042598564474195154,0.0,0.0,0.0,0.19909787787280392,0.0,0.0,0.0,0.0,0.0,0.0,0.0,0.2666572769724852,0.0,0.0,0.0,0.0,0.0,0.0,0.0,0.0,0.0,0.0,0.0,0.0,0.0,0.0,0.0,0.0
2009-03-20,0.2918696335019195,0.0,0.0,0.0,0.028814676280051185,0.24247072051391286,0.042451583402246376,0.0,0.0,0.0,0.13385398083749434,0.0,0.0,0.0,0.0,0.0,0.0,0.0,0.2605394054643758,0.0,0.0,0.0,0.0,0.0,0.0,0.0,0.0,0.0,0.0,0.0,0.0,0.0,0.0,0.0,0.0
2009-03-27,0.2800889224246802,0.0,0.0,0.0,0.0,0.2865353102855624,0.042341044360891644,0.0,0.0,0.0,0.13360103080176441,0.0,0.0,0.0,0.0,0.0,0.0,0.0,0.2574336921271013,0.0,0.0,0.0,0.0,0.0,0.0,0.0,0.0,0.0,0.0,0.0,0.0,0.0,0.0,0.0,0.0
2009-04-03,0.2797572685967972,0.0,0.0,0.0,0.0,0.2872624671202427,0.042278263411727385,0.0,0.0,0.0,0.1334322065472922,0.0,0.0,0.0,0.0,0.0,0.0,0.0,0.2572697943239405,0.0,0.0,0.0,0.0,0.0,0.0,0.0,0.0,0.0,0.0,0.0,0.0,0.0,0.0,0.0,0.0
2009-04-10,0.2795434475908386,0.0,0.0,0.0,0.0,0.2821945353410454,0.042302784976739706,0.0,0.0,0.0,0.13337780808252517,0.0,0.0,0.0,0.0,0.0,0.0,0.0,0.2625814240088512,0.0,0.0,0.0,0.0,0.0,0.0,0.0,0.0,0.0,0.0,0.0,0.0,0.0,0.0,0.0,0.0
2009-04-17,0.27990641420528506,0.0,0.0,0.0,0.0,0.2879910454595047,0.042953025172335055,0.0,0.0,0.0,0.13610391532256486,0.0,0.0,0.0,0.0,0.0,0.0,0.0,0.2530455998403104,0.0,0.0,0.0,0.0,0.0,0.0,0.0,0.0,0.0,0.0,0.0,0.0,0.0,0.0,0.0,0.0
2009-04-24,0.1557526910850311,0.0,0.0,0.0,0.0,0.28944643253493746,0.12219513683668617,0.0,0.0,0.0,0.17294489057246232,0.0,0.0,0.0,0.0,0.0,0.0,0.0,0.25966084897088304,0.0,0.0,0.0,0.0,0.0,0.0,0.0,0.0,0.0,0.0,0.0,0.0,0.0,0.0,0.0,0.0
2009-05-01,0.15886599306432478,0.0,0.0,0.0,0.0,0.2761112804098337,0.12287984579939307,0.0,0.0,0.0,0.17558445676866055,0.0,0.0,0.0,0.0,0.0,0.0,0.0,0.266558423957788,0.0,0.0,0.0,0.0,0.0,0.0,0.0,0.0,0.0,0.0,0.0,0.0,0.0,0.0,0.0,0.0
2009-05-08,0.1637361422854436,0.0,0.0,0.0,0.0,0.21713608853630423,0.12363521763266133,0.0,0.0,0.0,0.23555855743749315,0.0,0.0,0.0,0.0,0.0,0.0,0.0,0.2599339941080977,0.0,0.0,0.0,0.0,0.0,0.0,0.0,0.0,0.0,0.0,0.0,0.0,0.0,0.0,0.0,0.0
2009-05-15,0.16894008084787562,0.0,0.0,0.0,0.0,0.27138546902473754,0.1255150339501598,0.0,0.0,0.0,0.23921837177044203,0.0,0.0,0.0,0.0,0.0,0.0,0.0,0.194941044406785,0.0,0.0,0.0,0.0,0.0,0.0,0.0,0.0,0.0,0.0,0.0,0.0,0.0,0.0,0.0,0.0
2009-05-22,0.17428232408030425,0.0,0.0,0.0,0.0,0.215173691868411,0.12612590156199777,0.0,0.0,0.0,0.24562300704067394,0.0,0.0,0.0,0.0,0.0,0.0,0.0,0.23879507544861311,0.0,0.0,0.0,0.0,0.0,0.0,0.0,0.0,0.0,0.0,0.0,0.0,0.0,0.0,0.0,0.0
2009-05-29,0.20574950388866398,0.0,0.0,0.0425772150559442,0.0,0.21203668481748264,0.11239841220843108,0.0,0.0,0.0,0.24764264119830084,0.0,0.0,0.0,0.0,0.0,0.0,0.0,0.1370183277752331,0.0,0.0,0.0,0.0,0.0,0.0,0.0425772150559442,0.0,0.0,0.0,0.0,0.0,0.0,0.0,0.0,0.0
2009-06-05,0.18829011200436913,0.0,0.0,0.04277923411758842,0.0,0.20992321876558204,0.1126721675953141,0.0,0.0,0.0,0.28264915985672384,0.0,0.0,0.011873234777442017,0.0,0.0,0.0,0.0,0.09594116304173042,0.0,0.0,0.0,0.0,0.0,0.0,0.04277923411758842,0.0,0.0,0.0,0.0,0.013092475723661673,0.0,0.0,0.0,0.0
2009-06-12,0.18416674711039716,0.0,0.0,0.04412652652370192,0.0,0.21736456834212245,0.11189836905036779,0.0,0.0,0.0,0.28913793185877923,0.0,0.0,0.0,0.0,0.0,0.0,0.0,0.0930746627237969,0.0,0.0,0.0,0.0,0.0,0.0,0.04412652652370192,0.0,0.0,0.0,0.0,0.010785902252006953,0.005318765615125741,0.0,0.0,0.0
2009-06-19,0.18179380913158535,0.0,0.0,0.045447232505981504,0.0,0.17803921360199307,0.11139423863834366,0.0,0.0,0.0,0.3165586175665341,0.0,0.0,0.0,0.0,0.0,0.0,0.0,0.09121412368392315,0.0,0.0,0.0,0.0,0.0,0.0,0.045447232505981504,0.0,0.0,0.0,0.0,0.015716559342200044,0.005938907313086899,0.0,0.008450065710370745,0.0
2009-06-26,0.07266487284234445,0.0,0.0,0.03738824118719285,0.0,0.24378994292056205,0.11724233827303492,0.0,0.0,0.0,0.32907253905660977,0.0,0.0,0.0,0.0,0.0,0.03738824118719285,0.0,0.10673770256976506,0.0,0.0,0.0,0.0,0.0,0.0,0.03738824118719285,0.0,0.0,0.0,0.0,0.011806620060353058,0.006521260715752095,0.0,0.0,0.0
2009-07-03,0.02889198421558038,0.0,0.0187060321276362,0.03884170222815088,0.0,0.2066832811958756,0.09117401724330874,0.0,0.0,0.0,0.26592426972276273,0.0,0.0,0.058605976251840414,0.0,0.0,0.03884170222815088,0.0,0.13955606430023287,0.0,0.0,0.0,0.0,0.0,0.0,0.06049997847242015,0.0,0.0,0.0,0.0,0.05227499201404107,0.0,0.0,0.0,0.0
2009-07-10,0.0319987414306749,0.0,0.0210242672750926,0.03991180195393574,0.0,0.2409549301815238,0.10292196121124247,0.0,0.0,0.0,0.2467252058570104,0.0,0.0,0.04939481364245252,0.0,0.0,0.03991180195393574,0.0,0.13563716484584082,0.0,0.0,0.0,0.0,0.0,0.0,0.06225042946510731,0.0,0.0,0.0,0.0,0.02926888218318364,0.0,0.0,0.0,0.0
2009-07-17,0.03480348873388281,0.0,0.022658259380998285,0.041060018755093054,0.0,0.1981238049039473,0.10660309519089833,0.0,0.0,0.0,0.2484603140635856,0.0,0.0,0.057539642457334714,0.0,0.0,0.041060018755093054,0.0,0.1316112290564237,0.0,0.0,0.0,0.0,0.0,0.0,0.06688906145902582,0.0,0.0,0.0,0.0,0.05119106724371733,0.0,0.0,0.0,0.0
2009-07-24,0.03799468982339279,0.0,0.026138314096901413,0.0425877567006647,0.0,0.20381471474610052,0.09992413290376403,0.0,0.0,0.0,0.24074567806011787,0.0,0.0,0.05886456385278774,0.0,0.0,0.0425877567006647,0.0,0.12746610836355124,0.0,0.0,0.0,0.0,0.0,0.0,0.0701958815346524,0.0,0.0,0.0,0.0,0.049680403217402615,0.0,0.0,0.0,0.0
2009-07-31,0.023732007607175046,0.0,0.04924671779388617,0.03674099276889228,0.0,0.21132233020147853,0.06616730276658753,0.0,0.0,0.0,0.25238388912492143,0.0,0.0,0.09668123163667977,0.0,0.0,0.03674099276889228,0.0,0.045897884195134686,0.0,0.0,0.0,0.03674099276889228,0.0,0.0,0.0870007099582573,0.0,0.0,0.0,0.0,0.05734494840920257,0.0,0.0,0.0,0.0
2009-08-07,0.0,0.0,0.051879883705260775,0.03689928995843036,0.0,0.21114888896564807,0.06336366741281586,0.0,0.0,0.0,0.2548088404446255,0.0,0.0,0.10568553572553753,0.0,0.0,0.03689928995843036,0.0,0.04797128403909582,0.0,0.0,0.0,0.03689928995843036,0.0,0.0,0.09407521699572415,0.0,0.0,0.0,0.0,0.06036881283600107,0.0,0.0,0.0,0.0
2009-08-14,0.0,0.0,0.04304320996220881,0.03726218980376943,0.0,0.2063718884786993,0.061241309697094175,0.0,0.0,0.0,0.23024240984641808,0.0,0.0,0.11979280199199019,0.0,0.0,0.03726218980376943,0.0,0.0497779856022446,0.0,0.0,0.0,0.03726218980376943,0.0,0.0,0.08631887549452788,0.0,0.0,0.0,0.0,0.09142494951550845,0.0,0.0,0.0,0.0
2009-08-21,0.0,0.0,0.04205093981279602,0.037624095803730905,0.0,0.15922959121916952,0.05950810162489213,0.0,0.0,0.0,0.22786239009237044,0.0,0.0,0.16134947339252456,0.0,0.0,0.037624095803730905,0.0,0.051271116478686554,0.0,0.0,0.0,0.037624095803730905,0.0,0.0,0.08695883728627313,0.0,0.0,0.0,0.0,0.09889726268209481,0.0,0.0,0.0,0.0
2009-08-28,0.05024660133244482,0.0,0.018003025112995372,0.03841526493134537,0.0,0.176018171924776,0.05790474464919227,0.0,0.0,0.0,0.26573913776241387,0.0,0.0,0.041797300231208465,0.0,0.0,0.03841526493134537,0.0,0.12020246910314912,0.0,0.0,0.012727743981881553,0.03841526493134537,0.0,0.04290822832289306,0.05908212667072972,0.0,0.0,0.0,0.0,0.04012465611427932,0.0,0.0,0.0,0.0
2009-09-04,0.05222758046082136,0.0,0.0,0.03880948830599361,0.0,0.1542585193660242,0.07976331110752116,0.0,0.0,0.0,0.25028146249664307,0.0,0.0,0.04527771861469026,0.0,0.0,0.03880948830599361,0.0,0.10243830420235678,0.0,0.0,0.0,0.03880948830599361,0.0,0.07461479220754175,0.03880948830599361,0.0,0.0,0.01901654694906674,0.0,0.0367966094960187,0.0,0.0,0.030087201875341422,0.0
2009-09-11,0.0534046418550221,0.0,0.039781329717550856,0.038962398797275165,0.0,0.151106824664178,0.07259176208902562,0.0,0.0,0.0,0.2601555378111759,0.0,0.0,0.02374420606513692,0.0,0.0,0.06549463354251159,0.0,0.10313739245877061,0.0,0.0,0.0,0.038962398797275165,0.0,0.0,0.08369029248669006,0.0,0.0,0.0,0.0,0.019917710979950317,0.0,0.0,0.0490508707354375,0.0
2009-09-18,0.0533436439008569,0.0,0.03690323912295578,0.03906006350730887,0.0,0.16885845882181397,0.05502968397392412,0.0,0.0,0.0,0.27526683796543944,0.0,0.0,0.023170966413972573,0.0,0.0,0.03906006350730887,0.0,0.11728440870913476,0.0,0.0,0.0,0.03906006350730887,0.0,0.0,0.08256126845781256,0.0,0.0,0.02444933487462448,0.0,0.0,0.04595196723753867,0.0,0.0,0.0
2009-09-25,0.05368379046967066,0.0,0.03578061541547464,0.03903569203384869,0.0,0.16036303133379448,0.07656265015812869,0.0,0.0,0.0,0.2802616308468551,0.0,0.0,0.020614702958290133,0.0,0.0,0.03903569203384869,0.0,0.08729311955601399,0.0,0.0,0.0,0.03903569203384869,0.0,0.0,0.09896096591815348,0.0,0.0,0.028178330397637254,0.0,0.0,0.041194086844435436,0.0,0.0,0.0
2009-10-02,0.0,0.0,0.05872877411473709,0.03897872428538092,0.0,0.15269315649124388,0.07354229009330565,0.0,0.0,0.0,0.255929272950101,0.0,0.0,0.11488272549013903,0.0,0.0,0.03897872428538092,0.0,0.05654914583565938,0.0,0.0,0.0,0.03897872428538092,0.0,0.0,0.13177594156385414,0.0,0.0,0.038962520604816954,0.0,0.0,0.0,0.0,0.0,0.0
2009-10-09,0.05553393732309333,0.0,0.04014364308577265,0.03903886955505128,0.0,0.14804599738096857,0.05228847276475264,0.0,0.0,0.0,0.23050073915537084,0.0,0.0,0.1488602923665119,0.0,0.0,0.03903886955505128,0.0,0.09193773315608386,0.0,0.0,0.0,0.03903886955505128,0.0,0.0,0.09845972634591962,0.0,0.0,0.017112849756372603,0.0,0.0,0.0,0.0,0.0,0.0
2009-10-16,0.0,0.0,0.06954341356559161,0.03921676079089515,0.0,0.11926345841107969,0.07158562348353686,0.0,0.0,0.0,0.18359456656381612,0.0,0.0,0.155947326436207,0.0,0.0,0.05143600897235395,0.0,0.05888442181320636,0.0,0.0,0.0,0.03921676079089515,0.0,0.04953309759668644,0.13401405504036404,0.0,0.0,0.02776450653536753,0.0,0.0,0.0,0.0,0.0,0.0
2009-10-23,0.0,0.0,0.07902531400559955,0.039209684712419646,0.0,0.11914565481153362,0.06947901937377951,0.0,0.0,0.0,0.15818230328289815,0.0,0.0,0.13738688335060079,0.0,0.0,0.039209684712419646,0.0,0.05926236415696846,0.0,0.0,0.0,0.039209684712419646,0.0,0.0419246012094582,0.13908208269753375,0.0,0.0,0.01922828655149745,0.0,0.05965443642287147,0.0,0.0,0.0,0.0
2009-10-30,0.05600298114353431,0.0,0.04453007214678548,0.0988963163738919,0.0,0.04701781285479115,0.11130848876672919,0.0,0.0,0.0,0.084821370307403,0.0,0.0,0.13949241391835393,0.0,0.0,0.039262223055954996,0.0,0.033601788686120584,0.0,0.0,0.02745528132296933,0.039262223055954996,0.0,0.035431818272604616,0.15862727832063322,0.0,0.0,0.016261526622775975,0.0,0.06802840515149716,0.0,0.0,0.0,0.0
2009-11-06,0.0,0.0,0.05746969781054693,0.09956967045607479,0.0,0.10905204927912623,0.12786006898659547,0.0,0.0,0.0,0.10487213412254809,0.0,0.0,0.1047587982803505,0.0,0.0,0.039249716873946044,0.0,0.0,0.0,0.0,0.012141156890469768,0.039249716873946044,0.0,0.0,0.20312682377013488,0.0,0.0,0.0,0.0,0.10265016665626107,0.0,0.0,0.0,0.0
2009-11-13,0.05619318397025435,0.0,0.03364875070738298,0.1002298427238576,0.0,0.1004570267402392,0.1121127248112023,0.0,0.0,0.0,0.09334690590347941,0.0,0.0,0.04675804503273609,0.0,0.0,0.03917081891788155,0.0,0.03371591038215261,0.0,0.0,0.011882882087344693,0.03917081891788155,0.0,0.05054842833165495,0.1523725081875419,0.0,0.0,0.0,0.0,0.13039215328639064,0.0,0.0,0.0,0.0
2009-11-20,0.05628006359424068,0.0,0.03870074175825806,0.10084333379915575,0.0,0.04630836836640853,0.12622003140635477,0.0,0.0,0.0,0.08888488023152735,0.0,0.0,0.047047563531557375,0.0,0.0,0.058020403936822826,0.0,0.03376803815654441,0.0,0.0,0.011631335567877842,0.039183261908655585,0.0,0.06182340485653984,0.15415743067709503,0.0,0.0,0.0,0.0,0.13713114220896175,0.0,0.0,0.0,0.0
2009-11-27,0.0,0.0,0.061862349251071154,0.11281936757606414,0.0,0.06124894203955939,0.06627432907257833,0.0,0.0,0.0,0.03303100712702699,0.0,0.0,0.06328605422490063,0.0,0.0,0.061995980091392386,0.0,0.0,0.0,0.0,0.011415252078694687,0.10140411549736947,0.0,0.07410130294279817,0.1818309333813941,0.0,0.0,0.0,0.0,0.1707303667171504,0.0,0.0,0.0,0.0
2009-12-04,0.056435230660786206,0.0,0.033106292454663865,0.11316821569608598,0.0,0.07120469772309593,0.06742904406328235,0.0,0.0,0.0,0.09538544094633984,0.0,0.0,0.046085760706275125,0.0,0.0,0.03912345927413102,0.0,0.03386113839647172,0.0,0.0,0.01120446845078974,0.10196374724529625,0.0,0.05570930433137328,0.15258715653525554,0.0,0.0,0.0,0.0,0.12273604351615307,0.0,0.0,0.0,0.0
2009-12-11,0.05650609043072017,0.0,0.04149819339295255,0.11361234610440739,0.0,0.09837461973426129,0.06554383366723829,0.0,0.0,0.0,0.07411723354270984,0.0,0.0,0.0382439389222813,0.0,0.0,0.03927015429848377,0.0,0.0339036542584321,0.0,0.0,0.01099774104147804,0.10261460506292935,0.0,0.05198029018937325,0.15538004830914037,0.0,0.0,0.0,0.0,0.11795725104559202,0.0,0.0,0.0,0.0
2009-12-18,0.05657225440305531,0.0,0.035575337201242355,0.11385401330682368,0.0,0.06611938660417119,0.06691419990187139,0.0,0.0,0.0,0.03252759380530831,0.0,0.0,0.039066880389223235,0.0,0.0,0.0724960401583589,0.0,0.03394335264183318,0.0,0.0,0.01080731271968311,0.10304670058714058,0.0,0.07656113397054538,0.15522477563250614,0.0,0.0,0.0,0.0,0.13729101867823695,0.0,0.0,0.0,0.0
2009-12-25,0.056635254628792854,0.0,0.029941289026463532,0.039134184762843964,0.0,0.15405660937304405,0.1338924361188996,0.0,0.0,0.0,0.03243243678847579,0.0,0.0,0.040772254377997474,0.0,0.0,0.07569230598467556,0.0,0.03398115277727571,0.0,0.0,0.0,0.039134184762843964,0.0,0.07861075512126893,0.15304898643126372,0.0,0.0,0.0,0.0,0.1326681498461548,0.0,0.0,0.0,0.0
2010-01-01,0.05669285207587617,0.0,0.03045253997195678,0.039083161309519165,0.0,0.16014520804013882,0.13101156088727817,0.0,0.0,0.0,0.03234623004683621,0.0,0.0,0.04097403323790229,0.0,0.0,0.07415550511432956,0.0,0.0340157112455257,0.0,0.0,0.0,0.039083161309519165,0.0,0.07542718661309557,0.14643867218672849,0.0,0.0,0.0,0.0,0.14017417796129367,0.0,0.0,0.0,0.0
2010-01-08,0.05674662689773544,0.0,0.029679416406020866,0.0391012469605333,0.0,0.12723431620757264,0.1322626282552905,0.0,0.0,0.0,0.032241083526173525,0.0,0.0,0.04460836611258062,0.0,0.0,0.0848192564728868,0.0,0.034047976138641266,0.0,0.0,0.0,0.0391012469605333,0.0,0.08324157342256801,0.14775735241252191,0.0,0.0,0.0,0.0,0.1491589102269417,0.0,0.0,0.0,0.0
2010-01-15,0.05679683123580606,0.0,0.029912590937156845,0.03914538834064302,0.0,0.12041038328244286,0.11446407299465271,0.0,0.0,0.0,0.032169791368235195,0.0,0.0,0.13591255560820065,0.0,0.0,0.08262176696137938,0.0,0.03407809874148363,0.0,0.0,0.0,0.03914538834064302,0.0,0.05260864912187867,0.14463227975865464,0.0,0.0,0.0,0.0,0.11810220330882307,0.0,0.0,0.0,0.0
2010-01-22,0.05684370079126147,0.0,0.0,0.039159647556868404,0.0,0.12050212087346121,0.13009050205586326,0.0,0.0,0.0,0.0320673491634993,0.0,0.0,0.05031507001480272,0.0,0.0,0.09791912964118829,0.0,0.03410622047475688,0.0,0.0,0.0,0.039159647556868404,0.0,0.0975362603208,0.14211498874111617,0.0,0.0,0.0,0.0,0.16018536280951362,0.0,0.0,0.0,0.0
2010-01-29,0.0667079299452369,0.0,0.0,0.10504099133263717,0.0,0.05229061906811146,0.054526302701484425,0.0,0.0,0.0,0.03196183832810832,0.0,0.0,0.06345990728832106,0.0,0.0,0.10302234099020022,0.0,0.03413299270648608,0.0,0.0,0.0,0.11240569790845725,0.0,0.10553440802820382,0.11240569790845725,0.0,0.0,0.0,0.0,0.1259129209509202,0.03259835284337588,0.0,0.0,0.0
2010-02-05,0.06666869895127407,0.0,0.02746251511687816,0.10543772115283932,0.0,0.052207816444836214,0.05256173828766866,0.0,0.0,0.0,0.03181243626031888,0.0,0.0,0.052752706965411844,0.0,0.0,0.12829711445547562,0.0,0.03417095381899372,0.0,0.0,0.0,0.11272555309255272,0.0,0.11514423868097749,0.14851651650359646,0.0,0.0,0.0,0.0,0.07224199026917667,0.0,0.0,0.0,0.0
2010-02-12,0.06667180161833952,0.0,0.0,0.10562963315934873,0.0,0.05207587967577812,0.0924292353596873,0.0,0.0,0.0,0.03173016132904244,0.0,0.0,0.19386218471712582,0.0,0.0,0.09529285522808655,0.0,0.03422566504345275,0.0,0.0,0.0,0.11285140306878744,0.0,0.10237977773156373,0.11285140306878744,0.0,0.0,0.0,0.0,0.0,0.0,0.0,0.0,0.0
2010-02-19,0.06669733981200271,0.0,0.0,0.10591836889384769,0.0,0.05189594900325306,0.059864938805016976,0.0,0.0,0.0,0.031633976805423104,0.0,0.0,0.17850295261732324,0.0,0.0,0.07944913453234767,0.0,0.034285679759550804,0.0,0.0,0.0,0.1130842740534112,0.0,0.12877714068505736,0.1130842740534112,0.0,0.0,0.0,0.0,0.03680597097935479,0.0,0.0,0.0,0.0
2010-02-26,0.05723829336448651,0.0,0.0,0.11571168592124811,0.0,0.04465465297826909,0.06343135838180221,0.0,0.0,0.0,0.031515963123729195,0.0,0.0,0.17196194011560073,0.0,0.0,0.08230586256946423,0.0,0.034342976018691906,0.0,0.0,0.009485431498080643,0.11571168592124811,0.0,0.09503976628014779,0.11571168592124811,0.0,0.0,0.0,0.0,0.06288869790598318,0.0,0.0,0.0,0.0
2010-03-05,0.05729637619258763,0.0,0.0,0.11594815614267988,0.0,0.04462707889709763,0.09374022857077241,0.0,0.0,0.0,0.03140045095611534,0.0,0.0,0.1258622132422757,0.0,0.0,0.0392063552572612,0.0,0.034377825715552576,0.0,0.0,0.009415530268127508,0.11594815614267988,0.0,0.07709722549801362,0.11594815614267988,0.0,0.0,0.0,0.0,0.015126890761626342,0.03695084333158435,0.0,0.08705451288094589,0.0
2010-03-12,0.05730995613541346,0.0,0.0,0.11602721760269738,0.0,0.04450153477230635,0.08239620050839205,0.0,0.0,0.0,0.03138669440012595,0.0,0.0,0.052911557425928867,0.0,0.0,0.1304621605574398,0.0,0.03438597368124807,0.0,0.0,0.009334233532641288,0.11602721760269738,0.0,0.03554387662340497,0.11602721760269738,0.0,0.0,0.0,0.0,0.02005115910730153,0.04415790773676275,0.0,0.10947709271094254,0.0
2010-03-19,0.05732289310271682,0.0,0.0,0.11631890385594054,0.0,0.04453845985517982,0.05242430175449135,0.0,0.0,0.0,0.031259372075105506,0.0,0.0,0.0562546314907339,0.0,0.0,0.12523943431931073,0.0,0.03439373586163009,0.0,0.0,0.009237005927560675,0.11631890385594054,0.0,0.040739106060635695,0.13625665790230962,0.0,0.0,0.0,0.0,0.0,0.0633741507936816,0.0,0.11632244314476294,0.0
2010-03-26,0.057334717717098756,0.0,0.0,0.10748102401239734,0.0,0.044485505248715765,0.060388188313330975,0.0,0.0,0.009185216057748139,0.031143703705785494,0.0,0.0,0.05566095293404758,0.0,0.0,0.13495995653656784,0.0,0.034400830630259255,0.0,0.0,0.0,0.11666624007014548,0.0,0.03939334731332334,0.1278196901328301,0.0,0.0,0.0,0.0,0.0,0.07340845450127989,0.0,0.10767217282646997,0.0
2010-04-02,0.05734575448964653,0.0,0.0,0.10783960763217813,0.0,0.04445548273736112,0.0603684178360524,0.0,0.0,0.009134318252128699,0.031034058391623244,0.0,0.0,0.05325962231849858,0.0,0.0,0.1474882224363484,0.0,0.034407452693787914,0.0,0.0,0.0,0.11697392588430683,0.0,0.039948923321666455,0.12569160638483598,0.0,0.0,0.0,0.0,0.0,0.07053283276526023,0.0,0.10151977485630537,0.0
2010-04-09,0.057356000935788916,0.0,0.0,0.108125807946229,0.0,0.04456922360948399,0.05607127387250368,0.0,0.0,0.009054675695769421,0.030905361770801672,0.0,0.0,0.04368096921910679,0.0,0.0,0.15621377025498573,0.0,0.03441360056147335,0.0,0.0,0.0,0.11718048364199843,0.0,0.03811850023267001,0.13505094555479086,0.0,0.0,0.0,0.0,0.0,0.056607532108464566,0.0,0.11265185459593341,0.0
2010-04-16,0.057365575451955204,0.0,0.0,0.10843709303690574,0.0,0.04458180181173201,0.055613090343048815,0.0,0.0,0.009006031890070498,0.030792258532299558,0.0,0.0,0.05396962313677909,0.0,0.0,0.15788213986439734,0.0,0.03441934527117312,0.0,0.0,0.0,0.11744312492697624,0.0,0.035095562294602395,0.12979272839153236,0.0,0.0,0.0,0.0,0.0,0.06307286412192707,0.0,0.10252876092660047,0.0
2010-04-23,0.05742521347767958,0.0,0.0,0.10859375822722114,0.0,0.04452673141260028,0.048437518754915296,0.0,0.0,0.009025201862062782,0.030722816167996873,0.0,0.0,0.05309816584303875,0.0,0.0,0.1480008507427895,0.0,0.03445512808660774,0.0,0.0,0.0,0.11761896008928392,0.0,0.09877407691769294,0.10859375822722114,0.0,0.0,0.0,0.0,0.02383702685292134,0.05195113837034816,0.0,0.06493965496762036,0.0
2010-04-30,0.0,0.0,0.0,0.10857348581377393,0.0,0.05356345564063033,0.03944732573637541,0.0,0.0,0.009017742337827829,0.030678580397009207,0.0,0.0,0.15739174708581108,0.0,0.0,0.14934583180230204,0.0,0.0,0.0,0.0,0.0,0.11759122815160176,0.0,0.12666139009842053,0.10857348581377393,0.0,0.0,0.04573249217603814,0.0,0.0,0.0,0.0,0.053423234946435506,0.0
2010-05-07,0.05751754397543365,0.0,0.0,0.10853462995090155,0.0,0.05365511719991109,0.03961284455129138,0.0,0.0,0.008977664196701294,0.03064587719779428,0.0,0.0,0.1455335014659444,0.0,0.0,0.10208787508664932,0.0,0.034510526385260185,0.0,0.0,0.0,0.11751229414760284,0.0,0.09080634838695106,0.10853462995090155,0.0,0.0,0.0256746863057472,0.0,0.0257262628729839,0.0,0.0,0.050670198325926126,0.0
2010-05-14,0.05505654414992152,0.0,0.0,0.10889748482893606,0.0,0.10431574711356315,0.04144737027849578,0.0,0.0,0.008938933888019675,0.02929835225259396,0.0,0.0,0.05045640049639753,0.0,0.0,0.1449543774157065,0.0,0.04036303837485628,0.0,0.0,0.0,0.11783641871695573,0.0,0.02911751656036225,0.10889748482893606,0.0,0.0,0.031753894135922854,0.0,0.0,0.07572127695649035,0.0,0.05294516000284206,0.0
2010-05-21,0.1443444239338454,0.0,0.0,0.10666203683202881,0.0,0.11535262261145064,0.09150171307149071,0.0,0.0,0.008860940741230295,0.19604787126650858,0.0,0.0,0.0,0.0,0.0,0.06434888451835624,0.0,0.05069649261980136,0.0,0.0,0.0,0.1155229775732591,0.0,0.0,0.10666203683202881,0.0,0.0,0.0,0.0,0.0,0.0,0.0,0.0,0.0
2010-05-28,0.15443585985173505,0.0,0.0,0.0,0.0,0.13299160775662094,0.11759818299643804,0.0,0.0,0.007285870568451499,0.1977983872506219,0.0,0.0,0.007285870568451499,0.0,0.0,0.07893004816447083,0.0,0.11598322789701297,0.0,0.0,0.0,0.12944124719067468,0.0,0.0,0.058249697755522634,0.0,0.0,0.0,0.0,0.0,0.0,0.0,0.0,0.0
2010-06-04,0.15519710764173866,0.0,0.0,0.0,0.0,0.15467715749759708,0.1159255090631337,0.0,0.0,0.0081745973407641,0.19815101727948853,0.0,0.0,0.0081745973407641,0.0,0.0,0.06251098114167768,0.0,0.11662685062087053,0.0,0.0,0.0,0.126225798273052,0.0,0.0,0.05433638380091358,0.0,0.0,0.0,0.0,0.0,0.0,0.0,0.0,0.0
2010-06-11,0.156135151347039,0.0,0.0,0.0,0.0,0.16067571341276077,0.11186473863457205,0.0,0.0,0.010772387935502926,0.1954648524311541,0.0,0.0,0.010772387935502926,0.0,0.0,0.06193315676463295,0.0,0.11625365897622116,0.0,0.0,0.0,0.124967183733484,0.0,0.0,0.051160768829130024,0.0,0.0,0.0,0.0,0.0,0.0,0.0,0.0,0.0
2010-06-18,0.13099789115987787,0.0,0.0,0.0,0.0,0.1808227163486293,0.08943553345757241,0.0,0.0,0.012180856213810976,0.13425175654597016,0.0,0.0,0.06875896322875746,0.0,0.0,0.07335674655434364,0.0,0.10641942746097544,0.0,0.0,0.0,0.12407388421511789,0.0,0.0,0.050907605698510355,0.0,0.0,0.0,0.0,0.0,0.02879461911643439,0.0,0.0,0.0
2010-06-25,0.13788867542169897,0.0,0.0,0.0,0.0,0.2075882181937709,0.09056308113491598,0.0,0.0,0.018912978399184058,0.191139137297749,0.0,0.0,0.0,0.0,0.0,0.059112500377067605,0.0,0.09505249630368759,0.0,0.0,0.0,0.10932794563555492,0.0,0.0,0.09041496723637087,0.0,0.0,0.0,0.0,0.0,0.0,0.0,0.0,0.0
2010-07-02,0.1365929604136153,0.0,0.0,0.0,0.0,0.21034975976407683,0.0891757070527582,0.0,0.0,0.021052403984771362,0.18974985216585574,0.0,0.0,0.0,0.0,0.0,0.06076142865145373,0.0,0.09453588895705527,0.0,0.0,0.0,0.10941720149759246,0.0,0.0,0.0883647975128211,0.0,0.0,0.0,0.0,0.0,0.0,0.0,0.0,0.0
2010-07-09,0.13617942619238824,0.0,0.0,0.0,0.0,0.209696370851974,0.0902098349063997,0.0,0.0,0.02152644248700594,0.1892583897410212,0.0,0.0,0.0,0.0,0.0,0.06121435575963462,0.0,0.09436150107606331,0.0,0.0,0.0,0.10954006073625948,0.0,0.0,0.08801361824925355,0.0,0.0,0.0,0.0,0.0,0.0,0.0,0.0,0.0
2010-07-16,0.13585889850521654,0.0,0.0,0.0,0.0,0.20845443836379565,0.09178063819131119,0.0,0.0,0.02197373182294478,0.18888711898547422,0.0,0.0,0.0,0.0,0.0,0.0615973839677616,0.0,0.09417278402642225,0.0,0.0,0.0,0.10962436898000921,0.0,0.0,0.08765063715706445,0.0,0.0,0.0,0.0,0.0,0.0,0.0,0.0,0.0
2010-07-23,0.11117315887492793,0.0,0.0,0.0,0.0,0.22327977071247102,0.07042462228148996,0.0,0.0,0.022174602718944593,0.21543774235735308,0.0,0.0,0.0,0.0,0.0,0.06097747896538936,0.0,0.08546132923565518,0.0,0.0,0.0,0.10943492713181487,0.0,0.0,0.08726032441287027,0.0,0.0,0.0,0.0,0.0,0.01437604330908376,0.0,0.0,0.0
2010-07-30,0.13581977997621159,0.0,0.0,0.0,0.0,0.20392968462245625,0.07718483324538972,0.0,0.0,0.02255039399783043,0.20740044991360648,0.0,0.0,0.0,0.0,0.0,0.03875790368380175,0.0,0.11758253727197285,0.0,0.0,0.0,0.10966240564328067,0.0,0.0,0.08711201164545024,0.0,0.0,0.0,0.0,0.0,0.0,0.0,0.0,0.0
2010-08-06,0.04868007159162645,0.0,0.0,0.0,0.0,0.25302637349805523,0.08305695972444231,0.0,0.0,0.02229148641683173,0.2282285550946055,0.0,0.0,0.0,0.0,0.0,0.03861602391914187,0.0,0.10791572128588627,0.0,0.0,0.0,0.10937400816517207,0.0,0.0,0.09136283626815533,0.0,0.0,0.0,0.0,0.0,0.017447964036083,0.0,0.0,0.0
2010-08-13,0.14018869495296352,0.0,0.0,0.0,0.0,0.17945070592211326,0.09751928845302738,0.0,0.0,0.01839519113528976,0.21243864282821895,0.0,0.0,0.0,0.0,0.0,0.03945484267927022,0.0,0.11434873287074532,0.0,0.0,0.0,0.1082995461468306,0.0,0.0,0.08990435501154084,0.0,0.0,0.0,0.0,0.0,0.0,0.0,0.0,0.0
2010-08-20,0.14539533421705836,0.0,0.0,0.0,0.0,0.17788050133278077,0.09740214271921266,0.0,0.0,0.016033128727092262,0.2191763690301327,0.0,0.0,0.0,0.0,0.0,0.03952003489374153,0.0,0.11219089848471339,0.0,0.0,0.0,0.10421735966118026,0.0,0.0,0.08818423093408798,0.0,0.0,0.0,0.0,0.0,0.0,0.0,0.0,0.0
2010-08-27,0.15090087162194374,0.0,0.0,0.0,0.0,0.20321311431042238,0.1011174499091827,0.0,0.0,0.0,0.22572185910125644,0.0,0.0,0.0,0.0,0.0,0.0,0.0,0.1169865336431142,0.0,0.0,0.0,0.10808285091808723,0.0,0.0,0.09397732049599339,0.0,0.0,0.0,0.0,0.0,0.0,0.0,0.0,0.0
2010-09-03,0.04995332306554826,0.0,0.0,0.0,0.0,0.22735075724515857,0.11149450793249954,0.0,0.0,0.0,0.24361289628860575,0.0,0.0,0.0,0.0,0.0,0.0,0.0,0.1064613342045343,0.0,0.0,0.0,0.10791617643574401,0.0,0.0,0.11273546591787953,0.0,0.0,0.0,0.0,0.0,0.018865510644149527,0.021610028265880432,0.0,0.0
2010-09-10,0.05165602468476945,0.0,0.0,0.0,0.0,0.22709926492194568,0.11331957314002258,0.0,0.0,0.0,0.2334256220953724,0.0,0.0,0.0,0.0,0.0,0.0,0.0,0.10544102786068266,0.0,0.0,0.0,0.10971572774776445,0.0,0.0,0.1143388768737538,0.0,0.0,0.0,0.0,0.0,0.01847020064798292,0.02653368202770612,0.0,0.0
2010-09-17,0.05293530087481167,0.0,0.0,0.0,0.0,0.22459029971686045,0.10916606800617362,0.0,0.0,0.0,0.23060731884937263,0.0,0.0,0.0,0.0,0.0,0.0,0.0,0.1051071751206022,0.0,0.0,0.0,0.11147405881270848,0.0,0.0,0.11854169465256571,0.0,0.0,0.0,0.0,0.0,0.01940532825982428,0.028172755707080895,0.0,0.0
2010-09-24,0.05323070792015036,0.0,0.0,0.034236597384283494,0.0,0.2108138542436393,0.09768467658479654,0.0,0.0,0.0,0.23473422234335617,0.0,0.0,0.0,0.0,0.0,0.034236597384283494,0.0,0.1437129893986293,0.0,0.0,0.0,0.09818554490304279,0.0,0.0,0.05654140904953267,0.0,0.0,0.0,0.0,0.0,0.02081754317695459,0.015805857611331162,0.0,0.0
2010-10-01,0.05270954845700909,0.0,0.01212827604228973,0.03432698506334813,0.0,0.20888980032012355,0.09845507412847687,0.0,0.0,0.0,0.17622339049547947,0.0,0.0,0.0,0.0,0.0,0.03432698506334813,0.0,0.14616571919450622,0.0,0.0,0.0,0.10028594392697784,0.0,0.0,0.05923639667390535,0.0,0.0,0.0,0.0,0.0,0.02442033453568864,0.05283154609884689,0.0,0.0
2010-10-08,0.0,0.0,0.047437643966791045,0.034360903979217435,0.0,0.24192115163547812,0.046605303230938006,0.0,0.0,0.0,0.17352785980825924,0.0,0.0,0.0,0.0,0.0,0.034360903979217435,0.0,0.10062608819736205,0.0,0.0,0.0,0.10062608819736205,0.0,0.0,0.10855553830141135,0.0,0.0,0.0,0.0,0.0,0.02124781295857371,0.09073070574538948,0.0,0.0
2010-10-15,0.07937778493678499,0.0,0.024281084955365212,0.034418581571461174,0.0,0.2232008704929893,0.04677593913077442,0.0,0.0,0.0,0.15204748968646298,0.0,0.0,0.0,0.0,0.0,0.034418581571461174,0.0,0.1470685319490207,0.0,0.0,0.0,0.10137759762019438,0.0,0.0,0.08648341831762837,0.0,0.0,0.0,0.0,0.0,0.019856842077996886,0.05069327768986027,0.0,0.0
2010-10-22,0.1151076606547882,0.0,0.055024662000963266,0.034235333226514654,0.0,0.2128627609503229,0.04902229816767795,0.0,0.0,0.0,0.1317904720617513,0.0,0.0,0.0,0.0,0.0,0.034235333226514654,0.0,0.1494815329385933,0.0,0.0,0.0,0.1038102965159432,0.0,0.0,0.10076748092751528,0.0,0.0,0.0,0.0,0.0,0.013662169329415202,0.0,0.0,0.0
2010-10-29,0.05248316936439303,0.01665604291254852,0.05229822810230915,0.033457976619835746,0.0,0.24382420625487125,0.033457976619835746,0.0,0.0,0.0,0.1478519877360811,0.0,0.0,0.0,0.0,0.0,0.033457976619835746,0.0,0.15082475050926752,0.0,0.0,0.0,0.10373876421547279,0.0,0.0,0.10711935499206987,0.0,0.0,0.0,0.0,0.0,0.02482956605347944,0.0,0.0,0.0
2010-11-05,0.11154171032606781,0.019433744152393594,0.037413479371789064,0.03317893511891405,0.0,0.22277318041103328,0.03317893511891405,0.0,0.0,0.0,0.12404486904554438,0.0,0.0,0.022183111212126305,0.0,0.0,0.03317893511891405,0.0,0.15266766459235026,0.0,0.0,0.0,0.10591808764083631,0.0,0.0,0.09343712342491857,0.0,0.0,0.0,0.0,0.0,0.011050224466197998,0.0,0.0,0.0
2010-11-12,0.05054921753947127,0.0190978114402989,0.0425442523977794,0.0331054994921208,0.0,0.26646696558458594,0.0331054994921208,0.0,0.0,0.0,0.15336752882295443,0.0,0.0,0.023184180211417552,0.0,0.0,0.0331054994921208,0.0,0.1359739144827615,0.0,0.0,0.0,0.10564438395907874,0.0,0.0019298449880423554,0.0867653439896125,0.0,0.0,0.0,0.0,0.0,0.015160058107634733,0.0,0.0,0.0
2010-11-19,0.11156921828215455,0.019151520613854393,0.02834415961823057,0.03317005120036182,0.0,0.2136663101142639,0.03317005120036182,0.0,0.0,0.0,0.12439764130179448,0.0,0.0,0.04063407710923388,0.0,0.0,0.03317005120036182,0.0,0.15299993251714938,0.0,0.0,0.0,0.10617327667321091,0.0,0.011600979500939761,0.07320020119855367,0.0,0.0,0.0,0.0,0.0,0.01875252946952879,0.0,0.0,0.0
2010-11-26,0.10883213491843524,0.02100698474595789,0.024839300978435112,0.033164052760793754,0.0,0.210563457994565,0.052536074518625894,0.0,0.0,0.0,0.11204382409261993,0.0,0.0,0.04017114073639314,0.0,0.0,0.033164052760793754,0.0,0.10033584333983903,0.0,0.0,0.0,0.10798033193170564,0.0,0.018251638745626714,0.11871667506403494,0.0,0.0,0.0,0.0,0.0,0.018394487412173876,0.0,0.0,0.0
2010-12-03,0.10674038661327243,0.022452370282606847,0.019686587653835404,0.03289633443043067,0.0,0.22246078901766347,0.049345136165423825,0.0,0.0,0.0,0.10214477332105791,0.0,0.0,0.0423770109344244,0.0,0.0,0.03289633443043067,0.0,0.10098613675231008,0.0,0.0,0.0,0.10968485682383089,0.0,0.021214800232444157,0.11454687582073986,0.0,0.0,0.0,0.0,0.0,0.022567607521529302,0.0,0.0,0.0
2010-12-10,0.10632165955176637,0.022788146128967228,0.02040067258207028,0.032835446738609546,0.0,0.13264322869661233,0.05614219653646134,0.0,0.0,0.0,0.13196523030694818,0.0,0.0,0.09447237332553489,0.0,0.0,0.032835446738609546,0.0,0.10117796848682933,0.0,0.0,0.0,0.10998948607692016,0.0,0.02311801337300773,0.1130706034102027,0.0,0.0,0.0,0.0,0.0,0.022239528047460357,0.0,0.0,0.0
2010-12-17,0.10599919290243663,0.023101235461672278,0.0171343801745556,0.03275243455358439,0.0,0.1330275366475772,0.05589758436026088,0.0,0.0,0.0,0.11813872559770397,0.0,0.0,0.09362850969770431,0.0,0.0,0.03275243455358439,0.0,0.10138838896064684,0.0,0.0,0.0,0.11021789187606512,0.0,0.025509133458421537,0.11193344950927181,0.0,0.0,0.0,0.0,0.0,0.038519102246514954,0.0,0.0,0.0
2010-12-24,0.048669563940403796,0.02291068195215127,0.02064165480500273,0.03223235567689849,0.0,0.13073864762449366,0.051817888900550044,0.0,0.0,0.0,0.09343267738905825,0.0,0.0,0.1424508248552933,0.0,0.0,0.03223235567689849,0.0,0.10225669454191647,0.0,0.0,0.0,0.10834874943871314,0.0,0.025846668393205326,0.11502577136777362,0.0,0.0,0.0,0.0,0.0,0.07339546543764143,0.0,0.0,0.0
2010-12-31,0.0492336663449319,0.022776195800335533,0.0,0.03754186094472491,0.0,0.13568284719888973,0.05404507616049005,0.0,0.0,0.0,0.12009171998012096,0.0,0.0,0.14606330187297623,0.0,0.0,0.03754186094472491,0.0,0.12321994284095229,0.0,0.0,0.0,0.11337663109803142,0.0,0.03517667827815444,0.05439320703305888,0.0,0.0,0.0,0.0,0.010891908437007616,0.059965103065601114,0.0,0.0,0.0
2011-01-07,0.04976024231899345,0.02259809426559459,0.0,0.037457827975791176,0.0,0.13534208748436258,0.06366703987333361,0.0,0.0,0.0,0.07735482367322591,0.0,0.0,0.1503982198003717,0.0,0.0,0.037457827975791176,0.0,0.12330407033697287,0.0,0.0,0.0,0.11316041466938959,0.0,0.07966145866487989,0.05113996907533139,0.0,0.0,0.0,0.0,0.011757804167493377,0.0469401197184686,0.0,0.0,0.0
2011-01-14,0.05025107649358519,0.02250629226583153,0.0,0.037346773440243924,0.0,0.13500260250653268,0.04981990315253211,0.0,0.0,0.0,0.05715391325545037,0.0,0.0,0.17480769068390614,0.0,0.0,0.037346773440243924,0.0,0.1233754525075237,0.0,0.0,0.0,0.11284749023195179,0.0,0.07881661300822376,0.04702635562533783,0.0,0.0,0.0,0.0,0.022783157457604668,0.05091590593103232,0.0,0.0,0.0
2011-01-21,0.05071177588604472,0.022418720870194454,0.0,0.037244755028143055,0.0,0.1346833662028676,0.05093304493251391,0.0,0.0,0.0,0.05659036703845322,0.0,0.0,0.17588803896909544,0.0,0.0,0.037244755028143055,0.0,0.12344033345044927,0.0,0.0,0.0,0.11255664992335707,0.0,0.0846785827298889,0.04864181631615351,0.0,0.0,0.0,0.0,0.015546274844361068,0.04942151878033468,0.0,0.0,0.0
2011-01-28,0.13279589171306405,0.016853385760202476,0.0,0.037097840661780575,0.0,0.12867392335092515,0.05120416611409282,0.0,0.0,0.016853385760202476,0.0442659927968766,0.0,0.0,0.1334796479419459,0.0,0.0,0.08924709092655557,0.0,0.04840239169108061,0.0,0.0,0.0,0.08975923920048871,0.0,0.07619333353687928,0.08975923920048871,0.0,0.0,0.0,0.0,0.018148400587005942,0.02726607075841099,0.0,0.0,0.0
2011-02-04,0.1331880740099148,0.016921084007670555,0.0,0.03693791440737967,0.0,0.1283864358878378,0.051201917213088026,0.0,0.0,0.016921084007670555,0.044195837585047686,0.0,0.0,0.143062570862746,0.0,0.0,0.08165555697884261,0.0,0.04862562573200467,0.0,0.0,0.0,0.08942744678246731,0.0,0.08132221400864101,0.08942744678246731,0.0,0.0,0.0,0.0,0.01752916183996196,0.021197629894259776,0.0,0.0,0.0
2011-02-11,0.07477243278231052,0.016993618387488352,0.0,0.03676395143524562,0.0,0.12805971745862502,0.046159224624481576,0.0,0.0,0.016993618387488352,0.03234402938617188,0.0,0.0,0.1791765224669698,0.0,0.0,0.10338105381813481,0.0,0.04887394536209106,0.0,0.0,0.0,0.08905937356776739,0.0,0.11386238815561775,0.08905937356776739,0.0,0.0,0.0,0.0,0.02450075059984032,0.0,0.0,0.0,0.0
2011-02-18,0.13403600676599658,0.017061951457752404,0.0,0.036600382170907324,0.0,0.12775419521767084,0.04645763944718935,0.0,0.0,0.017061951457752404,0.04403898588228514,0.0,0.0,0.13111247493751352,0.0,0.0,0.0939208859877737,0.0,0.049106771183354485,0.0,0.0,0.0,0.0887141486163821,0.0,0.0780755885718791,0.0887141486163821,0.0,0.0,0.0,0.0,0.04734486968716077,0.0,0.0,0.0,0.0
2011-02-25,0.11152587085347632,0.022819801458885965,0.0,0.03647493590285645,0.0,0.133231071360942,0.04725029423744626,0.0,0.0,0.022819801458885965,0.043983070474139116,0.0,0.0,0.13173481434644135,0.0,0.0,0.10104355273357218,0.0,0.049282884040922584,0.0,0.0,0.0,0.08845257656624278,0.0,0.0779397140975582,0.08845257656624278,0.0,0.0,0.0,0.0,0.0449890359023878,0.0,0.0,0.0,0.0
2011-03-04,0.11174788251988965,0.02281429111306955,0.0,0.03644882623908357,0.0,0.13299051960861508,0.04634259770156696,0.0,0.0,0.02281429111306955,0.043905342660771826,0.0,0.0,0.1316175709051465,0.0,0.0,0.10923939855169973,0.0,0.04939475636829308,0.0,0.0,0.0,0.08830008723126959,0.0,0.06366893699442441,0.08830008723126959,0.0,0.0,0.0,0.0,0.05241541176183087,0.0,0.0,0.0,0.0
2011-03-11,0.07685561793734236,0.0225412552850368,0.0,0.03651046400246622,0.0,0.1327316778062559,0.054507634263824045,0.0,0.0,0.0225412552850368,0.032137196523648284,0.0,0.0,0.05066772360384416,0.0,0.0,0.16567067423123835,0.0,0.04949809918147404,0.0,0.0,0.0,0.08839518566231755,0.0,0.10316440394336782,0.08839518566231755,0.0,0.0,0.0,0.0,0.07638362661183018,0.0,0.0,0.0,0.0
2011-03-18,0.11217997593824908,0.022362493457816896,0.0,0.036532486406451715,0.0,0.13255542032024725,0.05337848471261298,0.0,0.0,0.022362493457816896,0.043749409387991066,0.0,0.0,0.05191695453265575,0.0,0.0,0.1783586418666821,0.0,0.04954323530586614,0.0,0.0,0.0,0.08853904425334057,0.0,0.09251364594204087,0.08853904425334057,0.0,0.0,0.0041313011689252345,0.0,0.023337368995962723,0.0,0.0,0.0,0.0
2011-03-25,0.11186462995646199,0.007797312663087321,0.0,0.04430261380460521,0.007797312663087321,0.14306145967883027,0.05848322981673643,0.0,0.0,0.0,0.031978926530090504,0.0,0.0,0.0,0.0,0.0,0.3002713659077443,0.0,0.049588906280794404,0.0,0.0,0.0,0.08860524766743,0.0,0.08617844420657793,0.03650530114151789,0.0,0.0,0.03356524968303629,0.0,0.0,0.0,0.0,0.0,0.0
2011-04-01,0.13443131584688608,0.007661093168549968,0.0,0.04427031506326618,0.007661093168549968,0.14178792688347314,0.056607388648069995,0.0,0.0,0.0,0.03189808170052386,0.0,0.0,0.04079736459511887,0.0,0.0,0.2325067175887295,0.0,0.04960116272379128,0.0,0.0,0.0,0.08898350413276748,0.0,0.11912357199978606,0.036609221894716215,0.0,0.0,0.0,0.0,0.008061242585771244,0.0,0.0,0.0,0.0
2011-04-08,0.13346750394676493,0.007504558848890689,0.0,0.04420950770804949,0.007504558848890689,0.13528226421188322,0.05398176291113341,0.0,0.0,0.0,0.03181680445870334,0.0,0.0,0.05174412948219654,0.0,0.0,0.23563954746378568,0.0,0.04959680978520149,0.0,0.0,0.0,0.08946977611828011,0.0,0.11638153853787389,0.0367049488591588,0.0,0.0,0.0,0.0,0.006696288819187688,0.0,0.0,0.0,0.0
2011-04-15,0.13291518578277117,0.03189740752340453,0.0,0.04414140866606844,0.007406036258759602,0.1855378671291515,0.036735372407308835,0.0,0.0,0.0,0.03174868868567018,0.0,0.0,0.0,0.0,0.0,0.24181638354714133,0.0,0.0496243953471678,0.0,0.0,0.0,0.0897735523888756,0.0,0.0678248905119445,0.036735372407308835,0.0,0.0,0.0,0.0,0.0,0.043843439344427665,0.0,0.0,0.0
2011-04-22,0.1093574272098204,0.029934196955708016,0.0,0.04406573037057272,0.007342410427291991,0.20011434789189173,0.08825127696314133,0.0,0.0,0.0,0.03168810680493201,0.0,0.0,0.0,0.0,0.0,0.2590137672635239,0.0,0.04968838227646967,0.0,0.0,0.0,0.08992682750782223,0.0,0.0,0.036723319943280736,0.0,0.0,0.0,0.0,0.0,0.053894206385545165,0.0,0.0,0.0
2011-04-29,0.05498398767696455,0.04140467676540066,0.0,0.03669423734755839,0.0,0.23744872516248575,0.05754195216930049,0.0,0.0,0.0,0.031650684347188235,0.0,0.0,0.05048731517901533,0.0,0.0,0.16287447239386116,0.0,0.04975214498786895,0.0,0.0,0.0,0.09002787816353859,0.0,0.052599670733371136,0.09002787816353859,0.0,0.0,0.0,0.0,0.0,0.04450637690990808,0.0,0.0,0.0
2011-05-06,0.07777651719028976,0.04495787255040428,0.03287366827198121,0.03570871647118702,0.0,0.2368350946022152,0.058392539232150875,0.0,0.0,0.0,0.031242249134480475,0.0,0.0,0.0,0.0,0.0,0.18551675230935977,0.0,0.05158948106577879,0.0,0.0,0.0,0.08905509084674812,0.0,0.03639019362612104,0.11966182469928335,0.0,0.0,0.0,0.0,0.0,0.0,0.0,0.0,0.0
2011-05-13,0.07794960931854053,0.022741775697492233,0.010361679595336296,0.03554995344059194,0.0,0.13432439054517184,0.05829172913808417,0.0,0.0,0.0,0.03126373055427752,0.0,0.0,0.0,0.0,0.0,0.2775330284358406,0.0,0.05159399396198314,0.0,0.0,0.0,0.11183825490134103,0.0,0.08634711137520401,0.10220474303613641,0.0,0.0,0.0,0.0,0.0,0.0,0.0,0.0,0.0
2011-05-20,0.0,0.020577684753940235,0.0,0.03607874454832395,0.0,0.12436863290740972,0.05665642930226419,0.0,0.0,0.0,0.03535877788097007,0.0,0.0,0.0,0.0,0.0,0.1496448108957648,0.0,0.0,0.0,0.0,0.0,0.15035762448163154,0.0,0.2793756038379615,0.14758169139173388,0.0,0.0,0.0,0.0,0.0,0.0,0.0,0.0,0.0
2011-05-27,0.0746652775628737,0.013463252312525622,0.014595960590538398,0.10363868340020221,0.0,0.04278790368013917,0.031844537833971,0.0,0.0,0.0,0.03399123313034853,0.0,0.0,0.0,0.0,0.0,0.12499162993943913,0.0,0.06587310252167472,0.0,0.0,0.013463252312525622,0.141244471703128,0.0,0.18860883174518803,0.15083186326744585,0.0,0.0,0.0,0.0,0.0,0.0,0.0,0.0,0.0
2011-06-03,0.07290097018111921,0.011959714209911274,0.0137111274861532,0.10534477219864698,0.0,0.042208532572937225,0.032609197898124914,0.0,0.0,0.0,0.03298019359661907,0.0,0.0,0.0,0.0,0.0,0.17952543816237335,0.0,0.06678200863886741,0.0,0.0,0.011959714209911274,0.12199112542808502,0.0,0.172905431707086,0.13512177371016493,0.0,0.0,0.0,0.0,0.0,0.0,0.0,0.0,0.0
2011-06-10,0.07154138615132971,0.010786427432041664,0.0,0.1066006644712596,0.0,0.0418165870833012,0.042308512034340065,0.0,0.0,0.0,0.032182007419086944,0.0,0.0,0.0,0.0,0.0,0.08292549995808063,0.0,0.0675630025220502,0.0,0.0,0.010786427432041664,0.1268907953661026,0.0,0.10570211463795923,0.1066006644712596,0.0,0.0,0.0,0.0,0.0,0.04314387287505181,0.07113015778711147,0.08002188035898347,0.0
2011-06-17,0.07039620867651923,0.009813466308726027,0.0,0.11858547227929692,0.0,0.04147143490369558,0.06778127081666951,0.0,0.0,0.0,0.06812212076375375,0.0,0.0,0.0,0.0,0.0,0.0754241518150604,0.0,0.06818021181360245,0.0,0.0,0.009813466308726027,0.09771812349348127,0.0,0.03145426733993495,0.10753158980220731,0.0,0.0,0.0,0.0,0.0,0.05857906340475931,0.06700584407912515,0.1081233081944419,0.0
2011-06-24,0.06970424618447454,0.009524230850974319,0.0,0.11341658503751001,0.0,0.05227527425416635,0.03968512403482022,0.0,0.0,0.0,0.05494177007675714,0.0,0.0,0.0,0.0,0.0,0.15547939129467517,0.0,0.0839604072402024,0.0,0.0,0.009524230850974319,0.1038923541865357,0.0,0.04774214894363536,0.0,0.0,0.0,0.0,0.0,0.0,0.06160166889464573,0.0881394348405899,0.11011313331003862,0.0
2011-07-01,0.012289907206104775,0.009217430404578581,0.0,0.11360464588764785,0.0,0.04730494400800762,0.056616628365918215,0.0,0.0,0.0,0.09243298372315746,0.0,0.0,0.0,0.0,0.0,0.17388280793791797,0.0,0.03986698651657747,0.0,0.0,0.009217430404578581,0.10438721548306927,0.0,0.05569377898762724,0.0,0.0,0.0,0.0,0.0,0.0,0.049266493291820215,0.1257041373636095,0.11051461041938501,0.0
2011-07-08,0.012014776005318252,0.00901108200398869,0.0,0.11389532037371872,0.0,0.06647090977888233,0.03993857227661884,0.0,0.0,0.0,0.0473096892334322,0.0,0.0,0.0,0.0,0.0,0.1658624330459795,0.0,0.03993857227661884,0.0,0.0,0.00901108200398869,0.10488423836973002,0.0,0.07142967497110343,0.0,0.0,0.0,0.0,0.0,0.0,0.057822524542649564,0.15456881091656535,0.10784231420140547,0.0
2011-07-15,0.01173028623781853,0.008797714678363898,0.0,0.1141289825610459,0.0,0.13862034776417934,0.039979418047865665,0.0,0.0,0.0,0.08533153573786338,0.0,0.0,0.0,0.0,0.0,0.11915751777391753,0.0,0.039979418047865665,0.0,0.0,0.008797714678363898,0.10533126788268199,0.0,0.019572386820796824,0.0,0.0,0.0,0.0,0.0,0.0,0.04785058837644624,0.1753276362161031,0.08539518517668798,0.0
2011-07-22,0.011443328589913026,0.00858249644243477,0.0,0.11430858862073875,0.0,0.1437007424085253,0.04005985764106241,0.0,0.0,0.0,0.09450130866462775,0.0,0.0,0.0,0.0,0.0,0.11829792157892383,0.0,0.04005985764106241,0.0,0.0,0.00858249644243477,0.10572609217830398,0.0,0.01664258217718764,0.0,0.0,0.0,0.0,0.0,0.0,0.051145556203243056,0.16688735081307476,0.08006182059846738,0.0
2011-07-29,0.057644372495459215,0.011257073595322164,0.0,0.03434727544923315,0.0,0.2101476480189282,0.03601734675956711,0.0,0.0,0.0,0.06458209270542271,0.0,0.0,0.0,0.0,0.0,0.11586931187044125,0.0,0.06893389894650867,0.0,0.0,0.0,0.11164964631753248,0.0,0.019530807999632565,0.03434727544923315,0.0,0.0,0.0,0.0,0.0,0.042742637800204764,0.10291033870335387,0.09002027388916067,0.0
2011-08-05,0.1444168771623333,0.01031897344365659,0.0,0.0348940404436769,0.0,0.18889537122840827,0.08005999773140428,0.0,0.0,0.0,0.1967111299622136,0.0,0.0,0.0,0.0,0.0,0.11153544302463349,0.0,0.08922001429905227,0.0,0.0,0.0,0.10905411226094427,0.0,0.0,0.0348940404436769,0.0,0.0,0.0,0.0,0.0,0.0,0.0,0.0,0.0
2011-08-12,0.14065246949178103,0.021304604215673987,0.0,0.03439823397886997,0.0,0.1970775881745887,0.07638233035408402,0.0,0.0,0.0,0.19358704066931007,0.0,0.0,0.0,0.0,0.0,0.10615816112223656,0.0,0.08988317689234897,0.0,0.0,0.0,0.10615816112223656,0.0,0.0,0.03439823397886997,0.0,0.0,0.0,0.0,0.0,0.0,0.0,0.0,0.0
2011-08-19,0.13367716485162914,0.029780140960337764,0.0,0.033628870991363434,0.0,0.20663189122112316,0.0725981615033141,0.0,0.0,0.0,0.18610473289479026,0.0,0.0,0.0,0.0,0.0,0.10700895167182242,0.0,0.08993226324243378,0.0,0.0,0.0,0.10700895167182242,0.0,0.0,0.033628870991363434,0.0,0.0,0.0,0.0,0.0,0.0,0.0,0.0,0.0
2011-08-26,0.19394528271184208,0.014744850830810782,0.0,0.0,0.0,0.27804178458275947,0.045659016805811914,0.0,0.0,0.0,0.17952458762805934,0.0,0.0,0.0,0.0,0.0,0.058358755955939104,0.0,0.17136696552883826,0.0,0.0,0.0,0.058358755955939104,0.0,0.0,0.0,0.0,0.0,0.0,0.0,0.0,0.0,0.0,0.0,0.0
2011-09-02,0.20174167035614143,0.01876728421765254,0.0,0.0,0.0,0.2795297462667775,0.0453967156145965,0.0,0.0,0.0,0.1726319614749752,0.0,0.0,0.0,0.0,0.0,0.056530725590871994,0.0,0.16887117088811282,0.0,0.0,0.0,0.056530725590871994,0.0,0.0,0.0,0.0,0.0,0.0,0.0,0.0,0.0,0.0,0.0,0.0
2011-09-09,0.20925916401418107,0.02635510482630725,0.0,0.0,0.0,0.2775314328035496,0.0452543413457997,0.0,0.0,0.0,0.16559139534230471,0.0,0.0,0.0,0.0,0.0,0.05461727465609518,0.0,0.16677401235566724,0.0,0.0,0.0,0.05461727465609518,0.0,0.0,0.0,0.0,0.0,0.0,0.0,0.0,0.0,0.0,0.0,0.0
2011-09-16,0.20946692829804328,0.023454631577288554,0.0,0.0,0.0,0.27428366932858483,0.04545322424036945,0.0,0.0,0.0,0.17387216340980738,0.0,0.0,0.0,0.0,0.0,0.05354773344023496,0.0,0.16637391626543657,0.0,0.0,0.0,0.05354773344023496,0.0,0.0,0.0,0.0,0.0,0.0,0.0,0.0,0.0,0.0,0.0,0.0
2011-09-23,0.21757174915025151,0.0,0.0,0.0,0.0,0.2705098066209347,0.04654508601804782,0.0,0.0,0.0,0.19561335226006465,0.0,0.0,0.0,0.0,0.0,0.0528867282313185,0.0,0.16398654948806438,0.0,0.0,0.0,0.0528867282313185,0.0,0.0,0.0,0.0,0.0,0.0,0.0,0.0,0.0,0.0,0.0,0.0
2011-09-30,0.2255564629240388,0.01566779360031721,0.0,0.0,0.0,0.2714615243490469,0.04517610523119758,0.0,0.0,0.0,0.17623858157321798,0.0,0.0,0.0,0.0,0.0,0.0,0.0,0.23130297476272813,0.0,0.0,0.0,0.034596557559453345,0.0,0.0,0.0,0.0,0.0,0.0,0.0,0.0,0.0,0.0,0.0,0.0
2011-10-07,0.23315445896063836,0.017468999485712816,0.0,0.0,0.0,0.2704407857019798,0.04388750830630543,0.0,0.0,0.0,0.17163186489194696,0.0,0.0,0.0,0.0,0.0,0.0,0.0,0.2331064340899131,0.0,0.0,0.0,0.03030994856350353,0.0,0.0,0.0,0.0,0.0,0.0,0.0,0.0,0.0,0.0,0.0,0.0
2011-10-14,0.23914733771296853,0.018870813163601743,0.0,0.0,0.0,0.2695267625655927,0.042972337673594777,0.0,0.0,0.0,0.1681300207549285,0.0,0.0,0.0,0.0,0.0,0.0,0.0,0.2343341913194679,0.0,0.0,0.0,0.027018536809845846,0.0,0.0,0.0,0.0,0.0,0.0,0.0,0.0,0.0,0.0,0.0,0.0
2011-10-21,0.24690092041688846,0.020463728064157846,0.0,0.0,0.0,0.22920184675072772,0.0424838855510631,0.0,0.0,0.0,0.20797006009421648,0.0,0.0,0.0,0.0,0.0,0.0,0.0,0.2292458977107336,0.0,0.0,0.0,0.023733661412212892,0.0,0.0,0.0,0.0,0.0,0.0,0.0,0.0,0.0,0.0,0.0,0.0
2011-10-28,0.23120157127416266,0.021360361211464923,0.0,0.0,0.0,0.18959623619875388,0.08401437818490412,0.0,0.0,0.0,0.22091315849538495,0.0,0.0,0.0,0.0,0.0,0.0,0.0,0.22037215505994656,0.0,0.0,0.0,0.0,0.0,0.0,0.0,0.0,0.0,0.0,0.0,0.0,0.019977608050482386,0.0,0.012564531524900556,0.0
2011-11-04,0.2523878846579057,0.022493702142731938,0.0,0.0,0.0,0.19240570836200144,0.08170753029306974,0.0,0.0,0.0,0.2252484283727138,0.0,0.0,0.0,0.0,0.0,0.0,0.0,0.22575674617157748,0.0,0.0,0.0,0.0,0.0,0.0,0.0,0.0,0.0,0.0,0.0,0.0,0.0,0.0,0.0,0.0
2011-11-11,0.23792967256410819,0.02293286104332596,0.0,0.0,0.0,0.16020923293093542,0.0805066086536467,0.0,0.0,0.0,0.2178928501424141,0.0,0.0,0.0,0.0,0.0,0.0,0.0,0.2354219966913994,0.0,0.0,0.0,0.0,0.0,0.0,0.0,0.0,0.0,0.0,0.0,0.0,0.027628975861832925,0.0,0.01747780211233727,0.0
2011-11-18,0.24571235800019153,0.020788985053061204,0.0,0.0,0.0,0.19319176897136733,0.0852691547896744,0.0,0.0,0.0,0.2251643047604246,0.0,0.0,0.0,0.0,0.0,0.0,0.0,0.22987342842528094,0.0,0.0,0.0,0.0,0.0,0.0,0.0,0.0,0.0,0.0,0.0,0.0,0.0,0.0,0.0,0.0
2011-11-25,0.15066551030952127,0.0,0.0,0.0,0.0,0.24718605915038072,0.025485887086214416,0.0,0.0,0.0,0.22384937814993117,0.0,0.0,0.04429282444832429,0.0,0.0,0.0,0.0,0.2811622059572815,0.0,0.0,0.0,0.027358134898346726,0.0,0.0,0.0,0.0,0.0,0.0,0.0,0.0,0.0,0.0,0.0,0.0
2011-12-02,0.15301421811243981,0.0,0.0,0.0,0.0,0.249350008066629,0.02666332202694236,0.0,0.0,0.0,0.2281723229906582,0.0,0.0,0.03992272084991674,0.0,0.0,0.0,0.0,0.2732856055091204,0.0,0.0,0.0,0.029591802444293425,0.0,0.0,0.0,0.0,0.0,0.0,0.0,0.0,0.0,0.0,0.0,0.0
2011-12-09,0.13407375648897263,0.0,0.0,0.0,0.0,0.23827112487429064,0.0,0.0,0.0,0.0,0.1635382825425233,0.0,0.0,0.051247499498857506,0.0,0.0,0.0,0.0,0.26823309072023954,0.0,0.0,0.0,0.032106633155225196,0.0,0.008936561497333457,0.0,0.0,0.0,0.0,0.0,0.020843794555832688,0.028305531417112565,0.04188340619667243,0.012560319052940087,0.0
2011-12-16,0.15414676945966774,0.0,0.0,0.0,0.0,0.24800619509674873,0.029335273844918144,0.0,0.0,0.0,0.2255376726623106,0.0,0.0,0.03547567897730753,0.0,0.0,0.0,0.0,0.2736333866444725,0.0,0.0,0.0,0.03386502331457473,0.0,0.0,0.0,0.0,0.0,0.0,0.0,0.0,0.0,0.0,0.0,0.0
2011-12-23,0.1341648980331676,0.0,0.0,0.0,0.0,0.20707787846347686,0.007374791388157122,0.0,0.0,0.0,0.1984031386101929,0.0,0.0,0.033981838316076936,0.0,0.0,0.0,0.0,0.2635716288800181,0.0,0.0,0.0,0.03520602630615203,0.0,0.0,0.0,0.0,0.0,0.0,0.0,0.021778396045701417,0.03660107062688951,0.04343350433425178,0.018406828995915583,0.0
2011-12-30,0.09020724718503031,0.0,0.0,0.0,0.0,0.1484881080478074,0.10158855572049122,0.0,0.0,0.0,0.20747629886151084,0.0,0.0,0.0,0.0,0.0,0.048639006313014946,0.0,0.22038560292140524,0.0,0.0,0.0,0.048639006313014946,0.0,0.004295873215385825,0.0,0.0,0.0,0.0,0.0,0.007452009637908572,0.03190942569752727,0.07143231521383266,0.019486550873070767,0.0
2012-01-06,0.09094592783526387,0.0,0.0,0.0,0.0,0.1468445168397529,0.10533645808796929,0.0,0.0,0.0,0.20785884378345054,0.0,0.0,0.0,0.0,0.0,0.048790918575186554,0.0,0.22177629055394757,0.0,0.0,0.0,0.048790918575186554,0.0,0.012038462069954037,0.0,0.0,0.0,0.0,0.0,0.0105654713628155,0.03523632063861424,0.05599428413784835,0.015821587540010593,0.0
2012-01-13,0.09100885091817484,0.0,0.0,0.0,0.0,0.14500621692147458,0.10128002809857968,0.0,0.0,0.0,0.24202300555762124,0.0,0.0,0.0,0.0,0.0,0.04880912662695497,0.0,0.2195192639769554,0.0,0.0,0.0,0.04880912662695497,0.0,0.0,0.0,0.0,0.0,0.0,0.0,0.00645511390441069,0.0343407221368213,0.04396113058780564,0.01878741464424662,0.0
2012-01-20,0.09117835092027182,0.0,0.0,0.0,0.0,0.12042198396750031,0.10188270426660406,0.0,0.0,0.0,0.2480426879791347,0.0,0.0,0.0037454036365366455,0.0,0.0,0.04882977075563584,0.0,0.2249667007322511,0.0,0.0,0.0,0.04882977075563584,0.0,0.0,0.0,0.0,0.0,0.0,0.0,0.0,0.0382685972119359,0.04518754433499556,0.02864648543949816,0.0
2012-01-27,0.05204393110551623,0.0,0.0,0.0,0.0,0.15952797178158074,0.13488546406225063,0.0,0.0,0.0,0.16614336837443672,0.0,0.0,0.0,0.0,0.0,0.05403265863361484,0.0,0.1908255531659553,0.0,0.0,0.0,0.08137355146462796,0.0,0.0,0.0,0.0,0.0,0.0,0.0,0.09258054077205835,0.039578124174909454,0.0,0.029008836465049877,0.0
2012-02-03,0.046863727441296424,0.0,0.0,0.0,0.0,0.16411905295912266,0.11757811819227411,0.0,0.0,0.0,0.27028278695003,0.0,0.0,0.0,0.0,0.0,0.040298555279549245,0.0,0.20005541384782932,0.0,0.0,0.0,0.0780681472139691,0.0,0.005677808281471699,0.0,0.0,0.0,0.0,0.0,0.014335586910752927,0.034943265971966814,0.0,0.027777536951737746,0.0
2012-02-10,0.04230635676371778,0.0,0.0,0.0,0.0,0.17118443111958528,0.08695314951678859,0.0,0.0,0.0,0.17081814121819722,0.0,0.0,0.05601816392170792,0.0,0.0,0.05793792808915057,0.0,0.2039352453095245,0.0,0.0,0.0,0.07532598133387067,0.0,0.02994176987468645,0.0,0.0,0.0,0.0,0.0,0.04061425953679193,0.03485997819697505,0.0,0.03010459511900417,0.0
2012-02-17,0.03931224516435255,0.0,0.0,0.0,0.0,0.17491039073723014,0.0881693838005122,0.0,0.0,0.0,0.17051895575807327,0.0,0.0,0.05732240897877568,0.0,0.0,0.050648791541318905,0.0,0.2102674959690163,0.0,0.0,0.0,0.0752040451201555,0.0,0.02938426947842504,0.0,0.0,0.0,0.0,0.0,0.04491008969142134,0.03458110575063426,0.0,0.02477081801008476,0.0
2012-02-24,0.03885401641747501,0.0,0.0,0.025758223723715654,0.0,0.16466552717707394,0.0783502255527905,0.0,0.0,0.0,0.21092073384103877,0.0,0.0,0.07406678425417865,0.0,0.0,0.0419375206008576,0.0,0.1941754412684215,0.0,0.0,0.0,0.025758223723715654,0.0,0.023121852038980588,0.025758223723715654,0.0,0.0,0.0,0.0,0.04566333721191964,0.028424846000091288,0.0,0.02254504446602537,0.0
2012-03-02,0.0751474307096114,0.0,0.0,0.02567460732306175,0.0,0.16525379542773325,0.07860367336101916,0.0,0.0,0.0,0.20731393730640127,0.0,0.0,0.054819369097433554,0.0,0.0,0.0323950867507799,0.0,0.2185219719673979,0.0,0.0,0.0,0.02567460732306175,0.0,0.014217634254990884,0.02567460732306175,0.0,0.0,0.0,0.0,0.029670379842157868,0.026377764534306007,0.0,0.020655134778983463,0.0
2012-03-09,0.038995428705560733,0.0,0.0,0.025658704376711194,0.0,0.16468121209057557,0.07875749079950538,0.0,0.0,0.0,0.2177237301002889,0.0,0.0,0.10345580820312837,0.0,0.0,0.03952100976008914,0.0,0.15512374785102206,0.0,0.0,0.0,0.025658704376711194,0.0,0.027763295307421956,0.025658704376711194,0.0,0.0,0.0,0.0,0.05199366476573246,0.023754440211051005,0.0,0.021254059075490755,0.0
2012-03-16,0.07511689529623089,0.0,0.0,0.025593936868244734,0.0,0.16519725435244828,0.07898470633361111,0.0,0.0,0.0,0.21153764715905332,0.0,0.0,0.08962355688733684,0.0,0.0,0.03307891378637146,0.0,0.1774280420370018,0.0,0.0,0.0,0.025593936868244734,0.0,0.018588903454869507,0.025593936868244734,0.0,0.0,0.0,0.0,0.02951230938922471,0.023805174129179065,0.0,0.020344786569938673,0.0
2012-03-23,0.07968754366615569,0.0,0.0,0.026518034791393533,0.0,0.16028527457288874,0.07573675708187613,0.0,0.0,0.0,0.19806861667346518,0.0,0.0,0.09800479871758826,0.0,0.0,0.03651991788695105,0.0,0.17395308113344868,0.0,0.0,0.0,0.026518034791393533,0.0,0.02029795007571415,0.026518034791393533,0.0,0.0,0.0,0.0,0.05391989868675193,0.023972057130979496,0.0,0.0,0.0
2012-03-30,0.08329084352032828,0.0,0.0,0.03179239702504952,0.0,0.08320109230398229,0.03179239702504952,0.0,0.0,0.0,0.19546451140326687,0.0,0.0,0.13986015066577037,0.0,0.0,0.04538865485756456,0.0,0.17574368892403042,0.0,0.0,0.0,0.07773809910010404,0.0,0.023217450557102094,0.03179239702504952,0.0,0.0,0.0,0.0,0.02778920919418845,0.028826105041937923,0.0,0.02410300335657605,0.0
2012-04-06,0.08611910150207291,0.0,0.0,0.03246324964828061,0.0,0.08214348783190113,0.03246324964828061,0.0,0.0,0.0,0.19495066311124548,0.0,0.0,0.139070438375984,0.0,0.0,0.04394959133836215,0.0,0.17368011568518582,0.0,0.0,0.0,0.07583993278976607,0.0,0.04888497055426208,0.03246324964828061,0.0,0.0,0.0,0.0,0.028488819722503552,0.02948313014387481,0.0,0.0,0.0
2012-04-13,0.08833038879986066,0.0,0.0,0.032995309296673686,0.0,0.08131763606110884,0.032995309296673686,0.0,0.0,0.0,0.18642709339957328,0.0,0.0,0.14830202482833557,0.0,0.0,0.032995309296673686,0.0,0.17204381510754688,0.0,0.0,0.0,0.07434949722968368,0.0,0.023331048024587398,0.032995309296673686,0.0,0.0,0.012236753309015299,0.0,0.053514644862992344,0.028165861190601202,0.0,0.0,0.0
2012-04-20,0.08874348136957248,0.0,0.0,0.033088706704383915,0.0,0.08115914017111098,0.033088706704383915,0.0,0.0,0.0,0.15753774367990375,0.0,0.0,0.14486101814511518,0.0,0.0,0.046632015025856344,0.0,0.17174068919819524,0.0,0.0,0.0,0.07407510814456043,0.0,0.04993326662272361,0.033088706704383915,0.0,0.0,0.0,0.0,0.058453343256931974,0.027598074272878154,0.0,0.0,0.0
2012-04-27,0.12983271222605222,0.0,0.0,0.03314154409981688,0.0,0.08098644374360675,0.06369702266195201,0.0,0.0,0.0,0.17863072731417054,0.0,0.0,0.13031447728376688,0.0,0.0,0.045466961278586356,0.0,0.16129456317764193,0.0,0.0,0.0,0.03314154409981688,0.0,0.05236762260130341,0.03314154409981688,0.0,0.0,0.0,0.0,0.029556155599771244,0.028428681813697714,0.0,0.0,0.0
2012-05-04,0.12993401506592253,0.0,0.0,0.033185846100246844,0.0,0.0808243929707583,0.0875504023020139,0.0,0.0,0.0,0.19141716665482164,0.0,0.0,0.09322768938413233,0.0,0.0,0.04742885403094595,0.0,0.16109366953567222,0.0,0.0,0.0,0.033185846100246844,0.0,0.05217087874959901,0.033185846100246844,0.0,0.0,0.0,0.0,0.028960681683538454,0.027834711321855003,0.0,0.0,0.0
2012-05-11,0.13210076456834846,0.0,0.0,0.033205433008103545,0.0,0.07905390448477548,0.08560949249908019,0.0,0.0,0.0,0.18517692686167697,0.0,0.0,0.0628094887864534,0.0,0.0,0.047434004002172056,0.0,0.15968517533519022,0.0,0.0,0.0,0.033205433008103545,0.0,0.05408894278676891,0.033205433008103545,0.0,0.0,0.0,0.0,0.034083885631649456,0.03677005756788042,0.0,0.023571058451693577,0.0
2012-05-18,0.1321846983589421,0.0,0.0,0.03386526138765163,0.0,0.07834684026540961,0.10196401225596081,0.0,0.0,0.0,0.18724968254256785,0.0,0.0,0.06280854385638308,0.0,0.0,0.03386526138765163,0.0,0.15860966281493394,0.0,0.0,0.0,0.03386526138765163,0.0,0.05051339312812622,0.03386526138765163,0.0,0.0,0.0,0.0,0.03126615939755324,0.03573645867392467,0.0,0.02585950315559177,0.0
2012-05-25,0.13368704052151528,0.0,0.0,0.0,0.0,0.030608211728047795,0.05056783328245312,0.0,0.0,0.0,0.20125619312885995,0.0,0.0,0.060146183041443806,0.0,0.0,0.07508909422505776,0.0,0.20094944883615679,0.0,0.0,0.0,0.09741705257309823,0.0,0.048173294392760205,0.0,0.0,0.0,0.0,0.0,0.034952492275561846,0.03758506341700033,0.0,0.029568092578044925,0.0
2012-06-01,0.07783497142304857,0.0,0.0,0.0,0.0,0.029359803840075808,0.0512179539739209,0.0,0.0,0.0,0.19297495842805984,0.0,0.0,0.06364366960480458,0.0,0.0,0.09937647357819734,0.0,0.20148875332707336,0.0,0.0,0.0,0.10000615297309659,0.0,0.025303696255352014,0.0,0.0,0.0,0.01228330478344399,0.0,0.035338813512987115,0.06179808133693562,0.0,0.04937336696300431,0.0
2012-06-08,0.07563233475985079,0.0,0.0,0.0,0.0,0.026559916396898572,0.08946128583966603,0.0,0.0,0.0,0.2625788825646733,0.0,0.0,0.01945804063440932,0.0,0.0,0.07156599183199447,0.0,0.17504172747293065,0.0,0.0,0.0,0.10452278537261947,0.0,0.018627194193046464,0.0,0.0,0.0,0.0,0.0,0.03780972154409665,0.07105941670144027,0.0,0.04768270268837397,0.0
2012-06-15,0.0736909228999955,0.0,0.0,0.0,0.0,0.023396691683922704,0.06853614111496886,0.0,0.0,0.0,0.2417588757568616,0.0,0.0,0.048933033099743714,0.0,0.0,0.06964605196858584,0.0,0.17500561386052063,0.0,0.0,0.0,0.10873278384817055,0.0,0.0,0.0,0.0,0.0,0.0,0.0,0.030240425480624694,0.07519206561414393,0.03306410592079196,0.05180328875167001,0.0
2012-06-22,0.07202951109348303,0.0,0.0,0.0,0.0,0.02069948913703303,0.06552476364785835,0.0,0.0,0.0,0.24239077842255793,0.0,0.0,0.014426132091185722,0.0,0.0,0.0895846667276605,0.0,0.17490894462194856,0.0,0.0,0.0,0.11224642023799518,0.0,0.016962027054737,0.0,0.0,0.0,0.0,0.0,0.03303121069450794,0.06879488474477136,0.041590952624454294,0.04781021890180704,0.0
2012-06-29,0.05379572285560909,0.0,0.0,0.0,0.0,0.018776422262270234,0.08279509535814791,0.0,0.0,0.0,0.24909913917518242,0.0,0.0,0.032580813574256906,0.0,0.0,0.07129616412130806,0.0,0.17922391313874028,0.0,0.0,0.0,0.13192534161555866,0.0,0.019841800487536913,0.0,0.0,0.0,0.0,0.0,0.034442161420895165,0.07244985658566705,0.0,0.05377356940482722,0.0
2012-07-06,0.05459619086930462,0.0,0.0,0.0,0.0,0.017216919345444927,0.06988658776773615,0.0,0.0,0.0,0.3167437844175521,0.0,0.0,0.0,0.0,0.0,0.05907976594057553,0.0,0.19378245431903177,0.0,0.0,0.0,0.1326784128846946,0.0,0.018469203508009208,0.0,0.0,0.0,0.0,0.0,0.030933653735740967,0.06295574637114079,0.0,0.04365728084076937,0.0
2012-07-13,0.05523490996221171,0.0,0.0,0.0,0.0,0.015895747114004304,0.08683352607582544,0.0,0.0,0.0,0.24345183190771605,0.0,0.0,0.0,0.0,0.0,0.05881234360503668,0.0,0.19306150020210877,0.0,0.0,0.0,0.13300671048020432,0.0,0.0,0.0,0.0,0.0,0.0,0.0,0.03338778530859994,0.06811382390475897,0.0660046836087297,0.04619713783080408,0.0
2012-07-20,0.05538393133500565,0.0,0.0,0.0,0.0,0.015585107806247448,0.08622635542209214,0.0,0.0,0.0,0.23089525647280132,0.0,0.0,0.0,0.0,0.0,0.06168425847457096,0.0,0.19364467170359578,0.0,0.0,0.0,0.1331042111678391,0.0,0.0,0.0,0.0,0.0,0.0,0.0,0.026452129807334194,0.07275073046122955,0.06986630554840713,0.054407041800876625,0.0
2012-07-27,0.0,0.0,0.0,0.0,0.0,0.008277859977271545,0.16375766497260325,0.0,0.0,0.0,0.26958220279468853,0.0,0.0,0.012160827501875512,0.0,0.0,0.07077585539171025,0.0,0.15420422544439874,0.0,0.0,0.0,0.05517882657869519,0.0,0.0,0.0,0.0,0.0,0.0,0.0,0.03726400887971151,0.0682863326116432,0.0965267337236778,0.06398546212372459,0.0
2012-08-03,0.05633908695024046,0.0,0.0,0.0,0.0,0.013510967995389823,0.16612898248774713,0.0,0.0,0.0,0.21358574052523197,0.0,0.0,0.01198323107516458,0.0,0.0,0.055211343216144994,0.0,0.1789208609759589,0.0,0.0,0.0,0.055211343216144994,0.0,0.010903778327454294,0.0,0.0,0.0,0.0,0.0,0.02917881219943445,0.07297036094733345,0.07030081591525253,0.06575467616850243,0.0
2012-08-10,0.056419279067885894,0.0,0.0,0.0,0.0,0.013401280158134172,0.16422121102319465,0.0,0.0,0.0,0.21172342606963007,0.0,0.0,0.011853659834741211,0.0,0.0,0.055273002989308775,0.0,0.17881859759595983,0.0,0.0,0.0,0.055273002989308775,0.0,0.0,0.0,0.0,0.0,0.0,0.0,0.05231704799786707,0.07420767042717387,0.060183047981446226,0.06630877386534942,0.0
2012-08-17,0.05654038481359984,0.0,0.0,0.0,0.0,0.013281647294520745,0.13419072740432186,0.0,0.0,0.0,0.20291362122251386,0.0,0.0,0.03450363928617257,0.0,0.0,0.09854229823960385,0.0,0.17874027612809834,0.0,0.0,0.0,0.055340134985806644,0.0,0.0,0.0,0.0,0.0,0.0,0.0,0.02622026332215761,0.07311773590601499,0.05880916080555139,0.0678001105916382,0.0
2012-08-24,0.05664008164318152,0.0,0.0,0.0,0.0,0.013173511477621013,0.13410627278642243,0.0,0.0,0.0,0.16159159183157248,0.0,0.0,0.11364105075607404,0.0,0.0,0.0891183767455891,0.0,0.17862913095442814,0.0,0.0,0.0,0.055563305990689746,0.0,0.024160493553100536,0.0,0.0,0.0,0.0,0.0,0.043380997329772526,0.062368759885850215,0.0,0.0676264270456981,0.0
2012-08-31,0.056944446893447395,0.0,0.0,0.0319716701882492,0.0,0.039666423725048465,0.08307947311726449,0.0,0.0,0.0,0.09774479627697634,0.0,0.0,0.04465875838292302,0.0,0.0,0.18402364320623865,0.0,0.14422248837841378,0.0,0.0,0.0,0.11005582024234535,0.0,0.0,0.0319716701882492,0.0,0.0,0.0,0.0,0.039035383068376596,0.0637716621708725,0.0,0.07285376416159473,0.0
2012-09-07,0.0,0.0,0.0,0.03215924731566986,0.0,0.03962168435886445,0.059196098521171116,0.0,0.0,0.0,0.09619973496488804,0.0,0.0,0.0668363640032801,0.0,0.0,0.16542631609435463,0.0,0.1099856112944558,0.0,0.0,0.0,0.1099856112944558,0.0,0.043184896038093244,0.03215924731566986,0.0,0.0,0.0,0.0,0.11113367885848835,0.061133513977912696,0.0,0.07297799596269577,0.0
2012-09-14,0.057438718302863304,0.0,0.0,0.0323836815484939,0.0,0.03963728577094769,0.04331733648474771,0.0,0.0,0.0,0.09303546121435179,0.0,0.0,0.08619042583611186,0.0,0.0,0.14468116327105096,0.0,0.14445653488962404,0.0,0.0,0.0,0.12524244124915895,0.0,0.027187604406288538,0.0323836815484939,0.0,0.0,0.0,0.0,0.042249917504416,0.059827819457676124,0.0,0.07196792851577512,0.0
2012-09-21,0.057589618145056636,0.0,0.0,0.032623215691464896,0.0,0.03968340045052036,0.04337378435708307,0.0,0.0,0.0,0.09383077708896516,0.0,0.0,0.0918121233075487,0.0,0.0,0.13226364175931646,0.0,0.1444858547420904,0.0,0.0,0.0,0.12829120061038388,0.0,0.027068447477947163,0.032623215691464896,0.0,0.0,0.0,0.0,0.046084861810965806,0.06146353726617472,0.0,0.06880632160101767,0.0
2012-09-28,0.0,0.0,0.0,0.03281848493243256,0.0,0.03969213720645148,0.12563003821276963,0.0,0.0,0.0,0.09118707358708274,0.0,0.0,0.12927762473853038,0.0,0.0,0.1575168503396608,0.0,0.03281848493243256,0.0,0.0,0.0,0.10988862878869059,0.0,0.04065423500070256,0.03281848493243256,0.0,0.0,0.0,0.0,0.07518369775885168,0.057056130333023966,0.0,0.07545812923693843,0.0
2012-10-05,0.05800611577363367,0.0,0.0,0.033007884639063075,0.0,0.03971647191139609,0.12444631172346493,0.0,0.0,0.0,0.12244966601538809,0.0,0.0,0.039569335181452926,0.0,0.0,0.12655598454058067,0.0,0.06781155410324327,0.0,0.0,0.0,0.10984777782991242,0.0,0.026053389131312752,0.033007884639063075,0.0,0.0,0.0,0.0,0.08697571749441851,0.06188430084448394,0.0,0.07066760617258644,0.0
2012-10-12,0.05817287608702389,0.0,0.0,0.033184177655874905,0.0,0.03973997726603884,0.12451684460962739,0.0,0.0,0.0,0.09432291248310198,0.0,0.0,0.0,0.0,0.0,0.2234211342464713,0.0,0.06808790330808924,0.0,0.0,0.0,0.10979262588711013,0.0,0.0,0.033184177655874905,0.0,0.0,0.0,0.0,0.07443858375621726,0.05986146577039654,0.0,0.08127732127417353,0.0
2012-10-19,0.05826970846341256,0.0,0.0,0.03335217003834724,0.0,0.03978671510715301,0.12475114255417476,0.0,0.0,0.0,0.08977681547099603,0.0,0.0,0.0,0.0,0.0,0.2022951997398461,0.0,0.06831399511639477,0.0,0.0,0.0,0.10974559173507462,0.0,0.02669803454428498,0.03335217003834724,0.0,0.0,0.042421399816551145,0.0,0.03421671106896057,0.05283259331057446,0.0,0.08418775299588216,0.0
2012-10-26,0.06836640715356142,0.0,0.0,0.03353979091185326,0.0,0.039853384464437085,0.15196174267611612,0.0,0.0,0.007559991006354969,0.10669923538051664,0.0,0.0,0.0,0.0,0.0,0.17629479501484968,0.0,0.06851164239890614,0.0,0.0,0.0,0.1071954783620618,0.0,0.027296550632778385,0.03353979091185326,0.0,0.0,0.044336811275801455,0.0,0.0,0.05192458116732149,0.0,0.08291979864358823,0.0
2012-11-02,0.06828668430421021,0.0,0.0,0.03369644866957507,0.0,0.03989535313876687,0.154750822283431,0.0,0.0,0.0074870819522376095,0.16781193061400257,0.0,0.0,0.02271614748113385,0.0,0.0,0.16285675220487766,0.0,0.06867879369031112,0.0,0.0,0.0,0.10727376045908835,0.0,0.0,0.03369644866957507,0.0,0.0,0.0,0.0,0.0,0.054261524278514404,0.0,0.07858825225427615,0.0
2012-11-09,0.06817161409662954,0.0,0.0,0.03384606342413409,0.0,0.039959193202247605,0.12009679893649003,0.0,0.0,0.007439405307744467,0.10356710504253745,0.0,0.0,0.0,0.0,0.0,0.20384017839260085,0.0,0.06879750763591624,0.0,0.0,0.0,0.1073204226442393,0.0,0.01845517925774382,0.03384606342413409,0.0,0.0,0.061233469097773205,0.0,0.0,0.05499454471892041,0.0,0.07843245481888855,0.0
2012-11-16,0.15623128865351696,0.0,0.0,0.03374896844609618,0.0,0.09740907056589804,0.1604851836033716,0.0,0.0,0.009299179722446822,0.21942478083891281,0.0,0.0,0.0,0.0,0.0,0.09549957499505386,0.0,0.08935423001110665,0.0,0.0,0.0,0.10479875471750069,0.0,0.0,0.03374896844609618,0.0,0.0,0.0,0.0,0.0,0.0,0.0,0.0,0.0
2012-11-23,0.07094079715660856,0.0,0.001509798023921262,0.03297044796800852,0.0,0.048497523952145086,0.14743983022549184,0.0,0.0,0.010898457885711463,0.1790930709850136,0.0,0.0,0.0,0.0,0.0,0.12063692733741965,0.0,0.07923782074071374,0.0,0.0,0.0,0.10254545530725266,0.0,0.0,0.03297044796800852,0.0,0.0,0.05666326310921956,0.0,0.0,0.03567331863976068,0.0,0.08092284070072457,0.0
2012-11-30,0.014722177235109461,0.0,0.0,0.09141983602639137,0.0,0.04867031099993501,0.08991924473338764,0.0,0.0,0.0,0.18220912862338495,0.0,0.0,0.0,0.0,0.0,0.16616454515931406,0.0,0.045527604500022516,0.0,0.0,0.011041632926332095,0.09141983602639137,0.0,0.0,0.03295677850037254,0.0,0.0,0.1055507455331092,0.0,0.0,0.03946479502298645,0.0,0.08093336471326316,0.0
2012-12-07,0.014948699364987076,0.0,0.04510309912138631,0.09125796289547991,0.0,0.04875576714206396,0.056530406856597465,0.0,0.0,0.0,0.12706679857501416,0.0,0.0,0.0,0.0,0.0,0.17350822958128487,0.0,0.045589281933328,0.0,0.0,0.011211524523740307,0.09125796289547991,0.0,0.0,0.06978736956407561,0.0,0.0,0.10384290144377795,0.0,0.0,0.0424649409107591,0.0,0.07867505519202511,0.0
2012-12-14,0.015189068772992382,0.0,0.04178792937749171,0.09112256123720136,0.0,0.04880833447155583,0.0966268826928787,0.0,0.0,0.0,0.2139432783933073,0.0,0.0,0.0,0.0,0.0,0.120448385914708,0.0,0.04562685324254419,0.0,0.0,0.011391801579744287,0.09112256123720136,0.0,0.0,0.03290092832649763,0.0,0.0,0.07340916094286695,0.0,0.0,0.03957958915181559,0.0,0.07804266465919456,0.0
2012-12-21,0.0717716173208032,0.0,0.0,0.09148589988782282,0.0,0.04233937959985289,0.08740053825622832,0.0,0.0,0.0,0.22043453662223977,0.0,0.0,0.0,0.0,0.0,0.11776744632263164,0.0,0.06696915584977761,0.0,0.0,0.01132131102948395,0.09148589988782282,0.0,0.0,0.051834235429690255,0.0,0.0,0.03144754535407347,0.0,0.0,0.03954519953387303,0.0,0.07619723490569999,0.0
2012-12-28,0.07072881917168763,0.0,0.029695960142806666,0.11026690086219545,0.0,0.008347778013643607,0.06645642887493669,0.0,0.0,0.0,0.18725425064644616,0.0,0.0,0.0,0.0,0.0,0.12059181991037957,0.0,0.07325888824158214,0.0,0.0,0.01027644731311174,0.09999045354908372,0.0,0.0,0.06386202157710114,0.0,0.0,0.04814261824362773,0.0,0.0,0.03421839312481898,0.0,0.07690922032857866,0.0
2013-01-04,0.07037303264627201,0.0,0.029610674479748238,0.11058478332064343,0.0,0.013571562941111611,0.08838110943163746,0.0,0.0,0.0,0.18504378703626972,0.0,0.0,0.0,0.0,0.0,0.1219253262112051,0.0,0.0843768481236668,0.0,0.0,0.00997978369215672,0.10060499962848671,0.0,0.0,0.039279605136739684,0.0,0.0,0.04227108052617351,0.0,0.0,0.035887628673865565,0.0,0.06810977815202336,0.0
2013-01-11,0.06999751897917517,0.0,0.03593674925175135,0.11096986364979577,0.0,0.007954494019367117,0.09271142841280436,0.0,0.0,0.0,0.15962565080894736,0.0,0.0,0.0,0.0,0.0,0.1012981915681389,0.0,0.07379478283029707,0.0,0.0,0.009671672081656875,0.1012981915681389,0.0,0.0,0.07187918969785706,0.0,0.0,0.043510669634954445,0.0,0.0,0.03812592228034178,0.0,0.08322567521677383,0.0
2013-01-18,0.06983794332806048,0.0,0.03480556685584276,0.11140162533515341,0.0,0.007710523865174437,0.09433055861618887,0.0,0.0,0.0,0.16855805728346082,0.0,0.0,0.0,0.0,0.0,0.10197071180490777,0.0,0.07399540864348493,0.0,0.0,0.009430913530245642,0.10197071180490777,0.0,0.0,0.07424140223514886,0.0,0.0,0.042205992605440765,0.0,0.0,0.0,0.0,0.10954058409198339,0.0
2013-01-25,0.05748201150046922,0.0,0.039405627026587155,0.11477331457438275,0.0,0.04721108450664448,0.09231714245624165,0.0,0.0,0.0,0.16748335767889108,0.0,0.0,0.0,0.0,0.0,0.10249890454415556,0.0,0.03448920690028153,0.0,0.0,0.012274410030227195,0.10249890454415556,0.0,0.0,0.07814531646432839,0.0,0.0,0.03939266152939881,0.0,0.0,0.0,0.0,0.11202805824423648,0.0
2013-02-01,0.05766035362532787,0.0,0.03262369980780723,0.1150680496511621,0.0,0.047054099787067434,0.0922025035320859,0.0,0.0,0.0,0.2794796374422338,0.0,0.0,0.0,0.0,0.0,0.10307655199019598,0.0,0.03459621217519672,0.0,0.0,0.011991497660966124,0.10307655199019598,0.0,0.0,0.07482419446953262,0.0,0.0,0.048346647868228065,0.0,0.0,0.0,0.0,0.0,0.0
2013-02-08,0.0,0.0,0.04990059947636643,0.1303453773030029,0.0,0.04689056969732469,0.06949256134937225,0.0,0.0,0.0,0.1429007260285688,0.0,0.0,0.0,0.0,0.0,0.12388306620774753,0.0,0.0,0.0,0.0,0.01170787035758297,0.10363832355488936,0.0,0.0,0.10196391694964356,0.0,0.0,0.09916992516343277,0.0,0.0,0.0,0.0,0.12010706391206852,0.0
2013-02-15,0.057968674847508686,0.0,0.017100987701082364,0.1294840462699331,0.0,0.04678224619436783,0.06981429298544733,0.0,0.0,0.0,0.1291491860674886,0.0,0.0,0.0,0.0,0.0,0.12475295737288408,0.0,0.03478120490850521,0.0,0.0,0.01152195018793746,0.10404463413804407,0.0,0.0,0.06351350412169306,0.0,0.0,0.0776494620761113,0.0,0.0,0.0,0.0,0.13343685312899686,0.0
2013-02-22,0.06942726766348975,0.0,0.019463219229080696,0.07129342851943177,0.0,0.0068397864005493155,0.13779093884099297,0.0,0.0,0.0,0.1156431601491963,0.0,0.0,0.0,0.0,0.0,0.13354216201643934,0.0,0.034852362057339624,0.0,0.0,0.008504998175942781,0.11239002894033119,0.0,0.0,0.08528748556143206,0.0,0.0,0.06977694740432484,0.0,0.0,0.0,0.0,0.1351882150414494,0.0
2013-03-01,0.06939127640928577,0.0,0.013869918245045914,0.07305718492614097,0.0,0.0067622865981095195,0.13560852571420956,0.0,0.0,0.0,0.09742529537509348,0.0,0.0,0.0,0.0,0.0,0.17290505669172057,0.0,0.03491967614688599,0.0,0.0,0.008393862123356835,0.11268997473480566,0.0,0.0,0.07325303443319545,0.0,0.0,0.08538490343905407,0.0,0.0,0.0,0.0,0.11633900516309624,0.0
2013-03-08,0.06931308983756292,0.0,0.016654576813032295,0.06642942876716554,0.0,0.01144112745243512,0.13109487575363116,0.0,0.0,0.0,0.07255771123577733,0.0,0.0,0.0,0.0,0.0,0.17292218940721266,0.0,0.044038918951381456,0.0,0.0,0.008377296141380488,0.11272512947252294,0.0,0.0,0.07755487706052722,0.0,0.0,0.07703299428184844,0.0,0.0,0.03548960363108557,0.0,0.10436818119443687,0.0
2013-03-15,0.06931926904161939,0.0,0.0,0.07285915966240944,0.0,0.0070470733878628825,0.1367620435242132,0.0,0.0,0.0,0.0890556197395055,0.0,0.0,0.0,0.0,0.0,0.13669204450594702,0.0,0.03485456246015977,0.0,0.0,0.00842124870601483,0.11262064337940708,0.0,0.01331534135534522,0.07063793340348092,0.0,0.0,0.08708654257978024,0.0,0.0,0.03978002315485358,0.0,0.12154849509940091,0.0
2013-03-22,0.06947704749257137,0.0,0.0,0.0713808972457835,0.0,0.007118405400510572,0.13845238474407368,0.0,0.0,0.0,0.07977571437350754,0.0,0.0,0.0,0.0,0.0,0.16872039460939905,0.0,0.034870901033771814,0.0,0.0,0.008519159327213761,0.11251044097175542,0.0,0.010861870337334278,0.05558445648850534,0.0,0.0,0.08347333058795045,0.0,0.0,0.044884781960033544,0.01647295258920089,0.09789726283838873,0.0
2013-03-29,0.06964787217682378,0.0,0.0,0.13690332267221428,0.0,0.007204952461404577,0.07320330960399431,0.0,0.0,0.0,0.0769390637406043,0.0,0.0,0.0,0.0,0.0,0.1412196956781239,0.0,0.03488035808940673,0.0,0.0,0.00863545652085941,0.11233626251790219,0.0,0.011561379435961616,0.055511801750892285,0.0,0.0,0.07795683172384194,0.0,0.0,0.06357035673040817,0.021119788037601634,0.10930954885996085,0.0
2013-04-05,0.011668230259923374,0.0,0.0,0.1209071890599887,0.0,0.007285028987416494,0.07548628804881366,0.0,0.0,0.0,0.06745490107073857,0.0,0.0,0.0,0.0,0.0,0.18821834773086657,0.0,0.0,0.0,0.0,0.00875117269494253,0.12610002421137495,0.0,0.026504077306118635,0.05543349395386547,0.0,0.0,0.10547315595886664,0.0,0.0,0.06301686161247379,0.050168442094748904,0.09353278700986167,0.0
2013-04-12,0.01181468392993892,0.0,0.0,0.12086349192632981,0.0,0.007351692065073085,0.0714740678503511,0.0,0.0,0.0,0.05635187735585227,0.0,0.0,0.0,0.0,0.0,0.22658475147416146,0.0,0.0,0.0,0.0,0.00886101294745419,0.11200247897887564,0.0,0.026692651783313405,0.05535284044678809,0.0,0.0,0.10612786033159423,0.0,0.0,0.05835152045979269,0.04369799125300964,0.09447307919746535,0.0
2013-04-19,0.0132322760939672,0.0,0.0,0.12004288682034625,0.0,0.013516626426619903,0.06737580230153516,0.0,0.0,0.0,0.02933485408583857,0.0,0.0,0.0,0.0,0.0,0.21060490157588627,0.0,0.010813301141295924,0.0,0.0,0.0099242070704754,0.11011867974987086,0.0,0.05399956851909936,0.05548692213691138,0.0,0.0,0.09692560420461453,0.0,0.0,0.05501018725874034,0.05642818621072568,0.09718599640407315,0.0
2013-04-26,0.09727357793315701,0.0,0.0,0.11040788353897221,0.0,0.015549375784905627,0.06262021631029585,0.0,0.0,0.01175195591631616,0.029908410053673683,0.0,0.0,0.0,0.0,0.0,0.1576771177112938,0.0,0.08405836808477649,0.0,0.0,0.025742053209004162,0.09865592762265604,0.0,0.04411165016990985,0.036869481273837566,0.0,0.0,0.05386308824725946,0.0,0.0,0.0524611753524908,0.03707258738925519,0.08197713140219602,0.0
2013-05-03,0.09867110610420252,0.0,0.0,0.10908323444909337,0.0,0.016756783590717538,0.062388587027829394,0.0,0.0,0.012973842373037236,0.030246910495742338,0.0,0.0,0.0,0.0,0.0,0.1751439460785538,0.0,0.08433419261279901,0.0,0.0,0.012973842373037236,0.09610939207605615,0.0,0.04445162299512156,0.03623169421180645,0.0,0.0,0.052471722605924795,0.0,0.0,0.055136399797947225,0.03466260872481313,0.07836411448331806,0.0
2013-05-10,0.09899875868461323,0.0,0.0,0.10876775432140615,0.0,0.017039570033005096,0.04935073088051631,0.0,0.0,0.013261120203992945,0.04850091886354571,0.0,0.0,0.0,0.0,0.0,0.16741663386906888,0.0,0.08440583067572935,0.0,0.0,0.013261120203992945,0.11253334114200994,0.0,0.01584883582755852,0.036089610676523366,0.0,0.0,0.052262212377692255,0.0,0.0,0.04866045997141654,0.045468360704709554,0.08813474156421898,0.0
2013-05-17,0.07533949326536711,0.0,0.0,0.10866868633398963,0.0,0.010274215440993766,0.049252627829919064,0.0,0.0,0.013167569164600768,0.033813088423772245,0.0,0.0,0.0,0.0,0.0,0.16026941700637137,0.0,0.07075469929285795,0.0,0.0,0.03738976428452863,0.11922526077409856,0.0,0.03983398789487566,0.0360850586653183,0.0,0.0,0.057438029914086225,0.0,0.0,0.04884679046200052,0.0362006402657198,0.10344067098150012,0.0
2013-05-24,0.07384933098803223,0.0,0.0,0.11011586483442984,0.0,0.009227414161177463,0.04839349035528499,0.0,0.0,0.011762761399972024,0.033040922608248355,0.0,0.0,0.0,0.0,0.0,0.1650158890041824,0.0,0.07153011842815468,0.0,0.0,0.03143430328180906,0.12174282763811561,0.0,0.03856302100899196,0.03663072895531297,0.0,0.0,0.054586794730379785,0.0,0.0,0.051582592872806775,0.03963934049282666,0.10288459924027506,0.0
2013-05-31,0.07333623817303567,0.0,0.0,0.11767114064042303,0.011418818266080967,0.015173799255722115,0.05453947315502848,0.0,0.0,0.0,0.041385050517869434,0.0,0.0,0.0,0.0,0.0,0.19678033872862566,0.0,0.04700572769553432,0.0,0.0,0.011418818266080967,0.10625232237434207,0.0,0.04317962321720635,0.04411787883347327,0.0,0.0,0.06283451726861575,0.0,0.0,0.048179518194634396,0.0254011216649779,0.1013056137483496,0.0
2013-06-07,0.07296659791895962,0.0,0.0,0.11748545649826787,0.01117216556018756,0.015246622373575552,0.050129991519202194,0.0,0.0,0.0,0.04125605628031946,0.0,0.0,0.0189296975095791,0.0,0.0,0.20014095746049515,0.0,0.04703952420208616,0.0,0.0,0.01117216556018756,0.10631329093808031,0.0,0.019795556544769548,0.044177414154300834,0.0,0.0,0.137302921073017,0.0,0.0,0.028895556324977326,0.0,0.0779760260819948,0.0
2013-06-14,0.07262127659553333,0.0,0.0,0.11731458060151842,0.0109417560297645,0.0153141015641074,0.049315245119330865,0.0,0.0,0.0,0.04113469127887896,0.0,0.0,0.01670796736586583,0.0,0.0,0.20743060426130422,0.0,0.04707064238479432,0.0,0.0,0.0109417560297645,0.10637282457175393,0.0,0.021827728979339746,0.044233533705730174,0.0,0.0,0.13415249493334155,0.0,0.0,0.02767614941005294,0.0,0.07694464716891934,0.0
2013-06-21,0.07220792371668203,0.0,0.0,0.1171838757824126,0.010659697437798543,0.015241384178684453,0.04432746250636238,0.0,0.0,0.0,0.04095378194646905,0.0,0.0,0.025984667446501644,0.0,0.0,0.21722835954770936,0.0,0.046990103622717945,0.0,0.0,0.010659697437798543,0.10652417834461406,0.0,0.05371835895697059,0.04432746250636238,0.0,0.0,0.060040426638132326,0.0,0.0,0.03906498766510273,0.0,0.09488763226568137,0.0
2013-06-28,0.1328321656988268,0.0,0.0,0.1831288221958018,0.01082867184073864,0.015579177913995648,0.016398507590618897,0.0,0.0,0.0,0.0424899486818356,0.0,0.0,0.020842288223330153,0.0,0.0,0.2536561995751295,0.0,0.04724142676166433,0.0,0.0,0.01082867184073864,0.0617543248385839,0.0,0.020890810354179015,0.0,0.0,0.0,0.10774216526249876,0.0,0.0,0.022043683758965087,0.0,0.0537431354630931,0.0
2013-07-05,0.13427604533483872,0.0,0.0,0.1802125992400468,0.01244986129026459,0.017025418048357104,0.016706226117306707,0.0,0.0,0.0,0.042696626696030006,0.0,0.0,0.022895620038427707,0.0,0.0,0.2571374355555289,0.0,0.04833961313069007,0.0,0.0,0.01244986129026459,0.059268670567652344,0.0,0.020698515013770482,0.0,0.0,0.0,0.10365853268878467,0.0,0.0,0.01980918864755297,0.0,0.052375786340484246,0.0
2013-07-12,0.13541257737168483,0.0,0.0,0.17789649788043824,0.013723132170785392,0.01816310600478396,0.01866883262771702,0.0,0.0,0.0,0.042860983613178694,0.0,0.0,0.023176877647075857,0.0,0.0,0.26206679710057657,0.0,0.049203784278944625,0.0,0.0,0.013723132170785392,0.05735053507481916,0.0,0.03873314355611242,0.0,0.0,0.0,0.06195049135291929,0.0,0.0,0.024073882043661718,0.0,0.06299622710651674,0.0
2013-07-19,0.13567748965239532,0.0,0.0,0.17734558631618538,0.01402061780447273,0.018428461765714676,0.018388331428708223,0.0,0.0,0.0,0.04289887859199638,0.0,0.0,0.022595451568262512,0.0,0.0,0.25471446167670475,0.0,0.049405275074720235,0.0,0.0,0.01402061780447273,0.05692625730413473,0.0,0.022254061385299034,0.0,0.0,0.0,0.10428722198216209,0.0,0.0,0.01940680181337415,0.0,0.049630485831396995,0.0
2013-07-26,0.11685958290351116,0.0,0.0,0.12860743884436537,0.0,0.018671876784005136,0.13273498247526827,0.0,0.0,0.0,0.04293213430484821,0.0,0.0,0.02158362549901935,0.0,0.0,0.21964322336482833,0.0,0.04958986757806465,0.0,0.0,0.01906031963494093,0.05299152508189771,0.0,0.04205029119288661,0.0,0.0,0.0,0.10593119096028515,0.0,0.0,0.0,0.0,0.049343941376078955,0.0
2013-08-02,0.11674355456584126,0.0,0.0,0.1283965998612672,0.0,0.01890477773684954,0.13060845771230495,0.0,0.0,0.0,0.04296518454170594,0.0,0.0,0.02691000187278193,0.0,0.0,0.22134328504100603,0.0,0.04976668148201827,0.0,0.0,0.019408776698123322,0.0528080945073118,0.0,0.03695586732125208,0.0,0.0,0.0,0.1046158486442274,0.0,0.0,0.0,0.0,0.05057287001531014,0.0
2013-08-09,0.11663387595620864,0.0,0.0,0.12818719396675507,0.0,0.019130452064921342,0.12818719396675507,0.0,0.0,0.0,0.04299863369632511,0.0,0.0,0.034016057951161215,0.0,0.0,0.22696003825632224,0.0,0.049938234355305686,0.0,0.0,0.019744235154946076,0.052636870860268796,0.0,0.04892437902959256,0.0,0.0,0.0,0.05760011099295311,0.0,0.009375349322621952,0.0,0.0,0.06566737442586303,0.0
2013-08-16,0.1165289989719468,0.0,0.0,0.12798299948829875,0.0,0.019346351675700153,0.12798299948829875,0.0,0.0,0.0,0.04303066051491002,0.0,0.0,0.03635103066696185,0.0,0.0,0.23227209694992243,0.0,0.050102360879098244,0.0,0.0,0.020065123158625547,0.052484475785890376,0.0,0.04779122939862877,0.0,0.0,0.0,0.05527072988820451,0.0,0.0,0.0,0.0,0.07079094313351374,0.0
2013-08-23,0.116431820186372,0.0,0.0,0.12780504112679048,0.0,0.019537647592252214,0.12780504112679048,0.0,0.0,0.0,0.04305683401803311,0.0,0.0,0.046211120446606316,0.0,0.0,0.23289697574939966,0.0,0.05024743520449275,0.0,0.0,0.02035282547242008,0.052354180032711625,0.0,0.037051382867904284,0.0,0.0,0.0,0.12624969617622694,0.0,0.0,0.0,0.0,0.0,0.0
2013-08-30,0.11634039359934636,0.0,0.0,0.12456206297672405,0.020569514690113123,0.019668544477997495,0.09017963748811825,0.0,0.0,0.020569514690113123,0.043061827917783554,0.0,0.0,0.03990538931628609,0.0,0.0,0.29875182375848297,0.0,0.050344661615421255,0.0,0.0,0.0,0.05495194017871892,0.0,0.07002964240662778,0.0,0.0,0.0,0.05106504688426705,0.0,0.0,0.0,0.0,0.0,0.0
2013-09-06,0.1162543476136558,0.0,0.0,0.12431248277356667,0.0207452186082217,0.019766071697947505,0.09018306525836861,0.0,0.0,0.0207452186082217,0.043056261448900165,0.0,0.0,0.07347536332931048,0.0,0.0,0.2460684324597443,0.0,0.05041563315683033,0.0,0.0,0.0,0.054874636123419765,0.0,0.062288704338502934,0.0,0.0,0.0,0.0,0.0,0.0,0.015395670793415849,0.001761275942645988,0.06065761784724813,0.0
2013-09-13,0.11617601528022548,0.0,0.0,0.12407229220830596,0.020910272343613437,0.019859493219931613,0.09017421781684971,0.0,0.0,0.020910272343613437,0.043053048869004504,0.0,0.0,0.07071454866256466,0.0,0.0,0.24030138628137948,0.0,0.050483952163048726,0.0,0.0,0.0,0.054808346735069687,0.0,0.05780774140343249,0.0,0.0,0.0,0.0,0.0,0.01215934295079966,0.016830466547288685,0.0,0.06173860317487234,0.0
2013-09-20,0.11610257469641372,0.0,0.0,0.1238360415938283,0.02106936354799687,0.0199510305602182,0.09016093081787932,0.0,0.0,0.02106936354799687,0.043051616857471796,0.0,0.0,0.09547837986794451,0.0,0.0,0.22387423336989684,0.0,0.050551164632638285,0.0,0.0,0.0,0.05474447432394586,0.0,0.05079234060034497,0.0,0.0,0.0,0.03531985109081101,0.0,0.0,0.0,0.0,0.05399863449261343,0.0
2013-09-27,0.11603312798520017,0.0,0.0,0.127589289911888,0.0,0.020032414997538082,0.1063751792899315,0.0,0.0,0.021214110621956495,0.04304819276772761,0.0,0.0,0.09049549776027664,0.0,0.0,0.2082129665693237,0.0,0.050610582020438194,0.0,0.0,0.021214110621956495,0.0,0.0,0.057846970998326655,0.05175584771142659,0.0,0.0,0.03265624849093818,0.0,0.0,0.0,0.0,0.052915460253071644,0.0
2013-10-04,0.11596869702714803,0.0,0.0,0.12755258698217017,0.0,0.02012452487701446,0.10618591983894046,0.0,0.0,0.02136666714322972,0.04305165733770168,0.0,0.0,0.10950831352893847,0.0,0.0,0.20488527643999632,0.0,0.050678990731004486,0.0,0.0,0.02136666714322972,0.0,0.0,0.06203019049097967,0.05160268429360982,0.0,0.0,0.0,0.0,0.014915922816217383,0.0,0.0,0.050761901349819505,0.0
2013-10-11,0.11590817711108578,0.0,0.0,0.12750059575755668,0.0,0.020214327866247488,0.10598701974238156,0.0,0.0,0.021513576015175118,0.04305622532296911,0.0,0.0,0.112233939633473,0.0,0.0,0.20384088547000676,0.0,0.050745874383179346,0.0,0.0,0.021513576015175118,0.0,0.0,0.06482999960054131,0.0514946168028218,0.0,0.0,0.0,0.0,0.01261134756703347,0.0,0.0,0.04854983871235346,0.0
2013-10-18,0.11141179302850251,0.0,0.0,0.1290971262832277,0.0,0.02295842578923784,0.1051494190588574,0.0,0.0,0.023947707224370295,0.04311842641837278,0.0,0.0,0.11581311320279064,0.0,0.0,0.20385440278347638,0.0,0.05127876034581414,0.0,0.0,0.023947707224370295,0.0,0.0,0.06082793874235204,0.051280038654985274,0.0,0.0,0.0,0.0,0.013002306154825395,0.0,0.0,0.04431283508881731,0.0
2013-10-25,0.1336366728538741,0.0,0.0,0.09388549018483229,0.0,0.025827869868299783,0.040242679278403776,0.0,0.0,0.020159262984873708,0.041690923238325385,0.0,0.0,0.14128804071274448,0.0,0.0,0.17333550772461556,0.0,0.05335711392805985,0.0,0.0,0.020159262984873708,0.09388549018483229,0.0,0.05808559505588187,0.040242679278403776,0.0,0.0,0.0,0.0,0.02499248180537887,0.0,0.0,0.03921092991660041,0.0
2013-11-01,0.13252044218943945,0.0,0.0,0.09268969409811303,0.0,0.02829557937470805,0.03933341572453546,0.0,0.0,0.022165223846360153,0.04063707625368382,0.0,0.0,0.14041032103074513,0.0,0.0,0.17440578036758883,0.0,0.0550977052325414,0.0,0.0,0.022165223846360153,0.09268969409811303,0.0,0.06718928959444695,0.03933341572453546,0.0,0.0,0.0,0.0,0.02060268309655186,0.0,0.0,0.03246445552227724,0.0
2013-11-08,0.1317691845876499,0.0,0.0,0.09112124563264999,0.0,0.030552631093486604,0.038674500188751994,0.0,0.0,0.023838540430056412,0.04021051443941845,0.0,0.0,0.14778223213936775,0.0,0.0,0.1757384464369194,0.0,0.056443321281310285,0.0,0.0,0.023838540430056412,0.09112124563264999,0.0,0.05720648640522139,0.038674500188751994,0.0,0.0,0.0,0.0,0.018647694370609078,0.0,0.0,0.03438091674310019,0.0
2013-11-15,0.1316589389513928,0.0,0.0,0.08940343671015136,0.0,0.03196777862306219,0.03864140978586294,0.0,0.0,0.024953212994867725,0.041336218565678214,0.0,0.0,0.1407761193783088,0.0,0.0,0.18216420055617702,0.0,0.05605790875693792,0.0,0.0,0.024953212994867725,0.08940343671015136,0.0,0.05424412718599617,0.03864140978586294,0.0,0.0,0.0,0.0,0.021491642039089997,0.0,0.0,0.034306946961592664,0.0
2013-11-22,0.13242853466177468,0.0,0.0,0.08484602726021861,0.0,0.03479808813977524,0.038277713506572233,0.0,0.0,0.02849251378008117,0.04180095488323358,0.0,0.0,0.14411524195764863,0.0,0.0,0.1809091372591049,0.0,0.05661986065749658,0.0,0.0,0.02849251378008117,0.08484602726021861,0.0,0.06024478367832551,0.038277713506572233,0.0,0.0,0.0,0.0,0.013846952556601939,0.0,0.0,0.0320039371122948,0.0
2013-11-29,0.13315771844739363,0.0,0.0,0.09074359038189554,0.0,0.036955555982453356,0.04731613113492547,0.0,0.0,0.0311904263527426,0.042200488746159254,0.0,0.0,0.144569837877146,0.0,0.0,0.19642990640845057,0.0,0.05708846841902687,0.0,0.0,0.0311904263527426,0.04342745924697007,0.0,0.05595010692162125,0.04731613113492547,0.0,0.0,0.01214899481964562,0.0,0.0,0.0,0.0,0.030314757773901663,0.0
2013-12-06,0.13336950362661756,0.0,0.0,0.08830476375320039,0.0,0.03864934225165639,0.04701032522730307,0.0,0.0,0.03330850532508626,0.04205812686535679,0.0,0.0,0.1469187837937817,0.0,0.0,0.19450274008229512,0.0,0.057695981752532405,0.0,0.0,0.03330850532508626,0.041294438525897315,0.0,0.053686838939336866,0.04701032522730307,0.0,0.0,0.0,0.0,0.014789375925731364,0.0,0.0,0.02809244337881537,0.0
2013-12-13,0.13364768250162398,0.0,0.0,0.08621657914863828,0.0,0.04000960709517976,0.04672110416687007,0.0,0.0,0.035009515903735494,0.042070541361657096,0.0,0.0,0.15291153854727638,0.0,0.0,0.1898710083036469,0.0,0.058121983930544616,0.0,0.0,0.035009515903735494,0.03949547498176822,0.0,0.0473809912728217,0.04672110416687007,0.0,0.0,0.0,0.0,0.019613231926835176,0.0,0.0,0.02720012078879671,0.0
2013-12-20,0.13502573913599034,0.0,0.0,0.08799149032487344,0.0,0.037410776324,0.04627946718541842,0.0,0.0,0.03315852705097311,0.04156917650390407,0.0,0.0,0.15245120864221168,0.0,0.0,0.1944028292261383,0.0,0.057812376925711645,0.0,0.0,0.03315852705097311,0.041712023139455025,0.0,0.056078401964406534,0.04627946718541842,0.0,0.0,0.0,0.0,0.03666998934052593,0.0,0.0,0.0,0.0
2013-12-27,0.1361474153252496,0.0,0.0,0.10589563817232794,0.0,0.03443085604550444,0.13611786476963209,0.0,0.0,0.030222226597304138,0.04202139811342647,0.0,0.0,0.15442916597370188,0.0,0.0,0.20893846847342404,0.0,0.056806297058485306,0.0,0.0,0.0,0.0,0.0,0.057743782922926874,0.0,0.0,0.0,0.0,0.0,0.03724688654801712,0.0,0.0,0.0,0.0
2014-01-03,0.13689452097041035,0.0,0.0,0.10822287313855483,0.0,0.03193832417567352,0.1360098111785026,0.0,0.0,0.027786938039947764,0.04232823417665763,0.0,0.0,0.14822790294372112,0.0,0.0,0.20952834872138584,0.0,0.0559049169844386,0.0,0.0,0.0,0.0,0.0,0.05213144527258852,0.0,0.0,0.0,0.0,0.0,0.05102668439811916,0.0,0.0,0.0,0.0
2014-01-10,0.1370387394928095,0.0,0.0,0.10835767670795834,0.0,0.03169300297622176,0.13596866315293055,0.0,0.0,0.027610986444972216,0.04219699576138794,0.0,0.0,0.06935677320064562,0.0,0.0,0.2513309668420451,0.0,0.05596906234978612,0.0,0.0,0.0,0.0,0.0,0.06839544643502425,0.0,0.0,0.0,0.016037559083749157,0.0,0.056044127552469555,0.0,0.0,0.0,0.0
2014-01-17,0.08579241103031392,0.0,0.0,0.11104617624438651,0.0,0.029538743282346305,0.13607312716275657,0.0,0.0,0.02502695091837006,0.032369182714558485,0.0,0.0,0.1660459597700952,0.0,0.0,0.21767135955820235,0.0,0.05508488050936935,0.0,0.0,0.0,0.0,0.0,0.07820781885160877,0.0,0.0,0.0,0.0,0.0,0.06314338995799243,0.0,0.0,0.0,0.0
2014-01-24,0.08176039054420445,0.0,0.0,0.11667445202289255,0.0,0.02648815623627156,0.13783390112281746,0.0,0.0,0.021159449099924923,0.03229350817545046,0.0,0.0,0.16651284387389692,0.0,0.0,0.21464440682054675,0.0,0.05331920003559998,0.0,0.0,0.0,0.0,0.0,0.08119050972396741,0.0,0.0,0.0,0.0,0.0,0.06812318234442746,0.0,0.0,0.0,0.0
2014-01-31,0.11781292481981417,0.0,0.0,0.12084461337014872,0.0,0.024225702361595578,0.12938174433490168,0.0,0.0,0.008537130964752964,0.032232199825149424,0.0,0.0,0.16036850293795948,0.0,0.0,0.19824652039990287,0.0,0.05201710448112318,0.0,0.0,0.0,0.0,0.0,0.08391521783072767,0.0,0.0,0.0,0.0,0.0,0.07241833867392422,0.0,0.0,0.0,0.0
2014-02-07,0.1110197533923186,0.0,0.0,0.12435564048258764,0.0,0.02239223396508528,0.13189023102045813,0.0,0.0,0.007534590537870497,0.03206294348183089,0.0,0.0,0.16485229142807464,0.0,0.0,0.18240146469055557,0.0,0.05094289281009373,0.0,0.0,0.0,0.0,0.0,0.0832897135053221,0.0,0.0,0.0,0.017315430915294118,0.0,0.07194281377050865,0.0,0.0,0.0,0.0
2014-02-14,0.10575962206242068,0.0,0.0,0.12724100711979136,0.0,0.02091407215350474,0.13399324242598729,0.0,0.0,0.006752235306195932,0.03187079359899546,0.0,0.0,0.1658495162885507,0.0,0.0,0.2002545577460434,0.0,0.050091353595497184,0.0,0.0,0.0,0.0,0.0,0.09072553065026939,0.0,0.0,0.0,0.0,0.0,0.06654806905274378,0.0,0.0,0.0,0.0
2014-02-21,0.12923934546236382,0.0,0.0,0.12721733961143758,0.0,0.020935213794281027,0.133954206969568,0.0,0.0,0.006736867358130438,0.03184711482281838,0.0,0.0,0.17306174198807733,0.0,0.0,0.19942151041423978,0.0,0.050180780504969574,0.0,0.0,0.0,0.0,0.0,0.09352739982797607,0.0,0.0,0.0,0.0,0.0,0.03028197087673349,0.0035965083694043847,0.0,0.0,0.0
2014-02-28,0.13033216899214373,0.0,0.0,0.09121229604709581,0.0,0.05632706430289994,0.09808508765377989,0.0,0.0,0.0,0.03874354896807867,0.0,0.0,0.17694180550679128,0.0,0.0,0.16062998976298387,0.0,0.08561368004932464,0.0,0.0,0.0,0.03525749464443603,0.0,0.09230919344328603,0.0,0.0,0.0,0.0,0.0,0.030145794093549564,0.004401876535630271,0.0,0.0,0.0
2014-03-07,0.13702413542894762,0.0,0.0,0.08938035277907905,0.0,0.05743559166612246,0.09727016530206586,0.0,0.0,0.0,0.03919905454057987,0.0,0.0,0.1600355824709268,0.0,0.0,0.15483137385856233,0.0,0.08661647674173018,0.0,0.0,0.0,0.03448632767057531,0.0,0.08565561692442211,0.0,0.0,0.0,0.0,0.0,0.05806532261698848,0.0,0.0,0.0,0.0
2014-03-14,0.1786856593773838,0.0,0.0,0.0853017339448551,0.0,0.0606264003855334,0.09510741830517239,0.0,0.0,0.0,0.05181149531155384,0.0,0.0,0.13983664225646172,0.0,0.0,0.14474701520735983,0.0,0.08748202947233315,0.0,0.0,0.0,0.03384949829757521,0.0,0.07213965574454116,0.0,0.0,0.0,0.0,0.0,0.05041245169723024,0.0,0.0,0.0,0.0
2014-03-21,0.18671308997611857,0.0,0.0,0.08164542607176165,0.0,0.06430620814237684,0.1349114787585452,0.0,0.0,0.0,0.1252107143146407,0.0,0.0,0.08614755776339358,0.0,0.0,0.11209414700644642,0.0,0.099420181701203,0.0,0.0,0.0,0.03269530965923825,0.0,0.0264531040857205,0.0,0.0,0.0,0.0,0.0,0.019018306854735614,0.0,0.0,0.03138447566581966,0.0
2014-03-28,0.16811906732735807,0.0,0.0,0.0780066453859682,0.0,0.06747581011693152,0.0917382369698479,0.0,0.0,0.0,0.04574551045132951,0.0,0.0,0.1420267787429503,0.0,0.0,0.1116064623837912,0.0,0.0893613820942095,0.0,0.0,0.0,0.03182210395129753,0.0,0.06013386611524496,0.0,0.0,0.0,0.0,0.0,0.052590066841088745,0.0,0.019752429396461813,0.04162164022352058,0.0
2014-04-04,0.1674164301310001,0.0,0.0,0.07798660808756513,0.0,0.06745333167736933,0.1191189180900601,0.0,0.0,0.0,0.045848706354652095,0.0,0.0,0.0880225389406877,0.0,0.0,0.11134218572345841,0.0,0.08920380688795243,0.0,0.0,0.0,0.03187546250308748,0.0,0.06142027900998889,0.0,0.0,0.0,0.0,0.0,0.0617071255219969,0.0,0.03146169900413685,0.0471429080680444,0.0
2014-04-11,0.11890411036387892,0.0,0.0,0.07799462433181173,0.0,0.0675079460913727,0.11105413761982318,0.0,0.0,0.0,0.045932850636355785,0.0,0.0,0.09841730119511195,0.0,0.0,0.18721739497835616,0.0,0.06038717514084874,0.0,0.0,0.0,0.031904091338752924,0.0,0.03551098174302927,0.0,0.0,0.0,0.0,0.0,0.09555824062548623,0.0,0.06961114593517236,0.0,0.0
2014-04-18,0.20146229314497371,0.0,0.0,0.07421680121542248,0.0,0.07088277264252214,0.16349221546758955,0.0,0.0,0.0,0.12004743720768835,0.0,0.0,0.04567329311383987,0.0,0.0,0.1463751613649471,0.0,0.09957333929971249,0.0,0.0,0.0,0.03177337424993654,0.0,0.019215050190575005,0.0,0.0,0.0,0.0,0.0,0.027288262102792588,0.0,0.0,0.0,0.0
2014-04-25,0.09832867429780251,0.03614079843699559,0.0,0.071915713050511,0.0,0.042238085636816816,0.15884868902381802,0.0,0.0,0.0,0.032565598444197555,0.0,0.0,0.07396988549648761,0.0,0.0,0.2023931755655472,0.0,0.06495482088084023,0.0,0.0,0.0,0.031164352371386768,0.0,0.0,0.031164352371386768,0.0,0.0,0.0,0.0,0.09306188508358301,0.01144561973200062,0.0518083496086261,0.0,0.0
2014-05-02,0.10610842403260859,0.033797775897375155,0.0,0.07427260071358621,0.0,0.040695078282327934,0.14965020896102432,0.0,0.0,0.0,0.032005514416620445,0.0,0.0,0.06174394900132703,0.0,0.0,0.208167579234373,0.0,0.09161416979110035,0.0,0.0,0.0,0.031867763325786516,0.0,0.0,0.031867763325786516,0.0,0.0,0.013927351419780003,0.0,0.03279375848498516,0.0,0.05576586905354974,0.03572219405976889,0.0
2014-05-09,0.10412665718756511,0.031906892430821975,0.0,0.07539563895955673,0.0,0.0393034716515759,0.13270120697530188,0.0,0.0,0.0,0.0326983714420498,0.0,0.0,0.06439609734614495,0.0,0.0,0.21597689652618418,0.0,0.09095062504570692,0.0,0.0,0.0,0.03274355702541638,0.0,0.03838245352456191,0.03274355702541638,0.0,0.0,0.0,0.0,0.06463415127892196,0.0,0.04404042358077584,0.0,0.0
2014-05-16,0.1024825989150601,0.030409609795642306,0.0,0.07648244395100075,0.0,0.03819773250826141,0.10689205374664305,0.0,0.0,0.0,0.04656876871850251,0.0,0.0,0.030409609795642306,0.0,0.0,0.22831941302688102,0.0,0.09037138275396102,0.0,0.0,0.017667136957137397,0.03341112267707756,0.0,0.026546910357723254,0.03341112267707756,0.0,0.0,0.0,0.0,0.07864614996726782,0.009946409121187098,0.05023753503093461,0.0,0.0
2014-05-23,0.10122547755744792,0.029208481826117898,0.0,0.0773554950500949,0.0,0.03730106793209843,0.1065639768762128,0.0,0.0,0.0,0.04846182295230407,0.0,0.0,0.05415952113285372,0.0,0.0,0.21763635230237915,0.0,0.08990857405981473,0.0,0.0,0.011569711160433238,0.0339091937920881,0.0,0.0,0.0339091937920881,0.0,0.0,0.0,0.0,0.06552972338375163,0.0,0.05117567339841058,0.04208573478390449,0.0
2014-05-30,0.08903069586448238,0.03252507544826454,0.0,0.08688456299105785,0.0,0.039453650908632495,0.10627675608284004,0.0,0.0,0.0,0.0969270559520136,0.0,0.0,0.0,0.0,0.0,0.21538422235966467,0.0,0.06494362997316933,0.0,0.0,0.0,0.03338070924626333,0.0,0.0,0.03338070924626333,0.0,0.0,0.0,0.0,0.09342866351316437,0.009746851431736373,0.06700827275658312,0.03162914422586438,0.0
2014-06-06,0.046480889155145116,0.03486066686635884,0.0,0.07270036488932136,0.0,0.04208849880294146,0.1321129812041797,0.0,0.0,0.0,0.08738171988542023,0.0,0.0,0.0,0.0,0.0,0.21982484913835632,0.0,0.06651418875999346,0.0,0.0,0.0,0.032843389717640295,0.0,0.0,0.032843389717640295,0.0,0.0,0.0,0.0,0.09893092368357984,0.01881026034733432,0.07335855112650357,0.041249326705585024,0.0
2014-06-13,0.04265352718025058,0.031990145385187935,0.0,0.07538943391932185,0.0,0.038459879654553206,0.13136375403040287,0.0,0.0,0.0,0.08702850826545566,0.0,0.0,0.0,0.0,0.0,0.21951029454817592,0.0,0.06427682455079983,0.0,0.0,0.0,0.033508920827157264,0.0,0.0,0.033508920827157264,0.0,0.0,0.0,0.0,0.09775974485921204,0.021534094011500804,0.07986940761707192,0.04314654432375281,0.0
2014-06-20,0.03748466460509222,0.028113498453819163,0.0,0.07950079168610344,0.0,0.020093533147123064,0.1076142901399226,0.0,0.0,0.0,0.06747417752543952,0.0,0.0,0.0,0.0,0.0,0.2443246361331737,0.0,0.03431584747998765,0.0,0.0,0.04502104531289103,0.03431584747998765,0.0,0.0,0.05567011704235987,0.0,0.0,0.0,0.0,0.15234219950015676,0.028557581738560083,0.0651717697553831,0.0,0.0
2014-06-27,0.0,0.032430996405997295,0.0,0.11979937332791593,0.0,0.04751057966728406,0.03038561387111597,0.0,0.0,0.0,0.11603463214076036,0.0,0.0,0.0,0.0,0.0,0.1921115895375043,0.0,0.06281661027711327,0.0,0.0,0.0,0.06281661027711327,0.0,0.0,0.11316159385592017,0.0,0.0,0.0,0.0,0.11360412658219511,0.022108821769207733,0.08721945228787241,0.0,0.0
2014-07-04,0.0,0.027840186852906113,0.0,0.08418744845442919,0.0,0.04593045548460553,0.03146651163982092,0.0,0.0,0.0,0.10993022158571837,0.0,0.0,0.0416701356234042,0.0,0.0,0.17641211010269836,0.0,0.05930669849272703,0.0,0.0,0.02180969186748733,0.05930669849272703,0.0,0.02981295019023268,0.08418744845442919,0.0,0.0,0.0,0.0,0.1279157306078759,0.026098657447228366,0.07412505470370974,0.0,0.0
2014-07-11,0.052482745881059216,0.024413744454728267,0.0,0.08761546853459415,0.0,0.04479546638587242,0.03227699193927024,0.0,0.0,0.0,0.09250013609076624,0.0,0.0,0.08332599957349818,0.0,0.0,0.18837033859610672,0.0,0.08818038392263403,0.0,0.0,0.02181718046941609,0.056690736393998506,0.0,0.023776548448454383,0.08761546853459415,0.0,0.0,0.0,0.0,0.11613879077500727,0.0,0.0,0.0,0.0
2014-07-18,0.05382637248163319,0.021869078899233743,0.0,0.08974179336613292,0.0,0.04399271651593416,0.04986322102687586,0.0,0.0,0.0,0.05521473458146903,0.0,0.0,0.08609582219980133,0.0,0.0,0.18670920432254634,0.0,0.08705289956215381,0.0,0.0,0.0,0.0547570760731739,0.0,0.023627281242862435,0.08974179336613292,0.0,0.0,0.0,0.0,0.11392750593736561,0.0,0.0,0.04358050042468466,0.0
2014-07-25,0.07488516505822987,0.014854634601574136,0.0,0.10610205349490329,0.0,0.043330882938801406,0.04274823170879847,0.0,0.0,0.0,0.03264696197423933,0.0,0.0,0.07993919723487983,0.0,0.0,0.20410510382460625,0.0,0.08126799047443972,0.0,0.0,0.0,0.04822059912076111,0.0,0.025056016965520206,0.09124741889332916,0.0,0.0,0.0,0.0,0.10937324673815735,0.0,0.0,0.04622249697175979,0.0
2014-08-01,0.07419538472446319,0.01372271672224783,0.0,0.10648394469429166,0.0,0.04272311441229072,0.042064392708558086,0.0,0.0,0.0,0.032089655679113524,0.0,0.0,0.08506508568578613,0.0,0.0,0.17279903003667485,0.0,0.08086840169310697,0.0,0.0,0.0,0.04732934423622731,0.0,0.02513137933026115,0.11710856745389939,0.0,0.0,0.0,0.0,0.11300702851383952,0.0,0.0,0.047411954109239575,0.0
2014-08-08,0.07386578038258698,0.013375378537444733,0.0,0.10628178967386104,0.0,0.04868773572338917,0.03368704785222674,0.0,0.0,0.0,0.029106945365149624,0.0,0.0,0.08653484609420278,0.0,0.0,0.15198057809285848,0.0,0.09268214208619782,0.0,0.0,0.0,0.06006571826240427,0.0,0.023643275189234977,0.1163264685243435,0.0,0.0,0.0,0.0,0.11280103180568077,0.0,0.0,0.05096126241041904,0.0
2014-08-15,0.07357596674399143,0.013066167683231003,0.0,0.10596458136897333,0.0,0.04270465417456534,0.03377601064479377,0.0,0.0,0.0,0.03216589944868708,0.0,0.0,0.08915599064859114,0.0,0.0,0.15886895060685585,0.0,0.08053482422783483,0.0,0.0,0.0,0.06637988295797867,0.0,0.02491918920800274,0.11820045293694026,0.0,0.0,0.0,0.0,0.11275018803804092,0.0,0.0,0.04793724131151349,0.0
2014-08-22,0.07344854042499402,0.0128574292994927,0.0,0.10601458329973365,0.0,0.042590052556721734,0.03383258231496481,0.0,0.0,0.0,0.03205956145119648,0.0,0.0,0.08607303032265183,0.0,0.0,0.1573178042233373,0.0,0.08047319242985976,0.0,0.0,0.0,0.06784363343961,0.0,0.02444493295771457,0.11674384432752435,0.0,0.0,0.0,0.0,0.12295676772296875,0.0,0.0,0.043344045229229945,0.0
2014-08-29,0.05647849282154809,0.0,0.0,0.03953230526771217,0.0,0.008595183039471568,0.03953230526771217,0.0,0.0,0.0,0.04881622587124097,0.0,0.0,0.0920779997444018,0.0,0.0,0.1637962867722673,0.0,0.0902806267365379,0.0,0.0,0.0,0.13473111810149888,0.0,0.06553418066857762,0.13967614984863636,0.0,0.0,0.0,0.0,0.1209491258603951,0.0,0.0,0.0,0.0
2014-09-05,0.0,0.0,0.03926007843952039,0.03960484984239582,0.0,0.008408329413778916,0.03960484984239582,0.0,0.0,0.0,0.04839885757246409,0.0,0.0,0.12155600383069104,0.0,0.0,0.16338389893320907,0.0,0.05617856676760936,0.0,0.0,0.0,0.13587486812778965,0.0,0.03613848973191867,0.16625500261274698,0.0,0.0,0.0,0.0,0.1453362048854801,0.0,0.0,0.0,0.0
2014-09-12,0.056852383032469374,0.0,0.023318683726703506,0.03960407531403775,0.0,0.008255718222295812,0.03960407531403775,0.0,0.0,0.0,0.09436879917910464,0.0,0.0,0.09828718242838527,0.0,0.0,0.11752038717717245,0.0,0.09006435570297444,0.0,0.0,0.0,0.13631785285144016,0.0,0.041853862554680564,0.14857067939390273,0.0,0.0,0.0,0.0,0.10538194510279553,0.0,0.0,0.0,0.0
2014-09-19,0.05702110992228793,0.0,0.0,0.03958560099745486,0.0,0.00810803289426586,0.03958560099745486,0.0,0.0,0.0,0.05921971028883222,0.0,0.0,0.10017550696847415,0.0,0.0,0.1916250793630849,0.0,0.08991281794597872,0.0,0.0,0.0,0.11583726210358336,0.0,0.02432524734804137,0.11583726210358336,0.0,0.0,0.0,0.0,0.10800061307750894,0.0,0.0,0.050766155989449474,0.0
2014-09-26,0.05706098492991934,0.0,0.0,0.03955532569752187,0.0,0.013452083369323551,0.03955532569752187,0.0,0.0,0.0,0.04488304239143399,0.0,0.0,0.12237006620461706,0.0,0.0,0.1292011416482444,0.0,0.16063918159209156,0.0,0.0,0.0,0.11564092393868111,0.0,0.06907834899965963,0.05540678264670254,0.0,0.0,0.0,0.0,0.10619940991338761,0.0,0.0,0.046957382970895536,0.0
2014-10-03,0.05709098065241878,0.0,0.0,0.03951940078630634,0.0,0.013612674798063079,0.03951940078630634,0.0,0.0,0.0,0.04482799719690653,0.0,0.0,0.12639628986046925,0.0,0.0,0.1693279803816354,0.0,0.16034021949084676,0.0,0.0,0.0,0.11519549126094503,0.0,0.07156994188785269,0.055162575310805734,0.0,0.0,0.0,0.0,0.10743704758744393,0.0,0.0,0.0,0.0
2014-10-10,0.05711942573372154,0.0,0.0,0.039469885924891354,0.0,0.013764185586062128,0.039469885924891354,0.0,0.0,0.0,0.044779142953370786,0.0,0.0,0.12840852052498256,0.0,0.0,0.12544065703858914,0.0,0.16002668320373806,0.0,0.0,0.0,0.11474367929465543,0.0,0.061156081144203095,0.054904311272361846,0.0,0.0,0.0,0.0,0.10412097997944747,0.0,0.0,0.05659656141908514,0.0
2014-10-17,0.13422477931811855,0.0,0.0,0.038107363922445486,0.0,0.06416460376216981,0.08140522969951684,0.0,0.0,0.0,0.20741290842214616,0.0,0.0,0.0,0.0,0.0,0.11024620096262251,0.0,0.18988172284888807,0.0,0.0,0.0,0.11515375512226755,0.0,0.0,0.059403435941824956,0.0,0.0,0.0,0.0,0.0,0.0,0.0,0.0,0.0
2014-10-24,0.10545276304080467,0.0,0.0,0.03698431986505812,0.0,0.02296917636647496,0.07779408558704262,0.0,0.0,0.0,0.17311488908914413,0.0,0.0,0.0,0.0,0.0,0.14160836457715284,0.0,0.197929525152227,0.0,0.0,0.0,0.1161917204135251,0.0,0.033213582635196595,0.06376844140018992,0.0,0.0,0.0,0.0,0.03097313187318398,0.0,0.0,0.0,0.0
2014-10-31,0.14178972659875066,0.0,0.0,0.0,0.0,0.02717337294263118,0.04317818210482438,0.0,0.0,0.0,0.15587874556526451,0.0,0.0,0.05623927634233599,0.0,0.0,0.1046744654140709,0.0,0.15544883344543006,0.0,0.0,0.0,0.09353358945216103,0.0,0.0339053122887449,0.05431905806673424,0.0,0.0,0.029052953055825493,0.0,0.03541386505924261,0.06939261966398404,0.0,0.0,0.0
2014-11-07,0.1444825968050988,0.0,0.0,0.0,0.0,0.02924881430858685,0.04212999532436984,0.0,0.0,0.0,0.07939475728490411,0.0,0.0,0.045874802807157014,0.0,0.0,0.15998751166044253,0.0,0.15952773384877178,0.0,0.0,0.0,0.09300780967316287,0.0,0.0,0.05370626754403737,0.0,0.0,0.0823908873977584,0.0,0.035437883798026065,0.03675549338882223,0.038055446158862145,0.0,0.0
2014-11-14,0.1067409841487655,0.0,0.0,0.0,0.0,0.03054205479894116,0.04121413971905483,0.0,0.0,0.0,0.10859978413560262,0.0,0.0,0.054605622261493264,0.0,0.0,0.1308909100708363,0.0,0.16251669187061474,0.0,0.0,0.0,0.09263864211226458,0.0,0.0,0.05316043892082687,0.0,0.0,0.07448614125931999,0.0,0.04402351893063872,0.03879073323437255,0.06179033853726879,0.0,0.0
2014-11-21,0.10761793673248748,0.0,0.0,0.0,0.0,0.031417086786660116,0.040571198266737024,0.0,0.0,0.0,0.10926542318383622,0.0,0.0,0.052273948825720055,0.0,0.0,0.12823233129659614,0.0,0.16374978017857414,0.0,0.0,0.0,0.09258567326476472,0.0,0.0,0.05274347148323213,0.0,0.0,0.07781842154502458,0.0,0.04637997524300258,0.03389002339539917,0.06345472979796554,0.0,0.0
2014-11-28,0.06823705716660945,0.0,0.0,0.0,0.0,0.031564612672158515,0.07531566247490229,0.0,0.0,0.0,0.09736891444162492,0.0,0.0,0.03192857823039119,0.0,0.0,0.11397121038117144,0.0,0.21893773869641348,0.0,0.0,0.0,0.12748639698498984,0.0,0.029307623811835406,0.04049403368766851,0.0,0.0,0.05820635604076005,0.0,0.027073549859438256,0.04099481871248044,0.03911344683955614,0.0,0.0
2014-12-05,0.06664099884104643,0.0,0.0,0.0,0.0,0.03179576324443279,0.07552813612979314,0.0,0.0,0.0,0.09579116356369632,0.0,0.0,0.031021904803445802,0.0,0.0,0.11483097560454017,0.0,0.21672607454450565,0.0,0.0,0.0,0.12710027742964217,0.0,0.032870879272071864,0.04106676909394357,0.0,0.0,0.05900365729587358,0.0,0.029320899399735888,0.04284232513982785,0.03546017563744473,0.0,0.0
2014-12-12,0.06522458192157268,0.0,0.0,0.0,0.0,0.03206505319356377,0.07576354877113257,0.0,0.0,0.0,0.09879369425951658,0.0,0.0,0.028944284459804247,0.0,0.0,0.11226241808403933,0.0,0.2184217861680863,0.0,0.0,0.0,0.12684882708159187,0.0,0.031169204740579697,0.04154486759656331,0.0,0.0,0.06274229459099283,0.0,0.024350463275059405,0.04701370400339781,0.0348552718540996,0.0,0.0
2014-12-19,0.08851681203622655,0.0,0.0,0.0,0.0,0.03575703647257758,0.11463968497196253,0.0,0.0,0.0,0.16923549660633358,0.0,0.0,0.0,0.0,0.0,0.08686474662456006,0.0,0.22098603039233142,0.0,0.0,0.0,0.15964695264615092,0.0,0.02128924607969814,0.04085472102271861,0.0,0.0,0.02624951517972326,0.0,0.0,0.035959757967717484,0.0,0.0,0.0
2014-12-26,0.10157573373457927,0.0,0.0,0.0,0.0,0.039400226301860346,0.033937541623693876,0.0,0.0,0.0,0.09938750365799602,0.0,0.0,0.027002042243269624,0.0,0.0,0.13430444245483536,0.0,0.23360191390836343,0.0,0.0,0.0,0.18126663396390102,0.0,0.0,0.0,0.0,0.0,0.0516899808719749,0.0,0.01861233949864877,0.04853989099273796,0.030681750748139246,0.0,0.0
2015-01-02,0.0999787696726194,0.0,0.0,0.0,0.0,0.038165162686935275,0.03230488404733696,0.0,0.0,0.0,0.10328504984902483,0.0,0.0,0.024325436557843184,0.0,0.0,0.13577239295489607,0.0,0.23239080651959548,0.0,0.0,0.0,0.1799101599348315,0.0,0.0,0.0,0.0,0.0,0.05029975409643854,0.0,0.020069862505718034,0.052147321386974,0.031350399787786684,0.0,0.0
2015-01-09,0.09893528775277158,0.0,0.0,0.0,0.0,0.037254567737154944,0.03108685296980666,0.0,0.0,0.0,0.11058077079746205,0.0,0.0,0.02264642334913668,0.0,0.0,0.11391923321238656,0.0,0.23044246930620435,0.0,0.0,0.0,0.17957498161028912,0.0,0.01364766650821231,0.0,0.0,0.0,0.05962060218700377,0.0,0.0,0.0626510384831354,0.03964010608643643,0.0,0.0
2015-01-16,0.12847926673120977,0.0,0.0,0.0,0.0,0.03946438600548343,0.06336539334777173,0.0,0.0,0.0,0.15627397541377422,0.0,0.0,0.0,0.0,0.0,0.1094084630177424,0.0,0.23883402186534172,0.0,0.0,0.0,0.17994216089071302,0.0,0.02313655935698997,0.0,0.0,0.0,0.02750005913940289,0.0,0.0,0.03359571423157074,0.0,0.0,0.0
2015-01-23,0.12790012077723079,0.0,0.0,0.0,0.0,0.04365676349761471,0.06581687600395984,0.0,0.0,0.0,0.15066333312990668,0.0,0.0,0.0,0.0,0.0,0.1246654058266028,0.0,0.2423731172931144,0.0,0.0,0.0,0.1844997681908172,0.0,0.020166968536947303,0.0,0.0,0.0,0.0,0.0,0.0,0.04025764674380628,0.0,0.0,0.0
2015-01-30,0.06938316892519497,0.0,0.0,0.0,0.0,0.09286795977935548,0.0,0.0,0.0,0.0,0.09529529121907113,0.0,0.04011930596907097,0.05665921465662932,0.0,0.0,0.08714561494927114,0.0,0.19952073424650035,0.0,0.0,0.0,0.1732083997016013,0.0,0.019031518034373775,0.0,0.0,0.0,0.0,0.0,0.024202881409465908,0.03977519697136436,0.05956826053931074,0.043222453598790435,0.0
2015-02-06,0.12830133468452945,0.0,0.0,0.0,0.0,0.09325132632067457,0.028617975637733262,0.0,0.0,0.0,0.15132494219434342,0.0,0.04095676341421846,0.0,0.0,0.0,0.08504036707372914,0.0,0.23039176966767977,0.0,0.0,0.0,0.17018640283663272,0.0,0.014250260645492632,0.0,0.0,0.0,0.0,0.0,0.0,0.025485443427435472,0.0,0.03219341409753091,0.0
2015-02-13,0.09905196887773543,0.0,0.0,0.0,0.0,0.09345686345677726,0.0,0.0,0.0,0.0,0.12026107998808419,0.0,0.04208618278434201,0.03396460506547533,0.0,0.0,0.08430934885228383,0.0,0.16426306215837116,0.0,0.0,0.0,0.1887743291467581,0.0,0.040120386380809434,0.0,0.0,0.0,0.0,0.0,0.015720982312853383,0.03271199542263638,0.04140925847264306,0.043869937081230444,0.0
2015-02-20,0.06674444518104966,0.0,0.0,0.0,0.0,0.09127916227284609,0.0,0.0,0.0,0.0,0.09442212457411825,0.0,0.03924297402919116,0.08242374713292488,0.0,0.0,0.11453627087384498,0.0,0.16286474058528394,0.0,0.0,0.0,0.18507454144155833,0.0,0.06365920105982799,0.0,0.0,0.0,0.0,0.0,0.025371447814565178,0.03108658182648565,0.0,0.043294763208303846,0.0
2015-02-27,0.0884843058485891,0.0,0.0,0.03687441564221362,0.0,0.045505362627035875,0.03687441564221362,0.0,0.0,0.0,0.13419875957849306,0.0,0.0,0.06246730323403005,0.0,0.0,0.11719870879208356,0.0,0.15360299889371226,0.0,0.0,0.0,0.17752537007126057,0.0,0.056617719935094665,0.0,0.0,0.0,0.0,0.0,0.03559095728855607,0.023567117280173158,0.0,0.03149256516654449,0.0
2015-03-06,0.10626253490656148,0.0,0.0,0.03669895647237877,0.0,0.046053390090093224,0.03669895647237877,0.0,0.0,0.0,0.16087696981979507,0.0,0.0,0.028031635506943084,0.0,0.0,0.1171977233094044,0.0,0.17739358812006792,0.0,0.0,0.0,0.1708052828805523,0.0,0.046302249964255124,0.0,0.0,0.0,0.0,0.0,0.006446615301590511,0.028257526970118806,0.0,0.03897457018586065,0.0
2015-03-13,0.10426706619819416,0.0,0.0,0.03731142842184693,0.0,0.04340345862458699,0.03731142842184693,0.0,0.0,0.0,0.15825504539430002,0.0,0.0,0.033128766802806305,0.0,0.0,0.14631796496029764,0.0,0.1752848664679087,0.0,0.0,0.0,0.11719862973092285,0.0,0.056035354284088366,0.0,0.0,0.0,0.0,0.0,0.013680031622750097,0.03359235027580058,0.0,0.04421360879465048,0.0
2015-03-20,0.10261471036499023,0.0,0.0,0.03802532557716758,0.0,0.041311596334105354,0.03802532557716758,0.0,0.0,0.0,0.13146868487215385,0.0,0.0,0.030248390873055215,0.0,0.0,0.16851931917008212,0.0,0.1736226032543323,0.0,0.0,0.0,0.11723893516157904,0.0,0.05980041188882104,0.0,0.0,0.0,0.0,0.0,0.016704864955770688,0.029621165978762517,0.0,0.052798665992012515,0.0
2015-03-27,0.1295713134136527,0.0,0.0,0.03772556292536277,0.0,0.04207807056685741,0.03772556292536277,0.0,0.0,0.0,0.13268347097906322,0.0,0.0,0.034380921778414265,0.0,0.0,0.130621602647056,0.0,0.1724764610025028,0.0,0.0,0.0,0.11567474424690741,0.0,0.05610375089095912,0.03635763150449604,0.0,0.0,0.0,0.0,0.015176632572245633,0.02357092910795156,0.0,0.03585334543916826,0.0
2015-04-03,0.12006982445331849,0.0,0.0,0.036836153512807474,0.0,0.046358418618329816,0.036836153512807474,0.0,0.0,0.0,0.16895694398918149,0.0,0.0,0.05632804971130041,0.0,0.0,0.11218245866824018,0.0,0.15328767549419925,0.0,0.0,0.0,0.11620094059953541,0.0,0.06123688195714798,0.03970287043585645,0.0,0.0,0.0,0.0,0.0,0.021541411554131067,0.0,0.030462217493144494,0.0
2015-04-10,0.08758027861973725,0.0,0.0,0.03606133713154072,0.0,0.049426651131995986,0.03606133713154072,0.0,0.0,0.0,0.14775304736098954,0.0,0.0,0.07832004552043623,0.0,0.0,0.12333879532410427,0.0,0.15596085142561789,0.0,0.0,0.0,0.11641953052002109,0.0,0.10298179025405935,0.04196418216329083,0.0,0.0,0.0,0.0,0.0,0.02413215341666612,0.0,0.0,0.0
2015-04-17,0.08654269215807653,0.0,0.0,0.035320361370922725,0.0,0.051983781960796664,0.035320361370922725,0.0,0.0,0.0,0.13693346785401625,0.0,0.0,0.054408747517682474,0.0,0.0,0.1596270710782255,0.0,0.15811421316472887,0.0,0.0,0.0,0.11652718759609154,0.0,0.07712605153592814,0.04384238097941163,0.0,0.0,0.0,0.0,0.024777693544149843,0.019475989869047125,0.0,0.0,0.0
2015-04-24,0.08574624804036715,0.0,0.0,0.028957236557500866,0.0,0.05396432251575086,0.028957236557500866,0.0,0.0,0.0,0.14326360627125526,0.0,0.0,0.10294725708725627,0.0,0.0,0.16015347616896008,0.0,0.15401679548452293,0.0,0.0,0.0,0.11084533747192223,0.0,0.05296218370596733,0.028957236557500866,0.0,0.0,0.0,0.0,0.024247174304841176,0.024981889276654182,0.0,0.0,0.0
2015-05-01,0.12464014741218565,0.0,0.0,0.028531312167504437,0.0,0.05575691078551068,0.028531312167504437,0.0,0.0,0.0,0.1426917548150095,0.0,0.0,0.08175438234322685,0.0,0.0,0.1377544196814431,0.0,0.17931202169873367,0.0,0.0,0.0,0.11095747109232165,0.0,0.051974731301483175,0.028531312167504437,0.0,0.0,0.0,0.0,0.014997570870176386,0.014566653497395958,0.0,0.0,0.0
2015-05-08,0.12455713406337464,0.0,0.0,0.028458970704037582,0.0,0.056057575305191704,0.028458970704037582,0.0,0.0,0.0,0.13360323390302545,0.0,0.0,0.0806786426344619,0.0,0.0,0.15157101763249642,0.0,0.17960390312767338,0.0,0.0,0.0,0.11099365374859974,0.0,0.04220347513005372,0.028458970704037582,0.0,0.0,0.0,0.0,0.019618322278895064,0.01573613006411515,0.0,0.0,0.0
2015-05-15,0.12447907603188405,0.0,0.0,0.028390985510615203,0.0,0.056340200276828636,0.028390985510615203,0.0,0.0,0.0,0.1265254948925741,0.0,0.0,0.08491421658683639,0.0,0.0,0.16043090718282826,0.0,0.17987828249137205,0.0,0.0,0.0,0.11102767621415324,0.0,0.027758968907160925,0.028390985510615203,0.0,0.0,0.006827644507879066,0.0,0.0170440190068004,0.019600557369837176,0.0,0.0,0.0
2015-05-22,0.12440753822123493,0.0,0.0,0.028317293614203137,0.0,0.05662015462965681,0.028317293614203137,0.0,0.0,0.0,0.12259284423580745,0.0,0.0,0.0862669965439304,0.0,0.0,0.1607109751794101,0.0,0.1801367735545962,0.0,0.0,0.0,0.11104860149075377,0.0,0.05077133407926595,0.03587540477501618,0.0,0.0,0.0,0.0,0.0,0.014934790061921858,0.0,0.0,0.0
2015-05-29,0.12442311679598232,0.0,0.0,0.033891026925163936,0.047552766809558056,0.056808744804738076,0.033891026925163936,0.0,0.0,0.047552766809558056,0.06385516251350559,0.0,0.0,0.04002953585123614,0.0,0.0,0.17268607285745546,0.0,0.15201040433844595,0.0,0.0,0.0,0.11664960005848826,0.0,0.04510229838874133,0.033891026925163936,0.0,0.0,0.0,0.0,0.018201447260088755,0.013455002736710228,0.0,0.0,0.0
2015-06-05,0.1264701057023627,0.0,0.0,0.033545061676944106,0.04642879038730512,0.05548205960443536,0.033545061676944106,0.0,0.0,0.04642879038730512,0.03720225301968,0.0,0.0,0.038240311605430996,0.0,0.0,0.19656135583658363,0.0,0.14936605013388354,0.0,0.0,0.0,0.11479586219361168,0.0,0.042563998242757986,0.033545061676944106,0.0,0.0,0.007986367417105854,0.0,0.02351252806352144,0.014326342375184318,0.0,0.0,0.0
2015-06-12,0.12809752831525328,0.0,0.0,0.03327000807676467,0.045535192654445465,0.054427301814380775,0.03327000807676467,0.0,0.0,0.045535192654445465,0.03853149467427415,0.0,0.0,0.032915179651897865,0.0,0.0,0.19794815759373374,0.0,0.1472637027222373,0.0,0.0,0.0,0.11332208043042358,0.0,0.051590390373437725,0.03327000807676467,0.0,0.0,0.008977930947948477,0.0,0.02084956883030728,0.015196255106920714,0.0,0.0,0.0
2015-06-19,0.12951988274539564,0.0,0.0,0.03340976777693329,0.04343020329593857,0.0519715068356422,0.03340976777693329,0.0,0.0,0.04343020329593857,0.039732218049373005,0.0,0.0,0.0309059819880901,0.0,0.0,0.18275100441776482,0.0,0.14469342805688348,0.0,0.0,0.0,0.11250183866993262,0.0,0.04679555202683688,0.05362159525521372,0.0,0.0,0.011120889989459837,0.0,0.025179874668329976,0.017526285151334007,0.0,0.0,0.0
2015-06-26,0.13007110880160508,0.0,0.0,0.05794380042426354,0.04004340316696957,0.04829719299417638,0.05794380042426354,0.0,0.0,0.0,0.04114776947465326,0.0,0.0,0.08118906445985657,0.0,0.0,0.26600689435072106,0.0,0.10038193538044032,0.0,0.0,0.04004340316696957,0.03756513051469452,0.0,0.03191983303407261,0.017381825144599804,0.0,0.0,0.010615693427689615,0.0,0.01940379521853591,0.020045350016488717,0.0,0.0,0.0
2015-07-03,0.13056314937298835,0.0,0.0,0.05964628279510581,0.03738612241335913,0.04538131802585959,0.05964628279510581,0.0,0.0,0.0,0.04216282950905141,0.0,0.0,0.07306189352746806,0.0,0.0,0.2629300321428672,0.0,0.0998181711548494,0.0,0.0,0.03738612241335913,0.03909442733976358,0.0,0.05685137262074082,0.0,0.0,0.0,0.016072611634380063,0.0,0.039999384255101605,0.0,0.0,0.0,0.0
2015-07-10,0.13101018639673664,0.0,0.0,0.060961573037921137,0.0349605964614277,0.04299262580022465,0.060961573037921137,0.0,0.0,0.0,0.04291143350284847,0.0,0.0,0.0695223040556684,0.0,0.0,0.24112736900648216,0.0,0.09968536282578477,0.0,0.0,0.0349605964614277,0.04036801069946382,0.0,0.056542384301992744,0.0,0.0,0.0,0.042631233617626114,0.0,0.041364750794474575,0.0,0.0,0.0,0.0
2015-07-17,0.13237778744692424,0.0,0.0,0.06051258119440876,0.03684741752299939,0.043713837349597065,0.0925545516425876,0.0,0.0,0.0,0.0994762438377727,0.0,0.0,0.03684741752299939,0.0,0.0,0.23611519441087186,0.0,0.10504495940475264,0.0,0.0,0.03684741752299939,0.03803191907689614,0.0,0.02757720898239435,0.0,0.0,0.0,0.023461708898551252,0.0,0.0,0.0,0.0,0.030591755186245195,0.0
2015-07-24,0.13169474326692387,0.0,0.0,0.059488328008774495,0.03955214050616807,0.04597249844696856,0.059488328008774495,0.0,0.0,0.0,0.04263330384714379,0.0,0.0,0.06825297656825416,0.0,0.0,0.23755134346988696,0.0,0.09686417755047394,0.0,0.0,0.03955214050616807,0.036955349706035596,0.0,0.05049142838805595,0.0,0.0,0.0,0.04273931175084787,0.0,0.01822260897915872,0.0,0.0,0.030541320996365348,0.0
2015-07-31,0.13192072421247272,0.0,0.0,0.08940002836826749,0.03746124506639611,0.044169422789503116,0.03746124506639611,0.0,0.0,0.03746124506639611,0.04215686044611459,0.0,0.0,0.027768738610834454,0.0,0.0,0.2649218352293774,0.0,0.09897633712750978,0.0,0.0,0.0,0.038946451751853864,0.0,0.05112124054704422,0.0,0.0,0.0,0.05524373013980177,0.0,0.014998044329495728,0.0,0.0,0.02799285124853645,0.0
2015-08-07,0.13199534978381067,0.0,0.0,0.0909991143929574,0.03560204909766606,0.04244684657462314,0.03560204909766606,0.0,0.0,0.03560204909766606,0.042910977129635715,0.0,0.0,0.02878712207593468,0.0,0.0,0.2773331703633368,0.0,0.09881847127884894,0.0,0.0,0.0,0.040077661926783324,0.0,0.05316755914143055,0.0,0.0,0.0,0.05538559334298007,0.0,0.0,0.0,0.0,0.03127198669666046,0.0
2015-08-14,0.13172086784736997,0.0,0.0,0.09224060708086018,0.03401254195982552,0.041012354078311664,0.03401254195982552,0.0,0.0,0.03401254195982552,0.04346251070290862,0.0,0.0,0.031841057298712755,0.0,0.0,0.2735721672101675,0.0,0.09910343404347796,0.0,0.0,0.0,0.04152863271185102,0.0,0.06045522839591001,0.0,0.0,0.0,0.06153896891190798,0.0,0.0,0.021486545839045714,0.0,0.0,0.0
2015-08-21,0.14887452944913354,0.0,0.0,0.08939932764566653,0.03693994386198644,0.08027862950224937,0.06747012933096891,0.0,0.0,0.03693994386198644,0.1505097320236049,0.0,0.0,0.0,0.0,0.0,0.24606087395620485,0.0,0.10509232363257462,0.0,0.0,0.0,0.03843456673562437,0.0,0.0,0.0,0.0,0.0,0.0,0.0,0.0,0.0,0.0,0.0,0.0
2015-08-28,0.23307684298164139,0.0,0.0,0.0,0.0,0.08322371047104243,0.047253586428956405,0.0,0.0,0.01897576205711656,0.14278625028391104,0.0,0.01897576205711656,0.0,0.0,0.0,0.1451892623680529,0.0,0.2757193358347277,0.0,0.0,0.0,0.03479948751743497,0.0,0.0,0.0,0.0,0.0,0.0,0.0,0.0,0.0,0.0,0.0,0.0
2015-09-04,0.24131650362065507,0.0,0.0,0.0,0.0,0.08508566115455923,0.04714361259003677,0.0,0.0,0.02107931840122155,0.13477351639498697,0.0,0.02107931840122155,0.0,0.0,0.0,0.15167612703855035,0.0,0.2667664985504972,0.0,0.0,0.0,0.031079443848271316,0.0,0.0,0.0,0.0,0.0,0.0,0.0,0.0,0.0,0.0,0.0,0.0
2015-09-11,0.2506716945522774,0.0,0.0,0.0,0.0,0.08683200481399866,0.047082964161422367,0.0,0.0,0.023297480557813614,0.12696583079982543,0.0,0.023297480557813614,0.0,0.0,0.0,0.15756186013577272,0.0,0.25708327641521234,0.0,0.0,0.0,0.0272074080058638,0.0,0.0,0.0,0.0,0.0,0.0,0.0,0.0,0.0,0.0,0.0,0.0
2015-09-18,0.25824961322643036,0.0,0.0,0.0,0.0,0.0886866849504477,0.047014232297069435,0.0,0.0,0.02522831410979271,0.11969873474780496,0.0,0.02522831410979271,0.0,0.0,0.0,0.16369821792963735,0.0,0.24850922469738868,0.0,0.0,0.0,0.023686663931636032,0.0,0.0,0.0,0.0,0.0,0.0,0.0,0.0,0.0,0.0,0.0,0.0
2015-09-25,0.4125586135292515,0.0,0.0,0.026333158698198994,0.0,0.08923139412200459,0.02087873124675271,0.0,0.0,0.0,0.25568617831812274,0.0,0.0,0.0,0.0,0.0,0.026333158698198994,0.0,0.12100794521521352,0.0,0.0,0.0,0.047970820172256914,0.0,0.0,0.0,0.0,0.0,0.0,0.0,0.0,0.0,0.0,0.0,0.0
2015-10-02,0.4123726176406711,0.0,0.0,0.026327607740937793,0.0,0.08949189265725473,0.02087290196688475,0.0,0.0,0.0,0.2357760270247215,0.0,0.0,0.0,0.0,0.0,0.04657206745995399,0.0,0.12085721303382282,0.0,0.0,0.0,0.047729672475753146,0.0,0.0,0.0,0.0,0.0,0.0,0.0,0.0,0.0,0.0,0.0,0.0
2015-10-09,0.411915878627534,0.0,0.0,0.026319259073217225,0.0,0.08959242244931286,0.021001513168435723,0.0,0.0,0.0,0.23518718788085768,0.0,0.0,0.0,0.0,0.0,0.026319259073217225,0.0,0.12094419819855788,0.0,0.0,0.0,0.06872028152886747,0.0,0.0,0.0,0.0,0.0,0.0,0.0,0.0,0.0,0.0,0.0,0.0
2015-10-16,0.40908788179999134,0.0,0.0,0.025201934901761657,0.0,0.08735533538624209,0.023833131071950914,0.0,0.0,0.0,0.14638771816123425,0.0,0.0,0.0,0.0,0.0,0.07053826338557702,0.0,0.12223699468093048,0.0,0.0,0.0,0.11535874061231229,0.0,0.0,0.0,0.0,0.0,0.0,0.0,0.0,0.0,0.0,0.0,0.0
2015-10-23,0.39166886244609284,0.0,0.0,0.02328745832448062,0.0,0.05823523599553492,0.0003959328874871753,0.0,0.0,0.0,0.09636379333980258,0.0,0.0,0.0,0.0,0.0,0.03083006048461981,0.0,0.2226359606251592,0.0,0.0,0.0,0.050898944551579714,0.0,0.0,0.0,0.0,0.0,0.0,0.0,0.015500070638594534,0.07068050917314425,0.039503171533504335,0.0,0.0
2015-10-30,0.1321012322341659,0.0,0.0,0.0,0.0,0.05426550310329834,0.04582307091212531,0.0,0.0,0.04582307091212531,0.1158861765407221,0.0,0.0,0.02202556108614946,0.0,0.0,0.1170909717162468,0.0,0.20858333932373413,0.0,0.0,0.0,0.14452632029654444,0.0,0.0,0.0,0.0,0.0,0.0,0.0,0.015143901361353398,0.07365861146461694,0.025072241048917882,0.0,0.0
2015-11-06,0.11175060040185938,0.0,0.0,0.0,0.0,0.0496265516471768,0.042283891372321615,0.0,0.0,0.042283891372321615,0.22627928353549995,0.0,0.0,0.03595991689248776,0.0,0.0,0.12254366542244303,0.0,0.18751830199451872,0.0,0.0,0.0,0.11757336947509514,0.0,0.00482189381770553,0.0,0.0,0.0,0.0,0.0,0.0,0.04269505854620644,0.01666357552236404,0.0,0.0
2015-11-13,0.14831217343924213,0.0,0.0,0.0,0.0,0.07737569932484265,0.07249719939387014,0.0,0.0,0.038982983936267965,0.23817654389846388,0.0,0.0,0.0,0.0,0.0,0.12259303059684148,0.0,0.17946933881363025,0.0,0.0,0.0,0.12259303059684148,0.0,0.0,0.0,0.0,0.0,0.0,0.0,0.0,0.0,0.0,0.0,0.0
2015-11-20,0.1333186718042825,0.0,0.0,0.0,0.0,0.04593741433484073,0.07184562381482429,0.0,0.0,0.03957128995530404,0.24205175585231842,0.0,0.0,0.0,0.0,0.0,0.12919026277314954,0.0,0.18170638765811373,0.0,0.0,0.0,0.12292248287388322,0.0,0.0,0.0,0.0,0.0,0.0,0.0,0.0,0.03345611093328353,0.0,0.0,0.0
2015-11-27,0.13571478669729142,0.0,0.0,0.0,0.0,0.08048082990407396,0.03939350275508067,0.0,0.0,0.0,0.1779503383798487,0.0,0.0,0.044140287177718084,0.0,0.0,0.12615752696242932,0.0,0.16860823600167452,0.0,0.0,0.0,0.12615752696242932,0.0,0.03604861697395002,0.0,0.0,0.0,0.0,0.0,0.031770641862227014,0.03357770632327697,0.0,0.0,0.0
2015-12-04,0.1364169409090687,0.0,0.0,0.0,0.0,0.0725276555675417,0.035202706489238914,0.0,0.0,0.0,0.10849409800410353,0.0,0.0,0.045014831160001614,0.0,0.0,0.17966035664579194,0.0,0.17864528821416592,0.0,0.0,0.0,0.13123793305810433,0.0,0.04593768740036187,0.0,0.0,0.0,0.0,0.0,0.033910613887526295,0.032951888664095194,0.0,0.0,0.0
2015-12-11,0.15473973327281182,0.0,0.0,0.0,0.0,0.10322540609426513,0.06982985889501847,0.0,0.0,0.0,0.19546405709605005,0.0,0.0,0.0,0.0,0.0,0.16207658682183393,0.0,0.1422762492557645,0.0,0.0,0.0,0.17238810856425615,0.0,0.0,0.0,0.0,0.0,0.0,0.0,0.0,0.0,0.0,0.0,0.0
2015-12-18,0.15398517393977298,0.0,0.0,0.0,0.0,0.10970242326093735,0.06986292516535782,0.0,0.0,0.0,0.1937504870820285,0.0,0.0,0.0,0.0,0.0,0.20006800485675064,0.0,0.14212718969557697,0.0,0.0,0.0,0.13050379599957576,0.0,0.0,0.0,0.0,0.0,0.0,0.0,0.0,0.0,0.0,0.0,0.0
2015-12-25,0.21687374432655906,0.0,0.0,0.03824240296991722,0.018029704774230392,0.04353444962565921,0.05058923870459947,0.0,0.0,0.0,0.15553879579022997,0.0,0.0,0.0,0.0,0.0,0.1008554313932853,0.0,0.15405011635026195,0.0,0.0,0.0,0.1741182343242022,0.0,0.0,0.0,0.0,0.0,0.0,0.0,0.0,0.04816788174105516,0.0,0.0,0.0
2016-01-01,0.23754344253478976,0.0,0.0,0.03645169675508406,0.019243096925904805,0.07857088333440362,0.049933143835284036,0.0,0.0,0.0,0.2151124421484873,0.0,0.0,0.0,0.0,0.0,0.05569479368098887,0.0,0.15326930604532119,0.0,0.0,0.0,0.15418119473973643,0.0,0.0,0.0,0.0,0.0,0.0,0.0,0.0,0.0,0.0,0.0,0.0
2016-01-08,0.24614841768013623,0.0,0.0,0.030274924367616838,0.02110006014557893,0.08386555165586729,0.04723492776480148,0.0,0.0,0.0,0.1603609157429454,0.0,0.0,0.0,0.0,0.0,0.143975404584306,0.0,0.15202774178209022,0.0,0.0,0.0,0.11501205627665771,0.0,0.0,0.0,0.0,0.0,0.0,0.0,0.0,0.0,0.0,0.0,0.0
2016-01-15,0.28600904730021964,0.0,0.0,0.026821320529824045,0.02290892199987013,0.10911045135055424,0.04693183850715649,0.0,0.0,0.0,0.1655200810784437,0.0,0.0,0.0,0.0,0.0,0.04973024252969417,0.0,0.18486885506380968,0.0,0.0,0.0,0.10809924164042797,0.0,0.0,0.0,0.0,0.0,0.0,0.0,0.0,0.0,0.0,0.0,0.0
2016-01-22,0.25726273061554816,0.0,0.0,0.023428888060132748,0.02467298328667131,0.08915470579992218,0.04634161779804356,0.0,0.0,0.0,0.14782643299262166,0.0,0.0,0.0,0.0,0.0,0.04810187134680406,0.0,0.261792379011104,0.0,0.0,0.0,0.1014183910891523,0.0,0.0,0.0,0.0,0.0,0.0,0.0,0.0,0.0,0.0,0.0,0.0
2016-01-29,0.3433804847970786,0.0,0.0,0.02626868883388141,0.0,0.11834407499172106,0.019742010235744373,0.0,0.0,0.0,0.15550559466089273,0.0,0.0,0.0,0.0,0.0,0.0467415944331889,0.0,0.2637488632136116,0.0,0.0,0.02626868883388141,0.0,0.0,0.0,0.0,0.0,0.0,0.0,0.0,0.0,0.0,0.0,0.0,0.0
2016-02-05,0.3019166562487262,0.0,0.0,0.027247371921646682,0.0,0.09284933443177726,0.018594139160230724,0.0,0.0,0.0,0.13826537116898313,0.0,0.0,0.0,0.0,0.0,0.08717544577016846,0.0,0.3067043093768209,0.0,0.0,0.027247371921646682,0.0,0.0,0.0,0.0,0.0,0.0,0.0,0.0,0.0,0.0,0.0,0.0,0.0
2016-02-12,0.300589785726731,0.0,0.0,0.027832912940455746,0.0,0.09408678832723083,0.017718966419315793,0.0,0.0,0.0,0.18530560387509926,0.0,0.0,0.0,0.0,0.0,0.04503814520376205,0.0,0.30159488456694966,0.0,0.0,0.027832912940455746,0.0,0.0,0.0,0.0,0.0,0.0,0.0,0.0,0.0,0.0,0.0,0.0,0.0
2016-02-19,0.3000056933825409,0.0,0.0,0.027889864007028874,0.0,0.0944176537497681,0.017583954019416603,0.0,0.0,0.0,0.184586280191132,0.0,0.0,0.0,0.0,0.0,0.044840063593442475,0.0,0.30278662704964227,0.0,0.0,0.027889864007028874,0.0,0.0,0.0,0.0,0.0,0.0,0.0,0.0,0.0,0.0,0.0,0.0,0.0
2016-02-26,0.2995425927543893,0.027922754071114046,0.0,0.0,0.0,0.16633189651121855,0.04545420101072915,0.0,0.0,0.0,0.18487895967266477,0.0,0.0,0.0,0.0,0.0,0.0,0.0,0.24794684190877003,0.0,0.0,0.0,0.027922754071114046,0.0,0.0,0.0,0.0,0.0,0.0,0.0,0.0,0.0,0.0,0.0,0.0
2016-03-04,0.2992697365925272,0.027936877859888465,0.0,0.0,0.0,0.16623052027319407,0.045495821448105364,0.0,0.0,0.0,0.18799378407505632,0.0,0.0,0.0,0.0,0.0,0.0,0.0,0.24513638189134018,0.0,0.0,0.0,0.027936877859888465,0.0,0.0,0.0,0.0,0.0,0.0,0.0,0.0,0.0,0.0,0.0,0.0
2016-03-11,0.28881102617526294,0.02783054643398715,0.0,0.0,0.0,0.20683130623125354,0.045559912630416366,0.0,0.0,0.0,0.12428178979333955,0.0,0.0,0.0,0.0,0.0,0.0009704455596907648,0.0,0.25138290253119344,0.0,0.0,0.0,0.02783054643398715,0.0,0.0,0.0,0.0,0.0,0.0,0.0,0.0,0.026501524210869033,0.0,0.0,0.0
2016-03-18,0.2920092894028775,0.027413782567201284,0.0,0.0,0.0,0.21534046079749958,0.04616611567613578,0.0,0.0,0.0,0.12157084850491134,0.0,0.0,0.0,0.0,0.0,0.0008478902613928011,0.0,0.2431788137077312,0.0,0.0,0.0,0.027413782567201284,0.0,0.0,0.0,0.0,0.0,0.0,0.0,0.0,0.026059016515049264,0.0,0.0,0.0
2016-03-25,0.07576575328680665,0.07523934657084065,0.0,0.0,0.0,0.2672138116273501,0.030281342298466116,0.0,0.0,0.0,0.14443043496460056,0.0,0.0,0.0,0.0,0.0,0.031078469667814846,0.0,0.2657112329696764,0.0,0.0,0.0,0.030281342298466116,0.0,0.0,0.0,0.0,0.0,0.0,0.0,0.00991142047394653,0.025955529080412834,0.04413131676161917,0.0,0.0
2016-04-01,0.04933052879969824,0.07306337842354439,0.0,0.0,0.0,0.20877324527159183,0.03140167752173201,0.0,0.0,0.0,0.20514747607398942,0.0,0.0,0.0,0.0,0.0,0.03260801397066379,0.0,0.25254459732058715,0.0,0.0,0.0,0.03140167752173201,0.0,0.0,0.0,0.0,0.0,0.0,0.0,0.016150089693873167,0.0228110659507014,0.07676824945188662,0.0,0.0
2016-04-08,0.08195077283945551,0.07110525006318982,0.0,0.0,0.0,0.2081739351271438,0.03228346054042274,0.0,0.0,0.0,0.1698854911049572,0.0,0.0,0.0,0.0,0.0,0.0359732698148479,0.0,0.27177643880833613,0.0,0.0,0.0,0.03228346054042274,0.0,0.0,0.0,0.0,0.0,0.0,0.0,0.018046565942233764,0.02053802915734036,0.057983326061650055,0.0,0.0
2016-04-15,0.08355449425187561,0.07010981652736666,0.0,0.0,0.0,0.24246366148849224,0.03276029539299429,0.0,0.0,0.0,0.13447154505923403,0.0,0.0,0.0,0.0,0.0,0.03620057106312164,0.0,0.2767274672863015,0.0,0.0,0.0,0.03276029539299429,0.0,0.0,0.0,0.0,0.0,0.0,0.0,0.024471480316858217,0.019555043699733984,0.04692532952102762,0.0,0.0
2016-04-22,0.08480952859014887,0.06933723453015234,0.0,0.0,0.0,0.19426203601445072,0.03316947349177257,0.0,0.0,0.0,0.122745142082313,0.0,0.0,0.0,0.0,0.0,0.07059411082479858,0.0,0.2897515952913857,0.0,0.0,0.0,0.03316947349177257,0.0,0.0,0.0,0.0,0.0,0.0,0.0,0.02341484433491664,0.024842668009357787,0.053903893338931176,0.0,0.0
2016-04-29,0.08843902903942472,0.0,0.0,0.023744034416960404,0.0,0.16751536082455123,0.023744034416960404,0.0,0.0,0.0,0.15817527306512452,0.0,0.0,0.0,0.0,0.0,0.04257772147126311,0.0,0.21889154333836044,0.0,0.0,0.0,0.1057842393987398,0.0,0.0,0.023744034416960404,0.0,0.0,0.0,0.0,0.0,0.020932010318422893,0.12645271929323204,0.0,0.0
2016-05-06,0.12396428961585636,0.0,0.0,0.023800021820364614,0.0,0.16748553707764674,0.023800021820364614,0.0,0.0,0.0,0.2017057604464649,0.0,0.0,0.0,0.0,0.0,0.031093836815746387,0.0,0.23062090054913983,0.0,0.0,0.0,0.10589979315445043,0.0,0.0,0.023800021820364614,0.0,0.0,0.0,0.0,0.0,0.01873950930815829,0.0490903075714431,0.0,0.0
2016-05-13,0.1240231231217269,0.0,0.0,0.023822012233167024,0.0,0.16726274551283135,0.04656368273462694,0.0,0.0,0.0,0.1631170952251538,0.0,0.0,0.0,0.0,0.0,0.09172062561339564,0.0,0.2344514951763936,0.0,0.0,0.0,0.1059135734189457,0.0,0.0,0.023822012233167024,0.0,0.0,0.0,0.0,0.0,0.0193036347305919,0.0,0.0,0.0
2016-05-20,0.1259006760465701,0.0,0.0,0.024321411570505682,0.0,0.16181028661785665,0.024321411570505682,0.0,0.0,0.0,0.16278563895177656,0.0,0.0,0.0,0.0,0.0,0.040850519496608784,0.0,0.22658675004307974,0.0,0.0,0.0,0.10489504757548884,0.0,0.0,0.024321411570505682,0.0,0.0,0.0,0.0,0.013708471136750278,0.023084382474984483,0.06741399294536748,0.0,0.0
2016-05-27,0.08924839419518271,0.0,0.0,0.0,0.0,0.1078242123050742,0.1260622788618358,0.0,0.0,0.0,0.24300213723578853,0.0,0.028658616847454004,0.0,0.0,0.0,0.09368761810576605,0.0,0.17938082544352216,0.0,0.0,0.0,0.10781185271456518,0.0,0.0,0.0,0.0,0.0,0.0,0.0,0.0019541680212190127,0.02236989626959238,0.0,0.0,0.0
2016-06-03,0.06925044967709536,0.0,0.0,0.0,0.0,0.12093609232433816,0.05807725221180625,0.0,0.0,0.0,0.2109966063204263,0.0,0.028874147467895524,0.0,0.0,0.0,0.037129190909946735,0.0,0.19018846516361115,0.0,0.0,0.0,0.10668151281216817,0.0,0.0,0.0,0.0,0.0,0.0,0.0,0.0,0.040183954231602696,0.13768232888110962,0.0,0.0
2016-06-10,0.08897642894724672,0.0,0.0,0.0,0.0,0.12063844887319933,0.04510724576498998,0.0,0.0,0.0,0.27556663294230277,0.0,0.028993910440993326,0.0,0.0,0.0,0.037322947171239185,0.0,0.1871693042783147,0.0,0.0,0.0,0.10655970592401791,0.0,0.0,0.0,0.0,0.0,0.0,0.0,0.0,0.026197604695613493,0.08346777096208255,0.0,0.0
2016-06-17,0.06543188244140027,0.0,0.0,0.0,0.0,0.11244086828452685,0.048980908273041475,0.0,0.0,0.0,0.2760495338935185,0.0,0.029652360370375545,0.0,0.0,0.0,0.041778992098613334,0.0,0.18343558819027453,0.0,0.0,0.0,0.1061382364571693,0.0,0.0,0.0,0.0,0.0,0.0,0.0,0.0,0.043168864184719824,0.09292276580636037,0.0,0.0
2016-06-24,0.09222449828764631,0.0,0.0,0.0,0.0,0.10117913939116413,0.038523025201996436,0.0,0.0,0.0,0.26343228931423035,0.0,0.026463508641202997,0.0,0.0,0.0,0.02706885499441633,0.0,0.2007213981773131,0.0,0.0,0.0,0.10229698000676757,0.0,0.0035256377869952683,0.026463508641202997,0.0,0.0,0.0,0.0,0.0,0.0537985148354313,0.06430264472163319,0.0,0.0
2016-07-01,0.08873093192525142,0.0,0.0,0.0,0.0,0.09435663439214437,0.04769593579157781,0.0,0.0,0.0,0.26363727657148195,0.0,0.027823531663982267,0.0,0.0,0.0,0.042321755411133345,0.0,0.1943358319880768,0.0,0.0,0.0,0.10211127296908534,0.0,0.0,0.027823531663982267,0.0,0.0,0.0,0.0,0.0,0.05262772468261844,0.05853557294066582,0.0,0.0
2016-07-08,0.13041457747162652,0.0,0.0,0.0,0.0,0.09137674594675385,0.04433389026298039,0.0,0.0,0.0,0.24210203940680247,0.0,0.02913458307150527,0.0,0.0,0.0,0.042958588747764086,0.0,0.19033011124907406,0.0,0.0,0.0,0.10277992883529663,0.0,0.0017413090397749365,0.02913458307150527,0.0,0.0,0.0,0.0,0.0,0.03577324220658644,0.05992040069032994,0.0,0.0
2016-07-15,0.03336910317553617,0.0,0.0,0.0,0.0,0.0850809008605328,0.029389058091706496,0.0,0.0,0.0,0.2140402102398233,0.0,0.029389058091706496,0.0,0.0,0.0,0.06325481530056873,0.0,0.15546918384893613,0.0,0.0,0.0,0.10134204757935722,0.0,0.0,0.029389058091706496,0.0,0.0,0.0,0.0,0.0026797114829288115,0.06342832538424235,0.19316852785295485,0.0,0.0
2016-07-22,0.029908512114698273,0.0,0.0,0.0,0.0,0.068014662788233,0.029653601332756442,0.0,0.0,0.0,0.2802985627784146,0.0,0.029653601332756442,0.0,0.0,0.0,0.0355320097133669,0.0,0.10172833260898345,0.0,0.0,0.0,0.10172833260898345,0.0,0.0,0.029653601332756442,0.0,0.0,0.0,0.0,0.0,0.08614701859403508,0.20768176479501577,0.0,0.0
2016-07-29,0.0,0.0,0.0,0.026680145699196814,0.0,0.11928449249002555,0.0770666895928882,0.0,0.0,0.0,0.23388639746087342,0.0,0.026680145699196814,0.0,0.0,0.0,0.026680145699196814,0.0,0.10576608041296943,0.0,0.0,0.0,0.10576608041296943,0.0,0.0,0.0396606160580394,0.0,0.0,0.0,0.0,0.0,0.0928344528575746,0.14569475361706943,0.0,0.0
2016-08-05,0.0,0.0,0.0,0.027604663773560828,0.0,0.11750705219951936,0.027604663773560828,0.0,0.0,0.0,0.22196635274227033,0.0,0.027604663773560828,0.0,0.0,0.0,0.10007090854231834,0.0,0.10598827803354097,0.0,0.0,0.0,0.10598827803354097,0.0,0.0,0.03982721208970881,0.0,0.0,0.0,0.0,0.013537630716030652,0.057609148411016296,0.15469114791137173,0.0,0.0
2016-08-12,0.0566631301780926,0.0,0.0,0.028356280898249084,0.0,0.11622848318559285,0.028356280898249084,0.0,0.0,0.0,0.1634272587349971,0.0,0.028356280898249084,0.0,0.0,0.0,0.12123915907670617,0.0,0.13997850154348146,0.0,0.0,0.0,0.1059806234366259,0.0,0.026275077453475966,0.06232375186476033,0.0,0.0,0.0,0.0,0.014665835260773032,0.05899496537413527,0.049154371196612125,0.0,0.0
2016-08-19,0.0,0.0,0.055738341524260646,0.028947669046806963,0.0,0.11536706002590294,0.028947669046806963,0.0,0.0,0.0,0.15632620550341397,0.0,0.028947669046806963,0.0,0.0,0.0,0.09240987873933082,0.0,0.10614440390594285,0.0,0.0,0.0,0.10614440390594285,0.0,0.03585869931759109,0.10283521537452395,0.0,0.0,0.0,0.0,0.08011428229846894,0.06221850226420099,0.0,0.0,0.0
2016-08-26,0.057131128168651235,0.0,0.037151692835812496,0.029442399446440046,0.0,0.1145005228884139,0.029442399446440046,0.0,0.0,0.0,0.13152822744236609,0.0,0.029442399446440046,0.0,0.0,0.0,0.1115149845243911,0.0,0.1403246833225047,0.0,0.0,0.0,0.10604600642131394,0.0,0.02444454366283294,0.07856171864653654,0.0,0.0,0.0,0.0,0.034563513865834984,0.07590577988202196,0.0,0.0,0.0
2016-09-02,0.057155778075161236,0.0,0.03811768044351838,0.029591310915912356,0.0,0.11433723713698846,0.029591310915912356,0.0,0.0,0.0,0.1507742427535397,0.0,0.029591310915912356,0.009463726696819932,0.0,0.0,0.08587480063672046,0.0,0.14032385074193382,0.0,0.0,0.0,0.10603038389683708,0.0,0.0,0.07614869914591485,0.0,0.0,0.0,0.0,0.07580942568961832,0.05719024203521072,0.0,0.0,0.0
2016-09-09,0.05717927619974454,0.0,0.03317474169028087,0.029729557672488888,0.0,0.1142093822608949,0.029729557672488888,0.0,0.0,0.0,0.13121406017464665,0.0,0.029729557672488888,0.015949790615851996,0.0,0.0,0.09872188577478166,0.0,0.14036088308023364,0.0,0.0,0.0,0.10605331736038691,0.0,0.0,0.0705250457665628,0.0,0.0,0.0,0.0,0.08270260381472971,0.06072034024441964,0.0,0.0,0.0
2016-09-16,0.057250413403175736,0.0,0.03832973798280194,0.03013428664922673,0.0,0.1635072505073219,0.03013428664922673,0.0,0.0,0.0,0.14821077777565955,0.0,0.03013428664922673,0.015908208387509944,0.0,0.0,0.08849491329923934,0.0,0.1408184264288437,0.0,0.0,0.0,0.10646817838693828,0.0,0.0,0.07461415836173271,0.0,0.0,0.0,0.0,0.0759950755190966,0.0,0.0,0.0,0.0
2016-09-23,0.05767541297059683,0.0,0.034587240109506506,0.0304435506106468,0.0,0.15704081238513695,0.046855543729866736,0.0,0.0,0.0,0.13766945471666545,0.0,0.0304435506106468,0.025899240145615156,0.0,0.0,0.07881331742442077,0.0,0.14103995642421754,0.0,0.0,0.0,0.10643470864185944,0.0,0.0,0.06877970643001893,0.0,0.0,0.0,0.0,0.08431750580080195,0.0,0.0,0.0,0.0
2016-09-30,0.057785632956419655,0.0,0.03680956262721829,0.03049736348242425,0.0,0.08234545895529988,0.04593876398918721,0.0,0.0,0.0,0.10278888120738194,0.0,0.03049736348242425,0.025756915529340334,0.0,0.0,0.10565373165823652,0.0,0.14106968308885814,0.0,0.0,0.0,0.10639830331500637,0.0,0.0,0.1460414298566762,0.0,0.0,0.0,0.0,0.08841690985152686,0.0,0.0,0.0,0.0
2016-10-07,0.05786742841378103,0.0,0.03454629809910478,0.030548063007581505,0.0,0.05018968024942503,0.07482944464730983,0.0,0.0,0.0,0.12226270668633817,0.0,0.030548063007581505,0.0,0.0,0.0,0.08654889566207538,0.0,0.14107416824807387,0.0,0.0,0.0,0.10635371119980526,0.0,0.0,0.14806414021215508,0.0,0.0,0.0,0.0,0.10291323012190032,0.014254170444868182,0.0,0.0,0.0
2016-10-14,0.058016258782492225,0.0,0.03641522052597424,0.030592103039632484,0.0,0.049792127538102894,0.04576077386258179,0.0,0.0,0.0,0.13394997681967874,0.0,0.030592103039632484,0.022767804570029034,0.0,0.0,0.08501301329596765,0.0,0.14103322459708625,0.0,0.0,0.0,0.10622346932759091,0.0,0.0,0.14877626671066718,0.0,0.0,0.0,0.0,0.11106765789056383,0.0,0.0,0.0,0.0
2016-10-21,0.05818748410663579,0.0,0.0,0.030651816735276526,0.0,0.04941428683027073,0.07497004897004705,0.0,0.0,0.0,0.11047662465167407,0.0,0.030651816735276526,0.06446420378469903,0.0,0.0,0.065810723918268,0.0,0.14105693850948298,0.0,0.0,0.0,0.10614444804550152,0.0,0.0,0.13616702132578654,0.0,0.0,0.0,0.0,0.13200458638708118,0.0,0.0,0.0,0.0
2016-10-28,0.070550865880726,0.0,0.03188903647165856,0.030707862549385283,0.0,0.10915850628615956,0.08277341938714694,0.0,0.0,0.0,0.13977927584670202,0.0,0.030707862549385283,0.0,0.0,0.0,0.07029960807373234,0.0,0.13798389452990542,0.0,0.0,0.0,0.09381319905750096,0.0,0.0,0.06530289732515955,0.0,0.0,0.0,0.0,0.13703357204253808,0.0,0.0,0.0,0.0
2016-11-04,0.13116973885721048,0.0,0.0,0.03028944282528509,0.0,0.11393847389928391,0.0816712850224704,0.0,0.0,0.0,0.12376524780948586,0.0,0.03028944282528509,0.02932294426797587,0.0,0.0,0.03028944282528509,0.0,0.1463430184806801,0.0,0.0,0.0,0.09167442415424268,0.0,0.0,0.06375560353052852,0.0,0.0,0.0,0.0,0.12749093550226664,0.0,0.0,0.0,0.0
2016-11-11,0.13265328617070485,0.0,0.027313797283967045,0.029494064141825867,0.0,0.11419847179344268,0.0978495168942492,0.0,0.0,0.0,0.13365882159857237,0.0,0.029494064141825867,0.0,0.0,0.0,0.04627916820967472,0.0,0.14614280653550882,0.0,0.0,0.0,0.08844799831570566,0.0,0.0,0.06543753514514794,0.0,0.0,0.0,0.0,0.08903046976937495,0.0,0.0,0.0,0.0
2016-11-18,0.09858832580636251,0.0,0.0,0.0288172041086289,0.0,0.11443402384690307,0.08031845417840054,0.0,0.0,0.0,0.11240675583510866,0.0,0.0288172041086289,0.032971826409276594,0.0,0.0,0.05588653201438594,0.0,0.1460118118335878,0.0,0.0,0.0,0.0858580173480193,0.0,0.0,0.0288172041086289,0.0,0.0,0.022721205279264637,0.0,0.1643514351228042,0.0,0.0,0.0,0.0
2016-11-25,0.09974002505527606,0.0,0.0,0.0,0.0,0.08633070458432966,0.1739355291479771,0.0,0.0,0.0,0.1272112243440018,0.0,0.056574253305392494,0.03299063094979624,0.0,0.0,0.056574253305392494,0.0,0.10372132693560192,0.0,0.0,0.0,0.0,0.0,0.0,0.07047376387859643,0.0,0.0,0.021006365286366607,0.0,0.1714419232072692,0.0,0.0,0.0,0.0
2016-12-02,0.1000092243474396,0.0,0.0,0.0,0.0,0.08649491646175977,0.1755569240062623,0.0,0.0,0.0,0.10041405443600898,0.0,0.05632897463855763,0.06967089839067085,0.0,0.0,0.08074986820362343,0.0,0.10358225378237287,0.0,0.0,0.0,0.0,0.0,0.0,0.07046436006085399,0.0,0.0,0.023601297942269964,0.0,0.1331272277301806,0.0,0.0,0.0,0.0
2016-12-09,0.10024266524791915,0.0,0.0,0.0,0.0,0.08662225173840675,0.1881979707442934,0.0,0.0,0.0,0.13871659576469214,0.0,0.0561306065414552,0.02365761803736824,0.0,0.0,0.0561306065414552,0.0,0.10344379295505157,0.0,0.0,0.0,0.0,0.0,0.0,0.07047234723006679,0.0,0.0,0.031892666320827656,0.0,0.14449287887846385,0.0,0.0,0.0,0.0
2016-12-16,0.018871957573379998,0.0,0.0,0.0,0.0,0.07963366278859202,0.15331302209656913,0.0,0.0,0.0,0.048069305060348726,0.0,0.05612334441535679,0.08867062278438459,0.0,0.0,0.17256729066968582,0.0,0.054983586425469834,0.0,0.0,0.0,0.0,0.0,0.027254483854272597,0.07027731259539179,0.0,0.0,0.08416092146970854,0.0,0.14607449026684016,0.0,0.0,0.0,0.0
2016-12-23,0.07391839767683325,0.0,0.0,0.0,0.0,0.08501010506659584,0.14188600915233718,0.0,0.0,0.0,0.04231613347293518,0.0,0.05777705940356466,0.07841654277239672,0.0,0.0,0.15137006289931063,0.0,0.10431765857497388,0.0,0.0,0.0,0.0,0.0,0.030305748402637063,0.06996840213321451,0.0,0.0,0.05034882227731367,0.0,0.11436505816788742,0.0,0.0,0.0,0.0
2016-12-30,0.0,0.0,0.0,0.0586109612904966,0.0,0.022224915582036535,0.1538267964583716,0.0,0.0,0.0,0.04660639630351302,0.0,0.11749401801292475,0.11105403660179004,0.0,0.0,0.16903783552853385,0.0,0.0,0.0,0.0,0.0,0.0,0.0,0.025309236928866476,0.07280759532408287,0.0,0.0,0.08385142316119348,0.0,0.1391767848081908,0.0,0.0,0.0,0.0
2017-01-06,0.0,0.0,0.0,0.059415330590980676,0.0,0.01996954924187439,0.15312962113232587,0.0,0.0,0.0,0.04445473295174038,0.0,0.11994674681175119,0.0959506473447728,0.0,0.0,0.17154575200758998,0.0,0.0,0.0,0.0,0.0,0.0,0.0,0.030143833511559782,0.07311220003023602,0.0,0.0,0.09782916834071158,0.0,0.1345024180364574,0.0,0.0,0.0,0.0
2017-01-13,0.0,0.0,0.0,0.05959357447112207,0.0,0.019418956064811664,0.14513670024212783,0.0,0.0,0.0,0.043926778710195624,0.0,0.12052769616764082,0.03782263609592992,0.0,0.0,0.294764708320794,0.0,0.0,0.0,0.0,0.0,0.0,0.0,0.05651721768434283,0.07318565191595613,0.0,0.0,0.09263074681536514,0.0,0.056475333511714035,0.0,0.0,0.0,0.0
2017-01-20,0.0,0.0,0.0,0.05975180837587066,0.0,0.018874486613018052,0.145853508852949,0.0,0.0,0.0,0.043399301789888226,0.0,0.12109558324304867,0.04951128320778912,0.0,0.0,0.2843614199364339,0.0,0.0,0.0,0.0,0.0,0.0,0.0,0.06237582778022575,0.07326853418611548,0.0,0.0,0.08297911826319436,0.0,0.05852912775146686,0.0,0.0,0.0,0.0
2017-01-27,0.059466029211309196,0.0,0.0,0.0399208111035554,0.0,0.006792856315843897,0.06499761848051086,0.0,0.0,0.01169983689862332,0.031354357058101565,0.0,0.11325763225020145,0.029135699416893698,0.0,0.0,0.31763239367754725,0.0,0.035679617526785515,0.0,0.0,0.0,0.0399208111035554,0.0,0.06302876870222718,0.10155779535157813,0.0,0.0,0.05005959235167751,0.0,0.03549618055158944,0.0,0.0,0.0,0.0
2017-02-03,0.05953819470050815,0.0,0.0,0.039947489983341286,0.0,0.006637432533106557,0.06553614200376064,0.0,0.0,0.011474580881620329,0.03125144817299175,0.0,0.11338015458225364,0.027828715268321907,0.0,0.0,0.3117310266422392,0.0,0.03572291682030489,0.0,0.0,0.0,0.039947489983341286,0.0,0.07040895398358275,0.10190557370063331,0.0,0.0,0.05425770270619768,0.0,0.030432178037796676,0.0,0.0,0.0,0.0
2017-02-10,0.05957576742014374,0.0,0.0,0.04004270101866396,0.0,0.006500943607281251,0.05132168180001332,0.0,0.0,0.01127898078134936,0.031141438741846716,0.0,0.11351509036262915,0.12498970447842025,0.0,0.0,0.2514752365116813,0.0,0.03574546045208624,0.0,0.0,0.0,0.04004270101866396,0.0,0.04985995660915766,0.1022361095812798,0.0,0.0,0.049033402448721605,0.0,0.03324082516806156,0.0,0.0,0.0,0.0
2017-02-17,0.05959052045316682,0.0,0.0,0.040149780054259995,0.0,0.00638722467214172,0.06384034557899784,0.0,0.0,0.01112217249168336,0.031039015745588032,0.0,0.11365566566137603,0.03757453248765912,0.0,0.0,0.3108654514827858,0.0,0.03575431227190009,0.0,0.0,0.0,0.040149780054259995,0.0,0.06530404245042995,0.10253349316969267,0.0,0.0,0.04426285841388322,0.0,0.03777080501217518,0.0,0.0,0.0,0.0
2017-02-24,0.010921341873633318,0.0,0.0,0.040243377830420604,0.0,0.006250410143530976,0.060705867645183924,0.0,0.0,0.008191006405224988,0.03091678108496088,0.0,0.1110167234113859,0.0637735734933962,0.0,0.0,0.3108970420023762,0.0,0.0,0.0,0.0,0.0,0.040243377830420604,0.0,0.07798572942620463,0.1028257170061609,0.0,0.0,0.07427823408553674,0.0,0.061750817761563874,0.0,0.0,0.0,0.0
2017-03-03,0.07049921876370575,0.0,0.0,0.040316547008141565,0.0,0.006143911196748469,0.058752820655198594,0.0,0.0,0.00807640503716801,0.030826295229552034,0.0,0.11116648357529918,0.036838633985101926,0.0,0.0,0.3065518821606973,0.0,0.03583840722848904,0.0,0.0,0.0,0.040316547008141565,0.0,0.0711261293583034,0.10309007853813117,0.0,0.0,0.04006238128215396,0.0,0.04039425897316791,0.0,0.0,0.0,0.0
2017-03-10,0.07022113164465368,0.0,0.0,0.04029192657226999,0.0,0.010357233069396976,0.05540338894463835,0.0,0.0,0.008006166022586322,0.028890450468223985,0.0,0.11111789569669815,0.040136800399637795,0.0,0.0,0.2535635109632842,0.0,0.04401353262424074,0.0,0.0,0.0,0.04029192657226999,0.0,0.1171611751128277,0.10311172967411183,0.0,0.0,0.033726229230711634,0.0,0.04370690300444861,0.0,0.0,0.0,0.0
2017-03-17,0.0952925440813401,0.0,0.0,0.0393529457798993,0.0,0.01238178099240986,0.04799877256030022,0.0,0.0,0.00864582678040092,0.029606193865132198,0.0,0.10975348463249851,0.10556076328750011,0.0,0.0,0.1676295177455036,0.0,0.045372200937510265,0.0,0.0,0.0,0.0393529457798993,0.0,0.06097448366749555,0.10110765785209759,0.0,0.0,0.028919074549619478,0.0,0.10805180748839294,0.0,0.0,0.0,0.0
2017-03-24,0.09628042741836082,0.0,0.0,0.03841190649275507,0.0,0.014575822192549423,0.04831982817715863,0.0,0.0,0.009907921684403565,0.0301318655480897,0.0,0.10841794236829493,0.1054270864441712,0.0,0.0,0.16799110530118466,0.0,0.04692165485489122,0.0,0.0,0.0,0.03841190649275507,0.0,0.06733822573339941,0.09851002068389136,0.0,0.0,0.024747335406524372,0.0,0.10460695120157033,0.0,0.0,0.0,0.0
2017-03-31,0.07217183198755607,0.0,0.0,0.05737762667186834,0.010127955700818383,0.009078060975869502,0.06750558237268672,0.0,0.0,0.010127955700818383,0.0332916772531621,0.0,0.06984315439534494,0.11990233483597054,0.0,0.0,0.18985634492816217,0.0,0.035200734631878935,0.0,0.0,0.0,0.0,0.0,0.06846486168480859,0.14351980044123064,0.0,0.0,0.0,0.0,0.11353207841982454,0.0,0.0,0.0,0.0
2017-04-07,0.013745825205334945,0.0,0.0,0.05710981461357023,0.010309368904001208,0.009187517757792073,0.06741918351757144,0.0,0.0,0.010309368904001208,0.03335512932452568,0.0,0.07001036234497315,0.1463916205791189,0.0,0.0,0.22977600306263277,0.0,0.0,0.0,0.0,0.0,0.0,0.0,0.0859723710240532,0.11681080805454218,0.0,0.0,0.0,0.0,0.149602626707883,0.0,0.0,0.0,0.0
2017-04-14,0.013956362812710245,0.0,0.0,0.05684086841474892,0.010467272109532683,0.00924546451198503,0.0673081405242816,0.0,0.0,0.010467272109532683,0.03336341062844513,0.0,0.07026959717326582,0.15444149428783324,0.0,0.0,0.2192345509836065,0.0,0.0,0.0,0.0,0.0,0.0,0.0,0.09278920571589859,0.11664319347848205,0.0,0.0,0.0,0.0,0.1449731672496774,0.0,0.0,0.0,0.0
2017-04-21,0.07255203664102725,0.0,0.0,0.05668332400575102,0.010460444791167442,0.015381798482678325,0.06714376879691845,0.0,0.0,0.010460444791167442,0.03030124016616863,0.0,0.07047583004156768,0.11159275772746328,0.0,0.0,0.20779350398139307,0.0,0.04746830493782506,0.0,0.0,0.0,0.0,0.0,0.0736000820328001,0.11669870925615126,0.0,0.0,0.0,0.0,0.109387754347921,0.0,0.0,0.0,0.0
2017-04-28,0.012216662147099797,0.0,0.03968227397408624,0.04731064548996798,0.009162496610324849,0.04631393049218586,0.09979334545025809,0.0,0.0,0.0,0.032700129679912184,0.0,0.0,0.15419329702370502,0.0,0.0,0.17398312844691258,0.0,0.0,0.0,0.0,0.009162496610324849,0.03814814887964313,0.0,0.09407050585243895,0.09979334545025809,0.0,0.0,0.0,0.0,0.14346959389288216,0.0,0.0,0.0,0.0
2017-05-05,0.07141037338140735,0.0,0.019535235876585007,0.04721555320906544,0.008987203692766002,0.046166144145352674,0.10024680210407555,0.0,0.0,0.0,0.03253923670434229,0.0,0.0,0.13431702524801942,0.0,0.0,0.16758975852417837,0.0,0.03565646107463161,0.0,0.0,0.008987203692766002,0.038228349516299436,0.0,0.08509004879494202,0.10024680210407555,0.0,0.0,0.0,0.0,0.10378380193149303,0.0,0.0,0.0,0.0
2017-05-12,0.07121851743240679,0.0,0.0,0.04714828668351979,0.008834111682483436,0.0460488867542443,0.10059948104069061,0.0,0.0,0.0,0.03241673346558851,0.0,0.0,0.1339973195253317,0.0,0.0,0.1868369331927002,0.0,0.035663821113457325,0.0,0.0,0.008834111682483436,0.03831417500103635,0.0,0.08710377966676647,0.10059948104069061,0.0,0.0,0.0,0.0,0.10238436171860035,0.0,0.0,0.0,0.0
2017-05-19,0.07106214462145746,0.0,0.03067338021467024,0.04705314722515529,0.00866134074974905,0.04591127666160348,0.10095510492033385,0.0,0.0,0.0,0.032277558794760734,0.0,0.0,0.12862421422838158,0.0,0.0,0.16458171621749193,0.0,0.03570821417307524,0.0,0.0,0.00866134074974905,0.038391806475406236,0.0,0.08462484940077679,0.10095510492033385,0.0,0.0,0.0,0.0,0.1018588006470551,0.0,0.0,0.0,0.0
2017-05-26,0.07091876362763376,0.0,0.03268392528342685,0.10901527974666379,0.0,0.0534693809358407,0.05465135927882818,0.0,0.0,0.0,0.03213809944941763,0.0,0.0,0.14006656343225832,0.0,0.0,0.16349348708302114,0.0,0.03574957798473264,0.0,0.0,0.008502100239809516,0.0,0.0,0.08117598668477649,0.11751737998647331,0.0,0.0,0.0,0.0,0.10061809626711754,0.0,0.0,0.0,0.0
2017-06-02,0.01108377090956596,0.0,0.05338063225300954,0.10943396605884696,0.0,0.053312440384587115,0.054524944398154675,0.0,0.0,0.0,0.03196485883124346,0.0,0.0,0.169198762099952,0.0,0.0,0.14656931002162343,0.0,0.0,0.0,0.0,0.02046417701052162,0.0,0.0,0.10778560844660362,0.11774679424102144,0.0,0.0,0.0,0.0,0.12453473534487003,0.0,0.0,0.0,0.0
2017-06-09,0.01084926265614784,0.0,0.04866594012507413,0.10987884191503801,0.0,0.05317800339720241,0.054416181541309526,0.0,0.0,0.0,0.031786431352971885,0.0,0.0,0.16634615048223494,0.0,0.0,0.1448836239387588,0.0,0.0,0.0,0.0,0.02061967215926081,0.0,0.0,0.1145143373753876,0.11801578890714888,0.0,0.0,0.0,0.0,0.12684576614946502,0.0,0.0,0.0,0.0
2017-06-16,0.01064698904690111,0.0,0.0673339118496298,0.1103542104756942,0.0,0.05321567690043315,0.054480539091889726,0.0,0.0,0.0,0.03159257780666096,0.0,0.0,0.07332465959184135,0.0,0.0,0.19084572055702673,0.0,0.0,0.0,0.0,0.027819215063596997,0.0,0.0,0.18113238361368658,0.11833945226087003,0.0,0.0,0.0,0.0,0.057701815979420305,0.0,0.0,0.023212847762348953,0.0
2017-06-23,0.010462155763854295,0.0,0.06655442825817101,0.1107194486614175,0.0,0.053175251185897485,0.05446117160257823,0.0,0.0,0.0,0.03145244496552674,0.0,0.0,0.07670004208409861,0.0,0.0,0.1784856260895108,0.0,0.0,0.0,0.0,0.027744077919435874,0.0,0.0,0.15986990535660275,0.11856606548430823,0.0,0.0,0.0,0.0,0.0498124911425678,0.03405785316863417,0.0,0.02793903831739647,0.0
2017-06-30,0.060061429869656395,0.0,0.030616822126994923,0.10798930910249793,0.0,0.03980555310033065,0.03338394755532411,0.0,0.0,0.0,0.031333359259728674,0.0,0.0,0.05053347303605609,0.0,0.0,0.18158587816283897,0.0,0.06942080547711794,0.0,0.0,0.028204424117183005,0.03338394755532411,0.0,0.17099208142919506,0.10798930910249793,0.0,0.0,0.0,0.0,0.03597641409101997,0.018723246014234064,0.0,0.0,0.0
2017-07-07,0.060064542088851126,0.0,0.04397893443762562,0.10808485001803797,0.0,0.039807901941969814,0.03350845873058595,0.0,0.0,0.0,0.031224778692960094,0.0,0.0,0.04517890891138063,0.0,0.0,0.19145342929703615,0.0,0.06954718398389662,0.0,0.0,0.028123642210718544,0.03350845873058595,0.0,0.16891400383271837,0.10808485001803797,0.0,0.0,0.0,0.0,0.027697277237790436,0.01082277986780449,0.0,0.0,0.0
2017-07-14,0.06006744693563701,0.0,0.04161376584853885,0.10815576654680839,0.0,0.03971574198066741,0.03352696966769462,0.0,0.0,0.0,0.03116821494589849,0.0,0.0,0.0469674826304079,0.0,0.0,0.1943778173728331,0.0,0.06956743782907682,0.0,0.0,0.028053043261133323,0.03352696966769462,0.0,0.16714091994877756,0.10815576654680839,0.0,0.0,0.0,0.0,0.031206374400239698,0.006756282417783793,0.0,0.0,0.0
2017-07-21,0.0,0.0,0.05801176245999132,0.10826353073589727,0.0,0.03958945987466574,0.033523777890652404,0.0,0.0,0.0,0.031084482348839558,0.0,0.0,0.07735809230858218,0.0,0.0,0.19462823116707934,0.0,0.033523777890652404,0.0,0.0,0.02741840089822726,0.033523777890652404,0.0,0.1849694342741798,0.10826353073589727,0.0,0.0,0.0,0.0,0.058876956811608636,0.010964784713074414,0.0,0.0,0.0
2017-07-28,0.06015590978272796,0.0,0.036124497984131324,0.10866798483256562,0.009862422285249684,0.03937228680689445,0.033414908700253036,0.0,0.0,0.0,0.030970827630726745,0.0,0.0,0.04897131535538231,0.0,0.0,0.19913621790674824,0.0,0.06950845456988981,0.0,0.0,0.026788835008334178,0.033414908700253036,0.0,0.17074016574764853,0.09880556254731596,0.0,0.0,0.0,0.0,0.034065702141878984,0.0,0.0,0.0,0.0
2017-08-04,0.0,0.0,0.07124696301145,0.12118716905784263,0.009739687783505632,0.03916719161057054,0.0333238909513986,0.0,0.0,0.0,0.030851174368184853,0.0,0.0,0.06843727305698703,0.0,0.0,0.1925469560583189,0.0,0.0333238909513986,0.0,0.0,0.024870165999915733,0.0333238909513986,0.0,0.18332819422915744,0.09930922308127801,0.0,0.0,0.0,0.0,0.052995598185001824,0.006348730703591352,0.0,0.0,0.0
2017-08-11,0.0,0.0,0.06483413749417459,0.12045812055743149,0.009621485521523847,0.039137535243424545,0.033405688436131224,0.0,0.0,0.0,0.030689664387110835,0.0,0.0,0.07027096043351158,0.0,0.0,0.1987001040050353,0.0,0.033405688436131224,0.0,0.0,0.02541830445978256,0.033405688436131224,0.0,0.17873676516168452,0.09988483554013086,0.0,0.0,0.0,0.0,0.06203102188779611,0.0,0.0,0.0,0.0
2017-08-18,0.05989228513994477,0.0,0.03967831992046357,0.10971500217087843,0.009530529351502285,0.04310142769358141,0.03355843960222209,0.0,0.0,0.0,0.028752156516719495,0.0,0.0,0.04594067054602731,0.0,0.0,0.20558194638556226,0.0,0.0771282011592764,0.0,0.0,0.01841590933958409,0.03355843960222209,0.0,0.12730917653176071,0.10018447281937615,0.0,0.0,0.031409351178323094,0.0,0.036243672042555714,0.0,0.0,0.0,0.0
2017-08-25,0.06919263346512221,0.0,0.044394357814026376,0.10737650016317386,0.0,0.04331235676494135,0.033661820875937914,0.0,0.0,0.0,0.028773575507951656,0.0,0.0,0.03938819030213928,0.0,0.0,0.21844228198424415,0.0,0.07722234355067299,0.0,0.0,0.01567570520006165,0.033661820875937914,0.0,0.12194408559465302,0.12974456472457402,0.0,0.0,0.0,0.0,0.037209763176563444,0.0,0.0,0.0,0.0
2017-09-01,0.009320797984657552,0.0,0.08233539167880694,0.1201700146951298,0.0,0.039587617358704086,0.03382677567509333,0.0,0.0,0.0,0.03061854216929619,0.0,0.0,0.006990598488493164,0.0,0.0,0.20083507799527384,0.0,0.03382677567509333,0.0,0.0,0.021445740285859223,0.03382677567509333,0.0,0.16900563576964422,0.1649549281583787,0.0,0.0,0.0,0.0,0.053255328390476135,0.0,0.0,0.0,0.0
2017-09-08,0.00922140470997025,0.0,0.0741363943293352,0.10811131800108773,0.0,0.03956128406693632,0.03390562508624086,0.0,0.0,0.0,0.030473782423763453,0.0,0.0,0.053836568414717734,0.0,0.0,0.2179867854666073,0.0,0.03390562508624086,0.0,0.0,0.02163040263504487,0.03390562508624086,0.0,0.12516636966277062,0.16406318196089167,0.0,0.0,0.0,0.0,0.05409563307015221,0.0,0.0,0.0,0.0
2017-09-15,0.009111153957898327,0.0,0.07366454022453972,0.12052635341203458,0.0,0.03956924576977152,0.034018804612216375,0.0,0.0,0.0,0.030326944156958247,0.0,0.0,0.052227568793531444,0.0,0.0,0.20145966098509405,0.0,0.034018804612216375,0.0,0.0,0.02070013413868141,0.034018804612216375,0.0,0.1300199293565687,0.1703123021384949,0.0,0.0,0.0,0.0,0.0500257532297779,0.0,0.0,0.0,0.0
2017-09-22,0.009022806983553873,0.0,0.06809887196047797,0.12056468589200003,0.0,0.03958098089636261,0.03411985156714753,0.0,0.0,0.0,0.030203733423636345,0.0,0.0,0.060813547248635885,0.0,0.0,0.20724175405159126,0.0,0.03411985156714753,0.0,0.0,0.02051689759007342,0.03411985156714753,0.0,0.12427089083960448,0.16200495991857466,0.0,0.0,0.0,0.0,0.05532131649404681,0.0,0.0,0.0,0.0
2017-09-29,0.059255684271337136,0.0,0.041638072919082995,0.11894789144559909,0.0,0.03530442771609971,0.029915914514688183,0.0,0.0,0.0,0.03011056584121443,0.0,0.029915914514688183,0.03138206054553814,0.0,0.0,0.2064626759154694,0.0,0.06546932507749045,0.0,0.0,0.022254819467031867,0.029915914514688183,0.0,0.12313451115662052,0.14300691817044744,0.0,0.0,0.0,0.0,0.03328530393000426,0.0,0.0,0.0,0.0
2017-10-06,0.0592881190079584,0.0,0.03343320005539602,0.10735026522046776,0.0,0.03510053328159639,0.029773382979892755,0.0,0.0,0.0,0.03007855333999537,0.0,0.029773382979892755,0.04044436573216922,0.0,0.0,0.17856562057058428,0.0,0.06534625438466779,0.0,0.0,0.022732579175840595,0.029773382979892755,0.0,0.08514167595494775,0.13247501686204885,0.0,0.0,0.0,0.0,0.12072366747464938,0.0,0.0,0.0,0.0
2017-10-13,0.05926711285082467,0.0,0.037528301452149845,0.11869833627924582,0.0,0.03498884898616823,0.029712518865881207,0.0,0.0,0.0,0.030041641497586348,0.0,0.029712518865881207,0.03872732154487925,0.0,0.0,0.19290220545758585,0.0,0.065272786576376,0.0,0.0,0.02234907557791762,0.029712518865881207,0.0,0.13754348113639037,0.13419709728592666,0.0,0.0,0.0,0.0,0.03934623475730583,0.0,0.0,0.0,0.0
2017-10-20,0.05917917456354726,0.0,0.036421330204550365,0.10777186530863572,0.0,0.03500574223655066,0.029776966252050126,0.0,0.0,0.0,0.029967446894888186,0.0,0.029776966252050126,0.09634778276840988,0.0,0.0,0.14939147665403682,0.0,0.06528447099017848,0.0,0.0,0.022829919828303544,0.029776966252050126,0.0,0.06872303480602804,0.136881982241739,0.0,0.0,0.0,0.0,0.10286487474698161,0.0,0.0,0.0,0.0
2017-10-27,0.06793965578852827,0.0,0.03651879793192126,0.11287088655569551,0.0,0.04524812896785079,0.029675043515272906,0.0,0.0,0.0,0.028319736328730548,0.0,0.029675043515272906,0.0717355867071916,0.0,0.0,0.14548734234057342,0.0,0.07222341640120805,0.0,0.0,0.01538450203833918,0.029675043515272906,0.0,0.06258853684462798,0.1401459251820436,0.0,0.0,0.0,0.0,0.11251235436747103,0.0,0.0,0.0,0.0
2017-11-03,0.06784788452070892,0.0,0.03375842194286031,0.10530191565409355,0.0,0.04546013939494923,0.029571717235885385,0.0,0.0,0.0,0.028487732673654557,0.0,0.029571717235885385,0.02954328811423785,0.0,0.0,0.16534011981347924,0.0,0.07230681342964781,0.0,0.0,0.015784961841039554,0.029571717235885385,0.0,0.0866848900682452,0.13320950319115296,0.0,0.0,0.0,0.0,0.12755917764827462,0.0,0.0,0.0,0.0
2017-11-10,0.06773798195115564,0.0,0.031142331512049464,0.10515697050939599,0.0,0.04181975844586387,0.029456736505654404,0.0,0.0,0.0,0.030527539459482434,0.0,0.029456736505654404,0.03423444163941658,0.0,0.0,0.16889844447479785,0.0,0.06475194964884859,0.0,0.0,0.02076723576091839,0.029456736505654404,0.0,0.11921106855529895,0.10515697050939599,0.0,0.0,0.0,0.0,0.12222509801641296,0.0,0.0,0.0,0.0
2017-11-17,0.093851556265347,0.0,0.036753740431960814,0.1139269045527099,0.0,0.048427874041600254,0.028707521612562494,0.0,0.0,0.0,0.029075314466187857,0.0,0.028707521612562494,0.04108992676448604,0.0,0.0,0.13844766363360372,0.0,0.07303187996729885,0.0,0.0,0.01925204412132951,0.028707521612562494,0.0,0.08615438924234271,0.13635582733270823,0.0,0.0,0.0,0.0,0.0975103143427375,0.0,0.0,0.0,0.0
2017-11-24,0.09516360642190354,0.0,0.0334179307523199,0.1141020069704613,0.0,0.0415052565713234,0.02812556884273512,0.0,0.0,0.0,0.03905162862314653,0.0,0.02812556884273512,0.07237020331321316,0.0,0.0,0.1341925953232881,0.0,0.07379953988946497,0.0,0.0,0.02247673434415097,0.02812556884273512,0.0,0.08987684584446436,0.10295484905187252,0.0,0.0,0.0,0.0,0.096712096366186,0.0,0.0,0.0,0.0
2017-12-01,0.13270715010868123,0.0,0.030227874249507767,0.11367112592119287,0.0,0.04241684022922182,0.027532058367906703,0.0,0.0,0.0,0.07292006480598369,0.0,0.027532058367906703,0.03198122529377113,0.0,0.0,0.12445383531473177,0.0,0.07431214537048442,0.0,0.0,0.02596717934287017,0.027532058367906703,0.0,0.07679180130674071,0.1017515123369281,0.0,0.0,0.0,0.0,0.09020307061616611,0.0,0.0,0.0,0.0
2017-12-08,0.09838688921738942,0.0,0.0,0.10047783938660344,0.0,0.04328913295435915,0.026997481149022496,0.0,0.0,0.0,0.07053986150241315,0.0,0.026997481149022496,0.09868516583337433,0.0,0.0,0.13103852871617813,0.0,0.07482596487128702,0.0,0.0,0.02758229483973646,0.026997481149022496,0.0,0.09850753253778993,0.10047783938660344,0.0,0.0,0.023966761665895214,0.0,0.051229745641302754,0.0,0.0,0.0,0.0
2017-12-15,0.1349177667113166,0.0,0.022532677572435367,0.09966250541672825,0.0,0.04387774086763573,0.026531345846796506,0.0,0.0,0.0,0.05586909597268577,0.0,0.026531345846796506,0.08914819793495388,0.0,0.0,0.11210882623676215,0.0,0.07514197675342715,0.0,0.0,0.028467394940673175,0.026531345846796506,0.0,0.07458232930258832,0.09966250541672825,0.0,0.0,0.0,0.0,0.08443494533367578,0.0,0.0,0.0,0.0
2017-12-22,0.1336614756477169,0.0,0.0,0.09991323295468436,0.0,0.047176910234184466,0.025982686501262158,0.0,0.0,0.0,0.059069085129842366,0.0,0.025982686501262158,0.0972764823069479,0.0,0.0,0.12936369631488548,0.0,0.0758152838324181,0.0,0.0,0.03268145196765955,0.025982686501262158,0.0,0.06689088062026755,0.09991323295468436,0.0,0.0,0.0,0.0,0.08029020853292237,0.0,0.0,0.0,0.0
2017-12-29,0.09985435282903911,0.0,0.022094409681955276,0.09959824182622926,0.0,0.0636943278350969,0.025817456541105843,0.0,0.0,0.0,0.03136626557332804,0.0,0.025817456541105843,0.11363281012949969,0.0,0.0,0.13020810609803812,0.0,0.07586225223599224,0.0,0.0,0.016543479784940734,0.025817456541105843,0.0,0.07636494426361261,0.09959824182622926,0.0,0.0,0.0,0.0,0.09373019829272117,0.0,0.0,0.0,0.0
2018-01-05,0.13288763351527785,0.0,0.02206654624704762,0.09991014732159012,0.0,0.06821641167066043,0.02554503972734485,0.0,0.0,0.0,0.042975054435551684,0.0,0.02554503972734485,0.098248058927457,0.0,0.0,0.12552973601392756,0.0,0.0764534510369762,0.0,0.0,0.01852738034798119,0.02554503972734485,0.0,0.06205372437543287,0.09991014732159012,0.0,0.0,0.0,0.0,0.07658658960447273,0.0,0.0,0.0,0.0
2018-01-12,0.09988239895903106,0.0,0.02503730195370647,0.09968599648311051,0.0,0.06797209745284831,0.025464647922354578,0.0,0.0,0.0,0.05736940988691275,0.0,0.025464647922354578,0.03509887440917253,0.0,0.0,0.16826720588242267,0.0,0.07644317677860432,0.0,0.0,0.0394911379343454,0.025464647922354578,0.0,0.11538399398963704,0.09968599648311051,0.0,0.0,0.0,0.0,0.03928846602003466,0.0,0.0,0.0,0.0
2018-01-19,0.09991265299106794,0.0,0.0,0.09957508565125028,0.0,0.06753607451183274,0.025516456539621528,0.0,0.0,0.0,0.05704405778694031,0.0,0.025516456539621528,0.06084433724379273,0.0,0.0,0.19376424069248027,0.0,0.07646461084552716,0.0,0.0,0.018269040963913748,0.025516456539621528,0.0,0.11335199477601288,0.09957508565125028,0.0,0.0,0.0,0.0,0.03711344926706711,0.0,0.0,0.0,0.0
2018-01-26,0.10012782342052745,0.0,0.0,0.08968219272446512,0.018192647957401914,0.05759140909532724,0.03403638759638814,0.0,0.0,0.0,0.07574324671508392,0.0,0.03403638759638814,0.036822440822448704,0.0,0.0,0.18020932101318465,0.0,0.06914795290699073,0.0,0.0,0.03759281351077393,0.0,0.0,0.1138020124325365,0.08968219272446512,0.0,0.0,0.023318716226840588,0.0,0.04001445525717777,0.0,0.0,0.0,0.0
2018-02-02,0.10033611738796203,0.0,0.03041753081846814,0.0895498084242324,0.018125077860360658,0.057422149465305626,0.03404593540354156,0.0,0.0,0.0,0.07862110327599618,0.0,0.03404593540354156,0.03359494372695721,0.0,0.0,0.1766082273854743,0.0,0.06909131298248322,0.0,0.0,0.03764928204935471,0.0,0.0,0.11603744112322681,0.0895498084242324,0.0,0.0,0.0,0.0,0.034905326268863064,0.0,0.0,0.0,0.0
2018-02-09,0.13330484567378265,0.0,0.0,0.11108617286969986,0.022521229320905025,0.06144202113307882,0.07312599568338582,0.0,0.0,0.0,0.15826600585550782,0.0,0.03345436409132767,0.0,0.0,0.0,0.12589013000148003,0.0,0.0845829865463641,0.0,0.0,0.04663513808098453,0.0,0.0,0.06486881178885641,0.08482229895462731,0.0,0.0,0.0,0.0,0.0,0.0,0.0,0.0,0.0
2018-02-16,0.13227419164855292,0.0,0.0,0.0809814459678553,0.026920347271470704,0.06510686829459046,0.06937103872626041,0.0,0.0,0.0,0.22840618953753694,0.0,0.03246857767613946,0.0,0.0,0.0,0.10933281733249851,0.0,0.08993344081635245,0.0,0.0,0.026920347271470704,0.0,0.0,0.05730328948941677,0.0809814459678553,0.0,0.0,0.0,0.0,0.0,0.0,0.0,0.0,0.0
2018-02-23,0.23910334373027742,0.0,0.0,0.09179819010848253,0.0,0.12101938523092423,0.06567742831678751,0.0,0.0,0.0,0.18092363306951834,0.0,0.03145908001723302,0.0,0.0,0.0,0.07718111181102091,0.0,0.10103963760727352,0.0,0.0,0.014617078297461611,0.0,0.0,0.0,0.07718111181102091,0.0,0.0,0.0,0.0,0.0,0.0,0.0,0.0,0.0
2018-03-02,0.24882598933866104,0.0,0.0,0.09005454202170214,0.0,0.12364954663667865,0.061997042661802726,0.0,0.0,0.0,0.17465395139469359,0.0,0.030446393591461254,0.0,0.0,0.0,0.07338014716241689,0.0,0.10693784517088152,0.0,0.0,0.01667439485928525,0.0,0.0,0.0,0.07338014716241689,0.0,0.0,0.0,0.0,0.0,0.0,0.0,0.0,0.0
2018-03-09,0.25863229609764166,0.0,0.0,0.08834177513034377,0.0,0.12607037378970642,0.05839355692957002,0.0,0.0,0.0,0.16829302144542452,0.0,0.029392267996484676,0.0,0.0,0.0,0.06958441377150157,0.0,0.11295051970898337,0.0,0.0,0.018757361358842206,0.0,0.0,0.0,0.06958441377150157,0.0,0.0,0.0,0.0,0.0,0.0,0.0,0.0,0.0
2018-03-16,0.26819680014220393,0.0,0.0,0.08667341291180573,0.0,0.12833723399068755,0.05495980542892438,0.0,0.0,0.0,0.16205089281236387,0.0,0.02837391183102588,0.0,0.0,0.0,0.06587829459302427,0.0,0.11885623537815848,0.0,0.0,0.020795118318781468,0.0,0.0,0.0,0.06587829459302427,0.0,0.0,0.0,0.0,0.0,0.0,0.0,0.0,0.0
2018-03-23,0.2755427554384694,0.0,0.0,0.0852326891159259,0.0,0.1306082515090532,0.05213623906990993,0.0,0.0,0.0,0.15729321481228503,0.0,0.02766668402909649,0.0,0.0,0.0,0.06288519136988358,0.0,0.12340228553945057,0.0,0.0,0.022347497746042323,0.0,0.0,0.0,0.06288519136988358,0.0,0.0,0.0,0.0,0.0,0.0,0.0,0.0,0.0
2018-03-30,0.246798115921715,0.0,0.0,0.03278780091188831,0.0,0.1470910891328895,0.022743607494869623,0.0,0.0,0.0,0.14286143660399572,0.0,0.06417823816897528,0.0,0.0,0.0,0.07347991743871342,0.0,0.06900519141832187,0.0,0.0,0.1275746854699177,0.0,0.0,0.0,0.07347991743871342,0.0,0.0,0.0,0.0,0.0,0.0,0.0,0.0,0.0
2018-04-06,0.25054625585182355,0.0,0.0,0.030985314134504054,0.0,0.14850560353215297,0.02149919169676051,0.0,0.0,0.0,0.14042710573043465,0.0,0.06442532168586144,0.0,0.0,0.0,0.07100079537321705,0.0,0.0694070638438743,0.0,0.0,0.13220255277815446,0.0,0.0,0.0,0.07100079537321705,0.0,0.0,0.0,0.0,0.0,0.0,0.0,0.0,0.0
2018-04-13,0.25275593419874415,0.0,0.0,0.02978541565401773,0.0,0.14947243876467978,0.020698295995061237,0.0,0.0,0.0,0.13866319739339922,0.0,0.0645477556858215,0.0,0.0,0.0,0.06932587913179786,0.0,0.06984279317708522,0.0,0.0,0.13558241086759534,0.0,0.0,0.0,0.06932587913179786,0.0,0.0,0.0,0.0,0.0,0.0,0.0,0.0,0.0
2018-04-20,0.2530864891394241,0.0,0.0,0.02958941967468461,0.0,0.14956860483334566,0.02062076848450521,0.0,0.0,0.0,0.13822435208370124,0.0,0.06466586653176107,0.0,0.0,0.0,0.06913909593185819,0.0,0.06992210652443416,0.0,0.0,0.13604420086442762,0.0,0.0,0.0,0.06913909593185819,0.0,0.0,0.0,0.0,0.0,0.0,0.0,0.0,0.0
2018-04-27,0.2534343046711693,0.025213076640010452,0.0,0.05583907991077623,0.0,0.13636661789472398,0.0722094968119443,0.0,0.0,0.0,0.13786675651199956,0.0,0.15167831267008833,0.0,0.0,0.0,0.02638938446714472,0.0,0.06995967803275527,0.0,0.0,0.015204212478611704,0.0,0.0,0.0,0.05583907991077623,0.0,0.0,0.0,0.0,0.0,0.0,0.0,0.0,0.0
2018-05-04,0.25365391964661493,0.02530403605804424,0.0,0.055753394873097356,0.0,0.13641141503253362,0.07231630908768191,0.0,0.0,0.0,0.13740038905705432,0.0,0.15381837332213122,0.0,0.0,0.0,0.026466035150988144,0.0,0.06997438356146221,0.0,0.0,0.013148349337294666,0.0,0.0,0.0,0.055753394873097356,0.0,0.0,0.0,0.0,0.0,0.0,0.0,0.0,0.0
2018-05-11,0.24258439447552327,0.025388577109530002,0.0,0.055606085095310294,0.0,0.18194768590005686,0.0723341119855943,0.0,0.0,0.0,0.1030086294878742,0.0,0.15536585930042873,0.0,0.0,0.0,0.026480651893875762,0.0,0.0699949786373966,0.0,0.0,0.01168294101909973,0.0,0.0,0.0,0.055606085095310294,0.0,0.0,0.0,0.0,0.0,0.0,0.0,0.0,0.0
2018-05-18,0.2540043329714474,0.02540621658544201,0.0,0.05559068520145538,0.0,0.1365892716311996,0.07235439061097096,0.0,0.0,0.0,0.13699905246847152,0.0,0.14676644569912298,0.0,0.0,0.0,0.02655573598540395,0.0,0.06990828607168606,0.0,0.0,0.02023489757334476,0.0,0.0,0.0,0.05559068520145538,0.0,0.0,0.0,0.0,0.0,0.0,0.0,0.0,0.0
2018-05-25,0.13790169343489922,0.0,0.0,0.05346456409110456,0.0,0.1389157435095499,0.02032437126909724,0.0,0.0,0.0,0.11163852950489103,0.0,0.2339509212709372,0.0,0.0,0.0,0.08245053635431927,0.0,0.12406011968585692,0.0,0.0,0.013917546996283899,0.0,0.0,0.0,0.08337597388306064,0.0,0.0,0.0,0.0,0.0,0.0,0.0,0.0,0.0
2018-06-01,0.1380669272940018,0.0,0.0,0.05360475362441833,0.0,0.13872913356019956,0.02038559800375493,0.0,0.0,0.0,0.11188071570156363,0.0,0.24142303863024991,0.0,0.0,0.0,0.08259261125118407,0.0,0.12387965326686376,0.0,0.0,0.006123767353275258,0.0,0.0,0.0,0.08331380131448875,0.0,0.0,0.0,0.0,0.0,0.0,0.0,0.0,0.0
2018-06-08,0.1394325491224716,0.0,0.0,0.05504476017249456,0.0,0.13474455637614233,0.0,0.0,0.0,0.0,0.07847695953893555,0.0,0.22790611979595998,0.02095957818605859,0.0,0.0,0.08919164507650286,0.0,0.11504337444700338,0.0,0.0,0.0149406444825145,0.0,0.0,0.017850193185374712,0.08264814440831106,0.0,0.0,0.0,0.0,0.023761475208230905,0.0,0.0,0.0,0.0
2018-06-15,0.13526577102516507,0.0,0.0,0.057063285386879006,0.0,0.12945751434199593,0.0,0.0,0.0,0.0,0.0828404371510261,0.0,0.22761268785445055,0.028119142723803777,0.0,0.0,0.09364576205162962,0.0,0.0914266395196171,0.0,0.0,0.008631847417012353,0.0,0.0,0.028142184362522457,0.08093612670883772,0.0,0.0,0.0,0.0,0.0368586014570603,0.0,0.0,0.0,0.0
2018-06-22,0.14186048090472916,0.0,0.0,0.058854631756398434,0.0,0.12260954449850552,0.0,0.0,0.0,0.0,0.0838173698952819,0.0,0.2175144776133533,0.025924465785827574,0.0,0.0,0.1032943818316626,0.0,0.10499132619286848,0.0,0.0,0.012694574556542437,0.0,0.0,0.023090582977087267,0.07958725624959448,0.0,0.0,0.0,0.0,0.025760907738148903,0.0,0.0,0.0,0.0
2018-06-29,0.1280445229906969,0.0,0.0,0.0,0.039614567065307874,0.0870025017653171,0.04631605427412591,0.0,0.0,0.039614567065307874,0.04253794335874492,0.0,0.12359927205299104,0.09781641303271046,0.0,0.0,0.13284776484962574,0.0,0.05946263842343799,0.0,0.0,0.014683831182734669,0.04631605427412591,0.0,0.07944082585658796,0.037668650713557246,0.0,0.0,0.0,0.0,0.025034393094728286,0.0,0.0,0.0,0.0
2018-07-06,0.12806759475294227,0.0,0.0,0.0,0.03683343633610606,0.0815227949747282,0.04800512995207841,0.0,0.0,0.03683343633610606,0.04334631070973133,0.0,0.12382245516332742,0.028500726670940637,0.0,0.0,0.2012637197435842,0.0,0.05765472743949574,0.0,0.0,0.08044084554951986,0.04800512995207841,0.0,0.021183379879522003,0.03898388887514296,0.0,0.0,0.0,0.0,0.025536423664696533,0.0,0.0,0.0,0.0
2018-07-13,0.15368936727913216,0.0,0.0,0.0,0.03437376116062939,0.09397771150718237,0.04923583644130326,0.0,0.0,0.03437376116062939,0.052481639752524636,0.0,0.12366972584266524,0.029910275768888474,0.0,0.0,0.14618511302194487,0.0,0.0820547420924132,0.0,0.0,0.0,0.04923583644130326,0.0,0.08513217846961946,0.04006012824073258,0.0,0.0,0.0,0.0,0.025619922821031614,0.0,0.0,0.0,0.0
2018-07-20,0.1286953764973165,0.0,0.0,0.0,0.032468089031094695,0.07339848719222414,0.04959699785841053,0.0,0.0,0.032468089031094695,0.044395103614110226,0.0,0.12310139020036323,0.03063018180335605,0.0,0.0,0.14500435568884662,0.0,0.05596412885275925,0.0,0.0,0.07367471669003299,0.04959699785841053,0.0,0.09299879527091068,0.04103630331085801,0.0,0.0,0.0,0.0,0.026970987100211726,0.0,0.0,0.0,0.0
2018-07-27,0.12924864557708451,0.0,0.0,0.04187875931711442,0.0,0.07050289417239111,0.08070534778266587,0.0,0.0,0.03093297850998864,0.044673912963549126,0.0,0.12258410709978029,0.033375123690544045,0.0,0.0,0.2087025520729873,0.0,0.055612790369593615,0.0,0.0,0.006398983085646854,0.04977236927267723,0.0,0.09668284632558755,0.0,0.0,0.0,0.0,0.0,0.02892868976038942,0.0,0.0,0.0,0.0
2018-08-03,0.12969919190536397,0.0,0.0,0.04275773319269303,0.0,0.06821941211678353,0.07938507214111362,0.0,0.0,0.029685988028890428,0.04496591895030886,0.0,0.12214280533380666,0.0370579995868776,0.0,0.0,0.20950855653596434,0.0,0.05534491467526889,0.0,0.0,0.00835068583515063,0.049699084112223194,0.0,0.08519879529763374,0.0,0.0,0.0,0.0,0.0,0.034473814806314514,0.0,0.0035100274816069975,0.0,0.0
2018-08-10,0.13173253775373847,0.0,0.0,0.04427243443440686,0.0,0.062425544724142974,0.07725353891545525,0.0,0.0,0.027307973609570914,0.04463432418707136,0.0,0.12152597334986212,0.035218374836887105,0.0,0.0,0.2159529377306248,0.0,0.05469990491500146,0.0,0.0,0.007555391532255536,0.049945565305884336,0.0,0.09513140657710559,0.0,0.0,0.0,0.0,0.0,0.032344092127993274,0.0,0.0,0.0,0.0
2018-08-17,0.09169992949999832,0.0,0.0,0.0461538514769866,0.0,0.04351335025713206,0.0751385303738162,0.0,0.0,0.024402967978430737,0.04015664039884913,0.0,0.1212923818508028,0.05164093311229439,0.0,0.0,0.285079367363084,0.0,0.0,0.0,0.0,0.005845074900210601,0.05073556239538546,0.0,0.1231548754620368,0.0,0.0,0.0,0.0,0.0,0.041186534930972955,0.0,0.0,0.0,0.0
2018-08-24,0.09059722452849425,0.0,0.0,0.04804975030912363,0.0,0.03977217728422258,0.07390623782326111,0.0,0.0,0.02209201814666754,0.03911936800468304,0.0,0.12195598813238474,0.05165828565607165,0.0,0.0,0.2675864056685326,0.0,0.0,0.0,0.0,0.0,0.05181421967659357,0.0,0.0955503252786076,0.0,0.0,0.0,0.0,0.0,0.0978979994913576,0.0,0.0,0.0,0.0
2018-08-31,0.048708342048758506,0.0,0.0,0.04973998080142056,0.0,0.016473441548207072,0.06235888503423492,0.0,0.0,0.020215179690644174,0.03822821067610668,0.0,0.11209886583565548,0.060982498453942796,0.0,0.0,0.26829010449769153,0.0,0.04214370534359075,0.0,0.0,0.0,0.06235888503423492,0.0,0.11455192013425415,0.0,0.0,0.0,0.0,0.0,0.10384998090125835,0.0,0.0,0.0,0.0
2018-09-07,0.07661426740039257,0.0,0.0,0.05172190422729149,0.0,0.0247763993141724,0.060872148890251734,0.0,0.0,0.017760046327310507,0.03228167049018491,0.0,0.11259405311754322,0.03764656760963299,0.0,0.0,0.22050017502652575,0.0,0.09469374539266628,0.0,0.0,0.0,0.060872148890251734,0.0,0.08992254453202844,0.0,0.0,0.0,0.0,0.0,0.07933111598669079,0.0,0.0,0.040413212795057135,0.0
2018-09-14,0.0753630957491831,0.0,0.0,0.0528184928099663,0.0,0.022966882088660406,0.07497763384746406,0.0,0.0,0.016057829773006384,0.03214581322744806,0.0,0.11260312384275034,0.03559167863073116,0.0,0.0,0.22618097920416771,0.0,0.09447190056181073,0.0,0.0,0.0,0.05978463103278404,0.0,0.13545537055813492,0.0,0.0,0.0,0.0,0.0,0.028257509693896687,0.0,0.03332505897999623,0.0,0.0
2018-09-21,0.07429183439358529,0.0,0.0,0.053777654301491576,0.0,0.021498576930730106,0.07214095705341089,0.0,0.0,0.014660928327876202,0.032029611253283866,0.0,0.11267930002703688,0.031828710148610107,0.0,0.0,0.26095764688798395,0.0,0.0942859369161034,0.0,0.0,0.0,0.05890164572554531,0.0,0.08960717000575336,0.0,0.0,0.0,0.014565873919346153,0.0,0.033352565653701434,0.0,0.03542158845554145,0.0,0.0
2018-09-28,0.07340947176601068,0.0,0.0,0.0,0.0,0.020062257284884297,0.08088141113736426,0.0,0.0,0.013546435584698544,0.03168403874801517,0.0,0.12465634636191213,0.031334448391438424,0.0,0.0,0.2702957117517536,0.0,0.049258340419755,0.0,0.0,0.0,0.12465634636191213,0.0,0.12158196090475651,0.0,0.0,0.0,0.021058603620179205,0.0,0.03757462766731993,0.0,0.0,0.0,0.0
2018-10-05,0.07323147457742457,0.0,0.0,0.0,0.0,0.0197430083456883,0.08235828386246283,0.0,0.0,0.013306867599250868,0.031598200157036405,0.0,0.12486710958236093,0.036800960858202406,0.0,0.0,0.23363361637489927,0.0,0.04908779734360469,0.0,0.0,0.0,0.12486710958236093,0.0,0.10405245939981286,0.0,0.0,0.0,0.0,0.0,0.03777023112262002,0.0,0.0,0.06868288119427587,0.0
2018-10-12,0.07298034043623887,0.0,0.0,0.0,0.0,0.01939160059930907,0.08091444071904741,0.0,0.0,0.013013599074469931,0.03150183565337255,0.0,0.12516365272641364,0.03131739539648466,0.0,0.0,0.23926274925939678,0.0,0.048890605481614634,0.0,0.0,0.0,0.12516365272641364,0.0,0.09767799349220904,0.0,0.0,0.0,0.0,0.0,0.03792230383962272,0.0,0.0,0.07679983059540703,0.0
2018-10-19,0.13213946204198446,0.0,0.0,0.0,0.0,0.02345882416558539,0.13575505933561283,0.0,0.0,0.017498211856167012,0.11643717401005876,0.0,0.12481355212214881,0.0,0.0,0.0,0.16960320794109507,0.0,0.06053559593603587,0.0,0.0,0.0,0.12481355212214881,0.0,0.036816152677884045,0.0,0.0,0.0,0.0,0.0,0.0,0.0,0.0,0.05812920779127896,0.0
2018-10-26,0.199624662591016,0.0,0.0,0.0,0.0,0.07079845033253221,0.12686228245671952,0.0,0.0,0.01022962308106172,0.1757354070265017,0.0,0.11287008083562816,0.0,0.0,0.0,0.1295889869647008,0.0,0.06142042587621176,0.0,0.0,0.0,0.11287008083562816,0.0,0.0,0.0,0.0,0.0,0.0,0.0,0.0,0.0,0.0,0.0,0.0
2018-11-02,0.20683525588702792,0.0,0.0,0.0,0.0,0.0737181636322659,0.12920210648445643,0.0,0.0,0.012115922845019729,0.16868046738067247,0.0,0.140433428014089,0.0,0.0,0.0,0.09690895562301365,0.0,0.06308082166542153,0.0,0.0,0.0,0.10902487846803338,0.0,0.0,0.0,0.0,0.0,0.0,0.0,0.0,0.0,0.0,0.0,0.0
2018-11-09,0.19436033309777279,0.0,0.0,0.0,0.0,0.038022258041968376,0.13635277611212354,0.0,0.0,0.014003205593387538,0.10355825105557465,0.0,0.10601808343680831,0.0,0.0,0.0,0.15448517467933237,0.0,0.0645652422013685,0.0,0.0,0.0,0.10601808343680831,0.0,0.0,0.0,0.0,0.0,0.0,0.0,0.03188249303835901,0.0,0.0,0.05073409930649652,0.0
2018-11-16,0.22132932258790516,0.0,0.0,0.0,0.0,0.07771603161642374,0.13778726956890716,0.0,0.0,0.01616749348824943,0.15160553747998884,0.0,0.10367219850312007,0.0,0.0,0.0,0.12262808225769273,0.0,0.06542186599459299,0.0,0.0,0.0,0.10367219850312007,0.0,0.0,0.0,0.0,0.0,0.0,0.0,0.0,0.0,0.0,0.0,0.0
2018-11-23,0.22969488041710165,0.0,0.0,0.0,0.0,0.08050807497959706,0.14170249809081278,0.0,0.0,0.018139536134849036,0.14511246734808353,0.0,0.09963153381856302,0.0,0.0,0.0,0.11859665418815521,0.0,0.06698282120427478,0.0,0.0,0.0,0.09963153381856302,0.0,0.0,0.0,0.0,0.0,0.0,0.0,0.0,0.0,0.0,0.0,0.0
2018-11-30,0.22133974269043,0.0,0.0,0.0,0.0,0.05048722746324054,0.13944207034411205,0.0,0.0,0.0,0.111956251833786,0.0,0.05227259014018783,0.0,0.0,0.0,0.09809763986981852,0.0,0.08789668235146635,0.0,0.0,0.0,0.1787544254663466,0.0,0.0,0.0,0.0,0.0,0.0,0.0,0.0,0.059753369840612115,0.0,0.0,0.0
2018-12-07,0.2432054988996565,0.0,0.0,0.0,0.0,0.0832724143732145,0.174126023277382,0.0,0.0,0.0,0.15353273583746874,0.0,0.05184926671007831,0.0,0.0,0.0,0.0302934237998614,0.0,0.08995852679646812,0.0,0.0,0.0,0.17376211030587047,0.0,0.0,0.0,0.0,0.0,0.0,0.0,0.0,0.0,0.0,0.0,0.0
2018-12-14,0.24925715760524866,0.0,0.0,0.0,0.0,0.08634646846088431,0.13246191722569206,0.0,0.0,0.0,0.15133913458547674,0.0,0.04955022247710737,0.0,0.0,0.0,0.026655525055512178,0.0,0.0931701839971772,0.0,0.0,0.0,0.21121939059290154,0.0,0.0,0.0,0.0,0.0,0.0,0.0,0.0,0.0,0.0,0.0,0.0
2018-12-21,0.2537872644438909,0.0,0.0,0.0,0.0,0.08850902869492777,0.180708752561026,0.0,0.0,0.0,0.14980007693674818,0.0,0.04786464181681456,0.0,0.0,0.0,0.023983286286941866,0.0,0.09558470888226774,0.0,0.0,0.0,0.15976224037738296,0.0,0.0,0.0,0.0,0.0,0.0,0.0,0.0,0.0,0.0,0.0,0.0
2018-12-28,0.3008590090154817,0.0,0.0,0.0,0.0,0.11524742815503299,0.04640203525640615,0.0,0.0,0.0,0.14841231798867655,0.0,0.024703886019346945,0.0,0.0,0.0,0.0,0.0,0.22788824191080678,0.0,0.0,0.0,0.136487081654249,0.0,0.0,0.0,0.0,0.0,0.0,0.0,0.0,0.0,0.0,0.0,0.0
2019-01-04,0.30042673822247434,0.0,0.0,0.0,0.0,0.11702737540296027,0.10085230115573632,0.0,0.0,0.0,0.1475472461659381,0.0,0.02525393109303193,0.0,0.0,0.0,0.0,0.0,0.22527505425246525,0.0,0.0,0.0,0.08361735370739369,0.0,0.0,0.0,0.0,0.0,0.0,0.0,0.0,0.0,0.0,0.0,0.0
2019-01-11,0.3004815506268599,0.0,0.0,0.0,0.0,0.11718535940135613,0.04651961537614151,0.0,0.0,0.0,0.1474950414290302,0.0,0.02534238769494796,0.0,0.0,0.0,0.0,0.0,0.27581384026505595,0.0,0.0,0.0,0.08716220520660835,0.0,0.0,0.0,0.0,0.0,0.0,0.0,0.0,0.0,0.0,0.0,0.0
2019-01-18,0.3005974523922423,0.0,0.0,0.0,0.0,0.11696409350481975,0.08849688499038855,0.0,0.0,0.0,0.14803392404374385,0.0,0.025283011719995113,0.0,0.0,0.0,0.0,0.0,0.30060735057932025,0.0,0.0,0.0,0.02001728276949017,0.0,0.0,0.0,0.0,0.0,0.0,0.0,0.0,0.0,0.0,0.0,0.0
2019-01-25,0.18481854224743666,0.0,0.0,0.0,0.0,0.13158047891014252,0.11393377312157114,0.0,0.0,0.0,0.22757002458272116,0.0,0.0,0.0,0.0,0.0,0.0,0.0,0.24857726862742452,0.0,0.0,0.0,0.09351991251070393,0.0,0.0,0.0,0.0,0.0,0.0,0.0,0.0,0.0,0.0,0.0,0.0
2019-02-01,0.18475427755662036,0.0,0.0,0.0,0.0,0.1332111156309677,0.1144310100265625,0.0,0.0,0.0,0.228485667203633,0.0,0.0,0.0,0.0,0.0,0.0,0.0,0.24437788837842406,0.0,0.0,0.0,0.09474004120379245,0.0,0.0,0.0,0.0,0.0,0.0,0.0,0.0,0.0,0.0,0.0,0.0
2019-02-08,0.19243733940223845,0.0,0.0,0.0,0.0,0.1339466711481971,0.11407676795452527,0.0,0.0,0.0,0.23182454348767745,0.0,0.0,0.0,0.0,0.0,0.0,0.0,0.23506081732542583,0.0,0.0,0.0,0.09265386068193589,0.0,0.0,0.0,0.0,0.0,0.0,0.0,0.0,0.0,0.0,0.0,0.0
2019-02-15,0.13888622484865018,0.0,0.0006011677995772732,0.0,0.0,0.09747194829434944,0.10234574052570856,0.0,0.0,0.0,0.3078705014946196,0.0,0.0,0.0,0.0,0.0,0.0,0.0,0.2268631711703974,0.0,0.0,0.0,0.08954852879272943,0.0,0.0,0.0,0.0,0.0,0.0,0.0,0.0,0.0,0.03641271707396823,0.0,0.0
2019-02-22,0.08819343387340273,0.0,0.0017748300130334051,0.0,0.0,0.07915164369373938,0.1237519864748604,0.0,0.0,0.0,0.31903393713518463,0.0,0.0,0.0,0.0,0.0,0.03063854418451541,0.0,0.20258203887042797,0.0,0.0,0.0,0.10009827918076945,0.0,0.0,0.03063854418451541,0.0,0.0,0.0,0.0,0.0,0.0,0.024136762389551245,0.0,0.0
2019-03-01,0.08620949824118125,0.0,0.003450584985966255,0.0,0.0,0.07575743962065434,0.1145757781442318,0.0,0.0,0.0,0.3152294971980509,0.0,0.0,0.0,0.0,0.0,0.03145454319196249,0.0,0.19663766960641021,0.0,0.0,0.0,0.10119733172279208,0.0,0.0,0.03145454319196249,0.0,0.0,0.0,0.0,0.0,0.0,0.044033114096788256,0.0,0.0
2019-03-08,0.08414917865654294,0.0,0.0,0.0,0.0,0.07229429880016693,0.15096845783002905,0.0,0.0,0.0,0.32598107907182605,0.0,0.0,0.0,0.0,0.0,0.03229764406854756,0.0,0.1582279707398117,0.0,0.0,0.0,0.10219514886381677,0.0,0.0,0.03692897685157014,0.0,0.0,0.0,0.0,0.0,0.0,0.036957245117688824,0.0,0.0
2019-03-15,0.08242446344454495,0.0,0.010034249041292288,0.0,0.0,0.06884341867609131,0.15332384327246557,0.0,0.0,0.0,0.34024616233938754,0.0,0.0,0.0,0.0,0.0,0.03297943613708225,0.0,0.1575829740979473,0.0,0.0,0.0,0.10278402264886584,0.0,0.0,0.051781430342322916,0.0,0.0,0.0,0.0,0.0,0.0,0.0,0.0,0.0
2019-03-22,0.08142565329461898,0.0,0.013243712824050227,0.0,0.0,0.06607314045187532,0.12823672263546965,0.0,0.0,0.0,0.35662716740045447,0.0,0.0,0.0,0.0,0.0,0.033406927009144945,0.0,0.15721806743488376,0.0,0.0,0.0,0.1031829913167299,0.0,0.0,0.060585617632772815,0.0,0.0,0.0,0.0,0.0,0.0,0.0,0.0,0.0
2019-03-29,0.080605480552204,0.0,0.0,0.028945055163387225,0.0,0.08287403334050289,0.07481354459554117,0.0,0.0,0.0,0.20834292593463763,0.0,0.0,0.0,0.0,0.0,0.07481354459554117,0.0,0.10617445380764265,0.0,0.0,0.0,0.13250759053227354,0.0,0.0,0.028945055163387225,0.0,0.0,0.0,0.0,0.0,0.06466954820964349,0.11730876810523895,0.0,0.0
2019-04-05,0.05075831757347005,0.0,0.0,0.028891424192585658,0.0,0.0778681026101797,0.0982886558169224,0.0,0.0,0.0,0.1659913238512411,0.0,0.0,0.0,0.0,0.0,0.07786331776853864,0.0,0.07237650071241815,0.0,0.0,0.0,0.12838106572879512,0.0,0.0,0.03025360909613367,0.0,0.0,0.0,0.0,0.0,0.06511137988886324,0.20421630276085187,0.0,0.0
2019-04-12,0.049017160874923194,0.0,0.0,0.028507250658858216,0.0,0.07399129912508529,0.08007230194463734,0.0,0.0,0.0,0.19474155404809373,0.0,0.0,0.0,0.0,0.0,0.08007230194463734,0.0,0.06890428695444668,0.0,0.0,0.0,0.12721798098551587,0.0,0.0,0.044122275455187765,0.0,0.0,0.0,0.0,0.0,0.05473447253202063,0.19861911547659394,0.0,0.0
2019-04-19,0.04717653624088574,0.0,0.0,0.028443161864933376,0.0,0.061065565944327174,0.08255305893141301,0.0,0.0,0.0,0.23763143120858976,0.0,0.0,0.0,0.0,0.0,0.08255305893141301,0.0,0.046981746796925544,0.0,0.0,0.0,0.14072416129518123,0.0,0.02739526288172363,0.028443161864933376,0.0,0.0,0.0,0.0,0.039396578268737936,0.06846355783958995,0.10917271793134622,0.0,0.0
2019-04-26,0.04556912106615444,0.0,0.0,0.029075318552698636,0.0,0.042074550567013584,0.07041117631520487,0.0,0.0,0.0,0.2548339756719474,0.0,0.0,0.0,0.0,0.0,0.09037590609462197,0.0,0.10132516854072125,0.0,0.0,0.0,0.10132516854072125,0.0,0.0325242698983375,0.029075318552698636,0.0,0.0,0.0,0.0,0.04977298085888501,0.0594654694300485,0.09417157591094671,0.0,0.0
2019-05-03,0.021550028737842623,0.0,0.0,0.029559839921874335,0.0,0.04161671267911194,0.06853163090248714,0.0,0.0,0.0,0.19259749042695978,0.0,0.0,0.04396357771865994,0.0,0.0,0.10228550975354983,0.0,0.10170964309536644,0.0,0.0,0.0,0.10170964309536644,0.0,0.05400580071333389,0.029559839921874335,0.0,0.0,0.0,0.0,0.05864404414154723,0.06669614085985143,0.0875700980321746,0.0,0.0
2019-05-10,0.07911843087849693,0.0,0.0,0.029625058086081922,0.0,0.04944247194494254,0.04551250902961461,0.0,0.0,0.0,0.17855868931089602,0.0,0.0,0.02753564814857068,0.0,0.0,0.10469022673848802,0.0,0.15270747507805718,0.0,0.0,0.0,0.11967415453491273,0.0,0.027105889944754435,0.029625058086081922,0.0,0.0,0.0,0.0,0.03713991271081922,0.07200153522333978,0.04726294028494367,0.0,0.0
2019-05-17,0.07876015266775921,0.0,0.0,0.029753231194301982,0.0,0.04939707490186292,0.04539327069058907,0.0,0.0,0.0,0.1858455841509919,0.0,0.0,0.030273222758107208,0.0,0.0,0.10063919457029566,0.0,0.15257531869030627,0.0,0.0,0.0,0.11825324838274676,0.0,0.028311377375844583,0.029753231194301982,0.0,0.0,0.0,0.0,0.03838996928325924,0.07065345354234086,0.04200167059729232,0.0,0.0
2019-05-24,0.07848054873018753,0.0,0.0,0.029810352139085016,0.0,0.049370495923862584,0.04526063033959524,0.0,0.0,0.0,0.22014942717901567,0.0,0.0,0.027970157560926447,0.0,0.0,0.10055660713138787,0.0,0.15245622496530453,0.0,0.0,0.0,0.11800727223154077,0.0,0.0,0.029810352139085016,0.0,0.0,0.0,0.0,0.03394638501307537,0.07106024053294693,0.043121306113986915,0.0,0.0
2019-05-31,0.15847557244232674,0.0,0.0,0.03511290918726306,0.0,0.10288107446179015,0.09407376123572116,0.0,0.0,0.0,0.2838409504977845,0.0,0.0,0.0,0.0,0.0,0.09203450300910107,0.0,0.11009933512780845,0.0,0.0,0.0,0.12348189403820473,0.0,0.0,0.0,0.0,0.0,0.0,0.0,0.0,0.0,0.0,0.0,0.0
2019-06-07,0.0744377969249847,0.0,0.0,0.03499917917909022,0.0,0.05444079020298641,0.04908159189629738,0.0,0.0,0.0,0.3294540818878457,0.0,0.0,0.0,0.0,0.0,0.09101601580870128,0.0,0.11251533667998179,0.0,0.0,0.0,0.10509842852590844,0.0,0.016431016195582043,0.0,0.0,0.0,0.0,0.0,0.02606901186209977,0.06767884126197335,0.03877790957454888,0.0,0.0
2019-06-14,0.0801094939999504,0.0,0.0,0.034941623708444475,0.0,0.04658586335212559,0.04908931806120022,0.0,0.0,0.0,0.33263935081692586,0.0,0.0,0.04568882740957136,0.0,0.0,0.11665803362465678,0.0,0.07447275658883962,0.0,0.0,0.0,0.10541890928701202,0.0,0.05098884851238203,0.0,0.0,0.0,0.0,0.0,0.06340697463889162,0.0,0.0,0.0,0.0
2019-06-21,0.08007362613210281,0.0,0.0,0.03459246350889947,0.0,0.046268178555654786,0.048921611842590015,0.0,0.0,0.0,0.33637931602615584,0.0,0.0,0.0350753012633492,0.0,0.0,0.09125182779198118,0.0,0.048921611842590015,0.0,0.0,0.0,0.13265686862682524,0.0,0.08675199318330294,0.0,0.0,0.0,0.0,0.0,0.059107201226548424,0.0,0.0,0.0,0.0
2019-06-28,0.01968919125081125,0.0,0.0,0.02885593731551542,0.0,0.06718299541090914,0.04362283075362386,0.0,0.0,0.0,0.2930733458226882,0.0,0.0,0.03346962785259061,0.0,0.0,0.059485973297100134,0.0,0.10172351774100008,0.0,0.0,0.0,0.12837297587361768,0.0,0.062224937456671424,0.02885593731551542,0.0,0.0,0.0,0.0,0.0701158176873562,0.0,0.06332691222260035,0.0,0.0
2019-07-05,0.019632001333636333,0.0,0.0,0.02874171861461082,0.0,0.08560001806392756,0.04346571961483807,0.0,0.0,0.0,0.3691219769799747,0.0,0.0,0.0,0.0,0.0,0.02874171861461082,0.0,0.1266791371881626,0.0,0.0,0.0,0.10209943691527384,0.0,0.04901395203292654,0.02874171861461082,0.0,0.0,0.0,0.0,0.061200877770434994,0.0,0.05696172425699274,0.0,0.0
2019-07-12,0.019635112422360414,0.0,0.0,0.028648018186102044,0.0,0.09445553552410135,0.04337435250287235,0.0,0.0,0.0,0.3531835753961857,0.0,0.0,0.0,0.0,0.0,0.028648018186102044,0.0,0.12673424677587106,0.0,0.0,0.0,0.10239707936219146,0.0,0.044115269737761316,0.028648018186102044,0.0,0.0,0.0,0.0,0.05540042669569455,0.0,0.07476034702465552,0.0,0.0
2019-07-19,0.0775023092487094,0.0,0.0,0.0287210836964949,0.0,0.11537864919986554,0.04340780110759687,0.0,0.0,0.0,0.29594074754334687,0.0,0.0,0.0,0.0,0.0,0.0287210836964949,0.0,0.16918537351320076,0.0,0.0,0.0,0.10262279954318226,0.0,0.026861832617224034,0.0287210836964949,0.0,0.0,0.0,0.0,0.0317112946338811,0.0,0.051225941503508315,0.0,0.0
2019-07-26,0.07725656885784485,0.0,0.0,0.02887573382573271,0.0,0.20955100572881805,0.02887573382573271,0.0,0.0,0.0,0.22246289776288575,0.0,0.0,0.0,0.0,0.0,0.045078512978546974,0.0,0.15185247449440295,0.0,0.0,0.0,0.10256717331294887,0.0,0.022988307045578707,0.02887573382573271,0.0,0.0,0.0,0.0,0.025836484507503994,0.0,0.055779373834271624,0.0,0.0
2019-08-02,0.07702548325671164,0.0,0.0,0.029011241448251707,0.0,0.19821230039013873,0.029011241448251707,0.0,0.0,0.0,0.2342182354442135,0.0,0.0,0.0,0.0,0.0,0.029011241448251707,0.0,0.1686491272952189,0.0,0.0,0.0,0.10253473091432769,0.0,0.023812704943708334,0.029011241448251707,0.0,0.0,0.0,0.0,0.0321066020312995,0.0,0.04739584993137487,0.0,0.0
2019-08-09,0.07504424532662546,0.0,0.0,0.029663558400610274,0.0,0.2059779338556781,0.029663558400610274,0.0,0.0,0.0,0.2357668564287594,0.0,0.0,0.0,0.0,0.0,0.029663558400610274,0.0,0.16706917051297462,0.0,0.0,0.0,0.10252606217816855,0.0,0.01729865842694049,0.029663558400610274,0.0,0.0,0.0,0.0,0.022785179532995584,0.0,0.054877660135416624,0.0,0.0
2019-08-16,0.0992900933648172,0.0,0.0,0.029694207442761616,0.0,0.20689487296037248,0.029694207442761616,0.0,0.0,0.0,0.22491446314221636,0.0,0.0,0.0,0.0,0.0,0.029694207442761616,0.0,0.15100498415028613,0.0,0.0,0.0,0.10231148702612607,0.0,0.01904019488192796,0.029694207442761616,0.0,0.0,0.0,0.0,0.028553246756833656,0.0,0.0492138279463736,0.0,0.0
2019-08-23,0.10060367809250258,0.0,0.0,0.029424773599371984,0.0,0.2157997652817276,0.029424773599371984,0.0,0.0,0.0,0.2258173281978185,0.0,0.0,0.0,0.0,0.0,0.029424773599371984,0.0,0.1507878588650322,0.0,0.0,0.0,0.10125295585829586,0.0,0.014174208779064987,0.029424773599371984,0.0,0.0,0.0,0.0,0.030245582807817053,0.0,0.04361952772025312,0.0,0.0
2019-08-30,0.1317053477718902,0.0,0.0,0.0,0.0,0.22312690330426216,0.047848483156536635,0.0,0.0,0.0,0.2773127135417652,0.0,0.0,0.0,0.0,0.0,0.0411092258619421,0.0,0.09757037959490657,0.0,0.0,0.0,0.09833066808084212,0.0,0.020343576850360447,0.0,0.0,0.0,0.0,0.0,0.03211028335754879,0.0,0.030542418479945776,0.0,0.0
2019-09-06,0.13239158139489338,0.0,0.0,0.0,0.0,0.2108366923682837,0.04785445867734632,0.0,0.0,0.0,0.24480361202640763,0.0,0.0,0.0,0.0,0.0,0.041013839752084,0.0,0.0977158007395405,0.0,0.0,0.0,0.09796383794903797,0.0,0.018741583134397,0.0,0.0,0.0,0.0,0.0,0.028513961824854713,0.0379752869297971,0.04218934520335775,0.0,0.0
2019-09-13,0.13318650648900912,0.0,0.0,0.0,0.0,0.1993626101731168,0.04785917493771941,0.0,0.0,0.0,0.2417116350624876,0.0,0.0,0.0,0.0,0.0,0.040902382865425316,0.0,0.09788931397127679,0.0,0.0,0.0,0.09750614659925523,0.0,0.022042084949331058,0.0,0.0,0.0,0.0,0.0,0.03349320283067422,0.04931345889824221,0.03673348322346225,0.0,0.0
2019-09-20,0.04733388489963301,0.0,0.0,0.0,0.0,0.21735299892279306,0.04747320262591063,0.0,0.0,0.0,0.19740183770980776,0.0,0.0,0.031279113544167944,0.0,0.0,0.05193937883000385,0.0,0.04747320262591063,0.0,0.0,0.0,0.09962041283683998,0.0,0.047146457464390966,0.0,0.0,0.0,0.0,0.0,0.06747752678793485,0.05340954161722556,0.09209244213538172,0.0,0.0
2019-09-27,0.07561126628782208,0.0,0.0,0.02984078693164656,0.0,0.21488439537938298,0.02984078693164656,0.0,0.0,0.0,0.25029315127990537,0.0,0.0,0.0,0.0,0.0,0.02984078693164656,0.0,0.152169909943286,0.0,0.0,0.0,0.041797860468338374,0.0,0.014605599033172566,0.02984078693164656,0.0,0.0,0.0,0.0,0.02133410792818962,0.05152893628154995,0.05841162567176673,0.0,0.0
2019-10-04,0.07363048334113935,0.0,0.0,0.03038308734479503,0.0,0.21145396835163652,0.03038308734479503,0.0,0.0,0.0,0.22213957155315278,0.0,0.0,0.0,0.0,0.0,0.03609699393836638,0.0,0.15241929920678904,0.0,0.0,0.0,0.053864092738816725,0.0,0.011652371136016297,0.03038308734479503,0.0,0.0,0.0,0.0,0.023562300206316465,0.057104987779369246,0.06692666971401201,0.0,0.0
2019-10-11,0.0731333965371413,0.0,0.0,0.030480830074536704,0.0,0.2056343726227253,0.030480830074536704,0.0,0.0,0.0,0.22703327682563187,0.0,0.0,0.0,0.0,0.0,0.03532868292776183,0.0,0.15226419443245376,0.0,0.0,0.0,0.054534588935791065,0.0,0.01241019860295131,0.030480830074536704,0.0,0.0,0.0,0.0,0.021855339022708226,0.06228817365255713,0.06407528621666793,0.0,0.0
2019-10-18,0.07103627957105911,0.0,0.0,0.0308817649823402,0.0,0.20024654913535345,0.0308817649823402,0.0,0.0,0.0,0.22043710482997975,0.0,0.0,0.0,0.0,0.0,0.0308817649823402,0.0,0.1416336810206773,0.0,0.0,0.0,0.060021607282942875,0.0,0.029306186614641835,0.0308817649823402,0.0,0.0,0.0,0.0,0.024597040249056564,0.06280414983017478,0.06639034153675336,0.0,0.0
2019-10-25,0.012107536969957372,0.0,0.0,0.030933094063346298,0.0,0.20186816272583108,0.05178551160880626,0.0,0.0,0.0,0.19417335443923867,0.0,0.0,0.0,0.0,0.0,0.030933094063346298,0.0,0.10690910940185896,0.0,0.0,0.0,0.12758455263639082,0.0,0.04109300253430315,0.030933094063346298,0.0,0.0,0.0,0.0,0.0,0.05160305730840533,0.12007643018516927,0.0,0.0
2019-11-01,0.011807991556416387,0.0,0.0,0.03099715218040539,0.0,0.19893670381380707,0.05232414512022743,0.0,0.0,0.0,0.19062888905132705,0.0,0.0,0.0,0.0,0.0,0.03099715218040539,0.0,0.1073513727475029,0.0,0.0,0.0,0.12694771690728784,0.0,0.015627001749530866,0.03099715218040539,0.0,0.0,0.0,0.0,0.02079063949758736,0.05911991471829502,0.12347416829680183,0.0,0.0
2019-11-08,0.011538772292596406,0.0,0.0,0.03128714890130696,0.0,0.11483819659194262,0.03128714890130696,0.0,0.0,0.0,0.13670293504691106,0.0,0.0,0.0,0.0,0.0,0.06534383769027213,0.0,0.10771222210265272,0.0,0.0,0.0,0.12995564012957905,0.0,0.08134934440332332,0.03128714890130696,0.0,0.0,0.0,0.0,0.06720297398907991,0.06740027469540415,0.12409435635431776,0.0,0.0
2019-11-15,0.0703278747169698,0.0,0.0,0.031580739908011246,0.0,0.16253831047602102,0.031580739908011246,0.0,0.0,0.0,0.1289506883616766,0.0,0.0,0.03098913835115965,0.0,0.0,0.05105342048736228,0.0,0.14308552381170378,0.0,0.0,0.0,0.1220040055845284,0.0,0.08160999114133814,0.031580739908011246,0.0,0.0,0.0,0.0,0.06069825365396007,0.054000573691246445,0.0,0.0,0.0
2019-11-22,0.07022773644763902,0.0,0.0,0.031848983370103306,0.0,0.1144358048469351,0.031848983370103306,0.0,0.0,0.0,0.1286655637933715,0.0,0.0,0.026731813056729236,0.0,0.0,0.0829543780720101,0.0,0.1431282736167894,0.0,0.0,0.0,0.10766089399444845,0.0,0.08796868894073284,0.031848983370103306,0.0,0.0,0.0,0.0,0.0559599274503356,0.056850194815991587,0.029869774854707154,0.0,0.0
2019-11-29,0.05920878988516422,0.0,0.0,0.03211601289817324,0.0,0.11700953653137332,0.03211601289817324,0.0,0.0,0.0,0.11243051502170942,0.0,0.0,0.08802619292534737,0.0,0.0,0.049185923460178235,0.0,0.145917693369585,0.0,0.0,0.0,0.11039241943848645,0.0,0.09309766919615321,0.03211601289817324,0.0,0.0,0.018260444906382994,0.0,0.056108155912335055,0.05401462065876496,0.0,0.0,0.0
2019-12-06,0.0,0.0,0.0,0.03234917342023236,0.0,0.11677283356355493,0.03234917342023236,0.0,0.0,0.0,0.056721299536334174,0.0,0.0,0.12123193235891391,0.0,0.0,0.0848409269649941,0.0,0.11032263326393796,0.0,0.0,0.0,0.11032263326393796,0.0,0.10470012770467763,0.03234917342023236,0.0,0.0,0.0,0.0,0.14589826743399154,0.05214182564896059,0.0,0.0,0.0
2019-12-13,0.0,0.0,0.0,0.03256045117365877,0.0,0.1165611189815094,0.03256045117365877,0.0,0.0,0.0,0.0521046524420381,0.0,0.0,0.13002367875556825,0.0,0.0,0.1502006058834112,0.0,0.11026554430216945,0.0,0.0,0.0,0.11026554430216945,0.0,0.06123690783145817,0.03256045117365877,0.0,0.0,0.05123735511956858,0.0,0.12042323886113086,0.0,0.0,0.0,0.0
2019-12-20,0.0,0.0,0.0,0.03275654198060513,0.0,0.11636296923419487,0.03275654198060513,0.0,0.0,0.0,0.053053397871301936,0.0,0.0,0.118927517241077,0.0,0.0,0.10167356857481336,0.0,0.1102101033265134,0.0,0.0,0.0,0.1102101033265134,0.0,0.11912767117381434,0.03275654198060513,0.0,0.0,0.04999813002258361,0.0,0.07447769621088496,0.04768921707648754,0.0,0.0,0.0
2019-12-27,0.0,0.0,0.0,0.10604145339268985,0.0,0.04500442211366715,0.02882154862664489,0.0,0.0,0.0,0.04910720488413353,0.0,0.02882154862664489,0.11652048094337736,0.0,0.0,0.16432675974391214,0.0,0.03898406633526476,0.0,0.0,0.0,0.09587893568406998,0.0,0.11086252435442336,0.02882154862664489,0.0,0.0,0.05526622510271496,0.0,0.0708552258436756,0.06068805572213656,0.0,0.0,0.0
2020-01-03,0.05980808820084072,0.0,0.0,0.10597577868321026,0.0,0.044921983399019816,0.02896891265490866,0.0,0.0,0.0,0.047759129031161494,0.0,0.02896891265490866,0.10018661485052395,0.0,0.0,0.19218031722073717,0.0,0.07489042741009269,0.0,0.0,0.0,0.09593911684853065,0.0,0.10138370666441185,0.02896891265490866,0.0,0.0,0.0,0.0,0.038932079385074675,0.051116020341670704,0.0,0.0,0.0
2020-01-10,0.05985708145981956,0.0,0.0,0.10590029123392908,0.0,0.04485010987696831,0.029111538192682453,0.0,0.0,0.0,0.0471287311892416,0.0,0.029111538192682453,0.09553159378434956,0.0,0.0,0.1739599322530742,0.0,0.07494482174175027,0.0,0.0,0.0,0.09598125656075299,0.0,0.10074750535431942,0.029111538192682453,0.0,0.0,0.03295467369399178,0.0,0.03871210673280595,0.04209728154094981,0.0,0.0,0.0
2020-01-17,0.0599027302481142,0.0,0.0,0.10582950341761493,0.0,0.04478097434283576,0.029242152862369857,0.0,0.0,0.0,0.04887387716554679,0.0,0.029242152862369857,0.09554014988245657,0.0,0.0,0.17216903456323934,0.0,0.07499327853600574,0.0,0.0,0.0,0.09602001589284759,0.0,0.09417837913038156,0.029242152862369857,0.0,0.0,0.03097512630891236,0.0,0.0413134190890448,0.04769705283589076,0.0,0.0,0.0
2020-01-24,0.05991616739590936,0.0,0.0,0.10576503595629667,0.0,0.04473525007572779,0.029357123702901902,0.0,0.0,0.0,0.04893523665552184,0.0,0.029357123702901902,0.10083578555868174,0.0,0.0,0.19840665708983096,0.0,0.07503053935731062,0.0,0.0,0.0,0.09604132073943357,0.0,0.0959874547959319,0.029357123702901902,0.0,0.0,0.0,0.0,0.040429833748720785,0.04584534751792891,0.0,0.0,0.0
2020-01-31,0.06955825573699162,0.0,0.0,0.04086483010677176,0.007248761882560304,0.039210844677134954,0.03361606822421146,0.0,0.0,0.0,0.037774306096863955,0.0,0.0,0.1191773912687062,0.0,0.0,0.19338824671451596,0.0,0.14341687810378348,0.0,0.0,0.0,0.10023217228507644,0.0,0.09633119070643545,0.03361606822421146,0.0,0.0,0.0,0.0,0.04234086365706048,0.043224122315676274,0.0,0.0,0.0
2020-02-07,0.0694924881103359,0.0,0.0,0.04084273414556498,0.00720948754300341,0.03917194691386226,0.03363324660256157,0.0,0.0,0.0,0.0377442127755903,0.0,0.0,0.1259688354375748,0.0,0.0,0.18517306006400494,0.0,0.14334143810598338,0.0,0.0,0.0,0.10020404773118116,0.0,0.09259627987142882,0.03363324660256157,0.0,0.0,0.0,0.0,0.041448775301719414,0.04954020079462732,0.0,0.0,0.0
2020-02-14,0.06945324914669077,0.0,0.0,0.04079462622784775,0.007168837374766207,0.03910831129188328,0.03362578885308154,0.0,0.0,0.0,0.08603638062511637,0.0,0.0,0.042564103966058586,0.0,0.0,0.20366640211241624,0.0,0.14334457036988374,0.0,0.0,0.0,0.10023885340691603,0.0,0.0359943077949959,0.03362578885308154,0.0,0.0,0.0580901243734461,0.0,0.04121845589864431,0.06507019970517142,0.0,0.0,0.0
2020-02-21,0.07044869823930854,0.0,0.0,0.041559197116371405,0.008300480444380785,0.04390864975985793,0.033258716671990624,0.0,0.0,0.0,0.07961111708323948,0.0,0.0,0.042550006987796506,0.0,0.0,0.17083075043044377,0.0,0.15074187471077072,0.0,0.0,0.0,0.09829261320801558,0.0,0.033693112739328845,0.033258716671990624,0.0,0.0,0.06169947272882989,0.0,0.041400133890004555,0.06557437458247861,0.02487208473519205,0.0,0.0
2020-02-28,0.18362018798525465,0.0,0.0,0.03794277564500597,0.0,0.161472218559712,0.07766724982890842,0.0,0.0,0.0,0.20693758186365052,0.0,0.0,0.0,0.0,0.0,0.10733179541846749,0.0,0.14914263940898903,0.0,0.0,0.005536596645435331,0.03240617899957064,0.0,0.0,0.03794277564500597,0.0,0.0,0.0,0.0,0.0,0.0,0.0,0.0,0.0
2020-03-06,0.19128869376825292,0.0,0.0,0.03888762869707234,0.0,0.17982887719659463,0.07399243536842232,0.0,0.0,0.0,0.18883430036731466,0.0,0.0,0.0,0.0,0.0,0.08682871156598607,0.0,0.16256409564221236,0.0,0.0,0.007446767467940467,0.031440861229131874,0.0,0.0,0.03888762869707234,0.0,0.0,0.0,0.0,0.0,0.0,0.0,0.0,0.0
2020-03-13,0.19807870931131882,0.0,0.0,0.03976757567356401,0.0,0.18422161804373088,0.07054377822381275,0.0,0.0,0.0,0.2034186828771859,0.0,0.0,0.0,0.0,0.0,0.08219479253608208,0.0,0.14223969198717734,0.0,0.0,0.009322283851506538,0.03044529182205747,0.0,0.0,0.03976757567356401,0.0,0.0,0.0,0.0,0.0,0.0,0.0,0.0,0.0
2020-03-20,0.20483928734690682,0.0,0.0,0.04066278666907639,0.0,0.18755753187026722,0.06703576296088419,0.0,0.0,0.0,0.17385813125739882,0.0,0.0,0.0,0.0,0.0,0.0775535642686049,0.0,0.16716736228870863,0.0,0.0,0.011191430157151603,0.029471356511924788,0.0,0.0,0.04066278666907639,0.0,0.0,0.0,0.0,0.0,0.0,0.0,0.0,0.0
2020-03-27,0.21156909552008812,0.0,0.0,0.013060441396007509,0.0,0.1635373993429133,0.03504061932633155,0.0,0.0,0.0,0.17940319278525274,0.0,0.0,0.0,0.0,0.0,0.044430616721192515,0.0,0.33989819351220674,0.0,0.0,0.013060441396007509,0.0,0.0,0.0,0.0,0.0,0.0,0.0,0.0,0.0,0.0,0.0,0.0,0.0
2020-04-03,0.21823122811402978,0.0,0.0,0.014920424767145939,0.0,0.16622037905642378,0.03251598972140451,0.0,0.0,0.0,0.1737572073865185,0.0,0.0,0.0,0.0,0.0,0.0407824572896116,0.0,0.33865188889771997,0.0,0.0,0.014920424767145939,0.0,0.0,0.0,0.0,0.0,0.0,0.0,0.0,0.0,0.0,0.0,0.0,0.0
2020-04-10,0.22443980823304502,0.0,0.0,0.016735261234767325,0.0,0.17197235753986995,0.03011399296883834,0.0,0.0,0.0,0.16802727068355824,0.0,0.0,0.0,0.0,0.0,0.037182129113418186,0.0,0.3347939189917356,0.0,0.0,0.016735261234767325,0.0,0.0,0.0,0.0,0.0,0.0,0.0,0.0,0.0,0.0,0.0,0.0,0.0
2020-04-17,0.23100877912983991,0.0,0.0,0.01860561487163599,0.0,0.1777371861296257,0.02809296941100537,0.0,0.0,0.0,0.16229200985959205,0.0,0.0,0.0,0.0,0.0,0.033644320900853494,0.0,0.33001350482581154,0.0,0.0,0.01860561487163599,0.0,0.0,0.0,0.0,0.0,0.0,0.0,0.0,0.0,0.0,0.0,0.0,0.0
2020-04-24,0.26858394190112433,0.0,0.0,0.0,0.0,0.26743081329698115,0.04650818715351484,0.0,0.0,0.0,0.15631609269525687,0.0,0.0,0.0,0.0,0.0,0.0,0.0,0.2611609649531229,0.0,0.0,0.0,0.0,0.0,0.0,0.0,0.0,0.0,0.0,0.0,0.0,0.0,0.0,0.0,0.0
2020-05-01,0.2722793573321989,0.0,0.0,0.0,0.0,0.268979230468264,0.04622449174970421,0.0,0.0,0.0,0.1503806946208941,0.0,0.0,0.0,0.0,0.0,0.0,0.0,0.2621362258289388,0.0,0.0,0.0,0.0,0.0,0.0,0.0,0.0,0.0,0.0,0.0,0.0,0.0,0.0,0.0,0.0
2020-05-08,0.274731225584696,0.0,0.0,0.0,0.0,0.2702169676492016,0.04583753343506653,0.0,0.0,0.0,0.1447995014097437,0.0,0.0,0.0,0.0,0.0,0.0,0.0,0.26441477192129226,0.0,0.0,0.0,0.0,0.0,0.0,0.0,0.0,0.0,0.0,0.0,0.0,0.0,0.0,0.0,0.0
2020-05-15,0.2774606771033832,0.0,0.0,0.0,0.0,0.27313020837996094,0.04546109015586523,0.0,0.0,0.0,0.1415673643397105,0.0,0.0,0.0,0.0,0.0,0.0,0.0,0.2623806600210802,0.0,0.0,0.0,0.0,0.0,0.0,0.0,0.0,0.0,0.0,0.0,0.0,0.0,0.0,0.0,0.0
2020-05-22,0.27805038636700463,0.0,0.0,0.0,0.0,0.2707963223838662,0.045412788323030154,0.0,0.0,0.0,0.14146944016509586,0.0,0.0,0.0,0.0,0.0,0.0,0.0,0.2642710627610032,0.0,0.0,0.0,0.0,0.0,0.0,0.0,0.0,0.0,0.0,0.0,0.0,0.0,0.0,0.0,0.0
2020-05-29,0.1279072790387819,0.0,0.0,0.0,0.0,0.30991740290546343,0.07480469543469367,0.0,0.0,0.0,0.1711722780179172,0.0,0.0,0.01537288492584762,0.0,0.0,0.0,0.0,0.2902528046055939,0.0,0.0,0.0,0.0,0.0,0.0,0.0,0.0,0.0,0.0,0.0,0.0,0.0,0.0,0.010572655071702361,0.0
2020-06-05,0.1281415680588674,0.0,0.0,0.0,0.0,0.30960447799527097,0.07484289334085069,0.0,0.0,0.0,0.157567647864446,0.0,0.0,0.018633063047050896,0.0,0.0,0.0,0.0,0.2860666565617532,0.0,0.0,0.0,0.0,0.0,0.0,0.0,0.0,0.0,0.0,0.0,0.011980246644329142,0.0,0.0,0.01316344648743164,0.0
2020-06-12,0.1282582301509823,0.0,0.0,0.0,0.0,0.30633435048641866,0.07496363419362646,0.0,0.0,0.0,0.167527373389334,0.0,0.0,0.08175834147256339,0.0,0.0,0.0,0.0,0.22775539756586846,0.0,0.0,0.0,0.0,0.0,0.0,0.0,0.0,0.0,0.0,0.0,0.0,0.0,0.0,0.013402672741206748,0.0
2020-06-19,0.12820630516600418,0.0,0.0,0.0,0.0,0.31092873144707783,0.07491717188611738,0.0,0.0,0.0,0.16957856330098714,0.0,0.0,0.021764953909851746,0.0,0.0,0.0,0.0,0.28427072897540867,0.0,0.0,0.0,0.0,0.0,0.0,0.0,0.0,0.0,0.0,0.0,0.0,0.0,0.0,0.010333545314553091,0.0
2020-06-26,0.12816693843383403,0.0,0.0,0.0,0.0,0.20517334707048798,0.05905100546368643,0.0,0.0,0.0,0.15851952489831572,0.0,0.0,0.1310816740825178,0.0,0.0,0.03869626987661955,0.0,0.25051963917093145,0.0,0.0,0.0,0.0,0.0,0.013095772799857745,0.0,0.0,0.0,0.0,0.0,0.015695828203749224,0.0,0.0,0.0,0.0
2020-07-03,0.1280391551327989,0.0,0.0,0.0,0.0,0.265768564885594,0.05917475972483438,0.0,0.0,0.0,0.17485325128525575,0.0,0.0,0.12966032701549352,0.0,0.0,0.03889260575903729,0.0,0.190008116335723,0.0,0.0,0.0,0.0,0.0,0.0,0.0,0.0,0.0,0.0,0.0,0.013603219861263111,0.0,0.0,0.0,0.0
2020-07-10,0.12837223222190897,0.0,0.0,0.0,0.0,0.2620205761277585,0.04018684345515082,0.0,0.0,0.0,0.1400181147334052,0.0,0.0,0.1475672689853882,0.0,0.0,0.041687143608798057,0.0,0.18460387841492487,0.0,0.0,0.0,0.0,0.0,0.01751735774928663,0.0,0.0,0.0,0.0,0.0,0.038026584703378774,0.0,0.0,0.0,0.0
2020-07-17,0.1289073236089125,0.0,0.0,0.0,0.0,0.2530016220058723,0.04158676470620699,0.0,0.0,0.0,0.15228090626504764,0.0,0.0,0.1426137412526957,0.0,0.0,0.04158676470620699,0.0,0.1832297881771467,0.0,0.0,0.0,0.0,0.0,0.016390396665799802,0.0,0.0,0.0,0.0,0.0,0.04040269261211128,0.0,0.0,0.0,0.0
2020-07-24,0.12948429397964506,0.0,0.0,0.0,0.0,0.2472472921912831,0.04297744207433292,0.0,0.0,0.0,0.15597883081880437,0.0,0.0,0.14005883922002893,0.0,0.0,0.04297744207433292,0.0,0.18183470183528927,0.0,0.0,0.0,0.0,0.0,0.01711146930281493,0.0,0.0,0.0,0.0,0.0,0.042329688503468535,0.0,0.0,0.0,0.0
2020-07-31,0.12293895557258527,0.0,0.0,0.02947604131390606,0.040122990303537796,0.23015411695450613,0.030388912288714865,0.0,0.0,0.0,0.1063983135268265,0.0,0.0,0.1478521885800259,0.0,0.0,0.02947604131390606,0.0,0.14523419531427148,0.0,0.0,0.0,0.0,0.0,0.03323002826569348,0.02947604131390606,0.0,0.0,0.0,0.0,0.05525217525212038,0.0,0.0,0.0,0.0
2020-08-07,0.130243970090318,0.0,0.0,0.029651963743913403,0.037057927501960394,0.21949011844598595,0.029651963743913403,0.0,0.0,0.0,0.10478875779315339,0.0,0.0,0.14157574207878934,0.0,0.0,0.029651963743913403,0.0,0.1667049247534232,0.0,0.0,0.0,0.0,0.0,0.025375148061756975,0.033939723966029525,0.0,0.0,0.0,0.0,0.05186779607684301,0.0,0.0,0.0,0.0
2020-08-14,0.13044735050649892,0.0,0.0,0.030316587752021017,0.035075539233274985,0.2174117199149294,0.030316587752021017,0.0,0.0,0.0,0.12237321831583044,0.0,0.0,0.13264072949558947,0.0,0.0,0.030316587752021017,0.0,0.16513225604130186,0.0,0.0,0.0,0.0,0.0,0.024137873458929125,0.030316587752021017,0.0,0.0,0.0,0.0,0.05151496202556169,0.0,0.0,0.0,0.0
2020-08-21,0.13080548518638072,0.0,0.005961615075693331,0.030843937355321878,0.03350300231734403,0.20316291643111045,0.030843937355321878,0.0,0.0,0.0,0.11233322122393645,0.0,0.0,0.14364099368048866,0.0,0.0,0.030843937355321878,0.0,0.16374187699399295,0.0,0.0,0.0,0.0,0.0,0.02561060833660519,0.030843937355321878,0.0,0.0,0.0,0.0,0.05786453133316047,0.0,0.0,0.0,0.0
2020-08-28,0.04730518349099095,0.0,0.0,0.031178595116074268,0.0,0.206592990945922,0.031178595116074268,0.0,0.0,0.0,0.043861945932314635,0.0,0.0,0.18004681846189252,0.0,0.0,0.07506279321633652,0.0,0.1483606340833478,0.0,0.0,0.0,0.0,0.0,0.0708079635694546,0.08566121526277665,0.0,0.0,0.0,0.0,0.0799432648048155,0.0,0.0,0.0,0.0
2020-09-04,0.04569246053318782,0.0,0.0,0.031002152855618654,0.0,0.20688527976386714,0.031002152855618654,0.0,0.0,0.0,0.042158998172478326,0.0,0.0,0.17305363055687512,0.0,0.0,0.0763957294513139,0.0,0.14712493091111448,0.0,0.0,0.0,0.0,0.0,0.07782607044937036,0.08596272191787403,0.0,0.0,0.0,0.0,0.08289587253268146,0.0,0.0,0.0,0.0
2020-09-11,0.04336217434628906,0.0,0.0,0.03146850491185223,0.0,0.2587737807736361,0.03146850491185223,0.0,0.0,0.0,0.07844799259377966,0.0,0.0,0.10768347891639299,0.0,0.0,0.07826611114338751,0.0,0.17191200107911303,0.0,0.0,0.0,0.0,0.0,0.05292562330549696,0.08815202307050485,0.0,0.0,0.0,0.0,0.05753980494769539,0.0,0.0,0.0,0.0
2020-09-18,0.018750096599514324,0.0,0.0,0.03201980605389498,0.0,0.13494297050812554,0.03201980605389498,0.0,0.0,0.0,0.214480900034023,0.0,0.0,0.1069035622351345,0.0,0.0,0.10224581520959714,0.0,0.11596855069729792,0.0,0.0,0.031582139236717335,0.0,0.0,0.059719698680651356,0.06742811092047213,0.0,0.0,0.0,0.0,0.053729001384431756,0.03020954238624495,0.0,0.0,0.0
2020-09-25,0.08395442771060113,0.0,0.019202382000493567,0.028805720769581673,0.0,0.13042802369474749,0.028805720769581673,0.0,0.0,0.0,0.16654835029682474,0.0,0.028805720769581673,0.05993500358884452,0.0,0.0,0.1451670552730276,0.0,0.1568016627340301,0.0,0.0,0.0,0.0,0.0,0.034610275107779344,0.05184644569778231,0.0,0.0,0.0,0.0,0.03705337096628386,0.02803584062084032,0.0,0.0,0.0
2020-10-02,0.025975886134962267,0.0,0.0,0.03042505818657385,0.0,0.11745039884153452,0.03042505818657385,0.0,0.0,0.0,0.1368824098704648,0.0,0.03042505818657385,0.08799856264755503,0.0,0.0,0.18470980983944804,0.0,0.10303326736696916,0.0,0.0,0.0,0.0,0.0,0.061081454255430365,0.04990697278779555,0.0,0.0,0.0,0.0,0.05893486038092917,0.03843098691546,0.0,0.04432021639972922,0.0
2020-10-09,0.023183318312111942,0.0,0.0,0.031130097226863235,0.0,0.11612760402651484,0.031130097226863235,0.0,0.0,0.0,0.13263085455321943,0.0,0.031130097226863235,0.08258695617638094,0.0,0.0,0.19493154000706805,0.0,0.10352362095858401,0.0,0.0,0.0,0.0,0.0,0.065737888819763,0.04851758596094719,0.0,0.0,0.0,0.0,0.06316176568029692,0.04010303308072507,0.0,0.03610554074379875,0.0
2020-10-16,0.02111094551645197,0.0,0.0,0.03163913229989107,0.0,0.11507106368098048,0.03163913229989107,0.0,0.0,0.0,0.12707930753911395,0.0,0.03163913229989107,0.07797194238685484,0.0,0.0,0.1876203241710502,0.0,0.1038610834576523,0.0,0.0,0.0,0.0,0.0,0.07264324896500854,0.047472341437230045,0.0,0.0,0.0,0.0,0.06456436239347067,0.04484173172969414,0.0,0.04284625182281942,0.0
2020-10-23,0.01948283618122878,0.0,0.0,0.0320182948694506,0.0,0.11416634190425333,0.0320182948694506,0.0,0.0,0.0,0.1266391137105005,0.0,0.0320182948694506,0.08570465689822299,0.0,0.0,0.1708885769309717,0.0,0.10401265937831249,0.0,0.0,0.0,0.0,0.0,0.06867055589756348,0.04663042200537218,0.0,0.0,0.0,0.0,0.07207638384352826,0.04340871406688022,0.0,0.05226485457481414,0.0
2020-10-30,0.07826139874608674,0.0,0.014922861582679485,0.03220462521753965,0.014291582239801573,0.12066368964448779,0.03220462521753965,0.0,0.0,0.0,0.10665615293554606,0.0,0.03220462521753965,0.05667670397520435,0.0,0.0,0.14158439905717018,0.0,0.12063870367507612,0.0,0.0,0.0,0.03220462521753965,0.0,0.04061835803005081,0.03220462521753965,0.0,0.0,0.0,0.0,0.04416795247511003,0.04800862178386579,0.0,0.05248644976722264,0.0
2020-11-06,0.07640373049142643,0.0,0.02563633176972848,0.03270749831311207,0.01318338565894393,0.17316475257044153,0.03270749831311207,0.0,0.0,0.0,0.1289630195165059,0.0,0.03270749831311207,0.05444496521259022,0.0,0.0,0.0897070278375271,0.0,0.1284807526981382,0.0,0.0,0.0,0.03270749831311207,0.0,0.03706560792598374,0.03270749831311207,0.0,0.0,0.0,0.0,0.037218599821444355,0.042465839958048236,0.0,0.029728494973661406,0.0
2020-11-13,0.07600111443956646,0.0,0.030489085844475725,0.032820318978490026,0.01294788766124622,0.18608648758887952,0.032820318978490026,0.0,0.0,0.0,0.1406515378677561,0.0,0.032820318978490026,0.05324152976646851,0.0,0.0,0.08976674865600211,0.0,0.12771987972056412,0.0,0.0,0.0,0.032820318978490026,0.0,0.036584480734695175,0.032820318978490026,0.0,0.0,0.0,0.0,0.03360222545457838,0.04880742737331735,0.0,0.0,0.0
2020-11-20,0.01697902923784378,0.0,0.05818567860316023,0.03296499103765125,0.012734271928382834,0.17738909632293473,0.03296499103765125,0.0,0.0,0.0,0.16769593580750133,0.0,0.03296499103765125,0.0788336124191287,0.0,0.0,0.10539370873323958,0.0,0.0698531488657701,0.0,0.0,0.0,0.03296499103765125,0.0,0.05656499819318846,0.03296499103765125,0.0,0.0,0.0,0.0,0.053663091917836116,0.03788247278275775,0.0,0.0,0.0
2020-11-27,0.016799379496538546,0.0,0.07424198190057535,0.02885471827983068,0.0,0.17252909769256689,0.02885471827983068,0.0,0.0,0.0,0.1711883889611275,0.0,0.02885471827983068,0.06559442451364385,0.0,0.0,0.08623467333186449,0.0,0.1082328286376297,0.0,0.0,0.0,0.02885471827983068,0.0,0.04413885859292367,0.10584008156133473,0.0,0.0,0.0,0.0,0.0,0.039781412192472596,0.0,0.0,0.0
2020-12-04,0.0756256310940874,0.0,0.05556681232441245,0.028946585503931293,0.0,0.1597429573812318,0.028946585503931293,0.0,0.0,0.0,0.17087543836736957,0.0,0.028946585503931293,0.012516067648686287,0.0,0.0,0.09364236254441329,0.0,0.14682136204904875,0.0,0.0,0.0,0.028946585503931293,0.0,0.023426174709158587,0.08536567481676341,0.0,0.0,0.0,0.0,0.0,0.042077087596806395,0.01855408945229676,0.0,0.0
2020-12-11,0.075349108706047,0.0,0.03879128827244822,0.029040152690482005,0.0,0.15710086977225612,0.029040152690482005,0.0,0.0,0.0,0.17722986087154186,0.0,0.029040152690482005,0.05258276514579901,0.0,0.0,0.09618194587215598,0.0,0.14664655538513488,0.0,0.0,0.0,0.029040152690482005,0.0,0.028731898447839972,0.07491678141732623,0.0,0.0,0.0,0.0,0.0,0.03630831534752264,0.0,0.0,0.0
2020-12-18,0.07507035655286137,0.0,0.03531966261650147,0.029131646993498166,0.0,0.12558906149054652,0.029131646993498166,0.0,0.0,0.0,0.12693818234652157,0.0,0.029131646993498166,0.05718926737954243,0.0,0.0,0.16258191398403707,0.0,0.14646281680109677,0.0,0.0,0.0,0.029131646993498166,0.0,0.030771759308924566,0.04136929021016935,0.0,0.0,0.0,0.0,0.029965351345222224,0.0522157499905839,0.0,0.0,0.0
2020-12-25,0.01617894023092947,0.0,0.058612515726974575,0.03343111382029926,0.0,0.1123767079460268,0.03343111382029926,0.0,0.0,0.0,0.16546455717385294,0.0,0.03343111382029926,0.08643717816477668,0.0,0.0,0.17374447929439418,0.0,0.06963746424221402,0.0,0.0,0.0,0.03343111382029926,0.0,0.05209487202951317,0.04556531899349636,0.0,0.0,0.0,0.0,0.04970022470860199,0.036463286208022624,0.0,0.0,0.0
2021-01-01,0.07489516761974817,0.0,0.04384446755557357,0.03349817531419357,0.0,0.1183900024164535,0.03349817531419357,0.0,0.0,0.0,0.20797267720314544,0.0,0.03349817531419357,0.046150226707503704,0.0,0.0,0.0912301023756546,0.0,0.11723697195599407,0.0,0.0,0.0,0.03349817531419357,0.0,0.029480554885546115,0.07945137703305577,0.0,0.0,0.0,0.0,0.0,0.057355750990550604,0.0,0.0,0.0
2021-01-08,0.0743691815915751,0.0,0.045534738226968186,0.03367878907411536,0.0,0.11827817311832003,0.03367878907411536,0.0,0.0,0.0,0.17809439048073464,0.0,0.03367878907411536,0.04795834012099344,0.0,0.0,0.09164877865044535,0.0,0.11692743751351706,0.0,0.0,0.0,0.03367878907411536,0.0,0.02267887896787933,0.0820577143939391,0.0,0.0,0.0,0.0,0.0,0.08773721063916612,0.0,0.0,0.0
2021-01-15,0.07389184031959843,0.0,0.04911885128854491,0.03383170610235525,0.0,0.11820293984806614,0.03383170610235525,0.0,0.0,0.0,0.18411906850693113,0.0,0.03383170610235525,0.04385103798461336,0.0,0.0,0.10943076432469126,0.0,0.11666616117583398,0.0,0.0,0.0,0.03383170610235525,0.0,0.022088011137718966,0.08252614177999285,0.0,0.0,0.0,0.0,0.0,0.06477835922458779,0.0,0.0,0.0
2021-01-22,0.07345562172340905,0.0,0.05363722229723231,0.033958224740474725,0.0,0.1181786990303261,0.033958224740474725,0.0,0.0,0.0,0.19556807698483472,0.0,0.033958224740474725,0.041513089354716516,0.0,0.0,0.1076034168377642,0.0,0.11646861050547036,0.0,0.0,0.0,0.033958224740474725,0.0,0.0,0.0806362672587907,0.0,0.0,0.0,0.0,0.02119397620718258,0.05591212083837431,0.0,0.0,0.0
2021-01-29,0.07301810673756763,0.0,0.042169230165373724,0.03407042255927218,0.010791819659844801,0.10736260637424588,0.03407042255927218,0.0,0.0,0.0,0.20542672550102992,0.0,0.03407042255927218,0.05098834744847838,0.0,0.0,0.11924235953128393,0.0,0.04705716147170278,0.0,0.0,0.0,0.03407042255927218,0.0,0.0,0.13496875763081814,0.0,0.0,0.0,0.0,0.02667985226162657,0.0460133429809394,0.0,0.0,0.0
2021-02-05,0.0726202277129236,0.0,0.04775683940391706,0.034173334149922546,0.010549554837955255,0.10758323808447665,0.034173334149922546,0.0,0.0,0.0,0.04000615840785571,0.0,0.034173334149922546,0.04261125686008467,0.0,0.0,0.2861232694598369,0.0,0.04699649206507506,0.0,0.0,0.0,0.034173334149922546,0.0,0.0,0.13973853826249247,0.0,0.0,0.0,0.0,0.0242756851288464,0.045045403176845966,0.0,0.0,0.0
2021-02-12,0.07223159128937921,0.0,0.049858175241240296,0.03431478250474116,0.010208760194410027,0.10200552717222641,0.03431478250474116,0.0,0.0,0.0,0.042507841731004935,0.0,0.03431478250474116,0.04090935849513694,0.0,0.0,0.20682106065877662,0.0,0.035171946618099505,0.0,0.0,0.019795001323857066,0.03431478250474116,0.0,0.0,0.14277029432338129,0.0,0.0,0.020858338806458047,0.0,0.0,0.021016541165178124,0.0,0.09858643296188675,0.0
2021-02-19,0.07199253847643264,0.0,0.04369876288595698,0.05425345308776767,0.010038784137028363,0.10228806378724736,0.034401955997477814,0.0,0.0,0.0,0.1298258096808892,0.0,0.034401955997477814,0.04378911515845447,0.0,0.0,0.11375077516152277,0.0,0.03516449577623689,0.0,0.0,0.0,0.034401955997477814,0.0,0.0,0.14381816995775393,0.0,0.0,0.0,0.0,0.02317732849193204,0.0,0.0,0.12499683540634414,0.0
2021-02-26,0.07179135585649885,0.0,0.04524875971552901,0.1193843731728387,0.009954339508393507,0.014274998239131429,0.04016885947356997,0.0,0.0,0.0,0.02935371236885958,0.0,0.04016885947356997,0.03264187485096532,0.0,0.0,0.2164428652376563,0.0,0.04653134049848964,0.0,0.0,0.009954339508393507,0.04016885947356997,0.0,0.0,0.14874912325438344,0.0,0.0,0.0,0.0,0.023356907471153338,0.0,0.0,0.11180943189699737,0.0
2021-03-05,0.07167571893500116,0.0,0.04286470134768793,0.109404472648232,0.009917083733161736,0.014468953079752819,0.0401600848025917,0.0,0.0,0.0,0.029435470310700936,0.0,0.0401600848025917,0.02510692516275897,0.0,0.0,0.12553150445862535,0.0,0.04664692683827356,0.0,0.0,0.009917083733161736,0.0401600848025917,0.0,0.0,0.14874568344182992,0.0,0.0,0.03297422019384031,0.0,0.0,0.0,0.0,0.21283100170919828,0.0
2021-03-12,0.07156952905844804,0.0,0.04230220046633171,0.10927519371502994,0.009883643199568729,0.014644969704576584,0.040151778205722514,0.0,0.0,0.0,0.029509189760265668,0.0,0.054696921339821014,0.02132124367110205,0.0,0.0,0.24542614999923984,0.0,0.04675077863907511,0.0,0.0,0.009883643199568729,0.040151778205722514,0.0,0.0,0.15043963136131064,0.0,0.0,0.035351329717940916,0.0,0.0,0.0,0.0,0.078642019756276,0.0
2021-03-19,0.07125155652592095,0.0,0.03763844000860358,0.10947899843675096,0.009700687042646237,0.00868595633947154,0.04026202180849803,0.0,0.0,0.0,0.03238259620867465,0.0,0.06535072901547351,0.025291050148349252,0.0,0.0,0.26054179269398825,0.0,0.03499038428143558,0.0,0.0,0.009700687042646237,0.04026202180849803,0.0,0.0,0.14409120514438117,0.0,0.0,0.042419840261159275,0.0,0.0,0.0,0.0,0.06795203323350277,0.0
2021-03-26,0.07071300983486165,0.0,0.03584972791569134,0.10172335725189308,0.008939438452738382,0.007731109259826374,0.040585768215530886,0.0,0.0,0.008939438452738382,0.031599094845770274,0.0,0.06288433910593914,0.008939438452738382,0.0,0.0,0.27740399482113903,0.0,0.03527625513872629,0.0,0.0,0.0,0.040585768215530886,0.0,0.0,0.14264891389714698,0.0,0.0,0.053958974193327486,0.0,0.019310200253370702,0.0,0.0,0.05291117169303066,0.0
2021-04-02,0.07058811020174734,0.0,0.0366138100668741,0.10217462194381777,0.008762847527321094,0.007509624169644127,0.04066060489972242,0.0,0.0,0.008762847527321094,0.03141739592278704,0.0,0.06235670173097166,0.008762847527321094,0.0,0.0,0.28892309241249114,0.0,0.03534258809919153,0.0,0.0,0.0,0.04066060489972242,0.0,0.0,0.14322601477758934,0.0,0.0,0.057876854528428216,0.0,0.0,0.0,0.0,0.05636143376504943,0.0
2021-04-09,0.07047154537139516,0.0,0.02845489844649194,0.10259464857974507,0.008598151739982381,0.007303100301160073,0.04073077235016897,0.0,0.0,0.008598151739982381,0.031248122339521067,0.0,0.05885360921941112,0.008598151739982381,0.0,0.0,0.35127069945805156,0.0,0.03540440583085119,0.0,0.0,0.0,0.04073077235016897,0.0,0.0,0.1397279141000176,0.0,0.0,0.06741505643306997,0.0,0.0,0.0,0.0,0.0,0.0
2021-04-16,0.15430142815906253,0.0,0.0,0.10299637041280922,0.00843582347844279,0.0550724380778084,0.040792248686412076,0.0,0.0,0.00843582347844279,0.11503222035463101,0.0,0.06245369260927052,0.03392465385927934,0.0,0.0,0.12317083269642815,0.0,0.0354659810001523,0.0,0.0,0.011493413273442965,0.040792248686412076,0.0,0.0,0.111432193891252,0.0,0.0,0.0721907191952139,0.0,0.024009912140939792,0.0,0.0,0.0,0.0
2021-04-23,0.07023579515597492,0.0,0.0,0.10341732721518226,0.00827669135912261,0.006918355772292229,0.040797083598225335,0.0,0.0,0.00827669135912261,0.030947477284351817,0.0,0.040797083598225335,0.02392824821234374,0.0,0.0,0.35006011967573225,0.0,0.03552012400628687,0.0,0.0,0.023127640209507586,0.040797083598225335,0.0,0.0,0.11169401857430486,0.0,0.0,0.07957572173587706,0.0,0.02563053864522507,0.0,0.0,0.0,0.0
2021-04-30,0.07012326611105682,0.008128705576821712,0.0,0.04080097936446353,0.0,0.006745109041109247,0.04080097936446353,0.0,0.0,0.008128705576821712,0.03081590816775607,0.0,0.13433553770312007,0.008669274946494865,0.0,0.0,0.3525870573472495,0.0,0.035570995205176724,0.0,0.0,0.0,0.04080097936446353,0.0,0.0,0.111938243106328,0.0,0.0,0.08511303499256574,0.0,0.025441224132108854,0.0,0.0,0.0,0.0
2021-05-07,0.07002678574705118,0.007993053566573547,0.0,0.04079993444682389,0.0,0.006586020875072114,0.04079993444682389,0.0,0.0,0.007993053566573547,0.030692223072706356,0.0,0.11216779552029586,0.009845546222146449,0.0,0.0,0.3656037880859166,0.0,0.035621628594971866,0.0,0.0,0.013781831768056117,0.04079993444682389,0.0,0.0,0.11216779552029586,0.0,0.0,0.08354768150669145,0.0,0.02157299261317715,0.0,0.0,0.0,0.0
2021-05-14,0.06993688631338224,0.007866654386563714,0.0,0.040798960803067455,0.0,0.006437784120603274,0.040798960803067455,0.0,0.0,0.007866654386563714,0.030576974544025352,0.0,0.11238169015290572,0.0,0.0,0.0,0.24063254670493678,0.0,0.03566880827877837,0.0,0.0,0.013475903633095074,0.040798960803067455,0.0,0.0034506019875504817,0.11238169015290572,0.0,0.0,0.21966857105144327,0.0,0.01725835187804377,0.0,0.0,0.0,0.0
2021-05-21,0.010546461242543718,0.00790984593190779,0.0,0.04075648351265192,0.0,0.006441286025237943,0.04075648351265192,0.0,0.0,0.00790984593190779,0.03056288346740159,0.0,0.11250173483136303,0.0,0.0,0.0,0.26792160748856564,0.0,0.0,0.0,0.0,0.014497979589917855,0.04075648351265192,0.0,0.0,0.11250173483136303,0.0,0.0,0.30693717012183575,0.0,0.0,0.0,0.0,0.0,0.0
2021-05-28,0.010750241111614975,0.008062680833711231,0.0,0.03487479568682655,0.0,0.04144303530978034,0.03487479568682655,0.0,0.0,0.008062680833711231,0.030660635422674394,0.0,0.10652732147096267,0.0,0.0,0.0,0.2563097926304164,0.0,0.0,0.0,0.0,0.021844510306930024,0.03487479568682655,0.0,0.0,0.09846464063725144,0.0,0.0,0.2849946291925925,0.0,0.028255445189875075,0.0,0.0,0.0,0.0
2021-06-04,0.010924940124057163,0.008193705093042873,0.0,0.034793948897911306,0.0,0.04145678085860074,0.034793948897911306,0.0,0.0,0.008193705093042873,0.03072844493939781,0.0,0.10651319905796923,0.021078074906049467,0.0,0.0,0.39745231680942095,0.0,0.0,0.0,0.0,0.02035456513153796,0.034793948897911306,0.0,0.0,0.09831949396492635,0.0,0.0,0.13298775866603949,0.0,0.01941516866218097,0.0,0.0,0.0,0.0
2021-06-11,0.01108462316812956,0.00831346737609717,0.0,0.03472260684427567,0.0,0.041467008108230854,0.03472260684427567,0.0,0.0,0.00831346737609717,0.03078147190402277,0.0,0.10644191171706355,0.01859679833687428,0.0,0.0,0.27058924895012815,0.0,0.0,0.0,0.0,0.01823535775856322,0.03472260684427567,0.0,0.014683480910874703,0.09812844434096638,0.0,0.0,0.2536951320380196,0.0,0.0,0.0,0.0,0.015501767482105461,0.0
2021-06-18,0.07029206892612949,0.008280214333748292,0.0,0.03472468411034876,0.0,0.0414282100331876,0.03472468411034876,0.0,0.0,0.008280214333748292,0.03076190550560965,0.0,0.10649988740289937,0.017869601872706687,0.0,0.0,0.37431946693910895,0.0,0.03555106988867906,0.0,0.0,0.020836741699932534,0.03472468411034876,0.0,0.0,0.09821967306915108,0.0,0.0,0.07111233383298027,0.0,0.012374559831072326,0.0,0.0,0.0,0.0
2021-06-25,0.07000161780454194,0.008128758786723502,0.0,0.04056289959925681,0.0,0.006546243357431671,0.048691658385980316,0.0,0.0,0.008128758786723502,0.030624476104074906,0.0,0.11275571883164069,0.07419967445073213,0.0,0.0,0.3040164980487352,0.0,0.035497963653346364,0.0,0.0,0.012599661179828508,0.04056289959925681,0.0,0.036221153507464736,0.10462696004491719,0.0,0.0,0.03651393782621243,0.0,0.03032112003313309,0.0,0.0,0.0,0.0
2021-07-02,0.0697309587079887,0.007987649357793596,0.0,0.04061015667577502,0.0,0.006399703776038487,0.048597806033568614,0.0,0.0,0.007987649357793596,0.030496433363244615,0.0,0.11319221850059433,0.05444533714217463,0.0,0.0,0.31451938067301327,0.0,0.03544845573855835,0.0,0.0,0.01090395385265476,0.04061015667577502,0.0,0.06535839796658763,0.10520456914280071,0.0,0.0,0.0485071730356385,0.0,0.0,0.0,0.0,0.0,0.0
2021-07-09,0.06948378497858951,0.007869441163447708,0.0,0.04065967014096519,0.0,0.0062739504340028115,0.0485291113044129,0.0,0.0,0.007869441163447708,0.030391336526909403,0.0,0.11356465866577936,0.05361655777801731,0.0,0.0,0.3253258167903217,0.0,0.03539471805639553,0.0,0.0,0.010194845308179209,0.04065967014096519,0.0,0.029645912625298018,0.10569521750233166,0.0,0.0,0.048322142271057265,0.0,0.02650372514987943,0.0,0.0,0.0,0.0
2021-07-16,0.01031243757945231,0.007734328184589232,0.0,0.040727215572385976,0.0,0.006140388089130615,0.04846154375697521,0.0,0.0,0.007734328184589232,0.0302700603272065,0.0,0.1137537154235651,0.0848097673678732,0.0,0.0,0.28902868634130324,0.0,0.0,0.0,0.0,0.0,0.05567147201733509,0.0,0.0952800879057517,0.10601938723897586,0.0,0.0,0.07522207492474506,0.0,0.02883450708612155,0.0,0.0,0.0,0.0
2021-07-23,0.010143267641539269,0.007607450731154451,0.0,0.04076810635803799,0.0,0.006015821352002967,0.04837555708919244,0.0,0.0,0.007607450731154451,0.030163916080230224,0.0,0.11392109849638074,0.03217452507490963,0.0,0.0,0.2665497840354348,0.0,0.0,0.0,0.0,0.0,0.055845522421749894,0.0,0.09645961618179849,0.1063136477652263,0.0,0.0,0.05721552601005927,0.0,0.12083871003112881,0.0,0.0,0.0,0.0
2021-07-30,0.05922801615586907,0.010009206504002763,0.0,0.034923530168239035,0.0,0.005915512951590633,0.034923530168239035,0.0,0.0,0.0,0.03012874551485162,0.0,0.11060517651878354,0.030768866642436932,0.0,0.0,0.24785510736960129,0.0,0.07046033986176048,0.0,0.0,0.010009206504002763,0.1246419342056094,0.0,0.07597479137317147,0.034923530168239035,0.0,0.0,0.03203026263868301,0.0,0.08760224325491978,0.0,0.0,0.0,0.0
2021-08-06,0.05920951753713061,0.009878787365705678,0.0,0.034980498716964264,0.0,0.005818610724136705,0.034980498716964264,0.0,0.0,0.0,0.030048838852966994,0.0,0.11075604272290014,0.06169284417643472,0.0,0.0,0.2445581111566752,0.0,0.07050620923924263,0.0,0.0,0.009878787365705678,0.12136046430665433,0.0,0.027603709185226567,0.034980498716964264,0.0,0.0,0.0,0.0,0.09509575382180149,0.0,0.0,0.04865082739452623,0.0
2021-08-13,0.059260790247259124,0.009776519767963014,0.0,0.03493693510443118,0.0,0.005736929591316305,0.03493693510443118,0.0,0.0,0.0,0.030045934929632784,0.0,0.11069877605555631,0.06302418820283678,0.0,0.0,0.24361026690919013,0.0,0.07049340925278666,0.0,0.0,0.016859616582275534,0.11069877605555631,0.0,0.031562768051062104,0.03493693510443118,0.0,0.0,0.0,0.0,0.09073805316671048,0.0,0.0,0.05268316587456084,0.0
2021-08-20,0.05922159411120315,0.009695793999309709,0.0,0.03483648682385331,0.0,0.005669391153112119,0.03483648682385331,0.0,0.0,0.0,0.030076936723353175,0.0,0.11073349517910214,0.07016133441012762,0.0,0.0,0.21814179242277074,0.0,0.0703694432905752,0.0,0.0,0.009695793999309709,0.12462537456445463,0.0,0.030051089748649357,0.03483648682385331,0.0,0.0,0.0,0.0,0.10420401526284878,0.0,0.0,0.05284448466362364,0.0
2021-08-27,0.0,0.0,0.0,0.04054024438810332,0.0,0.005587032794083972,0.05012872036947144,0.0,0.0,0.0,0.030089988134905887,0.0,0.11638163250178069,0.05499709884014126,0.0,0.0,0.2333653653279415,0.0,0.04054024438810332,0.0,0.0,0.009588475981368114,0.12956957858299165,0.0,0.10457608584081507,0.0,0.0,0.0,0.0,0.0,0.12781362520191564,0.0,0.0,0.05682190764837795,0.0
2021-09-03,0.0,0.0,0.0,0.040356204421115274,0.0,0.0055046892339800195,0.049834228632445965,0.0,0.0,0.0,0.030081974780306466,0.0,0.11634622106556511,0.06263395611120504,0.0,0.0,0.22096751380912583,0.0,0.040356204421115274,0.0,0.0,0.00947802421133069,0.1301598050174051,0.0,0.11157994748101493,0.0,0.0,0.0,0.0,0.0,0.12509192935682756,0.0,0.0,0.05760930145856252,0.0
2021-09-10,0.0,0.0,0.0,0.040198733385246974,0.0,0.005437043802462114,0.04959055363633001,0.0,0.0,0.0,0.030080715623356333,0.0,0.11632490340003908,0.060296061834440154,0.0,0.0,0.2239057071280392,0.0,0.040198733385246974,0.0,0.0,0.009391820251083038,0.12944142154103333,0.0,0.11675250354647886,0.0,0.0,0.0,0.0,0.0,0.12014531291642994,0.0,0.0,0.05823648954981376,0.0
2021-09-17,0.0,0.0,0.0,0.04013986623586618,0.0,0.005371284530910551,0.0494519533711454,0.0,0.0,0.0,0.030072344062975622,0.0,0.116241574132564,0.12670282083951856,0.0,0.0,0.2259494012705069,0.0,0.04013986623586618,0.0,0.0,0.00931208713527922,0.116241574132564,0.0,0.059017215347947016,0.0,0.0,0.0,0.0,0.0,0.13105990040441132,0.0,0.0,0.050300112300444955,0.0
2021-09-24,0.06897371342559752,0.006947720622270977,0.0,0.04015232630488246,0.0,0.005322483302164497,0.04015232630488246,0.0,0.0,0.0,0.03006490325859753,0.0,0.11386130255700505,0.101292615034237,0.0,0.0,0.21568149587453866,0.0,0.07597837786242419,0.0,0.0,0.0,0.11386130255700505,0.0,0.03437138874985269,0.0,0.0,0.0,0.0,0.0,0.09966854367517211,0.0,0.0,0.05367150047136971,0.0
2021-10-01,0.068957067780398,0.006968201749089832,0.0,0.04017009151827787,0.0,0.005316630345225803,0.04017009151827787,0.0,0.0,0.0,0.03008964453935012,0.0,0.11379723844269844,0.046839912081879743,0.0,0.0,0.22188490376058773,0.0,0.07596977078724479,0.0,0.0,0.0,0.11379723844269844,0.0,0.0921738276053509,0.0,0.0,0.0,0.0,0.0,0.0934064251671484,0.0,0.0,0.05045895626177188,0.0
2021-10-08,0.0687578135063722,0.006955931057339342,0.0,0.04031200987769805,0.0,0.008961485225125417,0.04031200987769805,0.0,0.0,0.0,0.028371544500900826,0.0,0.11372835483480892,0.03740359121466783,0.0,0.0,0.2124510801962003,0.0,0.08317114131575022,0.0,0.0,0.0,0.11372835483480892,0.0,0.03384428959230108,0.0,0.0,0.0,0.03582931224568617,0.0,0.1210213593106827,0.012780276851489985,0.0,0.042371445558469834,0.0
2021-10-15,0.06848715563435137,0.006876987022193672,0.0,0.04038472483854265,0.0,0.005405512251143863,0.04038472483854265,0.0,0.0,0.0,0.03015167347051279,0.0,0.11400993449296641,0.04119210382786844,0.0,0.0,0.22984382254094127,0.0,0.07597542860139853,0.0,0.0,0.0,0.11400993449296641,0.0,0.0312115505469881,0.0,0.0,0.0,0.042033771124170914,0.0,0.1136219203355798,0.0,0.0,0.04641075598183304,0.0
2021-10-22,0.06842685398908585,0.006839816605033438,0.0,0.040357173925146345,0.0,0.005342368237247575,0.040357173925146345,0.0,0.0,0.0,0.03006603831614272,0.0,0.1142960076820164,0.04080490604847091,0.0,0.0,0.23076272937659942,0.0,0.0759414330345711,0.0,0.0,0.0,0.1142960076820164,0.0,0.03319815733540804,0.0,0.0,0.0,0.04067353951843883,0.0,0.11470842008776358,0.0,0.0,0.04392937423691291,0.0
2021-10-29,0.05926549591423087,0.0,0.0,0.049448351397328005,0.0,0.005283957110352997,0.04037833702300764,0.0,0.0,0.0,0.029989973508594586,0.0,0.11681548206054355,0.08932812783339776,0.0,0.0,0.1859058127926177,0.0,0.07593763457154616,0.0,0.0,0.009070014374320368,0.11681548206054355,0.0,0.08539551009765399,0.0,0.0,0.0,0.04229938726202899,0.0,0.09406643399383366,0.0,0.0,0.0,0.0
2021-11-05,0.0,0.0,0.0,0.049114344942067775,0.0,0.0051950069295548995,0.040145792293583,0.0,0.0,0.0,0.02988909894741002,0.0,0.11702133034313622,0.0645496343782424,0.0,0.0,0.19936318426064858,0.0,0.040145792293583,0.0,0.0,0.00896855264848478,0.11702133034313622,0.0,0.12345953000776107,0.0,0.0,0.0,0.05900900296071487,0.0,0.13581305232534813,0.010304347326329016,0.0,0.0,0.0
2021-11-12,0.0,0.0,0.0,0.0518250258053599,0.0,0.005117270620975034,0.03992378599000758,0.0,0.0,0.0,0.029784677375800456,0.0,0.11710164396574108,0.058929967836071157,0.0,0.0,0.2570287140114796,0.0,0.03992378599000758,0.0,0.0,0.008877783015264804,0.11710164396574108,0.0,0.13133770396731945,0.0,0.0,0.0,0.0,0.0,0.1292101017977352,0.013837895658496954,0.0,0.0,0.0
2021-11-19,0.0,0.0,0.0,0.04863013534383445,0.0,0.005134517706604218,0.039691186790776004,0.0,0.0,0.0,0.029784274540978126,0.0,0.11730309133835135,0.05552126009219922,0.0,0.0,0.27766902302643265,0.0,0.039691186790776004,0.0,0.0,0.008938948553058447,0.11730309133835135,0.0,0.16370835917159604,0.0,0.0,0.0,0.0,0.0,0.07913540947132931,0.017489515835712652,0.0,0.0,0.0
2021-11-26,0.06886316052788438,0.006910792588904287,0.0,0.03378114256374693,0.0,0.042810805285464444,0.04069193515265122,0.0,0.0,0.0,0.0282261721701355,0.0,0.10929781456627749,0.03453658342462685,0.0,0.0,0.33540900460511563,0.0,0.07679413498672813,0.0,0.0,0.0008655630351092155,0.10929781456627749,0.0,0.03756639943908942,0.0,0.0,0.0,0.0,0.0,0.04663359306122778,0.028315084026760997,0.0,0.0,0.0
2021-12-03,0.06886625581833893,0.007019801294799053,0.0,0.03362205557244425,0.0,0.043206420065647774,0.0406418568672433,0.0,0.0,0.0,0.028443346879076698,0.0,0.10889089651016581,0.03504677615117871,0.0,0.0,0.23891038132718312,0.0,0.07699345962217119,0.0,0.0,0.0,0.10889089651016581,0.0,0.0368357229461937,0.0,0.0,0.0,0.05617739938354585,0.0,0.04631103524421038,0.030919298465879888,0.0,0.03922439734175541,0.0
2021-12-10,0.06885743923557364,0.007112163949594669,0.0,0.03351410330693351,0.0,0.04359610026416197,0.04062626725652818,0.0,0.0,0.0,0.028640313004993125,0.0,0.10848239720960809,0.035689212485060115,0.0,0.0,0.24308524180236463,0.0,0.07720443325438472,0.0,0.0,0.0,0.10848239720960809,0.0,0.027589451547496275,0.0,0.0,0.0,0.06963255084681057,0.0,0.04919112203004404,0.02809084708979497,0.0,0.03020595950704343,0.0
2021-12-17,0.06873933696444458,0.01694898225811528,0.0,0.03340486623294884,0.0,0.04381539954850698,0.040525393235635566,0.0,0.0,0.0,0.02882093380553972,0.0,0.10819181005436304,0.03296746965196081,0.0,0.0,0.23228359321361794,0.0,0.07728047346191272,0.0,0.0,0.0,0.10819181005436304,0.0,0.032122307542118735,0.0,0.0,0.0,0.07053866876685394,0.0,0.04726777930629488,0.030131593515105286,0.0,0.028769582388218376,0.0
2021-12-24,0.06859674587708668,0.017494926914000043,0.0,0.03337676383296071,0.0,0.04388225735184183,0.040473288365863724,0.0,0.0,0.0,0.028919797500590455,0.0,0.10806585325087162,0.03069868943734078,0.0,0.0,0.23487727693374447,0.0,0.0772619865479952,0.0,0.0,0.0,0.10806585325087162,0.0,0.0,0.0,0.0,0.0,0.12394838330969415,0.0,0.05194901717152264,0.03238916025561592,0.0,0.0,0.0
2021-12-31,0.05903128321561719,0.019302341876800275,0.0,0.033339471953178226,0.0,0.04392418665444818,0.033339471953178226,0.0,0.0,0.0,0.028961680261024178,0.0,0.11047544203198384,0.034561269353746704,0.0,0.0,0.22917692059176437,0.0,0.0772260136435645,0.0,0.0,0.0,0.11047544203198384,0.0,0.0,0.0,0.0,0.0,0.06396577914261063,0.0,0.04935460778961904,0.03631077023035259,0.030126458520403212,0.04042886074972484,0.0
2022-01-07,0.05892590379729667,0.017098128085498925,0.0,0.033323359031206284,0.0,0.04397447675551239,0.033323359031206284,0.0,0.0,0.0,0.0290452195500174,0.0,0.11037751464600222,0.03335676895306076,0.0,0.0,0.2066905523701912,0.0,0.07719979548902917,0.0,0.0,0.0,0.11037751464600222,0.0,0.026348920234642102,0.0,0.0,0.0,0.052017428029183944,0.0,0.045236117752557,0.0446288617931215,0.036480362173252116,0.0415957176622198,0.0
2022-01-14,0.058831390300255075,0.018218861232707627,0.0,0.03336352791153778,0.0,0.044075890681684014,0.03336352791153778,0.0,0.0,0.0,0.029131248628382615,0.0,0.11018420838560312,0.030148849720799557,0.0,0.0,0.2838741281725092,0.0,0.07723225230780781,0.0,0.0,0.0,0.11018420838560312,0.0,0.0,0.0,0.0,0.0,0.0,0.0,0.04752428729792467,0.0900498893577598,0.03381772970588762,0.0,0.0
2022-01-21,0.14214212366397788,0.023536289164909276,0.0,0.032990418209082994,0.0,0.09640164088060348,0.07759632702365843,0.0,0.0,0.0,0.1947458378624886,0.0,0.1098837079168463,0.0,0.0,0.0,0.12398480798162999,0.0,0.0888351393799566,0.0,0.0,0.0,0.1098837079168463,0.0,0.0,0.0,0.0,0.0,0.0,0.0,0.0,0.0,0.0,0.0,0.0
2022-01-28,0.11814075236382365,0.03502475859382462,0.0,0.0,0.0,0.09278379592941707,0.0,0.0,0.0,0.0,0.031178017969610165,0.0,0.13804234879999552,0.0,0.0,0.0,0.06714800697996945,0.0,0.050341846638699714,0.0,0.0,0.0,0.14351267230384449,0.0,0.0,0.0,0.0,0.0,0.0,0.0,0.0,0.1968829258191468,0.1269448746016685,0.0,0.0
2022-02-04,0.12260924304322474,0.03709173371159714,0.0,0.0,0.0,0.09212561246595112,0.0,0.0,0.0,0.0,0.031176877350032127,0.0,0.1347649625436881,0.0,0.0,0.0,0.06590595118087272,0.0,0.05214045105121145,0.0,0.0,0.0,0.1407501478862471,0.0,0.0,0.0,0.0,0.0,0.0,0.0,0.06341114623384117,0.19411448836641143,0.06590938616692309,0.0,0.0
2022-02-11,0.1866698715381488,0.04119968939211109,0.0,0.0,0.0,0.14258296879975826,0.040796512543432605,0.0,0.0,0.0,0.18815848642744407,0.0,0.1330005545124872,0.0,0.0,0.0,0.0648470258560898,0.0,0.06290636089639595,0.0,0.0,0.0,0.13983853003413238,0.0,0.0,0.0,0.0,0.0,0.0,0.0,0.0,0.0,0.0,0.0,0.0
2022-02-18,0.1903747013385339,0.04429031317658026,0.0,0.0,0.0,0.1442242900778967,0.03956894027559214,0.0,0.0,0.0,0.18716278995967633,0.0,0.13033762163034088,0.0,0.0,0.0,0.06281530681771484,0.0,0.06340884218951937,0.0,0.0,0.0,0.13781719453414565,0.0,0.0,0.0,0.0,0.0,0.0,0.0,0.0,0.0,0.0,0.0,0.0
2022-02-25,0.15692960881146484,0.038690088121291565,0.0,0.0,0.0,0.18288114431486371,0.05581335822101184,0.0,0.0,0.0,0.18661276425887827,0.0,0.18264408363597245,0.0,0.0,0.0,0.05316865103077118,0.0,0.07300895294158588,0.0,0.0,0.0,0.07025134866416018,0.0,0.0,0.0,0.0,0.0,0.0,0.0,0.0,0.0,0.0,0.0,0.0
2022-03-04,0.15709993755828064,0.039126939252365565,0.0,0.0,0.0,0.18306834330446814,0.05585956899816503,0.0,0.0,0.0,0.18647998750535616,0.0,0.18233767731823916,0.0,0.0,0.0,0.05272514305802323,0.0,0.07324931977699417,0.0,0.0,0.0,0.07005308322810783,0.0,0.0,0.0,0.0,0.0,0.0,0.0,0.0,0.0,0.0,0.0,0.0
2022-03-11,0.15730767994809977,0.03953225690862369,0.0,0.0,0.0,0.18333908967707702,0.0559187888303544,0.0,0.0,0.0,0.1864230410430081,0.0,0.1820250404564574,0.0,0.0,0.0,0.05220497106100866,0.0,0.07348868078974272,0.0,0.0,0.0,0.06976045128562824,0.0,0.0,0.0,0.0,0.0,0.0,0.0,0.0,0.0,0.0,0.0,0.0
2022-03-18,0.13266692314819747,0.04351274634479659,0.0,0.0,0.0,0.1355742324120062,0.05812536742309507,0.0,0.0,0.0,0.10874814597112113,0.0,0.17987739504569428,0.0,0.0,0.0,0.0786155462468678,0.0,0.07909213300776352,0.0,0.0,0.0,0.07051161961452364,0.0,0.0,0.0,0.0,0.0,0.0,0.0,0.0,0.11327589078593428,0.0,0.0,0.0
2022-03-25,0.1875068688007533,0.06174266498472972,0.0,0.0,0.0,0.08381889180842203,0.04633140118609689,0.0,0.0,0.0,0.1165111646921005,0.0,0.09942851431982566,0.0,0.0,0.0,0.12748689665156943,0.0,0.07076540503585035,0.0,0.0,0.0,0.09942851431982566,0.0,0.0,0.0,0.0,0.0,0.0,0.0,0.0,0.10697967820082652,0.0,0.0,0.0
2022-04-01,0.1955090813167391,0.06000754942900065,0.0,0.0,0.0,0.15046924746568618,0.046209039734719196,0.0,0.0,0.0,0.11403917718819831,0.0,0.09559222795279565,0.0,0.0,0.0,0.10661814141829896,0.0,0.0741031182053957,0.0,0.0,0.0,0.09559222795279565,0.0,0.0,0.0,0.0,0.0,0.0,0.0,0.0,0.06186018933637059,0.0,0.0,0.0
2022-04-08,0.20356619959478475,0.06543204381241412,0.0,0.0,0.0,0.15775147248910792,0.04607540247176086,0.0,0.0,0.0,0.11153160722001117,0.0,0.09176105456603714,0.0,0.0,0.0,0.09791745948837866,0.0,0.07744053508790406,0.0,0.0,0.0,0.09176105456603714,0.0,0.0,0.0,0.0,0.0,0.0,0.0,0.0,0.05676317070356416,0.0,0.0,0.0
2022-04-15,0.22916193820107214,0.06753863738420474,0.0,0.0,0.0,0.15632908140738588,0.045891671078311325,0.0,0.0,0.0,0.16009891969687876,0.0,0.0866424096398477,0.0,0.0,0.0,0.0866424096398477,0.0,0.08105252331260401,0.0,0.0,0.0,0.0866424096398477,0.0,0.0,0.0,0.0,0.0,0.0,0.0,0.0,0.0,0.0,0.0,0.0
2022-04-22,0.23600526517152687,0.07775196495998185,0.0,0.0,0.0,0.15921410367240524,0.04546891439132594,0.0,0.0,0.0,0.1557299677705575,0.0,0.08027753508860411,0.0,0.0,0.0,0.08027753508860411,0.0,0.08499717876839034,0.0,0.0,0.0,0.08027753508860411,0.0,0.0,0.0,0.0,0.0,0.0,0.0,0.0,0.0,0.0,0.0,0.0
2022-04-29,0.24232995971396118,0.0874521012962151,0.0,0.0,0.0,0.1992625523555965,0.023141230469033797,0.0,0.0,0.0,0.12985394565881736,0.0,0.11092418425299747,0.0,0.0,0.0,0.0291669893596083,0.0,0.08860964213049151,0.0,0.0,0.0,0.08925939476327878,0.0,0.0,0.0,0.0,0.0,0.0,0.0,0.0,0.0,0.0,0.0,0.0
2022-05-06,0.2473580296266587,0.08943239619005769,0.0,0.0,0.0,0.20867032174261413,0.021184255988817204,0.0,0.0,0.0,0.12549773540364648,0.0,0.106945332714249,0.0,0.0,0.0,0.025632635795792155,0.0,0.09127760163498935,0.0,0.0,0.0,0.08400169090317539,0.0,0.0,0.0,0.0,0.0,0.0,0.0,0.0,0.0,0.0,0.0,0.0
2022-05-13,0.2537501240023736,0.09089705576097443,0.0,0.0,0.0,0.21340617542726856,0.019681817638957745,0.0,0.0,0.0,0.12223497688882305,0.0,0.10433265328239516,0.0,0.0,0.0,0.02295904681606916,0.0,0.09261115247763138,0.0,0.0,0.0,0.08012699770550702,0.0,0.0,0.0,0.0,0.0,0.0,0.0,0.0,0.0,0.0,0.0,0.0
2022-05-20,0.2587306066563441,0.10463652639558037,0.0,0.0,0.0,0.20454908705581654,0.018481210113638877,0.0,0.0,0.0,0.11980883120501389,0.0,0.10225501811331489,0.0,0.0,0.0,0.020850730766253132,0.0,0.09360942909577251,0.0,0.0,0.0,0.07707856059826565,0.0,0.0,0.0,0.0,0.0,0.0,0.0,0.0,0.0,0.0,0.0,0.0
2022-05-27,0.26206247916375913,0.10574171147095135,0.0,0.0,0.0,0.23389472965926994,0.0437583612765929,0.0,0.0,0.0,0.11823412163046126,0.0,0.10285730360892195,0.0,0.0,0.0,0.019515165252583806,0.0,0.0686020016514793,0.0,0.0,0.0,0.04533412628598023,0.0,0.0,0.0,0.0,0.0,0.0,0.0,0.0,0.0,0.0,0.0,0.0
2022-06-03,0.2626835656427053,0.14006273273966724,0.0,0.0,0.0,0.19961007124383584,0.04384858774970746,0.0,0.0,0.0,0.11800102918002173,0.0,0.10243137702614735,0.0,0.0,0.0,0.01939418704554926,0.0,0.06864429738564508,0.0,0.0,0.0,0.04532415198672083,0.0,0.0,0.0,0.0,0.0,0.0,0.0,0.0,0.0,0.0,0.0,0.0
2022-06-10,0.2635785012760328,0.12038181770771496,0.0,0.0,0.0,0.2191801404296273,0.043911274544439396,0.0,0.0,0.0,0.11813025672836205,0.0,0.10163621279513793,0.0,0.0,0.0,0.01923944431086773,0.0,0.06866325118190202,0.0,0.0,0.0,0.045279101025915966,0.0,0.0,0.0,0.0,0.0,0.0,0.0,0.0,0.0,0.0,0.0,0.0
2022-06-17,0.2642948978380735,0.08875517940788244,0.0,0.0,0.0,0.19938786894914004,0.04387872342027323,0.0,0.0,0.0,0.1179302668647248,0.0,0.1531645551021916,0.0,0.0,0.0,0.018869409410395194,0.0,0.06868561544387786,0.0,0.0,0.0,0.04503348356344145,0.0,0.0,0.0,0.0,0.0,0.0,0.0,0.0,0.0,0.0,0.0,0.0
2022-06-24,0.284693771842085,0.10123244919731349,0.0,0.0,0.0,0.1816612120140645,0.04356125882017845,0.0,0.0,0.0,0.11523486489124135,0.0,0.20408654551011451,0.0,0.0,0.0,0.0,0.0,0.06952989772500275,0.0,0.0,0.0,0.0,0.0,0.0,0.0,0.0,0.0,0.0,0.0,0.0,0.0,0.0,0.0,0.0
2022-07-01,0.2888316891197195,0.08838965915171004,0.0,0.0,0.0,0.1370027334481695,0.043822991402514486,0.0,0.0,0.0,0.11137481859682814,0.0,0.2604507348554984,0.0,0.0,0.0,0.0,0.0,0.07012737342555989,0.0,0.0,0.0,0.0,0.0,0.0,0.0,0.0,0.0,0.0,0.0,0.0,0.0,0.0,0.0,0.0
2022-07-08,0.28960607166802965,0.08665052560846126,0.0,0.0,0.0,0.13711016028866257,0.0438412733294221,0.0,0.0,0.0,0.11112561388524196,0.0,0.26149212726918547,0.0,0.0,0.0,0.0,0.0,0.07017422795099698,0.0,0.0,0.0,0.0,0.0,0.0,0.0,0.0,0.0,0.0,0.0,0.0,0.0,0.0,0.0,0.0
2022-07-15,0.2904026273291669,0.09327215896762564,0.0,0.0,0.0,0.13713254172177333,0.043973086673828564,0.0,0.0,0.0,0.11102678613195666,0.0,0.25391100417973106,0.0,0.0,0.0,0.0,0.0,0.07028179499591782,0.0,0.0,0.0,0.0,0.0,0.0,0.0,0.0,0.0,0.0,0.0,0.0,0.0,0.0,0.0,0.0
2022-07-22,0.29103683409303427,0.09532911663489453,0.0,0.0,0.0,0.13707045770261986,0.04416889178259288,0.0,0.0,0.0,0.1113325615325951,0.0,0.2506876482653693,0.0,0.0,0.0,0.0,0.0,0.07037448998889405,0.0,0.0,0.0,0.0,0.0,0.0,0.0,0.0,0.0,0.0,0.0,0.0,0.0,0.0,0.0,0.0
2022-07-29,0.2915186161172093,0.09199210184726557,0.0,0.0,0.0,0.13702544893498567,0.04437809423977949,0.0,0.0,0.0,0.11166857208922192,0.0,0.2529060764155829,0.0,0.0,0.0,0.0,0.0,0.07051109035595521,0.0,0.0,0.0,0.0,0.0,0.0,0.0,0.0,0.0,0.0,0.0,0.0,0.0,0.0,0.0,0.0
2022-08-05,0.29200876999386355,0.08862367342671587,0.0,0.0,0.0,0.13700623616380792,0.044618301902266524,0.0,0.0,0.0,0.1114473641567086,0.0,0.2554988418264863,0.0,0.0,0.0,0.0,0.0,0.07079681253015124,0.0,0.0,0.0,0.0,0.0,0.0,0.0,0.0,0.0,0.0,0.0,0.0,0.0,0.0,0.0,0.0
2022-08-12,0.29245032263177806,0.10192391727177892,0.0,0.0,0.0,0.13730142686428612,0.045160578697383685,0.0,0.0,0.0,0.1093375667781132,0.0,0.2416146084485576,0.0,0.0,0.0,0.0,0.0,0.07221157930810224,0.0,0.0,0.0,0.0,0.0,0.0,0.0,0.0,0.0,0.0,0.0,0.0,0.0,0.0,0.0,0.0
2022-08-19,0.29290168143633244,0.09212875103587939,0.0,0.0,0.0,0.2013943152899088,0.04532863591956671,0.0,0.0,0.0,0.10888808763258653,0.0,0.18695902563381642,0.0,0.0,0.0,0.0,0.0,0.07239950305190976,0.0,0.0,0.0,0.0,0.0,0.0,0.0,0.0,0.0,0.0,0.0,0.0,0.0,0.0,0.0,0.0
2022-08-26,0.17252594255213677,0.13156570316757132,0.0,0.0,0.0,0.21603291278263864,0.07919492039701514,0.0,0.0,0.0,0.10831082390212186,0.0,0.2197615198215107,0.0,0.0,0.0,0.0,0.0,0.07260817737700558,0.0,0.0,0.0,0.0,0.0,0.0,0.0,0.0,0.0,0.0,0.0,0.0,0.0,0.0,0.0,0.0
2022-09-02,0.1700901382486048,0.13249752231200979,0.0,0.0,0.0,0.22136793036881086,0.0803836397188224,0.0,0.0,0.0,0.10484291430026928,0.0,0.21739998840538266,0.0,0.0,0.0,0.0,0.0,0.07341786664610038,0.0,0.0,0.0,0.0,0.0,0.0,0.0,0.0,0.0,0.0,0.0,0.0,0.0,0.0,0.0,0.0
2022-09-09,0.16952482688421508,0.1349316685386604,0.0,0.0,0.0,0.2201788633216591,0.08062330188291723,0.0,0.0,0.0,0.10411893371881259,0.0,0.21706940632817212,0.0,0.0,0.0,0.0,0.0,0.07355299932556358,0.0,0.0,0.0,0.0,0.0,0.0,0.0,0.0,0.0,0.0,0.0,0.0,0.0,0.0,0.0,0.0
2022-09-16,0.16915779538692594,0.1427082887414434,0.0,0.0,0.0,0.21342725658204095,0.08064667498738515,0.0,0.0,0.0,0.10381882385863259,0.0,0.2166438983898047,0.0,0.0,0.0,0.0,0.0,0.07359726205376722,0.0,0.0,0.0,0.0,0.0,0.0,0.0,0.0,0.0,0.0,0.0,0.0,0.0,0.0,0.0,0.0
2022-09-23,0.1685465109164218,0.1540424904756206,0.0,0.0,0.0,0.2035609097268692,0.0806994266379937,0.0,0.0,0.0,0.10340847036855125,0.0,0.2159593268504583,0.0,0.0,0.0,0.0,0.0,0.07378286502408507,0.0,0.0,0.0,0.0,0.0,0.0,0.0,0.0,0.0,0.0,0.0,0.0,0.0,0.0,0.0,0.0
2022-09-30,0.47530420665230966,0.10230628031990968,0.0,0.0,0.0,0.15890500798480103,0.045562223768107465,0.0,0.0,0.0,0.10072386404579338,0.0,0.04280377142421141,0.0,0.0,0.0,0.0,0.0,0.07439464580486747,0.0,0.0,0.0,0.0,0.0,0.0,0.0,0.0,0.0,0.0,0.0,0.0,0.0,0.0,0.0,0.0
2022-10-07,0.4737711128888561,0.11046788955408073,0.0,0.0,0.0,0.15495309917967912,0.04523310640318073,0.0,0.0,0.0,0.0978629209071548,0.0,0.04273958801690604,0.0,0.0,0.0,0.0,0.0,0.0749722830501425,0.0,0.0,0.0,0.0,0.0,0.0,0.0,0.0,0.0,0.0,0.0,0.0,0.0,0.0,0.0,0.0
2022-10-14,0.47324624643466545,0.09439221069373027,0.0,0.0,0.0,0.17205771062150027,0.04512663027139093,0.0,0.0,0.0,0.09726714213454937,0.0,0.04272208691805615,0.0,0.0,0.0,0.0,0.0,0.0751879729261076,0.0,0.0,0.0,0.0,0.0,0.0,0.0,0.0,0.0,0.0,0.0,0.0,0.0,0.0,0.0,0.0
2022-10-21,0.47311099378952853,0.09457899133051167,0.0,0.0,0.0,0.17231546254389893,0.045051882727864936,0.0,0.0,0.0,0.09692874394712298,0.0,0.042766910345067806,0.0,0.0,0.0,0.0,0.0,0.07524701531600524,0.0,0.0,0.0,0.0,0.0,0.0,0.0,0.0,0.0,0.0,0.0,0.0,0.0,0.0,0.0,0.0
2022-10-28,0.44117389775353316,0.12135523693051779,0.0,0.0,0.0,0.12790013270439826,0.09497654377912058,0.0,0.0,0.0,0.12805666906949859,0.0,0.011147949435126769,0.0,0.0,0.0,0.0,0.0,0.07538957032780488,0.0,0.0,0.0,0.0,0.0,0.0,0.0,0.0,0.0,0.0,0.0,0.0,0.0,0.0,0.0,0.0
2022-11-04,0.4410620664668039,0.11259695709255899,0.0,0.0,0.0,0.12794803545857278,0.10409881135860477,0.0,0.0,0.0,0.1276480079325571,0.0,0.011168869679971856,0.0,0.0,0.0,0.0,0.0,0.07547725201093056,0.0,0.0,0.0,0.0,0.0,0.0,0.0,0.0,0.0,0.0,0.0,0.0,0.0,0.0,0.0,0.0
2022-11-11,0.4409486265603295,0.11936928917275136,0.0,0.0,0.0,0.18035893726584926,0.045064019406555786,0.0,0.0,0.0,0.12742585092962452,0.0,0.011255878111255679,0.0,0.0,0.0,0.0,0.0,0.07557739855363375,0.0,0.0,0.0,0.0,0.0,0.0,0.0,0.0,0.0,0.0,0.0,0.0,0.0,0.0,0.0,0.0
2022-11-18,0.44122518687972084,0.12174797923634217,0.0,0.0,0.0,0.1276689632879876,0.09490200924987721,0.0,0.0,0.0,0.12745578887663617,0.0,0.011430255757797388,0.0,0.0,0.0,0.0,0.0,0.07556981671163863,0.0,0.0,0.0,0.0,0.0,0.0,0.0,0.0,0.0,0.0,0.0,0.0,0.0,0.0,0.0,0.0
2022-11-25,0.3003213106582472,0.1515083134381816,0.0,0.0,0.0,0.21390576046550425,0.08098537007525325,0.0,0.0,0.0,0.09897503813680511,0.0,0.07927485366639665,0.0,0.0,0.0,0.0,0.0,0.07502935355961197,0.0,0.0,0.0,0.0,0.0,0.0,0.0,0.0,0.0,0.0,0.0,0.0,0.0,0.0,0.0,0.0
2022-12-02,0.3035572399591619,0.1396320203924696,0.0,0.0,0.0,0.14329990058864595,0.13056816938727286,0.0,0.0,0.0,0.044576412048909775,0.0,0.07941157341697015,0.0,0.0,0.0,0.0014419037243629746,0.0,0.06937697411996932,0.0,0.0,0.0,0.0,0.0,0.0,0.0,0.0,0.0,0.03263139983463296,0.0,0.0,0.021768037884425533,0.0,0.033736368643179,0.0
2022-12-09,0.32759962817130384,0.12923882154374378,0.0,0.0,0.0,0.20130409565505342,0.07768043485142251,0.0,0.0,0.0,0.11371149225138319,0.0,0.078129218216932,0.0,0.0,0.0,0.0,0.0,0.0723363093101614,0.0,0.0,0.0,0.0,0.0,0.0,0.0,0.0,0.0,0.0,0.0,0.0,0.0,0.0,0.0,0.0
2022-12-16,0.34178889442285754,0.11304708188737941,0.0,0.0,0.0,0.20083119518553372,0.07522948578187749,0.0,0.0,0.0,0.12212379354274482,0.0,0.07615461941992106,0.0,0.0,0.0,0.0,0.0,0.07082492975968574,0.0,0.0,0.0,0.0,0.0,0.0,0.0,0.0,0.0,0.0,0.0,0.0,0.0,0.0,0.0,0.0
2022-12-23,0.3556367974503951,0.11647942091230785,0.0,0.0,0.0,0.1839379392514766,0.07253481393924094,0.0,0.0,0.0,0.12824148475444472,0.0,0.07404263682905972,0.0,0.0,0.0,0.0,0.0,0.06912690686307499,0.0,0.0,0.0,0.0,0.0,0.0,0.0,0.0,0.0,0.0,0.0,0.0,0.0,0.0,0.0,0.0
2022-12-30,0.1878146037544141,0.06027300898469626,0.0,0.21333180067420182,0.0,0.19722833236984197,0.07280736597813815,0.0,0.0,0.0,0.12561945179667283,0.0,0.07361793274637188,0.0,0.0,0.0,0.0,0.0,0.06930750369566296,0.0,0.0,0.0,0.0,0.0,0.0,0.0,0.0,0.0,0.0,0.0,0.0,0.0,0.0,0.0,0.0
2023-01-06,0.1883562625686215,0.0688947428240235,0.0,0.21319822964917534,0.0,0.1877723694827296,0.07262795893503404,0.0,0.0,0.0,0.12654544301140352,0.0,0.07337827075550094,0.0,0.0,0.0,0.0,0.0,0.06922672277351158,0.0,0.0,0.0,0.0,0.0,0.0,0.0,0.0,0.0,0.0,0.0,0.0,0.0,0.0,0.0,0.0
2023-01-13,0.17475759009973377,0.0,0.0,0.2157200566138775,0.0,0.18844097868508414,0.10257365611173597,0.0,0.0,0.0,0.04714387823387148,0.0,0.07291721354104713,0.0,0.0,0.0,0.0,0.0,0.04635112066503881,0.0,0.0,0.0,0.0,0.0,0.0,0.0,0.0,0.0,0.037042578765123665,0.0,0.0,0.02727490585726204,0.04043198930586459,0.047346032121360855,0.0
2023-01-20,0.1821342108493814,0.030090296270079104,0.0,0.2181348234307378,0.0,0.19210749401390873,0.04518500258182547,0.0,0.0,0.0,0.04681287026874262,0.0,0.07326729995115513,0.0,0.0,0.0,0.0,0.0,0.043066856065113165,0.0,0.0,0.0,0.0,0.0,0.0,0.0,0.0,0.0,0.04025679813378743,0.0,0.0,0.025725744641288763,0.05410537096479141,0.04911323282918902,0.0
2023-01-27,0.16257001491269507,0.034959234056912675,0.0,0.07778138407899049,0.0,0.21192523232006064,0.08998766231714136,0.0,0.0,0.0,0.08816318554116828,0.0,0.03156821183974384,0.0,0.0,0.0,0.03591690128482966,0.0,0.04026026848482338,0.0,0.0,0.0,0.0,0.0,0.0,0.03591690128482966,0.0,0.0,0.04442156162311328,0.0,0.0,0.02572146709073067,0.07004731083840969,0.050760664326551345,0.0
2023-02-03,0.16405066211970054,0.021584975420991644,0.0,0.07572208130769591,0.0,0.22511980342415527,0.07572208130769591,0.0,0.0,0.0,0.08361631040550375,0.0,0.03477626837820191,0.0,0.0,0.0,0.03657551017023643,0.0,0.03817624192006768,0.0,0.0,0.0,0.0,0.0,0.0,0.09837050493731474,0.0,0.0,0.08212493819360867,0.0,0.0,0.018561375442422125,0.0,0.0455992469724055,0.0
2023-02-10,0.20597181030475528,0.0,0.014084299413032879,0.07361087612875124,0.0,0.208422265226296,0.09832374793179725,0.0,0.0,0.0,0.07907126416218309,0.0,0.03801569303327568,0.0,0.0,0.0,0.037530597390745185,0.0,0.05967051722642989,0.0,0.0,0.0,0.0,0.0,0.0,0.06351312400417693,0.0,0.0,0.055784653284349825,0.0,0.0,0.01924255684471578,0.0,0.04675859504949096,0.0
2023-02-17,0.1690525891276467,0.0,0.04544551342606966,0.09990167862925546,0.0,0.20867721520036306,0.08761367059726882,0.0,0.0,0.0,0.07782835504322061,0.0,0.039525360898218356,0.0,0.0,0.0,0.03882803075366987,0.0,0.03399044789595309,0.0,0.0,0.0,0.0,0.0,0.0,0.09422334501975926,0.0,0.0,0.04185764067922265,0.0,0.0,0.013977822523989904,0.0,0.049078330205362425,0.0
2023-02-24,0.16963731565340273,0.0,0.028638048428976902,0.09807282401887876,0.0,0.23078218637818668,0.06569120205844194,0.0,0.0,0.0,0.07694084610025326,0.0,0.04084481226579301,0.0,0.0,0.0,0.03325307580059656,0.0,0.055655409638462494,0.0,0.0,0.0,0.03325307580059656,0.0,0.0,0.07127888634271096,0.0,0.0,0.02573610370387636,0.0,0.0,0.015670192167997758,0.0,0.05454602164182603,0.0
2023-03-03,0.16993659642144132,0.0,0.03108856969862061,0.09357543873729923,0.0,0.2411624374473588,0.08149059462914987,0.0,0.0,0.0,0.07634728939294975,0.0,0.041914433997303435,0.0,0.0,0.0,0.03402040399070957,0.0,0.054154424438267665,0.0,0.0,0.0,0.03402040399070957,0.0,0.0,0.07701648724564701,0.0,0.0,0.0,0.0,0.0,0.015679928810388207,0.0,0.04959299120015499,0.0
2023-03-10,0.1894415552664527,0.0,0.0,0.099100684643818,0.0,0.1858737237188317,0.09518040111630649,0.0,0.0,0.0,0.187631734128868,0.0,0.041731624331594136,0.0,0.0,0.0,0.03408331708030648,0.0,0.06142105691661209,0.0,0.0,0.03736926863659744,0.03408331708030648,0.0,0.0,0.03408331708030648,0.0,0.0,0.0,0.0,0.0,0.0,0.0,0.0,0.0
2023-03-17,0.16987274947900924,0.0,0.0,0.10488178814177979,0.0,0.1463833306842824,0.06526943069491567,0.0,0.0,0.0,0.07658784366947173,0.0,0.04178416103920274,0.0,0.0,0.0,0.03416236788708498,0.0,0.05368240869617506,0.0,0.0,0.031181172663431008,0.03416236788708498,0.0,0.0,0.03416236788708498,0.0,0.0,0.0,0.0,0.08887447014417556,0.055660940066809765,0.0,0.06333460105949207,0.0
2023-03-24,0.1349803709716639,0.0,0.0,0.11298476598328869,0.0,0.19506916640148478,0.06223535940458364,0.0,0.0,0.0,0.06906657463959183,0.0,0.04382849534370773,0.019143016871801276,0.0,0.0,0.06305348979729682,0.0,0.0,0.0,0.0,0.04642020495541212,0.03461157617589814,0.0,0.0,0.04244126619723801,0.0,0.0,0.0,0.0,0.07938311092515157,0.05597268401850925,0.0,0.04080991831437215,0.0
2023-03-31,0.19091135965562622,0.0,0.0,0.06017640338136365,0.0,0.2203608251216161,0.06017640338136365,0.0,0.0,0.0,0.04015227023602137,0.0,0.0,0.034579002049548266,0.0,0.0,0.05911751901025762,0.0,0.0350819623895946,0.0,0.0,0.0593261761718845,0.0,0.0,0.0,0.07620057204201641,0.0,0.0,0.0,0.0,0.10663063481489764,0.04184679748874441,0.0,0.015440074257065286,0.0
2023-04-07,0.1934190575443931,0.0,0.0,0.05825511740724618,0.0,0.18807317400027246,0.10319240497520671,0.0,0.0,0.0,0.03915467553834974,0.0,0.0,0.040554084296024716,0.0,0.0,0.09385055451506644,0.0,0.035629358597642234,0.0,0.0,0.02262575880960395,0.0,0.0,0.01771694123353854,0.05825511740724618,0.0,0.0,0.0,0.0,0.10859985057057796,0.040673905104831785,0.0,0.0,0.0
2023-04-14,0.17561265657701858,0.0,0.0,0.05647272610833207,0.0,0.1486048938919414,0.05647272610833207,0.0,0.0,0.0,0.12213116847817954,0.0,0.0,0.04607172488211335,0.0,0.0,0.15427105795164067,0.0,0.03582614337307787,0.0,0.0,0.0206465827352542,0.0,0.0,0.0,0.05647272610833207,0.0,0.0,0.0,0.0,0.1001073368395081,0.027310256946270033,0.0,0.0,0.0
2023-04-21,0.23237886440363104,0.0,0.0,0.053936802932219044,0.0,0.16430544116941517,0.053936802932219044,0.0,0.0,0.0,0.12565794496788568,0.0,0.0,0.04018013781448037,0.0,0.0,0.08568006231530145,0.0,0.08703494430457925,0.0,0.0,0.017930415746330596,0.0,0.0,0.022137016881048088,0.053936802932219044,0.0,0.0,0.0,0.0,0.049586236185731755,0.013298527414939412,0.0,0.0,0.0
2023-04-28,0.10713203703907068,0.0,0.0,0.13932266935397003,0.021104972773813256,0.25772802217785107,0.06452678654417215,0.0,0.0,0.0,0.1454221458943483,0.0,0.0,0.03646108787807285,0.0,0.0,0.05290866585996107,0.0,0.0502158214338644,0.0,0.0,0.0,0.0,0.0,0.02426526214439512,0.04342181377035889,0.0,0.0,0.0,0.0,0.05749071513012224,0.0,0.0,0.0,0.0
2023-05-05,0.11040329496531931,0.0,0.0,0.1508180606750383,0.018753173606959925,0.21070484155307584,0.06241696991685544,0.0,0.0,0.0,0.11351251026206555,0.0,0.0,0.03721351893859618,0.0,0.0,0.1036502912493463,0.0,0.03260978291306297,0.0,0.0,0.025533178686417655,0.0,0.0,0.026372958047122114,0.04366379630989552,0.0,0.0,0.0,0.0,0.05489833135477243,0.0,0.0,0.009449291521472418,0.0
2023-05-12,0.11360962904440637,0.0,0.0,0.14604568041336027,0.017445695928390532,0.263861448628818,0.0612806242670291,0.0,0.0,0.0,0.05268967102924328,0.0,0.0,0.04255269579684772,0.0,0.0,0.07962890073290982,0.0,0.03301709370575467,0.0,0.0,0.0,0.0,0.0,0.02392101466287231,0.04383492833863857,0.0,0.0,0.0,0.0,0.06049149154158785,0.04892752041670037,0.0,0.012693605493441121,0.0
2023-05-19,0.1140720276288738,0.0,0.0,0.14574855099522374,0.017191262683698114,0.2694782730471683,0.06110903467432133,0.0,0.0,0.0,0.06272188219954586,0.0,0.0,0.04380228776042516,0.0,0.0,0.08468726066470984,0.0,0.03311347136044778,0.0,0.0,0.0,0.0,0.0,0.025983186203112574,0.04391777199062321,0.0,0.0,0.0,0.0,0.05219526373002221,0.039359669721728975,0.0,0.006620057340099016,0.0
2023-05-26,0.05596271724433737,0.0,0.0,0.14344267240633313,0.0,0.2661361496872729,0.04436494317873965,0.0,0.0,0.0,0.049943481835988665,0.0,0.0,0.03937848476500961,0.0,0.0,0.16604660176238561,0.0,0.033577630346602425,0.0,0.0,0.015902237672168845,0.0,0.0,0.030005785077939762,0.04436494317873965,0.0,0.0,0.0,0.0,0.05068501768207302,0.06018933516240933,0.0,0.0,0.0
2023-06-02,0.05639173546701673,0.0,0.0,0.1347583412806797,0.0,0.26186278957954645,0.04559377407704604,0.0,0.0,0.0,0.04451854716077931,0.0,0.0,0.040898427756757665,0.0,0.0,0.18525006134180627,0.0,0.04556828297503315,0.0,0.0,0.01412095721650183,0.0,0.0,0.03160614407911096,0.04559377407704604,0.0,0.0,0.0,0.0,0.045667634833279847,0.04816953015539602,0.0,0.0,0.0
2023-06-09,0.056664519185699015,0.0,0.0,0.14163236083090064,0.0,0.26110884580767235,0.04588630718138706,0.0,0.0,0.0,0.04682811089157966,0.0,0.0,0.04068277458412569,0.0,0.0,0.18491372804327463,0.0,0.03399871151141941,0.0,0.0,0.013691343381475832,0.0,0.0,0.029612657783507065,0.04588630718138706,0.0,0.0,0.0,0.0,0.04537026723051833,0.05372406638705348,0.0,0.0,0.0
2023-06-16,0.0,0.0,0.0,0.14251311265844774,0.0,0.13007020536979225,0.046841810794680416,0.0,0.0,0.0,0.08635830385128908,0.0,0.0,0.06959807893068704,0.0,0.0,0.21500670151085088,0.0,0.0,0.0,0.0,0.027584018849863084,0.0,0.0,0.12358032573916489,0.046841810794680416,0.0,0.0,0.0,0.0,0.06961577858151871,0.04198985291902534,0.0,0.0,0.0
2023-06-23,0.0,0.0,0.0,0.1418024795779219,0.0,0.1893821743546254,0.04704866340973556,0.0,0.0,0.0,0.04385057764299863,0.0,0.0,0.06783715866681246,0.0,0.0,0.24598941347196368,0.0,0.0,0.0,0.0,0.01201705858009609,0.0,0.0,0.13864522384217,0.04704866340973556,0.0,0.0,0.0,0.0,0.06637858704394059,0.0,0.0,0.0,0.0
2023-06-30,0.0,0.0,0.0,0.11490575042069347,0.011740589778642098,0.17648789103683687,0.0393788267525592,0.0,0.0,0.0,0.03163410068101144,0.0,0.0,0.08836776660260054,0.0,0.0,0.23249024496903403,0.0,0.0393788267525592,0.0,0.0,0.011740589778642098,0.0,0.0,0.14110913494178542,0.0393788267525592,0.0,0.0,0.0,0.0,0.062206912229630415,0.011180539303445912,0.0,0.0,0.0
2023-07-07,0.0,0.0,0.0,0.13316345499656793,0.011507956413613062,0.17715825891241507,0.039510959389493026,0.0,0.0,0.0,0.03146756254200775,0.0,0.0,0.07000110982344937,0.0,0.0,0.2277632011441602,0.0,0.039510959389493026,0.0,0.0,0.011507956413613062,0.0,0.0,0.14697170792685205,0.039510959389493026,0.0,0.0,0.0,0.0,0.06372484005552952,0.008201073603312809,0.0,0.0,0.0
2023-07-14,0.05846644989319919,0.0,0.0,0.11529999547165996,0.011311008500306353,0.18923187675354727,0.039456216657475535,0.0,0.0,0.0,0.03131689748352282,0.0,0.0,0.040460705231676504,0.0,0.0,0.21250955165440302,0.0,0.07453608659339506,0.0,0.0,0.011311008500306353,0.0,0.0,0.1255873033373443,0.039456216657475535,0.0,0.0,0.0,0.0,0.03841554862903021,0.01264113463665766,0.0,0.0,0.0
2023-07-21,0.0,0.01182866618619492,0.0,0.11556550903191415,0.011062644616682396,0.17287992442450148,0.03945396354615127,0.0,0.0,0.0,0.03112111500498054,0.0,0.0,0.06919367433506084,0.0,0.0,0.24260510400531132,0.0,0.03945396354615127,0.0,0.0,0.011062644616682396,0.0,0.0,0.15274026370590219,0.03945396354615127,0.0,0.0,0.0,0.0,0.06357856343431581,0.0,0.0,0.0,0.0
2023-07-28,0.05879555833179063,0.0,0.0,0.10595103301705698,0.010863787309740695,0.15411900752465882,0.029570878430700425,0.0,0.0,0.0,0.030974642282935325,0.0,0.029570878430700425,0.06154077895723824,0.0,0.0,0.20026331811105308,0.0,0.0648482134297748,0.0,0.0,0.010863787309740695,0.029570878430700425,0.0,0.12125996395769773,0.029570878430700425,0.0,0.0,0.0,0.0,0.03853649984775169,0.0236998961977595,0.0,0.0,0.0
2023-08-04,0.0,0.0,0.0,0.10616968594221238,0.010671322955718088,0.16589556713149956,0.029563151973944757,0.0,0.0,0.0,0.030830202124093396,0.0,0.029563151973944757,0.07405723429155012,0.0,0.0,0.2254733824497526,0.0,0.029563151973944757,0.0,0.0,0.010671322955718088,0.029563151973944757,0.0,0.145238072151127,0.029563151973944757,0.0,0.0,0.0,0.0,0.06297387207602553,0.02020357805257951,0.0,0.0,0.0
2023-08-11,0.05902126496080272,0.0,0.0,0.10637676911047661,0.010509313629473863,0.2197112057472952,0.029568610321369086,0.0,0.0,0.0,0.03070311290383769,0.0,0.029568610321369086,0.04460633068182938,0.0,0.0,0.25629072596814606,0.0,0.06498136929785071,0.0,0.0,0.010509313629473863,0.029568610321369086,0.0,0.034309437372000144,0.029568610321369086,0.0,0.0,0.0,0.0,0.03750643517842071,0.007200280234916736,0.0,0.0,0.0
2023-08-18,0.0590339579658983,0.009771965240221277,0.0,0.10641778075404619,0.01039021852816904,0.18579783292440083,0.029640738846429635,0.0,0.0,0.0,0.030629036653250143,0.0,0.029640738846429635,0.04534804849115887,0.0,0.0,0.27643388556443066,0.0,0.06506111362596861,0.0,0.0,0.01039021852816904,0.029640738846429635,0.0,0.033781328691823556,0.029640738846429635,0.0,0.0,0.0,0.0,0.035712921206864284,0.012668736439880637,0.0,0.0,0.0
2023-08-25,0.06933904174026594,0.0,0.0,0.13342751800096683,0.007731297846762963,0.12030125779049716,0.07100432629944978,0.0,0.0,0.0,0.030627523907883918,0.0,0.05933313763631511,0.044828094769034536,0.0,0.0,0.25494358021544367,0.0,0.035418386766749195,0.0,0.0,0.007731297846762963,0.0,0.0,0.13086270916064607,0.0,0.0,0.0,0.0,0.0,0.034451828019221725,0.0,0.0,0.0,0.0
2023-09-01,0.06927132188100986,0.009677136814513041,0.0,0.13341982913378664,0.007651999411646246,0.13011951042508477,0.05929207094220109,0.0,0.0,0.0,0.03061220714216221,0.0,0.05929207094220109,0.040385378300378666,0.0,0.0,0.34703099521731,0.0,0.03544119359928892,0.0,0.0,0.007651999411646246,0.0,0.0,0.04038848828727514,0.0,0.0,0.0,0.0,0.0,0.029765798491495934,0.0,0.0,0.0,0.0
2023-09-08,0.06920291442111669,0.0,0.0,0.13344178128888867,0.00758108113853416,0.12372531370945715,0.06973798833247065,0.0,0.0,0.0,0.03058846156603118,0.0,0.05925915103228013,0.04157472986576863,0.0,0.0,0.3507771491230145,0.0,0.03545688374184268,0.0,0.0,0.00758108113853416,0.0,0.0,0.03895134934856678,0.0,0.0,0.0,0.0,0.0,0.032122115293494506,0.0,0.0,0.0,0.0
2023-09-15,0.009962054892950387,0.010184714204531018,0.0,0.13344054554815532,0.007471541169712791,0.10693886310417414,0.05931052004384688,0.0,0.0,0.0,0.030517018185327028,0.0,0.05931052004384688,0.0727418453760458,0.0,0.0,0.38362505286492893,0.0,0.0,0.0,0.0,0.007471541169712791,0.0,0.0,0.06717732102026948,0.0,0.0,0.0,0.0,0.0,0.05184846237649855,0.0,0.0,0.0,0.0
2023-09-22,0.12998677893718696,0.0,0.0,0.13288963192937153,0.009461423298874689,0.10165908294099966,0.06816357913024738,0.0,0.0,0.0,0.04151094686957631,0.0,0.05905156610945022,0.04726331345159841,0.0,0.0,0.29969420803367125,0.0,0.044126989528729496,0.0,0.0,0.009461423298874689,0.0,0.0,0.04468257111081252,0.0,0.0,0.0,0.012048485360606716,0.0,0.0,0.0,0.0,0.0,0.0
2023-09-29,0.12918211125885515,0.0,0.0,0.07407153387547276,0.011882202716235031,0.1696569347589944,0.0704588622693556,0.0,0.0,0.0,0.0423954425541598,0.0,0.05882499255160975,0.05973369522883802,0.0,0.0,0.3080585343756642,0.0,0.04402913941229344,0.0,0.0,0.011882202716235031,0.0,0.0,0.0,0.0,0.0,0.0,0.019824348282286703,0.0,0.0,0.0,0.0,0.0,0.0
2023-10-06,0.1289526119056745,0.0,0.0,0.0737530632565468,0.013774996236331806,0.14981690108571105,0.08941524846975804,0.0,0.0,0.0,0.04310532629154978,0.0,0.058623933769055905,0.04538435318571883,0.0,0.0,0.30662393836573687,0.0,0.04417412873491951,0.0,0.0,0.013774996236331806,0.0,0.0,0.03260050246266506,0.0,0.0,0.0,0.0,0.0,0.0,0.0,0.0,0.0,0.0
2023-10-13,0.13087829775572027,0.01604077993735258,0.0,0.0723252983760391,0.014503763359842655,0.1480808493581715,0.05759286216622817,0.0,0.0,0.0,0.043042290118650565,0.0,0.05759286216622817,0.03992266671552392,0.0,0.0,0.2985452393958005,0.0,0.04567690442599256,0.0,0.0,0.014503763359842655,0.0,0.0,0.03036260488961793,0.0,0.0,0.0,0.0,0.0,0.030931817974989374,0.0,0.0,0.0,0.0
2023-10-20,0.12997271700993307,0.017909660783287443,0.0,0.07292391711375779,0.01583587749655134,0.15013517039091986,0.05756061694005626,0.0,0.0,0.0,0.043573964817793236,0.0,0.05756061694005626,0.038450828785573536,0.0,0.0,0.29653164944342375,0.0,0.045321726995452505,0.0,0.0,0.01583587749655134,0.0,0.0,0.030062072269015208,0.0,0.0,0.0,0.0,0.0,0.02832530351762823,0.0,0.0,0.0,0.0
2023-10-27,0.15375266576165936,0.02003677400610834,0.0,0.05566390423620796,0.016969798414327424,0.2181728974322344,0.037830607904900976,0.0,0.0,0.0,0.1993319690521858,0.0,0.07671455604286913,0.0,0.0,0.0,0.14999265635110606,0.0,0.05456437238407311,0.0,0.0,0.016969798414327424,0.0,0.0,0.0,0.0,0.0,0.0,0.0,0.0,0.0,0.0,0.0,0.0,0.0
2023-11-03,0.13164557562334883,0.02270352530488452,0.0,0.05448955130206247,0.017137561834469833,0.16792731028441893,0.032753468318653646,0.0,0.0,0.0,0.06119090240670488,0.0,0.07525174499112905,0.04496118558432639,0.0,0.0,0.2901232525589569,0.0,0.04648209792230745,0.0,0.0,0.017137561834469833,0.0,0.0,0.0,0.0,0.0,0.0,0.0,0.0,0.038196262034267306,0.0,0.0,0.0,0.0
2023-11-10,0.1320067369059908,0.021807658985873658,0.0,0.05434562625116749,0.017114140375622353,0.19866950538109668,0.03358508912078623,0.0,0.0,0.0,0.08392613198856357,0.0,0.07497521833040405,0.03675667266600127,0.0,0.0,0.20649462640542848,0.0,0.04675258855745804,0.0,0.0,0.017114140375622353,0.0,0.0,0.02913453568540864,0.0,0.0,0.0,0.0,0.0,0.03632271625079961,0.0,0.0,0.010994612719776592,0.0
2023-11-17,0.022642646758032133,0.023977310264432877,0.0,0.05435032145550759,0.0169819850685241,0.21930581205012864,0.013672228745782205,0.0,0.0,0.0,0.07843557881057125,0.0,0.07466994235824778,0.06368897540054244,0.0,0.0,0.28794456315122374,0.0,0.01673312844898448,0.0,0.0,0.0169819850685241,0.0,0.0,0.049921844510015655,0.0,0.0,0.0,0.0,0.0,0.060693677909483094,0.0,0.0,0.0,0.0
2023-11-24,0.0,0.044359694647477105,0.0,0.09212123300056207,0.0,0.2142298145200655,0.05861436644849141,0.0,0.0,0.0,0.03158653603847192,0.0,0.03675758218829978,0.0884427994976655,0.0,0.0,0.2698485303650227,0.0,0.01617473430639313,0.0,0.0,0.0,0.0,0.0,0.05074443864129732,0.03675758218829978,0.0,0.0,0.0,0.0,0.06036268815795375,0.0,0.0,0.0,0.0
2023-12-01,0.0,0.043076916543612245,0.0,0.0922176898967785,0.0,0.2507389404831567,0.10895002523118201,0.0,0.0,0.0,0.0314879879433289,0.0,0.03661989303481539,0.10745921861165032,0.0,0.0,0.21454333777496443,0.0,0.016046710175189705,0.0,0.0,0.0,0.0,0.0,0.06223938727050636,0.03661989303481539,0.0,0.0,0.0,0.0,0.0,0.0,0.0,0.0,0.0
2023-12-08,0.0,0.04193294026041906,0.0,0.09229714648896789,0.0,0.13373801212957487,0.10293528198264812,0.0,0.0,0.0,0.03139892990341451,0.0,0.03647506821827195,0.08934646046592103,0.0,0.0,0.30318952294303403,0.0,0.015932887261480986,0.0,0.0,0.0,0.0,0.0,0.052677147559638794,0.03647506821827195,0.0,0.0,0.0,0.0,0.06360153456835678,0.0,0.0,0.0,0.0
2023-12-15,0.0,0.0395468946047811,0.0,0.09233402862066688,0.0,0.13361048211390517,0.07537858368193054,0.0,0.0,0.0,0.031334633380809086,0.0,0.03633815534464172,0.08352301013035524,0.0,0.0,0.3358764730783236,0.0,0.015862336177626717,0.0,0.0,0.0,0.0,0.0,0.05280111073255551,0.03633815534464172,0.0,0.0,0.0,0.0,0.06705613678976266,0.0,0.0,0.0,0.0
2023-12-22,0.0,0.02143539121464373,0.0,0.09219800851459534,0.0,0.13348695048803066,0.07668921191125447,0.0,0.0,0.0,0.03131781199992521,0.0,0.036208744020288584,0.08471640580408872,0.0,0.0,0.35150454103460116,0.0,0.015882840607033273,0.0,0.0,0.0,0.0,0.0,0.051290994508163275,0.036208744020288584,0.0,0.0,0.0,0.0,0.0690603558770868,0.0,0.0,0.0,0.0
2023-12-29,0.0,0.021398479546053988,0.0,0.08688060093871396,0.0,0.12816434251207273,0.06856728648294787,0.0,0.0,0.0,0.031305750581717806,0.0,0.0,0.10082431747899283,0.0,0.0,0.3332807208335008,0.0,0.04688748040101736,0.0,0.0,0.0,0.03097927077917353,0.0,0.053868406005836034,0.03097927077917353,0.0,0.0,0.0,0.0,0.06686407366079947,0.0,0.0,0.0,0.0
2024-01-05,0.0,0.021332930767128416,0.0,0.08676860553622935,0.0,0.12802362726776562,0.06991927027665629,0.0,0.0,0.0,0.03129736315534524,0.0,0.0,0.08433666137321305,0.0,0.0,0.35070170968336567,0.0,0.046870329021054716,0.0,0.0,0.0,0.030932656249528446,0.0,0.053537944596611126,0.030932656249528446,0.0,0.0,0.0,0.0,0.06534624582357355,0.0,0.0,0.0,0.0
2024-01-12,0.11291209523549212,0.04004908269041134,0.0,0.08658955244106711,0.0,0.12784264376319457,0.05221587536561184,0.0,0.0,0.0,0.042926380155050146,0.0,0.0,0.05411342923649613,0.0,0.0,0.270768033496061,0.0,0.07962936417954003,0.0,0.0,0.0,0.03089264911158008,0.0,0.0,0.03089264911158008,0.0,0.0,0.03601242523823598,0.0,0.0351558199756795,0.0,0.0,0.0,0.0
2024-01-19,0.11304440797119344,0.02148532511651625,0.0,0.0862518057829853,0.0,0.15692805834144274,0.07090201139704344,0.0,0.0,0.0,0.04294270944537152,0.0,0.0,0.056989063335907,0.0,0.0,0.21420497906176222,0.0,0.07967388455710378,0.0,0.0,0.0,0.030738729351511555,0.0,0.03050644182902445,0.030738729351511555,0.0,0.0,0.026904475745305034,0.0,0.03868937871332151,0.0,0.0,0.0,0.0
2024-01-26,0.11316833590873424,0.021652247660891567,0.0,0.09101804272431507,0.0,0.08804678447333264,0.1313152680967039,0.0,0.0,0.0,0.06461574106796458,0.0,0.0,0.05957055842712272,0.0,0.0,0.24148687674541547,0.0,0.04913199893318082,0.0,0.0,0.0,0.03567174496616907,0.0,0.03165648914317087,0.03567174496616907,0.0,0.0,0.0,0.0,0.03699416688682985,0.0,0.0,0.0,0.0
2024-02-02,0.05519533353162685,0.021743763066476327,0.0,0.09072087940883583,0.0,0.07701360788550547,0.12935469624026838,0.0,0.0,0.0,0.05310018344665371,0.0,0.0,0.058463937713823244,0.0,0.0,0.2699216083109914,0.0,0.04933925680493238,0.0,0.0,0.0,0.03550559052643535,0.0,0.03261098603602971,0.03550559052643535,0.0,0.0,0.028296635536714673,0.0,0.03484100425581311,0.0,0.0,0.02838692670945827,0.0
2024-02-09,0.05534095862794848,0.02175829455284502,0.0,0.09054482029848732,0.0,0.055763020859444554,0.1273385728456541,0.0,0.0,0.0,0.053140420765924165,0.0,0.0,0.05818032293753603,0.0,0.0,0.2513435489280892,0.0,0.04950905473083872,0.0,0.0,0.0,0.03538242141685752,0.0,0.03404121287216402,0.03538242141685752,0.0,0.0,0.05891913989470083,0.0,0.03355190179850338,0.0,0.0,0.03980388805414898,0.0
2024-02-16,0.05548321053685288,0.03328456647901745,0.0,0.09066514293775083,0.0,0.055623501612846155,0.1372833626497007,0.0,0.0,0.0,0.05301257027057393,0.0,0.0,0.05843332681080926,0.0,0.0,0.20960915581842574,0.0,0.04955121967809847,0.0,0.0,0.0,0.035296884917862724,0.0,0.03491715669374855,0.035296884917862724,0.0,0.0,0.058823748674547954,0.0,0.033356697832444084,0.0,0.0,0.05936257016945851,0.0
2024-02-23,0.07610326284690806,0.014254853569499409,0.0,0.03547774237256649,0.0,0.11927571478358673,0.1463117290071626,0.0,0.0,0.0,0.04956925553166906,0.0,0.0,0.050609508608929904,0.0,0.0,0.2077064452720979,0.0,0.033782241502090686,0.0,0.0,0.0,0.03547774237256649,0.0,0.033905615975976196,0.03547774237256649,0.0,0.0,0.10053893963042554,0.0,0.0,0.0,0.0,0.061509206153954284,0.0
2024-03-01,0.07446841273222579,0.017872271888242384,0.0,0.035948923946026355,0.0,0.11981294115409552,0.13791634240066977,0.0,0.0,0.0,0.04653786671147321,0.0,0.0,0.048592114759380314,0.0,0.0,0.209965694269625,0.0,0.03431808675976907,0.0,0.0,0.0,0.035948923946026355,0.0,0.034210413467801515,0.035948923946026355,0.0,0.0,0.10371861781908844,0.0,0.0,0.0,0.0,0.06474046619954987,0.0
2024-03-08,0.01512821071251462,0.0,0.0,0.03631532544809556,0.0,0.12021557349430506,0.12739253829903496,0.0,0.0,0.0,0.043916043084877246,0.0,0.0,0.07626526488202358,0.0,0.0,0.210689557199764,0.0,0.0,0.0,0.0,0.0,0.03631532544809556,0.0,0.05919645768257535,0.03631532544809556,0.0,0.0,0.11893516321837064,0.0,0.054587097807362976,0.0,0.0,0.06472811727488482,0.0
2024-03-15,0.01346319928499904,0.0,0.0,0.03664688203359355,0.0,0.12060897229585212,0.1256630416340302,0.0,0.0,0.0,0.041841426651228954,0.0,0.0,0.0672624312607103,0.0,0.0,0.2585133182546071,0.0,0.0,0.0,0.0,0.0,0.03664688203359355,0.0,0.05741971505863139,0.03664688203359355,0.0,0.0,0.14275913904287918,0.0,0.0,0.0,0.0,0.06252811041628101,0.0
2024-03-22,0.013066197503279087,0.0,0.0,0.03666915401334714,0.0,0.12069643178792597,0.12469471393581841,0.0,0.0,0.0,0.04135562997223409,0.0,0.0,0.009799648127459315,0.0,0.0,0.2701720047711552,0.0,0.0,0.0,0.0,0.0,0.03666915401334714,0.0,0.06196516485975422,0.03666915401334714,0.0,0.0,0.1534623809417794,0.0,0.046253429113520636,0.0,0.0,0.048526936947032175,0.0
2024-03-29,0.0,0.012721036845606229,0.0,0.09494668314445216,0.0,0.03462663481664549,0.052708943552478384,0.0,0.0,0.0,0.04412077318826573,0.0,0.02752798796130755,0.0517047272513232,0.0,0.0,0.25891871426213237,0.0,0.02752798796130755,0.0,0.0,0.0,0.09494668314445216,0.0,0.061740356853409374,0.02752798796130755,0.0,0.0,0.1629423671259226,0.0,0.0,0.0,0.0,0.04803911593138971,0.0
2024-04-05,0.05917549006760131,0.01241982299049284,0.0,0.09538574775586228,0.0,0.034470658040993404,0.05103084366794786,0.0,0.0,0.0,0.043694502636321075,0.0,0.027554028181407883,0.0284433327698179,0.0,0.0,0.24560895300456453,0.0,0.06305932222196867,0.0,0.0,0.0,0.09538574775586228,0.0,0.036331057624827474,0.027554028181407883,0.0,0.0,0.13918187802576978,0.0,0.0,0.0,0.0,0.04070458707515486,0.0
2024-04-12,0.059265730886163784,0.012150374003461488,0.0,0.10691580437750176,0.0,0.034356694671987945,0.05997719214360771,0.0,0.0,0.0,0.04334086633959797,0.0,0.027606146405602477,0.03263194520017481,0.0,0.0,0.20695576317686848,0.0,0.06316558493730075,0.0,0.0,0.0,0.09563391753558001,0.0,0.04052770020566857,0.027606146405602477,0.0,0.0,0.14356766086611356,0.0,0.03163904607859987,0.0,0.0,0.014659426766168352,0.0
2024-04-19,0.05911532295159536,0.01855976344079853,0.0,0.09557822242712463,0.0,0.03903076571523506,0.03974586120773804,0.0,0.0,0.0,0.04090271882002259,0.0,0.027841092723495192,0.034861095007964096,0.0,0.0,0.2382804621621368,0.0,0.0722620248878443,0.0,0.0,0.0,0.09557822242712463,0.0,0.131997415029034,0.027841092723495192,0.0,0.0,0.04584161144058617,0.0,0.032564329035805396,0.0,0.0,0.0,0.0
2024-04-26,0.06982333227697124,0.008310138261988441,0.002329236217378362,0.10410320657657343,0.008310138261988441,0.04970479116705592,0.1220606512888455,0.0,0.0,0.0,0.0293557345942509,0.0,0.038279901739961895,0.0,0.0,0.0,0.25576732332421404,0.0,0.044385800298267206,0.0,0.0,0.0,0.0,0.0,0.039498666105989365,0.038279901739961895,0.0,0.0,0.18979117814655327,0.0,0.0,0.0,0.0,0.0,0.0
2024-05-03,0.06945380233034458,0.008110701940245314,0.0024707106978376133,0.10410567161893985,0.008110701940245314,0.04535516812725663,0.12606849878584678,0.0,0.0,0.0,0.03166686299280252,0.0,0.03858679573441561,0.0,0.0,0.0,0.2503374772167846,0.0,0.0351837198460105,0.0,0.0,0.0,0.0,0.0,0.03917751925634106,0.03858679573441561,0.0,0.0,0.20278557377851378,0.0,0.0,0.0,0.0,0.0,0.0
2024-05-10,0.06931767150956468,0.007975205377498266,0.0,0.10437527496937773,0.007975205377498266,0.0454043367014999,0.12427689358729616,0.0,0.0,0.0,0.03152186388445481,0.0,0.03879989040221994,0.0,0.0,0.0,0.2516723077977304,0.0,0.03521043860374019,0.0,0.0,0.0,0.0,0.0,0.04284742374347758,0.03879989040221994,0.0,0.0,0.20182359764342206,0.0,0.0,0.0,0.0,0.0,0.0
2024-05-17,0.010426303154948177,0.007819727366211133,0.0,0.10457920645453418,0.007819727366211133,0.045455174238178825,0.1228109282814126,0.0,0.0,0.0,0.031369348559559425,0.0,0.0390211065378719,0.0,0.0,0.0,0.42767850785434025,0.0,0.0,0.0,0.0,0.0,0.0,0.0,0.0,0.0390211065378719,0.0,0.0,0.16399886364886043,0.0,0.0,0.0,0.0,0.0,0.0
2024-05-24,0.01028267279912109,0.007712004599340818,0.0,0.10475234801777955,0.007712004599340818,0.04551934234137929,0.12532811808498182,0.0,0.0,0.0,0.03121774265862806,0.0,0.03921009967765707,0.02910373681475585,0.0,0.0,0.4003196261706453,0.0,0.0,0.0,0.0,0.0,0.0,0.0,0.05068692463406667,0.03921009967765707,0.0,0.0,0.10894527992464628,0.0,0.0,0.0,0.0,0.0,0.0
2024-05-31,0.05906018870188422,0.010148082314767985,0.0,0.09508555995914322,0.0,0.11142358869290958,0.05167475620035328,0.0,0.0,0.0,0.03108889317584946,0.0,0.03967897412026025,0.026924304926593805,0.0,0.0,0.36427682864294286,0.0,0.0649670050266228,0.0,0.0,0.0,0.029530891805492267,0.0,0.047542339416299866,0.029530891805492267,0.0,0.0,0.03906769521138801,0.0,0.0,0.0,0.0,0.0,0.0
2024-06-07,0.05916154023554586,0.010028197606585064,0.0,0.09512044672565527,0.0,0.11122049111356591,0.05161624933761248,0.0,0.0,0.0,0.031051516456103486,0.0,0.03954900423949723,0.024945957855614546,0.0,0.0,0.23575758397760635,0.0,0.06501773077423968,0.0,0.0,0.0,0.029520806632912167,0.0,0.036141254863787234,0.029520806632912167,0.0,0.0,0.18134841354836245,0.0,0.0,0.0,0.0,0.0,0.0
2024-06-14,0.05923983800540956,0.00993995375374044,0.0,0.10443035575967363,0.0,0.11111032636680751,0.039456278763580974,0.0,0.0,0.0,0.031010166226900514,0.0,0.039456278763580974,0.033286227814661104,0.0,0.0,0.2428480212876903,0.0,0.06506022781308626,0.0,0.0,0.0,0.029516325009840534,0.0,0.04160171327995659,0.029516325009840534,0.0,0.0,0.163527962145231,0.0,0.0,0.0,0.0,0.0,0.0
2024-06-21,0.05932904585223692,0.009826608786811264,0.0,0.09523279364638018,0.0,0.11094846998706819,0.048562275115167836,0.0,0.0,0.0,0.03097225061778529,0.0,0.03934395268809184,0.040098585548616214,0.0,0.0,0.25221684227395624,0.0,0.06511477141262273,0.0,0.0,0.0,0.02951734390128058,0.0,0.04367618709666404,0.02951734390128058,0.0,0.0,0.11646382770160646,0.0,0.0,0.0,0.02917970147043161,0.0,0.0
2024-06-28,0.0,0.009702547059944971,0.0,0.09531206698230764,0.0,0.11080213410491455,0.04846754251510328,0.0,0.0,0.0,0.0308921466403778,0.0,0.0295703968282145,0.05914025735630806,0.0,0.0,0.3390675345138956,0.0,0.0295703968282145,0.0,0.0,0.0,0.0295703968282145,0.0,0.07300820039668732,0.03927294388815947,0.0,0.0,0.0,0.0,0.05630395176075004,0.0,0.04931948429690771,0.0,0.0
2024-07-05,0.0,0.009589161752955074,0.0,0.09541523513223482,0.0,0.1106985901621513,0.04884750438215967,0.0,0.0,0.0,0.030815671484800043,0.0,0.029605187750914932,0.06147963646877347,0.0,0.0,0.27934341757992,0.0,0.029605187750914932,0.0,0.0,0.0,0.029605187750914932,0.0,0.07580765838167514,0.039194349503870005,0.0,0.0,0.1047622688020137,0.0,0.055230943096701964,0.0,0.0,0.0,0.0
2024-07-12,0.059616944089544016,0.009505876207707964,0.0,0.095614852481815,0.0,0.1107401889550938,0.04822408458598954,0.0,0.0,0.0,0.030772440024457115,0.0,0.029534259067909067,0.03604105376527455,0.0,0.0,0.27542339510080077,0.0,0.06530442552163548,0.0,0.0,0.0,0.029534259067909067,0.0,0.042436824336662786,0.03904013527561703,0.0,0.0,0.08499037096721312,0.0,0.03414636329766985,0.0,0.0,0.009074527254700725,0.0
2024-07-19,0.059649550525640804,0.009425475675472174,0.0,0.09596734530896464,0.0,0.11093884784230357,0.04627366374967856,0.0,0.0,0.0,0.030691796276534955,0.0,0.02947333053923879,0.03507334128812519,0.0,0.0,0.26530870772464343,0.0,0.06526306085462327,0.0,0.0,0.0,0.02947333053923879,0.0,0.04134570861354705,0.038898806214710965,0.0,0.0,0.08424581567030388,0.0,0.035108881682265274,0.0,0.0,0.02286233749470875,0.0
2024-07-26,0.06902042238550123,0.007015855960821065,0.0,0.03362958513321143,0.0,0.11294872998108273,0.048090861631925635,0.0,0.0,0.0,0.03764679105441933,0.0,0.0,0.03585600995221882,0.0,0.0,0.27635414191130714,0.0,0.06942915379585532,0.0,0.0,0.0,0.03362958513321143,0.0,0.04272687316936536,0.1004526630089535,0.0,0.0,0.08458504659659825,0.0,0.03212400561714568,0.0,0.0,0.01649027466838293,0.0
2024-08-02,0.06879661517836354,0.006985961339462808,0.0,0.03362208751597164,0.0,0.11662057946964496,0.0451468985082139,0.0,0.0,0.0,0.035903563026756284,0.0,0.0,0.0347778184396259,0.0,0.0,0.2742813606740904,0.0,0.07671253609563872,0.0,0.0,0.0,0.03362208751597164,0.0,0.039208724917142,0.10038305744990816,0.0,0.0,0.07831475567030169,0.0,0.033460585154371794,0.0,0.0,0.02216336904453639,0.0
2024-08-09,0.06855710848090964,0.006910329722796577,0.0,0.033730336616303154,0.0,0.12305765183247827,0.04064066633909973,0.0,0.0,0.0,0.035981371698507,0.0,0.0,0.03336580205617848,0.0,0.0,0.2743009027608948,0.0,0.07689310815733638,0.0,0.0,0.0,0.033730336616303154,0.0,0.04501171406737183,0.10004659995134821,0.0,0.0,0.07406419434330504,0.0,0.0,0.0,0.031443286863342176,0.02226659049382549,0.0
2024-08-16,0.09452228568527232,0.007996222355253664,0.0,0.033417410157654606,0.0,0.1840530804617158,0.04141363251290827,0.0,0.0,0.0,0.03748873057363272,0.0,0.0,0.03096532563832055,0.0,0.0,0.23000386500739917,0.0,0.07796937887245445,0.0,0.0,0.0,0.033417410157654606,0.0,0.04328549165425436,0.09764355314761274,0.0,0.0,0.051192318303914325,0.0,0.0,0.0,0.03663129547195231,0.0,0.0
2024-08-23,0.09656713911365099,0.01005808610563768,0.0,0.03247792993755329,0.0,0.17770864961655852,0.04253601604319097,0.0,0.0,0.0,0.04000214027463723,0.0,0.0,0.03805674268252191,0.0,0.0,0.22785456133153564,0.0,0.0785476742402668,0.0,0.0,0.0,0.03247792993755329,0.0,0.04302014106775829,0.0941326394806861,0.0,0.0,0.06162504288408996,0.0,0.0,0.0,0.02493530728435934,0.0,0.0
2024-08-30,0.09802097980780199,0.011561785354161289,0.0,0.09131303661362625,0.0,0.1921406570792778,0.043638014618225286,0.0,0.0,0.0,0.04180599883685902,0.0,0.0,0.0,0.0,0.0,0.19291302705886937,0.0,0.07922726320985354,0.0,0.0,0.0,0.032076229264064,0.0,0.030815412607172923,0.032076229264064,0.0,0.0,0.10222692788365936,0.0,0.0,0.0,0.036271707199673195,0.01591273120269174,0.0
2024-09-06,0.09917430248894084,0.012756071737142261,0.0,0.08909740768285826,0.0,0.19588909290941792,0.04449866086422921,0.0,0.0,0.0,0.047559509708118966,0.0,0.0,0.0,0.0,0.0,0.1813849940742208,0.0,0.07975148512523303,0.0,0.0,0.0,0.03174258912708695,0.0,0.0,0.03174258912708695,0.0,0.0,0.05215419944058306,0.0,0.0,0.05450051731474568,0.04949849652163381,0.030250083878702098,0.0
2024-09-13,0.0994426585136101,0.013035860087362024,0.0,0.08856870693006164,0.0,0.21002571861284472,0.06124787593534399,0.0,0.0,0.0,0.04357158005227375,0.0,0.0,0.0,0.0,0.0,0.15138412274863342,0.0,0.07988463815700028,0.0,0.0,0.0,0.0316760239938543,0.0,0.0,0.0316760239938543,0.0,0.0,0.03897314833912252,0.0,0.0,0.05766285981131536,0.06913884970065469,0.02371193312406874,0.0
2024-09-20,0.07540490963670532,0.012954557026648163,0.0,0.08844176275502005,0.0,0.22210023121473732,0.044672663394521646,0.0,0.0,0.0,0.04357282179831061,0.0,0.0,0.0,0.0,0.0,0.08844176275502005,0.0,0.0800349192406628,0.0,0.0,0.0,0.031718106367873485,0.0,0.0,0.031718106367873485,0.0,0.0,0.10641028071645095,0.0,0.0,0.05749714459483007,0.08796080842120617,0.029071925710139654,0.0
2024-09-27,0.07338263097140565,0.0,0.0,0.032568355930873844,0.0,0.2127581977597679,0.044110862223238165,0.0,0.0,0.0,0.04211376803770464,0.0,0.0,0.0,0.0,0.0,0.09016114497915956,0.0,0.07987708067923516,0.0,0.0,0.0,0.10170365127152388,0.0,0.0,0.032568355930873844,0.0,0.0,0.11960035949725259,0.0,0.0,0.05733578161168619,0.08793872260498495,0.025881088502293485,0.0
2024-10-04,0.07294103082107749,0.0,0.004314557518326197,0.03280570520192618,0.0,0.20361298210261952,0.044041018034279705,0.0,0.0,0.0,0.04174379064705214,0.0,0.0,0.0,0.0,0.0,0.09875209193076967,0.0,0.07990304636042192,0.0,0.0,0.0,0.1018780720860199,0.0,0.0,0.04638475360631862,0.0,0.0,0.10339150696100527,0.0,0.0,0.056505219299855185,0.07960630772169534,0.03411991770863277,0.0
2024-10-11,0.0725298099065711,0.0,0.0,0.03302361987286734,0.0,0.1931357194862202,0.05651502869550864,0.0,0.0,0.0,0.04139324251494536,0.0,0.0,0.0,0.0,0.0,0.0911158232050899,0.0,0.0799108792589124,0.0,0.0,0.0,0.11334360708052157,0.0,0.0,0.0404457166671336,0.0,0.0,0.09361313711566707,0.0,0.0,0.0657489533681665,0.07819569925564086,0.04102876357275533,0.0
2024-10-18,0.072116450518487,0.0,0.0,0.03318970998826094,0.0,0.18328568343617863,0.043850456895702855,0.0,0.0,0.0,0.04108384193075737,0.0,0.0,0.0,0.0,0.0,0.10983569413734663,0.0,0.07985052345033429,0.0,0.0,0.0,0.11301411342699827,0.0,0.0,0.036750960638813154,0.0,0.0,0.11115992903072724,0.0,0.0,0.06667932944687253,0.07033302842138776,0.03885027867813307,0.0
2024-10-25,0.07179156412118132,0.0,0.0,0.03333045167631649,0.0,0.1799905239235045,0.03333045167631649,0.0,0.0,0.0,0.04078818337554296,0.0,0.0,0.0,0.0,0.0,0.17494272429261398,0.0,0.09026021081295775,0.0,0.0,0.0,0.10242996000200652,0.0,0.021618544773506658,0.03333045167631649,0.0,0.0,0.10359768935822514,0.0,0.0,0.05278050424177452,0.06180874006973697,0.0,0.0
2024-11-01,0.07138990217053792,0.0,0.0,0.0334852705152951,0.0,0.18805679717918372,0.0334852705152951,0.0,0.0,0.0,0.04047048507278314,0.0,0.0,0.0,0.0,0.0,0.16115353987559783,0.0,0.08998152676754037,0.0,0.0,0.0,0.10259757480379969,0.0,0.03265216819008698,0.056118769354041066,0.0,0.0,0.08823651391909552,0.0,0.0,0.045351562687041394,0.0570206189497019,0.0,0.0
2024-11-08,0.07102237458569462,0.0,0.0,0.03343235834769398,0.0,0.2006590446506587,0.03343235834769398,0.0,0.0,0.0,0.040322289757690054,0.0,0.0,0.0,0.0,0.0,0.17450972522856664,0.0,0.08952914984836934,0.0,0.0,0.0,0.10253493364323621,0.0,0.03242097683100019,0.03343235834769398,0.0,0.0,0.11475018824789737,0.0,0.0,0.03341170730355082,0.040542534860254095,0.0,0.0
2024-11-15,0.07066429000716536,0.0,0.0,0.03336951296671237,0.0,0.21678031660815597,0.03336951296671237,0.0,0.0,0.0,0.04014370455509165,0.0,0.0,0.0,0.0,0.0,0.12632297966332712,0.0,0.08906874295456942,0.0,0.0,0.0,0.10260116312525822,0.0,0.03327419144723021,0.03336951296671237,0.0,0.0,0.1355796216831774,0.0,0.0,0.04200296564532037,0.03825567202041587,0.0051978133901510425,0.0
2024-11-22,0.07035888383329258,0.0,0.0,0.03328017142179552,0.0,0.2111654684036732,0.03328017142179552,0.0,0.0,0.0,0.04000993895943353,0.0,0.0,0.0,0.0,0.0,0.12522694410858815,0.0,0.08865125450480524,0.0,0.0,0.0,0.10264875450064845,0.0,0.02667273072165222,0.03328017142179552,0.0,0.0,0.14935320958322273,0.0,0.0,0.03822259324458805,0.047849707874709,0.0,0.0
2024-11-29,0.07011749746082531,0.0,0.0,0.0,0.0,0.14500856873714285,0.046447793376990565,0.0,0.0,0.0,0.03987914037719542,0.0,0.0,0.0,0.0,0.0,0.2012317727294771,0.0,0.04587468716621566,0.0,0.0,0.0,0.11608969822416458,0.0,0.02250307431443756,0.055711337610969816,0.0,0.0,0.16177974448742136,0.0,0.0,0.04286304102878516,0.052493644486374634,0.0,0.0
2024-12-06,0.06993298927484687,0.0,0.0,0.0,0.0,0.20732253344450868,0.04635025112854206,0.0,0.0,0.0,0.0397751542669666,0.0,0.0,0.0,0.0,0.0,0.18624119836200514,0.0,0.045863219108146315,0.0,0.0,0.0,0.11620423493530777,0.0,0.028644478874340264,0.0554884593463929,0.0,0.0,0.130654696372871,0.0,0.0,0.02945070632043911,0.04407207856563328,0.0,0.0
2024-12-13,0.011852599761656927,0.0,0.0,0.0,0.0,0.12487160301090335,0.04626665557994737,0.0,0.0,0.0,0.04217141632689607,0.0,0.0,0.04346376619503975,0.0,0.0,0.24683180063162452,0.0,0.0,0.0,0.0,0.0,0.11663757864102804,0.0,0.12377164750218733,0.055156105401190064,0.0,0.0,0.16776887516307182,0.0,0.0,0.021207951786454664,0.0,0.0,0.0
2024-12-20,0.06951489629023465,0.0,0.0,0.0,0.0,0.12579487357388786,0.056258563769658106,0.0,0.0,0.0,0.040716891008332326,0.0,0.0,0.027149953480164878,0.0,0.0,0.22066791420070994,0.0,0.035074489051786145,0.0,0.0,0.0,0.11841249861615574,0.0,0.0904258249689926,0.054268919488597064,0.0,0.0,0.13643103486537655,0.0,0.0,0.025284140686103882,0.0,0.0,0.0
2024-12-27,0.09455565017744084,0.015835485943354224,0.0,0.0,0.0,0.13104015317085688,0.045781675287351345,0.0,0.0,0.0,0.029957720567537153,0.0,0.0,0.02498296539891053,0.0,0.0,0.2058396768929195,0.0,0.04500051632654709,0.0,0.0,0.0,0.054182708680158696,0.0,0.08674720248465306,0.11857612886811576,0.0,0.0,0.12144321325756427,0.0,0.0,0.026056902944590614,0.0,0.0,0.0
2025-01-03,0.0949645996883669,0.01668690977777806,0.0,0.0,0.0,0.13190873166893125,0.04515925909453333,0.0,0.0,0.0,0.03020864287067372,0.0,0.0,0.025358099534263875,0.0,0.0,0.2049313376613416,0.0,0.0461851706357635,0.0,0.0,0.0,0.05430476210799996,0.0,0.08700763398988379,0.11782411728823808,0.0,0.0,0.12192722790984598,0.0,0.0,0.02353350777237984,0.0,0.0,0.0
2025-01-10,0.09510126192366831,0.018232176594409524,0.0,0.0,0.0,0.13198237674943644,0.045033605816121564,0.0,0.0,0.0,0.03031082565354546,0.0,0.0,0.027442567901857607,0.0,0.0,0.2076503636867912,0.0,0.046489157590152194,0.0,0.0,0.0,0.054362582956934906,0.0,0.09016845624004899,0.11748422526796612,0.0,0.0,0.11351678377105767,0.0,0.0,0.02222561584800991,0.0,0.0,0.0
2025-01-17,0.09520400933068232,0.021084098787643328,0.0,0.0,0.0,0.13205720978878988,0.04491095041487354,0.0,0.0,0.0,0.030410863310206537,0.0,0.0,0.029776284195827247,0.0,0.0,0.22610742172158238,0.0,0.046775878680213406,0.0,0.0,0.0,0.05438872158944652,0.0,0.1436217095697205,0.11717047131995688,0.0,0.0,0.04423986210286177,0.0,0.0,0.014252519188195634,0.0,0.0,0.0
2025-01-24,0.13214393152407738,0.025202633412208436,0.0,0.0,0.0,0.13237670007212338,0.0446045307398594,0.0,0.0,0.0,0.042673142702077005,0.0,0.0,0.032035235187139105,0.0,0.0,0.2715130144402134,0.0,0.04770084640048604,0.0,0.0,0.0,0.05495649343235745,0.0,0.04445366703469346,0.11623569978702751,0.0,0.0,0.03950818381554758,0.0,0.0,0.01659592145218994,0.0,0.0,0.0
2025-01-31,0.11763639745846372,0.031582859664586974,0.0,0.03135461879708294,0.0,0.12370473067762056,0.04702380516128665,0.0,0.0,0.0,0.04275558403604429,0.0,0.03135461879708294,0.03296139684676699,0.0,0.0,0.260345300879863,0.0,0.04852932233593134,0.0,0.0,0.0,0.03135461879708294,0.0,0.045420747449035834,0.10645217409687273,0.0,0.0,0.036551289958986655,0.0,0.0,0.012972535043292164,0.0,0.0,0.0
2025-02-07,0.11708138642062965,0.03444466646624776,0.0,0.03072726641445671,0.0,0.12429531684255875,0.04811855124249123,0.0,0.0,0.0,0.042964662182442756,0.0,0.03072726641445671,0.03365824201236568,0.0,0.0,0.2729048409215629,0.0,0.049469953634667385,0.0,0.0,0.0,0.03072726641445671,0.0,0.04187831269033685,0.10580716353861513,0.0,0.0,0.03719510480471156,0.0,0.0,0.0,0.0,0.0,0.0
2025-02-14,0.1169499351744901,0.037027800664091906,0.0,0.030647502333487623,0.0,0.1243824273912358,0.04835844914292775,0.0,0.0,0.0,0.04300267058235409,0.0,0.030647502333487623,0.06646269588074413,0.0,0.0,0.16233102843740044,0.0,0.049669715704269715,0.0,0.0,0.0,0.030647502333487623,0.0,0.1122780849270713,0.10563040640629434,0.0,0.0,0.041964278688657375,0.0,0.0,0.0,0.0,0.0,0.0
2025-02-21,0.11166430582965786,0.04486278255855453,0.0,0.030011467934639945,0.0,0.12921427552886566,0.05311655732082591,0.0,0.0,0.0,0.04308073555270743,0.0,0.030011467934639945,0.07951852432181392,0.0,0.0,0.16742249168510537,0.0,0.05097663470911809,0.0,0.0,0.0,0.030011467934639945,0.0,0.09961841264542085,0.10666528655884,0.0,0.0,0.023825589485170308,0.0,0.0,0.0,0.0,0.0,0.0
2025-02-28,0.17798672648763622,0.029011548866473055,0.0,0.029341363627104673,0.0,0.2185946013032465,0.05265800696247726,0.0,0.0,0.0,0.042054645592801025,0.0,0.03911822008898694,0.04704623464366243,0.0,0.0,0.1535161127738718,0.0,0.05345742785016065,0.0,0.0,0.0,0.08060272169985219,0.0,0.047271026476622346,0.029341363627104673,0.0,0.0,0.0,0.0,0.0,0.0,0.0,0.0,0.0
2025-03-07,0.18447723945156827,0.01147164666305619,0.0,0.02857836216869209,0.0,0.20373757043460808,0.09795261699773633,0.0,0.0,0.0,0.04120533628176633,0.0,0.04005000883174828,0.0,0.0,0.0,0.1097634923376053,0.0,0.055908605069631426,0.0,0.0,0.0,0.07745009819057463,0.0,0.03403756598129067,0.03002258535873407,0.0,0.0,0.0853448722329884,0.0,0.0,0.0,0.0,0.0,0.0
2025-03-14,0.21211927890205814,0.03661515721780294,0.0,0.02795495212443052,0.0,0.20119352724602668,0.07858226751325005,0.0,0.0,0.0,0.16417620732365226,0.0,0.04139305930654707,0.0,0.0,0.0,0.07192438293973466,0.0,0.06616183236233242,0.0,0.0,0.0,0.07192438293973466,0.0,0.0,0.02795495212443052,0.0,0.0,0.0,0.0,0.0,0.0,0.0,0.0,0.0
2025-03-21,0.2193771833794761,0.0153767322819637,0.0,0.026955273338364467,0.0,0.21105210980150096,0.0993707639598773,0.0,0.0,0.0,0.15663128473987586,0.0,0.04233200562032817,0.0,0.0,0.0,0.067210756291409,0.0,0.06752786095743099,0.0,0.0,0.0,0.067210756291409,0.0,0.0,0.026955273338364467,0.0,0.0,0.0,0.0,0.0,0.0,0.0,0.0,0.0
2025-03-28,0.22697282088929563,0.01734676255671335,0.0,0.03638937616353806,0.0,0.22689817300179854,0.11154151450710258,0.0,0.0,0.0,0.14917417277956194,0.0,0.05373613872025141,0.0,0.0,0.0,0.03639141275854821,0.0,0.0687688397011041,0.0,0.0,0.0,0.0,0.0,0.0,0.07278078892208627,0.0,0.0,0.0,0.0,0.0,0.0,0.0,0.0,0.0
2025-04-04,0.23444234174649572,0.01929513294922808,0.0,0.03506593573765593,0.0,0.23265343696235075,0.11235158426718217,0.0,0.0,0.0,0.1417656131361499,0.0,0.054361068686884007,0.0,0.0,0.0,0.03252302296997149,0.0,0.06995290483645457,0.0,0.0,0.0,0.0,0.0,0.0,0.06758895870762742,0.0,0.0,0.0,0.0,0.0,0.0,0.0,0.0,0.0
2025-04-11,0.24171617737091378,0.021195771411897324,0.0,0.03363060973012998,0.0,0.23023448510553876,0.1214385932258836,0.0,0.0,0.0,0.13459153867263748,0.0,0.05482638114202731,0.0,0.0,0.0,0.02877097719935217,0.0,0.07119387921213746,0.0,0.0,0.0,0.0,0.0,0.0,0.06240158692948215,0.0,0.0,0.0,0.0,0.0,0.0,0.0,0.0,0.0
2025-04-18,0.2486459574132459,0.023085329399998696,0.0,0.032227897707403995,0.0,0.23289217561745967,0.12569603034006863,0.0,0.0,0.0,0.12712002462022318,0.0,0.05531322710740269,0.0,0.0,0.0,0.02512577313110624,0.0,0.07253991382458078,0.0,0.0,0.0,0.0,0.0,0.0,0.057353670838510236,0.0,0.0,0.0,0.0,0.0,0.0,0.0,0.0,0.0
2025-04-25,0.25556652550771464,0.0,0.0,0.05134160880441095,0.0,0.23076729084591563,0.15057377155567864,0.0,0.0,0.0,0.14469672378675416,0.0,0.0,0.0,0.0,0.0,0.0,0.0,0.07392999412585864,0.0,0.0,0.0,0.04656204268683367,0.0,0.0,0.04656204268683367,0.0,0.0,0.0,0.0,0.0,0.0,0.0,0.0,0.0
2025-05-02,0.2598693419413176,0.0,0.0,0.04960881548571042,0.0,0.23312462218865396,0.14959888764832946,0.0,0.0,0.0,0.14093535448378702,0.0,0.0,0.0,0.0,0.0,0.0,0.0,0.07519140823940426,0.0,0.0,0.0,0.04583578500639862,0.0,0.0,0.04583578500639862,0.0,0.0,0.0,0.0,0.0,0.0,0.0,0.0,0.0
2025-05-09,0.2625097045356337,0.0,0.0,0.04842174387515566,0.0,0.23446555386019594,0.1484819146877427,0.0,0.0,0.0,0.138450330560331,0.0,0.0,0.0,0.0,0.0,0.0,0.0,0.07621516758167933,0.0,0.0,0.0,0.04572779244963083,0.0,0.0,0.04572779244963083,0.0,0.0,0.0,0.0,0.0,0.0,0.0,0.0,0.0
2025-05-16,0.25127324349269475,0.0,0.0,0.0485669907585776,0.0,0.25518061285948257,0.14920505875878284,0.0,0.0,0.0,0.10560255266484862,0.0,0.0,0.0,0.0,0.0,0.0,0.0,0.0761228688399117,0.0,0.0,0.0,0.046041521671384714,0.0,0.0,0.046041521671384714,0.0,0.0,0.0,0.0,0.0,0.021965629282932463,0.0,0.0,0.0
2025-05-23,0.24787192636964286,0.0,0.0,0.05075153195385094,0.0,0.24042528434455554,0.15126919317122556,0.0,0.0,0.0,0.11895009917672456,0.0,0.0,0.0,0.0,0.0,0.0,0.0,0.0738877170316633,0.0,0.0,0.0,0.04805767029484984,0.0,0.0,0.04805767029484984,0.0,0.0,0.0,0.0,0.0,0.02072890736263765,0.0,0.0,0.0
2025-05-30,0.12881543165570938,0.0,0.0,0.03264645890548108,0.0,0.23461805821024084,0.18177915673449385,0.0,0.0,0.0,0.13305295307697823,0.0,0.0,0.0,0.0,0.0,0.03264645890548108,0.0,0.12489213228204937,0.0,0.0,0.0,0.021985000039935226,0.0,0.0,0.03264645890548108,0.0,0.0,0.0,0.0,0.0,0.07691789128414984,0.0,0.0,0.0
2025-06-06,0.08147904911648483,0.08551845258697645,0.04162240132961119,0.033479767281471874,0.0,0.14481118904091514,0.21454297825660104,0.0,0.0,0.0,0.10030493864540425,0.0,0.0,0.0,0.0,0.0,0.033479767281471874,0.0,0.05069777383219167,0.0,0.0,0.0,0.02490850045426828,0.0,0.0,0.07809904345276922,0.0,0.0,0.0,0.0,0.0,0.11105613872183417,0.0,0.0,0.0
2025-06-13,0.06250242135402861,0.06854412052316583,0.02919355316412731,0.03441955796185927,0.0,0.22979458993538232,0.12713849785021192,0.0,0.0,0.0,0.09493415831516012,0.0,0.0,0.0,0.0,0.0,0.03441955796185927,0.0,0.04687681601552146,0.0,0.0,0.0,0.02856608798327272,0.0,0.0,0.05805111606873956,0.0,0.0,0.0,0.0,0.0,0.13317145072950348,0.052388072137168104,0.0,0.0
2025-06-20,0.05737193946594649,0.06996195360429319,0.03067382479137754,0.0355302996906222,0.0,0.14143196132160113,0.20874380473999515,0.0,0.0,0.0,0.08948310623815242,0.0,0.0,0.0,0.0,0.0,0.0355302996906222,0.0,0.04302895459945987,0.0,0.0,0.0,0.032126333735618975,0.0,0.0,0.05999583293045751,0.0,0.0,0.0,0.0,0.0,0.141370005085132,0.05475168410672132,0.0,0.0
2025-06-27,0.05234459135268682,0.058042492956312065,0.03491451184861099,0.06632452519763482,0.0,0.1337921319721611,0.17243614432632465,0.0,0.0,0.0,0.044809879436197936,0.0,0.030511381125521483,0.0,0.0,0.0,0.030511381125521483,0.0,0.0,0.0,0.0,0.039258443514515115,0.0,0.0,0.0,0.13406261824648516,0.0,0.0,0.0,0.0,0.0,0.14940644558568072,0.05358545331234755,0.0,0.0
2025-07-04,0.04687599593296882,0.05193646343173105,0.04480102137898465,0.07149155007663058,0.0,0.1319776323777355,0.16208618608523803,0.0,0.0,0.0,0.042867991295480995,0.0,0.031805882760074046,0.0,0.0,0.0,0.031805882760074046,0.0,0.0,0.0,0.0,0.03515699694972661,0.0,0.0,0.0,0.14109812722604897,0.0,0.0,0.0,0.0,0.0,0.1578501534969242,0.05024611622838249,0.0,0.0
2025-07-11,0.10605359838046573,0.0,0.0561844081941249,0.076427740553369,0.0,0.16679130064570508,0.11822497667428744,0.0,0.0,0.0,0.10520691749561722,0.0,0.032771328561955644,0.0,0.0,0.0,0.032771328561955644,0.0,0.0,0.0,0.0,0.08116439371566031,0.0,0.0,0.0,0.1440744197373923,0.0,0.0,0.0361627816905238,0.0,0.0,0.0,0.044166805788942914,0.0,0.0
2025-07-18,0.10381489129809553,0.0,0.061810429407981246,0.08131038870697085,0.0,0.16645338046047864,0.10636007023427518,0.0,0.0,0.0,0.10611392545307162,0.0,0.033799820256372605,0.0,0.0,0.0,0.033799820256372605,0.0,0.0,0.0,0.0,0.07214719949759642,0.0,0.0,0.0,0.1534234356796472,0.0,0.0,0.030996861480701438,0.0,0.0,0.0,0.049969777268436516,0.0,0.0
2025-07-25,0.10156466616227638,0.0,0.07420995973065299,0.10451640032545469,0.0,0.16113385376350664,0.09027616135808983,0.0,0.0,0.0,0.10698129215559754,0.0,0.02986653107462485,0.0,0.0,0.0,0.02986653107462485,0.0,0.0,0.0,0.0,0.06236309248517587,0.02986653107462485,0.0,0.0,0.14140891482591245,0.0,0.0,0.0,0.0,0.027196034133280304,0.0,0.04075003183617859,0.0,0.0
2025-08-01,0.15246936542754996,0.0,0.04222157569979269,0.12378166548788201,0.0,0.17054194449165316,0.050866656442570046,0.0,0.0,0.0,0.10353977751729347,0.0,0.030989175242594046,0.0,0.0,0.0,0.030989175242594046,0.0,0.05038085241480021,0.0,0.0,0.043531575951875075,0.030989175242594046,0.0,0.0,0.11835993350328121,0.0,0.0,0.0,0.0,0.027588427267116373,0.0,0.02375070006840356,0.0,0.0
2025-08-08,0.15352621628265314,0.0,0.042209259033953624,0.10419625822800302,0.0,0.16934275902817778,0.0656455525529851,0.0,0.0,0.0,0.10668382992459861,0.0,0.031753384370907446,0.0,0.0,0.0,0.031753384370907446,0.0,0.04952611431210227,0.0,0.0,0.04012933014604179,0.031753384370907446,0.0,0.0,0.11392778771146161,0.0,0.0,0.0,0.0,0.026760224735115065,0.0,0.03279251493218553,0.0,0.0
2025-08-15,0.1538155210512313,0.0,0.04120142742502953,0.1043503717599501,0.0,0.1606224746266527,0.07200370166709727,0.0,0.0,0.0,0.11219629602172,0.0,0.032712024810755094,0.0,0.0,0.0,0.032712024810755094,0.0,0.03289496941225055,0.0,0.0,0.045572867830222435,0.032712024810755094,0.0,0.0,0.11859002021750337,0.0,0.0,0.0,0.0,0.02970345818648927,0.0,0.0309128173695881,0.0,0.0
2025-08-22,0.018825026229693034,0.0,0.06875453809315905,0.1051146680521981,0.0,0.11521703147164032,0.06729295035265598,0.0,0.0,0.0,0.03281402302468263,0.0,0.033222624732942074,0.04986651266419222,0.0,0.0,0.23762756118010575,0.0,0.0,0.0,0.0,0.041311576348889316,0.033222624732942074,0.0,0.05148755043684675,0.09099589837992833,0.0,0.0,0.0,0.0,0.05424741430012427,0.0,0.0,0.0,0.0
2025-08-29,0.0,0.0,0.05774213175885019,0.029393739327285187,0.0,0.2410004213911805,0.04695453813758696,0.0,0.0,0.0,0.031938610186266474,0.0,0.04688139784983082,0.08530744080715424,0.0,0.0,0.11461564692312817,0.0,0.029393739327285187,0.0,0.0,0.01748765852254564,0.029393739327285187,0.0,0.10065570028695009,0.1059961055982235,0.0,0.0,0.0,0.0,0.06323913055642769,0.0,0.0,0.0,0.0
2025-09-05,0.0,0.0,0.06120260611719804,0.02944646000893173,0.0,0.2542222910350537,0.04421022855946681,0.0,0.0,0.0,0.03170038340473676,0.0,0.0466346507892805,0.030371816914199337,0.0,0.0,0.10249533737527161,0.0,0.02944646000893173,0.0,0.0,0.017188190780348767,0.02944646000893173,0.0,0.10523474848480255,0.15389009768501058,0.0,0.0,0.0,0.0,0.06451026882783611,0.0,0.0,0.0,0.0
2025-09-12,0.0,0.0,0.05019980857722599,0.029378870230415736,0.0,0.11457069674527712,0.0693187902264326,0.0,0.0,0.0,0.03153466267779405,0.0,0.0463071492298438,0.12910416614586362,0.0,0.0,0.123888738719482,0.0,0.029378870230415736,0.0,0.0,0.016928278999428063,0.029378870230415736,0.0,0.16142056734324364,0.10601214246041635,0.0,0.0,0.0,0.0,0.06257838818374542,0.0,0.0,0.0,0.0
2025-09-19,0.058123156095872985,0.0,0.028542494824475646,0.029388740320028254,0.0,0.11994047865890092,0.054963268701848755,0.0,0.0,0.0,0.028661263814204207,0.0,0.04614255418735114,0.10384355989699838,0.0,0.0,0.12856128388480342,0.0,0.07562909103613893,0.0,0.0,0.01675381386732288,0.029388740320028254,0.0,0.13658889859282616,0.1057324073356673,0.0,0.0,0.0,0.0,0.037740248463532786,0.0,0.0,0.0,0.0
2025-09-26,0.01655411078056908,0.0,0.048496363108800324,0.0889969445202343,0.0,0.10994328467840067,0.08166871823209196,0.0,0.0,0.0,0.03151072627602742,0.0,0.029442935473880515,0.05329165659189773,0.0,0.0,0.09238574188557597,0.0,0.029442935473880515,0.0,0.0,0.012415583085426809,0.029442935473880515,0.0,0.21432107326978161,0.1014125276056611,0.0,0.0,0.0,0.0,0.06067446354389148,0.0,0.0,0.0,0.0
2025-10-03,0.07466221359614783,0.0,0.025485945555407112,0.08923853358373995,0.0,0.1772885852124537,0.04175165827674079,0.0,0.0,0.0,0.028642103246637046,0.0,0.029442902479563694,0.048989511250370876,0.0,0.0,0.09739278466840698,0.0,0.07571426414049148,0.0,0.0,0.012308755797177091,0.029442902479563694,0.0,0.13037063014278044,0.10154728938091703,0.0,0.0,0.0,0.0,0.0377219201896023,0.0,0.0,0.0,0.0
2025-10-10,0.07437292672199022,0.0,0.029219266582806505,0.08924744977994863,0.0,0.11555580314622586,0.053518347081811524,0.0,0.0,0.0,0.02873520247358156,0.0,0.029482783807275547,0.11634883086289538,0.0,0.0,0.08361686504758786,0.0,0.07574474933480113,0.0,0.0,0.012130295749181452,0.029482783807275547,0.0,0.12338925901451651,0.10137774552913008,0.0,0.0,0.0,0.0,0.037777691060972195,0.0,0.0,0.0,0.0
2025-10-17,0.0742823302249361,0.0,0.03182657393389747,0.08918664199059358,0.0,0.16423477179371676,0.05285892349320769,0.0,0.0,0.0,0.028823985093641043,0.0,0.0294141804384129,0.09901832777467753,0.0,0.0,0.06802196523534298,0.0,0.0757934677804675,0.0,0.0,0.01209662838906753,0.0294141804384129,0.0,0.10496213435278862,0.1012832703796611,0.0,0.0,0.0,0.0,0.0387826186811763,0.0,0.0,0.0,0.0
2025-10-24,0.0744254504908726,0.0,0.03452960850562152,0.08889443390027739,0.0,0.11581419555950935,0.052512407789546196,0.0,0.0,0.0,0.02896004293805286,0.0,0.029202893391029786,0.1190182734887557,0.0,0.0,0.0796107773088155,0.0,0.07581706900940538,0.0,0.0,0.012235565002208456,0.029202893391029786,0.0,0.11022649379043155,0.10112999890248585,0.0,0.0,0.008697833184961116,0.0,0.039722063346996926,0.0,0.0,0.0,0.0
2025-10-31,0.07455666333721496,0.0,0.03023053000038586,0.08855138864773689,0.0,0.11588959823418911,0.04143088766498625,0.0,0.0,0.0,0.07721035501847918,0.0,0.02906857599149271,0.11503276452117257,0.0,0.0,0.07970128458385144,0.0,0.0758934429853938,0.0,0.0,0.012362311673493545,0.02906857599149271,0.0,0.09991141836486238,0.08855138864773689,0.0,0.0,0.0,0.0,0.04254081433751163,0.0,0.0,0.0,0.0
2025-11-07,0.01679446696549587,0.0,0.050651614058359724,0.08812761800844067,0.0,0.10990185131528855,0.04146833536155625,0.0,0.0,0.0,0.07408663093411746,0.0,0.028872485137434345,0.14358280782333963,0.0,0.0,0.07916251474483116,0.0,0.028872485137434345,0.0,0.0,0.033619057343443344,0.028872485137434345,0.0,0.11962709091317873,0.08812761800844067,0.0,0.0,0.0,0.0,0.06823293911120469,0.0,0.0,0.0,0.0
2025-11-14,0.01689947635430214,0.0,0.0624777799428303,0.10620741915447546,0.0,0.10998119112943605,0.04134297450915468,0.0,0.0,0.0,0.09524703691117514,0.0,0.028668367243428076,0.05395864093465225,0.0,0.0,0.09917092797005186,0.0,0.028668367243428076,0.0,0.0,0.03728829446538261,0.028668367243428076,0.0,0.08680276217579803,0.13895379899077095,0.0,0.0,0.0,0.0,0.06566459573168627,0.0,0.0,0.0,0.0
2025-11-21,0.09873974877910263,0.0,0.041675960478023764,0.0874409645204493,0.0,0.1209492912197091,0.04342380531059844,0.0,0.0,0.0,0.09014737929656268,0.0,0.02811570117284868,0.028421935020425802,0.0,0.0,0.10242129108176379,0.0,0.0767393736581227,0.0,0.0,0.03348069399749625,0.02811570117284868,0.0,0.0667311075257844,0.11707047604687304,0.0,0.0,0.0,0.0,0.036526570719390625,0.0,0.0,0.0,0.0
2025-11-28,0.13204750290509787,0.0,0.03818884847979776,0.08675354012215841,0.0,0.11236868472369824,0.02798999518159237,0.0,0.0,0.0,0.12232025124975689,0.0,0.02798999518159237,0.033431715679247756,0.0,0.0,0.13057354699521784,0.0,0.08401568630379258,0.0,0.0,0.02483330942410048,0.02798999518159237,0.0,0.026200568106741727,0.08675354012215841,0.0,0.0,0.0,0.0,0.03854282034345491,0.0,0.0,0.0,0.0
2025-12-05,0.13249122949610118,0.0,0.03851971057567384,0.1001046502549582,0.0,0.11204132348859458,0.027883794016102564,0.0,0.0,0.0,0.036401396446938905,0.0,0.027883794016102564,0.035129636097969895,0.0,0.0,0.20174437048792673,0.0,0.08408277274474377,0.0,0.0,0.026763481613386347,0.027883794016102564,0.0,0.028083883363816124,0.08625239281582121,0.0,0.0,0.0,0.0,0.03473377056576146,0.0,0.0,0.0,0.0
2025-12-12,0.13291571097134008,0.0,0.037019270910337305,0.09996383250170632,0.0,0.11173394290265994,0.027782629191661887,0.0,0.0,0.0,0.03657244900343233,0.0,0.027782629191661887,0.034107937685785725,0.0,0.0,0.20227966253546015,0.0,0.08414762083793532,0.0,0.0,0.02669784013749039,0.027782629191661887,0.0,0.026208417849201048,0.08577782576479982,0.0,0.0,0.0,0.0,0.03922760132486593,0.0,0.0,0.0,0.0
2025-12-19,0.13321045086207617,0.0,0.03846636008555655,0.0995462321675812,0.0,0.11147683750374962,0.027701174274696625,0.0,0.0,0.0,0.03670400776973339,0.0,0.027701174274696625,0.033887365107986435,0.0,0.0,0.2027893551238391,0.0,0.08417912455500036,0.0,0.0,0.02692423330716833,0.027701174274696625,0.0,0.02245684108477327,0.08541363136190912,0.0,0.0,0.0,0.0,0.041842038246536505,0.0,0.0,0.0,0.0
2025-12-26,0.09992048136189464,0.0,0.04248675908269849,0.10400874298437815,0.0,0.12362787012064894,0.03152706928236678,0.0,0.0,0.0,0.11733193777963191,0.0,0.03152706928236678,0.031098965467770114,0.0,0.0,0.157722988037822,0.0,0.08077233494874198,0.0,0.0,0.03468031968150787,0.0,0.0,0.0,0.10480137943910262,0.0,0.0,0.0,0.0,0.04049408253106963,0.0,0.0,0.0,0.0
2026-01-02,0.13319730910579822,0.0,0.0416481713666203,0.102391542431501,0.0,0.1268310604565318,0.030744514461973203,0.0,0.0,0.0,0.11520482557149582,0.0,0.030744514461973203,0.03394106109585228,0.0,0.0,0.12567523959807803,0.0,0.08145013364764275,0.0,0.0,0.042767821717339866,0.0,0.0,0.0,0.10392068084114545,0.0,0.0,0.0,0.0,0.03148312524404793,0.0,0.0,0.0,0.0
2026-01-09,0.13172724961810134,0.0,0.05276538622300251,0.10300219240097347,0.0,0.1318101230935631,0.030015138921529166,0.0,0.0,0.0,0.11577913040358628,0.0,0.030015138921529166,0.025735235532165238,0.0,0.0,0.09378604316798803,0.0,0.08337349479755299,0.0,0.0,0.05082204566084178,0.0,0.0,0.0,0.12525755332718752,0.0,0.0,0.0,0.0,0.025911267931979308,0.0,0.0,0.0,0.0
2026-01-16,0.13314300591131767,0.0,0.05935141217810049,0.10195839267746643,0.0,0.13554225531518602,0.028690022869817002,0.0,0.0,0.0,0.06427107909216753,0.0,0.028690022869817002,0.023199656618830278,0.0,0.0,0.11630414568779987,0.0,0.08341537817954806,0.0,0.0,0.0560133608169416,0.0,0.0,0.0,0.1335819943032477,0.0,0.0,0.01528352546674419,0.0,0.020555748013016135,0.0,0.0,0.0,0.0
2026-01-23,0.133132487549708,0.0,0.0709361794960718,0.1012104125434511,0.0,0.1356760862359937,0.02858510631664253,0.0,0.0,0.0,0.10254342296598654,0.0,0.02858510631664253,0.01933421125228726,0.0,0.0,0.10408219972192725,0.0,0.08354811230623205,0.0,0.0,0.05699369005116883,0.0,0.0,0.0,0.1353729852438884,0.0,0.0,0.0,0.0,0.0,0.0,0.0,0.0,0.0
2026-01-30,0.13348126092898405,0.0,0.07003161734447812,0.09978341251139765,0.027209540678227565,0.1317029232667328,0.024895222805643755,0.0,0.0,0.0,0.10435185349841754,0.0,0.024895222805643755,0.01897138565217518,0.0,0.0,0.10026690849351536,0.0,0.07995568888484181,0.0,0.0,0.05441446634759863,0.024895222805643755,0.0,0.0,0.10514527397670008,0.0,0.0,0.0,0.0,0.0,0.0,0.0,0.0,0.0
2026-02-06,0.13375262809927865,0.0,0.0816186812167695,0.09841337089522692,0.027050190418652663,0.1313234366510767,0.024820614254536515,0.0,0.0,0.0,0.06420050434281449,0.0,0.024820614254536515,0.0,0.0,0.0,0.134763595403432,0.0,0.0799617380145364,0.0,0.0,0.055363407862194194,0.024820614254536515,0.0,0.0,0.11909060433240876,0.0,0.0,0.0,0.0,0.0,0.0,0.0,0.0,0.0
2026-02-13,0.13405658232094148,0.0,0.0817874318282863,0.09791189141234086,0.026929576636631945,0.13098754425447398,0.024713556712824526,0.0,0.0,0.0,0.06423121903984867,0.0,0.024713556712824526,0.0,0.0,0.0,0.13740618799195364,0.0,0.07994058355116959,0.0,0.0,0.055501240281001445,0.024713556712824526,0.0,0.0,0.11710707254487848,0.0,0.0,0.0,0.0,0.0,0.0,0.0,0.0,0.0
2026-02-20,0.13427088066583132,0.0,0.08025312269066166,0.0964859824423947,0.02984240838955563,0.13308558929055905,0.024340717528766452,0.0,0.0,0.0,0.0685185325835666,0.0,0.024340717528766452,0.0,0.0,0.0,0.12867185912107873,0.0,0.08013321141040847,0.0,0.0,0.06178628444003011,0.024340717528766452,0.0,0.0,0.11392997637961438,0.0,0.0,0.0,0.0,0.0,0.0,0.0,0.0,0.0
2026-02-27,0.13218901189391394,0.0,0.0754339380387192,0.09831388854121054,0.0,0.10527184593115058,0.05688498876943407,0.0,0.0,0.0,0.07096401626782221,0.0,0.02381130168506534,0.0,0.0,0.0,0.1192264613851076,0.0,0.11549540450151308,0.0,0.0,0.06912916943876149,0.02381130168506534,0.0,0.0,0.10946867186223665,0.0,0.0,0.0,0.0,0.0,0.0,0.0,0.0,0.0
2026-03-06,0.13011111134738507,0.0,0.07523104343248624,0.09706329076775774,0.0,0.10730919634502696,0.059564480454632876,0.0,0.0,0.0,0.07341919456969626,0.0,0.023269055191638494,0.021094586679795028,0.0,0.0,0.08461724235115282,0.0,0.12101026528659015,0.0,0.0,0.07956748253401266,0.023269055191638494,0.0,0.0,0.10447399584818715,0.0,0.0,0.0,0.0,0.0,0.0,0.0,0.0,0.0
2026-03-13,0.12884267075753786,0.0,0.0,0.0626351071686841,0.0,0.10911896422745618,0.0989781828727323,0.0,0.0,0.0,0.1404369494088059,0.0,0.022157713445741613,0.04305535832974721,0.0,0.0,0.12363096021101116,0.0,0.13616526851974994,0.0,0.0,0.04035333162027037,0.022157713445741613,0.0,0.0,0.0626351071686841,0.0,0.0,0.0,0.0,0.009832672823837698,0.0,0.0,0.0,0.0
2026-03-20,0.13976199193236272,0.0,0.0,0.05891404825320272,0.0,0.13242220643625954,0.09829472230716528,0.0,0.0,0.0,0.17325064537691032,0.0,0.02183632011161803,0.031823679543168365,0.0,0.0,0.08062602156413896,0.0,0.1385673360830272,0.0,0.0,0.04375266002732603,0.02183632011161803,0.0,0.0,0.05891404825320272,0.0,0.0,0.0,0.0,0.0,0.0,0.0,0.0,0.0
2026-03-27,0.23731860101158653,0.0,0.0,0.08936331984459966,0.0,0.14530790260190132,0.08585507910633816,0.0,0.0,0.0,0.14883259454803927,0.0,0.03430888329389895,0.04297896007273137,0.0,0.0,0.05352527106825797,0.0,0.0731460686080472,0.0,0.0,0.02129089660038729,0.0,0.0,0.0,0.06807242324421237,0.0,0.0,0.0,0.0,0.0,0.0,0.0,0.0,0.0
2026-04-03,0.28007265087512834,0.0,0.0,0.0855490189853493,0.0,0.1673657859163683,0.08299339501813012,0.0,0.0,0.0,0.15670666655347987,0.0,0.03323547833111014,0.0,0.0,0.0,0.0,0.0,0.1085279853350846,0.0,0.0,0.023059341085493804,0.0,0.0,0.0,0.06248967789985551,0.0,0.0,0.0,0.0,0.0,0.0,0.0,0.0,0.0
2026-04-10,0.20501310525515792,0.0,0.0,0.07557311643098043,0.0,0.1355508303433057,0.023197575228960748,0.0,0.0,0.0,0.06430953303414574,0.0,0.023197575228960748,0.0,0.0,0.0,0.20201708599975493,0.0,0.07117974635882098,0.0,0.0,0.023918426024262557,0.023197575228960748,0.0,0.0,0.023197575228960748,0.0,0.0,0.0,0.0,0.0,0.0,0.1296478556377288,0.0,0.0
