,gross_return,net_return,turnover,cost,wealth,drawdown
2005-01-14,0.00287233462251986,0.00287233462251986,,0.0,1.00287233462252,0.0
2005-01-21,0.0007420020695235314,0.0007245622425239184,0.01743982699961311,1.743982699961311e-05,1.003598978050259,0.0
2005-01-28,-0.0012807704896621985,-0.0012895375798596103,0.008767090197411774,8.767090197411774e-06,1.0023047994529546,-0.001289537579859501
2005-02-04,0.0023107210555278015,0.002306313794462009,0.004407261065792382,4.407261065792382e-06,1.0046164288381885,0.0
2005-02-11,-0.0014621552794313558,-0.0014643708321021593,0.00221555267080353,2.21555267080353e-06,1.0031452978423472,-0.0014643708321021576
2005-02-18,0.0026303159368613956,0.0026292021672063137,0.001113769655082016,1.113769655082016e-06,1.0057827696334571,0.0
2005-02-25,-0.0015725126537052187,-0.0018411498155071872,0.2686371618019684,0.0002686371618019684,1.0039309728727062,-0.0018411498155072037
2005-03-04,-0.0022275706540134696,-0.0022279793094497173,0.0004086554362478217,4.086554362478217e-07,1.00169423543703,-0.00406502708126244
2005-03-11,-0.003979944170651136,-0.004006538339869643,0.026594169218507935,2.6594169218507936e-05,0.9976809090779251,-0.00805527873427847
2005-03-18,-0.006081949606108307,-0.006264736275910894,0.18278666980258695,0.00018278666980258695,0.9914307012950409,-0.014269550813290177
2005-03-25,0.0040540917544621725,0.004021328427297836,0.032763327164336505,3.276332716433651e-05,0.9954175697578544,-0.010305604936322488
2005-04-01,-0.0015508217413923765,-0.0015712545015068792,0.020432760114502783,2.0432760114502784e-05,0.9938535154204934,-0.011860666709682444
2005-04-08,0.004135347582722774,0.004127878399260457,0.007469183462317267,7.469183462317267e-06,0.9979560218788267,-0.0077817477003336855
2005-04-15,0.004241067405483011,0.0042374509391836165,0.003616466299394259,3.616466299394259e-06,1.002184811561001,-0.0035772715352514473
2005-04-22,0.0027319047010540137,0.0027302972167229473,0.0016074843310664574,1.6074843310664574e-06,1.004921073962648,-0.0008567413330446971
2005-04-29,-0.0049092847443201705,-0.004925371620075944,0.016086875755773927,1.6086875755773928e-05,0.9999714642245362,-0.005777893183673055
2005-05-06,0.00038158150847880315,0.0003726376658096442,0.008943842669158937,8.943842669158938e-06,1.000344091256841,-0.005407408578492645
2005-05-13,0.00042661127803090545,0.0004216316486897513,0.004979629341154163,4.9796293411541636e-06,1.0007658679852949,-0.00498805686439685
2005-05-20,0.0026881895747140638,0.002669935671971892,0.01825390274217161,1.825390274217161e-05,1.0034378484755209,-0.0023314389833809512
2005-05-27,0.005534812377608963,0.005527890510678397,0.006921866930566085,6.921866930566085e-06,1.0089847430361643,0.0
2005-06-03,-0.0001374122903155213,-0.00014036766727945366,0.0029553769639323727,2.955376963932373e-06,1.0088431142014638,-0.0001403676672794285
2005-06-10,0.0006762539479850867,0.0006544057784673059,0.021848169517780916,2.1848169517780918e-05,1.0095033069649642,0.0
2005-06-17,0.0061538481533092,0.006143454732328508,0.010393420980691875,1.0393420980691876e-05,1.0157051448334393,0.0
2005-06-24,-0.004930551705138506,-0.005132093201390179,0.20154149625167264,0.00020154149625167264,1.0104924513650226,-0.0051320932013901865
2005-07-01,-0.0003794377715594303,-0.0003988874889369852,0.019449717377554895,1.9449717377554895e-05,1.010089378568508,-0.005528933562557015
2005-07-08,-0.0023130162650913024,-0.002325392166736993,0.012375901645690836,1.2375901645690836e-05,1.0077405246398805,-0.007841468790497186
2005-07-15,0.0016647828778291744,0.0014477351796318603,0.2170476981973142,0.0002170476981973142,1.0091994660493422,-0.006405085981093461
2005-07-22,0.004905455363772355,0.004818896588630253,0.08655877514210188,8.655877514210188e-05,1.0140626939135349,-0.0016170548394472961
2005-07-29,-0.0054691825818750355,-0.005550179232088568,0.0809966502135323,8.09966502135323e-05,1.0084344642097403,-0.007158259127348798
2005-08-05,0.00690053746417369,0.006814744287656717,0.08579317651697235,8.579317651697235e-05,1.0153066872141898,-0.0003922965451896854
2005-08-12,-0.004238461119955488,-0.0043130884757648525,0.07462735580936483,7.462735580936483e-05,1.0109275796421993,-0.0047036930112464015
2005-08-19,0.0010785828296154137,0.0009272317758757966,0.15135105373961713,0.00015135105373961712,1.0118649438171528,-0.0037808226489945973
2005-08-26,0.010893468104920125,0.010817220693953066,0.0762474109670596,7.624741096705961e-05,1.0228105102268972,0.0
2005-09-02,0.003727152909446069,0.003698869169330105,0.028283740115963907,2.8283740115963907e-05,1.0265937524892421,0.0
2005-09-09,-0.0015684256921406257,-0.0015901997520224966,0.021774059881871057,2.1774059881871057e-05,1.0249612633586058,-0.0015901997520225697
2005-09-16,-0.0019199080356486074,-0.002006671328366275,0.08676329271766733,8.676329271766733e-05,1.022904502978738,-0.003593680072140115
2005-09-23,0.007569631321623158,0.007541862076753704,0.027769244869454257,2.7769244869454257e-05,1.030619107657894,0.0
2005-09-30,-0.0055373477456046325,-0.005632661414108609,0.09531366850397709,9.531366850397708e-05,1.0248139791775466,-0.005632661414108453
2005-10-07,-0.009500327014894816,-0.009514823559438886,0.014496544544071312,1.4496544544071313e-05,1.0150630549844257,-0.015093891194022047
2005-10-14,-5.424895961320944e-05,-0.00015967853698560974,0.1054295773724003,0.00010542957737240031,1.0149009712008576,-0.015251159560544458
2005-10-21,0.0006129921012551648,0.0005858401628840729,0.02715193837109185,2.715193837109185e-05,1.015495540951137,-0.014674254139461551
2005-10-28,-0.0046530633201960995,-0.004744468230141569,0.09140490994546961,9.140490994546961e-05,1.010677554619244,-0.019349100837037447
2005-11-04,0.013096135544058828,0.013022665729839247,0.07346981421958107,7.346981421958108e-05,1.0238392705737018,-0.006578411979571763
2005-11-11,0.010989371432390678,0.010951525069294824,0.03784636309585525,3.784636309585525e-05,1.0350518720123183,0.0
2005-11-18,0.008694944454972509,0.008642644582008169,0.052299872964340445,5.2299872964340445e-05,1.043997457466063,0.0
2005-11-25,0.004160480401028569,0.0040516710858154595,0.10880931521310935,0.00010880931521310935,1.048227391778143,0.0
2005-12-02,0.007296132770289884,0.007247110746449473,0.04902202384041125,4.902202384041125e-05,1.0558240117738213,0.0
2005-12-09,-0.002157202314543402,-0.002215015834419304,0.05781351987590194,5.781351987590194e-05,1.0534853448693822,-0.0022150158344192983
2005-12-16,0.00701338715523303,0.006971409547969555,0.0419776072634755,4.19776072634755e-05,1.0608296226612506,0.0
2005-12-23,9.011938270359347e-05,5.66352149866557e-05,0.033484167716937775,3.348416771693778e-05,1.0608897029749942,0.0
2005-12-30,0.025461420965688902,0.025392694677261896,0.06872628842700601,6.872628842700601e-05,1.0878285512888892,0.0
2006-01-06,0.005396871166788923,0.005377041642516899,0.019829524272023665,1.9829524272023665e-05,1.0936778507090885,0.0
2006-01-13,-0.00856813649077803,-0.008775806120427995,0.2076696296499651,0.0002076696296499651,1.0840799459330592,-0.008775806120427943
2006-01-20,0.004073260738418296,0.003926693783380426,0.14656695503786957,0.00014656695503786958,1.088336795917442,-0.004883572240384826
2006-01-27,-0.0073610854769148235,-0.007689663720545176,0.3285782436303523,0.0003285782436303523,1.0799678519421412,-0.012535682932646397
2006-02-03,-0.005577421021201352,-0.005676884573999656,0.09946355279830424,9.946355279830424e-05,1.0738369991030354,-0.01814140388158103
2006-02-10,0.010030459738110589,0.009981549988284266,0.048909749826321985,4.8909749826321986e-05,1.0845555567888516,-0.008340933222998337
2006-02-17,0.00350834301624077,0.0034893144360601223,0.0190285801806479,1.90285801806479e-05,1.0883399121498643,-0.004880722925643455
2006-02-24,-0.0030429364266181427,-0.0031199760777365746,0.07703965111843195,7.703965111843195e-05,1.0849443176595106,-0.007985471264610022
2006-03-03,-0.011205236569328758,-0.01123169008842769,0.026453519098931358,2.645351909893136e-05,1.0727585593203584,-0.019127471014583564
2006-03-10,0.020813107556268053,0.020799142775239025,0.013964781029026884,1.3964781029026884e-05,1.0950710177590222,0.0
2006-03-17,-0.002149202645051189,-0.0023203451355930022,0.17114249054181332,0.00017114249054181333,1.0925300750498361,-0.0023203451355929827
2006-03-24,0.0047276324831748645,0.004578579657139692,0.14905282603517303,0.00014905282603517304,1.0975323110262725,0.0
2006-03-31,0.0020690911656463576,0.0019420821807373347,0.12700898490902296,0.00012700898490902295,1.0996638089703001,0.0
2006-04-07,-0.004036180328627006,-0.0041470402896479725,0.11085996102096629,0.00011085996102096629,1.0951034588494326,-0.004147040289647963
2006-04-14,0.03258866748974043,0.03250121521824235,0.08745227149808409,8.74522714980841e-05,1.1306956520517397,0.0
2006-04-21,0.0059397027571882295,0.00579836751664199,0.14133524054623936,0.00014133524054623937,1.1372518409918049,0.0
2006-04-28,0.022592577284166266,0.02243243429724166,0.16014298692460666,0.00016014298692460665,1.1627631681942707,0.0
2006-05-05,-0.007902709042049547,-0.008045302533081842,0.14259349103229535,0.00014259349103229536,1.153408386731823,-0.008045302533081888
2006-05-12,-0.03670579950498997,-0.03683366693060159,0.12786742561162012,0.00012786742561162013,1.1109241263799805,-0.04458263146982411
2006-05-19,-0.0008370761246842353,-0.0008766452048156327,0.039569080131397344,3.956908013139735e-05,1.1099502400716754,-0.04542019352454363
2006-05-26,-0.0007134557596813434,-0.0010443327110511269,0.3308769513697834,0.00033087695136978343,1.1087910827283296,-0.04641709244175474
2006-06-02,-0.03212834148846212,-0.03227560879825477,0.14726730979264796,0.00014726730979264797,1.0730041755031967,-0.077194561322807
2006-06-09,-0.012025504485459712,-0.01227846954365813,0.25296505819841897,0.00025296505819841897,1.0598293264140628,-0.08852519979632689
2006-06-16,-0.0012594279688904933,-0.001286457572782561,0.02702960389206777,2.702960389206777e-05,1.0584659009512405,-0.08969777345544938
2006-06-23,0.023735703916242926,0.023676175812711656,0.05952810353126964,5.952810353126964e-05,1.0835263257139225,-0.06814529789707757
2006-06-30,0.004290151636686111,0.004027541301799798,0.26261033488631313,0.00026261033488631316,1.0878902727423228,-0.06439221459708155
2006-07-07,-0.002383732087230733,-0.0024408544710507528,0.05712238382001958,5.712238382001958e-05,1.085234890906087,-0.06667589704323229
2006-07-14,-0.013042552799496369,-0.01328040036194282,0.23784756244645117,0.00023784756244645116,1.0708225370681048,-0.07907081479794931
2006-07-21,0.02021237612139392,0.020099279795678587,0.11309632571533212,0.00011309632571533212,1.092345298852155,-0.060560801432567035
2006-07-28,0.007790185600326384,0.007511090388498143,0.27909521182824043,0.0002790952118282404,1.1005500031272843,-0.053504588697628974
2006-08-04,-0.016223954233114825,-0.016245965137456797,0.022010904341972684,2.2010904341972684e-05,1.0826705061444506,-0.06888132015241
2006-08-11,0.01192537196976674,0.011915561874804192,0.00981009496254771,9.81009496254771e-06,1.0955711335504403,-0.05778651790990008
2006-08-18,0.001315956125781614,0.001101995139339462,0.21396098644215197,0.00021396098644215197,1.0967784476144136,-0.056748203232416694
2006-08-25,0.011458077696326383,0.01119336025731274,0.26471743901364325,0.00026471743901364324,1.1090550839010178,-0.04619004605783961
2006-09-01,-0.008201530927539585,-0.008345134464013193,0.14360353647360763,0.00014360353647360763,1.0997998700978664,-0.05414971837660121
2006-09-08,-0.003635651674476401,-0.0036741703855860774,0.03851871110967639,3.851871110967639e-05,1.0957590179850814,-0.05762493347054021
2006-09-15,0.0018850699125022145,0.0016711306426711915,0.2139392698310229,0.0002139392698310229,1.0975901744570193,-0.05605010161997359
2006-09-22,0.00856650155890698,0.008496378409621077,0.0701231492859036,7.01231492859036e-05,1.1069157159178882,-0.04802994608361355
2006-09-29,0.002760923933859276,0.0026602335163670625,0.10069041749221375,0.00010069041749221375,1.1098603702051664,-0.04549748343960747
2006-10-06,0.00872182510789892,0.008668860554527896,0.05296455337102364,5.296455337102364e-05,1.1194815949894719,-0.03722303422459927
2006-10-13,0.004380922091952195,0.004329721882415607,0.0512002095365881,5.12002095365881e-05,1.1243286389482594,-0.033054477727995746
2006-10-20,0.008549074291005569,0.008495189783123957,0.0538845078816121,5.38845078816121e-05,1.1338800241147264,-0.024840092006353065
2006-10-27,-0.004335866097544186,-0.004419732071940061,0.08386597439587495,8.386597439587495e-05,1.1288685782064145,-0.02915003752698264
2006-11-03,0.010418766048837068,0.010317361930168766,0.10140411866830279,0.0001014041186683028,1.1405155238993652,-0.019133427084257693
2006-11-10,0.004053977900943645,0.00380749705237506,0.2464808485685846,0.0002464808485685846,1.1448580333948002,-0.01539878049910759
2006-11-17,0.019319587553597136,0.019195238305239795,0.12434924835733946,0.00012434924835733947,1.1668338561714815,0.0
2006-11-24,0.005075974075435042,0.004942331746332888,0.13364232910215407,0.00013364232910215406,1.1726007361815338,0.0
2006-12-01,0.00210851956933435,0.0019151795642257954,0.1933400051085548,0.00019334000510855482,1.1748464771484648,0.0
2006-12-08,0.004668534326036666,0.004469969102268661,0.19856522376800473,0.00019856522376800474,1.1800980046012277,0.0
2006-12-15,-0.004663642763657265,-0.004834173157086016,0.1705303934287509,0.0001705303934287509,1.1743932065046536,-0.004834173157086119
2006-12-22,0.01138909959913478,0.011288365025337638,0.1007345737971418,0.0001007345737971418,1.1876501857029549,0.0
2006-12-29,-0.0159089195230426,-0.016077880609611933,0.16896108656933437,0.00016896108656933438,1.1685552878112393,-0.016077880609612016
2007-01-05,0.01497003832370634,0.014942323384233121,0.027714939473218306,2.7714939473218305e-05,1.1860162188140706,-0.0013757981167806799
2007-01-12,0.006572329646872019,0.006449539412685145,0.12279023418687363,0.00012279023418687362,1.1936654771613957,0.0
2007-01-19,0.001981471270088699,0.0018539404819131293,0.12753078817556987,0.00012753078817556986,1.1958784619113674,0.0
2007-01-26,0.014918353780544236,0.014768086415113795,0.15026736543043961,0.00015026736543043961,1.2135392983788478,0.0
2007-02-02,-0.00010291769584388474,-0.00020087337961014,0.09795568376625526,9.795568376625525e-05,1.2132955306386926,-0.00020087337961027796
2007-02-09,0.014291723933307474,0.014181868323567513,0.10985560973996086,0.00010985560973996087,1.2305023280917835,0.0
2007-02-16,-0.0006106737605954466,-0.0006910950225227393,0.08042126192729271,8.042126192729272e-05,1.2296519340576366,-0.0006910950225227364
2007-02-23,-0.04531897982516159,-0.045374609554834675,0.0556297296730871,5.56297296730871e-05,1.1738569576614242,-0.046034346410545046
2007-03-02,0.013220675089921469,0.013171629906237527,0.04904518368394245,4.904518368394245e-05,1.1893185670706024,-0.03346906387820281
2007-03-09,-0.007124246829526657,-0.0072170969886658646,0.092850159139207,9.2850159139207e-05,1.1807351396216326,-0.04044461138673994
2007-03-16,0.024050278662036743,0.024010907841299188,0.039370820737555795,3.9370820737555796e-05,1.209085662244071,-0.017404815382124905
2007-03-23,-0.003924179829482732,-0.003980629762615445,0.05644993313271226,5.644993313271226e-05,1.2042727398713906,-0.021316163018617607
2007-03-30,0.010378229893455184,0.010207701770938247,0.1705281225169368,0.0001705281225169368,1.2165655968508686,-0.011326050282673972
2007-04-06,0.003160683376401616,0.003056713200269522,0.10397017613209408,0.00010397017613209408,1.2202842889697563,-0.008303957569810505
2007-04-13,0.012546122921526431,0.012417838550867684,0.12828437065874815,0.00012828437065874815,1.2354375822563433,0.0
2007-04-20,-0.002857917355837963,-0.002924832638402387,0.06691528256442413,6.691528256442412e-05,1.231824134093051,-0.002924832638402486
2007-04-27,0.005915749992330812,0.005754395824865663,0.16135416746514925,0.00016135416746514925,1.2389125377472447,0.0
2007-05-04,-0.0029246482467648123,-0.0029974243017529467,0.0727760549881345,7.27760549881345e-05,1.2351989911988548,-0.0029974243017528712
2007-05-11,-0.0028593577849586023,-0.0029239015161347153,0.0645437311761129,6.45437311761129e-05,1.2315873909957604,-0.005912561644427217
2007-05-18,-0.006462550203529786,-0.00655574882810079,0.0931986245710041,9.31986245710041e-05,1.223513413400536,-0.012429549203456625
2007-05-25,0.014130875387967631,0.014041477504789866,0.08939788317776501,8.939788317776501e-05,1.2406933494716084,0.0
2007-06-01,-0.02262070329676953,-0.02266111861022705,0.040415313457519815,4.041531345751981e-05,1.2125778503203124,-0.022661118610227016
2007-06-08,0.016682380896441744,0.01651865488345553,0.16372601298621073,0.00016372601298621074,1.232608005349076,-0.006516794924366964
2007-06-15,-0.007683265119663435,-0.007814749980998516,0.13148486133508086,0.00013148486133508086,1.2229754819626957,-0.014280617782354121
2007-06-22,0.003306642353564853,0.003201808282903937,0.10483407066091628,0.00010483407066091628,1.2268912149906324,-0.011124533299750605
2007-06-29,0.02123397007743251,0.021083423025958885,0.15054705147362357,0.00015054705147362357,1.2527582814831126,0.0
2007-07-06,0.01650946764476029,0.01648367255588764,0.025795088872650918,2.5795088872650917e-05,1.2734083387867567,0.0
2007-07-13,-0.0015603796863312034,-0.0015768501972906858,0.016470510959482383,1.6470510959482383e-05,1.2714003645965093,-0.0015768501972907023
2007-07-20,-0.041449599119881705,-0.04150345899199646,0.05385987211475175,5.3859872114751754e-05,1.2186328517020686,-0.04301486445178748
2007-07-27,-0.005920528876075982,-0.005996517392258757,0.07598851618277555,7.598851618277555e-05,1.2113252986120593,-0.04875344246123536
2007-08-03,-0.002509445128304839,-0.0029049331772374337,0.3954880489325949,0.00039548804893259495,1.207806479563694,-0.051516750145962686
2007-08-10,-0.0082143283173596,-0.008320436478457966,0.10610816109836697,0.00010610816109836698,1.1977570024722144,-0.059408544777254546
2007-08-17,0.022066883393425624,0.022044236703419522,0.02264669000610165,2.264669000610165e-05,1.22416064134789,-0.03867392409711057
2007-08-24,0.008048236230038926,0.00802626155134622,0.021974678692705862,2.1974678692705863e-05,1.233986074836212,-0.03095806957578473
2007-08-31,0.003993803113755298,0.0038396172457861584,0.15418586796913986,0.00015418586796913986,1.238724109050213,-0.027237319467837917
2007-09-07,0.00812166891622196,0.008108384612496519,0.013284303725441125,1.3284303725441124e-05,1.2487681605551642,-0.019349785517400186
2007-09-14,0.01108330371628265,0.011076115893885869,0.007187822396780753,7.187822396780753e-06,1.262599661426068,-0.008487990090426778
2007-09-21,0.010534385035129221,0.010464398250089785,0.06998678503943641,6.998678503943642e-05,1.275812007113659,0.0
2007-09-28,0.008754270012419685,0.008584083776737313,0.1701862356823716,0.0001701862356823716,1.28676368426609,0.0
2007-10-05,0.006032779642221456,0.006023005759155085,0.009773883066371536,9.773883066371537e-06,1.2945138693470961,0.0
2007-10-12,0.0033783667718180655,0.003284439308277546,0.09392746354051952,9.392746354051952e-05,1.2987656215846903,0.0
2007-10-19,0.015010666217918814,0.014998279349597996,0.012386868320817604,1.2386868320817604e-05,1.3182448711868717,0.0
2007-10-26,0.008686707860546244,0.008529113501117494,0.15759435942874858,0.0001575943594287486,1.3294883313154904,0.0
2007-11-02,-0.0033234218220282363,-0.0033254641705571953,0.002042348528958824,2.042348528958824e-06,1.3250671655045267,-0.003325464170557235
2007-11-09,-0.012069952997271947,-0.012090089965522006,0.020136968250059305,2.0136968250059304e-05,1.3090469842632177,-0.015375348975080194
2007-11-16,0.013612613890735566,0.013531285613828319,0.08132827690724666,8.132827690724666e-05,1.326760072889204,-0.0020521115996459116
2007-11-23,-0.00900165481472797,-0.009001657292130935,2.477402965193193e-06,2.477402965193193e-09,1.3148170334041727,-0.011035296486431645
2007-11-30,0.0011374433519789778,0.000958589178606827,0.17885417337215076,0.00017885417337215078,1.316077402784242,-0.01008728562361938
2007-12-07,-0.010535235612740411,-0.010542929811298358,0.0076941985579461886,7.694198557946189e-06,1.302202091100452,-0.02052386589060129
2007-12-14,0.009814796932670431,0.009779474720698815,0.035322211971615614,3.532221197161561e-05,1.3149369435316098,-0.01094510379755076
2007-12-21,0.008918365384644682,0.008886801873574053,0.03156351107062879,3.156351107062879e-05,1.3266225276250185,-0.0021555688929110195
2007-12-28,0.0038218250423876013,0.0035968189150219943,0.22500612736560707,0.00022500612736560708,1.3313941486254743,0.0
2008-01-04,0.006992478328355651,0.006921065881589632,0.07141244676601882,7.141244676601882e-05,1.3406088152424742,0.0
2008-01-11,-0.006595209426765563,-0.0067330078688336075,0.1377984420680444,0.0001377984420680444,1.331582485540419,-0.006733007868833574
2008-01-18,0.006579107131132227,0.006558121849799772,0.020985281332454794,2.0985281332454796e-05,1.3403151657336525,-0.00021904190505306342
2008-01-25,0.007937681832378932,0.007742338293536602,0.1953435388423302,0.0001953435388423302,1.35069233916672,0.0
2008-02-01,-0.0037714117071906816,-0.0038329288389724217,0.061517131781739925,6.151713178173993e-05,1.3455152315473486,-0.0038329288389725713
2008-02-08,-0.004292327604908889,-0.004351789384453361,0.059461779544471974,5.9461779544471975e-05,1.3396598326460807,-0.00816803812439304
2008-02-15,0.015404474779303413,0.01539706316583216,0.007411613471252765,7.411613471252765e-06,1.3602866597100607,0.0
2008-02-22,0.012612597222713242,0.012599247071269727,0.013350151443513637,1.3350151443513636e-05,1.3774252474234998,0.0
2008-02-29,-0.0123371461434853,-0.012387629781526402,0.05048363804110102,5.048363804110102e-05,1.3603622134066902,-0.0123876297815263
2008-03-07,0.012680607411794248,0.012677420041612307,0.0031873701819401835,3.1873701819401836e-06,1.3776080965947841,0.0
2008-03-14,-0.029888896142870096,-0.02989591656920714,0.0070204263370438995,7.0204263370439e-06,1.3364232398739222,-0.029895916569207093
2008-03-21,0.009715517121275068,0.009712778474872528,0.0027386464025396517,2.7386464025396518e-06,1.349403622751489,-0.020473510509274706
2008-03-28,0.0017240979683734057,0.0015466797258490228,0.1774182425243828,0.0001774182425243828,1.3514907179767859,-0.018958496747047304
2008-04-04,0.002956163975816154,0.0029502487454081162,0.00591523040803759,5.91523040803759e-06,1.3554779517719275,-0.016064180282882035
2008-04-11,-0.009797144551131816,-0.0098054488596041,0.008304308472283233,8.304308472283233e-06,1.342186882035507,-0.025712112644250884
2008-04-18,-0.010975889832410698,-0.01098788803162827,0.011998199217571861,1.1998199217571861e-05,1.3274390828581806,-0.03641747886108748
2008-04-25,-0.003138638462700849,-0.003296630552062087,0.15799208936123793,0.00015799208936123795,1.3230630066216291,-0.03959405443970698
2008-05-02,0.009865309941064385,0.009854695971721556,0.010613969342829729,1.061396934282973e-05,1.3361013903033172,-0.030129545836776406
2008-05-09,0.005043252945221992,0.004909951470349263,0.1333014748727282,0.0001333014748727282,1.3426615832891726,-0.025367528974309494
2008-05-16,-0.004653126813447693,-0.00471625174242127,0.0631249289735762,6.31249289735762e-05,1.3363292532575028,-0.0299641410640048
2008-05-23,-0.012114562708065475,-0.01219936011550317,0.08479740743769539,8.47974074376954e-05,1.320026891464133,-0.041797957832116484
2008-05-30,0.002126388458623076,0.0020545587912903884,0.07182966733268771,7.182966733268772e-05,1.3227389643187304,-0.0398292754025481
2008-06-06,-0.012980493154323213,-0.012992018602254539,0.011525447931326128,1.1525447931326129e-05,1.3055539150883746,-0.05230383131785832
2008-06-13,0.002981947778103917,0.002956547268702547,0.02540050940136978,2.540050940136978e-05,1.309413846950173,-0.049501922798781295
2008-06-20,0.006887724061618141,0.006843293010102081,0.044431051516060034,4.4431051516060036e-05,1.3183745495763382,-0.0429973859509547
2008-06-27,-0.0011244191625856407,-0.0013276768054064849,0.20325764282084421,0.00020325764282084423,1.3166241742660274,-0.04426797612434097
2008-07-04,0.011895026915359498,0.011887239256215392,0.00778765914410634,7.78765914410634e-06,1.3322752008360448,-0.032906960891703974
2008-07-11,-0.009408317391722308,-0.009499996680487864,0.09167928876555537,9.167928876555537e-05,1.3196185908506062,-0.04209434155295566
2008-07-18,-0.007410247323451123,-0.007443674006226824,0.03342668277570099,3.342668277570099e-05,1.3097957802477578,-0.049224679003155525
2008-07-25,-0.00013845875340355585,-0.0002960269266245694,0.15756817322101355,0.00015756817322101356,1.3094080454284251,-0.04950613409934079
2008-08-01,-0.01484426727893769,-0.014854349682884032,0.010082403946340694,1.0082403946340694e-05,1.2899576404440496,-0.06362510235486551
2008-08-08,-0.02265900771543196,-0.02276190727182886,0.10289955639690035,0.00010289955639690035,1.260595744247675,-0.08493878094673224
2008-08-15,0.012419826290049122,0.012375410388101159,0.04441590194796286,4.4415901947962864e-05,1.2761961339162335,-0.07361452283071213
2008-08-22,0.004295963654823823,0.004277144775228414,0.018818879595409378,1.881887959540938e-05,1.28165460954258,-0.06965223802719
2008-08-29,0.0032590784948440922,0.00299413250181102,0.2649459930330723,0.0002649459930330723,1.2854920532651073,-0.06686665355508015
2008-09-05,-0.011541138748042428,-0.011678739937274972,0.13760118923254397,0.00013760118923254397,1.2704791258835906,-0.0777644752350094
2008-09-12,0.0018356868472261274,0.001822670891314856,0.013015955911271221,1.3015955911271222e-05,1.2727947912043618,-0.07608354338908374
2008-09-19,-0.0035215163802166404,-0.0035744377329543025,0.05292135273766192,5.2921352737661925e-05,1.2682452654763732,-0.07938602523369132
2008-09-26,-0.01190084864444986,-0.012193502881795989,0.2926542373461284,0.00029265423734612837,1.252780913176963,-0.09061153438802594
2008-10-03,-0.03527191913755112,-0.035285086842600136,0.013167705049011772,1.3167705049011772e-05,1.208576429860762,-0.12269938537080327
2008-10-10,-0.014720054895560553,-0.014727493000420467,0.00743810485991373,7.43810485991373e-06,1.1907771289495146,-0.13561982403201922
2008-10-17,-0.008621992797001743,-0.00866280189499597,0.04080909799422643,4.080909799422644e-05,1.1804616625803328,-0.1431077782583916
2008-10-24,1.9174743051447035e-05,1.7341354578251636e-05,0.0018333884731953996,1.8333884731953996e-06,1.1804821333845896,-0.14309291858653905
2008-10-31,0.014557312495985865,0.014471281890486349,0.08603060549951666,8.603060549951666e-05,1.1975652231034808,-0.13069237465745087
2008-11-07,0.0037550025490978335,0.0037439880782400843,0.011014470857749117,1.1014470857749117e-05,1.2020488930216953,-0.12743769727184506
2008-11-14,0.037902224521739275,0.03790041726673093,0.0018072550083506472,1.8072550083506472e-06,1.2476070476422296,-0.09436722190722835
2008-11-21,0.015214382615852812,0.015212158999013948,0.0022236168388629803,2.22361683886298e-06,1.2665858444192537,-0.08059059209216235
2008-11-28,0.0074688613414414465,0.007437345792937028,0.0315155485044182,3.15155485044182e-05,1.276005881320639,-0.07375262640027214
2008-12-05,0.02536301615746467,0.025361162777958995,0.0018533795056742616,1.8533795056742617e-06,1.3083668741824448,-0.05026191598575236
2008-12-12,0.04543096796287009,0.045430090960948646,0.0008770019214486974,8.770019214486974e-07,1.3678061002868453,-0.007115228439907972
2008-12-19,0.00884252189412086,0.008838914764380201,0.0036071297406579036,3.6071297406579037e-06,1.37989602182148,0.0
2008-12-26,-0.011825627303355466,-0.011918715808733722,0.0930885053782558,9.30885053782558e-05,1.3634494332917875,-0.011918715808733715
2009-01-02,-0.008306716363654314,-0.008307448050536525,0.0007316868822109523,7.316868822109524e-07,1.3521226479551824,-0.02012714974686014
2009-01-09,-0.0007006525970926821,-0.00070406757780981,0.0034149807171278863,3.4149807171278865e-06,1.3511706622375348,-0.020817046451099497
2009-01-16,-0.020207665256836774,-0.020212806052429526,0.005140795592751296,5.140795592751296e-06,1.3238597116979949,-0.040609081581028494
2009-01-23,-0.007070156635619537,-0.007070642229968464,0.0004855943489268273,4.855943489268274e-07,1.314499173313909,-0.04739259152384989
2009-01-30,-0.007926550334434084,-0.00813748845166143,0.21093811722734718,0.0002109381172273472,1.3038024514713487,-0.0551444233092917
2009-02-06,0.0018094798115714202,0.0018093604171428963,0.00011939442852391957,1.1939442852391958e-07,1.306161500018815,-0.05343483902891066
2009-02-13,0.00501860787814846,0.005018607860630786,1.7517673867040173e-08,1.7517673867040174e-11,1.3127166123900624,-0.0486843996714621
2009-02-20,-0.02862589712318467,-0.0286272451775651,0.0013480543804279752,1.3480543804279752e-06,1.2751371520785095,-0.07591794460330958
2009-02-27,0.0017146385245759115,0.0015706385296187125,0.14399999495719895,0.00014399999495719895,1.2771399316201124,-0.07446654572257427
2009-03-06,-0.002859007647068974,-0.0028624461858624546,0.0034385387934804217,3.4385387934804216e-06,1.273484187294034,-0.07711583542865874
2009-03-13,0.011811917431647338,0.011807111731515838,0.004805700131500279,4.805700131500279e-06,1.2885203573817334,-0.06621923898231807
2009-03-20,-0.0025207645129554897,-0.002600606252291725,0.07984173933623544,7.984173933623543e-05,1.2851694232841213,-0.06864763506769034
2009-03-27,-0.013055615358899883,-0.013105961971114802,0.05034661221491826,5.034661221491826e-05,1.2683260416961202,-0.08085390374420098
2009-04-03,-0.0032603509383068085,-0.0032608151901025386,0.0004642517957298177,4.642517957298177e-07,1.2641902648733547,-0.08385106929679542
2009-04-10,-0.0013591169257963075,-0.0013647881159617084,0.005671190165400866,5.671190165400867e-06,1.262464913023541,-0.08510141846987018
2009-04-17,0.012333881082680931,0.012309109108764357,0.0247719739165738,2.47719739165738e-05,1.2780047313839344,-0.07383983200636213
2009-04-24,-0.015373423864806212,-0.015515202030091534,0.14177816528532164,0.00014177816528532165,1.2581762297810999,-0.08820939412500695
2009-05-01,0.006657429148363931,0.0066352104117606975,0.022218736603232925,2.2218736603232924e-05,1.2665244938007731,-0.08215947160355963
2009-05-08,0.00713807297727635,0.006993045440795989,0.14502753648036043,0.00014502753648036043,1.2753813571378032,-0.07574097108107902
2009-05-15,0.0034875825042053853,0.0034181045575717045,0.06947794663368084,6.947794663368084e-05,1.2797407439672779,-0.07258175708195458
2009-05-22,0.009989400469601681,0.009916416704696727,0.07298376490495444,7.298376490495444e-05,1.2924311864584361,-0.06338509132564141
2009-05-29,-0.0057269573950861135,-0.005870747699361369,0.14379030427525574,0.00014379030427525574,1.2848436490439523,-0.068883721145929
2009-06-05,0.0031566688179391904,0.003051750590322859,0.10491822761633139,0.0001049182276163314,1.288764671408395,-0.06604218649227678
2009-06-12,-0.0073139017889687526,-0.007335820451960873,0.021918662992120464,2.1918662992120465e-05,1.2793105251741126,-0.07289353332187543
2009-06-19,0.01086541690621795,0.010813369265828501,0.05204764038944938,5.204764038944938e-05,1.2931441822884813,-0.06286838874894729
2009-06-26,-0.00603656718544577,-0.006169485295880876,0.1329181104351056,0.0001329181104351056,1.2851661482703987,-0.0686500084448658
2009-07-03,-0.006722355836847564,-0.006949151264679205,0.22679542783164158,0.0002267954278316416,1.2762353343058226,-0.0751221004165401
2009-07-10,0.02698760008297436,0.026899214439618797,0.08838564335556312,8.838564335556312e-05,1.3105650622387335,-0.050243611465180416
2009-07-17,0.02688783670471172,0.026824172343842417,0.06366436086930508,6.366436086930508e-05,1.345719885336044,-0.024767182414456967
2009-07-24,0.0153570633837255,0.015327067517358677,0.029995866366823012,2.9995866366823012e-05,1.3663458248780416,-0.009819723174179451
2009-07-31,0.009065886389742334,0.008906030067978452,0.1598563217638829,0.0001598563217638829,1.378514541877662,-0.0010011478560495446
2009-08-07,-0.0054225213663763264,-0.005474902849426001,0.05238148304967494,5.238148304967494e-05,1.370967308684361,-0.006470569518225666
2009-08-14,0.011443998306808529,0.011369666833226983,0.07433147358154571,7.433147358154571e-05,1.3865547502233482,0.0
2009-08-21,0.006549470781237244,0.006505103414080206,0.04436736715703795,4.436736715703795e-05,1.3955744322628352,0.0
2009-08-28,0.004042298804611099,0.003750025114820306,0.29227368979079255,0.00029227368979079253,1.400807871433422,0.0
2009-09-04,0.02043777632056249,0.020305694757135884,0.13208156342660526,0.00013208156342660527,1.4292522484841423,0.0
2009-09-11,0.009127186188808178,0.008934046828735507,0.19313936007267138,0.00019313936007267138,1.4420212550021752,0.0
2009-09-18,-0.005433226836257829,-0.005572847631112854,0.1396207948550252,0.00013962079485502522,1.4339850902672218,-0.005572847631112987
2009-09-25,-0.00887723706854109,-0.008919088822764485,0.041851754223394905,4.18517542233949e-05,1.4211952498766085,-0.01444223173085979
2009-10-02,0.029547290405526307,0.029366478689121563,0.18081171640474328,0.00018081171640474327,1.4629307498951907,0.0
2009-10-09,0.0051264768271855245,0.004992276270527787,0.13420055665773717,0.00013420055665773717,1.470234104363318,0.0
2009-10-16,0.002959555378842671,0.002756561003812292,0.2029943750303792,0.00020299437503037922,1.4742868943618808,0.0
2009-10-23,-0.034037776673813754,-0.03414049356820642,0.10271689439266637,0.00010271689439266637,1.423954012127228,-0.034140493568206365
2009-10-30,0.02891186858039631,0.028733407654269186,0.1784609261271239,0.00017846092612712388,1.4648690632386119,-0.006388058633150395
2009-11-06,0.022439323770255787,0.022276940919870872,0.1623828503849138,0.0001623828503849138,1.497501864815725,0.0
2009-11-13,-0.0018457816592149445,-0.002016129225665914,0.1703475664509694,0.0001703475664509694,1.4944827075405807,-0.0020161292256659635
2009-11-20,-0.002480979754170792,-0.0025609589899798797,0.07997923580908742,7.997923580908741e-05,1.4906553986153352,-0.004571924991380372
2009-11-27,0.027571984574910467,0.027384999581476367,0.18698499343409905,0.00018698499343409905,1.5314769960825416,0.0
2009-12-04,-0.010396716091293428,-0.010557413253465093,0.1606971621716644,0.0001606971621716644,1.515308560546723,-0.010557413253465042
2009-12-11,-0.00228010792661203,-0.0023386709775302258,0.05856305091819583,5.856305091819583e-05,1.511764752394169,-0.012871393915021678
2009-12-18,0.02380484184377408,0.023686084076218757,0.1187577675553208,0.0001187577675553208,1.5475725394228415,0.0
2009-12-25,-0.0044819020760382905,-0.00472971258508396,0.2478105090456695,0.0002478105090456695,1.540252966106803,-0.004729712585083923
2010-01-01,0.025502167592381886,0.025488978568880244,0.013189023501643532,1.3189023501643531e-05,1.5795124409505537,0.0
2010-01-08,-0.010137743601877431,-0.01023155074124025,0.09380713936282012,9.380713936282012e-05,1.5633515792645478,-0.01023155074124027
2010-01-15,-0.03755434701709336,-0.03769816027865722,0.1438132615638536,0.0001438132615638536,1.504416100857541,-0.04754400038015505
2010-01-22,-0.016844138263520825,-0.01698778165704194,0.14364339352111483,0.00014364339352111483,1.4788594086148346,-0.06372411493963659
2010-01-29,-0.008420994559999104,-0.008692271498498636,0.27127693849953216,0.00027127693849953214,1.4660047611270453,-0.07186247913007848
2010-02-05,0.009303774232437586,0.0091981466105194,0.10562762191818625,0.00010562762191818626,1.4794892878516113,-0.06332533413839292
2010-02-12,0.027301500363483007,0.027125120525102596,0.17637983838040994,0.00017637983838040994,1.5196206131001846,-0.037917920934086524
2010-02-19,-0.0007620623847223342,-0.000839032050769949,0.07696966604761483,7.696966604761484e-05,1.518345602700783,-0.03872513863389415
2010-02-26,0.03425608225668134,0.03420218053565184,0.05390172102950298,5.390172102950298e-05,1.5702763331198681,-0.005847442281066928
2010-03-05,0.010527398611998497,0.010380877481748195,0.14652113025030225,0.00014652113025030226,1.5865771793464742,0.0
2010-03-12,0.005865664733477596,0.005697943516286767,0.16772121719082886,0.00016772121719082887,1.59561740649862,0.0
2010-03-19,0.0024408364812511696,0.002409963050057373,0.030873431193796753,3.0873431193796754e-05,1.59946278549031,0.0
2010-03-26,0.013896239387590513,0.013845923277269781,0.05031611032073224,5.0316110320732236e-05,1.6216088245030573,0.0
2010-04-02,0.013431912334851135,0.013405052440796513,0.026859894054622573,2.6859894054622573e-05,1.6433465758339791,0.0
2010-04-09,-0.01246493706218296,-0.01250669964298325,0.041762580800288246,4.1762580800288246e-05,1.6227937338006986,-0.012506699642983232
2010-04-16,0.019164151613300977,0.019115905302660684,0.04824631064029293,4.824631064029293e-05,1.6538149051417839,0.0
2010-04-23,-0.016289924680383042,-0.016475689500710034,0.18576482032699204,0.00018576482032699204,1.6265671642730217,-0.01647568950070999
2010-04-30,-0.06334265685080458,-0.06358632761830851,0.24367076750393704,0.00024367076750393704,1.5231397316723743,-0.0790143885286888
2010-05-07,0.02506637008120239,0.02487609424444989,0.1902758367525,0.0001902758367525,1.5610294991849225,-0.05610386365994613
2010-05-14,-0.0377693974640092,-0.03796746440994719,0.19806694593798138,0.0001980669459379814,1.5017611672317415,-0.09194120662312366
2010-05-21,0.008886444675051293,0.008631574746787128,0.254869928264164,0.000254869928264164,1.5147237309985244,-0.08410322927361391
2010-05-28,-0.009779269737995696,-0.009982894001709975,0.20362426371427933,0.00020362426371427932,1.4996024045500915,-0.09324652965228386
2010-06-04,0.015867703216286853,0.015792267170815718,0.07543604547113567,7.543604547113566e-05,1.5232845263727444,-0.07892683659048827
2010-06-11,0.01565347683637022,0.015611075267640703,0.04240156872951527,4.240156872951527e-05,1.5470646357679816,-0.06454789410949857
2010-06-18,-0.008224765357190666,-0.008302993471650439,0.07822811445977212,7.822811445977213e-05,1.534219368196979,-0.07231494683774897
2010-06-25,-0.02332010663759804,-0.023465131778888048,0.1450251412900082,0.00014502514129000822,1.4982187085445144,-0.094083198859506
2010-07-02,0.01649595521539643,0.016471616364418233,0.024338850978196176,2.4338850978196177e-05,1.5228967923416539,-0.07916128485303875
2010-07-09,-0.005784740645618564,-0.005796881407660584,0.012140762042020324,1.2140762042020324e-05,1.5140687402403425,-0.08449927768032828
2010-07-16,0.01716373794653779,0.017149883282250075,0.013854664287714456,1.3854664287714456e-05,1.5400348424167678,-0.06879854714773026
2010-07-23,0.002745142272273486,0.002679482535168393,0.06565973710509329,6.565973710509329e-05,1.5441613388805744,-0.06630340911808918
2010-07-30,0.00982789949203974,0.009760837674243029,0.06706181779671108,6.706181779671109e-05,1.5592336470522294,-0.057189748257496675
2010-08-06,-0.005282595733892511,-0.0053798956169589605,0.09729988306644927,9.729988306644927e-05,1.5508451327886383,-0.06226196899847014
2010-08-13,0.010253005947680556,0.010125326371813124,0.1276795758674315,0.0001276795758674315,1.5665479459102611,-0.05276706538331821
2010-08-20,-0.0004024410689680676,-0.00044619441229945203,0.04375334333138444,4.375334333138444e-05,1.5658489609701969,-0.05318971542589013
2010-08-27,0.006134127632830638,0.006055902804219565,0.07822482861107297,7.822482861107297e-05,1.5753315900839204,-0.04745592436847401
2010-09-03,-0.001730627034710604,-0.001865211593709839,0.13458455899923497,0.00013458455899923496,1.5723932633381585,-0.04923262062186151
2010-09-10,0.009772659858625658,0.009761262201765387,0.01139765686027045,1.139765686027045e-05,1.5877418062658917,-0.03995193093886629
2010-09-17,0.01072946554994695,0.010717708559497028,0.011756990449920892,1.1756990449920893e-05,1.6047587602131788,-0.029662415531561237
2010-09-24,0.008698488800610272,0.008599945693428082,0.09854310718218916,9.854310718218916e-05,1.618559598402065,-0.021317565000840477
2010-10-01,0.011920378600617888,0.011848004658468572,0.07237394214931611,7.237394214931612e-05,1.6377363000639418,-0.009722130951809071
2010-10-08,0.0014651147673490736,0.001324138291485894,0.1409764758631798,0.0001409764758631798,1.6399048894102128,-0.00841086610619135
2010-10-15,-0.0036436278906226047,-0.0037454528341817482,0.10182494355914364,0.00010182494355914364,1.6337627029943829,-0.012124816438077723
2010-10-22,0.002989734779243852,0.0028900926070921738,0.09964217215167823,9.964217215167823e-05,1.63848442850405,-0.009269765673335373
2010-10-29,0.02083327341505576,0.020722407954076403,0.11086546097935589,0.00011086546097935589,1.6724377712579128,0.0
2010-11-05,-0.02316946218616728,-0.023259535891941758,0.0900737057744764,9.007370577447641e-05,1.6335376448903003,-0.02325953589194174
2010-11-12,-0.004763976959889326,-0.004871580555310992,0.1076035954216662,0.0001076035954216662,1.6255797346630843,-0.028017805744475988
2010-11-19,-0.002085736169029694,-0.0022204244590781986,0.13468829004850477,0.00013468829004850477,1.6219702576600565,-0.030176018782389402
2010-11-26,0.019862215097219024,0.019775791953689503,0.08642314352951865,8.642314352951864e-05,1.6540460040306137,-0.01099698149813122
2010-12-03,-0.009341203350056459,-0.009382849188983893,0.041645838927434065,4.1645838927434064e-05,1.638526339823153,-0.020276647668184045
2010-12-10,-0.000565667739908759,-0.0007007017355274891,0.13503399561873014,0.00013503399561873015,1.6373782215731314,-0.020963141521499806
2010-12-17,0.006601109956200634,0.006508545767735536,0.09256418846509834,9.256418846509835e-05,1.6480351726673337,-0.014591035319792445
2010-12-24,0.010117024792915735,0.01002093711585485,0.09608767706088521,9.608767706088521e-05,1.66455002949735,-0.0047163140513324375
2010-12-31,-0.0049109100912448755,-0.005021193714387637,0.11028362314276109,0.00011028362314276109,1.6561920013519544,-0.009713826239250323
2011-01-07,0.00963641689350046,0.009551460299893294,0.08495659360716626,8.495659360716626e-05,1.6720110535018686,-0.00025514716504115853
2011-01-14,-0.009541124437633369,-0.009573930245546008,0.032805807912640136,3.280580791264014e-05,1.65600333630586,-0.00982663464942668
2011-01-21,-0.0013529789991813077,-0.0013869647303268785,0.033985731145570734,3.398573114557074e-05,1.6537065180851,-0.011199970184076924
2011-01-28,0.01525014288428812,0.015067017172529748,0.18312571175837275,0.00018312571175837275,1.6786229425914128,0.0
2011-02-04,0.007705627092338553,0.007670198985936965,0.03542810640158772,3.542810640158772e-05,1.691498314583448,0.0
2011-02-11,0.009186229799115684,0.009066524694357158,0.11970510475852619,0.0001197051047585262,1.706834325823082,0.0
2011-02-18,-0.006506359969973775,-0.006626008157010519,0.11964818703674436,0.00011964818703674436,1.6955248276575128,-0.006626008157010532
2011-02-25,0.005943261095024366,0.005820440872074936,0.1228202229494298,0.0001228202229494298,1.7053935296640286,-0.0008441335736312228
2011-03-04,-0.013230094776704577,-0.013265660887679168,0.03556611097459128,3.556611097459128e-05,1.6827703574194632,-0.01409859647157874
2011-03-11,-0.011615202095060981,-0.011748153498342661,0.13295140328167918,0.00013295140328167918,1.6630009129580383,-0.025681117494462224
2011-03-18,0.018692725717190238,0.018622151997355105,0.07057371983513416,7.057371983513417e-05,1.6939695687308831,-0.007537203170550955
2011-03-25,0.012215527586885782,0.012027332679246256,0.1881949076395253,0.0001881949076395253,1.7143435042825286,0.0
2011-04-01,0.0031717045495498397,0.003125422789082572,0.04628176046726782,4.628176046726782e-05,1.719701552539129,0.0
2011-04-08,0.002178132468327105,0.0021391307993515623,0.039001668975542816,3.9001668975542816e-05,1.723380219095858,0.0
2011-04-15,0.012013501025721025,0.011901642952177872,0.11185807354315366,0.00011185807354315366,1.7438912751343831,0.0
2011-04-22,0.020558901158951554,0.020495611267108835,0.06328989184271847,6.328989184271846e-05,1.7796333928016401,0.0
2011-04-29,-0.02632545956620232,-0.026475554755479587,0.15009518927726656,0.00015009518927726657,1.7325166114658404,-0.02647555475547958
2011-05-06,-0.005805884568442139,-0.00596745732273437,0.16157275429223178,0.00016157275429223177,1.7221778925259896,-0.03228502033511493
2011-05-13,0.002986122609256822,0.00284439550909561,0.14172710016121215,0.00014172710016121216,1.727076447589354,-0.029532456192871703
2011-05-20,0.007689846269698135,0.00753672544997117,0.15312081972696484,0.00015312081972696485,1.7400929486059467,-0.02221830875708941
2011-05-27,-0.007858054434114303,-0.008069370055837249,0.21131562172294588,0.0002113156217229459,1.7260514946720922,-0.03010839105755092
2011-06-03,-0.02315901347333397,-0.023199602672071874,0.040589198737903495,4.0589198737903495e-05,1.6860077858041638,-0.05260949101999235
2011-06-10,0.0006275780791557229,0.0004490342626551285,0.1785438165005944,0.0001785438165005944,1.6867648610670931,-0.05218408022134602
2011-06-17,-0.003371807759550819,-0.0034642972851947553,0.09248952564393607,9.248952564393608e-05,1.6809214061381366,-0.05546759633909959
2011-06-24,0.033123993342081014,0.03294993637767158,0.17405696440943347,0.00017405696440943346,1.7363076595262543,-0.024345313731823692
2011-07-01,0.006127066410232569,0.006039899474312159,0.08716693592041017,8.716693592041017e-05,1.746794783246271,-0.018452457505122477
2011-07-08,-0.012325453183156426,-0.012414908160999218,0.08945497784279256,8.945497784279257e-05,1.7251084864361559,-0.0306382801008509
2011-07-15,0.015595327096015783,0.015412664759157292,0.1826623368584916,0.0001826623368584916,1.7516970052107736,-0.015697832881685136
2011-07-22,-0.015908603916631778,-0.01593425446350917,0.02565054687739407,2.565054687739407e-05,1.7237850193867783,-0.03138195408153188
2011-07-29,-0.03255889278316184,-0.032751883319923215,0.19299053676137676,0.00019299053676137675,1.667327813563191,-0.0631060193030255
2011-08-05,0.012177111997042085,0.011902931289351732,0.27418070769035313,0.00027418070769035316,1.6871739019648588,-0.05195423462538218
2011-08-12,0.009508600216551411,0.009439713236646653,0.06888697990475814,6.888697990475814e-05,1.7031003397797613,-0.04300495446502861
2011-08-19,0.0057863656414648005,0.005668626258653303,0.11773938281149747,0.00011773938281149747,1.7127545790869583,-0.03758010722050786
2011-08-26,0.019301084040578766,0.019027419621535077,0.2736644190436878,0.00027366441904368784,1.7453438791719513,-0.019267740068479755
2011-09-02,-0.005068394358930911,-0.005081815753993736,0.013421395062824693,1.3421395062824692e-05,1.7364743631506387,-0.024251640717449674
2011-09-09,-0.007933227248417088,-0.007948919378754754,0.015692130337666223,1.5692130337666222e-05,1.7226712684346799,-0.032007785759338825
2011-09-16,-0.02503618718273396,-0.02516484817003753,0.12866098730356818,0.00012866098730356817,1.6793205075176352,-0.0563671628604836
2011-09-23,-0.005923367305271121,-0.005984109345459234,0.06074204018811341,6.074204018811341e-05,1.6692712699745775,-0.06201396493989231
2011-09-30,-0.003195480803999399,-0.0032890826346646525,0.09360183066525367,9.360183066525366e-05,1.6637808988279594,-0.06509907851936658
2011-10-07,0.003824110258061237,0.003818169738985077,0.005940519076160082,5.940519076160082e-06,1.6701334967081656,-0.06152946811202009
2011-10-14,-0.005342840539564363,-0.005346380090022186,0.0035395504578225982,3.5395504578225983e-06,1.661204328233686,-0.06654688827877842
2011-10-21,0.015787382666293735,0.01573321566040111,0.054167005892622355,5.416700589262236e-05,1.6873404141857782,-0.05186066916319598
2011-10-28,0.014596588688831454,0.014537435082805602,0.05915360602585194,5.9153606025851946e-05,1.7118700159195983,-0.038077155191701184
2011-11-04,-0.0032130081367963605,-0.0032350124801098887,0.022004343313528216,2.200434331352822e-05,1.7063320950537724,-0.04118898759955891
2011-11-11,-0.0024305011102784954,-0.0024621284616221477,0.03162735134365214,3.162735134365214e-05,1.702130886237561,-0.04354970348250686
2011-11-18,-0.010577217542611034,-0.010705064872957417,0.1278473303463823,0.0001278473303463823,1.6839094646781234,-0.053788565954486
2011-11-25,0.014340854654622358,0.014165831163192324,0.17502349143003393,0.00017502349143003394,1.7077634418488552,-0.04038469453511517
2011-12-02,-0.007487165917534107,-0.00755330901731011,0.06614309977600252,6.614309977600253e-05,1.6948641768441057,-0.04763296547503193
2011-12-09,-0.004427905334908421,-0.004649944000156113,0.22203866524769209,0.0002220386652476921,1.6869831533339101,-0.05206141885316762
2011-12-16,-0.004245122575535103,-0.004471499287592421,0.2263767120573182,0.00022637671205731822,1.6794398093655971,-0.0563001255434471
2011-12-23,0.003599193473491258,0.0034269052216830075,0.17228825180825044,0.00017228825180825045,1.6851950904178146,-0.05306615551597027
2011-12-30,-0.0025943985976218356,-0.0028385236386512095,0.24412504102937377,0.00024412504102937378,1.6804116243179246,-0.05575404961777708
2012-01-06,0.007919060370488932,0.007841290346029758,0.07777002445917391,7.777002445917391e-05,1.6935882197650447,-0.04834994296276729
2012-01-13,-0.0006188424250548289,-0.0006665567286216962,0.047714303566867275,4.771430356686728e-05,1.6924593471416458,-0.04898427171157871
2012-01-20,0.013501046747927658,0.013444734529188486,0.05631221873917176,5.631221873917177e-05,1.715214013765409,-0.03619811771165804
2012-01-27,0.005614953339588979,0.005373825721909466,0.24112761767951368,0.00024112761767951368,1.724431274951161,-0.031018814365792235
2012-02-03,-0.002242268923426984,-0.0024503397619230483,0.20807083849606395,0.00020807083849606396,1.7202058324314444,-0.03339314749350719
2012-02-10,0.002071339555210701,0.0019761535523817844,0.09518600282891655,9.518600282891655e-05,1.7236052232980315,-0.03148298392816995
2012-02-17,0.009880528394611893,0.009705835764795376,0.17469262981651654,0.00017469262981651654,1.7403342525187058,-0.022082716834767036
2012-02-24,-0.00403202905842106,-0.00420828908806201,0.17626002964095025,0.00017626002964095025,1.7330104228742507,-0.02619807546653863
2012-03-02,-0.0028588089376628415,-0.0030332741197173787,0.17446518205453734,0.00017446518205453736,1.7277537272093457,-0.029151883641956866
2012-03-09,-0.008654578451783643,-0.00879763213030578,0.14305367852213607,0.00014305367852213607,1.7125535855055931,-0.037693048224075376
2012-03-16,0.0021586898899439164,0.002025138678008747,0.13355121193516958,0.0001335512119351696,1.7160217440097632,-0.03574424319591718
2012-03-23,0.003982518034732535,0.0038946364992493623,0.08788153548317294,8.788153548317295e-05,1.7227050249274891,-0.031988817530856695
2012-03-30,-0.0032537560814905066,-0.0033873736482212414,0.13361756673073477,0.00013361756673073476,1.7168695793223914,-0.03526783310153614
2012-04-06,-0.0010227214258439503,-0.001082084731884124,0.05936330604017365,5.9363306040173646e-05,1.7150117809639704,-0.036311755049694416
2012-04-13,0.002316358105941619,0.0022059604534978945,0.11039765244372443,0.00011039765244372443,1.71879502913006,-0.034185896891833156
2012-04-20,0.011493164643985372,0.011397279683517877,0.09588496046749471,9.588496046749471e-05,1.7383846167956953,-0.023178243436423496
2012-04-27,-0.012287366646346932,-0.012356181425566732,0.0688147792198009,6.88147792198009e-05,1.7169048210831535,-0.035248030280963905
2012-05-04,-0.004260593033072398,-0.004290281300266484,0.029688267194086168,2.968826719408617e-05,1.7095388164349232,-0.03938708761604459
2012-05-11,-0.02010036655920145,-0.020156078752239695,0.0557121930382457,5.57121930382457e-05,1.6750812174208503,-0.05874927712847389
2012-05-18,0.005466196472839749,0.005356259711789514,0.10993676105023428,0.00010993676105023428,1.684053387459697,-0.05370769380286433
2012-05-25,-5.353808175321412e-06,-0.00015385241598201728,0.14849860780669585,0.00014849860780669587,1.6837942917773936,-0.05385328316039806
2012-06-01,0.010067382753232492,0.009934239891995416,0.13314286123707572,0.00013314286123707574,1.7005215082006828,-0.04445403470228948
2012-06-08,0.006850977362641262,0.0067051123876912064,0.14586497495005532,0.0001458649749500553,1.7119236960308544,-0.03804699161336356
2012-06-15,-0.003483431697531514,-0.003617961454074843,0.13452975654332913,0.00013452975654332914,1.7057300220862974,-0.04152730051833775
2012-06-22,0.014372491204965311,0.014308725460861444,0.06376574410386734,6.376574410386735e-05,1.7301368446826793,-0.02781277779972391
2012-06-29,0.007719019892547801,0.007674861896140434,0.044157996407366805,4.41579964073668e-05,1.743415406027043,-0.020351375132144467
2012-07-06,0.007980711069280683,0.007876647245137432,0.10406382414325185,0.00010406382414325186,1.7571476741820562,-0.012635028489876299
2012-07-13,0.0033839492030661774,0.0032954254416114313,0.08852376145474625,8.852376145474625e-05,1.762938223332224,-0.009381240842605942
2012-07-20,0.002750175413641061,0.0027221470412658695,0.028028372375191835,2.8028372375191835e-05,1.7677372004008023,-0.0066846309183431485
2012-07-27,0.0013147275793019735,0.0011223962014722374,0.1923313778297361,0.00019233137782973612,1.769721301919733,-0.005569737521222029
2012-08-03,-0.003318425359608963,-0.0034036636374190038,0.0852382778100405,8.52382778100405e-05,1.7636977658760231,-0.008954443645570076
2012-08-10,-0.006180691225246483,-0.00620253756042499,0.02184633517850679,2.184633517850679e-05,1.7527583642379394,-0.015101440932950738
2012-08-17,0.0063190542401011405,0.006209962722539655,0.1090915175614858,0.0001090915175614858,1.7636429283414765,-0.008985257595661378
2012-08-24,0.005072662775336604,0.004943256713288654,0.1294060620479501,0.0001294060620479501,1.7723610680868445,-0.004086417317303193
2012-08-31,0.009164460062379132,0.008941768653299929,0.22269140907920398,0.00022269140907920398,1.7882091107277927,0.0
2012-09-07,0.006301534595080446,0.006186827966042197,0.1147066290382488,0.0001147066290382488,1.7992724528631747,0.0
2012-09-14,0.0018866532208762737,0.0017689217296005834,0.11773149127569027,0.00011773149127569027,1.8024552250025163,0.0
2012-09-21,-0.005072221787988869,-0.005140341627641423,0.06811983965255412,6.811983965255413e-05,1.793189989377476,-0.0051403416276414315
2012-09-28,0.00924961325075354,0.00909312354095926,0.15648970979427965,0.00015648970979427964,1.8094956874832968,0.0
2012-10-05,-0.0097363691712254,-0.009888093909585694,0.15172473836029293,0.00015172473836029294,1.7916032241964717,-0.009888093909585671
2012-10-12,0.00019671627490572643,7.420472106674984e-05,0.12251155383897658,0.00012251155383897659,1.7917361696139853,-0.00981462293176949
2012-10-19,-0.00885524863839961,-0.008937656323095748,0.08240768469613738,8.240768469613738e-05,1.7757222475083156,-0.018664559528160152
2012-10-26,0.00040061853535973955,0.00033830063417397227,0.06231790118576729,6.231790118576729e-05,1.7763229754707646,-0.018332573126311202
2012-11-02,-0.010963463257332402,-0.011010188405011492,0.04672514767908964,4.6725147679089644e-05,1.7567653248426809,-0.02914091644725325
2012-11-09,-0.0083174569247367,-0.008413069124431542,0.0956121996948423,9.56121996948423e-05,1.741985536729375,-0.03730882102726474
2012-11-16,0.01294711285719126,0.012600632214358662,0.3464806428325983,0.00034648064283259827,1.763935655800434,-0.02517830354502204
2012-11-23,0.0027965374658375174,0.0025815231190469932,0.21501434679052414,0.00021501434679052414,1.768489296476394,-0.022661778798674925
2012-11-30,0.005447761373956244,0.005337261268696365,0.110500105259879,0.000110500105259879,1.7779281859025817,-0.017445469364240407
2012-12-07,-0.0006976245237503498,-0.0007938653352465153,0.09624081149616548,9.624081149616549e-05,1.7765167503472359,-0.01822548534610169
2012-12-14,0.006163819488655226,0.0060711688944460225,0.09265059420920346,9.265059420920346e-05,1.7873022835824062,-0.012264966451375092
2012-12-21,-0.0047007959089203095,-0.0047604628396030494,0.05966693068274017,5.966693068274017e-05,1.7787938974782744,-0.01696704237395741
2012-12-28,0.018266537564502923,0.018186166388345252,0.08037117615767161,8.037117615767161e-05,1.8111433392683878,0.0
2013-01-04,0.0057319997340457614,0.005692455989438646,0.039543744607115475,3.954374460711548e-05,1.821453193017738,0.0
2013-01-11,0.005007916737269808,0.004962478082817444,0.045438654452363905,4.5438654452363905e-05,1.8304921145669664,0.0
2013-01-18,0.004044951946727844,0.003970373616889768,0.07457832983807663,7.457832983807664e-05,1.8377598521645677,0.0
2013-01-25,0.0009336819165509639,0.0008605245383158045,0.07315737823515944,7.315737823515944e-05,1.839341289612887,0.0
2013-02-01,-0.0012346775993097752,-0.0013450239957228025,0.11034639641302726,0.00011034639641302727,1.8368673314420338,-0.0013450239957227828
2013-02-08,-0.00018605362060503065,-0.0004042906694825874,0.21823704887755674,0.00021823704887755674,1.8361247031188546,-0.0017487708845536076
2013-02-15,-0.0013313183365206286,-0.0014365042595679495,0.10518592304732102,0.00010518592304732102,1.8334871021617263,-0.00318276302729692
2013-02-22,0.001930024823310994,0.0017995373608699853,0.13048746244100873,0.00013048746244100873,1.8367865307027393,-0.0013889531674055045
2013-03-01,0.011432688116916152,0.011376448528272855,0.056239588643296166,5.623958864329617e-05,1.8576826381267038,0.0
2013-03-08,0.0033771399876531697,0.0033231317603604894,0.05400822729268033,5.400822729268033e-05,1.8638559623021331,0.0
2013-03-15,-0.0016872006469492414,-0.0017642576740951091,0.07705702714586768,7.705702714586768e-05,1.8605676401172335,-0.0017642576740951599
2013-03-22,0.007291493745966418,0.007239862415595469,0.05163133037094924,5.163133037094924e-05,1.8740378938465914,0.0
2013-03-29,0.002799418073579882,0.0026718942238821274,0.12752384969775463,0.00012752384969775464,1.8790451248704962,0.0
2013-04-05,0.021186872210242236,0.02107951568482033,0.10735652542190699,0.000107356525421907,1.9186544860526888,0.0
2013-04-12,-0.010823419030366859,-0.010896820278616895,0.07340124825003602,7.340124825003602e-05,1.8977472529414106,-0.010896820278616937
2013-04-19,0.013920110819604186,0.013843749776157923,0.07636104344626335,7.636104344626335e-05,1.9240191910495223,0.0
2013-04-26,0.011342200472714444,0.01115303566841608,0.1891648042983639,0.0001891648042983639,1.945477845714015,0.0
2013-05-03,0.0035356760746076536,0.0034860744105553324,0.049601664052321345,4.9601664052321345e-05,1.952259926248261,0.0
2013-05-10,0.010644512047535453,0.010572260778522307,0.07225126901314602,7.225126901314602e-05,1.9728997272960165,0.0
2013-05-17,-0.013607353713813256,-0.013685625829351244,0.07827211553798724,7.827211553798724e-05,1.945899359829414,-0.013685625829351289
2013-05-24,-0.02091726901068959,-0.02093025092072755,0.012981910037959572,1.2981910037959572e-05,1.9051711979617014,-0.034329433167463286
2013-05-31,0.003840672600090996,0.0037603134345634347,0.08035916552756114,8.035916552756115e-05,1.91233523881254,-0.030698209161640344
2013-06-07,-0.008089333637504548,-0.008205217921027682,0.11588428352313473,0.00011588428352313474,1.8966441114400228,-0.03865154158671147
2013-06-14,-0.026859199723125688,-0.02687165289575464,0.012453172628952899,1.2453172628952898e-05,1.8456781492106296,-0.0644845636730621
2013-06-21,0.012574147578842046,0.012460728415525646,0.11341916331640092,0.00011341916331640092,1.8686766433704132,-0.052827359892460235
2013-06-28,0.007955222600374012,0.007712365613635793,0.24285698673821934,0.00024285698673821935,1.8830885608577475,-0.045522418192718184
2013-07-05,0.024674682856694753,0.024636217064351727,0.0384657923430263,3.84657923430263e-05,1.9294807393944367,-0.022007701304256444
2013-07-12,0.009992101221937338,0.009920305862486961,0.07179535945037652,7.179535945037651e-05,1.948621778485007,-0.012305718570037927
2013-07-19,-0.002209106995667868,-0.0022860686763577624,0.07696168068989424,7.696168068989425e-05,1.944167095275144,-0.014563655528632702
2013-07-26,0.0039934078400261554,0.0038332114580760094,0.16019638195014616,0.00016019638195014616,1.9516194988611668,-0.010786269641800628
2013-08-02,-0.005297106796417485,-0.005355070484244863,0.057963687827377645,5.796368782737765e-05,1.9411684388863386,-0.016083578891851524
2013-08-09,-0.01635668078369945,-0.016459198932420475,0.10251814872102383,0.00010251814872102383,1.9092183613893723,-0.03227805499974579
2013-08-16,0.005844244332693473,0.00578695426571138,0.05729006698209202,5.729006698209202e-05,1.9202669207299892,-0.02667789236210394
2013-08-23,-0.01652463442989114,-0.016677085588787808,0.15245115889666694,0.00015245115889666694,1.8882424649396572,-0.04291006845664047
2013-08-30,0.013076693379208575,0.012878614329331243,0.19807904987733144,0.00019807904987733144,1.912560411405881,-0.03058407634980742
2013-09-06,0.01740520143180675,0.01728942932749996,0.11577210430678957,0.00011577210430678957,1.945627489473457,-0.013823428248904368
2013-09-13,0.015893972841649073,0.015865657393775597,0.028315447873475234,2.8315447873475234e-05,1.976496148637355,0.0
2013-09-20,-0.004115229228768898,-0.004191251894961734,0.07602266619283629,7.602266619283629e-05,1.968212155408994,-0.004191251894961723
2013-09-27,0.001074126607790433,0.0009172679599667179,0.15685864782371492,0.00015685864782371493,1.9700175333575676,-0.0032778284360704957
2013-10-04,0.005520850061584843,0.005489432903387174,0.031417158197669506,3.1417158197669504e-05,1.9808318124254303,0.0
2013-10-11,0.020804688543235982,0.020786296863331794,0.018391679904187594,1.8391679904187594e-05,2.022005970514837,0.0
2013-10-18,0.00683889718601821,0.006664671784702196,0.17422540131601427,0.00017422540131601427,2.0354819766550265,0.0
2013-10-25,-0.007027535111327885,-0.007217618894837056,0.19008378350917135,0.00019008378350917135,2.020790643480221,-0.0072176188948370745
2013-11-01,-0.0076229670495227345,-0.007639430444574706,0.016463395051971887,1.6463395051971887e-05,2.0053529539163066,-0.014801910841889088
2013-11-08,0.012485720037010217,0.012415114593654707,0.07060544335550971,7.060544335550971e-05,2.0302496406399015,-0.0025705636675414922
2013-11-15,-0.0020004922304640693,-0.0020222931993775484,0.02180096891347898,2.180096891347898e-05,2.026143880598597,-0.004587658433495512
2013-11-22,0.004984693945305127,0.004969257030536797,0.015436914768329073,1.5436914768329075e-05,2.036212310322141,0.0
2013-11-29,-0.0032605705168085113,-0.0033307473097087103,0.07017679290019911,7.017679290019911e-05,2.0294302016475396,-0.003330747309708726
2013-12-06,-0.010858986789414151,-0.010884074812146273,0.025088022732121976,2.5088022732121975e-05,2.0073417315067785,-0.014178570018955838
2013-12-13,0.014522275556679792,0.014469537250611833,0.052738306067958984,5.2738306067958984e-05,2.0363870374655235,0.0
2013-12-20,0.008770167004869954,0.008718874017095684,0.051292987774270216,5.129298777427022e-05,2.054142039495232,0.0
2013-12-27,-0.003232046500640021,-0.003366962387483717,0.134915886843696,0.000134915886843696,2.0472258205097025,-0.003366962387483796
2014-01-03,0.006895091683299238,0.006869343117956463,0.025748565342775514,2.5748565342775515e-05,2.0612889171107236,0.0
2014-01-10,0.0018716544396221555,0.0017667872713670984,0.10486716825505704,0.00010486716825505705,2.064930776132085,0.0
2014-01-17,-0.014499136783281618,-0.014671484432228269,0.17234764894665133,0.00017234764894665135,2.034635176396434,-0.014671484432228321
2014-01-24,-0.004578811089690181,-0.004600379726622444,0.021568636932263803,2.1568636932263802e-05,2.025275081979867,-0.01920436975930928
2014-01-31,0.008700879664188772,0.008639651291328584,0.061228372860186786,6.122837286018678e-05,2.0427727524571897,-0.010730637525971032
2014-02-07,0.018404532367425053,0.018361924723966947,0.042607643458107955,4.260764345810796e-05,2.0802819919659794,0.0
2014-02-14,0.001082047392412744,0.0010414652728516962,0.040582119561047875,4.0582119561047876e-05,2.0824485334183507,0.0
2014-02-21,0.009306056439797379,0.009206477437206777,0.09957900259060232,9.957900259060232e-05,2.101620548855411,0.0
2014-02-28,0.0005398349236591736,0.00045024207272945744,0.08959285092971611,8.959285092971611e-05,2.1025667868474183,0.0
2014-03-07,-0.008954464369077179,-0.00898844093329759,0.033976564220411246,3.3976564220411245e-05,2.083667989475527,-0.008988440933297537
2014-03-14,0.0012679459183521356,0.0011137869683425826,0.15415895000955296,0.00015415895000955296,2.0859887517285576,-0.007884665173332084
2014-03-21,-0.0030660743719516043,-0.0031956815236791106,0.12960715172750623,0.00012960715172750622,2.0793225960160564,-0.01105514981819633
2014-03-28,0.0007676667257200486,0.0005579205991343974,0.20974612658565112,0.0002097461265856511,2.0804826929246194,-0.010503397114872026
2014-04-04,-0.009355701053527626,-0.009466690827519378,0.11098977399175183,0.00011098977399175184,2.0607874064986973,-0.019870655529266146
2014-04-11,0.013514351112489886,0.013282394894770124,0.23195621771976216,0.00023195621771976215,2.088159598625982,-0.006852190528053637
2014-04-18,0.002160907551810578,0.0017877586928996595,0.3731488589109184,0.0003731488589109184,2.0918927241005876,-0.0050766818983359885
2014-04-25,0.007173914345938754,0.006842755474558778,0.33115887137997596,0.00033115887137997595,2.1062070344906165,0.0
2014-05-02,-0.0020545371687220046,-0.0021803516711790733,0.1258145024570689,0.0001258145024570689,2.101614762463116,-0.002180351671179026
2014-05-09,0.0066974706746491955,0.006588632914239889,0.10883776040930611,0.00010883776040930611,2.115461530660133,0.0
2014-05-16,0.0038583877376497386,0.0037651654586964662,0.09322227895327229,9.322227895327229e-05,2.123426593344576,0.0
2014-05-23,0.007757512552925133,0.007654914995246454,0.10259755767867842,0.00010259755767867843,2.1396812434152745,0.0
2014-05-30,0.004952901275674746,0.00478803569087941,0.1648655847953367,0.0001648655847953367,2.149926113575852,0.0
2014-06-06,-0.003379768326004499,-0.00354153474532921,0.16176641932471114,0.00016176641932471114,2.1423120755447327,-0.0035415347453291446
2014-06-13,0.010602222813356384,0.01055365479807207,0.04856801528431392,4.856801528431392e-05,2.164921297659773,0.0
2014-06-20,0.0012462965704960808,0.0011093290571421296,0.1369675133539512,0.0001369675133539512,2.167322907761693,0.0
2014-06-27,0.0024884305092373834,0.0022808748445247882,0.2075556647125951,0.0002075556647125951,2.172266300061969,0.0
2014-07-04,-0.0010748303465920918,-0.001168538950689666,0.09370860409757431,9.370860409757431e-05,2.169727922279076,-0.0011685389506896904
2014-07-11,0.005042563104124353,0.004896481303864277,0.14608180026007647,0.00014608180026007647,2.180351954484988,0.0
2014-07-18,0.003964916512383504,0.00388762297663057,0.07729353575293407,7.729353575293408e-05,2.188828340840385,0.0
2014-07-25,-0.018531636114155012,-0.01858859207722779,0.056955963072777255,5.6955963072777254e-05,2.1481411036854277,-0.01858859207722774
2014-08-01,0.0002648700496931464,0.00021387240344513157,0.05099764624801484,5.099764624801484e-05,2.148600531786212,-0.018378695260646838
2014-08-08,0.014750877021865815,0.014693883889740078,0.05699313212573827,5.699313212573827e-05,2.1801718185257126,-0.0039548657851116165
2014-08-15,0.009573402904657862,0.00954553009264698,0.02787281201088171,2.7872812010881708e-05,2.200982714226591,0.0
2014-08-22,0.0068898943189331695,0.006866379878815798,0.023514440117371985,2.3514440117371986e-05,2.2160954976491776,0.0
2014-08-29,0.0014185557832349957,0.0012660636132223063,0.1524921700126895,0.0001524921700126895,2.218901215522177,0.0
2014-09-05,-0.01978339241818585,-0.019950184745527712,0.16679232734185973,0.00016679232734185973,2.1746337263404336,-0.019950184745527566
2014-09-12,0.003291502862489938,0.0031066771085869736,0.1848257539029643,0.0001848257539029643,2.1813896111576168,-0.016905486419201532
2014-09-19,-0.009693455885879566,-0.009844761991460803,0.1513061055812367,0.0001513061055812367,2.159914349625125,-0.02658381792051534
2014-09-26,-0.0022762081967658346,-0.002422535162805699,0.1463269660398643,0.00014632696603986432,2.1546818811645094,-0.028941952849647068
2014-10-03,-0.015772706332415898,-0.015846012682726573,0.07330635031067326,7.330635031067326e-05,2.1205387647483356,-0.04432935098045521
2014-10-10,-0.003509058765709003,-0.0036164037052062855,0.10734493949728272,0.00010734493949728271,2.112870040502466,-0.047785441856526445
2014-10-17,0.007066070449331799,0.006634926561468841,0.43114388786295776,0.0004311438878629578,2.1268887780551275,-0.041467568192482984
2014-10-24,0.007175846176978559,0.007091051635120613,0.08479454185794597,8.479454185794597e-05,2.141970656202475,-0.034670565224598104
2014-10-31,0.0026790017508273103,0.002382916039407564,0.2960857114197464,0.0002960857114197464,2.14707479243508,-0.03237026623115968
2014-11-07,-0.00013848080907682882,-0.0003292525503850266,0.19077174130819777,0.00019077174130819778,2.146367862583803,-0.0326888607888316
2014-11-14,0.007879174622717918,0.0078075933907779576,0.07158123193996012,7.158123193996012e-05,2.1631258301218907,-0.02513648873150054
2014-11-21,0.008340721270733563,0.008303526756406651,0.03719451432691138,3.719451432691138e-05,2.1810874033297822,-0.017041683481837988
2014-11-28,-0.003182343717564986,-0.0033623312849807,0.17998756741571423,0.00017998756741571424,2.1737538649182895,-0.020346714981298808
2014-12-05,-0.006179511301033581,-0.006216591824151148,0.03708052311756644,3.708052311756644e-05,2.1602405244139216,-0.0264368195834489
2014-12-12,0.01606937026956165,0.01604970211693701,0.019668152624639775,1.9668152624639776e-05,2.1949117413317007,-0.010811420545745465
2014-12-19,0.0024917695700608583,0.0022899199167388464,0.20184965332201216,0.00020184965332201217,2.19993791344366,-0.008546257916242639
2014-12-26,0.0017900642415589905,0.0015623928816254815,0.2276713599335091,0.0002276713599335091,2.2033750807796424,-0.00699721764715
2015-01-02,0.015170247000534485,0.015130423922727237,0.03982307780724818,3.982307780724818e-05,2.2367130798126116,0.0
2015-01-09,0.008102028156493107,0.00805403004671342,0.04799810977968837,4.799810977968837e-05,2.254727634163299,0.0
2015-01-16,0.009067738385071102,0.008888714364954928,0.17902402011617483,0.00017902402011617482,2.2747692640741475,0.0
2015-01-23,0.001948515719912846,0.0019098499333567883,0.038665786556057784,3.8665786556057784e-05,2.2791137320015413,0.0
2015-01-30,-0.014393430308326446,-0.014690417529899519,0.29698722157307345,0.00029698722157307344,2.2456325996803113,-0.014690417529899524
2015-02-06,-0.004714415834240343,-0.004967107374852902,0.25269154061255894,0.00025269154061255893,2.234478301433229,-0.019584556023500066
2015-02-13,-0.0025310127889228715,-0.0027473206685533877,0.21630787963051612,0.00021630787963051613,2.228339473012267,-0.022278071636505636
2015-02-20,0.002260069122361344,0.002109195553499171,0.15087356886217335,0.00015087356886217334,2.2330394767204313,-0.02021586489264271
2015-02-27,-0.02513337523635756,-0.025307397719167905,0.17402248281034424,0.00017402248281034424,2.176527058560465,-0.04501165167873544
2015-03-06,0.00743255568054207,0.007308813970063572,0.12374171047849836,0.00012374171047849835,2.192434889932293,-0.038031819497277075
2015-03-13,0.03026403905527183,0.030190968741157825,0.07307031411400466,7.307031411400467e-05,2.258626623161263,-0.008989068229730779
2015-03-20,-0.013632666967466464,-0.01367434285251349,0.04167588504702434,4.167588504702434e-05,2.227741388340341,-0.022540491481346292
2015-03-27,0.0046698828589773955,0.004455782958477879,0.21409990049951674,0.00021409990049951673,2.237667720454404,-0.01818514406068661
2015-04-03,0.00403833103036863,0.003949955859723309,0.08837517064532131,8.837517064532131e-05,2.246506409178927,-0.014307018717305664
2015-04-10,-0.0033030971926124916,-0.003393245545405529,0.09014835279303747,9.014835279303748e-05,2.2388834613132556,-0.017651717035180647
2015-04-17,0.007452636146552903,0.007372516902917645,0.08011924363525796,8.011924363525796e-05,2.2553896674754506,-0.01040933771447028
2015-04-24,-0.01565599097318023,-0.015714097327670262,0.05810635449003344,5.8106354490033447e-05,2.2199482547289193,-0.02595986169617881
2015-05-01,-0.0004345421502874171,-0.0005211482897764178,0.08660613948900073,8.660613948900073e-05,2.218791332492575,-0.026467481048429442
2015-05-08,0.0031657347160193314,0.003144719617154402,0.02101509886492938,2.101509886492938e-05,2.2257688091222367,-0.02340599423814471
2015-05-15,-0.004040337563044734,-0.004059405076476669,0.0190675134319349,1.90675134319349e-05,2.2167335119194225,-0.02737038490279109
2015-05-22,-0.00220646813213535,-0.002239210141456413,0.03274200932106319,3.2742009321063194e-05,2.211769779758626,-0.02954830700079769
2015-05-29,-0.013731429323075401,-0.013887390280689103,0.1559609576137014,0.0001559609576137014,2.181054069616084,-0.04302534841003314
2015-06-05,0.001682721899122849,0.0016406274275709669,0.04209447155188198,4.209447155188198e-05,2.184632366743711,-0.04145530954914467
2015-06-12,0.0074615513223745475,0.0074517838486405545,0.009767473733993306,9.767473733993306e-06,2.200911774929429,-0.03431244170664283
2015-06-19,-0.007664568733115508,-0.007774140374502075,0.10957164138656733,0.00010957164138656734,2.1838015778392332,-0.04181983234272557
2015-06-26,-0.007134642983907089,-0.007365076656828356,0.23043367292126793,0.00023043367292126794,2.1677177118151443,-0.048876902728574145
2015-07-03,-0.000440809638802711,-0.000552357902362404,0.11154826355969304,0.00011154826355969304,2.166520355806932,-0.04940226308747153
2015-07-10,0.020549800332738913,0.020476393435182604,0.07340689755630725,7.340689755630725e-05,2.210882878997767,-0.02993744982785629
2015-07-17,-0.011596293595203205,-0.011844095475229624,0.2478018800264182,0.0002478018800264182,2.184696971094367,-0.04142696328903983
2015-07-24,0.008431770917218572,0.008224167728994503,0.20760318822406884,0.00020760318822406884,2.2026642854216734,-0.03354349785463728
2015-07-31,-0.005013562411104832,-0.005145855800757649,0.1322933896528172,0.00013229338965281722,2.1913296926314145,-0.03851674365238189
2015-08-07,0.0022033347001561726,0.002137155733573591,0.06617896658258127,6.617896658258127e-05,2.196012905448172,-0.0364619041983435
2015-08-14,-0.03466893821363004,-0.034725837434155915,0.056899220525876607,5.689922052587661e-05,2.1197545182902706,-0.06992157147476785
2015-08-21,-0.0010417485128036534,-0.0013513339130043723,0.3095854002007189,0.0003095854002007189,2.116890022122461,-0.07117841799698776
2015-08-28,-0.00650650469097152,-0.006818684636797376,0.3121799458258562,0.00031217994582585616,2.102455616650825,-0.0775117594485174
2015-09-04,0.0005487286861015945,0.0005375527293904245,0.011175956711170044,1.1175956711170044e-05,2.103585797405978,-0.07701587337697835
2015-09-11,0.00478052508296224,0.004774794452919133,0.0057306300431071745,5.730630043107175e-06,2.113629987202671,-0.0726088138890465
2015-09-18,-0.005434767734440774,-0.005437688757193093,0.0029210227523191884,2.9210227523191883e-06,2.102136725184393,-0.07765167851528199
2015-09-25,0.0059040070694682464,0.005536035859975591,0.36797120949265594,0.00036797120949265595,2.1137742294775856,-0.07254552513215429
2015-10-02,0.004259018976510918,0.004232850527230561,0.026168449280356446,2.6168449280356446e-05,2.1227215198392764,-0.06861974896922751
2015-10-09,0.005795344956665639,0.005759479154530814,0.0358658021348249,3.58658021348249e-05,2.1349472901836646,-0.06325548382847412
2015-10-16,0.0013892438275355423,0.0012569358432359254,0.13230798429961707,0.00013230798429961707,2.137630781956116,-0.062078056070143384
2015-10-23,-0.005631826319529375,-0.005831299316401062,0.1994729968716875,0.0001994729968716875,2.1251656170385775,-0.06754735966061898
2015-10-30,-0.01190547945621623,-0.012237471265389635,0.33199180917340576,0.00033199180917340576,2.099158963865874,-0.07895822205310887
2015-11-06,-0.013229671142497571,-0.013395574561810676,0.1659034193131053,0.0001659034193131053,2.071039523448315,-0.09129610586413917
2015-11-13,0.014481427990807776,0.01436607026277576,0.11535772803201626,0.00011535772803201626,2.1007922227591593,-0.0782416018729255
2015-11-20,0.0037400016237407793,0.0036300433424047477,0.1099582813360314,0.00010995828133603141,2.108418189581162,-0.07489557893649867
2015-11-27,-0.0003542154906543742,-0.0005507426996172609,0.19652720896288675,0.00019652720896288676,2.1072569936555094,-0.07540507344278313
2015-12-04,-0.011931388245265923,-0.01201418315717576,0.08279491190983586,8.279491190983586e-05,2.081940022174493,-0.08651332623663699
2015-12-11,0.0007326279570493118,0.0005831923078936157,0.1494356491556961,0.0001494356491556961,2.083154193580921,-0.08598058783513474
2015-12-18,0.010404445079191735,0.010302588555235467,0.10185652395626768,0.00010185652395626768,2.1046160741344986,-0.07656382190010202
2015-12-25,-0.003980825207585839,-0.004242099113404604,0.26127390581876553,0.00026127390581876555,2.0956880841523557,-0.0804811296925052
2016-01-01,-0.0030229852709857032,-0.0031456764281430094,0.12269115715730627,0.0001226911571573063,2.0890957275452977,-0.08337363852806412
2016-01-08,-0.007513317585293763,-0.007662688323503981,0.14937073821021807,0.00014937073821021807,2.0730876381071544,-0.09039746064513099
2016-01-15,0.002718542789347995,0.0025750672320241992,0.1434755573237959,0.00014347555732379592,2.0784259781531587,-0.08805517295187226
2016-01-22,0.009875223294548702,0.009769174207565132,0.10604908698356985,0.00010604908698356986,2.098730483611266,-0.07914622506875113
2016-01-29,0.006455037682415765,0.0062737937816962075,0.18124390071955715,0.00018124390071955717,2.1118974858688024,-0.07336897838173606
2016-02-05,0.010179703178993827,0.010066034191740757,0.11366898725307009,0.00011366898725307009,2.133155918171009,-0.064041478834999
2016-02-12,0.001959074815701507,0.0018943909524759522,0.06468386322555482,6.468386322555482e-05,2.137196949442613,-0.06226840748061124
2016-02-19,0.0007611742295953088,0.0007477693976837272,0.01340483191158162,1.340483191158162e-05,2.138795079918229,-0.06156720049248399
2016-02-26,0.004859621844258132,0.004697693587428557,0.16192825682957424,0.00016192825682957425,2.1488424838499847,-0.05715873074800493
2016-03-04,-0.0005165639695830855,-0.000522033232372099,0.005469262789013461,5.469262789013461e-06,2.147720716662282,-0.05765092522340631
2016-03-11,0.007141971724842803,0.007063502791083896,0.07846893375890793,7.846893375890793e-05,2.162891147938895,-0.05099463990354636
2016-03-18,-0.007260127912276167,-0.0072731645863034905,0.013036674027323551,1.3036674027323552e-05,2.147160084637677,-0.057896912080811935
2016-03-25,0.008742178186890897,0.008545020870229772,0.19715731666112413,0.00019715731666112413,2.1655076123726302,-0.04984662153263453
2016-04-01,0.0010698816653749183,0.0009431690646887207,0.12671260068619755,0.00012671260068619755,2.1675500521619684,-0.04895046625935451
2016-04-08,0.0012286115899164288,0.0011336601489344029,0.09495144098202579,9.495144098202579e-05,2.170007317276925,-0.04787229930329007
2016-04-15,-0.010218982855752085,-0.010259795348057247,0.0408124923051609,4.0812492305160906e-05,2.1477434862978773,-0.05764093465765452
2016-04-22,0.013398821239683008,0.013337913601399708,0.06090763828330082,6.0907638283300825e-05,2.1763899033560876,-0.04507183086262245
2016-04-29,0.0067110346224401275,0.006458516053247742,0.25251856919238536,0.00025251856919238536,2.1904461524850394,-0.03890441195255012
2016-05-06,0.0002672035292139729,0.00013138288462578943,0.1358206445881835,0.00013582064458818349,2.1907339396191707,-0.038778140441791176
2016-05-13,-0.010260210526593986,-0.010385435803953824,0.1252252773598379,0.00012522527735983792,2.167982212925713,-0.04876084835759009
2016-05-20,0.0032316095481899412,0.0030988548286534218,0.13275471953651957,0.00013275471953651957,2.1747004750746726,-0.04581309631931885
2016-05-27,0.01281312184555464,0.012530707974325497,0.28241387122914224,0.00028241387122914224,2.2019510116594603,-0.03385645887637034
2016-06-03,0.00830972803522965,0.00808116326987011,0.22856476535953987,0.00022856476535953988,2.219745337296936,-0.026048895178419906
2016-06-10,0.003946956375786906,0.0038169560601341154,0.13000031565279008,0.00013000031565279008,2.228218007714086,-0.022331366606596847
2016-06-17,0.0010158960671158106,0.0009353585299475942,0.08053753716821638,8.053753716821638e-05,2.230302190434184,-0.021416895910890132
2016-06-24,0.028392274305245224,0.02826155253813574,0.13072176710948433,0.00013072176710948432,2.293333992965059,0.0
2016-07-01,0.010444560099760474,0.010401080523957239,0.04347957580323549,4.347957580323549e-05,2.3171871444942167,0.0
2016-07-08,-0.009992675130076109,-0.010077793398863513,0.08511826878740339,8.51182687874034e-05,2.2938350111855015,-0.0100777933988635
2016-07-15,0.005543137085958721,0.0053314393864342564,0.21169769952446466,0.00021169769952446467,2.306064453510118,-0.004800083157084134
2016-07-22,7.164178216586409e-05,-4.748714894587309e-05,0.11912893111173718,0.00011912893111173718,2.3059549450839354,-0.004847342363766272
2016-07-29,-0.011581134146543798,-0.011753927295769491,0.1727931492256936,0.00017279314922569362,2.2788509183120986,-0.016544294349814304
2016-08-05,0.007253138507557055,0.00715018552278795,0.10295298476910436,0.00010295298476910437,2.295145125156806,-0.009512403600971053
2016-08-12,-0.002424880430293327,-0.0025644414800827207,0.13956104978939382,0.00013956104978939381,2.2892593597950444,-0.012052451078684134
2016-08-19,-0.007697624923376184,-0.007829155398066341,0.13153047469015752,0.00013153047469015753,2.271336392520731,-0.019787245964328015
2016-08-26,0.005952079564571209,0.005867397343173083,0.08468222139812637,8.468222139812637e-05,2.284663225635659,-0.014035948255554764
2016-09-02,-0.01732484646928296,-0.017401524292722105,0.07667782343914262,7.667782343914262e-05,2.2449066030140714,-0.03119322565373639
2016-09-09,-0.0018194329401088978,-0.001863328165662018,0.04389522555312013,4.389522555312013e-05,2.240723605311395,-0.03299843060345997
2016-09-16,0.01799859175249066,0.017917711987416374,0.0808797650742867,8.08797650742867e-05,2.2808722455147694,-0.015671974991633197
2016-09-23,-0.0022531465611111867,-0.0023080467434672225,0.05490018235603564,5.490018235603564e-05,2.2756078857562443,-0.01794385008425725
2016-09-30,-0.014016871797926133,-0.014152610976248117,0.13573917832198246,0.00013573917832198246,2.243402092614654,-0.03184250873084671
2016-10-07,-0.006426525736442847,-0.00651910742288633,0.09258168644348322,9.258168644348322e-05,2.228777113380171,-0.03815403141870244
2016-10-14,0.008996654865042942,0.008935083097969119,0.061571767073823086,6.157176707382309e-05,2.2486914220950744,-0.029559857761982
2016-10-21,-0.012069699652432783,-0.012181207268844864,0.11150761641208096,0.00011150761641208095,2.2212996457988607,-0.04138099027659059
2016-10-28,-0.008111928327633952,-0.008234626268568123,0.12269794093417141,0.0001226979409341714,2.2030080733852047,-0.04927485955560762
2016-11-04,-0.02015954076457242,-0.0202627953522231,0.10325458765068246,0.00010325458765068247,2.158368971634905,-0.06853920851264594
2016-11-11,-0.00021832376257912667,-0.0003022333901998694,0.08390962762074272,8.390962762074273e-05,2.1577166404633052,-0.06882072706549558
2016-11-18,0.0063747791235588755,0.006218343461591516,0.15643566196735886,0.00015643566196735887,2.1711340636264973,-0.06303033452207374
2016-11-25,-0.00408375933367178,-0.004274909550563012,0.19115021689123282,0.00019115021689123282,2.1618526618823477,-0.06703579509361324
2016-12-02,0.014924261738654467,0.014852428466247543,0.07183327240692435,7.183327240692434e-05,2.193961423897522,-0.053179010978671726
2016-12-09,-0.004885475281960287,-0.004972235318235945,0.08676003627565815,8.676003627565815e-05,2.183052531418771,-0.057886827740330715
2016-12-16,0.0036872480881928868,0.0033840723300380083,0.30317575815487857,0.0003031757581548786,2.1904401390853647,-0.05469864862232254
2016-12-23,-0.001428363551795705,-0.001579431562122633,0.1510680103269279,0.0001510680103269279,2.1869804887947533,-0.05619168741240543
2016-12-30,0.016250098925360845,0.01600710199929758,0.24299692606326215,0.00024299692606326214,2.2219877085493644,-0.041084051485030915
2017-01-06,0.0039027628952917727,0.0038782588844641914,0.024504010827581302,2.4504010827581302e-05,2.2306051521212162,-0.03736512718824836
2017-01-13,-0.0028635983105525188,-0.003025216912324491,0.1616186017719723,0.0001616186017719723,2.223857087690301,-0.0402773064858718
2017-01-20,0.009753476202485066,0.009704078804479216,0.049397398005849635,4.9397398005849634e-05,2.2454375721191475,-0.030964081837563606
2017-01-27,0.002913015272091857,0.002714443364202137,0.1985719078897198,0.0001985719078897198,2.2515326852365165,-0.028333688719833994
2017-02-03,0.008553901084890896,0.00852290382641881,0.03099725847208548,3.099725847208548e-05,2.270722281774826,-0.020052270197422062
2017-02-10,0.009395982020216393,0.009254839501250807,0.14114251896558555,0.00014114251896558556,2.2917374520445657,-0.010983011238484108
2017-02-17,0.005211689966866611,0.005076471028174696,0.1352189386919151,0.0001352189386919151,2.303371390824053,-0.005962295148663643
2017-02-24,0.0041993225404470015,0.004084400751910557,0.11492178853644489,0.00011492178853644489,2.312779282664664,-0.0019022467995414294
2017-03-03,-0.009375418400583587,-0.009489505360062095,0.11408695947850822,0.00011408695947850822,2.2908321512651773,-0.01137370077840305
2017-03-10,0.007794670730449912,0.007699976494870537,0.09469423557937583,9.469423557937583e-05,2.308471504983613,-0.0037613015121857885
2017-03-17,-0.005132515718415614,-0.005362231002359185,0.2297152839435711,0.0002297152839435711,2.2960929475115273,-0.009103363546967058
2017-03-24,0.006672247497456263,0.0066378198569354676,0.03442764052079528,3.442764052079528e-05,2.3113339988718886,-0.00252597017734868
2017-03-31,-0.0008141416390492371,-0.0009670223695868482,0.15288073053761103,0.00015288073053761102,2.309098887191393,-0.0034905498772690446
2017-04-07,-0.008040183991014171,-0.008196429175285427,0.1562451842712559,0.0001562451842712559,2.2901725217037985,-0.011658369007702563
2017-04-14,0.009400814120479082,0.009362672942763288,0.03814117771579308,3.8141177715793083e-05,2.3116146580070147,-0.0024048495610043963
2017-04-21,0.014032718320849558,0.013888950936960624,0.14376738388893356,0.00014376738388893358,2.3437205605772333,0.0
2017-04-28,0.006167005432486194,0.005936798895471263,0.23020653701493116,0.00023020653701493116,2.3576347582125616,0.0
2017-05-05,0.003951827347249264,0.0038267216444167187,0.12510570283254518,0.00012510570283254518,2.366656770171443,0.0
2017-05-12,0.0008123113094514588,0.0007788875825288656,0.03342372692259328,3.342372692259328e-05,2.3685001297418378,0.0
2017-05-19,0.012385756895100738,0.012329575687879775,0.05618120722096328,5.618120722096328e-05,2.397702731358243,0.0
2017-05-26,0.01065405165903483,0.010600222216934978,0.05382944209985084,5.3829442099850844e-05,2.4231189131207924,0.0
2017-06-02,-0.013107662005811599,-0.013251380886435366,0.14371888062376684,0.00014371888062376684,2.3910092414699036,-0.013251380886435293
2017-06-09,-0.0046993274207620455,-0.004730983954349323,0.03165653358727755,3.165653358727755e-05,2.3796974151138084,-0.017919672770438044
2017-06-16,0.007753052853422486,0.007504481375710606,0.24857147771188037,0.00024857147771188036,2.3975558100453567,-0.010549669245291993
2017-06-23,-0.009549771955678322,-0.00964788274168531,0.098110786006988,9.8110786006988e-05,2.3744244727233927,-0.020095770015135184
2017-06-30,-0.0037572986024891173,-0.0039536735953810895,0.19637499289197263,0.00019637499289197263,2.3650367733813593,-0.023969991495228604
2017-07-07,0.019992534889842126,0.019953142459286217,0.03939243055591066,3.939243055591066e-05,2.4122266890420883,-0.004495125690994639
2017-07-14,0.00810032255970058,0.008085336370875633,0.01498618882494671,1.498618882494671e-05,2.4317303532257974,0.0
2017-07-21,0.000545562426653542,0.0004074787660842341,0.13808366056930793,0.00013808366056930794,2.4327212317095794,0.0
2017-07-28,0.0020777252532706105,0.0019364680873720608,0.14125716589854972,0.00014125716589854972,2.4374321187402574,0.0
2017-08-04,-0.01295469357852803,-0.013072781735149818,0.11808815662178786,0.00011808815662178786,2.4055681006577223,-0.013072781735149808
2017-08-11,0.0008829088141652421,0.0008129327477912916,0.06997606637395054,6.997606637395055e-05,2.407523665743789,-0.012270476279735876
2017-08-18,0.009999070434387258,0.009860059252563613,0.13901118182364355,0.00013901118182364354,2.4312619917399716,-0.002531404650347624
2017-08-25,0.010703395763084603,0.010625804791775002,0.0775909713096015,7.759097130960151e-05,2.457096107061863,0.0
2017-09-01,0.00017901407854426708,5.885761017023561e-05,0.12015646837403147,0.00012015646837403147,2.4572407258666833,0.0
2017-09-08,0.00843933078646963,0.00836903846023146,0.07029232623817108,7.029232623817108e-05,2.477805468007509,0.0
2017-09-15,-0.003431740965107978,-0.0034604918453511736,0.02875088024319578,2.8750880243195778e-05,2.4692310423911024,-0.0034604918453511324
2017-09-22,-7.542129273084938e-05,-9.334354732751e-05,0.01792225459666063,1.792225459666063e-05,2.4690005556064345,-0.0035535123780942035
2017-09-29,0.007654630598998224,0.007546606269139243,0.10802432985898153,0.00010802432985898153,2.487633130677882,0.0
2017-10-06,0.01060094943494418,0.01050115698762207,0.0997924473221091,9.979244732210909e-05,2.5137561567107403,0.0
2017-10-13,-0.0009993463472025878,-0.001100311248878697,0.10096490167610933,0.00010096490167610934,2.5109902425345734,-0.0011003112488786604
2017-10-20,0.003776617597466607,0.0036172833255392707,0.15933427192733635,0.00015933427192733635,2.5200732056694854,0.0
2017-10-27,0.006378454720884663,0.006332725021829329,0.04572969905533421,4.572969905533421e-05,2.53603213631587,0.0
2017-11-03,-0.0011565945694027634,-0.0012407530866075866,0.08415851720482329,8.415851720482328e-05,2.532885546615,-0.0012407530866076488
2017-11-10,0.0010977417689616428,0.001025825045492205,0.07191672346943773,7.191672346943773e-05,2.535483844046083,-0.0002162008367069257
2017-11-17,0.011700525611688752,0.011579392504990309,0.12113310669844322,0.00012113310669844323,2.564843206666354,0.0
2017-11-24,-0.005931541094580321,-0.005971910181265762,0.04036908668544097,4.0369086685440977e-05,2.5495261934071127,-0.00597191018126586
2017-12-01,-7.668757676311705e-05,-0.00016835431869342216,0.0916667419303051,9.166674193030512e-05,2.5490969696618304,-0.006139259103089434
2017-12-08,0.007808547408177444,0.007657931718582521,0.1506156895949224,0.0001506156895949224,2.5686177801995465,0.0
2017-12-15,0.003507362946470872,0.0033325316672034896,0.1748312792673825,0.00017483127926738251,2.5771777802930034,0.0
2017-12-22,0.0040437276010756775,0.003888086801968491,0.15564079910718642,0.00015564079910718642,2.587198071206887,0.0
2017-12-29,0.02217990326220466,0.02202458378454954,0.1553194776551201,0.0001553194776551201,2.6441800318934083,0.0
2018-01-05,0.00855080704662161,0.008435375265815299,0.1154317808063117,0.0001154317808063117,2.6664846827328046,0.0
2018-01-12,0.0057775853816879885,0.005533304446916912,0.24428093477107676,0.00024428093477107677,2.681239154285406,0.0
2018-01-19,0.017511385234880945,0.017427864767992893,0.08352046688805098,8.352046688805098e-05,2.7279674276769397,0.0
2018-01-26,-0.031160113988133013,-0.03125925861885341,0.09914463072040026,9.914463072040026e-05,2.642693188351378,-0.03125925861885337
2018-02-02,-0.03912681256415864,-0.039152868788364124,0.02605622420548573,2.605622420548573e-05,2.539224168699953,-0.06918823775609195
2018-02-09,0.02542669871273259,0.025087679985141664,0.3390187275909252,0.00033901872759092524,2.602927412054835,-0.04583633013851096
2018-02-16,-0.0015929705841584184,-0.0017599525173816178,0.16698193322319926,0.00016698193322319926,2.5983463834034275,-0.0475156128912777
2018-02-23,-0.0063377955821708395,-0.006630623448832439,0.29282786666159866,0.00029282786666159867,2.5811177269454437,-0.05383117820308769
2018-03-02,0.004133404733879046,0.0041207196022809865,0.012685131598059611,1.2685131598059611e-05,2.5917537893586626,-0.04993228179204201
2018-03-09,0.0007244695298817591,0.0007181654705533218,0.006304059328437268,6.304059328437268e-06,2.5936150974383554,-0.04924997596213787
2018-03-16,-0.004003962832279628,-0.004007078700471808,0.0031158681921801944,3.1158681921801943e-06,2.583222277624188,-0.05305970613293298
2018-03-23,0.006655474780783671,0.00665392620284636,0.0015485779373112935,1.5485779373112935e-06,2.6004108480250485,-0.04675883529903979
2018-03-30,-0.0031224726233763417,-0.0033561136388372387,0.2336410154608971,0.0002336410154608971,2.5916835737114114,-0.04995802097299373
2018-04-06,0.00926361931005008,0.009258902854259786,0.0047164557902953305,4.71645579029533e-06,2.6156797201493864,-0.041161674581713825
2018-04-13,-0.0027637740930774833,-0.002766531747625595,0.0027576545481118172,2.7576545481118174e-06,2.6084433591619725,-0.04381433124982381
2018-04-20,-0.0012757585503807539,-0.0012771493219117212,0.0013907715309672795,1.3907715309672796e-06,2.6051119874945736,-0.045035523128289845
2018-04-27,0.00011045866591407997,-0.00010952439204664106,0.21998305796072104,0.00021998305796072103,2.60482666418793,-0.04514011503204518
2018-05-04,0.0046128546752642165,0.004609559097046729,0.0032955782174876047,3.2955782174876046e-06,2.6168337666340675,-0.040738631962886185
2018-05-11,-0.004812254077061351,-0.004834709783645406,0.02245570658405429,2.245570658405429e-05,2.604182134820348,-0.04537638228400831
2018-05-18,0.003084842467438504,0.0030522561733097933,0.032586294128710995,3.2586294128710993e-05,2.6121307658177764,-0.0424626264536474
2018-05-25,-0.0022712797614117958,-0.002541491817215064,0.27021205580326857,0.00027021205580326856,2.6054920568509545,-0.04489619985319315
2018-06-01,-0.00014538944682186385,-0.0001567434591157042,0.011354012293840345,1.1354012293840345e-05,2.605083663013265,-0.04504590612664272
2018-06-08,-0.00797966477097418,-0.008199558141608887,0.2198933706347066,0.0002198933706347066,2.5837231280546327,-0.05287610774192464
2018-06-15,-0.004541956847122797,-0.004691808615544448,0.14985176842165138,0.00014985176842165137,2.5716007936222445,-0.05731983177960909
2018-06-22,-0.003304198602065604,-0.0034290029195661502,0.12480431750054632,0.00012480431750054631,2.5627827669929553,-0.060552284828653935
2018-06-29,0.00869177552694184,0.008364364890613641,0.32741063632819944,0.0003274106363281994,2.5842188171914606,-0.052694401343307606
2018-07-06,0.0021137583409801056,0.0019504356497856631,0.16332269119444243,0.00016332269119444243,2.589259169699358,-0.05084674273244594
2018-07-13,-0.003818413794573978,-0.004065804933206973,0.24739113863299494,0.00024739113863299497,2.5787317469938427,-0.0547058147282139
2018-07-20,0.0006382933123285095,0.0005289447635532204,0.10934854877528913,0.00010934854877528912,2.5800957536480236,-0.05420580631889704
2018-07-27,0.005304800844282767,0.0052036005567965326,0.10120028748623427,0.00010120028748623427,2.593521541348295,-0.049284271126043055
2018-08-03,-0.000582190045444013,-0.0006115287096812875,0.029338664237274492,2.9338664237274493e-05,2.5919355284665837,-0.04986566108899504
2018-08-10,0.0013729832909021662,0.0013454134405500476,0.027569850352118574,2.7569850352118574e-05,2.5954227533636214,-0.04858733757909628
2018-08-17,0.010088450084629202,0.009922807817149047,0.1656422674801547,0.0001656422674801547,2.6211766345495042,-0.039146652575091534
2018-08-24,0.01017578368137644,0.010094134419335392,0.08164926204104736,8.164926204104737e-05,2.647635143835468,-0.029447669728916215
2018-08-31,-0.015729643268002146,-0.015843196912185508,0.11355364418336242,0.00011355364418336242,2.60568813890006,-0.04482432141098147
2018-09-07,0.008530600707213804,0.008344864153726438,0.1857365534873663,0.00018573655348736633,2.6274322524461575,-0.03685351013021265
2018-09-14,0.0011365943791205222,0.00097173264968849,0.16486172943203228,0.00016486172943203228,2.629985414150704,-0.03591758923957333
2018-09-21,0.0009298025572380532,0.0008070807992226975,0.12272175801535573,0.00012272175801535573,2.6321080248807007,-0.035139496836980255
2018-09-28,-0.012134846302106693,-0.012267076690592096,0.13223038848540308,0.00013223038848540308,2.599819753881566,-0.04697551462500438
2018-10-05,-0.026762067085089103,-0.026909339676042764,0.1472725909536615,0.0001472725909536615,2.529860321027881,-0.072620774221546
2018-10-12,0.002078570361437376,0.002020139801456147,0.05843055998122939,5.843055998122939e-05,2.534970992554514,-0.07074733853650739
2018-10-19,-0.014323842433168355,-0.014632715706806278,0.30887327363792183,0.0003088732736379218,2.4978774826954635,-0.08434482855149572
2018-10-26,0.0002874170482983754,8.858551398765202e-05,0.19883153431072337,0.00019883153431072336,2.498098758456146,-0.0842637147674975
2018-11-02,6.479804724339455e-06,-8.309229822936466e-05,0.08957210295370412,8.957210295370412e-05,2.497891185689102,-0.08433980540000952
2018-11-09,-0.0047943021137253445,-0.004921261475869203,0.12695936214385878,0.0001269593621438588,2.4855984100260566,-0.08884600864068148
2018-11-16,-0.011971137235027983,-0.01202297765015137,0.051840415123387065,5.1840415123387066e-05,2.4557141158950615,-0.09980079271464082
2018-11-23,0.010154029651944122,0.010145860010608425,0.008169641335696093,8.169641335696092e-06,2.480629447541008,-0.0906674975758629
2018-11-30,0.0024996447762867303,0.002374114588942354,0.12553018734437593,0.00012553018734437593,2.486518746102175,-0.08850863801565834
2018-12-07,-0.0025157738620166154,-0.002606899042123145,0.09112518010652955,9.112518010652955e-05,2.48003664276474,-0.0908848039741188
2018-12-14,-0.01760623316451013,-0.017675296056350383,0.06906289184025215,6.906289184025214e-05,2.4362012608732755,-0.10695368421320339
2018-12-21,0.004830900777378845,0.004759843811796769,0.07105696558207629,7.10569655820763e-05,2.447797198369135,-0.10270292323335761
2018-12-28,0.004614897616362228,0.004408159274787484,0.20673834157474483,0.00020673834157474482,2.458587478291925,-0.09874749480216893
2019-01-04,0.006799268870102644,0.006724398633958991,0.07487023614365353,7.487023614365353e-05,2.4751200005724194,-0.09268711368736471
2019-01-11,-0.0005261096107584003,-0.000600938322644738,0.07482871188633775,7.482871188633774e-05,2.473632606110931,-0.09323235277137931
2019-01-18,0.00569917959426431,0.005575065605916681,0.1241139883476288,0.0001241139883476288,2.4874232701749337,-0.08817706364875721
2019-01-25,0.009692561750807049,0.009474052259042376,0.21850949176467355,0.00021850949176467356,2.510989248226929,-0.079538405498772
2019-02-01,0.004650302103428685,0.004639455211578441,0.010846891850243866,1.0846891850243866e-05,2.5226388703808333,-0.07526796515710543
2019-02-08,0.0015171557812839666,0.001476696883366878,0.04045889791708871,4.045889791708871e-05,2.5263640433385848,-0.0739024162433034
2019-02-15,0.002955589759179824,0.0027825333545676047,0.17305640461221908,0.00017305640461221907,2.533393735554955,-0.07132551882691585
2019-02-22,-0.00751867959143485,-0.0076290689458673915,0.1103893544325411,0.0001103893544325411,2.514066300079378,-0.07841044047205281
2019-03-01,0.00626595359351912,0.006206524515690408,0.05942907782871183,5.9429077828711835e-05,2.5296699142048915,-0.07269057227743836
2019-03-08,0.007901274920957239,0.007800591978228097,0.10068294272914144,0.00010068294272914144,2.549402837045203,-0.06545700979421043
2019-03-15,0.008628461251336296,0.008529020939748992,0.0994403115873045,9.94403115873045e-05,2.5711467472262175,-0.05748627306164955
2019-03-22,0.006070868772144505,0.006021571617920997,0.04929715422350703,4.929715422350703e-05,2.586629091504825,-0.05181085915401651
2019-03-29,0.0009137307700676672,0.0005514174867090988,0.36231328335856827,0.0003623132833585683,2.588055404017511,-0.051288011081046414
2019-04-05,0.0020880546525292257,0.0018559061553704028,0.23214849715882296,0.00023214849715882298,2.5928585919722673,-0.04952729066113781
2019-04-12,-0.009385911600423045,-0.009460430113368005,0.0745185129449607,7.45185129449607e-05,2.568329034469068,-0.05851917130250173
2019-04-19,0.008982495773205241,0.008762433073736973,0.22006269946826854,0.00022006269946826855,2.590833845744939,-0.05026950855083334
2019-04-26,0.001954461779335273,0.0018658464638623275,0.08861531547294564,8.861531547294564e-05,2.595667943914477,-0.04849745727174071
2019-05-03,-0.011879596656258658,-0.01203122142684588,0.15162477058722132,0.00015162477058722134,2.564438888130676,-0.0599451950515113
2019-05-10,0.001293163263238818,0.001069118313612909,0.22404494962590893,0.00022404494962590893,2.567180576710118,-0.058940165243740905
2019-05-17,0.000794939153320391,0.0007012600500124406,0.09367910330795041,9.367910330795042e-05,2.5689808378897325,-0.05828023757695511
2019-05-24,-0.0014916838891461293,-0.001551623165583173,0.05993927643704377,5.993927643704377e-05,2.5649947477097235,-0.059741431775818254
2019-05-31,0.015654549180994928,0.015402692341970108,0.2518568390248198,0.0002518568390248198,2.6045025726674655,-0.045258918327559794
2019-06-07,0.0025456557589024994,0.002309113779034608,0.23654197986789147,0.00023654197986789147,2.6105166654455427,-0.04305431254045977
2019-06-14,0.016000627807465053,0.01576792503804605,0.23270276941900106,0.00023270276941900106,2.6516790965368577,-0.027965264675116397
2019-06-21,-0.002454143028721379,-0.0025469127816398203,0.09276975291844139,9.276975291844139e-05,2.644925501153081,-0.03044095236671318
2019-06-28,0.008975976074359163,0.008784963358009282,0.19101271634988198,0.00019101271634988198,2.6681610747653752,-0.02192341165982825
2019-07-05,-0.003102163172816868,-0.0032160027362160637,0.11383956339919589,0.00011383956339919589,2.659580261448265,-0.025068908644159116
2019-07-12,-0.00041570281506856223,-0.0004767951284758471,0.061092313407284896,6.10923134072849e-05,2.6583121865358157,-0.02553375103911726
2019-07-19,0.002795622703509186,0.0026598990691568793,0.13572363435230655,0.00013572363435230655,2.6653830286463105,-0.02294176917058144
2019-07-26,0.010131263614108713,0.009969428217524659,0.16183539658405374,0.00016183539658405375,2.6919553734226085,-0.013201057273985906
2019-08-02,0.01729896215405022,0.017241568397711203,0.057393756339019275,5.739375633901928e-05,2.7383689061170604,0.0
2019-08-09,0.013305469740508306,0.01325531512923811,0.05015461127019555,5.015461127019555e-05,2.774666848907749,0.0
2019-08-16,0.001836936885602935,0.0017880992511606956,0.048837634442239417,4.883763444223942e-05,2.779628228622501,0.0
2019-08-23,0.006701129367941581,0.006680362298140712,0.020767069800869165,2.0767069800869165e-05,2.7981971522438385,0.0
2019-08-30,-0.002221177007355043,-0.0023548347486947205,0.13365774133967728,0.00013365774133967728,2.791607860356036,-0.0023548347486946897
2019-09-06,-0.017239999231021017,-0.017330517946567234,0.09051871554621818,9.051871554621819e-05,2.7432278502323575,-0.019644542189388603
2019-09-13,0.014748911182166535,0.014703723151431008,0.04518803073552718,4.5188030735527176e-05,2.7835635130834695,-0.005229666947746847
2019-09-20,-0.002825506788863161,-0.0030246784576453203,0.19917166878215906,0.00019917166878215907,2.7751441284899583,-0.008238527344434754
2019-09-27,0.008933843936045635,0.008658524213356167,0.27531972268946914,0.00027531972268946914,2.7991727811220417,0.0
2019-10-04,-0.012303114930431411,-0.012360954001969297,0.05783907153788628,5.7839071537886285e-05,2.7645723351310276,-0.012360954001969349
2019-10-11,0.0025923455164069934,0.0025643330980412646,0.028012418365728785,2.8012418365728785e-05,2.7716616194719332,-0.009828318507398737
2019-10-18,0.003371943810598556,0.003340188652766221,0.03175515783233484,3.175515783233484e-05,2.780919492162601,-0.006520958292586698
2019-10-25,0.0063925232686803226,0.006272116862352262,0.12040640632806067,0.00012040640632806067,2.798361744202238,-0.00028974164270012537
2019-11-01,-0.024115643463045955,-0.024160315542559253,0.04467207951329926,4.467207951329926e-05,2.7307524414600852,-0.024443056935746
2019-11-08,0.011323952712559432,0.011112855467486974,0.21109724507245795,0.00021109724507245795,2.7610988986595184,-0.01360183362716949
2019-11-15,-0.0005504349806242882,-0.0007118115527680771,0.1613765721437889,0.00016137657214378888,2.759133516565117,-0.014303963237622952
2019-11-22,0.007339215256646199,0.007252697435107892,0.08651782153830645,8.651782153830646e-05,2.7791446771438295,-0.007155008120000361
2019-11-29,-0.0007703681099487757,-0.0008740361897459453,0.10366807979716966,0.00010366807979716966,2.7767156041194663,-0.008022790573711358
2019-12-06,0.0076998072997193105,0.0074835178982258985,0.21628940149341164,0.00021628940149341164,2.797495205041178,-0.0005993113723373744
2019-12-13,0.012496128614184705,0.012328747453760048,0.16738116042465762,0.0001673811604246576,2.8319848169272355,0.0
2019-12-20,0.00830707895491222,0.00815483881235388,0.15224014255834012,0.00015224014255834013,2.8550791966283104,0.0
2019-12-27,0.0019052937614477635,0.001804515789450352,0.10077797199741162,0.00010077797199741162,2.8602312321187577,0.0
2020-01-03,0.007470498530032713,0.007276238356940721,0.194260173091992,0.00019426017309199202,2.88104295631962,0.0
2020-01-10,0.013634494226520006,0.013550151162621796,0.08434306389821078,8.434306389821078e-05,2.920081523883757,0.0
2020-01-17,-0.00257467025171182,-0.002596552965324404,0.021882713612583933,2.1882713612583933e-05,2.9124993775439276,-0.00259655296532435
2020-01-24,-0.010980194829660868,-0.011042403818514183,0.06220898885331411,6.22089888533141e-05,2.8803383832959164,-0.013610284597459277
2020-01-31,0.022913287610766046,0.022844512949952656,0.06877466081339162,6.877466081339163e-05,2.9461383107933656,0.0
2020-02-07,0.014602945592557339,0.01456396868491872,0.038976907638617525,3.8976907638617525e-05,2.9890457768932,0.0
2020-02-14,-0.00315824252323201,-0.0033583843723926222,0.20014184916061228,0.00020014184916061228,2.9790074122677157,-0.0033583843723925533
2020-02-21,-0.06412530684787865,-0.06421156219066583,0.08625534278718079,8.62553427871808e-05,2.787720692548433,-0.0673542994560703
2020-02-28,0.022023027558605687,0.021564304963281797,0.45872259532389054,0.00045872259532389056,2.8478359517149987,-0.047242443146847335
2020-03-06,-0.06609265799740206,-0.06628395972425796,0.19130172685590652,0.00019130172685590652,2.659070108190228,-0.11039498667228409
2020-03-13,-0.054098939271803245,-0.05416417112802128,0.06523185621803082,6.523185621803083e-05,2.5150437798088063,-0.1585797048505122
2020-03-20,0.06677840812635209,0.0666898067415079,0.0886013848441932,8.86013848441932e-05,2.682771563430687,-0.1024655479786104
2020-03-27,-0.00133472347711615,-0.0014819291817661606,0.1472057046500104,0.0001472057046500104,2.6787958859628263,-0.10379563047470153
2020-04-03,0.021200855780045283,0.021192606987062816,0.008248792982466398,8.248792982466398e-06,2.735566554372597,-0.0848027234912635
2020-04-10,0.004145466622866677,0.004142856450833844,0.0026101720328338164,2.6101720328338165e-06,2.746899613919065,-0.08101119255049372
2020-04-17,0.009754914495519058,0.009752763463990878,0.002151031528180033,2.151031528180033e-06,2.7736894761129456,-0.07204851208538354
2020-04-24,-0.010169240198398835,-0.010283695892103543,0.11445569370470779,0.00011445569370470779,2.745165697041472,-0.0815912829897224
2020-05-01,-0.006397679725130257,-0.0063984302664438905,0.0007505413136331754,7.505413136331754e-07,2.7276009457591184,-0.08746765712160687
2020-05-08,0.01209754158402794,0.012096864343285421,0.0006772407425184417,6.772407425184417e-07,2.7605963643825837,-0.07642887716094648
2020-05-15,-0.00011808953283509336,-0.00012103539049314583,0.0029458576580524733,2.9458576580524732e-06,2.7602622345236267,-0.07654066195244746
2020-05-22,-0.0022083226208219897,-0.0022112480338647295,0.0029254130427398585,2.9254130427398584e-06,2.7541586100845854,-0.0785826595980591
2020-05-29,-0.021082724015446513,-0.02124788011760182,0.16515610215530832,0.00016515610215530832,2.6956385781126473,-0.09816082478519905
2020-06-05,0.019891173637740223,0.01987962796872284,0.011545669017384968,1.1545669017384969e-05,2.7492268701836635,-0.08023259749430911
2020-06-12,0.00862901839431124,0.008542135034928046,0.08688335938319369,8.68833593831937e-05,2.7727111373504245,-0.07237582014138055
2020-06-19,0.008245942480070673,0.008164827596507634,0.08111488356303953,8.111488356303953e-05,2.795349845761807,-0.06480192863848322
2020-06-26,0.010250946727790334,0.010061283088577665,0.189663639212668,0.000189663639212668,2.8234746518916283,-0.055392636098623216
2020-07-03,0.01569961049636701,0.015599746064526054,0.09986443184095553,9.986443184095554e-05,2.8675201394807637,-0.0406570010910805
2020-07-10,0.002024553463166912,0.0019471622641769582,0.07739119898995388,7.739119898995387e-05,2.8731036664881278,-0.03878900460520274
2020-07-17,0.012894833993753796,0.0128518659127882,0.042968080965596546,4.2968080965596545e-05,2.9100284095633735,-0.02643564977849111
2020-07-24,0.020528888342347944,0.020509679222039695,0.01920912030824773,1.920912030824773e-05,2.96971215877054,-0.0064681572534346365
2020-07-31,0.015355707792905881,0.01520218712258668,0.15352067031920122,0.00015352067031920122,3.014858278708391,0.0
2020-08-07,-0.014157332259163226,-0.014242898176810473,0.0855659176472471,8.55659176472471e-05,2.971917959227233,-0.014242898176810459
2020-08-14,0.011021783632820484,0.010977385287997212,0.04439834482327247,4.439834482327247e-05,3.004541847709989,-0.003421862669717779
2020-08-21,0.008753136350278462,0.008729153839117751,0.02398251116071106,2.398251116071106e-05,3.0307689557147164,0.0
2020-08-28,-0.018207391555047494,-0.01845175556730898,0.24436401226148585,0.00024436401226148583,2.9748459477628804,-0.018451755567308936
2020-09-04,-0.015688538519977258,-0.015740366734257858,0.05182821428060169,5.182821428060169e-05,2.928020781567172,-0.03390168490204637
2020-09-11,-0.0018574600815270087,-0.0019762992173996833,0.11883913587267453,0.00011883913587267453,2.9222341363880306,-0.035810984246105626
2020-09-18,-0.009118208296982235,-0.009294144516774959,0.1759362197927236,0.00017593621979272362,2.895074470012587,-0.04477229630000934
2020-09-25,0.007964372197672029,0.00772139775303451,0.24297444463751866,0.00024297444463751867,2.9174284915202104,-0.03739660325502381
2020-10-02,0.02409576545416343,0.023923111843169764,0.17265361099366675,0.00017265361099366675,2.9872224596172985,-0.014368134534078592
2020-10-09,0.00020566505246739377,0.00017098237468316077,0.034682677784232986,3.4682677784232986e-05,2.987733222007151,-0.014199608857157764
2020-10-16,-0.0060054190108753585,-0.006036226493699107,0.030807482823749153,3.0807482823749153e-05,2.9696985875763664,-0.020150123295673117
2020-10-23,-0.03697772959464708,-0.0370361758461813,0.0584462515342226,5.8446251534222605e-05,2.8597123084767317,-0.05644001563215362
2020-10-30,0.04965165449826268,0.04948639165128534,0.1652628469773371,0.0001652628469773371,3.0012291517840124,-0.009746636699245803
2020-11-06,0.004138941004548257,0.004014366199579537,0.12457480496872009,0.0001245748049687201,3.013277184648127,-0.005771397068591311
2020-11-13,0.00306638998854225,0.0030015174214327346,0.0648725671095151,6.48725671095151e-05,3.0223215886134542,-0.0027872025960059554
2020-11-20,0.004307337205418735,0.004155461368774281,0.1518758366444539,0.0001518758366444539,3.03488072921895,0.0
2020-11-27,0.00834229207390102,0.00819483493562929,0.14745713827173007,0.00014745713827173007,3.0597510758442215,0.0
2020-12-04,0.0011223160273811379,0.00098458624279833,0.13772978458280785,0.00013772978458280786,3.0627636646598853,0.0
2020-12-11,0.009273859727528878,0.00919234429145992,0.0815154360689573,8.151543606895729e-05,3.090917642748812,0.0
2020-12-18,-0.0007914387552635065,-0.0009295900095074244,0.1381512542439179,0.0001381512542439179,3.0880443565879023,-0.0009295900095075416
2020-12-25,0.010563478151860518,0.01041926332915185,0.14421482270866912,0.0001442148227086691,3.1202195039112928,0.0
2021-01-01,-0.00021139016074493927,-0.0004514487917232994,0.24005863097836014,0.00024005863097836013,3.1188108845863405,-0.000451448791723319
2021-01-08,-0.00526875183956312,-0.005322209103045889,0.053457263482769496,5.34572634827695e-05,3.102211920905716,-0.005771255189900404
2021-01-15,0.0077147749816396105,0.007666227630735242,0.04854735090436829,4.8547350904368294e-05,3.12599418365016,0.0
2021-01-22,-0.014223924754901363,-0.014278614008849036,0.05468925394767325,5.468925394767325e-05,3.081359319307912,-0.014278614008849
2021-01-29,0.020581824854488125,0.020488279194392587,0.09354566009553658,9.354566009553658e-05,3.144491069340136,0.0
2021-02-05,0.013566927660848308,0.013341961590651721,0.22496607019658593,0.00022496607019658593,3.1864447484094196,0.0
2021-02-12,-0.007959181266434493,-0.008147637285879398,0.1884560194449041,0.0001884560194449041,3.1604827523678845,-0.008147637285879417
2021-02-19,-0.02698255075434124,-0.027148255745492792,0.1657049911515537,0.0001657049911515537,3.074681158327382,-0.035074698890613654
2021-02-26,0.0023264640450743543,0.0020982626896542604,0.22820135542009395,0.00022820135542009397,3.081132647084483,-0.03305003213299251
2021-03-05,0.012952880475659623,0.012820909880142495,0.13197059551712675,0.00013197059551712677,3.1206355710815177,-0.020652853736363053
2021-03-12,-0.004990421638167562,-0.005128494999895814,0.13807336172825144,0.00013807336172825144,3.1046314071587293,-0.025675430679138245
2021-03-19,0.005479390026452002,0.005443245401599264,0.03614462485273823,3.614462485273823e-05,3.121530677789407,-0.020371942947517208
2021-03-26,0.007589221491263136,0.007518167697728596,0.07105379353453983,7.105379353453983e-05,3.144998868898632,-0.013006934933196712
2021-04-02,0.009646274437624062,0.009620656236802722,0.025618200821339622,2.5618200821339624e-05,3.175255821881439,-0.003511413946080788
2021-04-09,0.013344821588763045,0.01325558225028864,0.08923933847440507,8.923933847440507e-05,3.217345686594096,0.0
2021-04-16,0.0023169698477097235,0.0020714514198339378,0.24551842787578565,0.00024551842787578565,3.224010261884688,0.0
2021-04-23,-4.9067358834824996e-05,-0.0002753445535817855,0.22627719474696054,0.00022627719474696054,3.2231225482183863,-0.0002753445535818022
2021-04-30,0.01650740366687598,0.016367807997890595,0.13959566898538417,0.00013959566898538416,3.2758779992412967,0.0
2021-05-07,-0.013246169806302038,-0.013308510549663737,0.062340743361699806,6.234074336169981e-05,3.2322809423289827,-0.013308510549663755
2021-05-14,-0.0030260192951749895,-0.003198905278385434,0.17288598321044468,0.00017288598321044468,3.221941181761342,-0.01646484316340424
2021-05-21,0.01501026121295818,0.014906174566582362,0.1040866463758172,0.0001040866463758172,3.2699679994599373,-0.0018040964232270973
2021-05-28,0.012074503530038376,0.012019573135580188,0.05493039445818787,5.493039445818787e-05,3.3092716189804525,0.0
2021-06-04,0.0014094607259842796,0.0012348284433096896,0.17463228267459002,0.00017463228267459004,3.3133580017022073,0.0
2021-06-11,-0.03187584509221118,-0.03208323287979698,0.20738778758580184,0.00020738778758580184,3.2070547653194565,-0.032083232879796975
2021-06-18,0.020811073560327218,0.020566152708071692,0.24492085225552557,0.00024492085225552557,3.2730115433661653,-0.012176908838499867
2021-06-25,0.011632775032604577,0.011462327085380792,0.1704479472237837,0.0001704479472237837,3.3105278722304554,-0.0008541574651148576
2021-07-02,-0.001214660331555799,-0.0012917277558782481,0.07706742432244909,7.70674243224491e-05,3.306251571491287,-0.002144781882087443
2021-07-09,-0.006149816280891934,-0.006192313890837178,0.04249760994524435,4.2497609945244346e-05,3.285778223958539,-0.00832381461028342
2021-07-16,0.011827326416571046,0.011688377602152173,0.13894881441887313,0.00013894881441887315,3.324183640557095,0.0
2021-07-23,-0.001848272325629563,-0.0019472727775384261,0.09900045190886311,9.900045190886312e-05,3.3177105482462994,-0.001947272777538478
2021-07-30,0.0016948879041895246,0.001514767569495157,0.18012033469436778,0.0001801203346943678,3.322736108589755,-0.00043545487369567315
2021-08-06,0.004220378173324934,0.004082116078710796,0.13826209461413816,0.00013826209461413816,3.336299903083942,0.0
2021-08-13,-0.009210170448848838,-0.009259556182153326,0.04938573330448793,4.938573330448793e-05,3.3054072466908235,-0.00925955618215335
2021-08-20,0.015611416108096023,0.01549821648109277,0.11319962700325353,0.00011319962700325354,3.356635163758211,0.0
2021-08-27,0.011928723474904526,0.011774866347351667,0.15385712755285935,0.00015385712755285936,3.396159094188284,0.0
2021-09-03,-0.016026652444314386,-0.016056447382430488,0.029794938116103065,2.9794938116103066e-05,3.3416288443900872,-0.016056447382430505
2021-09-10,-0.003662053331373296,-0.003709535243004608,0.047481911631312136,4.7481911631312135e-05,3.3292329544227814,-0.019706420667992552
2021-09-17,0.002938922480771576,0.0028165454948337605,0.12237698593781535,0.00012237698593781535,3.3386098905018127,-0.01694537920351058
2021-09-24,-0.019094948274334365,-0.01925072392139886,0.15577564706449734,0.00015577564706449734,3.2743392332185106,-0.03586989230811921
2021-10-01,0.0007189915972415181,0.0006041838694817906,0.11480772775972745,0.00011480772775972745,3.2763175361664323,-0.035287380448970174
2021-10-08,0.020153474557204752,0.019996359393881488,0.1571151633232643,0.0001571151633232643,3.3418319591080925,-0.015996640196614953
2021-10-15,0.010563761984996792,0.010508748705010208,0.055013279986584715,5.5013279986584715e-05,3.3769504313807315,-0.005655996163555388
2021-10-22,0.008040677808649177,0.007972324493750517,0.06835331489865873,6.835331489865873e-05,3.4038725760190096,0.0
2021-10-29,0.013995371929479215,0.013833679561084559,0.16169236839465653,0.00016169236839465653,3.45096065850242,0.0
2021-11-05,-0.0018725322722114035,-0.0020004099793397303,0.1278777071283268,0.0001278777071283268,3.444057322362843,-0.002000409979339701
2021-11-12,0.002624729612417173,0.002531229483473144,0.09350012894402879,9.350012894402879e-05,3.4527750217999795,0.0
2021-11-19,-0.024264211077396715,-0.024324821792851677,0.060610715454961134,6.0610715454961135e-05,3.3687868847038853,-0.02432482179285167
2021-11-26,-0.007178706591051514,-0.007436510933318737,0.2578043422672227,0.0002578043422672227,3.343734864203764,-0.031580440922956865
2021-12-03,0.025404806472592537,0.025246437884511936,0.15836858808060025,0.00015836858808060026,3.428152258755161,-0.00713129667857193
2021-12-10,-0.006367443440716855,-0.006395211903193116,0.027768462476261763,2.7768462476261764e-05,3.406228498624012,-0.013480902428360975
2021-12-17,0.015175105503910708,0.015109491835639704,0.06561366827100368,6.561366827100368e-05,3.457694880314295,0.0
2021-12-24,0.008668085364154402,0.008587611337861014,0.0804740262933882,8.04740262933882e-05,3.487388220071346,0.0
2021-12-31,-0.012078989056489478,-0.012192188120431638,0.11319906394216014,0.00011319906394216015,3.444869326843259,-0.012192188120431657
2022-01-07,-0.0006061173568013991,-0.0006658528900961872,0.059735533294788146,5.973553329478815e-05,3.4425755506459765,-0.012849922806831282
2022-01-14,-0.027199321418778122,-0.027362411022325603,0.1630896035474819,0.0001630896035474819,3.3483783834537926,-0.039860728959711156
2022-01-21,-0.004000365916817594,-0.004431010245077588,0.43064432825999444,0.00043064432825999443,3.3335416845323125,-0.044115115906392055
2022-01-28,0.0055895715637114375,0.005139762900085081,0.4498086636263565,0.0004498086636263565,3.3506752984083588,-0.03920209424237564
2022-02-04,-0.0015907654273855446,-0.0016906854339666711,0.09992000658112668,9.992000658112668e-05,3.3450103604873878,-0.04082650126662568
2022-02-11,-0.0002581840055672418,-0.0006172496941081484,0.35906568854090665,0.00035906568854090663,3.342945653865588,-0.041418550815315536
2022-02-18,0.002555362383416741,0.0025135369147214204,0.04182546869532032,4.182546869532032e-05,3.3513482711704867,-0.0390091209570228
2022-02-25,0.04968318708066093,0.049532847084556714,0.15033999610421767,0.00015033999610421768,3.5173500926134675,0.0
2022-03-04,-0.01593866857802274,-0.01598309822639211,0.04442964836937165,4.442964836937165e-05,3.461131940586617,-0.0159830982263921
2022-03-11,-0.00651439388081865,-0.0065528157990487265,0.03842191823007664,3.842191823007664e-05,3.438451780523749,-0.022431179726865147
2022-03-18,0.012432458232134602,0.012194663635611159,0.23779459652344231,0.00023779459652344232,3.480382543414504,-0.01051005678297312
2022-03-25,0.0009628684646890262,0.0007236346583298607,0.23923380635916547,0.00023923380635916547,3.4829010688471653,-0.009794027565992347
2022-04-01,-0.003143646822826404,-0.003218905051937172,0.075258229110768,7.5258229110768e-05,3.4716899410012556,-0.012981406573118637
2022-04-08,-9.719231300457731e-05,-0.00011181092145301838,0.01461860844844108,1.461860844844108e-05,3.471301768149953,-0.013091766031541052
2022-04-15,-0.011020893796223336,-0.011055764587320516,0.034870791097180165,3.4870791097180165e-05,3.4329238729897376,-0.024002791135584567
2022-04-22,-0.01035481837814673,-0.01036177242644483,0.006954048298101853,6.9540482981018535e-06,3.397352697060508,-0.034115852102682975
2022-04-29,-0.009352603457230827,-0.00945027946809778,0.09767601086695321,9.767601086695322e-05,3.365246764621591,-0.04324372723411807
2022-05-06,-0.00754058812925906,-0.007550583385887495,0.009995256628434746,9.995256628434747e-06,3.3398371883112272,-0.05046779525160783
2022-05-13,0.0060411512616749,0.006026530055832474,0.014621205842426554,1.4621205842426554e-05,3.3599648175081716,-0.04474541088071082
2022-05-20,0.014570894750606054,0.014531352619686895,0.03954213091915862,3.954213091915862e-05,3.4087896510611246,-0.03086426960464439
2022-05-27,-0.005869660806764177,-0.005941348449094036,0.07168764232985976,7.168764232985976e-05,3.388536843954505,-0.036622242673390315
2022-06-03,-0.003923945157147544,-0.00397796811019311,0.05402295304556636,5.402295304556636e-05,3.3750573524490397,-0.040454528670104906
2022-06-10,-0.016550700217829246,-0.016578395810068192,0.027695592238947936,2.7695592238947938e-05,3.3191043157784588,-0.05636225329157041
2022-06-17,-0.006932721323284964,-0.007004442734579061,0.07172141129409725,7.172141129409725e-05,3.2958558396684947,-0.06297190985057666
2022-06-24,-0.01010070489421945,-0.010181370807241453,0.08066591302200155,8.066591302200155e-05,3.2622995092376175,-0.07251214029318931
2022-07-01,-0.012735906571255182,-0.012805875635634732,0.0699690643795492,6.99690643795492e-05,3.2205229074361283,-0.08438943447815572
2022-07-08,-0.012704925222620036,-0.012715095518845664,0.01017029622562746,1.017029622562746e-05,3.1795736510474475,-0.09603151027683021
2022-07-15,0.0014343635438848251,0.0014119445632450034,0.022418980639821704,2.2418980639821704e-05,3.184063032777481,-0.09475515688242087
2022-07-22,0.02125018015628439,0.02123664748887652,0.013532667407867984,1.3532667407867985e-05,3.2516818569869392,-0.07553079125800954
2022-07-29,-0.014028775390942622,-0.014033912259495612,0.005136868552989147,5.136868552989147e-06,3.206048039110191,-0.08850471102009982
2022-08-05,0.020624411338304387,0.020619191277244,0.005220061060385795,5.2200610603857955e-06,3.272154156872637,-0.06971041530831656
2022-08-12,-0.013252354518619577,-0.013268884249669247,0.016529731049670777,1.6529731049670778e-05,3.2287363221180203,-0.08205432012626324
2022-08-19,0.006558141401026279,0.006485101112144462,0.07304028888181657,7.304028888181657e-05,3.2496750036314093,-0.0761013495768259
2022-08-26,-0.022593004709367134,-0.022724930495775095,0.13192578640796265,0.00013192578640796264,3.175826365040028,-0.09709688219283286
2022-09-02,0.003846612563255381,0.0038303929647815877,0.016219598473793326,1.6219598473793325e-05,3.187991028006045,-0.09363840844250504
2022-09-09,-0.014739058282325457,-0.014747464646332809,0.008406364007350467,8.406364007350467e-06,3.1409762430276995,-0.10700494397079308
2022-09-16,-0.018869705598035788,-0.018880709639596486,0.011004041560699514,1.1004041560699515e-05,3.0816723825982226,-0.1238653243332758
2022-09-23,-0.005173511873022507,-0.005187634209183739,0.014122336161231493,1.4122336161231494e-05,3.065685793524759,-0.1284103905486167
2022-09-30,0.008613417890287325,0.008300989581557528,0.3124283087297971,0.0003124283087297971,3.091134019357137,-0.121175334281167
2022-10-07,-0.010883823532971069,-0.010891473563065607,0.0076500300945372,7.6500300945372e-06,3.057467014905416,-0.13074702989441367
2022-10-14,-0.003619024868507104,-0.003638850609925481,0.019825741418377167,1.9825741418377167e-05,3.0463413491934004,-0.13391011159486188
2022-10-21,0.0036488976816151024,0.003648565153153955,0.0003325284611471989,3.3252846114719887e-07,3.057456124084679,-0.130750126208528
2022-10-28,0.0029255068936390395,0.0028106238972910296,0.1148829963480098,0.00011488299634800981,3.06604948333195,-0.1283069917405325
2022-11-04,0.015674444622687092,0.015656550726530744,0.017893896156347528,1.7893896156347527e-05,3.11405324259779,-0.11465928593875596
2022-11-11,-0.0009455044662374831,-0.0010165981001445572,0.07109363390707417,7.109363390707418e-05,3.1108875019876163,-0.11555932162665128
2022-11-18,0.005862416559728054,0.00580158770161213,0.06082885811592461,6.082885811592461e-05,3.128935588660247,-0.11042816146419476
2022-11-25,0.012118269929662702,0.011946703315295149,0.1715666143675529,0.0001715666143675529,3.166316053830639,-0.09980071063156593
2022-12-02,-0.008714505034488647,-0.008938530552972708,0.22402551848406002,0.00022402551848406003,3.138013841043106,-0.10784716948334994
2022-12-09,0.0028174136156137444,0.002644830637037879,0.1725829785758656,0.0001725829785758656,3.146313356189346,-0.10548757634427941
2022-12-16,-0.001689504461541746,-0.0017447225145353182,0.055218052993572055,5.5218052993572054e-05,3.1408239124390196,-0.10704825230936299
2022-12-23,-0.0009759908009671694,-0.001091576788490072,0.11558598752290253,0.00011558598752290253,3.137395461959467,-0.10802297771038372
2022-12-30,0.017000237958381424,0.01673133560192958,0.2689023564518437,0.0002689023564518437,3.1898882783494815,-0.09309901080124638
2023-01-06,0.021046357449576274,0.02091833202412404,0.12802542545223244,0.00012802542545223245,3.2566154204758573,-0.07412815479618029
2023-01-13,-0.0015813519520594581,-0.0017953471281392083,0.21399517607975027,0.00021399517607975028,3.250768665333252,-0.075790416154492
2023-01-20,0.0023726907561157006,0.0022976836167326303,0.07500713938307044,7.500713938307044e-05,3.258237903237376,-0.07366687493526292
2023-01-27,-0.007725547463411256,-0.00798834227522407,0.26279481181281356,0.00026279481181281354,3.2322099836522074,-0.0810667409991579
2023-02-03,-0.006771390789306043,-0.006963832395475669,0.19244160616962663,0.00019244160616962663,3.20970141505907,-0.08746603819746812
2023-02-10,-0.004919447884072874,-0.0050992717948187515,0.1798239107458767,0.0001798239107458767,3.1933342751634695,-0.09211929689070197
2023-02-17,-0.01655181322877996,-0.016634440058995496,0.0826268302155376,8.26268302155376e-05,3.140214947574927,-0.10722138402729231
2023-02-24,0.016887177787765748,0.0168055797175361,0.08159807022964552,8.159807022964552e-05,3.1929880802065957,-0.09221772182645138
2023-03-03,-0.014232348021225982,-0.014260142710651168,0.027794689425186123,2.7794689425186125e-05,3.147455614509442,-0.10516282666340615
2023-03-10,0.009144476309478448,0.008988220006889192,0.15625630258925577,0.00015625630258925578,3.1757456380345714,-0.097119833279114
2023-03-17,0.009652320309247269,0.009469234318729147,0.18308599051812108,0.00018308599051812107,3.2058175176178025,-0.08857024941870073
2023-03-24,0.02003849400702359,0.019917921902693453,0.12057210433013757,0.00012057210433013757,3.2696707405680008,-0.070416462826831
2023-03-31,0.007034554700990153,0.006830502296008725,0.20405240498142788,0.00020405240498142787,3.292004234068643,-0.06406694034183769
2023-04-07,0.001203197038086742,0.001063601240886262,0.13959579720047988,0.00013959579720047987,3.295505613857001,-0.06307148077819891
2023-04-14,-0.0030293355807589867,-0.00321056549000995,0.1812299092509634,0.0001812299092509634,3.2849251772610177,-0.06607955114861852
2023-04-21,0.005972415424832967,0.005845893738537221,0.1265216862957458,0.0001265216862957458,3.3041285007863315,-0.060619951444386255
2023-04-28,0.0030396567879800804,0.0027664140861526215,0.27324270182745913,0.00027324270182745914,3.3132690884133646,-0.05802123724581143
2023-05-05,-0.004727105960206229,-0.004887353735297852,0.16024777509162208,0.0001602477750916221,3.297075970358061,-0.06262502067052933
2023-05-12,-0.003461768526114357,-0.0036447706397090326,0.18300211359467575,0.00018300211359467575,3.28505888466441,-0.0660415374735871
2023-05-19,-0.0077470769825478845,-0.007800392833624042,0.05331585107615751,5.3315851076157506e-05,3.259434134882441,-0.07332678037158069
2023-05-26,0.00822822623647027,0.008074131617682103,0.15409461878816622,0.0001540946187881662,3.2857512350866473,-0.06584469882971966
2023-06-02,0.002100891500245587,0.002036023228512589,0.0648682717329978,6.486827173299781e-05,3.292441100924398,-0.06394273693749875
2023-06-09,0.01588044678008062,0.015824900976764717,0.0555458033159035,5.554580331590351e-05,3.344543655318357,-0.04912972344095312
2023-06-16,-0.017697785187676146,-0.01794229514621261,0.24450995853646146,0.0002445099585364615,3.2845348659252425,-0.06619051858873626
2023-06-23,0.01721596797126448,0.017113052786851032,0.10291518441345002,0.00010291518441345002,3.340743284466074,-0.05021018764048324
2023-06-30,-0.01105419948241305,-0.011168124339433117,0.11392485702006681,0.00011392485702006681,3.303433448079031,-0.06081755836124125
2023-07-07,0.027232325566301698,0.027150595148078462,0.08173041822323682,8.173041822323682e-05,3.393123632226445,-0.03531819611812359
2023-07-14,0.0013366127528495152,0.00121333495292211,0.12327779992740516,0.00012327779992740516,3.397240627729012,-0.03414771396702554
2023-07-21,0.008647801983484436,0.008517442705806236,0.13035927767819938,0.0001303592776781994,3.4261764301335313,-0.02592112245846767
2023-07-28,-0.0210956698158483,-0.02126223734169546,0.16656752584716028,0.00016656752584716028,3.3533282537015094,-0.046632218742287956
2023-08-04,-0.008462537696906887,-0.0085690072829794,0.1064695860725124,0.0001064695860725124,3.3245935594733207,-0.054801634203243244
2023-08-11,-0.018159209698277678,-0.018330608152358478,0.17139845408079998,0.0001713984540808,3.2636517376687606,-0.07212769507291317
2023-08-18,0.009886016452160768,0.009819760781406938,0.06625567075383076,6.625567075383077e-05,3.295700017006491,-0.0630162110028365
2023-08-25,0.02154636659196759,0.021334520524534252,0.21184606743333734,0.00021184606743333733,3.366012196662024,-0.04302611112532051
2023-09-01,-0.009872464638443348,-0.010003273088362569,0.13080844991922164,0.00013080844991922164,3.3323410574400545,-0.05259898227416637
2023-09-08,0.0001401036750619337,0.00011631859404578246,0.023785081016151233,2.3785081016151233e-05,3.332728670666737,-0.0524887819197869
2023-09-15,-0.023395156478448476,-0.023566548925378066,0.17139244692958877,0.00017139244692958877,3.2541877573944595,-0.07481835139801873
2023-09-22,-0.011817140864284712,-0.012112685606520884,0.2955447422361716,0.00029554474223617163,3.214770804184551,-0.08602478583645723
2023-09-29,-0.006348880053821243,-0.00647529766264402,0.12641760882277678,0.00012641760882277679,3.193954206310279,-0.09194304740444492
2023-10-06,0.014049307911237662,0.013967418735272146,0.0818891759655167,8.188917596551671e-05,3.238565502131098,-0.07925983571206774
2023-10-13,-0.009241398124621693,-0.009348522601208437,0.1071244765867436,0.0001071244765867436,3.2082896993389314,-0.08786739594775383
2023-10-20,-0.006467225528920956,-0.006517914106865814,0.05068857794485766,5.068857794485766e-05,3.1873783426486977,-0.09381259791503826
2023-10-27,0.020037300769841362,0.01977666114752938,0.2606396223119818,0.0002606396223119818,3.2504140440802347,-0.07589123672784404
2023-11-03,-0.004546731174635478,-0.004731150081626039,0.1844189069905609,0.0001844189069905609,3.235035847410266,-0.0802633339786305
2023-11-10,0.01939499063602603,0.019296485809228946,0.0985048267970858,9.850482679708581e-05,3.2974606707321654,-0.06251564845452151
2023-11-17,0.008175121460295625,0.0079999389472287,0.17518251306692598,0.00017518251306692598,3.3238401547789107,-0.0550158308781753
2023-11-24,0.012808954461050952,0.01259481428735299,0.21414017369796132,0.00021414017369796132,3.365703304249198,-0.043113930763597264
2023-12-01,-0.008037596809306225,-0.008131242570816441,0.0936457615102163,9.36457615102163e-05,3.3383359542609496,-0.05089460350519348
2023-12-08,0.01910953245027227,0.01903393511020348,0.0755973400687878,7.55973400687878e-05,3.401877624190412,-0.032829392975567306
2023-12-15,0.00958691333634359,0.009423664463821157,0.16324887252243336,0.00016324887252243338,3.433935777467764,-0.02371510169569868
2023-12-22,0.0036955233410003274,0.003647580601648548,0.04794273935177941,4.794273935177941e-05,3.446461334996962,-0.020154023838961588
2023-12-29,-0.019538734481982914,-0.019615730301731103,0.07699581974818781,7.699581974818782e-05,3.3788564789543174,-0.039374418244572995
2024-01-05,0.015710226661899977,0.015630286437432295,0.07994022446768176,7.994022446768176e-05,3.4316689735513473,-0.024359565242610626
2024-01-12,0.0005599656465144524,0.00036694443619500667,0.1930212103194457,0.0001930212103194457,3.4329282053880554,-0.02400155941334936
2024-01-19,0.005237720588021644,0.0051548145854771335,0.0829060025445102,8.29060025445102e-05,3.4506243137720856,-0.01897046841641037
2024-01-26,0.006696787378393024,0.006546171751652095,0.1506156267409302,0.0001506156267409302,3.4732126931804648,-0.012548480609221313
2024-02-02,0.006884416056811998,0.006775026162102723,0.10938989470927467,0.00010938989470927466,3.4967438000433098,-0.005858470731540666
2024-02-09,-0.002239485347643626,-0.002301500628342841,0.06201528069921527,6.201528069921526e-05,3.488696041990356,-0.008146488085813752
2024-02-16,0.012754830239026302,0.012689810285142173,0.0650199538841286,6.50199538841286e-05,3.5329669329057403,0.0
2024-02-23,0.007304662351650046,0.007168665874638273,0.13599647701177298,0.00013599647701177298,3.5582935923938876,0.0
2024-03-01,0.006835397318931324,0.006819444957356301,0.01595236157502332,1.595236157502332e-05,3.5825591796893312,0.0
2024-03-08,-0.004855606909879171,-0.004983028087913171,0.12742117803399955,0.00012742117803399956,3.564707186670328,-0.004983028087913177
2024-03-15,0.014686432059448125,0.014606747275237291,0.07968478421083348,7.968478421083348e-05,3.6167759636562438,0.0
2024-03-22,0.007942637740653997,0.007841898118134556,0.10073962251944142,0.00010073962251944142,3.645138352279354,0.0
2024-03-29,-0.009853764800046802,-0.010068683586955441,0.21491878690863864,0.00021491878690863865,3.608436607579577,-0.010068683586955451
2024-04-05,-0.01685492404646942,-0.01695611400853283,0.10118996206340915,0.00010118996206340915,3.5472515450688946,-0.026854071848671945
2024-04-12,-0.016142226391719583,-0.016267173810267134,0.12494741854754955,0.00012494741854754955,3.4895477876365204,-0.04268440580466326
2024-04-19,0.017020496483642077,0.016841352442097907,0.17914404154416969,0.0001791440415441697,3.54831649179165,-0.026561916484503234
2024-04-26,0.0029784661343130467,0.002647457508315953,0.3310086259970938,0.00033100862599709383,3.557710508929725,-0.02398478052141939
2024-05-03,0.014749087772724743,0.014717327529023471,0.03176024370127106,3.1760243701271065e-05,3.610070499743093,-0.009620444863041366
2024-05-10,0.014610996776860582,0.014573249289019742,0.037747487840839436,3.774748784083944e-05,3.6626809570867853,0.0
2024-05-17,-0.006532975608890211,-0.006720164308598935,0.18718869970872476,0.00018718869970872477,3.638067139245186,-0.006720164308598897
2024-05-24,-0.0041732917852065005,-0.0042393240384975385,0.06603225329103844,6.603225329103845e-05,3.6226441937681155,-0.010930999393000351
2024-05-31,0.0058998616988653295,0.005748210561069653,0.15165113779567674,0.00015165113779567674,3.6434679153817306,-0.005245622518084803
2024-06-07,0.006298404211131193,0.006071752921695913,0.2266512894352801,0.0002266512894352801,3.6655901523420544,0.0
2024-06-14,0.0048139156392749405,0.004752008045561702,0.0619075937132385,6.19075937132385e-05,3.6830090662377155,0.0
2024-06-21,-0.002570017921653995,-0.0026495589336754865,0.07954101202149186,7.954101202149186e-05,3.673250716663458,-0.0026495589336754666
2024-06-28,0.020784734048398965,0.020493657501038615,0.29107654736034877,0.00029107654736034875,3.7485290587662035,0.0
2024-07-05,0.009838299839792725,0.009676550884421294,0.16174895537143114,0.00016174895537143113,3.784801890945086,0.0
2024-07-12,-0.014810060052629425,-0.01495818589103476,0.14812583840533505,0.00014812583840533505,3.7281881206995893,-0.014958185891034814
2024-07-19,-0.003511391244790775,-0.0035451802466280997,0.03378900183732486,3.378900183732486e-05,3.714971021818372,-0.01845033667251661
2024-07-26,-0.007806800750749767,-0.0079076835698557,0.10088281910593258,0.00010088281910593258,3.6855942065066487,-0.026212120818208673
2024-08-02,0.0004083583831820318,0.00033823798721043907,0.07012039597159272,7.012039597159273e-05,3.6868408144727316,-0.025882748765984398
2024-08-09,0.02878358698434172,0.028730558320981904,0.05302866335981409,5.3028663359814095e-05,3.7927658095131167,0.0
2024-08-16,0.010049930546921429,0.009882699400786052,0.16723114613537624,0.00016723114613537623,3.8302485739061143,0.0
2024-08-23,0.00025324230913377585,0.00019775971426324337,0.05548259487053247,5.548259487053247e-05,3.8310060427696473,0.0
2024-08-30,-0.012921057664347835,-0.0130240492255006,0.10299156115276531,0.00010299156115276532,3.781110831485425,-0.013024049225500711
2024-09-06,0.02429319728799753,0.02419299667148319,0.10020061651434199,0.00010020061651434199,3.8725872332460605,0.0
2024-09-13,0.006452041976906982,0.0064089998833304785,0.04304209357650364,4.304209357650364e-05,3.897406644372122,0.0
2024-09-20,0.008161028388069985,0.008044203480040783,0.11682490802920138,0.00011682490802920138,3.9287581764639143,0.0
2024-09-27,-0.004244657291888863,-0.004344620071798601,0.09996277990973887,9.996277990973887e-05,3.9116892148332063,-0.004344620071798588
2024-10-04,0.0004082359186540679,0.00036497827252139425,0.043257646132673674,4.3257646132673674e-05,3.913116896405477,-0.003981227491205663
2024-10-11,0.012058733779467985,0.012015480742365392,0.043253037102594004,4.325303710259401e-05,3.9601348771168614,0.0
2024-10-18,-0.011036434858381981,-0.011080396778373962,0.04396191999198022,4.396191999198022e-05,3.9162550113825296,-0.011080396778373913
2024-10-25,-0.010064369945084375,-0.01018206598544647,0.1176960403620951,0.00011769604036209511,3.8763794444407975,-0.021149641432677946
2024-11-01,0.0178799342938645,0.017844932789456234,0.03500150440826642,3.500150440826642e-05,3.9455531750932735,-0.003682122573108959
2024-11-08,-0.021846436041216003,-0.021902901850952887,0.05646580973688277,5.646580973688277e-05,3.85913411115149,-0.02550437525473981
2024-11-15,0.02650802557582512,0.02643196003627341,0.07606553955171173,7.606553955171174e-05,3.961138589752066,0.0
2024-11-22,0.006728956890181836,0.006701820934347401,0.027135955834434334,2.7135955834434334e-05,3.987685431276718,0.0
2024-11-29,-0.00623713187831842,-0.0064279426758004805,0.1908107974820609,0.0001908107974820609,3.9620528179153465,-0.006427942675800491
2024-12-06,-0.007873054280918043,-0.007960564268586719,0.08750998766867514,8.750998766867514e-05,3.9305126418227965,-0.014337336893601615
2024-12-13,-0.020146329014539277,-0.020368179759983333,0.22185074544405775,0.00022185074544405774,3.8504552537852628,-0.0344134911984566
2024-12-20,0.0032002602668127424,0.0031100135171775556,0.09024674963518681,9.024674963518681e-05,3.862430221671822,-0.03141050410407964
2024-12-27,-0.0015854454157764757,-0.0017219040955356482,0.13645867975917253,0.00013645867975917253,3.855779487254405,-0.03307832232395558
2025-01-03,-0.014947490375744612,-0.014979948252588157,0.032457876843545605,3.2457876843545605e-05,3.798020110061943,-0.04756275901984841
2025-01-10,0.024030751497552016,0.02400815874091018,0.02259275664183924,2.259275664183924e-05,3.8892035797654794,-0.024696494547642334
2025-01-17,0.015357892501034798,0.015232858731124916,0.12503376990988221,0.00012503376990988222,3.9484472684726324,-0.009839834029115702
2025-01-24,-0.0009957298571994884,-0.0011594926741851327,0.16376281698564427,0.00016376281698564428,3.943869072790432,-0.010987917487828791
2025-01-31,0.005222477112883811,0.005098795583338297,0.12368152954551491,0.0001236815295455149,3.963978055000041,-0.005945147049647437
2025-02-07,0.0119129001078783,0.011870876911282281,0.04202319659602008,4.202319659602008e-05,4.011033950569971,0.0
2025-02-14,-0.004838413530940243,-0.004963035346756807,0.12462181581656359,0.00012462181581656358,3.99112704729625,-0.0049630353467567945
2025-02-21,-0.014294324345013439,-0.014441350627166474,0.14702628215303506,0.00014702628215303506,3.9334897822086776,-0.019332713040305705
2025-02-28,-0.00378089320151624,-0.0040447075224434755,0.2638143209272352,0.0002638143209272352,3.9175799664971236,-0.02329922539288587
2025-03-07,0.0005077460132328993,0.00036987839761073077,0.13786761562216848,0.0001378676156221685,3.9190289946976433,-0.022937964875428984
2025-03-14,0.006001828174455151,0.00583314520827026,0.16868296618489081,0.00016868296618489082,3.941889259899136,-0.017238620147059347
2025-03-21,0.003075703661194,0.003004135421687369,0.07156823950663113,7.156823950663114e-05,3.9537312290531683,-0.014286271874776713
2025-03-28,-0.014180375140884948,-0.014249348202968994,0.06897306208404613,6.897306208404613e-05,3.897393136069437,-0.02833205001527972
2025-04-04,0.014300656222064508,0.014294152964394595,0.006503257669912709,6.503257669912709e-06,3.9531030697187948,-0.0144428797075985
2025-04-11,0.013166071281546825,0.013150756425062384,0.015314856484440696,1.5314856484440695e-05,4.005089365311833,-0.0014820580756472745
2025-04-18,0.007004396622844834,0.006999279073656728,0.005117549188106385,5.1175491881063855e-06,4.033122103494586,0.0
2025-04-25,-0.002135802447284926,-0.0022612865433856537,0.12548409610072775,0.00012548409610072775,4.024002058754123,-0.0022612865433855323
2025-05-02,0.0061982377399734815,0.006193913233239614,0.004324506733867327,4.324506733867327e-06,4.048926378356423,0.0
2025-05-09,-0.00594040647948295,-0.005943570059961969,0.003163580479018834,3.1635804790188343e-06,4.024861300759034,-0.0059435700599619334
2025-05-16,0.00960647821984897,0.009585573663477676,0.02090455637129548,2.0904556371295482e-05,4.06344190524274,0.0
2025-05-23,0.0008567475330545678,0.0007728733501637739,0.08387418289079379,8.38741828907938e-05,4.066582431201241,0.0
2025-05-30,0.0010322998027288124,0.000837134965554297,0.19516483717451544,0.00019516483717451545,4.069986709544708,0.0
2025-06-06,0.003646804007626918,0.0033675011872841484,0.27930282034277,0.00027930282034277,4.083692394621331,0.0
2025-06-13,-0.006015111741483755,-0.006166680861495256,0.15156912001150114,0.00015156912001150114,4.058509566887186,-0.0061666808614952995
2025-06-20,0.005942779398029053,0.005847741559598868,0.09503783843018443,9.503783843018443e-05,4.082242681951501,-0.0003550004578550814
2025-06-27,0.011407652194956444,0.011184320819799363,0.2233313751570808,0.0002233313751570808,4.127899793770725,0.0
2025-07-04,-0.0047158433471737,-0.0048110317113395015,0.0951883641658009,9.51883641658009e-05,4.108040336961662,-0.004811031711339564
2025-07-11,0.005129525360445981,0.0048902050286473405,0.23932033179864018,0.0002393203317986402,4.128129496475357,0.0
2025-07-18,0.0070855315387972784,0.007064739828562766,0.02079171023451276,2.079171023451276e-05,4.157293657346572,0.0
2025-07-25,-0.01323665755343946,-0.013335840344551054,0.09918279111159428,9.918279111159428e-05,4.101852652866784,-0.013335840344550931
2025-08-01,0.011509422691245134,0.011334083530494627,0.17533916075050635,0.00017533916075050635,4.148343393464157,-0.002152906342470784
2025-08-08,0.002062015725422923,0.0020099937463319995,0.052021979090923695,5.2021979090923695e-05,4.156681537742657,-0.00014723992442366995
2025-08-15,0.00831808693531062,0.008288846837622698,0.02924009768792145,2.924009768792145e-05,4.191135634361781,0.0
2025-08-22,-0.0019658732398053153,-0.0023533433673028634,0.38747012749754806,0.00038747012749754806,4.181272453115189,-0.0023533433673028625
2025-08-29,0.013958606750784521,0.013707521351873229,0.25108539891129295,0.00025108539891129295,4.238587334544264,0.0
2025-09-05,0.019326709485110182,0.019205732539961922,0.12097694514826085,0.00012097694514826086,4.319992509238792,0.0
2025-09-12,0.01143635462832954,0.01128675933006195,0.14959529826758977,0.00014959529826758978,4.36875122499824,0.0
2025-09-19,0.000531635514740634,0.0003829914672403479,0.1486440475002861,0.0001486440475002861,4.37042441943991,0.0
2025-09-26,0.015661227405906978,0.015469504849142633,0.19172255676434408,0.0001917225567643441,4.438032721189248,0.0
2025-10-03,-0.010830971089710437,-0.011000271545904815,0.16930045619437772,0.00016930045619437773,4.389213156126555,-0.011000271545904772
2025-10-10,0.024214235041364867,0.02411841953139248,0.09581550997238755,9.581550997238755e-05,4.495074040438722,0.0
2025-10-17,0.005890362814203396,0.005826970405802835,0.06339240840056165,6.339240840056165e-05,4.521266703844252,0.0
2025-10-24,-0.0006331314051806362,-0.0007396585328760819,0.10652712769544573,0.00010652712769544573,4.517922510347345,-0.000739658532876053
2025-10-31,-0.011723417189866844,-0.01185110005085882,0.12768286099197582,0.00012768286099197582,4.464380158655191,-0.012581992816458332
2025-11-07,0.0042362368337580695,0.004044486055063547,0.19175077869452212,0.0001917507786945221,4.482436281951374,-0.008588394455885995
2025-11-14,-0.021121636307600247,-0.021277324315858378,0.15568800825812984,0.00015568800825812985,4.387062031455124,-0.02968298071755404
2025-11-21,0.024500451470242,0.024299475415535843,0.20097605470615665,0.00020097605470615666,4.493665337434899,-0.006104786162224207
2025-11-28,-0.0001646376652189686,-0.00036725679040564203,0.2026191251866734,0.0002026191251866734,4.492015008325915,-0.006469800928457725
2025-12-05,-0.0009574052268252445,-0.0010649095913651443,0.10750436453989985,0.00010750436453989986,4.487231418458993,-0.007527820766759841
2025-12-12,0.0035950266262676925,0.0035761069100201507,0.01891971624754183,1.891971624754183e-05,4.503278237741404,-0.003978634148601112
2025-12-19,0.015144709512007597,0.015099529962989352,0.04517954901824495,4.5179549018244945e-05,4.571275622423858,0.0
2025-12-26,-0.006747452426795432,-0.006922774426194678,0.17532199939924653,0.00017532199939924653,4.539629712449855,-0.006922774426194711
2026-01-02,0.01612927406521423,0.015961164514555058,0.16810955065916985,0.00016810955065916985,4.612087489125429,0.0
2026-01-09,0.00608647374008956,0.006034827296760169,0.051646443329390966,5.1646443329390966e-05,4.639920640599849,0.0
2026-01-16,0.019114365803889536,0.019058810157434432,0.055555646455102865,5.555564645510287e-05,4.728352007234603,0.0
2026-01-23,-0.0036002088936719317,-0.003715443278168956,0.11523438449702406,0.00011523438449702406,4.7107840835525066,-0.003715443278168973
2026-01-30,0.010294628016829723,0.010210504846079774,0.0841231707499486,8.41231707499486e-05,4.758883567266455,0.0
2026-02-06,0.00981465903914733,0.009750420819977882,0.06423821916944705,6.423821916944705e-05,4.805284684680581,0.0
2026-02-13,0.007053818994530109,0.006997619565860431,0.056199428669678815,5.6199428669678816e-05,4.838910238809632,0.0
2026-02-20,0.008365147944198124,0.00820010663701738,0.16504130718074403,0.00016504130718074402,4.8785898187748264,0.0
2026-02-27,-0.03331479933614808,-0.03341528514817205,0.10048581202396523,0.00010048581202396522,4.715570348859496,-0.03341528514817205
2026-03-06,-0.013678939585266297,-0.01369601482690835,0.017075241642054255,1.7075241642054255e-05,4.650985827444187,-0.04665364373424574
2026-03-13,-0.021812141034389023,-0.022051871820017468,0.23973078562844574,0.00023973078562844575,4.54842288414067,-0.06767671538269882
2026-03-20,-0.004567127948296605,-0.004612319571798906,0.04519162350230091,4.519162350230091e-05,4.52744410425133,-0.07197688831558302
2026-03-27,0.021409199695410237,0.021189601764402096,0.21959793100813937,0.00021959793100813938,4.623378841831006,-0.05231244815082914
2026-04-03,0.009634144341496084,0.009475085038296499,0.15905930319958422,0.00015905930319958422,4.667185749521615,-0.04333302800732319
2026-04-10,0.0,-0.0004153089745383096,0.4153089745383096,0.0004153089745383096,4.665247425394002,-0.043730340386436084
