,dual_momentum_topn,cta_trend_long_only,composite_selective_signals,composite_regime_offense_component,composite_regime_defense_component,taa_10m_sma,cash::BIL
2005-01-07,0.0,0.0,0.0,0.0,0.0,0.0,1.0
2005-01-14,0.0,0.0,0.0,0.0,0.0,0.0,1.0
2005-01-21,0.0,0.0,0.0,0.0,0.0,0.0,1.0
2005-01-28,0.0,0.0,0.0,0.0,0.0,0.0,1.0
2005-02-04,0.0,0.0,0.0,0.0,0.0,0.0,1.0
2005-02-11,0.0,0.0,0.0,0.0,0.0,0.0,1.0
2005-02-18,0.0,0.0,0.0,0.0,0.0,0.0,1.0
2005-02-25,0.0,0.0,0.0,0.0,0.0,0.0,1.0
2005-03-04,0.0,0.0,0.0,0.0,0.0,0.0,1.0
2005-03-11,0.0,0.0,0.0,0.0,0.0,0.0,1.0
2005-03-18,0.0,0.0,0.0,0.0,0.0,0.0,1.0
2005-03-25,0.0,0.0,0.0,0.0,0.0,0.0,1.0
2005-04-01,0.0,0.0,0.0,0.0,0.0,0.0,1.0
2005-04-08,0.0,0.0,0.0,0.0,0.0,0.0,1.0
2005-04-15,0.0,0.0,0.0,0.0,0.0,0.0,1.0
2005-04-22,0.0,0.0,0.0,0.0,0.0,0.0,1.0
2005-04-29,0.0,0.0,0.0,0.0,0.0,0.0,1.0
2005-05-06,0.0,0.0,0.0,0.0,0.0,0.0,1.0
2005-05-13,0.0,0.0,0.0,0.0,0.0,0.0,1.0
2005-05-20,0.0,0.0,0.0,0.0,0.0,0.0,1.0
2005-05-27,0.0,0.0,0.0,0.0,0.0,0.0,1.0
2005-06-03,0.0,0.0,0.0,0.0,0.0,0.0,1.0
2005-06-10,0.0,0.0,0.0,0.0,0.0,0.0,1.0
2005-06-17,0.0,0.0,0.0,0.0,0.0,0.0,1.0
2005-06-24,0.0,0.0,0.0,0.0,0.0,0.0,1.0
2005-07-01,0.0,0.0,0.0,0.0,0.0,0.0,1.0
2005-07-08,0.0,0.0,0.0,0.0,0.0,0.0,1.0
2005-07-15,0.0,0.0,0.0,0.0,0.0,0.0,1.0
2005-07-22,0.0,0.0,0.0,0.0,0.0,0.0,1.0
2005-07-29,0.0,0.0,0.0,0.0,0.0,0.0,1.0
2005-08-05,0.0,0.0,0.0,0.0,0.0,0.0,1.0
2005-08-12,0.0,0.0,0.0,0.0,0.0,0.0,1.0
2005-08-19,0.0,0.0,0.0,0.0,0.0,0.0,1.0
2005-08-26,0.0,0.0,0.0,0.0,0.0,0.0,1.0
2005-09-02,0.0,0.0,0.0,0.0,0.0,0.0,1.0
2005-09-09,0.0,0.0,0.0,0.0,0.0,0.0,1.0
2005-09-16,0.0,0.0,0.0,0.0,0.0,0.0,1.0
2005-09-23,0.0,0.0,0.0,0.0,0.0,0.0,1.0
2005-09-30,0.0,0.0,0.0,0.0,0.0,0.0,1.0
2005-10-07,0.0,0.0,0.0,0.0,0.0,0.0,1.0
2005-10-14,0.0,0.0,0.0,0.0,0.0,0.0,1.0
2005-10-21,0.0,0.0,0.0,0.0,0.0,0.0,1.0
2005-10-28,0.0,0.0,0.0,0.0,0.0,0.0,1.0
2005-11-04,0.0,0.0,0.0,0.0,0.0,0.0,1.0
2005-11-11,0.0,0.0,0.0,0.0,0.0,0.0,1.0
2005-11-18,0.0,0.0,0.0,0.0,0.0,0.0,1.0
2005-11-25,0.0,0.0,0.0,0.0,0.0,0.0,1.0
2005-12-02,0.0,0.0,0.0,0.0,0.0,0.0,1.0
2005-12-09,0.0,0.0,0.0,0.0,0.0,0.0,1.0
2005-12-16,0.0,0.0,0.0,0.0,0.0,0.0,1.0
2005-12-23,0.0,0.0,0.0,0.0,0.0,0.0,1.0
2005-12-30,0.0,0.0,0.0,0.0,0.0,0.0,1.0
2006-01-06,0.0,0.0,0.0,0.0,0.0,0.0,1.0
2006-01-13,0.0,0.0,0.0,0.0,0.0,0.0,1.0
2006-01-20,0.0,0.0,0.0,0.0,0.0,0.0,1.0
2006-01-27,0.0,0.0,0.0,0.0,0.0,0.0,1.0
2006-02-03,0.0,0.0,0.0,0.0,0.0,0.0,1.0
2006-02-10,0.0,0.0,0.0,0.0,0.0,0.0,1.0
2006-02-17,0.0,0.0,0.0,0.0,0.0,0.0,1.0
2006-02-24,0.0,0.0,0.0,0.0,0.0,0.0,1.0
2006-03-03,0.0,0.0,0.0,0.0,0.0,0.0,1.0
2006-03-10,0.0,0.0,0.0,0.0,0.0,0.0,1.0
2006-03-17,0.0,0.0,0.0,0.0,0.0,0.0,1.0
2006-03-24,0.0,0.0,0.0,0.0,0.0,0.0,1.0
2006-03-31,0.0,0.0,0.0,0.0,0.0,0.0,1.0
2006-04-07,0.0,0.0,0.0,0.0,0.0,0.0,1.0
2006-04-14,0.0,0.0,0.0,0.0,0.0,0.0,1.0
2006-04-21,0.0,0.0,0.0,0.0,0.0,0.0,1.0
2006-04-28,0.0,0.0,0.0,0.0,0.0,0.0,1.0
2006-05-05,0.0,0.0,0.0,0.0,0.0,0.0,1.0
2006-05-12,0.0,0.0,0.0,0.0,0.0,0.0,1.0
2006-05-19,0.0,0.0,0.0,0.0,0.0,0.0,1.0
2006-05-26,0.0,0.0,0.0,0.0,0.0,0.0,1.0
2006-06-02,0.0,0.0,0.0,0.0,0.0,0.0,1.0
2006-06-09,0.0,0.0,0.0,0.0,0.0,0.0,1.0
2006-06-16,0.0,0.0,0.0,0.0,0.0,0.0,1.0
2006-06-23,0.0,0.0,0.0,0.0,0.0,0.0,1.0
2006-06-30,0.12655091033454038,0.0,0.23348660157441614,0.12535961483617183,0.18546289679315697,0.12913997646171477,0.19999999999999996
2006-07-07,0.12655091033454038,0.0,0.23348660157441614,0.12535961483617183,0.18546289679315697,0.12913997646171477,0.19999999999999996
2006-07-14,0.12655091033454038,0.0,0.23348660157441614,0.12535961483617183,0.18546289679315697,0.12913997646171477,0.19999999999999996
2006-07-21,0.12655091033454038,0.0,0.23348660157441614,0.12535961483617183,0.18546289679315697,0.12913997646171477,0.19999999999999996
2006-07-28,0.09732833008837213,0.14400000000000002,0.19589817442615465,0.0872042669431389,0.17343768938650916,0.10213153915582514,0.19999999999999996
2006-08-04,0.09732833008837213,0.14400000000000002,0.19589817442615465,0.0872042669431389,0.17343768938650916,0.10213153915582514,0.19999999999999996
2006-08-11,0.09732833008837213,0.14400000000000002,0.19589817442615465,0.0872042669431389,0.17343768938650916,0.10213153915582514,0.19999999999999996
2006-08-18,0.09732833008837213,0.14400000000000002,0.19589817442615465,0.0872042669431389,0.17343768938650916,0.10213153915582514,0.19999999999999996
2006-08-25,0.07583006611897802,0.23040000000000005,0.19708886916005894,0.06868330218438382,0.14711763146558696,0.08088013107099234,0.19999999999999984
2006-09-01,0.07583006611897802,0.23040000000000005,0.19708886916005894,0.06868330218438382,0.14711763146558696,0.08088013107099234,0.19999999999999984
2006-09-08,0.07583006611897802,0.23040000000000005,0.19708886916005894,0.06868330218438382,0.14711763146558696,0.08088013107099234,0.19999999999999984
2006-09-15,0.07583006611897802,0.23040000000000005,0.19708886916005894,0.06868330218438382,0.14711763146558696,0.08088013107099234,0.19999999999999984
2006-09-22,0.07583006611897802,0.23040000000000005,0.19708886916005894,0.06868330218438382,0.14711763146558696,0.08088013107099234,0.19999999999999984
2006-09-29,0.0641103827583597,0.28224,0.2017993021497423,0.058842344272694205,0.1234733504428459,0.06953462037635805,0.19999999999999984
2006-10-06,0.0641103827583597,0.28224,0.2017993021497423,0.058842344272694205,0.1234733504428459,0.06953462037635805,0.19999999999999984
2006-10-13,0.0641103827583597,0.28224,0.2017993021497423,0.058842344272694205,0.1234733504428459,0.06953462037635805,0.19999999999999984
2006-10-20,0.0641103827583597,0.28224,0.2017993021497423,0.058842344272694205,0.1234733504428459,0.06953462037635805,0.19999999999999984
2006-10-27,0.07811375381294249,0.3058413087136473,0.20293709843460014,0.09339784377333304,0.17119311650556054,0.0990726792688253,0.049444199491091134
2006-11-03,0.07811375381294249,0.3058413087136473,0.20293709843460014,0.09339784377333304,0.17119311650556054,0.0990726792688253,0.049444199491091134
2006-11-10,0.07811375381294249,0.3058413087136473,0.20293709843460014,0.09339784377333304,0.17119311650556054,0.0990726792688253,0.049444199491091134
2006-11-17,0.07811375381294249,0.3058413087136473,0.20293709843460014,0.09339784377333304,0.17119311650556054,0.0990726792688253,0.049444199491091134
2006-11-24,0.06050234368239979,0.4243499957708755,0.2444004749631428,0.06699468430866404,0.12950488328982718,0.07424761798509066,0.0
2006-12-01,0.06050234368239979,0.4243499957708755,0.2444004749631428,0.06699468430866404,0.12950488328982718,0.07424761798509066,0.0
2006-12-08,0.06050234368239979,0.4243499957708755,0.2444004749631428,0.06699468430866404,0.12950488328982718,0.07424761798509066,0.0
2006-12-15,0.06050234368239979,0.4243499957708755,0.2444004749631428,0.06699468430866404,0.12950488328982718,0.07424761798509066,0.0
2006-12-22,0.06050234368239979,0.4243499957708755,0.2444004749631428,0.06699468430866404,0.12950488328982718,0.07424761798509066,0.0
2006-12-29,0.05507288548733621,0.44486999915417513,0.24643167414699235,0.06285888046216005,0.12213156182122889,0.0686349989281074,0.0
2007-01-05,0.05507288548733621,0.44486999915417513,0.24643167414699235,0.06285888046216005,0.12213156182122889,0.0686349989281074,0.0
2007-01-12,0.05507288548733621,0.44486999915417513,0.24643167414699235,0.06285888046216005,0.12213156182122889,0.0686349989281074,0.0
2007-01-19,0.05507288548733621,0.44486999915417513,0.24643167414699235,0.06285888046216005,0.12213156182122889,0.0686349989281074,0.0
2007-01-26,0.054120295113494025,0.4413874376513456,0.24765185807384923,0.06302264062708844,0.12423275233169659,0.06958501620252616,0.0
2007-02-02,0.054120295113494025,0.4413874376513456,0.24765185807384923,0.06302264062708844,0.12423275233169659,0.06958501620252616,0.0
2007-02-09,0.054120295113494025,0.4413874376513456,0.24765185807384923,0.06302264062708844,0.12423275233169659,0.06958501620252616,0.0
2007-02-16,0.054120295113494025,0.4413874376513456,0.24765185807384923,0.06302264062708844,0.12423275233169659,0.06958501620252616,0.0
2007-02-23,0.05262489383010212,0.38116042327603034,0.2668531387961156,0.07397097796485871,0.15476436514994027,0.07062620098295293,0.0
2007-03-02,0.05262489383010212,0.38116042327603034,0.2668531387961156,0.07397097796485871,0.15476436514994027,0.07062620098295293,0.0
2007-03-09,0.05262489383010212,0.38116042327603034,0.2668531387961156,0.07397097796485871,0.15476436514994027,0.07062620098295293,0.0
2007-03-16,0.05262489383010212,0.38116042327603034,0.2668531387961156,0.07397097796485871,0.15476436514994027,0.07062620098295293,0.0
2007-03-23,0.05262489383010212,0.38116042327603034,0.2668531387961156,0.07397097796485871,0.15476436514994027,0.07062620098295293,0.0
2007-03-30,0.062231336108863944,0.3071079375430025,0.2203823507936852,0.09941412947259583,0.18222915954996802,0.07881868974097507,0.049816396790909434
2007-04-06,0.062231336108863944,0.3071079375430025,0.2203823507936852,0.09941412947259583,0.18222915954996802,0.07881868974097507,0.049816396790909434
2007-04-13,0.062231336108863944,0.3071079375430025,0.2203823507936852,0.09941412947259583,0.18222915954996802,0.07881868974097507,0.049816396790909434
2007-04-20,0.062231336108863944,0.3071079375430025,0.2203823507936852,0.09941412947259583,0.18222915954996802,0.07881868974097507,0.049816396790909434
2007-04-27,0.06966882526949889,0.27371998909294787,0.20059074101876137,0.11688957190394342,0.2031661225411283,0.08594745205468995,0.05001729811903011
2007-05-04,0.06966882526949889,0.27371998909294787,0.20059074101876137,0.11688957190394342,0.2031661225411283,0.08594745205468995,0.05001729811903011
2007-05-11,0.06966882526949889,0.27371998909294787,0.20059074101876137,0.11688957190394342,0.2031661225411283,0.08594745205468995,0.05001729811903011
2007-05-18,0.06966882526949889,0.27371998909294787,0.20059074101876137,0.11688957190394342,0.2031661225411283,0.08594745205468995,0.05001729811903011
2007-05-25,0.0758919341116813,0.2432756113864322,0.19703352250583503,0.12761836442084748,0.22557411192857366,0.08027002113391248,0.050336434512717854
2007-06-01,0.0758919341116813,0.2432756113864322,0.19703352250583503,0.12761836442084748,0.22557411192857366,0.08027002113391248,0.050336434512717854
2007-06-08,0.0758919341116813,0.2432756113864322,0.19703352250583503,0.12761836442084748,0.22557411192857366,0.08027002113391248,0.050336434512717854
2007-06-15,0.0758919341116813,0.2432756113864322,0.19703352250583503,0.12761836442084748,0.22557411192857366,0.08027002113391248,0.050336434512717854
2007-06-22,0.0758919341116813,0.2432756113864322,0.19703352250583503,0.12761836442084748,0.22557411192857366,0.08027002113391248,0.050336434512717854
2007-06-29,0.08002693706043547,0.22232627123314,0.19648184265292148,0.1347536259998057,0.23956641554556668,0.07628647804036834,0.050558429467762345
2007-07-06,0.08002693706043547,0.22232627123314,0.19648184265292148,0.1347536259998057,0.23956641554556668,0.07628647804036834,0.050558429467762345
2007-07-13,0.08002693706043547,0.22232627123314,0.19648184265292148,0.1347536259998057,0.23956641554556668,0.07628647804036834,0.050558429467762345
2007-07-20,0.08002693706043547,0.22232627123314,0.19648184265292148,0.1347536259998057,0.23956641554556668,0.07628647804036834,0.050558429467762345
2007-07-27,0.05719293022752595,0.1754201955406113,0.19248991659313394,0.09179548728023555,0.22059777741456058,0.06250369294393265,0.20000000000000007
2007-08-03,0.05719293022752595,0.1754201955406113,0.19248991659313394,0.09179548728023555,0.22059777741456058,0.06250369294393265,0.20000000000000007
2007-08-10,0.05719293022752595,0.1754201955406113,0.19248991659313394,0.09179548728023555,0.22059777741456058,0.06250369294393265,0.20000000000000007
2007-08-17,0.05719293022752595,0.1754201955406113,0.19248991659313394,0.09179548728023555,0.22059777741456058,0.06250369294393265,0.20000000000000007
2007-08-24,0.05719293022752595,0.1754201955406113,0.19248991659313394,0.09179548728023555,0.22059777741456058,0.06250369294393265,0.20000000000000007
2007-08-31,0.024809547123543624,0.08007143246268841,0.10240302131989738,0.03931799625195583,0.12216520768325378,0.03123279515866101,0.5999999999999999
2007-09-07,0.024809547123543624,0.08007143246268841,0.10240302131989738,0.03931799625195583,0.12216520768325378,0.03123279515866101,0.5999999999999999
2007-09-14,0.024809547123543624,0.08007143246268841,0.10240302131989738,0.03931799625195583,0.12216520768325378,0.03123279515866101,0.5999999999999999
2007-09-21,0.024809547123543624,0.08007143246268841,0.10240302131989738,0.03931799625195583,0.12216520768325378,0.03123279515866101,0.5999999999999999
2007-09-28,0.06676294349888118,0.16758654964930295,0.2157951289208303,0.13722318070088108,0.30766921597272406,0.0725368097967347,0.03242617146064575
2007-10-05,0.06676294349888118,0.16758654964930295,0.2157951289208303,0.13722318070088108,0.30766921597272406,0.0725368097967347,0.03242617146064575
2007-10-12,0.06676294349888118,0.16758654964930295,0.2157951289208303,0.13722318070088108,0.30766921597272406,0.0725368097967347,0.03242617146064575
2007-10-19,0.06676294349888118,0.16758654964930295,0.2157951289208303,0.13722318070088108,0.30766921597272406,0.0725368097967347,0.03242617146064575
2007-10-26,0.02352818228007051,0.06619916632648286,0.0997187405103146,0.04569447620342082,0.13459419107158557,0.03026524360812562,0.6000000000000001
2007-11-02,0.02352818228007051,0.06619916632648286,0.0997187405103146,0.04569447620342082,0.13459419107158557,0.03026524360812562,0.6000000000000001
2007-11-09,0.02352818228007051,0.06619916632648286,0.0997187405103146,0.04569447620342082,0.13459419107158557,0.03026524360812562,0.6000000000000001
2007-11-16,0.02352818228007051,0.06619916632648286,0.0997187405103146,0.04569447620342082,0.13459419107158557,0.03026524360812562,0.6000000000000001
2007-11-23,0.02352818228007051,0.06619916632648286,0.0997187405103146,0.04569447620342082,0.13459419107158557,0.03026524360812562,0.6000000000000001
2007-11-30,0.023021286455841623,0.06912628691365255,0.10033882556711422,0.03754435818438016,0.1360429807964468,0.033926262082564655,0.6
2007-12-07,0.023021286455841623,0.06912628691365255,0.10033882556711422,0.03754435818438016,0.1360429807964468,0.033926262082564655,0.6
2007-12-14,0.023021286455841623,0.06912628691365255,0.10033882556711422,0.03754435818438016,0.1360429807964468,0.033926262082564655,0.6
2007-12-21,0.023021286455841623,0.06912628691365255,0.10033882556711422,0.03754435818438016,0.1360429807964468,0.033926262082564655,0.6
2007-12-28,0.04630500862437469,0.14420719937042095,0.20622069463583098,0.06680117813963592,0.26700348269731755,0.06946243653241997,0.19999999999999984
2008-01-04,0.04630500862437469,0.14420719937042095,0.20622069463583098,0.06680117813963592,0.26700348269731755,0.06946243653241997,0.19999999999999984
2008-01-11,0.04630500862437469,0.14420719937042095,0.20622069463583098,0.06680117813963592,0.26700348269731755,0.06946243653241997,0.19999999999999984
2008-01-18,0.04630500862437469,0.14420719937042095,0.20622069463583098,0.06680117813963592,0.26700348269731755,0.06946243653241997,0.19999999999999984
2008-01-25,0.022326440015189204,0.07135544368928773,0.10282523931558446,0.030330524793133806,0.13716457232517518,0.03599777986162966,0.6
2008-02-01,0.022326440015189204,0.07135544368928773,0.10282523931558446,0.030330524793133806,0.13716457232517518,0.03599777986162966,0.6
2008-02-08,0.022326440015189204,0.07135544368928773,0.10282523931558446,0.030330524793133806,0.13716457232517518,0.03599777986162966,0.6
2008-02-15,0.022326440015189204,0.07135544368928773,0.10282523931558446,0.030330524793133806,0.13716457232517518,0.03599777986162966,0.6
2008-02-22,0.022326440015189204,0.07135544368928773,0.10282523931558446,0.030330524793133806,0.13716457232517518,0.03599777986162966,0.6
2008-02-29,0.02183054845543059,0.07103799934519243,0.10253865648009614,0.028169824399279765,0.13951934715446554,0.03690362416553554,0.6
2008-03-07,0.02183054845543059,0.07103799934519243,0.10253865648009614,0.028169824399279765,0.13951934715446554,0.03690362416553554,0.6
2008-03-14,0.02183054845543059,0.07103799934519243,0.10253865648009614,0.028169824399279765,0.13951934715446554,0.03690362416553554,0.6
2008-03-21,0.02183054845543059,0.07103799934519243,0.10253865648009614,0.028169824399279765,0.13951934715446554,0.03690362416553554,0.6
2008-03-28,0.0215427635063862,0.07092913223975393,0.10182122608777162,0.02478298447854481,0.14366882286605603,0.037255070821487386,0.6000000000000001
2008-04-04,0.0215427635063862,0.07092913223975393,0.10182122608777162,0.02478298447854481,0.14366882286605603,0.037255070821487386,0.6000000000000001
2008-04-11,0.0215427635063862,0.07092913223975393,0.10182122608777162,0.02478298447854481,0.14366882286605603,0.037255070821487386,0.6000000000000001
2008-04-18,0.0215427635063862,0.07092913223975393,0.10182122608777162,0.02478298447854481,0.14366882286605603,0.037255070821487386,0.6000000000000001
2008-04-25,0.021491403167671088,0.07076752901835094,0.10066947061311982,0.02263380810986523,0.14715279993695882,0.03728498915403412,0.6
2008-05-02,0.021491403167671088,0.07076752901835094,0.10066947061311982,0.02263380810986523,0.14715279993695882,0.03728498915403412,0.6
2008-05-09,0.021491403167671088,0.07076752901835094,0.10066947061311982,0.02263380810986523,0.14715279993695882,0.03728498915403412,0.6
2008-05-16,0.021491403167671088,0.07076752901835094,0.10066947061311982,0.02263380810986523,0.14715279993695882,0.03728498915403412,0.6
2008-05-23,0.021491403167671088,0.07076752901835094,0.10066947061311982,0.02263380810986523,0.14715279993695882,0.03728498915403412,0.6
2008-05-30,0.0443705978210144,0.14587749454928878,0.20558844119455466,0.043429440971516166,0.287919037375725,0.07281498808790111,0.19999999999999984
2008-06-06,0.0443705978210144,0.14587749454928878,0.20558844119455466,0.043429440971516166,0.287919037375725,0.07281498808790111,0.19999999999999984
2008-06-13,0.0443705978210144,0.14587749454928878,0.20558844119455466,0.043429440971516166,0.287919037375725,0.07281498808790111,0.19999999999999984
2008-06-20,0.0443705978210144,0.14587749454928878,0.20558844119455466,0.043429440971516166,0.287919037375725,0.07281498808790111,0.19999999999999984
2008-06-27,0.04507825684611713,0.14739783909445392,0.22927758148205016,0.05877169894211525,0.24772287786594238,0.07175174576932122,0.19999999999999996
2008-07-04,0.04507825684611713,0.14739783909445392,0.22927758148205016,0.05877169894211525,0.24772287786594238,0.07175174576932122,0.19999999999999996
2008-07-11,0.04507825684611713,0.14739783909445392,0.22927758148205016,0.05877169894211525,0.24772287786594238,0.07175174576932122,0.19999999999999996
2008-07-18,0.04507825684611713,0.14739783909445392,0.22927758148205016,0.05877169894211525,0.24772287786594238,0.07175174576932122,0.19999999999999996
2008-07-25,0.04490837075513777,0.14349417106447399,0.23993026556543554,0.0679086038583346,0.2311388573943568,0.07261973136226144,0.19999999999999996
2008-08-01,0.04490837075513777,0.14349417106447399,0.23993026556543554,0.0679086038583346,0.2311388573943568,0.07261973136226144,0.19999999999999996
2008-08-08,0.04490837075513777,0.14349417106447399,0.23993026556543554,0.0679086038583346,0.2311388573943568,0.07261973136226144,0.19999999999999996
2008-08-15,0.04490837075513777,0.14349417106447399,0.23993026556543554,0.0679086038583346,0.2311388573943568,0.07261973136226144,0.19999999999999996
2008-08-22,0.04490837075513777,0.14349417106447399,0.23993026556543554,0.0679086038583346,0.2311388573943568,0.07261973136226144,0.19999999999999996
2008-08-29,0.046439249638403964,0.14255376432189645,0.25538322222196136,0.07045338919119155,0.21890624710917922,0.0662641275173674,0.19999999999999996
2008-09-05,0.046439249638403964,0.14255376432189645,0.25538322222196136,0.07045338919119155,0.21890624710917922,0.0662641275173674,0.19999999999999996
2008-09-12,0.046439249638403964,0.14255376432189645,0.25538322222196136,0.07045338919119155,0.21890624710917922,0.0662641275173674,0.19999999999999996
2008-09-19,0.046439249638403964,0.14255376432189645,0.25538322222196136,0.07045338919119155,0.21890624710917922,0.0662641275173674,0.19999999999999996
2008-09-26,0.023563086895378255,0.06998521393235446,0.130399148317059,0.03415590234345226,0.10941130674607656,0.032485341765679465,0.6
2008-10-03,0.023563086895378255,0.06998521393235446,0.130399148317059,0.03415590234345226,0.10941130674607656,0.032485341765679465,0.6
2008-10-10,0.023563086895378255,0.06998521393235446,0.130399148317059,0.03415590234345226,0.10941130674607656,0.032485341765679465,0.6
2008-10-17,0.023563086895378255,0.06998521393235446,0.130399148317059,0.03415590234345226,0.10941130674607656,0.032485341765679465,0.6
2008-10-24,0.023563086895378255,0.06998521393235446,0.130399148317059,0.03415590234345226,0.10941130674607656,0.032485341765679465,0.6
2008-10-31,0.027279497186604298,0.0612216715751733,0.12974174998937418,0.034382231916408705,0.10395228904415005,0.043422560288289516,0.6
2008-11-07,0.027279497186604298,0.0612216715751733,0.12974174998937418,0.034382231916408705,0.10395228904415005,0.043422560288289516,0.6
2008-11-14,0.027279497186604298,0.0612216715751733,0.12974174998937418,0.034382231916408705,0.10395228904415005,0.043422560288289516,0.6
2008-11-21,0.027279497186604298,0.0612216715751733,0.12974174998937418,0.034382231916408705,0.10395228904415005,0.043422560288289516,0.6
2008-11-28,0.031090278660320592,0.07341060768977933,0.12486448871036862,0.0325866119057579,0.09775805108239376,0.04028996195137985,0.5999999999999999
2008-12-05,0.031090278660320592,0.07341060768977933,0.12486448871036862,0.0325866119057579,0.09775805108239376,0.04028996195137985,0.5999999999999999
2008-12-12,0.031090278660320592,0.07341060768977933,0.12486448871036862,0.0325866119057579,0.09775805108239376,0.04028996195137985,0.5999999999999999
2008-12-19,0.031090278660320592,0.07341060768977933,0.12486448871036862,0.0325866119057579,0.09775805108239376,0.04028996195137985,0.5999999999999999
2008-12-26,0.04294787471589785,0.062122459183385985,0.12471038624858458,0.03539056377586025,0.09836232104316497,0.03646639503310636,0.6
2009-01-02,0.04294787471589785,0.062122459183385985,0.12471038624858458,0.03539056377586025,0.09836232104316497,0.03646639503310636,0.6
2009-01-09,0.04294787471589785,0.062122459183385985,0.12471038624858458,0.03539056377586025,0.09836232104316497,0.03646639503310636,0.6
2009-01-16,0.04294787471589785,0.062122459183385985,0.12471038624858458,0.03539056377586025,0.09836232104316497,0.03646639503310636,0.6
2009-01-23,0.04294787471589785,0.062122459183385985,0.12471038624858458,0.03539056377586025,0.09836232104316497,0.03646639503310636,0.6
2009-01-30,0.05037839412796302,0.05515307654813321,0.1253439539474321,0.03724996757500339,0.09820886439535464,0.03366574340611368,0.6
2009-02-06,0.05037839412796302,0.05515307654813321,0.1253439539474321,0.03724996757500339,0.09820886439535464,0.03366574340611368,0.6
2009-02-13,0.05037839412796302,0.05515307654813321,0.1253439539474321,0.03724996757500339,0.09820886439535464,0.03366574340611368,0.6
2009-02-20,0.05037839412796302,0.05515307654813321,0.1253439539474321,0.03724996757500339,0.09820886439535464,0.03366574340611368,0.6
2009-02-27,0.0557889823677902,0.05124914510462625,0.124554434915225,0.03794585504205383,0.09836677235434367,0.032094810215961035,0.6
2009-03-06,0.0557889823677902,0.05124914510462625,0.124554434915225,0.03794585504205383,0.09836677235434367,0.032094810215961035,0.6
2009-03-13,0.0557889823677902,0.05124914510462625,0.124554434915225,0.03794585504205383,0.09836677235434367,0.032094810215961035,0.6
2009-03-20,0.0557889823677902,0.05124914510462625,0.124554434915225,0.03794585504205383,0.09836677235434367,0.032094810215961035,0.6
2009-03-27,0.05949154267156747,0.048813604120644886,0.12437947302344506,0.037744750721166724,0.09843826866110761,0.03113236080206827,0.6
2009-04-03,0.05949154267156747,0.048813604120644886,0.12437947302344506,0.037744750721166724,0.09843826866110761,0.03113236080206827,0.6
2009-04-10,0.05949154267156747,0.048813604120644886,0.12437947302344506,0.037744750721166724,0.09843826866110761,0.03113236080206827,0.6
2009-04-17,0.05949154267156747,0.048813604120644886,0.12437947302344506,0.037744750721166724,0.09843826866110761,0.03113236080206827,0.6
2009-04-24,0.11093821513371926,0.1309409885348324,0.23203759618384068,0.07333046560984088,0.18376393202285737,0.06898880251490946,0.19999999999999996
2009-05-01,0.11093821513371926,0.1309409885348324,0.23203759618384068,0.07333046560984088,0.18376393202285737,0.06898880251490946,0.19999999999999996
2009-05-08,0.11093821513371926,0.1309409885348324,0.23203759618384068,0.07333046560984088,0.18376393202285737,0.06898880251490946,0.19999999999999996
2009-05-15,0.11093821513371926,0.1309409885348324,0.23203759618384068,0.07333046560984088,0.18376393202285737,0.06898880251490946,0.19999999999999996
2009-05-22,0.11093821513371926,0.1309409885348324,0.23203759618384068,0.07333046560984088,0.18376393202285737,0.06898880251490946,0.19999999999999996
2009-05-29,0.11252234239403798,0.1516645555670958,0.2219779512086078,0.0755137214601888,0.16778045364669086,0.07054097572337874,0.20000000000000007
2009-06-05,0.11252234239403798,0.1516645555670958,0.2219779512086078,0.0755137214601888,0.16778045364669086,0.07054097572337874,0.20000000000000007
2009-06-12,0.11252234239403798,0.1516645555670958,0.2219779512086078,0.0755137214601888,0.16778045364669086,0.07054097572337874,0.20000000000000007
2009-06-19,0.11252234239403798,0.1516645555670958,0.2219779512086078,0.0755137214601888,0.16778045364669086,0.07054097572337874,0.20000000000000007
2009-06-26,0.12376694105227305,0.16719076690454218,0.1945797228139296,0.13537416773032415,0.23640529722382567,0.11111730737174802,0.03156579690335737
2009-07-03,0.12376694105227305,0.16719076690454218,0.1945797228139296,0.13537416773032415,0.23640529722382567,0.11111730737174802,0.03156579690335737
2009-07-10,0.12376694105227305,0.16719076690454218,0.1945797228139296,0.13537416773032415,0.23640529722382567,0.11111730737174802,0.03156579690335737
2009-07-17,0.12376694105227305,0.16719076690454218,0.1945797228139296,0.13537416773032415,0.23640529722382567,0.11111730737174802,0.03156579690335737
2009-07-24,0.12376694105227305,0.16719076690454218,0.1945797228139296,0.13537416773032415,0.23640529722382567,0.11111730737174802,0.03156579690335737
2009-07-31,0.12078822448538304,0.16003805873233956,0.16348568428870294,0.15298692608945957,0.25298948957348144,0.11811751807485547,0.0315940987557779
2009-08-07,0.12078822448538304,0.16003805873233956,0.16348568428870294,0.15298692608945957,0.25298948957348144,0.11811751807485547,0.0315940987557779
2009-08-14,0.12078822448538304,0.16003805873233956,0.16348568428870294,0.15298692608945957,0.25298948957348144,0.11811751807485547,0.0315940987557779
2009-08-21,0.12078822448538304,0.16003805873233956,0.16348568428870294,0.15298692608945957,0.25298948957348144,0.11811751807485547,0.0315940987557779
2009-08-28,0.1259414448003181,0.16071589961422808,0.16209737949439493,0.14997454414061792,0.23970262539588227,0.11121496460393966,0.05035314195061902
2009-09-04,0.1259414448003181,0.16071589961422808,0.16209737949439493,0.14997454414061792,0.23970262539588227,0.11121496460393966,0.05035314195061902
2009-09-11,0.1259414448003181,0.16071589961422808,0.16209737949439493,0.14997454414061792,0.23970262539588227,0.11121496460393966,0.05035314195061902
2009-09-18,0.1259414448003181,0.16071589961422808,0.16209737949439493,0.14997454414061792,0.23970262539588227,0.11121496460393966,0.05035314195061902
2009-09-25,0.11780730404095216,0.11940828899995377,0.2754921226413969,0.10735348539076879,0.26486559800020343,0.11507320092672489,1.1102230246251565e-16
2009-10-02,0.11780730404095216,0.11940828899995377,0.2754921226413969,0.10735348539076879,0.26486559800020343,0.11507320092672489,1.1102230246251565e-16
2009-10-09,0.11780730404095216,0.11940828899995377,0.2754921226413969,0.10735348539076879,0.26486559800020343,0.11507320092672489,1.1102230246251565e-16
2009-10-16,0.11780730404095216,0.11940828899995377,0.2754921226413969,0.10735348539076879,0.26486559800020343,0.11507320092672489,1.1102230246251565e-16
2009-10-23,0.11780730404095216,0.11940828899995377,0.2754921226413969,0.10735348539076879,0.26486559800020343,0.11507320092672489,1.1102230246251565e-16
2009-10-30,0.17368744828211105,0.09649969739534174,0.2981795873535432,0.09367564915358689,0.2706989113212233,0.06725870649419384,0.0
2009-11-06,0.17368744828211105,0.09649969739534174,0.2981795873535432,0.09367564915358689,0.2706989113212233,0.06725870649419384,0.0
2009-11-13,0.17368744828211105,0.09649969739534174,0.2981795873535432,0.09367564915358689,0.2706989113212233,0.06725870649419384,0.0
2009-11-20,0.17368744828211105,0.09649969739534174,0.2981795873535432,0.09367564915358689,0.2706989113212233,0.06725870649419384,0.0
2009-11-27,0.18222580753809367,0.0909585431046327,0.30363305966414517,0.09105280606245003,0.27456977163512053,0.05756001199555794,0.0
2009-12-04,0.18222580753809367,0.0909585431046327,0.30363305966414517,0.09105280606245003,0.27456977163512053,0.05756001199555794,0.0
2009-12-11,0.18222580753809367,0.0909585431046327,0.30363305966414517,0.09105280606245003,0.27456977163512053,0.05756001199555794,0.0
2009-12-18,0.18222580753809367,0.0909585431046327,0.30363305966414517,0.09105280606245003,0.27456977163512053,0.05756001199555794,0.0
2009-12-25,0.1832928577121045,0.08954622765280139,0.3052394368517882,0.08969410271441974,0.277015882703853,0.055211492365033074,1.1102230246251565e-16
2010-01-01,0.1832928577121045,0.08954622765280139,0.3052394368517882,0.08969410271441974,0.277015882703853,0.055211492365033074,1.1102230246251565e-16
2010-01-08,0.1832928577121045,0.08954622765280139,0.3052394368517882,0.08969410271441974,0.277015882703853,0.055211492365033074,1.1102230246251565e-16
2010-01-15,0.1832928577121045,0.08954622765280139,0.3052394368517882,0.08969410271441974,0.277015882703853,0.055211492365033074,1.1102230246251565e-16
2010-01-22,0.1832928577121045,0.08954622765280139,0.3052394368517882,0.08969410271441974,0.277015882703853,0.055211492365033074,1.1102230246251565e-16
2010-01-29,0.18517454682363052,0.08913505045206163,0.3065563135000034,0.09144791130421404,0.2720789019392456,0.05560727598084477,0.0
2010-02-05,0.18517454682363052,0.08913505045206163,0.3065563135000034,0.09144791130421404,0.2720789019392456,0.05560727598084477,0.0
2010-02-12,0.18517454682363052,0.08913505045206163,0.3065563135000034,0.09144791130421404,0.2720789019392456,0.05560727598084477,0.0
2010-02-19,0.18517454682363052,0.08913505045206163,0.3065563135000034,0.09144791130421404,0.2720789019392456,0.05560727598084477,0.0
2010-02-26,0.19307343591634243,0.09192437818728688,0.2972593969798225,0.09221806633787077,0.2689911883996357,0.05653353417904166,0.0
2010-03-05,0.19307343591634243,0.09192437818728688,0.2972593969798225,0.09221806633787077,0.2689911883996357,0.05653353417904166,0.0
2010-03-12,0.19307343591634243,0.09192437818728688,0.2972593969798225,0.09221806633787077,0.2689911883996357,0.05653353417904166,0.0
2010-03-19,0.19307343591634243,0.09192437818728688,0.2972593969798225,0.09221806633787077,0.2689911883996357,0.05653353417904166,0.0
2010-03-26,0.19728035952149797,0.0935638207462148,0.2942242946558359,0.09232487534780323,0.26608627166443316,0.05652037806421494,0.0
2010-04-02,0.19728035952149797,0.0935638207462148,0.2942242946558359,0.09232487534780323,0.26608627166443316,0.05652037806421494,0.0
2010-04-09,0.19728035952149797,0.0935638207462148,0.2942242946558359,0.09232487534780323,0.26608627166443316,0.05652037806421494,0.0
2010-04-16,0.19728035952149797,0.0935638207462148,0.2942242946558359,0.09232487534780323,0.26608627166443316,0.05652037806421494,0.0
2010-04-23,0.19728035952149797,0.0935638207462148,0.2942242946558359,0.09232487534780323,0.26608627166443316,0.05652037806421494,0.0
2010-04-30,0.18638762428197445,0.09086527139735598,0.2908161330095918,0.09268634906316796,0.28129815280284753,0.05794646944506225,0.0
2010-05-07,0.18638762428197445,0.09086527139735598,0.2908161330095918,0.09268634906316796,0.28129815280284753,0.05794646944506225,0.0
2010-05-14,0.18638762428197445,0.09086527139735598,0.2908161330095918,0.09268634906316796,0.28129815280284753,0.05794646944506225,0.0
2010-05-21,0.18638762428197445,0.09086527139735598,0.2908161330095918,0.09268634906316796,0.28129815280284753,0.05794646944506225,0.0
2010-05-28,0.12578416562956157,0.07540097188525384,0.23418043041522948,0.07502484611054742,0.22275534198158609,0.06685424397782165,0.19999999999999996
2010-06-04,0.12578416562956157,0.07540097188525384,0.23418043041522948,0.07502484611054742,0.22275534198158609,0.06685424397782165,0.19999999999999996
2010-06-11,0.12578416562956157,0.07540097188525384,0.23418043041522948,0.07502484611054742,0.22275534198158609,0.06685424397782165,0.19999999999999996
2010-06-18,0.12578416562956157,0.07540097188525384,0.23418043041522948,0.07502484611054742,0.22275534198158609,0.06685424397782165,0.19999999999999996
2010-06-25,0.11104320352534568,0.07847431687067422,0.23305920531494084,0.0754650600717543,0.22139572973494137,0.08056248448234367,0.19999999999999984
2010-07-02,0.11104320352534568,0.07847431687067422,0.23305920531494084,0.0754650600717543,0.22139572973494137,0.08056248448234367,0.19999999999999984
2010-07-09,0.11104320352534568,0.07847431687067422,0.23305920531494084,0.0754650600717543,0.22139572973494137,0.08056248448234367,0.19999999999999984
2010-07-16,0.11104320352534568,0.07847431687067422,0.23305920531494084,0.0754650600717543,0.22139572973494137,0.08056248448234367,0.19999999999999984
2010-07-23,0.11104320352534568,0.07847431687067422,0.23305920531494084,0.0754650600717543,0.22139572973494137,0.08056248448234367,0.19999999999999984
2010-07-30,0.11917236272732395,0.07323719069443017,0.23807327272969236,0.07246266236164937,0.23187260971107737,0.06518190177582682,0.19999999999999996
2010-08-06,0.11917236272732395,0.07323719069443017,0.23807327272969236,0.07246266236164937,0.23187260971107737,0.06518190177582682,0.19999999999999996
2010-08-13,0.11917236272732395,0.07323719069443017,0.23807327272969236,0.07246266236164937,0.23187260971107737,0.06518190177582682,0.19999999999999996
2010-08-20,0.11917236272732395,0.07323719069443017,0.23807327272969236,0.07246266236164937,0.23187260971107737,0.06518190177582682,0.19999999999999996
2010-08-27,0.1250581336629541,0.0712486334602027,0.24137112359615892,0.0695857515243333,0.23654210559030042,0.05619425216605071,0.19999999999999984
2010-09-03,0.1250581336629541,0.0712486334602027,0.24137112359615892,0.0695857515243333,0.23654210559030042,0.05619425216605071,0.19999999999999984
2010-09-10,0.1250581336629541,0.0712486334602027,0.24137112359615892,0.0695857515243333,0.23654210559030042,0.05619425216605071,0.19999999999999984
2010-09-17,0.1250581336629541,0.0712486334602027,0.24137112359615892,0.0695857515243333,0.23654210559030042,0.05619425216605071,0.19999999999999984
2010-09-24,0.15573929055730026,0.10277497456237274,0.23898259015421647,0.11533386534027237,0.25736570539114795,0.07880408378839296,0.05099949020629713
2010-10-01,0.15573929055730026,0.10277497456237274,0.23898259015421647,0.11533386534027237,0.25736570539114795,0.07880408378839296,0.05099949020629713
2010-10-08,0.15573929055730026,0.10277497456237274,0.23898259015421647,0.11533386534027237,0.25736570539114795,0.07880408378839296,0.05099949020629713
2010-10-15,0.15573929055730026,0.10277497456237274,0.23898259015421647,0.11533386534027237,0.25736570539114795,0.07880408378839296,0.05099949020629713
2010-10-22,0.15573929055730026,0.10277497456237274,0.23898259015421647,0.11533386534027237,0.25736570539114795,0.07880408378839296,0.05099949020629713
2010-10-29,0.17536254488694364,0.11229590902687225,0.21708905573233817,0.08920629250057323,0.28987044257586153,0.11617575527741127,0.0
2010-11-05,0.17536254488694364,0.11229590902687225,0.21708905573233817,0.08920629250057323,0.28987044257586153,0.11617575527741127,0.0
2010-11-12,0.17536254488694364,0.11229590902687225,0.21708905573233817,0.08920629250057323,0.28987044257586153,0.11617575527741127,0.0
2010-11-19,0.17536254488694364,0.11229590902687225,0.21708905573233817,0.08920629250057323,0.28987044257586153,0.11617575527741127,0.0
2010-11-26,0.16813477632707388,0.11558616993070019,0.19086893599576815,0.11297170415513798,0.25801107792824934,0.1069882256262296,0.04743911003684098
2010-12-03,0.16813477632707388,0.11558616993070019,0.19086893599576815,0.11297170415513798,0.25801107792824934,0.1069882256262296,0.04743911003684098
2010-12-10,0.16813477632707388,0.11558616993070019,0.19086893599576815,0.11297170415513798,0.25801107792824934,0.1069882256262296,0.04743911003684098
2010-12-17,0.16813477632707388,0.11558616993070019,0.19086893599576815,0.11297170415513798,0.25801107792824934,0.1069882256262296,0.04743911003684098
2010-12-24,0.16813477632707388,0.11558616993070019,0.19086893599576815,0.11297170415513798,0.25801107792824934,0.1069882256262296,0.04743911003684098
2010-12-31,0.17776282927157466,0.11695103700090723,0.20927200550354863,0.0896256070564508,0.2811217749823957,0.12526674618512304,0.0
2011-01-07,0.17776282927157466,0.11695103700090723,0.20927200550354863,0.0896256070564508,0.2811217749823957,0.12526674618512304,0.0
2011-01-14,0.17776282927157466,0.11695103700090723,0.20927200550354863,0.0896256070564508,0.2811217749823957,0.12526674618512304,0.0
2011-01-21,0.17776282927157466,0.11695103700090723,0.20927200550354863,0.0896256070564508,0.2811217749823957,0.12526674618512304,0.0
2011-01-28,0.171129627065951,0.1178602066451523,0.18447487707932822,0.11269868241238029,0.2508755978297218,0.11357145859568,0.049389550371786384
2011-02-04,0.171129627065951,0.1178602066451523,0.18447487707932822,0.11269868241238029,0.2508755978297218,0.11357145859568,0.049389550371786384
2011-02-11,0.171129627065951,0.1178602066451523,0.18447487707932822,0.11269868241238029,0.2508755978297218,0.11357145859568,0.049389550371786384
2011-02-18,0.171129627065951,0.1178602066451523,0.18447487707932822,0.11269868241238029,0.2508755978297218,0.11357145859568,0.049389550371786384
2011-02-25,0.17274278440877175,0.1221111349361493,0.17655335920642382,0.12934182871313643,0.241265160465952,0.11098119309927966,0.04700453917028702
2011-03-04,0.17274278440877175,0.1221111349361493,0.17655335920642382,0.12934182871313643,0.241265160465952,0.11098119309927966,0.04700453917028702
2011-03-11,0.17274278440877175,0.1221111349361493,0.17655335920642382,0.12934182871313643,0.241265160465952,0.11098119309927966,0.04700453917028702
2011-03-18,0.17274278440877175,0.1221111349361493,0.17655335920642382,0.12934182871313643,0.241265160465952,0.11098119309927966,0.04700453917028702
2011-03-25,0.17279216343667886,0.12355363369480994,0.1715004292419402,0.1409103332001052,0.23485266184209508,0.10963676881658763,0.04675400976778299
2011-04-01,0.17279216343667886,0.12355363369480994,0.1715004292419402,0.1409103332001052,0.23485266184209508,0.10963676881658763,0.04675400976778299
2011-04-08,0.17279216343667886,0.12355363369480994,0.1715004292419402,0.1409103332001052,0.23485266184209508,0.10963676881658763,0.04675400976778299
2011-04-15,0.17279216343667886,0.12355363369480994,0.1715004292419402,0.1409103332001052,0.23485266184209508,0.10963676881658763,0.04675400976778299
2011-04-22,0.17279216343667886,0.12355363369480994,0.1715004292419402,0.1409103332001052,0.23485266184209508,0.10963676881658763,0.04675400976778299
2011-04-29,0.18213878349801665,0.11491056658884304,0.20584223341167798,0.10336633951037152,0.2677991640936111,0.12594291289747972,0.0
2011-05-06,0.18213878349801665,0.11491056658884304,0.20584223341167798,0.10336633951037152,0.2677991640936111,0.12594291289747972,0.0
2011-05-13,0.18213878349801665,0.11491056658884304,0.20584223341167798,0.10336633951037152,0.2677991640936111,0.12594291289747972,0.0
2011-05-20,0.18213878349801665,0.11491056658884304,0.20584223341167798,0.10336633951037152,0.2677991640936111,0.12594291289747972,0.0
2011-05-27,0.18160080725436212,0.11108256921478203,0.21064515870913525,0.09588114882946655,0.2730414348282101,0.12774888116404398,0.0
2011-06-03,0.18160080725436212,0.11108256921478203,0.21064515870913525,0.09588114882946655,0.2730414348282101,0.12774888116404398,0.0
2011-06-10,0.18160080725436212,0.11108256921478203,0.21064515870913525,0.09588114882946655,0.2730414348282101,0.12774888116404398,0.0
2011-06-17,0.18160080725436212,0.11108256921478203,0.21064515870913525,0.09588114882946655,0.2730414348282101,0.12774888116404398,0.0
2011-06-24,0.17788941661238675,0.1182081214023737,0.19686414086054968,0.12656413152933738,0.259377834870669,0.1210963547246834,1.1102230246251565e-16
2011-07-01,0.17788941661238675,0.1182081214023737,0.19686414086054968,0.12656413152933738,0.259377834870669,0.1210963547246834,1.1102230246251565e-16
2011-07-08,0.17788941661238675,0.1182081214023737,0.19686414086054968,0.12656413152933738,0.259377834870669,0.1210963547246834,1.1102230246251565e-16
2011-07-15,0.17788941661238675,0.1182081214023737,0.19686414086054968,0.12656413152933738,0.259377834870669,0.1210963547246834,1.1102230246251565e-16
2011-07-22,0.17788941661238675,0.1182081214023737,0.19686414086054968,0.12656413152933738,0.259377834870669,0.1210963547246834,1.1102230246251565e-16
2011-07-29,0.16862158740275573,0.11030359434433953,0.20247081472098744,0.10310441343736108,0.2828596149756253,0.13263997511893094,0.0
2011-08-05,0.16862158740275573,0.11030359434433953,0.20247081472098744,0.10310441343736108,0.2828596149756253,0.13263997511893094,0.0
2011-08-12,0.16862158740275573,0.11030359434433953,0.20247081472098744,0.10310441343736108,0.2828596149756253,0.13263997511893094,0.0
2011-08-19,0.16862158740275573,0.11030359434433953,0.20247081472098744,0.10310441343736108,0.2828596149756253,0.13263997511893094,0.0
2011-08-26,0.06654488029046823,0.04293115750695198,0.07962036408207379,0.040805884135095324,0.11294326896499654,0.05715444502041416,0.5999999999999999
2011-09-02,0.06654488029046823,0.04293115750695198,0.07962036408207379,0.040805884135095324,0.11294326896499654,0.05715444502041416,0.5999999999999999
2011-09-09,0.06654488029046823,0.04293115750695198,0.07962036408207379,0.040805884135095324,0.11294326896499654,0.05715444502041416,0.5999999999999999
2011-09-16,0.06654488029046823,0.04293115750695198,0.07962036408207379,0.040805884135095324,0.11294326896499654,0.05715444502041416,0.5999999999999999
2011-09-23,0.06654488029046823,0.04293115750695198,0.07962036408207379,0.040805884135095324,0.11294326896499654,0.05715444502041416,0.5999999999999999
2011-09-30,0.05527812840763613,0.04973991203079279,0.07828746526409971,0.04230093023620678,0.11317527111379788,0.06121829294746674,0.6
2011-10-07,0.05527812840763613,0.04973991203079279,0.07828746526409971,0.04230093023620678,0.11317527111379788,0.06121829294746674,0.6
2011-10-14,0.05527812840763613,0.04973991203079279,0.07828746526409971,0.04230093023620678,0.11317527111379788,0.06121829294746674,0.6
2011-10-21,0.05527812840763613,0.04973991203079279,0.07828746526409971,0.04230093023620678,0.11317527111379788,0.06121829294746674,0.6
2011-10-28,0.047716258472403066,0.05357009535057507,0.07628663408294145,0.04388730802924576,0.1116233138884226,0.06691639017641209,0.6
2011-11-04,0.047716258472403066,0.05357009535057507,0.07628663408294145,0.04388730802924576,0.1116233138884226,0.06691639017641209,0.6
2011-11-11,0.047716258472403066,0.05357009535057507,0.07628663408294145,0.04388730802924576,0.1116233138884226,0.06691639017641209,0.6
2011-11-18,0.047716258472403066,0.05357009535057507,0.07628663408294145,0.04388730802924576,0.1116233138884226,0.06691639017641209,0.6
2011-11-25,0.08611672100992546,0.10160485110883509,0.1474969178550457,0.07215308434597582,0.2470164362131461,0.14561198946707185,0.19999999999999996
2011-12-02,0.08611672100992546,0.10160485110883509,0.1474969178550457,0.07215308434597582,0.2470164362131461,0.14561198946707185,0.19999999999999996
2011-12-09,0.08611672100992546,0.10160485110883509,0.1474969178550457,0.07215308434597582,0.2470164362131461,0.14561198946707185,0.19999999999999996
2011-12-16,0.08611672100992546,0.10160485110883509,0.1474969178550457,0.07215308434597582,0.2470164362131461,0.14561198946707185,0.19999999999999996
2011-12-23,0.08611672100992546,0.10160485110883509,0.1474969178550457,0.07215308434597582,0.2470164362131461,0.14561198946707185,0.19999999999999996
2011-12-30,0.0863976505686122,0.09740024582933322,0.20267268907353442,0.0644766293959846,0.2699227435690804,0.12413004156345533,0.15499999999999992
2012-01-06,0.0863976505686122,0.09740024582933322,0.20267268907353442,0.0644766293959846,0.2699227435690804,0.12413004156345533,0.15499999999999992
2012-01-13,0.0863976505686122,0.09740024582933322,0.20267268907353442,0.0644766293959846,0.2699227435690804,0.12413004156345533,0.15499999999999992
2012-01-20,0.0863976505686122,0.09740024582933322,0.20267268907353442,0.0644766293959846,0.2699227435690804,0.12413004156345533,0.15499999999999992
2012-01-27,0.10103962529236374,0.1143674510924286,0.22852957815364336,0.12540614398602387,0.3102770738336063,0.11309582586732764,0.007284301774606483
2012-02-03,0.10103962529236374,0.1143674510924286,0.22852957815364336,0.12540614398602387,0.3102770738336063,0.11309582586732764,0.007284301774606483
2012-02-10,0.10103962529236374,0.1143674510924286,0.22852957815364336,0.12540614398602387,0.3102770738336063,0.11309582586732764,0.007284301774606483
2012-02-17,0.10103962529236374,0.1143674510924286,0.22852957815364336,0.12540614398602387,0.3102770738336063,0.11309582586732764,0.007284301774606483
2012-02-24,0.03536731952649329,0.1777695966557208,0.13398403760860786,0.28202921994320723,0.23582549739914094,0.08986287327405414,0.04516145559277562
2012-03-02,0.03536731952649329,0.1777695966557208,0.13398403760860786,0.28202921994320723,0.23582549739914094,0.08986287327405414,0.04516145559277562
2012-03-09,0.03536731952649329,0.1777695966557208,0.13398403760860786,0.28202921994320723,0.23582549739914094,0.08986287327405414,0.04516145559277562
2012-03-16,0.03536731952649329,0.1777695966557208,0.13398403760860786,0.28202921994320723,0.23582549739914094,0.08986287327405414,0.04516145559277562
2012-03-23,0.03536731952649329,0.1777695966557208,0.13398403760860786,0.28202921994320723,0.23582549739914094,0.08986287327405414,0.04516145559277562
2012-03-30,0.06838257149195681,0.16670086848033275,0.15281327618663804,0.24961579440376558,0.24530143071113075,0.08978682852926402,0.02739923019691204
2012-04-06,0.06838257149195681,0.16670086848033275,0.15281327618663804,0.24961579440376558,0.24530143071113075,0.08978682852926402,0.02739923019691204
2012-04-13,0.06838257149195681,0.16670086848033275,0.15281327618663804,0.24961579440376558,0.24530143071113075,0.08978682852926402,0.02739923019691204
2012-04-20,0.06838257149195681,0.16670086848033275,0.15281327618663804,0.24961579440376558,0.24530143071113075,0.08978682852926402,0.02739923019691204
2012-04-27,0.08821399156757154,0.15799015592989066,0.163275996038574,0.22666821835789913,0.24830863720757018,0.08908953670878604,0.026453464189708287
2012-05-04,0.08821399156757154,0.15799015592989066,0.163275996038574,0.22666821835789913,0.24830863720757018,0.08908953670878604,0.026453464189708287
2012-05-11,0.08821399156757154,0.15799015592989066,0.163275996038574,0.22666821835789913,0.24830863720757018,0.08908953670878604,0.026453464189708287
2012-05-18,0.08821399156757154,0.15799015592989066,0.163275996038574,0.22666821835789913,0.24830863720757018,0.08908953670878604,0.026453464189708287
2012-05-25,0.07192043641409315,0.1152364921745385,0.14618449039063433,0.15074620282344217,0.2437575553294052,0.08529710694558815,0.1868577159222985
2012-06-01,0.07192043641409315,0.1152364921745385,0.14618449039063433,0.15074620282344217,0.2437575553294052,0.08529710694558815,0.1868577159222985
2012-06-08,0.07192043641409315,0.1152364921745385,0.14618449039063433,0.15074620282344217,0.2437575553294052,0.08529710694558815,0.1868577159222985
2012-06-15,0.07192043641409315,0.1152364921745385,0.14618449039063433,0.15074620282344217,0.2437575553294052,0.08529710694558815,0.1868577159222985
2012-06-22,0.07192043641409315,0.1152364921745385,0.14618449039063433,0.15074620282344217,0.2437575553294052,0.08529710694558815,0.1868577159222985
2012-06-29,0.09775712160476963,0.13559192163500625,0.17362206057899265,0.17901837387859706,0.2679833636929831,0.09493119632793365,0.051095962281717644
2012-07-06,0.09775712160476963,0.13559192163500625,0.17362206057899265,0.17901837387859706,0.2679833636929831,0.09493119632793365,0.051095962281717644
2012-07-13,0.09775712160476963,0.13559192163500625,0.17362206057899265,0.17901837387859706,0.2679833636929831,0.09493119632793365,0.051095962281717644
2012-07-20,0.09775712160476963,0.13559192163500625,0.17362206057899265,0.17901837387859706,0.2679833636929831,0.09493119632793365,0.051095962281717644
2012-07-27,0.08832046367277965,0.11512820263490371,0.1968063096045844,0.12402280860709175,0.34643946285820953,0.129282752622431,0.0
2012-08-03,0.08832046367277965,0.11512820263490371,0.1968063096045844,0.12402280860709175,0.34643946285820953,0.129282752622431,0.0
2012-08-10,0.08832046367277965,0.11512820263490371,0.1968063096045844,0.12402280860709175,0.34643946285820953,0.129282752622431,0.0
2012-08-17,0.08832046367277965,0.11512820263490371,0.1968063096045844,0.12402280860709175,0.34643946285820953,0.129282752622431,0.0
2012-08-24,0.08832046367277965,0.11512820263490371,0.1968063096045844,0.12402280860709175,0.34643946285820953,0.129282752622431,0.0
2012-08-31,0.0852220075858856,0.11006813881250964,0.1993679870287745,0.11085668519543393,0.3562407622464362,0.1382444191309601,0.0
2012-09-07,0.0852220075858856,0.11006813881250964,0.1993679870287745,0.11085668519543393,0.3562407622464362,0.1382444191309601,0.0
2012-09-14,0.0852220075858856,0.11006813881250964,0.1993679870287745,0.11085668519543393,0.3562407622464362,0.1382444191309601,0.0
2012-09-21,0.0852220075858856,0.11006813881250964,0.1993679870287745,0.11085668519543393,0.3562407622464362,0.1382444191309601,0.0
2012-09-28,0.08332332831840937,0.10915046318076063,0.1970464640351029,0.10806861111303698,0.35546282366797866,0.1469483096847115,0.0
2012-10-05,0.08332332831840937,0.10915046318076063,0.1970464640351029,0.10806861111303698,0.35546282366797866,0.1469483096847115,0.0
2012-10-12,0.08332332831840937,0.10915046318076063,0.1970464640351029,0.10806861111303698,0.35546282366797866,0.1469483096847115,0.0
2012-10-19,0.08332332831840937,0.10915046318076063,0.1970464640351029,0.10806861111303698,0.35546282366797866,0.1469483096847115,0.0
2012-10-26,0.06980210561578501,0.11822839731224224,0.1657406677244515,0.07111000690430208,0.348500560869417,0.22661826157380213,0.0
2012-11-02,0.06980210561578501,0.11822839731224224,0.1657406677244515,0.07111000690430208,0.348500560869417,0.22661826157380213,0.0
2012-11-09,0.06980210561578501,0.11822839731224224,0.1657406677244515,0.07111000690430208,0.348500560869417,0.22661826157380213,0.0
2012-11-16,0.06980210561578501,0.11822839731224224,0.1657406677244515,0.07111000690430208,0.348500560869417,0.22661826157380213,0.0
2012-11-23,0.06980210561578501,0.11822839731224224,0.1657406677244515,0.07111000690430208,0.348500560869417,0.22661826157380213,0.0
2012-11-30,0.08180455290783294,0.10084521564440821,0.2810771137602871,0.060616222033475456,0.32559460663230777,0.1500622890216885,0.0
2012-12-07,0.08180455290783294,0.10084521564440821,0.2810771137602871,0.060616222033475456,0.32559460663230777,0.1500622890216885,0.0
2012-12-14,0.08180455290783294,0.10084521564440821,0.2810771137602871,0.060616222033475456,0.32559460663230777,0.1500622890216885,0.0
2012-12-21,0.08180455290783294,0.10084521564440821,0.2810771137602871,0.060616222033475456,0.32559460663230777,0.1500622890216885,0.0
2012-12-28,0.08412099874623749,0.10120648443482765,0.303663228398274,0.06107991359206137,0.3153464757838646,0.13458289904473483,0.0
2013-01-04,0.08412099874623749,0.10120648443482765,0.303663228398274,0.06107991359206137,0.3153464757838646,0.13458289904473483,0.0
2013-01-11,0.08412099874623749,0.10120648443482765,0.303663228398274,0.06107991359206137,0.3153464757838646,0.13458289904473483,0.0
2013-01-18,0.08412099874623749,0.10120648443482765,0.303663228398274,0.06107991359206137,0.3153464757838646,0.13458289904473483,0.0
2013-01-25,0.08348158198755383,0.09985676673716481,0.3040215793223856,0.05772756112244844,0.3199613366495322,0.13495117418091507,0.0
2013-02-01,0.08348158198755383,0.09985676673716481,0.3040215793223856,0.05772756112244844,0.3199613366495322,0.13495117418091507,0.0
2013-02-08,0.08348158198755383,0.09985676673716481,0.3040215793223856,0.05772756112244844,0.3199613366495322,0.13495117418091507,0.0
2013-02-15,0.08348158198755383,0.09985676673716481,0.3040215793223856,0.05772756112244844,0.3199613366495322,0.13495117418091507,0.0
2013-02-22,0.08327807225277913,0.10066892984922773,0.30903082295827955,0.05627388895110885,0.3150526485305733,0.1356956374580314,0.0
2013-03-01,0.08327807225277913,0.10066892984922773,0.30903082295827955,0.05627388895110885,0.3150526485305733,0.1356956374580314,0.0
2013-03-08,0.08327807225277913,0.10066892984922773,0.30903082295827955,0.05627388895110885,0.3150526485305733,0.1356956374580314,0.0
2013-03-15,0.08327807225277913,0.10066892984922773,0.30903082295827955,0.05627388895110885,0.3150526485305733,0.1356956374580314,0.0
2013-03-22,0.08327807225277913,0.10066892984922773,0.30903082295827955,0.05627388895110885,0.3150526485305733,0.1356956374580314,0.0
2013-03-29,0.0737337744835233,0.1256658234399023,0.19780747346833177,0.08674901779118184,0.34710534674669097,0.16893856407036983,0.0
2013-04-05,0.0737337744835233,0.1256658234399023,0.19780747346833177,0.08674901779118184,0.34710534674669097,0.16893856407036983,0.0
2013-04-12,0.0737337744835233,0.1256658234399023,0.19780747346833177,0.08674901779118184,0.34710534674669097,0.16893856407036983,0.0
2013-04-19,0.0737337744835233,0.1256658234399023,0.19780747346833177,0.08674901779118184,0.34710534674669097,0.16893856407036983,0.0
2013-04-26,0.0876551534274422,0.13591361900326565,0.1803157480520713,0.1192988007321471,0.2823834489797487,0.1446313756643389,0.049801854140986146
2013-05-03,0.0876551534274422,0.13591361900326565,0.1803157480520713,0.1192988007321471,0.2823834489797487,0.1446313756643389,0.049801854140986146
2013-05-10,0.0876551534274422,0.13591361900326565,0.1803157480520713,0.1192988007321471,0.2823834489797487,0.1446313756643389,0.049801854140986146
2013-05-17,0.0876551534274422,0.13591361900326565,0.1803157480520713,0.1192988007321471,0.2823834489797487,0.1446313756643389,0.049801854140986146
2013-05-24,0.0876551534274422,0.13591361900326565,0.1803157480520713,0.1192988007321471,0.2823834489797487,0.1446313756643389,0.049801854140986146
2013-05-31,0.10263569543672743,0.15435740732625156,0.18488104994644433,0.14848851332711127,0.26890944807845835,0.14072788588500706,0.0
2013-06-07,0.10263569543672743,0.15435740732625156,0.18488104994644433,0.14848851332711127,0.26890944807845835,0.14072788588500706,0.0
2013-06-14,0.10263569543672743,0.15435740732625156,0.18488104994644433,0.14848851332711127,0.26890944807845835,0.14072788588500706,0.0
2013-06-21,0.10263569543672743,0.15435740732625156,0.18488104994644433,0.14848851332711127,0.26890944807845835,0.14072788588500706,0.0
2013-06-28,0.0838442945930378,0.11366907674287713,0.19702934062170863,0.09526081586861933,0.23082693267020782,0.11688365039314724,0.16248588911040196
2013-07-05,0.0838442945930378,0.11366907674287713,0.19702934062170863,0.09526081586861933,0.23082693267020782,0.11688365039314724,0.16248588911040196
2013-07-12,0.0838442945930378,0.11366907674287713,0.19702934062170863,0.09526081586861933,0.23082693267020782,0.11688365039314724,0.16248588911040196
2013-07-19,0.0838442945930378,0.11366907674287713,0.19702934062170863,0.09526081586861933,0.23082693267020782,0.11688365039314724,0.16248588911040196
2013-07-26,0.10696426449793006,0.1389600193138513,0.2043622154795216,0.14216164073448076,0.24506281321041876,0.1321337402984426,0.030355306465354892
2013-08-02,0.10696426449793006,0.1389600193138513,0.2043622154795216,0.14216164073448076,0.24506281321041876,0.1321337402984426,0.030355306465354892
2013-08-09,0.10696426449793006,0.1389600193138513,0.2043622154795216,0.14216164073448076,0.24506281321041876,0.1321337402984426,0.030355306465354892
2013-08-16,0.10696426449793006,0.1389600193138513,0.2043622154795216,0.14216164073448076,0.24506281321041876,0.1321337402984426,0.030355306465354892
2013-08-23,0.10696426449793006,0.1389600193138513,0.2043622154795216,0.14216164073448076,0.24506281321041876,0.1321337402984426,0.030355306465354892
2013-08-30,0.08681780965106513,0.11424848327424658,0.16916811723299796,0.11709977463432784,0.22708375303820294,0.12491191714427351,0.16067014502488608
2013-09-06,0.08681780965106513,0.11424848327424658,0.16916811723299796,0.11709977463432784,0.22708375303820294,0.12491191714427351,0.16067014502488608
2013-09-13,0.08681780965106513,0.11424848327424658,0.16916811723299796,0.11709977463432784,0.22708375303820294,0.12491191714427351,0.16067014502488608
2013-09-20,0.08681780965106513,0.11424848327424658,0.16916811723299796,0.11709977463432784,0.22708375303820294,0.12491191714427351,0.16067014502488608
2013-09-27,0.08316069756766019,0.11008809424025409,0.16419513531861699,0.1136483080892035,0.23654839256112964,0.13098971600199866,0.16136965622113686
2013-10-04,0.08316069756766019,0.11008809424025409,0.16419513531861699,0.1136483080892035,0.23654839256112964,0.13098971600199866,0.16136965622113686
2013-10-11,0.08316069756766019,0.11008809424025409,0.16419513531861699,0.1136483080892035,0.23654839256112964,0.13098971600199866,0.16136965622113686
2013-10-18,0.08316069756766019,0.11008809424025409,0.16419513531861699,0.1136483080892035,0.23654839256112964,0.13098971600199866,0.16136965622113686
2013-10-25,0.1061473280444758,0.13314719929963229,0.17943934519380883,0.15757219817843002,0.24929930222392735,0.13950064223552971,0.03489398482419592
2013-11-01,0.1061473280444758,0.13314719929963229,0.17943934519380883,0.15757219817843002,0.24929930222392735,0.13950064223552971,0.03489398482419592
2013-11-08,0.1061473280444758,0.13314719929963229,0.17943934519380883,0.15757219817843002,0.24929930222392735,0.13950064223552971,0.03489398482419592
2013-11-15,0.1061473280444758,0.13314719929963229,0.17943934519380883,0.15757219817843002,0.24929930222392735,0.13950064223552971,0.03489398482419592
2013-11-22,0.1061473280444758,0.13314719929963229,0.17943934519380883,0.15757219817843002,0.24929930222392735,0.13950064223552971,0.03489398482419592
2013-11-29,0.11288466306598027,0.13763119572383284,0.17382442025337697,0.17452330713228795,0.23610938727329306,0.13347557982453914,0.03155144672668986
2013-12-06,0.11288466306598027,0.13763119572383284,0.17382442025337697,0.17452330713228795,0.23610938727329306,0.13347557982453914,0.03155144672668986
2013-12-13,0.11288466306598027,0.13763119572383284,0.17382442025337697,0.17452330713228795,0.23610938727329306,0.13347557982453914,0.03155144672668986
2013-12-20,0.11288466306598027,0.13763119572383284,0.17382442025337697,0.17452330713228795,0.23610938727329306,0.13347557982453914,0.03155144672668986
2013-12-27,0.11660376803314668,0.13900218095243483,0.1688977952177682,0.18357672532298483,0.22834750580125482,0.1270413780964974,0.036530646575913206
2014-01-03,0.11660376803314668,0.13900218095243483,0.1688977952177682,0.18357672532298483,0.22834750580125482,0.1270413780964974,0.036530646575913206
2014-01-10,0.11660376803314668,0.13900218095243483,0.1688977952177682,0.18357672532298483,0.22834750580125482,0.1270413780964974,0.036530646575913206
2014-01-17,0.11660376803314668,0.13900218095243483,0.1688977952177682,0.18357672532298483,0.22834750580125482,0.1270413780964974,0.036530646575913206
2014-01-24,0.11660376803314668,0.13900218095243483,0.1688977952177682,0.18357672532298483,0.22834750580125482,0.1270413780964974,0.036530646575913206
2014-01-31,0.1184326693532078,0.14011909289331786,0.16514826287293116,0.18934877926644075,0.223714546755987,0.12290541926531416,0.04033122959280122
2014-02-07,0.1184326693532078,0.14011909289331786,0.16514826287293116,0.18934877926644075,0.223714546755987,0.12290541926531416,0.04033122959280122
2014-02-14,0.1184326693532078,0.14011909289331786,0.16514826287293116,0.18934877926644075,0.223714546755987,0.12290541926531416,0.04033122959280122
2014-02-21,0.1184326693532078,0.14011909289331786,0.16514826287293116,0.18934877926644075,0.223714546755987,0.12290541926531416,0.04033122959280122
2014-02-28,0.1186383600196915,0.1403637302412882,0.1607796821577471,0.19114703347122913,0.21945033900845848,0.11905622007164925,0.050564635029936245
2014-03-07,0.1186383600196915,0.1403637302412882,0.1607796821577471,0.19114703347122913,0.21945033900845848,0.11905622007164925,0.050564635029936245
2014-03-14,0.1186383600196915,0.1403637302412882,0.1607796821577471,0.19114703347122913,0.21945033900845848,0.11905622007164925,0.050564635029936245
2014-03-21,0.1186383600196915,0.1403637302412882,0.1607796821577471,0.19114703347122913,0.21945033900845848,0.11905622007164925,0.050564635029936245
2014-03-28,0.11986192916123276,0.14289933476471223,0.15961660879201323,0.19451268353306322,0.21853273648831625,0.11916199781196367,0.04541470944869863
2014-04-04,0.11986192916123276,0.14289933476471223,0.15961660879201323,0.19451268353306322,0.21853273648831625,0.11916199781196367,0.04541470944869863
2014-04-11,0.11986192916123276,0.14289933476471223,0.15961660879201323,0.19451268353306322,0.21853273648831625,0.11916199781196367,0.04541470944869863
2014-04-18,0.11986192916123276,0.14289933476471223,0.15961660879201323,0.19451268353306322,0.21853273648831625,0.11916199781196367,0.04541470944869863
2014-04-25,0.1116291686721065,0.1404141151234079,0.14472591935020898,0.20426460617821837,0.23899204994392031,0.1315481957517728,0.028425944980365103
2014-05-02,0.1116291686721065,0.1404141151234079,0.14472591935020898,0.20426460617821837,0.23899204994392031,0.1315481957517728,0.028425944980365103
2014-05-09,0.1116291686721065,0.1404141151234079,0.14472591935020898,0.20426460617821837,0.23899204994392031,0.1315481957517728,0.028425944980365103
2014-05-16,0.1116291686721065,0.1404141151234079,0.14472591935020898,0.20426460617821837,0.23899204994392031,0.1315481957517728,0.028425944980365103
2014-05-23,0.1116291686721065,0.1404141151234079,0.14472591935020898,0.20426460617821837,0.23899204994392031,0.1315481957517728,0.028425944980365103
2014-05-30,0.03742459804379346,0.19213020068095876,0.08462277204468754,0.3138201519178917,0.2085031985458871,0.10380218940544174,0.05969688936133977
2014-06-06,0.03742459804379346,0.19213020068095876,0.08462277204468754,0.3138201519178917,0.2085031985458871,0.10380218940544174,0.05969688936133977
2014-06-13,0.03742459804379346,0.19213020068095876,0.08462277204468754,0.3138201519178917,0.2085031985458871,0.10380218940544174,0.05969688936133977
2014-06-20,0.03742459804379346,0.19213020068095876,0.08462277204468754,0.3138201519178917,0.2085031985458871,0.10380218940544174,0.05969688936133977
2014-06-27,0.08521591136511453,0.14594859576289249,0.15445689372309274,0.1698195545592831,0.28379366849132925,0.16076537609828795,0.0
2014-07-04,0.08521591136511453,0.14594859576289249,0.15445689372309274,0.1698195545592831,0.28379366849132925,0.16076537609828795,0.0
2014-07-11,0.08521591136511453,0.14594859576289249,0.15445689372309274,0.1698195545592831,0.28379366849132925,0.16076537609828795,0.0
2014-07-18,0.08521591136511453,0.14594859576289249,0.15445689372309274,0.1698195545592831,0.28379366849132925,0.16076537609828795,0.0
2014-07-25,0.09904279161081833,0.13913319874271157,0.16685094082357807,0.14094865975294738,0.2729408707430477,0.18108353832689691,0.0
2014-08-01,0.09904279161081833,0.13913319874271157,0.16685094082357807,0.14094865975294738,0.2729408707430477,0.18108353832689691,0.0
2014-08-08,0.09904279161081833,0.13913319874271157,0.16685094082357807,0.14094865975294738,0.2729408707430477,0.18108353832689691,0.0
2014-08-15,0.09904279161081833,0.13913319874271157,0.16685094082357807,0.14094865975294738,0.2729408707430477,0.18108353832689691,0.0
2014-08-22,0.09904279161081833,0.13913319874271157,0.16685094082357807,0.14094865975294738,0.2729408707430477,0.18108353832689691,0.0
2014-08-29,0.09268946094657662,0.1341055314307946,0.1534912384507522,0.13152142981454026,0.303064561399791,0.18512777795754534,0.0
2014-09-05,0.09268946094657662,0.1341055314307946,0.1534912384507522,0.13152142981454026,0.303064561399791,0.18512777795754534,0.0
2014-09-12,0.09268946094657662,0.1341055314307946,0.1534912384507522,0.13152142981454026,0.303064561399791,0.18512777795754534,0.0
2014-09-19,0.09268946094657662,0.1341055314307946,0.1534912384507522,0.13152142981454026,0.303064561399791,0.18512777795754534,0.0
2014-09-26,0.09671630988726271,0.12306930350835994,0.1638039326231398,0.1265477168951227,0.3184259983863311,0.17143673869978365,0.0
2014-10-03,0.09671630988726271,0.12306930350835994,0.1638039326231398,0.1265477168951227,0.3184259983863311,0.17143673869978365,0.0
2014-10-10,0.09671630988726271,0.12306930350835994,0.1638039326231398,0.1265477168951227,0.3184259983863311,0.17143673869978365,0.0
2014-10-17,0.09671630988726271,0.12306930350835994,0.1638039326231398,0.1265477168951227,0.3184259983863311,0.17143673869978365,0.0
2014-10-24,0.09671630988726271,0.12306930350835994,0.1638039326231398,0.1265477168951227,0.3184259983863311,0.17143673869978365,0.0
2014-10-31,0.11029890546288755,0.12138305133585552,0.1551763301583748,0.17549888652870108,0.29967586521558254,0.134919971420767,0.003046989877831585
2014-11-07,0.11029890546288755,0.12138305133585552,0.1551763301583748,0.17549888652870108,0.29967586521558254,0.134919971420767,0.003046989877831585
2014-11-14,0.11029890546288755,0.12138305133585552,0.1551763301583748,0.17549888652870108,0.29967586521558254,0.134919971420767,0.003046989877831585
2014-11-21,0.11029890546288755,0.12138305133585552,0.1551763301583748,0.17549888652870108,0.29967586521558254,0.134919971420767,0.003046989877831585
2014-11-28,0.12050505437176219,0.12875357688549494,0.16315514617186386,0.17118994516006353,0.261922596763782,0.12947866960074875,0.024995011046284765
2014-12-05,0.12050505437176219,0.12875357688549494,0.16315514617186386,0.17118994516006353,0.261922596763782,0.12947866960074875,0.024995011046284765
2014-12-12,0.12050505437176219,0.12875357688549494,0.16315514617186386,0.17118994516006353,0.261922596763782,0.12947866960074875,0.024995011046284765
2014-12-19,0.12050505437176219,0.12875357688549494,0.16315514617186386,0.17118994516006353,0.261922596763782,0.12947866960074875,0.024995011046284765
2014-12-26,0.09188337219948482,0.09703118624238752,0.13621221816873155,0.11230911670753772,0.26147705228395324,0.13894689804025961,0.16214015635764556
2015-01-02,0.09188337219948482,0.09703118624238752,0.13621221816873155,0.11230911670753772,0.26147705228395324,0.13894689804025961,0.16214015635764556
2015-01-09,0.09188337219948482,0.09703118624238752,0.13621221816873155,0.11230911670753772,0.26147705228395324,0.13894689804025961,0.16214015635764556
2015-01-16,0.09188337219948482,0.09703118624238752,0.13621221816873155,0.11230911670753772,0.26147705228395324,0.13894689804025961,0.16214015635764556
2015-01-23,0.09188337219948482,0.09703118624238752,0.13621221816873155,0.11230911670753772,0.26147705228395324,0.13894689804025961,0.16214015635764556
2015-01-30,0.11558730703845084,0.11723909124233105,0.1545778809322988,0.1814305977116875,0.29645443288024437,0.1347106901949874,1.1102230246251565e-16
2015-02-06,0.11558730703845084,0.11723909124233105,0.1545778809322988,0.1814305977116875,0.29645443288024437,0.1347106901949874,1.1102230246251565e-16
2015-02-13,0.11558730703845084,0.11723909124233105,0.1545778809322988,0.1814305977116875,0.29645443288024437,0.1347106901949874,1.1102230246251565e-16
2015-02-20,0.11558730703845084,0.11723909124233105,0.1545778809322988,0.1814305977116875,0.29645443288024437,0.1347106901949874,1.1102230246251565e-16
2015-02-27,0.0380009568476547,0.18892930111443937,0.09302500192321068,0.3078988142815781,0.21930293571726928,0.10720758897040729,0.045635401145440624
2015-03-06,0.0380009568476547,0.18892930111443937,0.09302500192321068,0.3078988142815781,0.21930293571726928,0.10720758897040729,0.045635401145440624
2015-03-13,0.0380009568476547,0.18892930111443937,0.09302500192321068,0.3078988142815781,0.21930293571726928,0.10720758897040729,0.045635401145440624
2015-03-20,0.0380009568476547,0.18892930111443937,0.09302500192321068,0.3078988142815781,0.21930293571726928,0.10720758897040729,0.045635401145440624
2015-03-27,0.07969130551415284,0.17179497243639258,0.12929754926959044,0.254935048349892,0.21713663712526768,0.11802626190447361,0.0291182254002309
2015-04-03,0.07969130551415284,0.17179497243639258,0.12929754926959044,0.254935048349892,0.21713663712526768,0.11802626190447361,0.0291182254002309
2015-04-10,0.07969130551415284,0.17179497243639258,0.12929754926959044,0.254935048349892,0.21713663712526768,0.11802626190447361,0.0291182254002309
2015-04-17,0.07969130551415284,0.17179497243639258,0.12929754926959044,0.254935048349892,0.21713663712526768,0.11802626190447361,0.0291182254002309
2015-04-24,0.10489579265424544,0.14832217646785034,0.1433033742416496,0.2126738576419787,0.22962936314084975,0.1406472030261245,0.020528232827301762
2015-05-01,0.10489579265424544,0.14832217646785034,0.1433033742416496,0.2126738576419787,0.22962936314084975,0.1406472030261245,0.020528232827301762
2015-05-08,0.10489579265424544,0.14832217646785034,0.1433033742416496,0.2126738576419787,0.22962936314084975,0.1406472030261245,0.020528232827301762
2015-05-15,0.10489579265424544,0.14832217646785034,0.1433033742416496,0.2126738576419787,0.22962936314084975,0.1406472030261245,0.020528232827301762
2015-05-22,0.10489579265424544,0.14832217646785034,0.1433033742416496,0.2126738576419787,0.22962936314084975,0.1406472030261245,0.020528232827301762
2015-05-29,0.10884472833193641,0.1405257963358023,0.17550166267246256,0.19260739783929842,0.2375692993367586,0.12003325993717588,0.024917855546565892
2015-06-05,0.10884472833193641,0.1405257963358023,0.17550166267246256,0.19260739783929842,0.2375692993367586,0.12003325993717588,0.024917855546565892
2015-06-12,0.10884472833193641,0.1405257963358023,0.17550166267246256,0.19260739783929842,0.2375692993367586,0.12003325993717588,0.024917855546565892
2015-06-19,0.10884472833193641,0.1405257963358023,0.17550166267246256,0.19260739783929842,0.2375692993367586,0.12003325993717588,0.024917855546565892
2015-06-26,0.08456234528241402,0.10831900015697235,0.18192298500672444,0.12801912556035577,0.2308676491610821,0.10221663798800285,0.1640922568444484
2015-07-03,0.08456234528241402,0.10831900015697235,0.18192298500672444,0.12801912556035577,0.2308676491610821,0.10221663798800285,0.1640922568444484
2015-07-10,0.08456234528241402,0.10831900015697235,0.18192298500672444,0.12801912556035577,0.2308676491610821,0.10221663798800285,0.1640922568444484
2015-07-17,0.08456234528241402,0.10831900015697235,0.18192298500672444,0.12801912556035577,0.2308676491610821,0.10221663798800285,0.1640922568444484
2015-07-24,0.08456234528241402,0.10831900015697235,0.18192298500672444,0.12801912556035577,0.2308676491610821,0.10221663798800285,0.1640922568444484
2015-07-31,0.08032210822000635,0.09821338771197168,0.15991612553721707,0.10379619079088372,0.24576151644416314,0.13983585523509215,0.17215481606066596
2015-08-07,0.08032210822000635,0.09821338771197168,0.15991612553721707,0.10379619079088372,0.24576151644416314,0.13983585523509215,0.17215481606066596
2015-08-14,0.08032210822000635,0.09821338771197168,0.15991612553721707,0.10379619079088372,0.24576151644416314,0.13983585523509215,0.17215481606066596
2015-08-21,0.08032210822000635,0.09821338771197168,0.15991612553721707,0.10379619079088372,0.24576151644416314,0.13983585523509215,0.17215481606066596
2015-08-28,0.0391348074486815,0.03969118711320311,0.0749051677727452,0.039864745375682374,0.12926227875636292,0.0771418135333249,0.6000000000000001
2015-09-04,0.0391348074486815,0.03969118711320311,0.0749051677727452,0.039864745375682374,0.12926227875636292,0.0771418135333249,0.6000000000000001
2015-09-11,0.0391348074486815,0.03969118711320311,0.0749051677727452,0.039864745375682374,0.12926227875636292,0.0771418135333249,0.6000000000000001
2015-09-18,0.0391348074486815,0.03969118711320311,0.0749051677727452,0.039864745375682374,0.12926227875636292,0.0771418135333249,0.6000000000000001
2015-09-25,0.03944071743047814,0.035230790593045486,0.0735248372423003,0.03420161767648059,0.13365326898309746,0.0839487680745981,0.5999999999999999
2015-10-02,0.03944071743047814,0.035230790593045486,0.0735248372423003,0.03420161767648059,0.13365326898309746,0.0839487680745981,0.5999999999999999
2015-10-09,0.03944071743047814,0.035230790593045486,0.0735248372423003,0.03420161767648059,0.13365326898309746,0.0839487680745981,0.5999999999999999
2015-10-16,0.03944071743047814,0.035230790593045486,0.0735248372423003,0.03420161767648059,0.13365326898309746,0.0839487680745981,0.5999999999999999
2015-10-23,0.03944071743047814,0.035230790593045486,0.0735248372423003,0.03420161767648059,0.13365326898309746,0.0839487680745981,0.5999999999999999
2015-10-30,0.08547157503141391,0.07003031691685452,0.15480091131933,0.0652698017077811,0.27099067862827303,0.17847810466291025,0.17495861173343719
2015-11-06,0.08547157503141391,0.07003031691685452,0.15480091131933,0.0652698017077811,0.27099067862827303,0.17847810466291025,0.17495861173343719
2015-11-13,0.08547157503141391,0.07003031691685452,0.15480091131933,0.0652698017077811,0.27099067862827303,0.17847810466291025,0.17495861173343719
2015-11-20,0.08547157503141391,0.07003031691685452,0.15480091131933,0.0652698017077811,0.27099067862827303,0.17847810466291025,0.17495861173343719
2015-11-27,0.08902947731214793,0.06995796668243685,0.1600457866154931,0.06257933346684576,0.27230618037233006,0.18039189865902105,0.16568935689172526
2015-12-04,0.08902947731214793,0.06995796668243685,0.1600457866154931,0.06257933346684576,0.27230618037233006,0.18039189865902105,0.16568935689172526
2015-12-11,0.08902947731214793,0.06995796668243685,0.1600457866154931,0.06257933346684576,0.27230618037233006,0.18039189865902105,0.16568935689172526
2015-12-18,0.08902947731214793,0.06995796668243685,0.1600457866154931,0.06257933346684576,0.27230618037233006,0.18039189865902105,0.16568935689172526
2015-12-25,0.042114304024835306,0.0437567162593194,0.07459021191698947,0.030514292610551597,0.1342462632529715,0.07477821193533274,0.6
2016-01-01,0.042114304024835306,0.0437567162593194,0.07459021191698947,0.030514292610551597,0.1342462632529715,0.07477821193533274,0.6
2016-01-08,0.042114304024835306,0.0437567162593194,0.07459021191698947,0.030514292610551597,0.1342462632529715,0.07477821193533274,0.6
2016-01-15,0.042114304024835306,0.0437567162593194,0.07459021191698947,0.030514292610551597,0.1342462632529715,0.07477821193533274,0.6
2016-01-22,0.042114304024835306,0.0437567162593194,0.07459021191698947,0.030514292610551597,0.1342462632529715,0.07477821193533274,0.6
2016-01-29,0.05152735925360217,0.03688030044552784,0.07977039721601488,0.027960985952663466,0.11477941992325741,0.08908153720893427,0.6
2016-02-05,0.05152735925360217,0.03688030044552784,0.07977039721601488,0.027960985952663466,0.11477941992325741,0.08908153720893427,0.6
2016-02-12,0.05152735925360217,0.03688030044552784,0.07977039721601488,0.027960985952663466,0.11477941992325741,0.08908153720893427,0.6
2016-02-19,0.05152735925360217,0.03688030044552784,0.07977039721601488,0.027960985952663466,0.11477941992325741,0.08908153720893427,0.6
2016-02-26,0.04667512220298371,0.033855680471514236,0.08280268007855575,0.0358749989084454,0.10305412564749346,0.09773739269100748,0.6
2016-03-04,0.04667512220298371,0.033855680471514236,0.08280268007855575,0.0358749989084454,0.10305412564749346,0.09773739269100748,0.6
2016-03-11,0.04667512220298371,0.033855680471514236,0.08280268007855575,0.0358749989084454,0.10305412564749346,0.09773739269100748,0.6
2016-03-18,0.04667512220298371,0.033855680471514236,0.08280268007855575,0.0358749989084454,0.10305412564749346,0.09773739269100748,0.6
2016-03-25,0.0914782233231543,0.06686509535900673,0.17627523460084063,0.08497189240080151,0.18908397612606084,0.20254615331752976,0.18877942487260624
2016-04-01,0.0914782233231543,0.06686509535900673,0.17627523460084063,0.08497189240080151,0.18908397612606084,0.20254615331752976,0.18877942487260624
2016-04-08,0.0914782233231543,0.06686509535900673,0.17627523460084063,0.08497189240080151,0.18908397612606084,0.20254615331752976,0.18877942487260624
2016-04-15,0.0914782233231543,0.06686509535900673,0.17627523460084063,0.08497189240080151,0.18908397612606084,0.20254615331752976,0.18877942487260624
2016-04-22,0.0914782233231543,0.06686509535900673,0.17627523460084063,0.08497189240080151,0.18908397612606084,0.20254615331752976,0.18877942487260624
2016-04-29,0.10308043426337728,0.08835501222740415,0.20990639717798856,0.14732721527402134,0.2035961202353306,0.21621945841759885,0.03151536240427921
2016-05-06,0.10308043426337728,0.08835501222740415,0.20990639717798856,0.14732721527402134,0.2035961202353306,0.21621945841759885,0.03151536240427921
2016-05-13,0.10308043426337728,0.08835501222740415,0.20990639717798856,0.14732721527402134,0.2035961202353306,0.21621945841759885,0.03151536240427921
2016-05-20,0.10308043426337728,0.08835501222740415,0.20990639717798856,0.14732721527402134,0.2035961202353306,0.21621945841759885,0.03151536240427921
2016-05-27,0.035741648024189554,0.16584624724143798,0.12463825469819245,0.28992842178674216,0.18773226726356546,0.13409462606322298,0.062018534922649415
2016-06-03,0.035741648024189554,0.16584624724143798,0.12463825469819245,0.28992842178674216,0.18773226726356546,0.13409462606322298,0.062018534922649415
2016-06-10,0.035741648024189554,0.16584624724143798,0.12463825469819245,0.28992842178674216,0.18773226726356546,0.13409462606322298,0.062018534922649415
2016-06-17,0.035741648024189554,0.16584624724143798,0.12463825469819245,0.28992842178674216,0.18773226726356546,0.13409462606322298,0.062018534922649415
2016-06-24,0.06823348245583184,0.14181772447046517,0.1716966025024575,0.23891491932961842,0.17702611591932793,0.151571083495491,0.050740071826808175
2016-07-01,0.06823348245583184,0.14181772447046517,0.1716966025024575,0.23891491932961842,0.17702611591932793,0.151571083495491,0.050740071826808175
2016-07-08,0.06823348245583184,0.14181772447046517,0.1716966025024575,0.23891491932961842,0.17702611591932793,0.151571083495491,0.050740071826808175
2016-07-15,0.06823348245583184,0.14181772447046517,0.1716966025024575,0.23891491932961842,0.17702611591932793,0.151571083495491,0.050740071826808175
2016-07-22,0.06823348245583184,0.14181772447046517,0.1716966025024575,0.23891491932961842,0.17702611591932793,0.151571083495491,0.050740071826808175
2016-07-29,0.08546640112020945,0.08424957424120808,0.2740732463601574,0.11652248175123683,0.21227476341331813,0.22741353311387005,0.0
2016-08-05,0.08546640112020945,0.08424957424120808,0.2740732463601574,0.11652248175123683,0.21227476341331813,0.22741353311387005,0.0
2016-08-12,0.08546640112020945,0.08424957424120808,0.2740732463601574,0.11652248175123683,0.21227476341331813,0.22741353311387005,0.0
2016-08-19,0.08546640112020945,0.08424957424120808,0.2740732463601574,0.11652248175123683,0.21227476341331813,0.22741353311387005,0.0
2016-08-26,0.08841482892334311,0.07230116276447462,0.2918566702660599,0.08882389664373877,0.2130678970198062,0.2455355443825774,0.0
2016-09-02,0.08841482892334311,0.07230116276447462,0.2918566702660599,0.08882389664373877,0.2130678970198062,0.2455355443825774,0.0
2016-09-09,0.08841482892334311,0.07230116276447462,0.2918566702660599,0.08882389664373877,0.2130678970198062,0.2455355443825774,0.0
2016-09-16,0.08841482892334311,0.07230116276447462,0.2918566702660599,0.08882389664373877,0.2130678970198062,0.2455355443825774,0.0
2016-09-23,0.08841482892334311,0.07230116276447462,0.2918566702660599,0.08882389664373877,0.2130678970198062,0.2455355443825774,0.0
2016-09-30,0.10583782310736538,0.14297296348945726,0.20793822866896416,0.08054086641886501,0.2052537607952216,0.2574563575201265,0.0
2016-10-07,0.10583782310736538,0.14297296348945726,0.20793822866896416,0.08054086641886501,0.2052537607952216,0.2574563575201265,0.0
2016-10-14,0.10583782310736538,0.14297296348945726,0.20793822866896416,0.08054086641886501,0.2052537607952216,0.2574563575201265,0.0
2016-10-21,0.10583782310736538,0.14297296348945726,0.20793822866896416,0.08054086641886501,0.2052537607952216,0.2574563575201265,0.0
2016-10-28,0.11364937649514674,0.09712941588897564,0.19881163673328905,0.06239207419248198,0.27653533037890166,0.25148216631120485,0.0
2016-11-04,0.11364937649514674,0.09712941588897564,0.19881163673328905,0.06239207419248198,0.27653533037890166,0.25148216631120485,0.0
2016-11-11,0.11364937649514674,0.09712941588897564,0.19881163673328905,0.06239207419248198,0.27653533037890166,0.25148216631120485,0.0
2016-11-18,0.11364937649514674,0.09712941588897564,0.19881163673328905,0.06239207419248198,0.27653533037890166,0.25148216631120485,0.0
2016-11-25,0.1230512488297372,0.11197237333043,0.18514692791844933,0.10022928460464291,0.2275766243392193,0.21017961640367128,0.04184392457385
2016-12-02,0.1230512488297372,0.11197237333043,0.18514692791844933,0.10022928460464291,0.2275766243392193,0.21017961640367128,0.04184392457385
2016-12-09,0.1230512488297372,0.11197237333043,0.18514692791844933,0.10022928460464291,0.2275766243392193,0.21017961640367128,0.04184392457385
2016-12-16,0.1230512488297372,0.11197237333043,0.18514692791844933,0.10022928460464291,0.2275766243392193,0.21017961640367128,0.04184392457385
2016-12-23,0.1230512488297372,0.11197237333043,0.18514692791844933,0.10022928460464291,0.2275766243392193,0.21017961640367128,0.04184392457385
2016-12-30,0.11264428112979881,0.10426891122148722,0.18020621535488393,0.07381585051845782,0.27107662171999436,0.25798812005537786,0.0
2017-01-06,0.11264428112979881,0.10426891122148722,0.18020621535488393,0.07381585051845782,0.27107662171999436,0.25798812005537786,0.0
2017-01-13,0.11264428112979881,0.10426891122148722,0.18020621535488393,0.07381585051845782,0.27107662171999436,0.25798812005537786,0.0
2017-01-20,0.11264428112979881,0.10426891122148722,0.18020621535488393,0.07381585051845782,0.27107662171999436,0.25798812005537786,0.0
2017-01-27,0.10991083493774506,0.10173113673604242,0.17756565727653967,0.06670747885761591,0.27531292634045723,0.26877196585159974,0.0
2017-02-03,0.10991083493774506,0.10173113673604242,0.17756565727653967,0.06670747885761591,0.27531292634045723,0.26877196585159974,0.0
2017-02-10,0.10991083493774506,0.10173113673604242,0.17756565727653967,0.06670747885761591,0.27531292634045723,0.26877196585159974,0.0
2017-02-17,0.10991083493774506,0.10173113673604242,0.17756565727653967,0.06670747885761591,0.27531292634045723,0.26877196585159974,0.0
2017-02-24,0.10904326607613929,0.1022260858014774,0.1771866767678271,0.06558436846246407,0.27502890993511386,0.27093069295697825,0.0
2017-03-03,0.10904326607613929,0.1022260858014774,0.1771866767678271,0.06558436846246407,0.27502890993511386,0.27093069295697825,0.0
2017-03-10,0.10904326607613929,0.1022260858014774,0.1771866767678271,0.06558436846246407,0.27502890993511386,0.27093069295697825,0.0
2017-03-17,0.10904326607613929,0.1022260858014774,0.1771866767678271,0.06558436846246407,0.27502890993511386,0.27093069295697825,0.0
2017-03-24,0.10904326607613929,0.1022260858014774,0.1771866767678271,0.06558436846246407,0.27502890993511386,0.27093069295697825,0.0
2017-03-31,0.11047930534814625,0.10508513457690388,0.1780906369131804,0.06645404039813797,0.2722289628624342,0.2676619199011974,0.0
2017-04-07,0.11047930534814625,0.10508513457690388,0.1780906369131804,0.06645404039813797,0.2722289628624342,0.2676619199011974,0.0
2017-04-14,0.11047930534814625,0.10508513457690388,0.1780906369131804,0.06645404039813797,0.2722289628624342,0.2676619199011974,0.0
2017-04-21,0.11047930534814625,0.10508513457690388,0.1780906369131804,0.06645404039813797,0.2722289628624342,0.2676619199011974,0.0
2017-04-28,0.1115246102831671,0.10540136909236922,0.17918016753248703,0.067113997665195,0.27053354867990786,0.26624630674687383,0.0
2017-05-05,0.1115246102831671,0.10540136909236922,0.17918016753248703,0.067113997665195,0.27053354867990786,0.26624630674687383,0.0
2017-05-12,0.1115246102831671,0.10540136909236922,0.17918016753248703,0.067113997665195,0.27053354867990786,0.26624630674687383,0.0
2017-05-19,0.1115246102831671,0.10540136909236922,0.17918016753248703,0.067113997665195,0.27053354867990786,0.26624630674687383,0.0
2017-05-26,0.11275992078734808,0.10786700603652323,0.17917180875010422,0.07130191764494663,0.2643636847877035,0.26453566199337436,0.0
2017-06-02,0.11275992078734808,0.10786700603652323,0.17917180875010422,0.07130191764494663,0.2643636847877035,0.26453566199337436,0.0
2017-06-09,0.11275992078734808,0.10786700603652323,0.17917180875010422,0.07130191764494663,0.2643636847877035,0.26453566199337436,0.0
2017-06-16,0.11275992078734808,0.10786700603652323,0.17917180875010422,0.07130191764494663,0.2643636847877035,0.26453566199337436,0.0
2017-06-23,0.11275992078734808,0.10786700603652323,0.17917180875010422,0.07130191764494663,0.2643636847877035,0.26453566199337436,0.0
2017-06-30,0.11232637808294721,0.10468524875140423,0.17703011989952105,0.06775167715076127,0.27261057627986984,0.2655959998354964,0.0
2017-07-07,0.11232637808294721,0.10468524875140423,0.17703011989952105,0.06775167715076127,0.27261057627986984,0.2655959998354964,0.0
2017-07-14,0.11232637808294721,0.10468524875140423,0.17703011989952105,0.06775167715076127,0.27261057627986984,0.2655959998354964,0.0
2017-07-21,0.11232637808294721,0.10468524875140423,0.17703011989952105,0.06775167715076127,0.27261057627986984,0.2655959998354964,0.0
2017-07-28,0.11167224968595328,0.10404297394942179,0.17567570449051986,0.06663364672265856,0.27633625467399436,0.26563917047745217,0.0
2017-08-04,0.11167224968595328,0.10404297394942179,0.17567570449051986,0.06663364672265856,0.27633625467399436,0.26563917047745217,0.0
2017-08-11,0.11167224968595328,0.10404297394942179,0.17567570449051986,0.06663364672265856,0.27633625467399436,0.26563917047745217,0.0
2017-08-18,0.11167224968595328,0.10404297394942179,0.17567570449051986,0.06663364672265856,0.27633625467399436,0.26563917047745217,0.0
2017-08-25,0.12018903398262291,0.10498115176080629,0.19110378420454935,0.09416154364923532,0.20819686471585902,0.236172913753355,0.045194707933572165
2017-09-01,0.12018903398262291,0.10498115176080629,0.19110378420454935,0.09416154364923532,0.20819686471585902,0.236172913753355,0.045194707933572165
2017-09-08,0.12018903398262291,0.10498115176080629,0.19110378420454935,0.09416154364923532,0.20819686471585902,0.236172913753355,0.045194707933572165
2017-09-15,0.12018903398262291,0.10498115176080629,0.19110378420454935,0.09416154364923532,0.20819686471585902,0.236172913753355,0.045194707933572165
2017-09-22,0.12018903398262291,0.10498115176080629,0.19110378420454935,0.09416154364923532,0.20819686471585902,0.236172913753355,0.045194707933572165
2017-09-29,0.12725754220685606,0.09153459820012137,0.27343974423351625,0.06544212243660827,0.1755548731405288,0.2667711197823692,0.0
2017-10-06,0.12725754220685606,0.09153459820012137,0.27343974423351625,0.06544212243660827,0.1755548731405288,0.2667711197823692,0.0
2017-10-13,0.12725754220685606,0.09153459820012137,0.27343974423351625,0.06544212243660827,0.1755548731405288,0.2667711197823692,0.0
2017-10-20,0.12725754220685606,0.09153459820012137,0.27343974423351625,0.06544212243660827,0.1755548731405288,0.2667711197823692,0.0
2017-10-27,0.1289566416485505,0.09904841433451085,0.24603395305226672,0.09402853775095964,0.15004616412252042,0.23803118690415215,0.04385510218703981
2017-11-03,0.1289566416485505,0.09904841433451085,0.24603395305226672,0.09402853775095964,0.15004616412252042,0.23803118690415215,0.04385510218703981
2017-11-10,0.1289566416485505,0.09904841433451085,0.24603395305226672,0.09402853775095964,0.15004616412252042,0.23803118690415215,0.04385510218703981
2017-11-17,0.1289566416485505,0.09904841433451085,0.24603395305226672,0.09402853775095964,0.15004616412252042,0.23803118690415215,0.04385510218703981
2017-11-24,0.13365344148613525,0.10574744135654982,0.2370721275258674,0.11262649305984548,0.139765923616235,0.22746328232263413,0.043671290632732895
2017-12-01,0.13365344148613525,0.10574744135654982,0.2370721275258674,0.11262649305984548,0.139765923616235,0.22746328232263413,0.043671290632732895
2017-12-08,0.13365344148613525,0.10574744135654982,0.2370721275258674,0.11262649305984548,0.139765923616235,0.22746328232263413,0.043671290632732895
2017-12-15,0.13365344148613525,0.10574744135654982,0.2370721275258674,0.11262649305984548,0.139765923616235,0.22746328232263413,0.043671290632732895
2017-12-22,0.13365344148613525,0.10574744135654982,0.2370721275258674,0.11262649305984548,0.139765923616235,0.22746328232263413,0.043671290632732895
2017-12-29,0.13579959895654117,0.10924535224754522,0.23270327775750244,0.12362848418025241,0.1327703711182108,0.22175651394051402,0.04409640179943397
2018-01-05,0.13579959895654117,0.10924535224754522,0.23270327775750244,0.12362848418025241,0.1327703711182108,0.22175651394051402,0.04409640179943397
2018-01-12,0.13579959895654117,0.10924535224754522,0.23270327775750244,0.12362848418025241,0.1327703711182108,0.22175651394051402,0.04409640179943397
2018-01-19,0.13579959895654117,0.10924535224754522,0.23270327775750244,0.12362848418025241,0.1327703711182108,0.22175651394051402,0.04409640179943397
2018-01-26,0.13628118019914684,0.11122439531583116,0.23322998681032817,0.13094537154934618,0.13048636433724783,0.2180304586041197,0.03980224318398018
2018-02-02,0.13628118019914684,0.11122439531583116,0.23322998681032817,0.13094537154934618,0.13048636433724783,0.2180304586041197,0.03980224318398018
2018-02-09,0.13628118019914684,0.11122439531583116,0.23322998681032817,0.13094537154934618,0.13048636433724783,0.2180304586041197,0.03980224318398018
2018-02-16,0.13628118019914684,0.11122439531583116,0.23322998681032817,0.13094537154934618,0.13048636433724783,0.2180304586041197,0.03980224318398018
2018-02-23,0.050340090516366676,0.03892307360221274,0.1027063339617294,0.04041448184849693,0.06683607268964338,0.10077994738155086,0.6
2018-03-02,0.050340090516366676,0.03892307360221274,0.1027063339617294,0.04041448184849693,0.06683607268964338,0.10077994738155086,0.6
2018-03-09,0.050340090516366676,0.03892307360221274,0.1027063339617294,0.04041448184849693,0.06683607268964338,0.10077994738155086,0.6
2018-03-16,0.050340090516366676,0.03892307360221274,0.1027063339617294,0.04041448184849693,0.06683607268964338,0.10077994738155086,0.6
2018-03-23,0.050340090516366676,0.03892307360221274,0.1027063339617294,0.04041448184849693,0.06683607268964338,0.10077994738155086,0.6
2018-03-30,0.045878207952939565,0.033777837581292096,0.10638127272639004,0.03175280445960662,0.07546866391388918,0.10674121336588256,0.5999999999999999
2018-04-06,0.045878207952939565,0.033777837581292096,0.10638127272639004,0.03175280445960662,0.07546866391388918,0.10674121336588256,0.5999999999999999
2018-04-13,0.045878207952939565,0.033777837581292096,0.10638127272639004,0.03175280445960662,0.07546866391388918,0.10674121336588256,0.5999999999999999
2018-04-20,0.045878207952939565,0.033777837581292096,0.10638127272639004,0.03175280445960662,0.07546866391388918,0.10674121336588256,0.5999999999999999
2018-04-27,0.04312965596217126,0.030602454458708683,0.1083444351792799,0.026422074970022864,0.08193768479638812,0.10956369463342924,0.5999999999999999
2018-05-04,0.04312965596217126,0.030602454458708683,0.1083444351792799,0.026422074970022864,0.08193768479638812,0.10956369463342924,0.5999999999999999
2018-05-11,0.04312965596217126,0.030602454458708683,0.1083444351792799,0.026422074970022864,0.08193768479638812,0.10956369463342924,0.5999999999999999
2018-05-18,0.04312965596217126,0.030602454458708683,0.1083444351792799,0.026422074970022864,0.08193768479638812,0.10956369463342924,0.5999999999999999
2018-05-25,0.04111261639570972,0.028297425712999313,0.10908358896694277,0.022844896272553313,0.0883017353706164,0.11035973728117852,0.5999999999999999
2018-06-01,0.04111261639570972,0.028297425712999313,0.10908358896694277,0.022844896272553313,0.0883017353706164,0.11035973728117852,0.5999999999999999
2018-06-08,0.04111261639570972,0.028297425712999313,0.10908358896694277,0.022844896272553313,0.0883017353706164,0.11035973728117852,0.5999999999999999
2018-06-15,0.04111261639570972,0.028297425712999313,0.10908358896694277,0.022844896272553313,0.0883017353706164,0.11035973728117852,0.5999999999999999
2018-06-22,0.04111261639570972,0.028297425712999313,0.10908358896694277,0.022844896272553313,0.0883017353706164,0.11035973728117852,0.5999999999999999
2018-06-29,0.07787158545557946,0.08201228760311466,0.19563780989026658,0.0487709260238855,0.18759902668113865,0.21498065236845004,0.19312771197756518
2018-07-06,0.07787158545557946,0.08201228760311466,0.19563780989026658,0.0487709260238855,0.18759902668113865,0.21498065236845004,0.19312771197756518
2018-07-13,0.07787158545557946,0.08201228760311466,0.19563780989026658,0.0487709260238855,0.18759902668113865,0.21498065236845004,0.19312771197756518
2018-07-20,0.07787158545557946,0.08201228760311466,0.19563780989026658,0.0487709260238855,0.18759902668113865,0.21498065236845004,0.19312771197756518
2018-07-27,0.07416294609490551,0.09738654788562381,0.17906549483999318,0.050443362711099754,0.1906882222574922,0.21010009168156152,0.19815333452932393
2018-08-03,0.07416294609490551,0.09738654788562381,0.17906549483999318,0.050443362711099754,0.1906882222574922,0.21010009168156152,0.19815333452932393
2018-08-10,0.07416294609490551,0.09738654788562381,0.17906549483999318,0.050443362711099754,0.1906882222574922,0.21010009168156152,0.19815333452932393
2018-08-17,0.07416294609490551,0.09738654788562381,0.17906549483999318,0.050443362711099754,0.1906882222574922,0.21010009168156152,0.19815333452932393
2018-08-24,0.07416294609490551,0.09738654788562381,0.17906549483999318,0.050443362711099754,0.1906882222574922,0.21010009168156152,0.19815333452932393
2018-08-31,0.09149163756373282,0.10985381717993703,0.21641265876114482,0.1256142752760716,0.19639027143423363,0.23104187659089245,0.02919546319398758
2018-09-07,0.09149163756373282,0.10985381717993703,0.21641265876114482,0.1256142752760716,0.19639027143423363,0.23104187659089245,0.02919546319398758
2018-09-14,0.09149163756373282,0.10985381717993703,0.21641265876114482,0.1256142752760716,0.19639027143423363,0.23104187659089245,0.02919546319398758
2018-09-21,0.09149163756373282,0.10985381717993703,0.21641265876114482,0.1256142752760716,0.19639027143423363,0.23104187659089245,0.02919546319398758
2018-09-28,0.09942961592438808,0.08066700112812993,0.1724897908642559,0.07955439803556101,0.17161502474766138,0.1962441693000038,0.19999999999999996
2018-10-05,0.09942961592438808,0.08066700112812993,0.1724897908642559,0.07955439803556101,0.17161502474766138,0.1962441693000038,0.19999999999999996
2018-10-12,0.09942961592438808,0.08066700112812993,0.1724897908642559,0.07955439803556101,0.17161502474766138,0.1962441693000038,0.19999999999999996
2018-10-19,0.09942961592438808,0.08066700112812993,0.1724897908642559,0.07955439803556101,0.17161502474766138,0.1962441693000038,0.19999999999999996
2018-10-26,0.05478822519644079,0.03549438525916747,0.08337342075141374,0.031847456795480615,0.09395789542529082,0.1005386165722066,0.6
2018-11-02,0.05478822519644079,0.03549438525916747,0.08337342075141374,0.031847456795480615,0.09395789542529082,0.1005386165722066,0.6
2018-11-09,0.05478822519644079,0.03549438525916747,0.08337342075141374,0.031847456795480615,0.09395789542529082,0.1005386165722066,0.6
2018-11-16,0.05478822519644079,0.03549438525916747,0.08337342075141374,0.031847456795480615,0.09395789542529082,0.1005386165722066,0.6
2018-11-23,0.05478822519644079,0.03549438525916747,0.08337342075141374,0.031847456795480615,0.09395789542529082,0.1005386165722066,0.6
2018-11-30,0.04297595744942982,0.0465546487311381,0.08236612640642074,0.026524038053422738,0.09981652945952374,0.10176269990006491,0.5999999999999999
2018-12-07,0.04297595744942982,0.0465546487311381,0.08236612640642074,0.026524038053422738,0.09981652945952374,0.10176269990006491,0.5999999999999999
2018-12-14,0.04297595744942982,0.0465546487311381,0.08236612640642074,0.026524038053422738,0.09981652945952374,0.10176269990006491,0.5999999999999999
2018-12-21,0.04297595744942982,0.0465546487311381,0.08236612640642074,0.026524038053422738,0.09981652945952374,0.10176269990006491,0.5999999999999999
2018-12-28,0.038793118891638556,0.054846433169404275,0.08274489314836266,0.03334127788504481,0.10543125416869509,0.08484302273685464,0.6
2019-01-04,0.038793118891638556,0.054846433169404275,0.08274489314836266,0.03334127788504481,0.10543125416869509,0.08484302273685464,0.6
2019-01-11,0.038793118891638556,0.054846433169404275,0.08274489314836266,0.03334127788504481,0.10543125416869509,0.08484302273685464,0.6
2019-01-18,0.038793118891638556,0.054846433169404275,0.08274489314836266,0.03334127788504481,0.10543125416869509,0.08484302273685464,0.6
2019-01-25,0.036702239401701496,0.060895361533615744,0.08153436603959185,0.03749082714137345,0.1087410813758447,0.07463612450787274,0.6
2019-02-01,0.036702239401701496,0.060895361533615744,0.08153436603959185,0.03749082714137345,0.1087410813758447,0.07463612450787274,0.6
2019-02-08,0.036702239401701496,0.060895361533615744,0.08153436603959185,0.03749082714137345,0.1087410813758447,0.07463612450787274,0.6
2019-02-15,0.036702239401701496,0.060895361533615744,0.08153436603959185,0.03749082714137345,0.1087410813758447,0.07463612450787274,0.6
2019-02-22,0.06873330064078485,0.09860751461637278,0.16649968079180197,0.08827374807598748,0.2164858957939942,0.16139986008105878,0.19999999999999996
2019-03-01,0.06873330064078485,0.09860751461637278,0.16649968079180197,0.08827374807598748,0.2164858957939942,0.16139986008105878,0.19999999999999996
2019-03-08,0.06873330064078485,0.09860751461637278,0.16649968079180197,0.08827374807598748,0.2164858957939942,0.16139986008105878,0.19999999999999996
2019-03-15,0.06873330064078485,0.09860751461637278,0.16649968079180197,0.08827374807598748,0.2164858957939942,0.16139986008105878,0.19999999999999996
2019-03-22,0.06873330064078485,0.09860751461637278,0.16649968079180197,0.08827374807598748,0.2164858957939942,0.16139986008105878,0.19999999999999996
2019-03-29,0.06351961500119822,0.08245970455422408,0.18931280411566473,0.09201136371668957,0.2216242713853824,0.15107224122684104,0.19999999999999996
2019-04-05,0.06351961500119822,0.08245970455422408,0.18931280411566473,0.09201136371668957,0.2216242713853824,0.15107224122684104,0.19999999999999996
2019-04-12,0.06351961500119822,0.08245970455422408,0.18931280411566473,0.09201136371668957,0.2216242713853824,0.15107224122684104,0.19999999999999996
2019-04-19,0.06351961500119822,0.08245970455422408,0.18931280411566473,0.09201136371668957,0.2216242713853824,0.15107224122684104,0.19999999999999996
2019-04-26,0.03060278852428469,0.17103342358846632,0.11290397557044901,0.295582323011235,0.20608374153718043,0.12152220054943894,0.06227154721894557
2019-05-03,0.03060278852428469,0.17103342358846632,0.11290397557044901,0.295582323011235,0.20608374153718043,0.12152220054943894,0.06227154721894557
2019-05-10,0.03060278852428469,0.17103342358846632,0.11290397557044901,0.295582323011235,0.20608374153718043,0.12152220054943894,0.06227154721894557
2019-05-17,0.03060278852428469,0.17103342358846632,0.11290397557044901,0.295582323011235,0.20608374153718043,0.12152220054943894,0.06227154721894557
2019-05-24,0.03060278852428469,0.17103342358846632,0.11290397557044901,0.295582323011235,0.20608374153718043,0.12152220054943894,0.06227154721894557
2019-05-31,0.03934651344364912,0.11220352016453897,0.1110702630404588,0.16953901580010555,0.2374163507323428,0.13042433681890486,0.19999999999999996
2019-06-07,0.03934651344364912,0.11220352016453897,0.1110702630404588,0.16953901580010555,0.2374163507323428,0.13042433681890486,0.19999999999999996
2019-06-14,0.03934651344364912,0.11220352016453897,0.1110702630404588,0.16953901580010555,0.2374163507323428,0.13042433681890486,0.19999999999999996
2019-06-21,0.03934651344364912,0.11220352016453897,0.1110702630404588,0.16953901580010555,0.2374163507323428,0.13042433681890486,0.19999999999999996
2019-06-28,0.024859259594211033,0.18551229251146692,0.099117049571673,0.3019408166062879,0.21961414587007658,0.10655907477312919,0.06239736107315541
2019-07-05,0.024859259594211033,0.18551229251146692,0.099117049571673,0.3019408166062879,0.21961414587007658,0.10655907477312919,0.06239736107315541
2019-07-12,0.024859259594211033,0.18551229251146692,0.099117049571673,0.3019408166062879,0.21961414587007658,0.10655907477312919,0.06239736107315541
2019-07-19,0.024859259594211033,0.18551229251146692,0.099117049571673,0.3019408166062879,0.21961414587007658,0.10655907477312919,0.06239736107315541
2019-07-26,0.06582395688093563,0.16508802823963667,0.14170142286513088,0.24556386852447726,0.2226621330371002,0.10818003224544995,0.05098055820726943
2019-08-02,0.06582395688093563,0.16508802823963667,0.14170142286513088,0.24556386852447726,0.2226621330371002,0.10818003224544995,0.05098055820726943
2019-08-09,0.06582395688093563,0.16508802823963667,0.14170142286513088,0.24556386852447726,0.2226621330371002,0.10818003224544995,0.05098055820726943
2019-08-16,0.06582395688093563,0.16508802823963667,0.14170142286513088,0.24556386852447726,0.2226621330371002,0.10818003224544995,0.05098055820726943
2019-08-23,0.06582395688093563,0.16508802823963667,0.14170142286513088,0.24556386852447726,0.2226621330371002,0.10818003224544995,0.05098055820726943
2019-08-30,0.0823968146905323,0.14395670512650002,0.18773676869169267,0.2086366605315951,0.2375691552572875,0.096295854041819,0.04340804166057333
2019-09-06,0.0823968146905323,0.14395670512650002,0.18773676869169267,0.2086366605315951,0.2375691552572875,0.096295854041819,0.04340804166057333
2019-09-13,0.0823968146905323,0.14395670512650002,0.18773676869169267,0.2086366605315951,0.2375691552572875,0.096295854041819,0.04340804166057333
2019-09-20,0.0823968146905323,0.14395670512650002,0.18773676869169267,0.2086366605315951,0.2375691552572875,0.096295854041819,0.04340804166057333
2019-09-27,0.09213481259922945,0.1300565000341401,0.19158351562460368,0.20902148522399439,0.22109111588494113,0.11333720923641856,0.042775361396672706
2019-10-04,0.09213481259922945,0.1300565000341401,0.19158351562460368,0.20902148522399439,0.22109111588494113,0.11333720923641856,0.042775361396672706
2019-10-11,0.09213481259922945,0.1300565000341401,0.19158351562460368,0.20902148522399439,0.22109111588494113,0.11333720923641856,0.042775361396672706
2019-10-18,0.09213481259922945,0.1300565000341401,0.19158351562460368,0.20902148522399439,0.22109111588494113,0.11333720923641856,0.042775361396672706
2019-10-25,0.07439665763023857,0.08462062800500215,0.21978084917462315,0.16161807242697318,0.27373438136005673,0.18584941140310623,0.0
2019-11-01,0.07439665763023857,0.08462062800500215,0.21978084917462315,0.16161807242697318,0.27373438136005673,0.18584941140310623,0.0
2019-11-08,0.07439665763023857,0.08462062800500215,0.21978084917462315,0.16161807242697318,0.27373438136005673,0.18584941140310623,0.0
2019-11-15,0.07439665763023857,0.08462062800500215,0.21978084917462315,0.16161807242697318,0.27373438136005673,0.18584941140310623,0.0
2019-11-22,0.07439665763023857,0.08462062800500215,0.21978084917462315,0.16161807242697318,0.27373438136005673,0.18584941140310623,0.0
2019-11-29,0.06784261792189848,0.07054718390841275,0.18496343784930774,0.07873012739242552,0.39738684022365267,0.20052979270430282,0.0
2019-12-06,0.06784261792189848,0.07054718390841275,0.18496343784930774,0.07873012739242552,0.39738684022365267,0.20052979270430282,0.0
2019-12-13,0.06784261792189848,0.07054718390841275,0.18496343784930774,0.07873012739242552,0.39738684022365267,0.20052979270430282,0.0
2019-12-20,0.06784261792189848,0.07054718390841275,0.18496343784930774,0.07873012739242552,0.39738684022365267,0.20052979270430282,0.0
2019-12-27,0.06563619472406486,0.06718499849140884,0.18156135767605677,0.06332838997479016,0.42150384145073727,0.20078521768294208,0.0
2020-01-03,0.06563619472406486,0.06718499849140884,0.18156135767605677,0.06332838997479016,0.42150384145073727,0.20078521768294208,0.0
2020-01-10,0.06563619472406486,0.06718499849140884,0.18156135767605677,0.06332838997479016,0.42150384145073727,0.20078521768294208,0.0
2020-01-17,0.06563619472406486,0.06718499849140884,0.18156135767605677,0.06332838997479016,0.42150384145073727,0.20078521768294208,0.0
2020-01-24,0.06563619472406486,0.06718499849140884,0.18156135767605677,0.06332838997479016,0.42150384145073727,0.20078521768294208,0.0
2020-01-31,0.06406891545078934,0.06405012840223086,0.18584195745095436,0.06088961847778741,0.42672601769538315,0.19842336252285486,0.0
2020-02-07,0.06406891545078934,0.06405012840223086,0.18584195745095436,0.06088961847778741,0.42672601769538315,0.19842336252285486,0.0
2020-02-14,0.06406891545078934,0.06405012840223086,0.18584195745095436,0.06088961847778741,0.42672601769538315,0.19842336252285486,0.0
2020-02-21,0.06406891545078934,0.06405012840223086,0.18584195745095436,0.06088961847778741,0.42672601769538315,0.19842336252285486,0.0
2020-02-28,0.05018743986305385,0.04837149617739352,0.1529629814261656,0.051828425528367666,0.3409919231721677,0.15565773383285172,0.19999999999999996
2020-03-06,0.05018743986305385,0.04837149617739352,0.1529629814261656,0.051828425528367666,0.3409919231721677,0.15565773383285172,0.19999999999999996
2020-03-13,0.05018743986305385,0.04837149617739352,0.1529629814261656,0.051828425528367666,0.3409919231721677,0.15565773383285172,0.19999999999999996
2020-03-20,0.05018743986305385,0.04837149617739352,0.1529629814261656,0.051828425528367666,0.3409919231721677,0.15565773383285172,0.19999999999999996
2020-03-27,0.04712252920078558,0.0271799038760862,0.06471958289541453,0.025946275284459436,0.16926290383130513,0.06576880491194916,0.6
2020-04-03,0.04712252920078558,0.0271799038760862,0.06471958289541453,0.025946275284459436,0.16926290383130513,0.06576880491194916,0.6
2020-04-10,0.04712252920078558,0.0271799038760862,0.06471958289541453,0.025946275284459436,0.16926290383130513,0.06576880491194916,0.6
2020-04-17,0.04712252920078558,0.0271799038760862,0.06471958289541453,0.025946275284459436,0.16926290383130513,0.06576880491194916,0.6
2020-04-24,0.04590621849629945,0.030055010830108832,0.05451780583156658,0.02575898734038532,0.16425227116691504,0.07950970633472482,0.5999999999999999
2020-05-01,0.04590621849629945,0.030055010830108832,0.05451780583156658,0.02575898734038532,0.16425227116691504,0.07950970633472482,0.5999999999999999
2020-05-08,0.04590621849629945,0.030055010830108832,0.05451780583156658,0.02575898734038532,0.16425227116691504,0.07950970633472482,0.5999999999999999
2020-05-15,0.04590621849629945,0.030055010830108832,0.05451780583156658,0.02575898734038532,0.16425227116691504,0.07950970633472482,0.5999999999999999
2020-05-22,0.04590621849629945,0.030055010830108832,0.05451780583156658,0.02575898734038532,0.16425227116691504,0.07950970633472482,0.5999999999999999
2020-05-29,0.04519767089880615,0.03190842170010721,0.04860423248335164,0.025814440449979104,0.16141711342942355,0.08705812103833238,0.6
2020-06-05,0.04519767089880615,0.03190842170010721,0.04860423248335164,0.025814440449979104,0.16141711342942355,0.08705812103833238,0.6
2020-06-12,0.04519767089880615,0.03190842170010721,0.04860423248335164,0.025814440449979104,0.16141711342942355,0.08705812103833238,0.6
2020-06-19,0.04519767089880615,0.03190842170010721,0.04860423248335164,0.025814440449979104,0.16141711342942355,0.08705812103833238,0.6
2020-06-26,0.044819812736516654,0.03307670032231085,0.045217496813188957,0.025741683270814133,0.1601259283214505,0.09101837853571898,0.5999999999999999
2020-07-03,0.044819812736516654,0.03307670032231085,0.045217496813188957,0.025741683270814133,0.1601259283214505,0.09101837853571898,0.5999999999999999
2020-07-10,0.044819812736516654,0.03307670032231085,0.045217496813188957,0.025741683270814133,0.1601259283214505,0.09101837853571898,0.5999999999999999
2020-07-17,0.044819812736516654,0.03307670032231085,0.045217496813188957,0.025741683270814133,0.1601259283214505,0.09101837853571898,0.5999999999999999
2020-07-24,0.044819812736516654,0.03307670032231085,0.045217496813188957,0.025741683270814133,0.1601259283214505,0.09101837853571898,0.5999999999999999
2020-07-31,0.13228300697033488,0.11261378399457142,0.11290571835008831,0.1331000095360942,0.2968928886604412,0.17692312755907488,0.0352814649293951
2020-08-07,0.13228300697033488,0.11261378399457142,0.11290571835008831,0.1331000095360942,0.2968928886604412,0.17692312755907488,0.0352814649293951
2020-08-14,0.13228300697033488,0.11261378399457142,0.11290571835008831,0.1331000095360942,0.2968928886604412,0.17692312755907488,0.0352814649293951
2020-08-21,0.13228300697033488,0.11261378399457142,0.11290571835008831,0.1331000095360942,0.2968928886604412,0.17692312755907488,0.0352814649293951
2020-08-28,0.038100425708369016,0.17451305570418701,0.06820205926951349,0.2816401524354934,0.2024357302679466,0.10609159129684148,0.12901698531764905
2020-09-04,0.038100425708369016,0.17451305570418701,0.06820205926951349,0.2816401524354934,0.2024357302679466,0.10609159129684148,0.12901698531764905
2020-09-11,0.038100425708369016,0.17451305570418701,0.06820205926951349,0.2816401524354934,0.2024357302679466,0.10609159129684148,0.12901698531764905
2020-09-18,0.038100425708369016,0.17451305570418701,0.06820205926951349,0.2816401524354934,0.2024357302679466,0.10609159129684148,0.12901698531764905
2020-09-25,0.08512002725476464,0.15959430280189782,0.09357297193796563,0.23444138120809335,0.1984556009680995,0.11338975860227934,0.11542595722689963
2020-10-02,0.08512002725476464,0.15959430280189782,0.09357297193796563,0.23444138120809335,0.1984556009680995,0.11338975860227934,0.11542595722689963
2020-10-09,0.08512002725476464,0.15959430280189782,0.09357297193796563,0.23444138120809335,0.1984556009680995,0.11338975860227934,0.11542595722689963
2020-10-16,0.08512002725476464,0.15959430280189782,0.09357297193796563,0.23444138120809335,0.1984556009680995,0.11338975860227934,0.11542595722689963
2020-10-23,0.08512002725476464,0.15959430280189782,0.09357297193796563,0.23444138120809335,0.1984556009680995,0.11338975860227934,0.11542595722689963
2020-10-30,0.11132355385901946,0.1461621743890163,0.10767561867507353,0.19926755851487915,0.1920525859326114,0.11390924659112893,0.12960926203827128
2020-11-06,0.11132355385901946,0.1461621743890163,0.10767561867507353,0.19926755851487915,0.1920525859326114,0.11390924659112893,0.12960926203827128
2020-11-13,0.11132355385901946,0.1461621743890163,0.10767561867507353,0.19926755851487915,0.1920525859326114,0.11390924659112893,0.12960926203827128
2020-11-20,0.11132355385901946,0.1461621743890163,0.10767561867507353,0.19926755851487915,0.1920525859326114,0.11390924659112893,0.12960926203827128
2020-11-27,0.03476732533392006,0.1742688156647952,0.06725864069972086,0.28271517256359446,0.17870104083780164,0.0920554736129925,0.17023353128717533
2020-12-04,0.03476732533392006,0.1742688156647952,0.06725864069972086,0.28271517256359446,0.17870104083780164,0.0920554736129925,0.17023353128717533
2020-12-11,0.03476732533392006,0.1742688156647952,0.06725864069972086,0.28271517256359446,0.17870104083780164,0.0920554736129925,0.17023353128717533
2020-12-18,0.03476732533392006,0.1742688156647952,0.06725864069972086,0.28271517256359446,0.17870104083780164,0.0920554736129925,0.17023353128717533
2020-12-25,0.020333688030561896,0.17986567782984617,0.05953375817297181,0.2990221127552126,0.17645594230908698,0.0880141709219185,0.17677464998040193
2021-01-01,0.020333688030561896,0.17986567782984617,0.05953375817297181,0.2990221127552126,0.17645594230908698,0.0880141709219185,0.17677464998040193
2021-01-08,0.020333688030561896,0.17986567782984617,0.05953375817297181,0.2990221127552126,0.17645594230908698,0.0880141709219185,0.17677464998040193
2021-01-15,0.020333688030561896,0.17986567782984617,0.05953375817297181,0.2990221127552126,0.17645594230908698,0.0880141709219185,0.17677464998040193
2021-01-22,0.020333688030561896,0.17986567782984617,0.05953375817297181,0.2990221127552126,0.17645594230908698,0.0880141709219185,0.17677464998040193
2021-01-29,0.07475603298684227,0.1634898870778229,0.08902281540760565,0.2506541594994728,0.18077131768859833,0.10127629624866458,0.14002949109099339
2021-02-05,0.07475603298684227,0.1634898870778229,0.08902281540760565,0.2506541594994728,0.18077131768859833,0.10127629624866458,0.14002949109099339
2021-02-12,0.07475603298684227,0.1634898870778229,0.08902281540760565,0.2506541594994728,0.18077131768859833,0.10127629624866458,0.14002949109099339
2021-02-19,0.07475603298684227,0.1634898870778229,0.08902281540760565,0.2506541594994728,0.18077131768859833,0.10127629624866458,0.14002949109099339
2021-02-26,0.11031120739180705,0.15172918102708957,0.10728892180929217,0.21483412997582613,0.18545693340671876,0.11118403269539721,0.119195593693869
2021-03-05,0.11031120739180705,0.15172918102708957,0.10728892180929217,0.21483412997582613,0.18545693340671876,0.11118403269539721,0.119195593693869
2021-03-12,0.11031120739180705,0.15172918102708957,0.10728892180929217,0.21483412997582613,0.18545693340671876,0.11118403269539721,0.119195593693869
2021-03-19,0.11031120739180705,0.15172918102708957,0.10728892180929217,0.21483412997582613,0.18545693340671876,0.11118403269539721,0.119195593693869
2021-03-26,0.22388268471777803,0.1058384072681033,0.11777472173660067,0.10103158374788349,0.3108741894412607,0.11445472405970973,0.02614368902866404
2021-04-02,0.22388268471777803,0.1058384072681033,0.11777472173660067,0.10103158374788349,0.3108741894412607,0.11445472405970973,0.02614368902866404
2021-04-09,0.22388268471777803,0.1058384072681033,0.11777472173660067,0.10103158374788349,0.3108741894412607,0.11445472405970973,0.02614368902866404
2021-04-16,0.22388268471777803,0.1058384072681033,0.11777472173660067,0.10103158374788349,0.3108741894412607,0.11445472405970973,0.02614368902866404
2021-04-23,0.22388268471777803,0.1058384072681033,0.11777472173660067,0.10103158374788349,0.3108741894412607,0.11445472405970973,0.02614368902866404
2021-04-30,0.2471766834721528,0.09489958463240691,0.11887509224323875,0.0748726887544112,0.3381927894210191,0.11457136017792581,0.011411801298845448
2021-05-07,0.2471766834721528,0.09489958463240691,0.11887509224323875,0.0748726887544112,0.3381927894210191,0.11457136017792581,0.011411801298845448
2021-05-14,0.2471766834721528,0.09489958463240691,0.11887509224323875,0.0748726887544112,0.3381927894210191,0.11457136017792581,0.011411801298845448
2021-05-21,0.2471766834721528,0.09489958463240691,0.11887509224323875,0.0748726887544112,0.3381927894210191,0.11457136017792581,0.011411801298845448
2021-05-28,0.24879768701583993,0.09231129785367531,0.11887656367224755,0.06915411990276589,0.3456761810625392,0.11429715077857248,0.01088699971435958
2021-06-04,0.24879768701583993,0.09231129785367531,0.11887656367224755,0.06915411990276589,0.3456761810625392,0.11429715077857248,0.01088699971435958
2021-06-11,0.24879768701583993,0.09231129785367531,0.11887656367224755,0.06915411990276589,0.3456761810625392,0.11429715077857248,0.01088699971435958
2021-06-18,0.24879768701583993,0.09231129785367531,0.11887656367224755,0.06915411990276589,0.3456761810625392,0.11429715077857248,0.01088699971435958
2021-06-25,0.24776801437629703,0.09055861556205833,0.11874078247661637,0.06775886571730769,0.34937584186942433,0.11341431262253017,0.012383567375765958
2021-07-02,0.24776801437629703,0.09055861556205833,0.11874078247661637,0.06775886571730769,0.34937584186942433,0.11341431262253017,0.012383567375765958
2021-07-09,0.24776801437629703,0.09055861556205833,0.11874078247661637,0.06775886571730769,0.34937584186942433,0.11341431262253017,0.012383567375765958
2021-07-16,0.24776801437629703,0.09055861556205833,0.11874078247661637,0.06775886571730769,0.34937584186942433,0.11341431262253017,0.012383567375765958
2021-07-23,0.24776801437629703,0.09055861556205833,0.11874078247661637,0.06775886571730769,0.34937584186942433,0.11341431262253017,0.012383567375765958
2021-07-30,0.15817550655388937,0.09262852534454083,0.11846588631774586,0.06718378918956226,0.3528017769071432,0.20178655248890673,0.008957963198211738
2021-08-06,0.15817550655388937,0.09262852534454083,0.11846588631774586,0.06718378918956226,0.3528017769071432,0.20178655248890673,0.008957963198211738
2021-08-13,0.15817550655388937,0.09262852534454083,0.11846588631774586,0.06718378918956226,0.3528017769071432,0.20178655248890673,0.008957963198211738
2021-08-20,0.15817550655388937,0.09262852534454083,0.11846588631774586,0.06718378918956226,0.3528017769071432,0.20178655248890673,0.008957963198211738
2021-08-27,0.1383453247858054,0.09280342574420228,0.1177788454960917,0.06649600869961292,0.3563670709835535,0.2182481433953582,0.009961180895375898
2021-09-03,0.1383453247858054,0.09280342574420228,0.1177788454960917,0.06649600869961292,0.3563670709835535,0.2182481433953582,0.009961180895375898
2021-09-10,0.1383453247858054,0.09280342574420228,0.1177788454960917,0.06649600869961292,0.3563670709835535,0.2182481433953582,0.009961180895375898
2021-09-17,0.1383453247858054,0.09280342574420228,0.1177788454960917,0.06649600869961292,0.3563670709835535,0.2182481433953582,0.009961180895375898
2021-09-24,0.13426229797073239,0.09266236104771831,0.11757130109291708,0.06642040708687914,0.35821011761475013,0.22127138409641403,0.009602131090588939
2021-10-01,0.13426229797073239,0.09266236104771831,0.11757130109291708,0.06642040708687914,0.35821011761475013,0.22127138409641403,0.009602131090588939
2021-10-08,0.13426229797073239,0.09266236104771831,0.11757130109291708,0.06642040708687914,0.35821011761475013,0.22127138409641403,0.009602131090588939
2021-10-15,0.13426229797073239,0.09266236104771831,0.11757130109291708,0.06642040708687914,0.35821011761475013,0.22127138409641403,0.009602131090588939
2021-10-22,0.13426229797073239,0.09266236104771831,0.11757130109291708,0.06642040708687914,0.35821011761475013,0.22127138409641403,0.009602131090588939
2021-10-29,0.22483861623780887,0.09228211941910222,0.1169035851233541,0.06694111004535049,0.35790942487978755,0.1348440859671582,0.006281058327438416
2021-11-05,0.22483861623780887,0.09228211941910222,0.1169035851233541,0.06694111004535049,0.35790942487978755,0.1348440859671582,0.006281058327438416
2021-11-12,0.22483861623780887,0.09228211941910222,0.1169035851233541,0.06694111004535049,0.35790942487978755,0.1348440859671582,0.006281058327438416
2021-11-19,0.22483861623780887,0.09228211941910222,0.1169035851233541,0.06694111004535049,0.35790942487978755,0.1348440859671582,0.006281058327438416
2021-11-26,0.19043989490135194,0.09422166140864051,0.1172202089170018,0.06720110562882921,0.35970952762155695,0.1712076015226196,0.0
2021-12-03,0.19043989490135194,0.09422166140864051,0.1172202089170018,0.06720110562882921,0.35970952762155695,0.1712076015226196,0.0
2021-12-10,0.19043989490135194,0.09422166140864051,0.1172202089170018,0.06720110562882921,0.35970952762155695,0.1712076015226196,0.0
2021-12-17,0.19043989490135194,0.09422166140864051,0.1172202089170018,0.06720110562882921,0.35970952762155695,0.1712076015226196,0.0
2021-12-24,0.19043989490135194,0.09422166140864051,0.1172202089170018,0.06720110562882921,0.35970952762155695,0.1712076015226196,0.0
2021-12-31,0.20316685258035375,0.10270729771942637,0.11333255338823434,0.09911614675508049,0.30486531967005004,0.13292255127064886,0.04388927861620617
2022-01-07,0.20316685258035375,0.10270729771942637,0.11333255338823434,0.09911614675508049,0.30486531967005004,0.13292255127064886,0.04388927861620617
2022-01-14,0.20316685258035375,0.10270729771942637,0.11333255338823434,0.09911614675508049,0.30486531967005004,0.13292255127064886,0.04388927861620617
2022-01-21,0.20316685258035375,0.10270729771942637,0.11333255338823434,0.09911614675508049,0.30486531967005004,0.13292255127064886,0.04388927861620617
2022-01-28,0.18729006863273695,0.08354828885675077,0.09774041320659077,0.07436162542052992,0.2741891743286223,0.10887480471622858,0.1739956248385407
2022-02-04,0.18729006863273695,0.08354828885675077,0.09774041320659077,0.07436162542052992,0.2741891743286223,0.10887480471622858,0.1739956248385407
2022-02-11,0.18729006863273695,0.08354828885675077,0.09774041320659077,0.07436162542052992,0.2741891743286223,0.10887480471622858,0.1739956248385407
2022-02-18,0.18729006863273695,0.08354828885675077,0.09774041320659077,0.07436162542052992,0.2741891743286223,0.10887480471622858,0.1739956248385407
2022-02-25,0.18757464346763178,0.0772757255329797,0.09522311773373926,0.06514419245171466,0.2765827131514497,0.09819960766248492,0.19999999999999996
2022-03-04,0.18757464346763178,0.0772757255329797,0.09522311773373926,0.06514419245171466,0.2765827131514497,0.09819960766248492,0.19999999999999996
2022-03-11,0.18757464346763178,0.0772757255329797,0.09522311773373926,0.06514419245171466,0.2765827131514497,0.09819960766248492,0.19999999999999996
2022-03-18,0.18757464346763178,0.0772757255329797,0.09522311773373926,0.06514419245171466,0.2765827131514497,0.09819960766248492,0.19999999999999996
2022-03-25,0.0928299230676291,0.036724328417653045,0.046912043937642645,0.029965424469745296,0.14556361987166527,0.04800466023566468,0.5999999999999999
2022-04-01,0.0928299230676291,0.036724328417653045,0.046912043937642645,0.029965424469745296,0.14556361987166527,0.04800466023566468,0.5999999999999999
2022-04-08,0.0928299230676291,0.036724328417653045,0.046912043937642645,0.029965424469745296,0.14556361987166527,0.04800466023566468,0.5999999999999999
2022-04-15,0.0928299230676291,0.036724328417653045,0.046912043937642645,0.029965424469745296,0.14556361987166527,0.04800466023566468,0.5999999999999999
2022-04-22,0.0928299230676291,0.036724328417653045,0.046912043937642645,0.029965424469745296,0.14556361987166527,0.04800466023566468,0.5999999999999999
2022-04-29,0.09220368454140043,0.03559839472076372,0.04721428502956333,0.028890190965087936,0.14874293323188786,0.04735051151129676,0.6
2022-05-06,0.09220368454140043,0.03559839472076372,0.04721428502956333,0.028890190965087936,0.14874293323188786,0.04735051151129676,0.6
2022-05-13,0.09220368454140043,0.03559839472076372,0.04721428502956333,0.028890190965087936,0.14874293323188786,0.04735051151129676,0.6
2022-05-20,0.09220368454140043,0.03559839472076372,0.04721428502956333,0.028890190965087936,0.14874293323188786,0.04735051151129676,0.6
2022-05-27,0.07656293806840055,0.03684941086558954,0.04750939872777202,0.03801669876190335,0.15175478441519244,0.04930676916114214,0.6000000000000001
2022-06-03,0.07656293806840055,0.03684941086558954,0.04750939872777202,0.03801669876190335,0.15175478441519244,0.04930676916114214,0.6000000000000001
2022-06-10,0.07656293806840055,0.03684941086558954,0.04750939872777202,0.03801669876190335,0.15175478441519244,0.04930676916114214,0.6000000000000001
2022-06-17,0.07656293806840055,0.03684941086558954,0.04750939872777202,0.03801669876190335,0.15175478441519244,0.04930676916114214,0.6000000000000001
2022-06-24,0.0662417406277093,0.03753716815870374,0.04798952392062414,0.04379330000267732,0.1541599054701924,0.050278361820093126,0.6
2022-07-01,0.0662417406277093,0.03753716815870374,0.04798952392062414,0.04379330000267732,0.1541599054701924,0.050278361820093126,0.6
2022-07-08,0.0662417406277093,0.03753716815870374,0.04798952392062414,0.04379330000267732,0.1541599054701924,0.050278361820093126,0.6
2022-07-15,0.0662417406277093,0.03753716815870374,0.04798952392062414,0.04379330000267732,0.1541599054701924,0.050278361820093126,0.6
2022-07-22,0.0662417406277093,0.03753716815870374,0.04798952392062414,0.04379330000267732,0.1541599054701924,0.050278361820093126,0.6
2022-07-29,0.060293725114772295,0.0378033255066142,0.04838998013756871,0.04689224581612281,0.15721255268985412,0.04940817073506793,0.5999999999999999
2022-08-05,0.060293725114772295,0.0378033255066142,0.04838998013756871,0.04689224581612281,0.15721255268985412,0.04940817073506793,0.5999999999999999
2022-08-12,0.060293725114772295,0.0378033255066142,0.04838998013756871,0.04689224581612281,0.15721255268985412,0.04940817073506793,0.5999999999999999
2022-08-19,0.060293725114772295,0.0378033255066142,0.04838998013756871,0.04689224581612281,0.15721255268985412,0.04940817073506793,0.5999999999999999
2022-08-26,0.056836625111495814,0.0364201874664349,0.04846026957904371,0.03794681583702933,0.1590164620019483,0.061319640004047965,0.6
2022-09-02,0.056836625111495814,0.0364201874664349,0.04846026957904371,0.03794681583702933,0.1590164620019483,0.061319640004047965,0.6
2022-09-09,0.056836625111495814,0.0364201874664349,0.04846026957904371,0.03794681583702933,0.1590164620019483,0.061319640004047965,0.6
2022-09-16,0.056836625111495814,0.0364201874664349,0.04846026957904371,0.03794681583702933,0.1590164620019483,0.061319640004047965,0.6
2022-09-23,0.056836625111495814,0.0364201874664349,0.04846026957904371,0.03794681583702933,0.1590164620019483,0.061319640004047965,0.6
2022-09-30,0.05507781765324681,0.03513306880152436,0.04860085829984841,0.03203900633647028,0.16093306844941957,0.06821618045949061,0.6
2022-10-07,0.05507781765324681,0.03513306880152436,0.04860085829984841,0.03203900633647028,0.16093306844941957,0.06821618045949061,0.6
2022-10-14,0.05507781765324681,0.03513306880152436,0.04860085829984841,0.03203900633647028,0.16093306844941957,0.06821618045949061,0.6
2022-10-21,0.05507781765324681,0.03513306880152436,0.04860085829984841,0.03203900633647028,0.16093306844941957,0.06821618045949061,0.6
2022-10-28,0.05427478955797062,0.03426014901967198,0.048642091792890106,0.028388032448082464,0.1622429722922991,0.07219196488908579,0.5999999999999999
2022-11-04,0.05427478955797062,0.03426014901967198,0.048642091792890106,0.028388032448082464,0.1622429722922991,0.07219196488908579,0.5999999999999999
2022-11-11,0.05427478955797062,0.03426014901967198,0.048642091792890106,0.028388032448082464,0.1622429722922991,0.07219196488908579,0.5999999999999999
2022-11-18,0.05427478955797062,0.03426014901967198,0.048642091792890106,0.028388032448082464,0.1622429722922991,0.07219196488908579,0.5999999999999999
2022-11-25,0.054229911446120896,0.03379686650043411,0.04889493952409782,0.02629594354241402,0.1619810551837145,0.0748012838032187,0.6
2022-12-02,0.054229911446120896,0.03379686650043411,0.04889493952409782,0.02629594354241402,0.1619810551837145,0.0748012838032187,0.6
2022-12-09,0.054229911446120896,0.03379686650043411,0.04889493952409782,0.02629594354241402,0.1619810551837145,0.0748012838032187,0.6
2022-12-16,0.054229911446120896,0.03379686650043411,0.04889493952409782,0.02629594354241402,0.1619810551837145,0.0748012838032187,0.6
2022-12-23,0.054229911446120896,0.03379686650043411,0.04889493952409782,0.02629594354241402,0.1619810551837145,0.0748012838032187,0.6
2022-12-30,0.10848462727932749,0.06688864584436764,0.09831793314983912,0.05016640240520015,0.323722271327924,0.15242011999334162,0.19999999999999996
2023-01-06,0.10848462727932749,0.06688864584436764,0.09831793314983912,0.05016640240520015,0.323722271327924,0.15242011999334162,0.19999999999999996
2023-01-13,0.10848462727932749,0.06688864584436764,0.09831793314983912,0.05016640240520015,0.323722271327924,0.15242011999334162,0.19999999999999996
2023-01-20,0.10848462727932749,0.06688864584436764,0.09831793314983912,0.05016640240520015,0.323722271327924,0.15242011999334162,0.19999999999999996
2023-01-27,0.13583615591044498,0.09730127133229279,0.11185240272948557,0.1163905057112237,0.28552178883971674,0.1370888180105415,0.11600905746629475
2023-02-03,0.13583615591044498,0.09730127133229279,0.11185240272948557,0.1163905057112237,0.28552178883971674,0.1370888180105415,0.11600905746629475
2023-02-10,0.13583615591044498,0.09730127133229279,0.11185240272948557,0.1163905057112237,0.28552178883971674,0.1370888180105415,0.11600905746629475
2023-02-17,0.13583615591044498,0.09730127133229279,0.11185240272948557,0.1163905057112237,0.28552178883971674,0.1370888180105415,0.11600905746629475
2023-02-24,0.12332770808851022,0.0849043871228347,0.10306443033899916,0.08573606873051498,0.2768864996046619,0.13423729475287388,0.1918436113616051
2023-03-03,0.12332770808851022,0.0849043871228347,0.10306443033899916,0.08573606873051498,0.2768864996046619,0.13423729475287388,0.1918436113616051
2023-03-10,0.12332770808851022,0.0849043871228347,0.10306443033899916,0.08573606873051498,0.2768864996046619,0.13423729475287388,0.1918436113616051
2023-03-17,0.12332770808851022,0.0849043871228347,0.10306443033899916,0.08573606873051498,0.2768864996046619,0.13423729475287388,0.1918436113616051
2023-03-24,0.12332770808851022,0.0849043871228347,0.10306443033899916,0.08573606873051498,0.2768864996046619,0.13423729475287388,0.1918436113616051
2023-03-31,0.1413919170312817,0.10624422046145926,0.15420810841885188,0.137317548124044,0.3025928290268144,0.126426385775636,0.03181899116191278
2023-04-07,0.1413919170312817,0.10624422046145926,0.15420810841885188,0.137317548124044,0.3025928290268144,0.126426385775636,0.03181899116191278
2023-04-14,0.1413919170312817,0.10624422046145926,0.15420810841885188,0.137317548124044,0.3025928290268144,0.126426385775636,0.03181899116191278
2023-04-21,0.1413919170312817,0.10624422046145926,0.15420810841885188,0.137317548124044,0.3025928290268144,0.126426385775636,0.03181899116191278
2023-04-28,0.14570584107776044,0.10910436021641165,0.17091590571458432,0.13868300445185006,0.2744694013678631,0.11041992510505087,0.05070156206647969
2023-05-05,0.14570584107776044,0.10910436021641165,0.17091590571458432,0.13868300445185006,0.2744694013678631,0.11041992510505087,0.05070156206647969
2023-05-12,0.14570584107776044,0.10910436021641165,0.17091590571458432,0.13868300445185006,0.2744694013678631,0.11041992510505087,0.05070156206647969
2023-05-19,0.14570584107776044,0.10910436021641165,0.17091590571458432,0.13868300445185006,0.2744694013678631,0.11041992510505087,0.05070156206647969
2023-05-26,0.12845055874728928,0.08122606764288783,0.19875777946556347,0.06975078406499734,0.38034410405623537,0.1414707060230267,0.0
2023-06-02,0.12845055874728928,0.08122606764288783,0.19875777946556347,0.06975078406499734,0.38034410405623537,0.1414707060230267,0.0
2023-06-09,0.12845055874728928,0.08122606764288783,0.19875777946556347,0.06975078406499734,0.38034410405623537,0.1414707060230267,0.0
2023-06-16,0.12845055874728928,0.08122606764288783,0.19875777946556347,0.06975078406499734,0.38034410405623537,0.1414707060230267,0.0
2023-06-23,0.12845055874728928,0.08122606764288783,0.19875777946556347,0.06975078406499734,0.38034410405623537,0.1414707060230267,0.0
2023-06-30,0.1223799952750737,0.07328030959966222,0.2004496438729213,0.05468512909370169,0.40290763642747535,0.14629728573116577,0.0
2023-07-07,0.1223799952750737,0.07328030959966222,0.2004496438729213,0.05468512909370169,0.40290763642747535,0.14629728573116577,0.0
2023-07-14,0.1223799952750737,0.07328030959966222,0.2004496438729213,0.05468512909370169,0.40290763642747535,0.14629728573116577,0.0
2023-07-21,0.1223799952750737,0.07328030959966222,0.2004496438729213,0.05468512909370169,0.40290763642747535,0.14629728573116577,0.0
2023-07-28,0.11928182845623822,0.06983064303355851,0.19903307681735807,0.05118674687345286,0.4154825977079442,0.14518510711144814,0.0
2023-08-04,0.11928182845623822,0.06983064303355851,0.19903307681735807,0.05118674687345286,0.4154825977079442,0.14518510711144814,0.0
2023-08-11,0.11928182845623822,0.06983064303355851,0.19903307681735807,0.05118674687345286,0.4154825977079442,0.14518510711144814,0.0
2023-08-18,0.11928182845623822,0.06983064303355851,0.19903307681735807,0.05118674687345286,0.4154825977079442,0.14518510711144814,0.0
2023-08-25,0.11813908764875466,0.0670010183489251,0.1984482839529903,0.04909193141429639,0.4264058611577092,0.14091381747732434,0.0
2023-09-01,0.11813908764875466,0.0670010183489251,0.1984482839529903,0.04909193141429639,0.4264058611577092,0.14091381747732434,0.0
2023-09-08,0.11813908764875466,0.0670010183489251,0.1984482839529903,0.04909193141429639,0.4264058611577092,0.14091381747732434,0.0
2023-09-15,0.11813908764875466,0.0670010183489251,0.1984482839529903,0.04909193141429639,0.4264058611577092,0.14091381747732434,0.0
2023-09-22,0.11813908764875466,0.0670010183489251,0.1984482839529903,0.04909193141429639,0.4264058611577092,0.14091381747732434,0.0
2023-09-29,0.1095874034895641,0.062311369217842826,0.18468225957724682,0.04588528701451962,0.38966697989460025,0.1312034909585185,0.07666320984770791
2023-10-06,0.1095874034895641,0.062311369217842826,0.18468225957724682,0.04588528701451962,0.38966697989460025,0.1312034909585185,0.07666320984770791
2023-10-13,0.1095874034895641,0.062311369217842826,0.18468225957724682,0.04588528701451962,0.38966697989460025,0.1312034909585185,0.07666320984770791
2023-10-20,0.1095874034895641,0.062311369217842826,0.18468225957724682,0.04588528701451962,0.38966697989460025,0.1312034909585185,0.07666320984770791
2023-10-27,0.09803716934494736,0.05528476563847793,0.1630115517496758,0.040861019812473615,0.32504603931846565,0.11775945413595973,0.19999999999999996
2023-11-03,0.09803716934494736,0.05528476563847793,0.1630115517496758,0.040861019812473615,0.32504603931846565,0.11775945413595973,0.19999999999999996
2023-11-10,0.09803716934494736,0.05528476563847793,0.1630115517496758,0.040861019812473615,0.32504603931846565,0.11775945413595973,0.19999999999999996
2023-11-17,0.09803716934494736,0.05528476563847793,0.1630115517496758,0.040861019812473615,0.32504603931846565,0.11775945413595973,0.19999999999999996
2023-11-24,0.12577109200448353,0.07246708603562058,0.2048101833135492,0.053411537150087986,0.3875213235734071,0.15601877792285163,0.0
2023-12-01,0.12577109200448353,0.07246708603562058,0.2048101833135492,0.053411537150087986,0.3875213235734071,0.15601877792285163,0.0
2023-12-08,0.12577109200448353,0.07246708603562058,0.2048101833135492,0.053411537150087986,0.3875213235734071,0.15601877792285163,0.0
2023-12-15,0.12577109200448353,0.07246708603562058,0.2048101833135492,0.053411537150087986,0.3875213235734071,0.15601877792285163,0.0
2023-12-22,0.12577109200448353,0.07246708603562058,0.2048101833135492,0.053411537150087986,0.3875213235734071,0.15601877792285163,0.0
2023-12-29,0.12440083108684107,0.07390370820795107,0.20225083636251193,0.05435841738553972,0.38857287200778867,0.15651333494936753,0.0
2024-01-05,0.12440083108684107,0.07390370820795107,0.20225083636251193,0.05435841738553972,0.38857287200778867,0.15651333494936753,0.0
2024-01-12,0.12440083108684107,0.07390370820795107,0.20225083636251193,0.05435841738553972,0.38857287200778867,0.15651333494936753,0.0
2024-01-19,0.12440083108684107,0.07390370820795107,0.20225083636251193,0.05435841738553972,0.38857287200778867,0.15651333494936753,0.0
2024-01-26,0.1326769605636493,0.0846948560989556,0.20484833886249496,0.08688495838337595,0.3255859316217677,0.11990354622743805,0.045405408242318535
2024-02-02,0.1326769605636493,0.0846948560989556,0.20484833886249496,0.08688495838337595,0.3255859316217677,0.11990354622743805,0.045405408242318535
2024-02-09,0.1326769605636493,0.0846948560989556,0.20484833886249496,0.08688495838337595,0.3255859316217677,0.11990354622743805,0.045405408242318535
2024-02-16,0.1326769605636493,0.0846948560989556,0.20484833886249496,0.08688495838337595,0.3255859316217677,0.11990354622743805,0.045405408242318535
2024-02-23,0.13636389772551025,0.07337009819074411,0.2473089962806653,0.057890662698322486,0.3724368316599203,0.11262951344483767,0.0
2024-03-01,0.13636389772551025,0.07337009819074411,0.2473089962806653,0.057890662698322486,0.3724368316599203,0.11262951344483767,0.0
2024-03-08,0.13636389772551025,0.07337009819074411,0.2473089962806653,0.057890662698322486,0.3724368316599203,0.11262951344483767,0.0
2024-03-15,0.13636389772551025,0.07337009819074411,0.2473089962806653,0.057890662698322486,0.3724368316599203,0.11262951344483767,0.0
2024-03-22,0.13636389772551025,0.07337009819074411,0.2473089962806653,0.057890662698322486,0.3724368316599203,0.11262951344483767,0.0
2024-03-29,0.13661526630344256,0.07182851126782101,0.254172726508329,0.05155111502501365,0.3742349969847454,0.11159738391064838,0.0
2024-04-05,0.13661526630344256,0.07182851126782101,0.254172726508329,0.05155111502501365,0.3742349969847454,0.11159738391064838,0.0
2024-04-12,0.13661526630344256,0.07182851126782101,0.254172726508329,0.05155111502501365,0.3742349969847454,0.11159738391064838,0.0
2024-04-19,0.13661526630344256,0.07182851126782101,0.254172726508329,0.05155111502501365,0.3742349969847454,0.11159738391064838,0.0
2024-04-26,0.13977225643140673,0.08435925621100566,0.23482231857615968,0.08594577980268911,0.3172338476609845,0.09570353930129316,0.04216300201646117
2024-05-03,0.13977225643140673,0.08435925621100566,0.23482231857615968,0.08594577980268911,0.3172338476609845,0.09570353930129316,0.04216300201646117
2024-05-10,0.13977225643140673,0.08435925621100566,0.23482231857615968,0.08594577980268911,0.3172338476609845,0.09570353930129316,0.04216300201646117
2024-05-17,0.13977225643140673,0.08435925621100566,0.23482231857615968,0.08594577980268911,0.3172338476609845,0.09570353930129316,0.04216300201646117
2024-05-24,0.13977225643140673,0.08435925621100566,0.23482231857615968,0.08594577980268911,0.3172338476609845,0.09570353930129316,0.04216300201646117
2024-05-31,0.13766790228230513,0.07570941081607402,0.2584103253551387,0.05937364842502636,0.3600252848402357,0.10881342828122006,0.0
2024-06-07,0.13766790228230513,0.07570941081607402,0.2584103253551387,0.05937364842502636,0.3600252848402357,0.10881342828122006,0.0
2024-06-14,0.13766790228230513,0.07570941081607402,0.2584103253551387,0.05937364842502636,0.3600252848402357,0.10881342828122006,0.0
2024-06-21,0.13766790228230513,0.07570941081607402,0.2584103253551387,0.05937364842502636,0.3600252848402357,0.10881342828122006,0.0
2024-06-28,0.13784716453294507,0.07456030242481926,0.26211992017247177,0.05438716444052943,0.35943580717168744,0.11164964125754705,0.0
2024-07-05,0.13784716453294507,0.07456030242481926,0.26211992017247177,0.05438716444052943,0.35943580717168744,0.11164964125754705,0.0
2024-07-12,0.13784716453294507,0.07456030242481926,0.26211992017247177,0.05438716444052943,0.35943580717168744,0.11164964125754705,0.0
2024-07-19,0.13784716453294507,0.07456030242481926,0.26211992017247177,0.05438716444052943,0.35943580717168744,0.11164964125754705,0.0
2024-07-26,0.13764834032418294,0.07353723676347132,0.2640351983782139,0.052507807062094236,0.35981309339050044,0.1124583240815372,0.0
2024-08-02,0.13764834032418294,0.07353723676347132,0.2640351983782139,0.052507807062094236,0.35981309339050044,0.1124583240815372,0.0
2024-08-09,0.13764834032418294,0.07353723676347132,0.2640351983782139,0.052507807062094236,0.35981309339050044,0.1124583240815372,0.0
2024-08-16,0.13764834032418294,0.07353723676347132,0.2640351983782139,0.052507807062094236,0.35981309339050044,0.1124583240815372,0.0
2024-08-23,0.13764834032418294,0.07353723676347132,0.2640351983782139,0.052507807062094236,0.35981309339050044,0.1124583240815372,0.0
2024-08-30,0.14005879978012792,0.08970589185391982,0.21538077226736937,0.10559845235143042,0.30630470149996647,0.09737225781277159,0.045579124434414475
2024-09-06,0.14005879978012792,0.08970589185391982,0.21538077226736937,0.10559845235143042,0.30630470149996647,0.09737225781277159,0.045579124434414475
2024-09-13,0.14005879978012792,0.08970589185391982,0.21538077226736937,0.10559845235143042,0.30630470149996647,0.09737225781277159,0.045579124434414475
2024-09-20,0.14005879978012792,0.08970589185391982,0.21538077226736937,0.10559845235143042,0.30630470149996647,0.09737225781277159,0.045579124434414475
2024-09-27,0.14514912672881913,0.10181680606826773,0.19416221379989018,0.1383471831508749,0.2844508657851683,0.09130169162865073,0.04477211283832894
2024-10-04,0.14514912672881913,0.10181680606826773,0.19416221379989018,0.1383471831508749,0.2844508657851683,0.09130169162865073,0.04477211283832894
2024-10-11,0.14514912672881913,0.10181680606826773,0.19416221379989018,0.1383471831508749,0.2844508657851683,0.09130169162865073,0.04477211283832894
2024-10-18,0.14514912672881913,0.10181680606826773,0.19416221379989018,0.1383471831508749,0.2844508657851683,0.09130169162865073,0.04477211283832894
2024-10-25,0.14831739059141036,0.10932142950681092,0.18150670264721144,0.15717040769612595,0.27086863752527873,0.08784655679818382,0.04496887523497883
2024-11-01,0.14831739059141036,0.10932142950681092,0.18150670264721144,0.15717040769612595,0.27086863752527873,0.08784655679818382,0.04496887523497883
2024-11-08,0.14831739059141036,0.10932142950681092,0.18150670264721144,0.15717040769612595,0.27086863752527873,0.08784655679818382,0.04496887523497883
2024-11-15,0.14831739059141036,0.10932142950681092,0.18150670264721144,0.15717040769612595,0.27086863752527873,0.08784655679818382,0.04496887523497883
2024-11-22,0.14831739059141036,0.10932142950681092,0.18150670264721144,0.15717040769612595,0.27086863752527873,0.08784655679818382,0.04496887523497883
2024-11-29,0.15008320629312355,0.11401059699848744,0.17260150551823839,0.16875437386993075,0.2614738947674481,0.08644728861583904,0.04662913393693269
2024-12-06,0.15008320629312355,0.11401059699848744,0.17260150551823839,0.16875437386993075,0.2614738947674481,0.08644728861583904,0.04662913393693269
2024-12-13,0.15008320629312355,0.11401059699848744,0.17260150551823839,0.16875437386993075,0.2614738947674481,0.08644728861583904,0.04662913393693269
2024-12-20,0.15008320629312355,0.11401059699848744,0.17260150551823839,0.16875437386993075,0.2614738947674481,0.08644728861583904,0.04662913393693269
2024-12-27,0.15205179712171765,0.11770022377652929,0.16807141940247572,0.17627804731386426,0.2571709218298269,0.08613219971329589,0.04259539084229025
2025-01-03,0.15205179712171765,0.11770022377652929,0.16807141940247572,0.17627804731386426,0.2571709218298269,0.08613219971329589,0.04259539084229025
2025-01-10,0.15205179712171765,0.11770022377652929,0.16807141940247572,0.17627804731386426,0.2571709218298269,0.08613219971329589,0.04259539084229025
2025-01-17,0.15205179712171765,0.11770022377652929,0.16807141940247572,0.17627804731386426,0.2571709218298269,0.08613219971329589,0.04259539084229025
2025-01-24,0.15205179712171765,0.11770022377652929,0.16807141940247572,0.17627804731386426,0.2571709218298269,0.08613219971329589,0.04259539084229025
2025-01-31,0.15252388688838672,0.11960845048583785,0.16385626096419992,0.1794905054275692,0.2530589732231297,0.08528527551549724,0.04617664749537942
2025-02-07,0.15252388688838672,0.11960845048583785,0.16385626096419992,0.1794905054275692,0.2530589732231297,0.08528527551549724,0.04617664749537942
2025-02-14,0.15252388688838672,0.11960845048583785,0.16385626096419992,0.1794905054275692,0.2530589732231297,0.08528527551549724,0.04617664749537942
2025-02-21,0.15252388688838672,0.11960845048583785,0.16385626096419992,0.1794905054275692,0.2530589732231297,0.08528527551549724,0.04617664749537942
2025-02-28,0.15265447906674587,0.12173487561006546,0.16107523627099343,0.1851047998108348,0.241401699796479,0.08883548357247605,0.04919342587240538
2025-03-07,0.15265447906674587,0.12173487561006546,0.16107523627099343,0.1851047998108348,0.241401699796479,0.08883548357247605,0.04919342587240538
2025-03-14,0.15265447906674587,0.12173487561006546,0.16107523627099343,0.1851047998108348,0.241401699796479,0.08883548357247605,0.04919342587240538
2025-03-21,0.15265447906674587,0.12173487561006546,0.16107523627099343,0.1851047998108348,0.241401699796479,0.08883548357247605,0.04919342587240538
2025-03-28,0.05749918332080339,0.04551915290805186,0.06880738173349772,0.06536012105136856,0.11948603797609576,0.043328123010182754,0.6
2025-04-04,0.05749918332080339,0.04551915290805186,0.06880738173349772,0.06536012105136856,0.11948603797609576,0.043328123010182754,0.6
2025-04-11,0.05749918332080339,0.04551915290805186,0.06880738173349772,0.06536012105136856,0.11948603797609576,0.043328123010182754,0.6
2025-04-18,0.05749918332080339,0.04551915290805186,0.06880738173349772,0.06536012105136856,0.11948603797609576,0.043328123010182754,0.6
2025-04-25,0.05251367309933998,0.0421618284414678,0.0700866955447393,0.05800177061083975,0.13054823752337108,0.04668779478024207,0.6
2025-05-02,0.05251367309933998,0.0421618284414678,0.0700866955447393,0.05800177061083975,0.13054823752337108,0.04668779478024207,0.6
2025-05-09,0.05251367309933998,0.0421618284414678,0.0700866955447393,0.05800177061083975,0.13054823752337108,0.04668779478024207,0.6
2025-05-16,0.05251367309933998,0.0421618284414678,0.0700866955447393,0.05800177061083975,0.13054823752337108,0.04668779478024207,0.6
2025-05-23,0.05251367309933998,0.0421618284414678,0.0700866955447393,0.05800177061083975,0.13054823752337108,0.04668779478024207,0.6
2025-05-30,0.05034447993034903,0.03870619000218235,0.06848738938898154,0.044680670392561066,0.1352828788430996,0.06249839144282641,0.6
2025-06-06,0.05034447993034903,0.03870619000218235,0.06848738938898154,0.044680670392561066,0.1352828788430996,0.06249839144282641,0.6
2025-06-13,0.05034447993034903,0.03870619000218235,0.06848738938898154,0.044680670392561066,0.1352828788430996,0.06249839144282641,0.6
2025-06-20,0.05034447993034903,0.03870619000218235,0.06848738938898154,0.044680670392561066,0.1352828788430996,0.06249839144282641,0.6
2025-06-27,0.11572539572576335,0.09874242674326543,0.18912641037807032,0.1407728906354021,0.29690535779633415,0.12661039496750973,0.03211712375365505
2025-07-04,0.11572539572576335,0.09874242674326543,0.18912641037807032,0.1407728906354021,0.29690535779633415,0.12661039496750973,0.03211712375365505
2025-07-11,0.11572539572576335,0.09874242674326543,0.18912641037807032,0.1407728906354021,0.29690535779633415,0.12661039496750973,0.03211712375365505
2025-07-18,0.11572539572576335,0.09874242674326543,0.18912641037807032,0.1407728906354021,0.29690535779633415,0.12661039496750973,0.03211712375365505
2025-07-25,0.038237537392771206,0.17061191434190703,0.12076161240700962,0.2859280256394167,0.22295182326096552,0.09892678878664357,0.06258229817128624
2025-08-01,0.038237537392771206,0.17061191434190703,0.12076161240700962,0.2859280256394167,0.22295182326096552,0.09892678878664357,0.06258229817128624
2025-08-08,0.038237537392771206,0.17061191434190703,0.12076161240700962,0.2859280256394167,0.22295182326096552,0.09892678878664357,0.06258229817128624
2025-08-15,0.038237537392771206,0.17061191434190703,0.12076161240700962,0.2859280256394167,0.22295182326096552,0.09892678878664357,0.06258229817128624
2025-08-22,0.038237537392771206,0.17061191434190703,0.12076161240700962,0.2859280256394167,0.22295182326096552,0.09892678878664357,0.06258229817128624
2025-08-29,0.0923389111316644,0.10161128785041594,0.1878471815912048,0.10965819723480716,0.2943135198071555,0.21423090238475223,0.0
2025-09-05,0.0923389111316644,0.10161128785041594,0.1878471815912048,0.10965819723480716,0.2943135198071555,0.21423090238475223,0.0
2025-09-12,0.0923389111316644,0.10161128785041594,0.1878471815912048,0.10965819723480716,0.2943135198071555,0.21423090238475223,0.0
2025-09-19,0.0923389111316644,0.10161128785041594,0.1878471815912048,0.10965819723480716,0.2943135198071555,0.21423090238475223,0.0
2025-09-26,0.03306230822790676,0.17612916709913842,0.10975451784522536,0.283381584049356,0.2102386848398512,0.12539302068626598,0.06204071725225624
2025-10-03,0.03306230822790676,0.17612916709913842,0.10975451784522536,0.283381584049356,0.2102386848398512,0.12539302068626598,0.06204071725225624
2025-10-10,0.03306230822790676,0.17612916709913842,0.10975451784522536,0.283381584049356,0.2102386848398512,0.12539302068626598,0.06204071725225624
2025-10-17,0.03306230822790676,0.17612916709913842,0.10975451784522536,0.283381584049356,0.2102386848398512,0.12539302068626598,0.06204071725225624
2025-10-24,0.03306230822790676,0.17612916709913842,0.10975451784522536,0.283381584049356,0.2102386848398512,0.12539302068626598,0.06204071725225624
2025-10-31,0.07169312717779401,0.15534729279635917,0.15203769376809217,0.2334127593356752,0.2033254691786767,0.13343130486918978,0.05075235287421298
2025-11-07,0.07169312717779401,0.15534729279635917,0.15203769376809217,0.2334127593356752,0.2033254691786767,0.13343130486918978,0.05075235287421298
2025-11-14,0.07169312717779401,0.15534729279635917,0.15203769376809217,0.2334127593356752,0.2033254691786767,0.13343130486918978,0.05075235287421298
2025-11-21,0.07169312717779401,0.15534729279635917,0.15203769376809217,0.2334127593356752,0.2033254691786767,0.13343130486918978,0.05075235287421298
2025-11-28,0.09394075949865323,0.1412642487980691,0.17782662068764674,0.20145520319001187,0.19858912246292348,0.13655023682139433,0.050373808541301246
2025-12-05,0.09394075949865323,0.1412642487980691,0.17782662068764674,0.20145520319001187,0.19858912246292348,0.13655023682139433,0.050373808541301246
2025-12-12,0.09394075949865323,0.1412642487980691,0.17782662068764674,0.20145520319001187,0.19858912246292348,0.13655023682139433,0.050373808541301246
2025-12-19,0.09394075949865323,0.1412642487980691,0.17782662068764674,0.20145520319001187,0.19858912246292348,0.13655023682139433,0.050373808541301246
2025-12-26,0.10708057056769751,0.13259752938830557,0.19375220004907046,0.18323168068721052,0.1949763751053972,0.13973312348573916,0.048628520716579526
2026-01-02,0.10708057056769751,0.13259752938830557,0.19375220004907046,0.18323168068721052,0.1949763751053972,0.13973312348573916,0.048628520716579526
2026-01-09,0.10708057056769751,0.13259752938830557,0.19375220004907046,0.18323168068721052,0.1949763751053972,0.13973312348573916,0.048628520716579526
2026-01-16,0.10708057056769751,0.13259752938830557,0.19375220004907046,0.18323168068721052,0.1949763751053972,0.13973312348573916,0.048628520716579526
2026-01-23,0.10708057056769751,0.13259752938830557,0.19375220004907046,0.18323168068721052,0.1949763751053972,0.13973312348573916,0.048628520716579526
2026-01-30,0.11314110262170694,0.12778816164793244,0.20461595145082803,0.1761687516196041,0.1871829510315799,0.14265650293757273,0.04844657869077584
2026-02-06,0.11314110262170694,0.12778816164793244,0.20461595145082803,0.1761687516196041,0.1871829510315799,0.14265650293757273,0.04844657869077584
2026-02-13,0.11314110262170694,0.12778816164793244,0.20461595145082803,0.1761687516196041,0.1871829510315799,0.14265650293757273,0.04844657869077584
2026-02-20,0.11314110262170694,0.12778816164793244,0.20461595145082803,0.1761687516196041,0.1871829510315799,0.14265650293757273,0.04844657869077584
2026-02-27,0.11505518854262795,0.12408361249350063,0.21387832500663487,0.1706779831427628,0.1805582935163779,0.14594667074773,0.049799926550365914
2026-03-06,0.11505518854262795,0.12408361249350063,0.21387832500663487,0.1706779831427628,0.1805582935163779,0.14594667074773,0.049799926550365914
2026-03-13,0.11505518854262795,0.12408361249350063,0.21387832500663487,0.1706779831427628,0.1805582935163779,0.14594667074773,0.049799926550365914
2026-03-20,0.11505518854262795,0.12408361249350063,0.21387832500663487,0.1706779831427628,0.1805582935163779,0.14594667074773,0.049799926550365914
2026-03-27,0.08128903776357942,0.08695884786310176,0.1813987275360177,0.10765712469998066,0.1885636226015113,0.15413263953580925,0.19999999999999984
2026-04-03,0.08128903776357942,0.08695884786310176,0.1813987275360177,0.10765712469998066,0.1885636226015113,0.15413263953580925,0.19999999999999984
2026-04-10,0.03482480337262646,0.17432219060973042,0.12348298602167597,0.2846283219680224,0.19835875388095153,0.12227840678883561,0.062104537358157685
