,dual_momentum_topn,cta_trend_long_only,composite_selective_signals,composite_regime_conditioned,taa_10m_sma,sector_rotation_with_sma_filter,cash::BIL
2005-01-07,0.0,0.0,0.0,0.0,0.0,0.0,1.0
2005-01-14,0.0,0.0,0.0,0.0,0.0,0.0,1.0
2005-01-21,0.0,0.0,0.0,0.0,0.0,0.0,1.0
2005-01-28,0.0,0.0,0.0,0.0,0.0,0.0,1.0
2005-02-04,0.0,0.0,0.0,0.0,0.0,0.0,1.0
2005-02-11,0.0,0.0,0.0,0.0,0.0,0.0,1.0
2005-02-18,0.0,0.0,0.0,0.0,0.0,0.0,1.0
2005-02-25,0.0,0.0,0.0,0.0,0.0,0.0,1.0
2005-03-04,0.0,0.0,0.0,0.0,0.0,0.0,1.0
2005-03-11,0.0,0.0,0.0,0.0,0.0,0.0,1.0
2005-03-18,0.0,0.0,0.0,0.0,0.0,0.0,1.0
2005-03-25,0.0,0.0,0.0,0.0,0.0,0.0,1.0
2005-04-01,0.0,0.0,0.0,0.0,0.0,0.0,1.0
2005-04-08,0.0,0.0,0.0,0.0,0.0,0.0,1.0
2005-04-15,0.0,0.0,0.0,0.0,0.0,0.0,1.0
2005-04-22,0.0,0.0,0.0,0.0,0.0,0.0,1.0
2005-04-29,0.0,0.0,0.0,0.0,0.0,0.0,1.0
2005-05-06,0.0,0.0,0.0,0.0,0.0,0.0,1.0
2005-05-13,0.0,0.0,0.0,0.0,0.0,0.0,1.0
2005-05-20,0.0,0.0,0.0,0.0,0.0,0.0,1.0
2005-05-27,0.0,0.0,0.0,0.0,0.0,0.0,1.0
2005-06-03,0.0,0.0,0.0,0.0,0.0,0.0,1.0
2005-06-10,0.0,0.0,0.0,0.0,0.0,0.0,1.0
2005-06-17,0.0,0.0,0.0,0.0,0.0,0.0,1.0
2005-06-24,0.0,0.0,0.0,0.0,0.0,0.0,1.0
2005-07-01,0.0,0.0,0.0,0.0,0.0,0.0,1.0
2005-07-08,0.0,0.0,0.0,0.0,0.0,0.0,1.0
2005-07-15,0.0,0.0,0.0,0.0,0.0,0.0,1.0
2005-07-22,0.0,0.0,0.0,0.0,0.0,0.0,1.0
2005-07-29,0.0,0.0,0.0,0.0,0.0,0.0,1.0
2005-08-05,0.0,0.0,0.0,0.0,0.0,0.0,1.0
2005-08-12,0.0,0.0,0.0,0.0,0.0,0.0,1.0
2005-08-19,0.0,0.0,0.0,0.0,0.0,0.0,1.0
2005-08-26,0.0,0.0,0.0,0.0,0.0,0.0,1.0
2005-09-02,0.0,0.0,0.0,0.0,0.0,0.0,1.0
2005-09-09,0.0,0.0,0.0,0.0,0.0,0.0,1.0
2005-09-16,0.0,0.0,0.0,0.0,0.0,0.0,1.0
2005-09-23,0.0,0.0,0.0,0.0,0.0,0.0,1.0
2005-09-30,0.0,0.0,0.0,0.0,0.0,0.0,1.0
2005-10-07,0.0,0.0,0.0,0.0,0.0,0.0,1.0
2005-10-14,0.0,0.0,0.0,0.0,0.0,0.0,1.0
2005-10-21,0.0,0.0,0.0,0.0,0.0,0.0,1.0
2005-10-28,0.0,0.0,0.0,0.0,0.0,0.0,1.0
2005-11-04,0.0,0.0,0.0,0.0,0.0,0.0,1.0
2005-11-11,0.0,0.0,0.0,0.0,0.0,0.0,1.0
2005-11-18,0.0,0.0,0.0,0.0,0.0,0.0,1.0
2005-11-25,0.0,0.0,0.0,0.0,0.0,0.0,1.0
2005-12-02,0.0,0.0,0.0,0.0,0.0,0.0,1.0
2005-12-09,0.0,0.0,0.0,0.0,0.0,0.0,1.0
2005-12-16,0.0,0.0,0.0,0.0,0.0,0.0,1.0
2005-12-23,0.0,0.0,0.0,0.0,0.0,0.0,1.0
2005-12-30,0.0,0.0,0.0,0.0,0.0,0.0,1.0
2006-01-06,0.0,0.0,0.0,0.0,0.0,0.0,1.0
2006-01-13,0.0,0.0,0.0,0.0,0.0,0.0,1.0
2006-01-20,0.0,0.0,0.0,0.0,0.0,0.0,1.0
2006-01-27,0.0,0.0,0.0,0.0,0.0,0.0,1.0
2006-02-03,0.0,0.0,0.0,0.0,0.0,0.0,1.0
2006-02-10,0.0,0.0,0.0,0.0,0.0,0.0,1.0
2006-02-17,0.0,0.0,0.0,0.0,0.0,0.0,1.0
2006-02-24,0.0,0.0,0.0,0.0,0.0,0.0,1.0
2006-03-03,0.0,0.0,0.0,0.0,0.0,0.0,1.0
2006-03-10,0.0,0.0,0.0,0.0,0.0,0.0,1.0
2006-03-17,0.0,0.0,0.0,0.0,0.0,0.0,1.0
2006-03-24,0.0,0.0,0.0,0.0,0.0,0.0,1.0
2006-03-31,0.0,0.0,0.0,0.0,0.0,0.0,1.0
2006-04-07,0.0,0.0,0.0,0.0,0.0,0.0,1.0
2006-04-14,0.0,0.0,0.0,0.0,0.0,0.0,1.0
2006-04-21,0.0,0.0,0.0,0.0,0.0,0.0,1.0
2006-04-28,0.0,0.0,0.0,0.0,0.0,0.0,1.0
2006-05-05,0.0,0.0,0.0,0.0,0.0,0.0,1.0
2006-05-12,0.0,0.0,0.0,0.0,0.0,0.0,1.0
2006-05-19,0.0,0.0,0.0,0.0,0.0,0.0,1.0
2006-05-26,0.0,0.0,0.0,0.0,0.0,0.0,1.0
2006-06-02,0.0,0.0,0.0,0.0,0.0,0.0,1.0
2006-06-09,0.0,0.0,0.0,0.0,0.0,0.0,1.0
2006-06-16,0.0,0.0,0.0,0.0,0.0,0.0,1.0
2006-06-23,0.0,0.0,0.0,0.0,0.0,0.0,1.0
2006-06-30,0.16849411452251933,0.0,0.18076765630861802,0.1916184358046829,0.1631197933641798,0.096,0.19999999999999996
2006-07-07,0.16849411452251933,0.0,0.18076765630861802,0.1916184358046829,0.1631197933641798,0.096,0.19999999999999996
2006-07-14,0.16849411452251933,0.0,0.18076765630861802,0.1916184358046829,0.1631197933641798,0.096,0.19999999999999996
2006-07-21,0.16849411452251933,0.0,0.18076765630861802,0.1916184358046829,0.1631197933641798,0.096,0.19999999999999996
2006-07-28,0.12409378599559179,0.14400000000000002,0.15989393715650135,0.1766988049887891,0.13771347185911784,0.0576,0.19999999999999996
2006-08-04,0.12409378599559179,0.14400000000000002,0.15989393715650135,0.1766988049887891,0.13771347185911784,0.0576,0.19999999999999996
2006-08-11,0.12409378599559179,0.14400000000000002,0.15989393715650135,0.1766988049887891,0.13771347185911784,0.0576,0.19999999999999996
2006-08-18,0.12409378599559179,0.14400000000000002,0.15989393715650135,0.1766988049887891,0.13771347185911784,0.0576,0.19999999999999996
2006-08-25,0.09874176968807992,0.23040000000000005,0.1468867907938857,0.16608057581440994,0.12333086370362452,0.03456,0.19999999999999984
2006-09-01,0.09874176968807992,0.23040000000000005,0.1468867907938857,0.16608057581440994,0.12333086370362452,0.03456,0.19999999999999984
2006-09-08,0.09874176968807992,0.23040000000000005,0.1468867907938857,0.16608057581440994,0.12333086370362452,0.03456,0.19999999999999984
2006-09-15,0.09874176968807992,0.23040000000000005,0.1468867907938857,0.16608057581440994,0.12333086370362452,0.03456,0.19999999999999984
2006-09-22,0.09874176968807992,0.23040000000000005,0.1468867907938857,0.16608057581440994,0.12333086370362452,0.03456,0.19999999999999984
2006-09-29,0.08442440519615749,0.28224,0.13933778679021638,0.15746144606863563,0.11580036194499051,0.020735999999999997,0.19999999999999996
2006-10-06,0.08442440519615749,0.28224,0.13933778679021638,0.15746144606863563,0.11580036194499051,0.020735999999999997,0.19999999999999996
2006-10-13,0.08442440519615749,0.28224,0.13933778679021638,0.15746144606863563,0.11580036194499051,0.020735999999999997,0.19999999999999996
2006-10-20,0.08442440519615749,0.28224,0.13933778679021638,0.15746144606863563,0.11580036194499051,0.020735999999999997,0.19999999999999996
2006-10-27,0.08622700599067294,0.37640448,0.17328873874330886,0.17420206888195222,0.13264713221113816,0.014805503999999999,0.04242507017292774
2006-11-03,0.08622700599067294,0.37640448,0.17328873874330886,0.17420206888195222,0.13264713221113816,0.014805503999999999,0.04242507017292774
2006-11-10,0.08622700599067294,0.37640448,0.17328873874330886,0.17420206888195222,0.13264713221113816,0.014805503999999999,0.04242507017292774
2006-11-17,0.08622700599067294,0.37640448,0.17328873874330886,0.17420206888195222,0.13264713221113816,0.014805503999999999,0.04242507017292774
2006-11-24,0.040355578460893236,0.45,0.22219607070257744,0.23596963188063544,0.05147871895589394,0.0,0.0
2006-12-01,0.040355578460893236,0.45,0.22219607070257744,0.23596963188063544,0.05147871895589394,0.0,0.0
2006-12-08,0.040355578460893236,0.45,0.22219607070257744,0.23596963188063544,0.05147871895589394,0.0,0.0
2006-12-15,0.040355578460893236,0.45,0.22219607070257744,0.23596963188063544,0.05147871895589394,0.0,0.0
2006-12-22,0.040355578460893236,0.45,0.22219607070257744,0.23596963188063544,0.05147871895589394,0.0,0.0
2006-12-29,0.0473934239788857,0.4297471818311635,0.2321888539571473,0.22852689793721154,0.062143642295592,0.0,0.0
2007-01-05,0.0473934239788857,0.4297471818311635,0.2321888539571473,0.22852689793721154,0.062143642295592,0.0,0.0
2007-01-12,0.0473934239788857,0.4297471818311635,0.2321888539571473,0.22852689793721154,0.062143642295592,0.0,0.0
2007-01-19,0.0473934239788857,0.4297471818311635,0.2321888539571473,0.22852689793721154,0.062143642295592,0.0,0.0
2007-01-26,0.060843838321234744,0.4497211387860577,0.21835917268051802,0.20563242780937552,0.06544342240281394,0.0,0.0
2007-02-02,0.060843838321234744,0.4497211387860577,0.21835917268051802,0.20563242780937552,0.06544342240281394,0.0,0.0
2007-02-09,0.060843838321234744,0.4497211387860577,0.21835917268051802,0.20563242780937552,0.06544342240281394,0.0,0.0
2007-02-16,0.060843838321234744,0.4497211387860577,0.21835917268051802,0.20563242780937552,0.06544342240281394,0.0,0.0
2007-02-23,0.0525801698323713,0.33714217456850226,0.2843865371128082,0.26059774809373387,0.06529337039258437,0.0,0.0
2007-03-02,0.0525801698323713,0.33714217456850226,0.2843865371128082,0.26059774809373387,0.06529337039258437,0.0,0.0
2007-03-09,0.0525801698323713,0.33714217456850226,0.2843865371128082,0.26059774809373387,0.06529337039258437,0.0,0.0
2007-03-16,0.0525801698323713,0.33714217456850226,0.2843865371128082,0.26059774809373387,0.06529337039258437,0.0,0.0
2007-03-23,0.0525801698323713,0.33714217456850226,0.2843865371128082,0.26059774809373387,0.06529337039258437,0.0,0.0
2007-03-30,0.04739041278209101,0.2924048097362675,0.2819083563597837,0.2709754618855675,0.06309411641674399,0.0,0.04422684281954625
2007-04-06,0.04739041278209101,0.2924048097362675,0.2819083563597837,0.2709754618855675,0.06309411641674399,0.0,0.04422684281954625
2007-04-13,0.04739041278209101,0.2924048097362675,0.2819083563597837,0.2709754618855675,0.06309411641674399,0.0,0.04422684281954625
2007-04-20,0.04739041278209101,0.2924048097362675,0.2819083563597837,0.2709754618855675,0.06309411641674399,0.0,0.04422684281954625
2007-04-27,0.043906968486151866,0.2838310198950859,0.2922792026908268,0.2682352673986247,0.06744856019443152,0.0,0.044298981334879084
2007-05-04,0.043906968486151866,0.2838310198950859,0.2922792026908268,0.2682352673986247,0.06744856019443152,0.0,0.044298981334879084
2007-05-11,0.043906968486151866,0.2838310198950859,0.2922792026908268,0.2682352673986247,0.06744856019443152,0.0,0.044298981334879084
2007-05-18,0.043906968486151866,0.2838310198950859,0.2922792026908268,0.2682352673986247,0.06744856019443152,0.0,0.044298981334879084
2007-05-25,0.04519035703255271,0.2967056282167417,0.28341632007315365,0.2599841912630938,0.07056631370644724,0.0,0.04413718970801084
2007-06-01,0.04519035703255271,0.2967056282167417,0.28341632007315365,0.2599841912630938,0.07056631370644724,0.0,0.04413718970801084
2007-06-08,0.04519035703255271,0.2967056282167417,0.28341632007315365,0.2599841912630938,0.07056631370644724,0.0,0.04413718970801084
2007-06-15,0.04519035703255271,0.2967056282167417,0.28341632007315365,0.2599841912630938,0.07056631370644724,0.0,0.04413718970801084
2007-06-22,0.04519035703255271,0.2967056282167417,0.28341632007315365,0.2599841912630938,0.07056631370644724,0.0,0.04413718970801084
2007-06-29,0.047597426003644354,0.26768081745275757,0.2882439063422406,0.2719088476868919,0.0802734407641903,0.0,0.04429556175027538
2007-07-06,0.047597426003644354,0.26768081745275757,0.2882439063422406,0.2719088476868919,0.0802734407641903,0.0,0.04429556175027538
2007-07-13,0.047597426003644354,0.26768081745275757,0.2882439063422406,0.2719088476868919,0.0802734407641903,0.0,0.04429556175027538
2007-07-20,0.047597426003644354,0.26768081745275757,0.2882439063422406,0.2719088476868919,0.0802734407641903,0.0,0.04429556175027538
2007-07-27,0.05132467530422852,0.18883878702890144,0.22372957671114815,0.22534847557407361,0.11075848538164834,0.0,0.19999999999999996
2007-08-03,0.05132467530422852,0.18883878702890144,0.22372957671114815,0.22534847557407361,0.11075848538164834,0.0,0.19999999999999996
2007-08-10,0.05132467530422852,0.18883878702890144,0.22372957671114815,0.22534847557407361,0.11075848538164834,0.0,0.19999999999999996
2007-08-17,0.05132467530422852,0.18883878702890144,0.22372957671114815,0.22534847557407361,0.11075848538164834,0.0,0.19999999999999996
2007-08-24,0.05132467530422852,0.18883878702890144,0.22372957671114815,0.22534847557407361,0.11075848538164834,0.0,0.19999999999999996
2007-08-31,0.027667541397704543,0.07927267690010142,0.1047668315647417,0.11844361905793109,0.06984933107952128,0.0,0.5999999999999999
2007-09-07,0.027667541397704543,0.07927267690010142,0.1047668315647417,0.11844361905793109,0.06984933107952128,0.0,0.5999999999999999
2007-09-14,0.027667541397704543,0.07927267690010142,0.1047668315647417,0.11844361905793109,0.06984933107952128,0.0,0.5999999999999999
2007-09-21,0.027667541397704543,0.07927267690010142,0.1047668315647417,0.11844361905793109,0.06984933107952128,0.0,0.5999999999999999
2007-09-28,0.06717972750055688,0.14789820465238823,0.2230210443322967,0.2350601552613048,0.1763143139722554,0.12093759481174328,0.029588959469454723
2007-10-05,0.06717972750055688,0.14789820465238823,0.2230210443322967,0.2350601552613048,0.1763143139722554,0.12093759481174328,0.029588959469454723
2007-10-12,0.06717972750055688,0.14789820465238823,0.2230210443322967,0.2350601552613048,0.1763143139722554,0.12093759481174328,0.029588959469454723
2007-10-19,0.06717972750055688,0.14789820465238823,0.2230210443322967,0.2350601552613048,0.1763143139722554,0.12093759481174328,0.029588959469454723
2007-10-26,0.027501737329512294,0.05632192078904627,0.09445319132874906,0.1116995764476168,0.08011354470253525,0.029910029402540353,0.6
2007-11-02,0.027501737329512294,0.05632192078904627,0.09445319132874906,0.1116995764476168,0.08011354470253525,0.029910029402540353,0.6
2007-11-09,0.027501737329512294,0.05632192078904627,0.09445319132874906,0.1116995764476168,0.08011354470253525,0.029910029402540353,0.6
2007-11-16,0.027501737329512294,0.05632192078904627,0.09445319132874906,0.1116995764476168,0.08011354470253525,0.029910029402540353,0.6
2007-11-23,0.027501737329512294,0.05632192078904627,0.09445319132874906,0.1116995764476168,0.08011354470253525,0.029910029402540353,0.6
2007-11-30,0.0258999105171477,0.06483300076500752,0.0996780098050717,0.12693221574261654,0.06471084552863234,0.01794601764152421,0.6000000000000001
2007-12-07,0.0258999105171477,0.06483300076500752,0.0996780098050717,0.12693221574261654,0.06471084552863234,0.01794601764152421,0.6000000000000001
2007-12-14,0.0258999105171477,0.06483300076500752,0.0996780098050717,0.12693221574261654,0.06471084552863234,0.01794601764152421,0.6000000000000001
2007-12-21,0.0258999105171477,0.06483300076500752,0.0996780098050717,0.12693221574261654,0.06471084552863234,0.01794601764152421,0.6000000000000001
2007-12-28,0.05088559198917322,0.14274852193838267,0.21220017236988414,0.2644930865038229,0.10813740602890798,0.021535221169829047,0.20000000000000007
2008-01-04,0.05088559198917322,0.14274852193838267,0.21220017236988414,0.2644930865038229,0.10813740602890798,0.021535221169829047,0.20000000000000007
2008-01-11,0.05088559198917322,0.14274852193838267,0.21220017236988414,0.2644930865038229,0.10813740602890798,0.021535221169829047,0.20000000000000007
2008-01-18,0.05088559198917322,0.14274852193838267,0.21220017236988414,0.2644930865038229,0.10813740602890798,0.021535221169829047,0.20000000000000007
2008-01-25,0.024104141337999957,0.0722618195194828,0.10729069070750963,0.1415573044386475,0.04832547764541145,0.006460566350948715,0.5999999999999999
2008-02-01,0.024104141337999957,0.0722618195194828,0.10729069070750963,0.1415573044386475,0.04832547764541145,0.006460566350948715,0.5999999999999999
2008-02-08,0.024104141337999957,0.0722618195194828,0.10729069070750963,0.1415573044386475,0.04832547764541145,0.006460566350948715,0.5999999999999999
2008-02-15,0.024104141337999957,0.0722618195194828,0.10729069070750963,0.1415573044386475,0.04832547764541145,0.006460566350948715,0.5999999999999999
2008-02-22,0.024104141337999957,0.0722618195194828,0.10729069070750963,0.1415573044386475,0.04832547764541145,0.006460566350948715,0.5999999999999999
2008-02-29,0.023121077861406963,0.0723310835580814,0.10753760662400556,0.14842736125791367,0.04470653088802319,0.003876339810569229,0.6
2008-03-07,0.023121077861406963,0.0723310835580814,0.10753760662400556,0.14842736125791367,0.04470653088802319,0.003876339810569229,0.6
2008-03-14,0.023121077861406963,0.0723310835580814,0.10753760662400556,0.14842736125791367,0.04470653088802319,0.003876339810569229,0.6
2008-03-21,0.023121077861406963,0.0723310835580814,0.10753760662400556,0.14842736125791367,0.04470653088802319,0.003876339810569229,0.6
2008-03-28,0.02243830403348489,0.07211133031989904,0.10706449158982917,0.1539063042709743,0.04215376589947111,0.0023258038863415375,0.6
2008-04-04,0.02243830403348489,0.07211133031989904,0.10706449158982917,0.1539063042709743,0.04215376589947111,0.0023258038863415375,0.6
2008-04-11,0.02243830403348489,0.07211133031989904,0.10706449158982917,0.1539063042709743,0.04215376589947111,0.0023258038863415375,0.6
2008-04-18,0.02243830403348489,0.07211133031989904,0.10706449158982917,0.1539063042709743,0.04215376589947111,0.0023258038863415375,0.6
2008-04-25,0.022105519651139865,0.07172975182697489,0.10682743076225412,0.1575837438672204,0.04035807156060576,0.001395482331804922,0.6000000000000001
2008-05-02,0.022105519651139865,0.07172975182697489,0.10682743076225412,0.1575837438672204,0.04035807156060576,0.001395482331804922,0.6000000000000001
2008-05-09,0.022105519651139865,0.07172975182697489,0.10682743076225412,0.1575837438672204,0.04035807156060576,0.001395482331804922,0.6000000000000001
2008-05-16,0.022105519651139865,0.07172975182697489,0.10682743076225412,0.1575837438672204,0.04035807156060576,0.001395482331804922,0.6000000000000001
2008-05-23,0.022105519651139865,0.07172975182697489,0.10682743076225412,0.1575837438672204,0.04035807156060576,0.001395482331804922,0.6000000000000001
2008-05-30,0.04540322075460401,0.148002178691401,0.22110175552004538,0.30686884593549696,0.0769494203002869,0.001674578798165907,0.19999999999999984
2008-06-06,0.04540322075460401,0.148002178691401,0.22110175552004538,0.30686884593549696,0.0769494203002869,0.001674578798165907,0.19999999999999984
2008-06-13,0.04540322075460401,0.148002178691401,0.22110175552004538,0.30686884593549696,0.0769494203002869,0.001674578798165907,0.19999999999999984
2008-06-20,0.04540322075460401,0.148002178691401,0.22110175552004538,0.30686884593549696,0.0769494203002869,0.001674578798165907,0.19999999999999984
2008-06-27,0.046107492335865446,0.1500016013035734,0.22521782660725514,0.3028130242926146,0.07485530818179197,0.0010047472788995441,0.19999999999999984
2008-07-04,0.046107492335865446,0.1500016013035734,0.22521782660725514,0.3028130242926146,0.07485530818179197,0.0010047472788995441,0.19999999999999984
2008-07-11,0.046107492335865446,0.1500016013035734,0.22521782660725514,0.3028130242926146,0.07485530818179197,0.0010047472788995441,0.19999999999999984
2008-07-18,0.046107492335865446,0.1500016013035734,0.22521782660725514,0.3028130242926146,0.07485530818179197,0.0010047472788995441,0.19999999999999984
2008-07-25,0.045428419716781424,0.14475592109852084,0.22224574407280087,0.3126465916255051,0.07432047511905208,0.0006028483673397266,0.19999999999999996
2008-08-01,0.045428419716781424,0.14475592109852084,0.22224574407280087,0.3126465916255051,0.07432047511905208,0.0006028483673397266,0.19999999999999996
2008-08-08,0.045428419716781424,0.14475592109852084,0.22224574407280087,0.3126465916255051,0.07432047511905208,0.0006028483673397266,0.19999999999999996
2008-08-15,0.045428419716781424,0.14475592109852084,0.22224574407280087,0.3126465916255051,0.07432047511905208,0.0006028483673397266,0.19999999999999996
2008-08-22,0.045428419716781424,0.14475592109852084,0.22224574407280087,0.3126465916255051,0.07432047511905208,0.0006028483673397266,0.19999999999999996
2008-08-29,0.047151101551334125,0.14446874101077084,0.2299796684799834,0.3102887920551008,0.06774998788240703,0.00036170902040383594,0.19999999999999984
2008-09-05,0.047151101551334125,0.14446874101077084,0.2299796684799834,0.3102887920551008,0.06774998788240703,0.00036170902040383594,0.19999999999999984
2008-09-12,0.047151101551334125,0.14446874101077084,0.2299796684799834,0.3102887920551008,0.06774998788240703,0.00036170902040383594,0.19999999999999984
2008-09-19,0.047151101551334125,0.14446874101077084,0.2299796684799834,0.3102887920551008,0.06774998788240703,0.00036170902040383594,0.19999999999999984
2008-09-26,0.023607583467725166,0.07008192870181484,0.11405335450654713,0.1594387964391864,0.032709824178605344,0.00010851270612115079,0.5999999999999999
2008-10-03,0.023607583467725166,0.07008192870181484,0.11405335450654713,0.1594387964391864,0.032709824178605344,0.00010851270612115079,0.5999999999999999
2008-10-10,0.023607583467725166,0.07008192870181484,0.11405335450654713,0.1594387964391864,0.032709824178605344,0.00010851270612115079,0.5999999999999999
2008-10-17,0.023607583467725166,0.07008192870181484,0.11405335450654713,0.1594387964391864,0.032709824178605344,0.00010851270612115079,0.5999999999999999
2008-10-24,0.023607583467725166,0.07008192870181484,0.11405335450654713,0.1594387964391864,0.032709824178605344,0.00010851270612115079,0.5999999999999999
2008-10-31,0.025556062591165593,0.058718681683478324,0.1092496283734584,0.1660403172246536,0.04037020250357142,6.510762367269046e-05,0.6
2008-11-07,0.025556062591165593,0.058718681683478324,0.1092496283734584,0.1660403172246536,0.04037020250357142,6.510762367269046e-05,0.6
2008-11-14,0.025556062591165593,0.058718681683478324,0.1092496283734584,0.1660403172246536,0.04037020250357142,6.510762367269046e-05,0.6
2008-11-21,0.025556062591165593,0.058718681683478324,0.1092496283734584,0.1660403172246536,0.04037020250357142,6.510762367269046e-05,0.6
2008-11-28,0.026435827353095943,0.05118596499437938,0.107571063277145,0.17162419033479215,0.04314388946638396,3.9064574203614273e-05,0.6
2008-12-05,0.026435827353095943,0.05118596499437938,0.107571063277145,0.17162419033479215,0.04314388946638396,3.9064574203614273e-05,0.6
2008-12-12,0.026435827353095943,0.05118596499437938,0.107571063277145,0.17162419033479215,0.04314388946638396,3.9064574203614273e-05,0.6
2008-12-19,0.026435827353095943,0.05118596499437938,0.107571063277145,0.17162419033479215,0.04314388946638396,3.9064574203614273e-05,0.6
2008-12-26,0.0373013439897313,0.04666421661109428,0.1043017647657758,0.17497451420087531,0.03673472168800119,2.3438744522168565e-05,0.6
2009-01-02,0.0373013439897313,0.04666421661109428,0.1043017647657758,0.17497451420087531,0.03673472168800119,2.3438744522168565e-05,0.6
2009-01-09,0.0373013439897313,0.04666421661109428,0.1043017647657758,0.17497451420087531,0.03673472168800119,2.3438744522168565e-05,0.6
2009-01-16,0.0373013439897313,0.04666421661109428,0.1043017647657758,0.17497451420087531,0.03673472168800119,2.3438744522168565e-05,0.6
2009-01-23,0.0373013439897313,0.04666421661109428,0.1043017647657758,0.17497451420087531,0.03673472168800119,2.3438744522168565e-05,0.6
2009-01-30,0.044176899039054994,0.04383399024693423,0.10251105979365736,0.17698470852052517,0.03247927915311497,1.406324671330114e-05,0.5999999999999999
2009-02-06,0.044176899039054994,0.04383399024693423,0.10251105979365736,0.17698470852052517,0.03247927915311497,1.406324671330114e-05,0.5999999999999999
2009-02-13,0.044176899039054994,0.04383399024693423,0.10251105979365736,0.17698470852052517,0.03247927915311497,1.406324671330114e-05,0.5999999999999999
2009-02-20,0.044176899039054994,0.04383399024693423,0.10251105979365736,0.17698470852052517,0.03247927915311497,1.406324671330114e-05,0.5999999999999999
2009-02-27,0.04900470601592232,0.04228169722997772,0.10055695908652505,0.17819082511231513,0.029957374607231843,8.437948027980682e-06,0.5999999999999999
2009-03-06,0.04900470601592232,0.04228169722997772,0.10055695908652505,0.17819082511231513,0.029957374607231843,8.437948027980682e-06,0.5999999999999999
2009-03-13,0.04900470601592232,0.04228169722997772,0.10055695908652505,0.17819082511231513,0.029957374607231843,8.437948027980682e-06,0.5999999999999999
2009-03-20,0.04900470601592232,0.04228169722997772,0.10055695908652505,0.17819082511231513,0.029957374607231843,8.437948027980682e-06,0.5999999999999999
2009-03-27,0.05210247078463646,0.04112913320044135,0.0995136056159629,0.17891449506738907,0.02833523256275346,5.06276881678841e-06,0.6
2009-04-03,0.05210247078463646,0.04112913320044135,0.0995136056159629,0.17891449506738907,0.02833523256275346,5.06276881678841e-06,0.6
2009-04-10,0.05210247078463646,0.04112913320044135,0.0995136056159629,0.17891449506738907,0.02833523256275346,5.06276881678841e-06,0.6
2009-04-17,0.05210247078463646,0.04112913320044135,0.0995136056159629,0.17891449506738907,0.02833523256275346,5.06276881678841e-06,0.6
2009-04-24,0.08656380145086753,0.11180915272890915,0.18969392985310662,0.35869739408086687,0.053229646563669714,6.075322580146092e-06,0.19999999999999996
2009-05-01,0.08656380145086753,0.11180915272890915,0.18969392985310662,0.35869739408086687,0.053229646563669714,6.075322580146092e-06,0.19999999999999996
2009-05-08,0.08656380145086753,0.11180915272890915,0.18969392985310662,0.35869739408086687,0.053229646563669714,6.075322580146092e-06,0.19999999999999996
2009-05-15,0.08656380145086753,0.11180915272890915,0.18969392985310662,0.35869739408086687,0.053229646563669714,6.075322580146092e-06,0.19999999999999996
2009-05-22,0.08656380145086753,0.11180915272890915,0.18969392985310662,0.35869739408086687,0.053229646563669714,6.075322580146092e-06,0.19999999999999996
2009-05-29,0.07986306475743182,0.1286744146650379,0.1822311813080907,0.3592184364485202,0.050009257627371365,3.6451935480876554e-06,0.19999999999999984
2009-06-05,0.07986306475743182,0.1286744146650379,0.1822311813080907,0.3592184364485202,0.050009257627371365,3.6451935480876554e-06,0.19999999999999984
2009-06-12,0.07986306475743182,0.1286744146650379,0.1822311813080907,0.3592184364485202,0.050009257627371365,3.6451935480876554e-06,0.19999999999999984
2009-06-19,0.07986306475743182,0.1286744146650379,0.1822311813080907,0.3592184364485202,0.050009257627371365,3.6451935480876554e-06,0.19999999999999984
2009-06-26,0.09287840008444943,0.16344764959866248,0.2316950599461137,0.4321568934021812,0.049705880726846265,1.3232052579558189e-06,0.030114793036489007
2009-07-03,0.09287840008444943,0.16344764959866248,0.2316950599461137,0.4321568934021812,0.049705880726846265,1.3232052579558189e-06,0.030114793036489007
2009-07-10,0.09287840008444943,0.16344764959866248,0.2316950599461137,0.4321568934021812,0.049705880726846265,1.3232052579558189e-06,0.030114793036489007
2009-07-17,0.09287840008444943,0.16344764959866248,0.2316950599461137,0.4321568934021812,0.049705880726846265,1.3232052579558189e-06,0.030114793036489007
2009-07-24,0.09287840008444943,0.16344764959866248,0.2316950599461137,0.4321568934021812,0.049705880726846265,1.3232052579558189e-06,0.030114793036489007
2009-07-31,0.09155900850708656,0.18414109126918493,0.23356207889913622,0.4045009912129431,0.05628149508094756,3.961899863525049e-07,0.029954938840715206
2009-08-07,0.09155900850708656,0.18414109126918493,0.23356207889913622,0.4045009912129431,0.05628149508094756,3.961899863525049e-07,0.029954938840715206
2009-08-14,0.09155900850708656,0.18414109126918493,0.23356207889913622,0.4045009912129431,0.05628149508094756,3.961899863525049e-07,0.029954938840715206
2009-08-21,0.09155900850708656,0.18414109126918493,0.23356207889913622,0.4045009912129431,0.05628149508094756,3.961899863525049e-07,0.029954938840715206
2009-08-28,0.08564716234107837,0.17785860377707663,0.22856285635402276,0.4095458074765186,0.05335279466469131,2.3329196680213907e-07,0.04503254209464547
2009-09-04,0.08564716234107837,0.17785860377707663,0.22856285635402276,0.4095458074765186,0.05335279466469131,2.3329196680213907e-07,0.04503254209464547
2009-09-11,0.08564716234107837,0.17785860377707663,0.22856285635402276,0.4095458074765186,0.05335279466469131,2.3329196680213907e-07,0.04503254209464547
2009-09-18,0.08564716234107837,0.17785860377707663,0.22856285635402276,0.4095458074765186,0.05335279466469131,2.3329196680213907e-07,0.04503254209464547
2009-09-25,0.08191739363535132,0.1649928066163568,0.24726136237933716,0.45,0.05582843736895477,0.0,0.0
2009-10-02,0.08191739363535132,0.1649928066163568,0.24726136237933716,0.45,0.05582843736895477,0.0,0.0
2009-10-09,0.08191739363535132,0.1649928066163568,0.24726136237933716,0.45,0.05582843736895477,0.0,0.0
2009-10-16,0.08191739363535132,0.1649928066163568,0.24726136237933716,0.45,0.05582843736895477,0.0,0.0
2009-10-23,0.08191739363535132,0.1649928066163568,0.24726136237933716,0.45,0.05582843736895477,0.0,0.0
2009-10-30,0.090611405278992,0.0687117386019269,0.2803479028502545,0.45,0.1103289532688266,0.0,0.0
2009-11-06,0.090611405278992,0.0687117386019269,0.2803479028502545,0.45,0.1103289532688266,0.0,0.0
2009-11-13,0.090611405278992,0.0687117386019269,0.2803479028502545,0.45,0.1103289532688266,0.0,0.0
2009-11-20,0.090611405278992,0.0687117386019269,0.2803479028502545,0.45,0.1103289532688266,0.0,0.0
2009-11-27,0.09305576566790683,0.06769201035434162,0.2817740299351242,0.44757429810025734,0.10990389594237006,0.0,0.0
2009-12-04,0.09305576566790683,0.06769201035434162,0.2817740299351242,0.44757429810025734,0.10990389594237006,0.0,0.0
2009-12-11,0.09305576566790683,0.06769201035434162,0.2817740299351242,0.44757429810025734,0.10990389594237006,0.0,0.0
2009-12-18,0.09305576566790683,0.06769201035434162,0.2817740299351242,0.44757429810025734,0.10990389594237006,0.0,0.0
2009-12-25,0.0944381750765059,0.07055205585659959,0.2857996891108946,0.436520036100905,0.11269004385509496,0.0,0.0
2010-01-01,0.0944381750765059,0.07055205585659959,0.2857996891108946,0.436520036100905,0.11269004385509496,0.0,0.0
2010-01-08,0.0944381750765059,0.07055205585659959,0.2857996891108946,0.436520036100905,0.11269004385509496,0.0,0.0
2010-01-15,0.0944381750765059,0.07055205585659959,0.2857996891108946,0.436520036100905,0.11269004385509496,0.0,0.0
2010-01-22,0.0944381750765059,0.07055205585659959,0.2857996891108946,0.436520036100905,0.11269004385509496,0.0,0.0
2010-01-29,0.10815589862963729,0.07454209298873715,0.28481660863396685,0.408944906150258,0.12354049359740077,0.0,0.0
2010-02-05,0.10815589862963729,0.07454209298873715,0.28481660863396685,0.408944906150258,0.12354049359740077,0.0,0.0
2010-02-12,0.10815589862963729,0.07454209298873715,0.28481660863396685,0.408944906150258,0.12354049359740077,0.0,0.0
2010-02-19,0.10815589862963729,0.07454209298873715,0.28481660863396685,0.408944906150258,0.12354049359740077,0.0,0.0
2010-02-26,0.12466457224199722,0.08121617353723892,0.2754486188726976,0.3917511054945635,0.12691952985350283,0.0,0.0
2010-03-05,0.12466457224199722,0.08121617353723892,0.2754486188726976,0.3917511054945635,0.12691952985350283,0.0,0.0
2010-03-12,0.12466457224199722,0.08121617353723892,0.2754486188726976,0.3917511054945635,0.12691952985350283,0.0,0.0
2010-03-19,0.12466457224199722,0.08121617353723892,0.2754486188726976,0.3917511054945635,0.12691952985350283,0.0,0.0
2010-03-26,0.1247169808320513,0.0830829989344755,0.28768553107564854,0.37469501889930434,0.1298194702585204,0.0,0.0
2010-04-02,0.1247169808320513,0.0830829989344755,0.28768553107564854,0.37469501889930434,0.1298194702585204,0.0,0.0
2010-04-09,0.1247169808320513,0.0830829989344755,0.28768553107564854,0.37469501889930434,0.1298194702585204,0.0,0.0
2010-04-16,0.1247169808320513,0.0830829989344755,0.28768553107564854,0.37469501889930434,0.1298194702585204,0.0,0.0
2010-04-23,0.1247169808320513,0.0830829989344755,0.28768553107564854,0.37469501889930434,0.1298194702585204,0.0,0.0
2010-04-30,0.09675748925685372,0.08924472568691712,0.2889131746966604,0.39162087396741024,0.13346373639215858,0.0,0.0
2010-05-07,0.09675748925685372,0.08924472568691712,0.2889131746966604,0.39162087396741024,0.13346373639215858,0.0,0.0
2010-05-14,0.09675748925685372,0.08924472568691712,0.2889131746966604,0.39162087396741024,0.13346373639215858,0.0,0.0
2010-05-21,0.09675748925685372,0.08924472568691712,0.2889131746966604,0.39162087396741024,0.13346373639215858,0.0,0.0
2010-05-28,0.08792490084815381,0.07914194762467908,0.22814431489389345,0.29613615241359137,0.10865268421968233,0.0,0.19999999999999996
2010-06-04,0.08792490084815381,0.07914194762467908,0.22814431489389345,0.29613615241359137,0.10865268421968233,0.0,0.19999999999999996
2010-06-11,0.08792490084815381,0.07914194762467908,0.22814431489389345,0.29613615241359137,0.10865268421968233,0.0,0.19999999999999996
2010-06-18,0.08792490084815381,0.07914194762467908,0.22814431489389345,0.29613615241359137,0.10865268421968233,0.0,0.19999999999999996
2010-06-25,0.09519177014545699,0.08713169898865708,0.22814650987890184,0.27608323354616526,0.11344678744081892,0.0,0.19999999999999996
2010-07-02,0.09519177014545699,0.08713169898865708,0.22814650987890184,0.27608323354616526,0.11344678744081892,0.0,0.19999999999999996
2010-07-09,0.09519177014545699,0.08713169898865708,0.22814650987890184,0.27608323354616526,0.11344678744081892,0.0,0.19999999999999996
2010-07-16,0.09519177014545699,0.08713169898865708,0.22814650987890184,0.27608323354616526,0.11344678744081892,0.0,0.19999999999999996
2010-07-23,0.09519177014545699,0.08713169898865708,0.22814650987890184,0.27608323354616526,0.11344678744081892,0.0,0.19999999999999996
2010-07-30,0.10191717730902905,0.08686493024595536,0.26680393621405013,0.25406973197048927,0.09034422426047622,0.0,0.19999999999999996
2010-08-06,0.10191717730902905,0.08686493024595536,0.26680393621405013,0.25406973197048927,0.09034422426047622,0.0,0.19999999999999996
2010-08-13,0.10191717730902905,0.08686493024595536,0.26680393621405013,0.25406973197048927,0.09034422426047622,0.0,0.19999999999999996
2010-08-20,0.10191717730902905,0.08686493024595536,0.26680393621405013,0.25406973197048927,0.09034422426047622,0.0,0.19999999999999996
2010-08-27,0.10635468230205497,0.08827151109707979,0.29052866471340155,0.23801855434175742,0.07682658754570633,0.0,0.19999999999999984
2010-09-03,0.10635468230205497,0.08827151109707979,0.29052866471340155,0.23801855434175742,0.07682658754570633,0.0,0.19999999999999984
2010-09-10,0.10635468230205497,0.08827151109707979,0.29052866471340155,0.23801855434175742,0.07682658754570633,0.0,0.19999999999999984
2010-09-17,0.10635468230205497,0.08827151109707979,0.29052866471340155,0.23801855434175742,0.07682658754570633,0.0,0.19999999999999984
2010-09-24,0.12430591180947226,0.11403979498835837,0.3274496626116455,0.2673664672302263,0.1222149016285993,0.0,0.04462326173169828
2010-10-01,0.12430591180947226,0.11403979498835837,0.3274496626116455,0.2673664672302263,0.1222149016285993,0.0,0.04462326173169828
2010-10-08,0.12430591180947226,0.11403979498835837,0.3274496626116455,0.2673664672302263,0.1222149016285993,0.0,0.04462326173169828
2010-10-15,0.12430591180947226,0.11403979498835837,0.3274496626116455,0.2673664672302263,0.1222149016285993,0.0,0.04462326173169828
2010-10-22,0.12430591180947226,0.11403979498835837,0.3274496626116455,0.2673664672302263,0.1222149016285993,0.0,0.04462326173169828
2010-10-29,0.1386990215544885,0.1435453542671356,0.2908088747723254,0.24095236430117212,0.1859943851048784,0.0,0.0
2010-11-05,0.1386990215544885,0.1435453542671356,0.2908088747723254,0.24095236430117212,0.1859943851048784,0.0,0.0
2010-11-12,0.1386990215544885,0.1435453542671356,0.2908088747723254,0.24095236430117212,0.1859943851048784,0.0,0.0
2010-11-19,0.1386990215544885,0.1435453542671356,0.2908088747723254,0.24095236430117212,0.1859943851048784,0.0,0.0
2010-11-26,0.1338337773975163,0.14391843761672174,0.27954593409932205,0.22391978555111627,0.1776401489384782,0.0,0.04114191639684539
2010-12-03,0.1338337773975163,0.14391843761672174,0.27954593409932205,0.22391978555111627,0.1776401489384782,0.0,0.04114191639684539
2010-12-10,0.1338337773975163,0.14391843761672174,0.27954593409932205,0.22391978555111627,0.1776401489384782,0.0,0.04114191639684539
2010-12-17,0.1338337773975163,0.14391843761672174,0.27954593409932205,0.22391978555111627,0.1776401489384782,0.0,0.04114191639684539
2010-12-24,0.1338337773975163,0.14391843761672174,0.27954593409932205,0.22391978555111627,0.1776401489384782,0.0,0.04114191639684539
2010-12-31,0.13714502148352428,0.16745825560033958,0.29343527688347887,0.2180068024599883,0.1780829950406295,0.0,0.005871648532039475
2011-01-07,0.13714502148352428,0.16745825560033958,0.29343527688347887,0.2180068024599883,0.1780829950406295,0.0,0.005871648532039475
2011-01-14,0.13714502148352428,0.16745825560033958,0.29343527688347887,0.2180068024599883,0.1780829950406295,0.0,0.005871648532039475
2011-01-21,0.13714502148352428,0.16745825560033958,0.29343527688347887,0.2180068024599883,0.1780829950406295,0.0,0.005871648532039475
2011-01-28,0.12995461418311324,0.14923691066346365,0.3402726985244804,0.20216353239805354,0.13505332539675866,0.0,0.04331891883413064
2011-02-04,0.12995461418311324,0.14923691066346365,0.3402726985244804,0.20216353239805354,0.13505332539675866,0.0,0.04331891883413064
2011-02-11,0.12995461418311324,0.14923691066346365,0.3402726985244804,0.20216353239805354,0.13505332539675866,0.0,0.04331891883413064
2011-02-18,0.12995461418311324,0.14923691066346365,0.3402726985244804,0.20216353239805354,0.13505332539675866,0.0,0.04331891883413064
2011-02-25,0.13971545031454652,0.14295165474209232,0.308492568437408,0.21091482631980316,0.15689168367475392,0.0,0.04103381651139604
2011-03-04,0.13971545031454652,0.14295165474209232,0.308492568437408,0.21091482631980316,0.15689168367475392,0.0,0.04103381651139604
2011-03-11,0.13971545031454652,0.14295165474209232,0.308492568437408,0.21091482631980316,0.15689168367475392,0.0,0.04103381651139604
2011-03-18,0.13971545031454652,0.14295165474209232,0.308492568437408,0.21091482631980316,0.15689168367475392,0.0,0.04103381651139604
2011-03-25,0.15167621757494237,0.13489211276981525,0.2955715846232966,0.20984825222954676,0.16731992011723543,0.0,0.0406919126851637
2011-04-01,0.15167621757494237,0.13489211276981525,0.2955715846232966,0.20984825222954676,0.16731992011723543,0.0,0.0406919126851637
2011-04-08,0.15167621757494237,0.13489211276981525,0.2955715846232966,0.20984825222954676,0.16731992011723543,0.0,0.0406919126851637
2011-04-15,0.15167621757494237,0.13489211276981525,0.2955715846232966,0.20984825222954676,0.16731992011723543,0.0,0.0406919126851637
2011-04-22,0.15167621757494237,0.13489211276981525,0.2955715846232966,0.20984825222954676,0.16731992011723543,0.0,0.0406919126851637
2011-04-29,0.15325184686459528,0.12751227414491345,0.3275274985870875,0.2040659809121371,0.18674134636356365,0.0,0.0009010531277029443
2011-05-06,0.15325184686459528,0.12751227414491345,0.3275274985870875,0.2040659809121371,0.18674134636356365,0.0,0.0009010531277029443
2011-05-13,0.15325184686459528,0.12751227414491345,0.3275274985870875,0.2040659809121371,0.18674134636356365,0.0,0.0009010531277029443
2011-05-20,0.15325184686459528,0.12751227414491345,0.3275274985870875,0.2040659809121371,0.18674134636356365,0.0,0.0009010531277029443
2011-05-27,0.1426520680079653,0.11757290291709264,0.33586223806800586,0.2118631770474574,0.19204961395947878,0.0,0.0
2011-06-03,0.1426520680079653,0.11757290291709264,0.33586223806800586,0.2118631770474574,0.19204961395947878,0.0,0.0
2011-06-10,0.1426520680079653,0.11757290291709264,0.33586223806800586,0.2118631770474574,0.19204961395947878,0.0,0.0
2011-06-17,0.1426520680079653,0.11757290291709264,0.33586223806800586,0.2118631770474574,0.19204961395947878,0.0,0.0
2011-06-24,0.1482358774090078,0.11939169808461181,0.3322027608267064,0.20219282084972004,0.1867404664601121,0.0,0.011236376369841872
2011-07-01,0.1482358774090078,0.11939169808461181,0.3322027608267064,0.20219282084972004,0.1867404664601121,0.0,0.011236376369841872
2011-07-08,0.1482358774090078,0.11939169808461181,0.3322027608267064,0.20219282084972004,0.1867404664601121,0.0,0.011236376369841872
2011-07-15,0.1482358774090078,0.11939169808461181,0.3322027608267064,0.20219282084972004,0.1867404664601121,0.0,0.011236376369841872
2011-07-22,0.1482358774090078,0.11939169808461181,0.3322027608267064,0.20219282084972004,0.1867404664601121,0.0,0.011236376369841872
2011-07-29,0.13744260933698366,0.13520349037772672,0.3072522592583012,0.18613914682097044,0.19092787230268418,0.0,0.04303462190333385
2011-08-05,0.13744260933698366,0.13520349037772672,0.3072522592583012,0.18613914682097044,0.19092787230268418,0.0,0.04303462190333385
2011-08-12,0.13744260933698366,0.13520349037772672,0.3072522592583012,0.18613914682097044,0.19092787230268418,0.0,0.04303462190333385
2011-08-19,0.13744260933698366,0.13520349037772672,0.3072522592583012,0.18613914682097044,0.19092787230268418,0.0,0.04303462190333385
2011-08-26,0.05615203052116724,0.05661868199777831,0.11987097757016528,0.08453500993505021,0.082823299975839,0.0,0.6
2011-09-02,0.05615203052116724,0.05661868199777831,0.11987097757016528,0.08453500993505021,0.082823299975839,0.0,0.6
2011-09-09,0.05615203052116724,0.05661868199777831,0.11987097757016528,0.08453500993505021,0.082823299975839,0.0,0.6
2011-09-16,0.05615203052116724,0.05661868199777831,0.11987097757016528,0.08453500993505021,0.082823299975839,0.0,0.6
2011-09-23,0.05615203052116724,0.05661868199777831,0.11987097757016528,0.08453500993505021,0.082823299975839,0.0,0.6
2011-09-30,0.051836143152510485,0.055582760870595826,0.13903042324234896,0.0859832115424178,0.06756746119212693,0.0,0.6000000000000001
2011-10-07,0.051836143152510485,0.055582760870595826,0.13903042324234896,0.0859832115424178,0.06756746119212693,0.0,0.6000000000000001
2011-10-14,0.051836143152510485,0.055582760870595826,0.13903042324234896,0.0859832115424178,0.06756746119212693,0.0,0.6000000000000001
2011-10-21,0.051836143152510485,0.055582760870595826,0.13903042324234896,0.0859832115424178,0.06756746119212693,0.0,0.6000000000000001
2011-10-28,0.04870675177837408,0.05471345228728816,0.14953858274657622,0.08613351004266512,0.060907703145096415,0.0,0.6
2011-11-04,0.04870675177837408,0.05471345228728816,0.14953858274657622,0.08613351004266512,0.060907703145096415,0.0,0.6
2011-11-11,0.04870675177837408,0.05471345228728816,0.14953858274657622,0.08613351004266512,0.060907703145096415,0.0,0.6
2011-11-18,0.04870675177837408,0.05471345228728816,0.14953858274657622,0.08613351004266512,0.060907703145096415,0.0,0.6
2011-11-25,0.09715659723944706,0.11057687461928872,0.2546845229559343,0.17684174015243925,0.16074026503289074,0.0,0.19999999999999996
2011-12-02,0.09715659723944706,0.11057687461928872,0.2546845229559343,0.17684174015243925,0.16074026503289074,0.0,0.19999999999999996
2011-12-09,0.09715659723944706,0.11057687461928872,0.2546845229559343,0.17684174015243925,0.16074026503289074,0.0,0.19999999999999996
2011-12-16,0.09715659723944706,0.11057687461928872,0.2546845229559343,0.17684174015243925,0.16074026503289074,0.0,0.19999999999999996
2011-12-23,0.09715659723944706,0.11057687461928872,0.2546845229559343,0.17684174015243925,0.16074026503289074,0.0,0.19999999999999996
2011-12-30,0.10066088493668861,0.11482838327248295,0.30944771028795065,0.17501587211027092,0.145047149392607,0.0,0.15499999999999992
2012-01-06,0.10066088493668861,0.11482838327248295,0.30944771028795065,0.17501587211027092,0.145047149392607,0.0,0.15499999999999992
2012-01-13,0.10066088493668861,0.11482838327248295,0.30944771028795065,0.17501587211027092,0.145047149392607,0.0,0.15499999999999992
2012-01-20,0.10066088493668861,0.11482838327248295,0.30944771028795065,0.17501587211027092,0.145047149392607,0.0,0.15499999999999992
2012-01-27,0.10484312821916435,0.13759762000098838,0.24852186247474908,0.28037992874468987,0.12776254328137887,0.09418046371850075,0.006714453560528688
2012-02-03,0.10484312821916435,0.13759762000098838,0.24852186247474908,0.28037992874468987,0.12776254328137887,0.09418046371850075,0.006714453560528688
2012-02-10,0.10484312821916435,0.13759762000098838,0.24852186247474908,0.28037992874468987,0.12776254328137887,0.09418046371850075,0.006714453560528688
2012-02-17,0.10484312821916435,0.13759762000098838,0.24852186247474908,0.28037992874468987,0.12776254328137887,0.09418046371850075,0.006714453560528688
2012-02-24,0.07322360563737179,0.10703380893363244,0.1621863158884927,0.2605777722086527,0.09885912098867843,0.25253092941314176,0.04558844693003028
2012-03-02,0.07322360563737179,0.10703380893363244,0.1621863158884927,0.2605777722086527,0.09885912098867843,0.25253092941314176,0.04558844693003028
2012-03-09,0.07322360563737179,0.10703380893363244,0.1621863158884927,0.2605777722086527,0.09885912098867843,0.25253092941314176,0.04558844693003028
2012-03-16,0.07322360563737179,0.10703380893363244,0.1621863158884927,0.2605777722086527,0.09885912098867843,0.25253092941314176,0.04558844693003028
2012-03-23,0.07322360563737179,0.10703380893363244,0.1621863158884927,0.2605777722086527,0.09885912098867843,0.25253092941314176,0.04558844693003028
2012-03-30,0.09070052973970501,0.1288094371150458,0.26624650573563635,0.2205716555405403,0.1149544456911507,0.15467851942035973,0.02403890675756215
2012-04-06,0.09070052973970501,0.1288094371150458,0.26624650573563635,0.2205716555405403,0.1149544456911507,0.15467851942035973,0.02403890675756215
2012-04-13,0.09070052973970501,0.1288094371150458,0.26624650573563635,0.2205716555405403,0.1149544456911507,0.15467851942035973,0.02403890675756215
2012-04-20,0.09070052973970501,0.1288094371150458,0.26624650573563635,0.2205716555405403,0.1149544456911507,0.15467851942035973,0.02403890675756215
2012-04-27,0.09387618395283326,0.14386240842327927,0.25103793765564464,0.2651810264989174,0.1302131511752827,0.09273008920121117,0.023099203092831533
2012-05-04,0.09387618395283326,0.14386240842327927,0.25103793765564464,0.2651810264989174,0.1302131511752827,0.09273008920121117,0.023099203092831533
2012-05-11,0.09387618395283326,0.14386240842327927,0.25103793765564464,0.2651810264989174,0.1302131511752827,0.09273008920121117,0.023099203092831533
2012-05-18,0.09387618395283326,0.14386240842327927,0.25103793765564464,0.2651810264989174,0.1302131511752827,0.09273008920121117,0.023099203092831533
2012-05-25,0.08164343291243775,0.11780160540451508,0.2060996414293807,0.24445260856202675,0.11683358516888463,0.046311410600456564,0.1868577159222986
2012-06-01,0.08164343291243775,0.11780160540451508,0.2060996414293807,0.24445260856202675,0.11683358516888463,0.046311410600456564,0.1868577159222986
2012-06-08,0.08164343291243775,0.11780160540451508,0.2060996414293807,0.24445260856202675,0.11683358516888463,0.046311410600456564,0.1868577159222986
2012-06-15,0.08164343291243775,0.11780160540451508,0.2060996414293807,0.24445260856202675,0.11683358516888463,0.046311410600456564,0.1868577159222986
2012-06-22,0.08164343291243775,0.11780160540451508,0.2060996414293807,0.24445260856202675,0.11683358516888463,0.046311410600456564,0.1868577159222986
2012-06-29,0.0988652929852325,0.12810221589660203,0.2581536868837824,0.3032240220255167,0.1345081728208439,0.032531917541325416,0.044614691846696974
2012-07-06,0.0988652929852325,0.12810221589660203,0.2581536868837824,0.3032240220255167,0.1345081728208439,0.032531917541325416,0.044614691846696974
2012-07-13,0.0988652929852325,0.12810221589660203,0.2581536868837824,0.3032240220255167,0.1345081728208439,0.032531917541325416,0.044614691846696974
2012-07-20,0.0988652929852325,0.12810221589660203,0.2581536868837824,0.3032240220255167,0.1345081728208439,0.032531917541325416,0.044614691846696974
2012-07-27,0.09002282423137246,0.12080036257085584,0.28361025613481966,0.3394023240747868,0.16616423298816513,0.0,0.0
2012-08-03,0.09002282423137246,0.12080036257085584,0.28361025613481966,0.3394023240747868,0.16616423298816513,0.0,0.0
2012-08-10,0.09002282423137246,0.12080036257085584,0.28361025613481966,0.3394023240747868,0.16616423298816513,0.0,0.0
2012-08-17,0.09002282423137246,0.12080036257085584,0.28361025613481966,0.3394023240747868,0.16616423298816513,0.0,0.0
2012-08-24,0.09002282423137246,0.12080036257085584,0.28361025613481966,0.3394023240747868,0.16616423298816513,0.0,0.0
2012-08-31,0.09109478403390651,0.11146616293377257,0.261714615305013,0.36101753072749065,0.17470690699981736,0.0,0.0
2012-09-07,0.09109478403390651,0.11146616293377257,0.261714615305013,0.36101753072749065,0.17470690699981736,0.0,0.0
2012-09-14,0.09109478403390651,0.11146616293377257,0.261714615305013,0.36101753072749065,0.17470690699981736,0.0,0.0
2012-09-21,0.09109478403390651,0.11146616293377257,0.261714615305013,0.36101753072749065,0.17470690699981736,0.0,0.0
2012-09-28,0.0890188411456069,0.11310275931071774,0.2462809569972353,0.36362737102951986,0.1879700715169201,0.0,0.0
2012-10-05,0.0890188411456069,0.11310275931071774,0.2462809569972353,0.36362737102951986,0.1879700715169201,0.0,0.0
2012-10-12,0.0890188411456069,0.11310275931071774,0.2462809569972353,0.36362737102951986,0.1879700715169201,0.0,0.0
2012-10-19,0.0890188411456069,0.11310275931071774,0.2462809569972353,0.36362737102951986,0.1879700715169201,0.0,0.0
2012-10-26,0.08210661891119994,0.11717278893030328,0.24994377563333645,0.35693182549983055,0.1938449910253298,0.0,0.0
2012-11-02,0.08210661891119994,0.11717278893030328,0.24994377563333645,0.35693182549983055,0.1938449910253298,0.0,0.0
2012-11-09,0.08210661891119994,0.11717278893030328,0.24994377563333645,0.35693182549983055,0.1938449910253298,0.0,0.0
2012-11-16,0.08210661891119994,0.11717278893030328,0.24994377563333645,0.35693182549983055,0.1938449910253298,0.0,0.0
2012-11-23,0.08210661891119994,0.11717278893030328,0.24994377563333645,0.35693182549983055,0.1938449910253298,0.0,0.0
2012-11-30,0.07450038816941533,0.11891967292120362,0.23196639060448654,0.3375312640303725,0.23708228427452202,0.0,0.0
2012-12-07,0.07450038816941533,0.11891967292120362,0.23196639060448654,0.3375312640303725,0.23708228427452202,0.0,0.0
2012-12-14,0.07450038816941533,0.11891967292120362,0.23196639060448654,0.3375312640303725,0.23708228427452202,0.0,0.0
2012-12-21,0.07450038816941533,0.11891967292120362,0.23196639060448654,0.3375312640303725,0.23708228427452202,0.0,0.0
2012-12-28,0.07833416110065487,0.12389600434600057,0.20905231297146676,0.3442012368135132,0.24451628476836462,0.0,0.0
2013-01-04,0.07833416110065487,0.12389600434600057,0.20905231297146676,0.3442012368135132,0.24451628476836462,0.0,0.0
2013-01-11,0.07833416110065487,0.12389600434600057,0.20905231297146676,0.3442012368135132,0.24451628476836462,0.0,0.0
2013-01-18,0.07833416110065487,0.12389600434600057,0.20905231297146676,0.3442012368135132,0.24451628476836462,0.0,0.0
2013-01-25,0.08774149640169333,0.12459207188196816,0.21542092214673628,0.31073728203912077,0.2615082275304814,0.0,0.0
2013-02-01,0.08774149640169333,0.12459207188196816,0.21542092214673628,0.31073728203912077,0.2615082275304814,0.0,0.0
2013-02-08,0.08774149640169333,0.12459207188196816,0.21542092214673628,0.31073728203912077,0.2615082275304814,0.0,0.0
2013-02-15,0.08774149640169333,0.12459207188196816,0.21542092214673628,0.31073728203912077,0.2615082275304814,0.0,0.0
2013-02-22,0.0971195103189781,0.12150730397432671,0.22293695201238092,0.30281405735245487,0.2556221763418593,0.0,0.0
2013-03-01,0.0971195103189781,0.12150730397432671,0.22293695201238092,0.30281405735245487,0.2556221763418593,0.0,0.0
2013-03-08,0.0971195103189781,0.12150730397432671,0.22293695201238092,0.30281405735245487,0.2556221763418593,0.0,0.0
2013-03-15,0.0971195103189781,0.12150730397432671,0.22293695201238092,0.30281405735245487,0.2556221763418593,0.0,0.0
2013-03-22,0.0971195103189781,0.12150730397432671,0.22293695201238092,0.30281405735245487,0.2556221763418593,0.0,0.0
2013-03-29,0.09978494893969708,0.10064142925931009,0.4415506861243766,0.15643288289203688,0.20159005278457928,0.0,0.0
2013-04-05,0.09978494893969708,0.10064142925931009,0.4415506861243766,0.15643288289203688,0.20159005278457928,0.0,0.0
2013-04-12,0.09978494893969708,0.10064142925931009,0.4415506861243766,0.15643288289203688,0.20159005278457928,0.0,0.0
2013-04-19,0.09978494893969708,0.10064142925931009,0.4415506861243766,0.15643288289203688,0.20159005278457928,0.0,0.0
2013-04-26,0.1041870838807378,0.10598882220696297,0.41646446901923223,0.14722546286315458,0.18257177673377223,0.0,0.043562385296140205
2013-05-03,0.1041870838807378,0.10598882220696297,0.41646446901923223,0.14722546286315458,0.18257177673377223,0.0,0.043562385296140205
2013-05-10,0.1041870838807378,0.10598882220696297,0.41646446901923223,0.14722546286315458,0.18257177673377223,0.0,0.043562385296140205
2013-05-17,0.1041870838807378,0.10598882220696297,0.41646446901923223,0.14722546286315458,0.18257177673377223,0.0,0.043562385296140205
2013-05-24,0.1041870838807378,0.10598882220696297,0.41646446901923223,0.14722546286315458,0.18257177673377223,0.0,0.043562385296140205
2013-05-31,0.11552575332414594,0.12206290424379033,0.42186243452675287,0.16847936171384623,0.17206954619146456,0.0,0.0
2013-06-07,0.11552575332414594,0.12206290424379033,0.42186243452675287,0.16847936171384623,0.17206954619146456,0.0,0.0
2013-06-14,0.11552575332414594,0.12206290424379033,0.42186243452675287,0.16847936171384623,0.17206954619146456,0.0,0.0
2013-06-21,0.11552575332414594,0.12206290424379033,0.42186243452675287,0.16847936171384623,0.17206954619146456,0.0,0.0
2013-06-28,0.09156968805757322,0.10488974365363202,0.33759792317184356,0.16129838775986874,0.14215836824668032,0.0,0.16248588911040218
2013-07-05,0.09156968805757322,0.10488974365363202,0.33759792317184356,0.16129838775986874,0.14215836824668032,0.0,0.16248588911040218
2013-07-12,0.09156968805757322,0.10488974365363202,0.33759792317184356,0.16129838775986874,0.14215836824668032,0.0,0.16248588911040218
2013-07-19,0.09156968805757322,0.10488974365363202,0.33759792317184356,0.16129838775986874,0.14215836824668032,0.0,0.16248588911040218
2013-07-26,0.10560665608236179,0.13303527455342218,0.2956790553668095,0.28474552817902365,0.1543306234991721,0.0,0.02660286231921072
2013-08-02,0.10560665608236179,0.13303527455342218,0.2956790553668095,0.28474552817902365,0.1543306234991721,0.0,0.02660286231921072
2013-08-09,0.10560665608236179,0.13303527455342218,0.2956790553668095,0.28474552817902365,0.1543306234991721,0.0,0.02660286231921072
2013-08-16,0.10560665608236179,0.13303527455342218,0.2956790553668095,0.28474552817902365,0.1543306234991721,0.0,0.02660286231921072
2013-08-23,0.10560665608236179,0.13303527455342218,0.2956790553668095,0.28474552817902365,0.1543306234991721,0.0,0.02660286231921072
2013-08-30,0.08513026941870448,0.11403891801760671,0.21444837540724057,0.28538898762622633,0.14032330450533592,0.0,0.16067014502488597
2013-09-06,0.08513026941870448,0.11403891801760671,0.21444837540724057,0.28538898762622633,0.14032330450533592,0.0,0.16067014502488597
2013-09-13,0.08513026941870448,0.11403891801760671,0.21444837540724057,0.28538898762622633,0.14032330450533592,0.0,0.16067014502488597
2013-09-20,0.08513026941870448,0.11403891801760671,0.21444837540724057,0.28538898762622633,0.14032330450533592,0.0,0.16067014502488597
2013-09-27,0.08159465436054178,0.11341016115141682,0.19022208661249518,0.3085243267872574,0.14487911486715188,0.0,0.16136965622113697
2013-10-04,0.08159465436054178,0.11341016115141682,0.19022208661249518,0.3085243267872574,0.14487911486715188,0.0,0.16136965622113697
2013-10-11,0.08159465436054178,0.11341016115141682,0.19022208661249518,0.3085243267872574,0.14487911486715188,0.0,0.16136965622113697
2013-10-18,0.08159465436054178,0.11341016115141682,0.19022208661249518,0.3085243267872574,0.14487911486715188,0.0,0.16136965622113697
2013-10-25,0.09512278452164558,0.134753136792388,0.1942707528868282,0.38747346463168186,0.15775980462851838,0.0,0.030620056538937956
2013-11-01,0.09512278452164558,0.134753136792388,0.1942707528868282,0.38747346463168186,0.15775980462851838,0.0,0.030620056538937956
2013-11-08,0.09512278452164558,0.134753136792388,0.1942707528868282,0.38747346463168186,0.15775980462851838,0.0,0.030620056538937956
2013-11-15,0.09512278452164558,0.134753136792388,0.1942707528868282,0.38747346463168186,0.15775980462851838,0.0,0.030620056538937956
2013-11-22,0.09512278452164558,0.134753136792388,0.1942707528868282,0.38747346463168186,0.15775980462851838,0.0,0.030620056538937956
2013-11-29,0.09023861290065784,0.1407432070059102,0.18111163403078587,0.4072550466507159,0.15291387841016732,0.0,0.027737621001762913
2013-12-06,0.09023861290065784,0.1407432070059102,0.18111163403078587,0.4072550466507159,0.15291387841016732,0.0,0.027737621001762913
2013-12-13,0.09023861290065784,0.1407432070059102,0.18111163403078587,0.4072550466507159,0.15291387841016732,0.0,0.027737621001762913
2013-12-20,0.09023861290065784,0.1407432070059102,0.18111163403078587,0.4072550466507159,0.15291387841016732,0.0,0.027737621001762913
2013-12-27,0.08665309153738913,0.13953949836520882,0.17677679676249447,0.4163676777151799,0.14849391963623373,0.0,0.032169015983493976
2014-01-03,0.08665309153738913,0.13953949836520882,0.17677679676249447,0.4163676777151799,0.14849391963623373,0.0,0.032169015983493976
2014-01-10,0.08665309153738913,0.13953949836520882,0.17677679676249447,0.4163676777151799,0.14849391963623373,0.0,0.032169015983493976
2014-01-17,0.08665309153738913,0.13953949836520882,0.17677679676249447,0.4163676777151799,0.14849391963623373,0.0,0.032169015983493976
2014-01-24,0.08665309153738913,0.13953949836520882,0.17677679676249447,0.4163676777151799,0.14849391963623373,0.0,0.032169015983493976
2014-01-31,0.08449275918072113,0.13775495599095589,0.1741079668742253,0.4213508953553824,0.14674281325519592,0.0,0.03555060934351939
2014-02-07,0.08449275918072113,0.13775495599095589,0.1741079668742253,0.4213508953553824,0.14674281325519592,0.0,0.03555060934351939
2014-02-14,0.08449275918072113,0.13775495599095589,0.1741079668742253,0.4213508953553824,0.14674281325519592,0.0,0.03555060934351939
2014-02-21,0.08449275918072113,0.13775495599095589,0.1741079668742253,0.4213508953553824,0.14674281325519592,0.0,0.03555060934351939
2014-02-28,0.08258470048491862,0.14240873447946734,0.16409206364717585,0.42090718594738447,0.1454768603503489,0.0,0.04453045509070486
2014-03-07,0.08258470048491862,0.14240873447946734,0.16409206364717585,0.42090718594738447,0.1454768603503489,0.0,0.04453045509070486
2014-03-14,0.08258470048491862,0.14240873447946734,0.16409206364717585,0.42090718594738447,0.1454768603503489,0.0,0.04453045509070486
2014-03-21,0.08258470048491862,0.14240873447946734,0.16409206364717585,0.42090718594738447,0.1454768603503489,0.0,0.04453045509070486
2014-03-28,0.08574756381616469,0.13403284341501412,0.22534132009876656,0.3758146304161911,0.13893977533290475,0.0,0.040123866920958706
2014-04-04,0.08574756381616469,0.13403284341501412,0.22534132009876656,0.3758146304161911,0.13893977533290475,0.0,0.040123866920958706
2014-04-11,0.08574756381616469,0.13403284341501412,0.22534132009876656,0.3758146304161911,0.13893977533290475,0.0,0.040123866920958706
2014-04-18,0.08574756381616469,0.13403284341501412,0.22534132009876656,0.3758146304161911,0.13893977533290475,0.0,0.040123866920958706
2014-04-25,0.07546461565257107,0.10667021293154895,0.25764881869776185,0.2600822758664989,0.12285039281740126,0.15030505867666244,0.026978625357555464
2014-05-02,0.07546461565257107,0.10667021293154895,0.25764881869776185,0.2600822758664989,0.12285039281740126,0.15030505867666244,0.026978625357555464
2014-05-09,0.07546461565257107,0.10667021293154895,0.25764881869776185,0.2600822758664989,0.12285039281740126,0.15030505867666244,0.026978625357555464
2014-05-16,0.07546461565257107,0.10667021293154895,0.25764881869776185,0.2600822758664989,0.12285039281740126,0.15030505867666244,0.026978625357555464
2014-05-23,0.07546461565257107,0.10667021293154895,0.25764881869776185,0.2600822758664989,0.12285039281740126,0.15030505867666244,0.026978625357555464
2014-05-30,0.08039058157772258,0.08266552642968099,0.23128042966893783,0.19623515629955465,0.1387124682349238,0.21021254418280927,0.06050329360637097
2014-06-06,0.08039058157772258,0.08266552642968099,0.23128042966893783,0.19623515629955465,0.1387124682349238,0.21021254418280927,0.06050329360637097
2014-06-13,0.08039058157772258,0.08266552642968099,0.23128042966893783,0.19623515629955465,0.1387124682349238,0.21021254418280927,0.06050329360637097
2014-06-20,0.08039058157772258,0.08266552642968099,0.23128042966893783,0.19623515629955465,0.1387124682349238,0.21021254418280927,0.06050329360637097
2014-06-27,0.09789521263040346,0.1362215838815369,0.14899576084740224,0.3666103955276297,0.25027704711302773,0.0,0.0
2014-07-04,0.09789521263040346,0.1362215838815369,0.14899576084740224,0.3666103955276297,0.25027704711302773,0.0,0.0
2014-07-11,0.09789521263040346,0.1362215838815369,0.14899576084740224,0.3666103955276297,0.25027704711302773,0.0,0.0
2014-07-18,0.09789521263040346,0.1362215838815369,0.14899576084740224,0.3666103955276297,0.25027704711302773,0.0,0.0
2014-07-25,0.10496417668304762,0.1100995684152213,0.15133564671358082,0.4218559318193584,0.21174467636879185,0.0,0.0
2014-08-01,0.10496417668304762,0.1100995684152213,0.15133564671358082,0.4218559318193584,0.21174467636879185,0.0,0.0
2014-08-08,0.10496417668304762,0.1100995684152213,0.15133564671358082,0.4218559318193584,0.21174467636879185,0.0,0.0
2014-08-15,0.10496417668304762,0.1100995684152213,0.15133564671358082,0.4218559318193584,0.21174467636879185,0.0,0.0
2014-08-22,0.10496417668304762,0.1100995684152213,0.15133564671358082,0.4218559318193584,0.21174467636879185,0.0,0.0
2014-08-29,0.10171491358981381,0.1067338608183919,0.1384891588722822,0.4407400605825125,0.2123220061369996,0.0,0.0
2014-09-05,0.10171491358981381,0.1067338608183919,0.1384891588722822,0.4407400605825125,0.2123220061369996,0.0,0.0
2014-09-12,0.10171491358981381,0.1067338608183919,0.1384891588722822,0.4407400605825125,0.2123220061369996,0.0,0.0
2014-09-19,0.10171491358981381,0.1067338608183919,0.1384891588722822,0.4407400605825125,0.2123220061369996,0.0,0.0
2014-09-26,0.15199086853483237,0.1111805960621151,0.1686229048028241,0.3740286009163713,0.1941770296838572,0.0,0.0
2014-10-03,0.15199086853483237,0.1111805960621151,0.1686229048028241,0.3740286009163713,0.1941770296838572,0.0,0.0
2014-10-10,0.15199086853483237,0.1111805960621151,0.1686229048028241,0.3740286009163713,0.1941770296838572,0.0,0.0
2014-10-17,0.15199086853483237,0.1111805960621151,0.1686229048028241,0.3740286009163713,0.1941770296838572,0.0,0.0
2014-10-24,0.15199086853483237,0.1111805960621151,0.1686229048028241,0.3740286009163713,0.1941770296838572,0.0,0.0
2014-10-31,0.19987629472643964,0.10032004383977206,0.19922636397931157,0.25156861660373525,0.14859248926011245,0.09762324846388196,0.0027929431267470495
2014-11-07,0.19987629472643964,0.10032004383977206,0.19922636397931157,0.25156861660373525,0.14859248926011245,0.09762324846388196,0.0027929431267470495
2014-11-14,0.19987629472643964,0.10032004383977206,0.19922636397931157,0.25156861660373525,0.14859248926011245,0.09762324846388196,0.0027929431267470495
2014-11-21,0.19987629472643964,0.10032004383977206,0.19922636397931157,0.25156861660373525,0.14859248926011245,0.09762324846388196,0.0027929431267470495
2014-11-28,0.21523530941510338,0.09871123426237877,0.21340789489645606,0.25244625910999546,0.1412267655148125,0.057346667077343746,0.02162586972391023
2014-12-05,0.21523530941510338,0.09871123426237877,0.21340789489645606,0.25244625910999546,0.1412267655148125,0.057346667077343746,0.02162586972391023
2014-12-12,0.21523530941510338,0.09871123426237877,0.21340789489645606,0.25244625910999546,0.1412267655148125,0.057346667077343746,0.02162586972391023
2014-12-19,0.21523530941510338,0.09871123426237877,0.21340789489645606,0.25244625910999546,0.1412267655148125,0.057346667077343746,0.02162586972391023
2014-12-26,0.19019075386573944,0.08566199567646919,0.1849414795824712,0.22053228869675845,0.12706700939412688,0.029466316426789284,0.16214015635764556
2015-01-02,0.19019075386573944,0.08566199567646919,0.1849414795824712,0.22053228869675845,0.12706700939412688,0.029466316426789284,0.16214015635764556
2015-01-09,0.19019075386573944,0.08566199567646919,0.1849414795824712,0.22053228869675845,0.12706700939412688,0.029466316426789284,0.16214015635764556
2015-01-16,0.19019075386573944,0.08566199567646919,0.1849414795824712,0.22053228869675845,0.12706700939412688,0.029466316426789284,0.16214015635764556
2015-01-23,0.19019075386573944,0.08566199567646919,0.1849414795824712,0.22053228869675845,0.12706700939412688,0.029466316426789284,0.16214015635764556
2015-01-30,0.23204709447387847,0.0962642344841427,0.21043188158440976,0.23020613923530647,0.1287290307997247,0.10232161942253809,0.0
2015-02-06,0.23204709447387847,0.0962642344841427,0.21043188158440976,0.23020613923530647,0.1287290307997247,0.10232161942253809,0.0
2015-02-13,0.23204709447387847,0.0962642344841427,0.21043188158440976,0.23020613923530647,0.1287290307997247,0.10232161942253809,0.0
2015-02-20,0.23204709447387847,0.0962642344841427,0.21043188158440976,0.23020613923530647,0.1287290307997247,0.10232161942253809,0.0
2015-02-27,0.19994505726767808,0.09230518368137391,0.19719769658474445,0.2178073304933725,0.12072902241915362,0.12712353295741477,0.044892176596262656
2015-03-06,0.19994505726767808,0.09230518368137391,0.19719769658474445,0.2178073304933725,0.12072902241915362,0.12712353295741477,0.044892176596262656
2015-03-13,0.19994505726767808,0.09230518368137391,0.19719769658474445,0.2178073304933725,0.12072902241915362,0.12712353295741477,0.044892176596262656
2015-03-20,0.19994505726767808,0.09230518368137391,0.19719769658474445,0.2178073304933725,0.12072902241915362,0.12712353295741477,0.044892176596262656
2015-03-27,0.21811832604014914,0.09004288134704332,0.2085158313806301,0.2602959315280599,0.1200808183510738,0.07765905654937895,0.025287154803664724
2015-04-03,0.21811832604014914,0.09004288134704332,0.2085158313806301,0.2602959315280599,0.1200808183510738,0.07765905654937895,0.025287154803664724
2015-04-10,0.21811832604014914,0.09004288134704332,0.2085158313806301,0.2602959315280599,0.1200808183510738,0.07765905654937895,0.025287154803664724
2015-04-17,0.21811832604014914,0.09004288134704332,0.2085158313806301,0.2602959315280599,0.1200808183510738,0.07765905654937895,0.025287154803664724
2015-04-24,0.2189264114127524,0.09034908755359837,0.18910967031007797,0.24934663236360585,0.11315849684012563,0.12004083152831796,0.019068869991521797
2015-05-01,0.2189264114127524,0.09034908755359837,0.18910967031007797,0.24934663236360585,0.11315849684012563,0.12004083152831796,0.019068869991521797
2015-05-08,0.2189264114127524,0.09034908755359837,0.18910967031007797,0.24934663236360585,0.11315849684012563,0.12004083152831796,0.019068869991521797
2015-05-15,0.2189264114127524,0.09034908755359837,0.18910967031007797,0.24934663236360585,0.11315849684012563,0.12004083152831796,0.019068869991521797
2015-05-22,0.2189264114127524,0.09034908755359837,0.18910967031007797,0.24934663236360585,0.11315849684012563,0.12004083152831796,0.019068869991521797
2015-05-29,0.17190910843471605,0.10097512866426449,0.24282160055707805,0.2792699838047191,0.11149332072339269,0.07169411482685345,0.021836742988976088
2015-06-05,0.17190910843471605,0.10097512866426449,0.24282160055707805,0.2792699838047191,0.11149332072339269,0.07169411482685345,0.021836742988976088
2015-06-12,0.17190910843471605,0.10097512866426449,0.24282160055707805,0.2792699838047191,0.11149332072339269,0.07169411482685345,0.021836742988976088
2015-06-19,0.17190910843471605,0.10097512866426449,0.24282160055707805,0.2792699838047191,0.11149332072339269,0.07169411482685345,0.021836742988976088
2015-06-26,0.12424168966125568,0.09137164074366282,0.24027447809762667,0.23496472760279924,0.10829467737814971,0.03676052967205736,0.16409225684444861
2015-07-03,0.12424168966125568,0.09137164074366282,0.24027447809762667,0.23496472760279924,0.10829467737814971,0.03676052967205736,0.16409225684444861
2015-07-10,0.12424168966125568,0.09137164074366282,0.24027447809762667,0.23496472760279924,0.10829467737814971,0.03676052967205736,0.16409225684444861
2015-07-17,0.12424168966125568,0.09137164074366282,0.24027447809762667,0.23496472760279924,0.10829467737814971,0.03676052967205736,0.16409225684444861
2015-07-24,0.12424168966125568,0.09137164074366282,0.24027447809762667,0.23496472760279924,0.10829467737814971,0.03676052967205736,0.16409225684444861
2015-07-31,0.11228555504695831,0.09252635806539639,0.20903680625112347,0.22665086956607444,0.1655020164350521,0.021843578574729395,0.17215481606066585
2015-08-07,0.11228555504695831,0.09252635806539639,0.20903680625112347,0.22665086956607444,0.1655020164350521,0.021843578574729395,0.17215481606066585
2015-08-14,0.11228555504695831,0.09252635806539639,0.20903680625112347,0.22665086956607444,0.1655020164350521,0.021843578574729395,0.17215481606066585
2015-08-21,0.11228555504695831,0.09252635806539639,0.20903680625112347,0.22665086956607444,0.1655020164350521,0.021843578574729395,0.17215481606066585
2015-08-28,0.06434016912736196,0.03858629211097095,0.09324745546315094,0.12908098303861107,0.06841244415506605,0.00633265610483908,0.6
2015-09-04,0.06434016912736196,0.03858629211097095,0.09324745546315094,0.12908098303861107,0.06841244415506605,0.00633265610483908,0.6
2015-09-11,0.06434016912736196,0.03858629211097095,0.09324745546315094,0.12908098303861107,0.06841244415506605,0.00633265610483908,0.6
2015-09-18,0.06434016912736196,0.03858629211097095,0.09324745546315094,0.12908098303861107,0.06841244415506605,0.00633265610483908,0.6
2015-09-25,0.0706978221340968,0.050426235912832275,0.0888366503129922,0.1195534053506059,0.06668629262656942,0.0037995936629034474,0.5999999999999999
2015-10-02,0.0706978221340968,0.050426235912832275,0.0888366503129922,0.1195534053506059,0.06668629262656942,0.0037995936629034474,0.5999999999999999
2015-10-09,0.0706978221340968,0.050426235912832275,0.0888366503129922,0.1195534053506059,0.06668629262656942,0.0037995936629034474,0.5999999999999999
2015-10-16,0.0706978221340968,0.050426235912832275,0.0888366503129922,0.1195534053506059,0.06668629262656942,0.0037995936629034474,0.5999999999999999
2015-10-23,0.0706978221340968,0.050426235912832275,0.0888366503129922,0.1195534053506059,0.06668629262656942,0.0037995936629034474,0.5999999999999999
2015-10-30,0.15820898668069286,0.1222544816530414,0.18145293908278445,0.22706662571021297,0.1313561220940951,0.004702233045736042,0.17495861173343719
2015-11-06,0.15820898668069286,0.1222544816530414,0.18145293908278445,0.22706662571021297,0.1313561220940951,0.004702233045736042,0.17495861173343719
2015-11-13,0.15820898668069286,0.1222544816530414,0.18145293908278445,0.22706662571021297,0.1313561220940951,0.004702233045736042,0.17495861173343719
2015-11-20,0.15820898668069286,0.1222544816530414,0.18145293908278445,0.22706662571021297,0.1313561220940951,0.004702233045736042,0.17495861173343719
2015-11-27,0.1754416711790125,0.10915667534098614,0.18989930160687454,0.22498036978257305,0.13197958790962613,0.0028530372892023904,0.16568935689172526
2015-12-04,0.1754416711790125,0.10915667534098614,0.18989930160687454,0.22498036978257305,0.13197958790962613,0.0028530372892023904,0.16568935689172526
2015-12-11,0.1754416711790125,0.10915667534098614,0.18989930160687454,0.22498036978257305,0.13197958790962613,0.0028530372892023904,0.16568935689172526
2015-12-18,0.1754416711790125,0.10915667534098614,0.18989930160687454,0.22498036978257305,0.13197958790962613,0.0028530372892023904,0.16568935689172526
2015-12-25,0.06794627220746932,0.04376109846055365,0.10930523008308775,0.10234416049962645,0.07582252651807567,0.0008207122311871444,0.6000000000000001
2016-01-01,0.06794627220746932,0.04376109846055365,0.10930523008308775,0.10234416049962645,0.07582252651807567,0.0008207122311871444,0.6000000000000001
2016-01-08,0.06794627220746932,0.04376109846055365,0.10930523008308775,0.10234416049962645,0.07582252651807567,0.0008207122311871444,0.6000000000000001
2016-01-15,0.06794627220746932,0.04376109846055365,0.10930523008308775,0.10234416049962645,0.07582252651807567,0.0008207122311871444,0.6000000000000001
2016-01-22,0.06794627220746932,0.04376109846055365,0.10930523008308775,0.10234416049962645,0.07582252651807567,0.0008207122311871444,0.6000000000000001
2016-01-29,0.05491958570414993,0.03682926170227439,0.11660739727921235,0.1035632115163895,0.08758811645926151,0.0004924273387122866,0.6
2016-02-05,0.05491958570414993,0.03682926170227439,0.11660739727921235,0.1035632115163895,0.08758811645926151,0.0004924273387122866,0.6
2016-02-12,0.05491958570414993,0.03682926170227439,0.11660739727921235,0.1035632115163895,0.08758811645926151,0.0004924273387122866,0.6
2016-02-19,0.05491958570414993,0.03682926170227439,0.11660739727921235,0.1035632115163895,0.08758811645926151,0.0004924273387122866,0.6
2016-02-26,0.047188211586238926,0.03269221387848068,0.120523813052267,0.10481826915359878,0.09448203592618723,0.00029545640322737194,0.6
2016-03-04,0.047188211586238926,0.03269221387848068,0.120523813052267,0.10481826915359878,0.09448203592618723,0.00029545640322737194,0.6
2016-03-11,0.047188211586238926,0.03269221387848068,0.120523813052267,0.10481826915359878,0.09448203592618723,0.00029545640322737194,0.6
2016-03-18,0.047188211586238926,0.03269221387848068,0.120523813052267,0.10481826915359878,0.09448203592618723,0.00029545640322737194,0.6
2016-03-25,0.08877322330945776,0.06298531185732752,0.25665802356047773,0.20788683357923177,0.19455766235087227,0.0003595204700267697,0.18877942487260624
2016-04-01,0.08877322330945776,0.06298531185732752,0.25665802356047773,0.20788683357923177,0.19455766235087227,0.0003595204700267697,0.18877942487260624
2016-04-08,0.08877322330945776,0.06298531185732752,0.25665802356047773,0.20788683357923177,0.19455766235087227,0.0003595204700267697,0.18877942487260624
2016-04-15,0.08877322330945776,0.06298531185732752,0.25665802356047773,0.20788683357923177,0.19455766235087227,0.0003595204700267697,0.18877942487260624
2016-04-22,0.08877322330945776,0.06298531185732752,0.25665802356047773,0.20788683357923177,0.19455766235087227,0.0003595204700267697,0.18877942487260624
2016-04-29,0.09140612187557696,0.06497270521332556,0.32406474441025723,0.2260428798028374,0.214790113177082,0.04900989716526979,0.029713538355651048
2016-05-06,0.09140612187557696,0.06497270521332556,0.32406474441025723,0.2260428798028374,0.214790113177082,0.04900989716526979,0.029713538355651048
2016-05-13,0.09140612187557696,0.06497270521332556,0.32406474441025723,0.2260428798028374,0.214790113177082,0.04900989716526979,0.029713538355651048
2016-05-20,0.09140612187557696,0.06497270521332556,0.32406474441025723,0.2260428798028374,0.214790113177082,0.04900989716526979,0.029713538355651048
2016-05-27,0.08185844926779658,0.056492998201428564,0.304356161025783,0.20396808564225788,0.22086460298460586,0.07052242102924776,0.061937281848880366
2016-06-03,0.08185844926779658,0.056492998201428564,0.304356161025783,0.20396808564225788,0.22086460298460586,0.07052242102924776,0.061937281848880366
2016-06-10,0.08185844926779658,0.056492998201428564,0.304356161025783,0.20396808564225788,0.22086460298460586,0.07052242102924776,0.061937281848880366
2016-06-17,0.08185844926779658,0.056492998201428564,0.304356161025783,0.20396808564225788,0.22086460298460586,0.07052242102924776,0.061937281848880366
2016-06-24,0.08363984267544473,0.05419937670466459,0.2885527671032359,0.25903569887104966,0.22704744204102964,0.04294212541705226,0.04458274718752331
2016-07-01,0.08363984267544473,0.05419937670466459,0.2885527671032359,0.25903569887104966,0.22704744204102964,0.04294212541705226,0.04458274718752331
2016-07-08,0.08363984267544473,0.05419937670466459,0.2885527671032359,0.25903569887104966,0.22704744204102964,0.04294212541705226,0.04458274718752331
2016-07-15,0.08363984267544473,0.05419937670466459,0.2885527671032359,0.25903569887104966,0.22704744204102964,0.04294212541705226,0.04458274718752331
2016-07-22,0.08363984267544473,0.05419937670466459,0.2885527671032359,0.25903569887104966,0.22704744204102964,0.04294212541705226,0.04458274718752331
2016-07-29,0.09281647865461155,0.06437155850074681,0.27836738157006463,0.325162781982517,0.23928179929206006,0.0,0.0
2016-08-05,0.09281647865461155,0.06437155850074681,0.27836738157006463,0.325162781982517,0.23928179929206006,0.0,0.0
2016-08-12,0.09281647865461155,0.06437155850074681,0.27836738157006463,0.325162781982517,0.23928179929206006,0.0,0.0
2016-08-19,0.09281647865461155,0.06437155850074681,0.27836738157006463,0.325162781982517,0.23928179929206006,0.0,0.0
2016-08-26,0.08723552770173634,0.1692389324525351,0.40843182467617845,0.18290765587994923,0.15218605928960097,0.0,0.0
2016-09-02,0.08723552770173634,0.1692389324525351,0.40843182467617845,0.18290765587994923,0.15218605928960097,0.0,0.0
2016-09-09,0.08723552770173634,0.1692389324525351,0.40843182467617845,0.18290765587994923,0.15218605928960097,0.0,0.0
2016-09-16,0.08723552770173634,0.1692389324525351,0.40843182467617845,0.18290765587994923,0.15218605928960097,0.0,0.0
2016-09-23,0.08723552770173634,0.1692389324525351,0.40843182467617845,0.18290765587994923,0.15218605928960097,0.0,0.0
2016-09-30,0.18394148985933642,0.09383204697003499,0.2159692288754586,0.19766776409337186,0.30858947020179817,0.0,0.0
2016-10-07,0.18394148985933642,0.09383204697003499,0.2159692288754586,0.19766776409337186,0.30858947020179817,0.0,0.0
2016-10-14,0.18394148985933642,0.09383204697003499,0.2159692288754586,0.19766776409337186,0.30858947020179817,0.0,0.0
2016-10-21,0.18394148985933642,0.09383204697003499,0.2159692288754586,0.19766776409337186,0.30858947020179817,0.0,0.0
2016-10-28,0.10329730118364683,0.1955140273813645,0.22536731798663917,0.30773947820770337,0.16808187524064622,0.0,0.0
2016-11-04,0.10329730118364683,0.1955140273813645,0.22536731798663917,0.30773947820770337,0.16808187524064622,0.0,0.0
2016-11-11,0.10329730118364683,0.1955140273813645,0.22536731798663917,0.30773947820770337,0.16808187524064622,0.0,0.0
2016-11-18,0.10329730118364683,0.1955140273813645,0.22536731798663917,0.30773947820770337,0.16808187524064622,0.0,0.0
2016-11-25,0.13047734114716492,0.1504815722557826,0.21225893676132848,0.2656701480823458,0.20463783938400504,0.0,0.036474162369373175
2016-12-02,0.13047734114716492,0.1504815722557826,0.21225893676132848,0.2656701480823458,0.20463783938400504,0.0,0.036474162369373175
2016-12-09,0.13047734114716492,0.1504815722557826,0.21225893676132848,0.2656701480823458,0.20463783938400504,0.0,0.036474162369373175
2016-12-16,0.13047734114716492,0.1504815722557826,0.21225893676132848,0.2656701480823458,0.20463783938400504,0.0,0.036474162369373175
2016-12-23,0.13047734114716492,0.1504815722557826,0.21225893676132848,0.2656701480823458,0.20463783938400504,0.0,0.036474162369373175
2016-12-30,0.18863082432911427,0.10398351313236065,0.20014006454259559,0.21511139743773808,0.29213420055819145,0.0,0.0
2017-01-06,0.18863082432911427,0.10398351313236065,0.20014006454259559,0.21511139743773808,0.29213420055819145,0.0,0.0
2017-01-13,0.18863082432911427,0.10398351313236065,0.20014006454259559,0.21511139743773808,0.29213420055819145,0.0,0.0
2017-01-20,0.18863082432911427,0.10398351313236065,0.20014006454259559,0.21511139743773808,0.29213420055819145,0.0,0.0
2017-01-27,0.19051930792720778,0.10943239219285465,0.20120573581786877,0.21445840322850354,0.28438416083356516,0.0,2.220446049250313e-16
2017-02-03,0.19051930792720778,0.10943239219285465,0.20120573581786877,0.21445840322850354,0.28438416083356516,0.0,2.220446049250313e-16
2017-02-10,0.19051930792720778,0.10943239219285465,0.20120573581786877,0.21445840322850354,0.28438416083356516,0.0,2.220446049250313e-16
2017-02-17,0.19051930792720778,0.10943239219285465,0.20120573581786877,0.21445840322850354,0.28438416083356516,0.0,2.220446049250313e-16
2017-02-24,0.18814113162231427,0.10511221321488765,0.1996981806156222,0.21048594837064144,0.2965625261765345,0.0,0.0
2017-03-03,0.18814113162231427,0.10511221321488765,0.1996981806156222,0.21048594837064144,0.2965625261765345,0.0,0.0
2017-03-10,0.18814113162231427,0.10511221321488765,0.1996981806156222,0.21048594837064144,0.2965625261765345,0.0,0.0
2017-03-17,0.18814113162231427,0.10511221321488765,0.1996981806156222,0.21048594837064144,0.2965625261765345,0.0,0.0
2017-03-24,0.18814113162231427,0.10511221321488765,0.1996981806156222,0.21048594837064144,0.2965625261765345,0.0,0.0
2017-03-31,0.19277307611235714,0.22414877724094817,0.20171367261625825,0.20713819923970406,0.17422627479073238,0.0,0.0
2017-04-07,0.19277307611235714,0.22414877724094817,0.20171367261625825,0.20713819923970406,0.17422627479073238,0.0,0.0
2017-04-14,0.19277307611235714,0.22414877724094817,0.20171367261625825,0.20713819923970406,0.17422627479073238,0.0,0.0
2017-04-21,0.19277307611235714,0.22414877724094817,0.20171367261625825,0.20713819923970406,0.17422627479073238,0.0,0.0
2017-04-28,0.19217829168648262,0.23084121461942025,0.20114092452673696,0.20385993037490835,0.17197963879245162,0.0,2.220446049250313e-16
2017-05-05,0.19217829168648262,0.23084121461942025,0.20114092452673696,0.20385993037490835,0.17197963879245162,0.0,2.220446049250313e-16
2017-05-12,0.19217829168648262,0.23084121461942025,0.20114092452673696,0.20385993037490835,0.17197963879245162,0.0,2.220446049250313e-16
2017-05-19,0.19217829168648262,0.23084121461942025,0.20114092452673696,0.20385993037490835,0.17197963879245162,0.0,2.220446049250313e-16
2017-05-26,0.19617904149994586,0.20273805264854705,0.2221789727922904,0.19643866547800298,0.18246526758121367,0.0,0.0
2017-06-02,0.19617904149994586,0.20273805264854705,0.2221789727922904,0.19643866547800298,0.18246526758121367,0.0,0.0
2017-06-09,0.19617904149994586,0.20273805264854705,0.2221789727922904,0.19643866547800298,0.18246526758121367,0.0,0.0
2017-06-16,0.19617904149994586,0.20273805264854705,0.2221789727922904,0.19643866547800298,0.18246526758121367,0.0,0.0
2017-06-23,0.19617904149994586,0.20273805264854705,0.2221789727922904,0.19643866547800298,0.18246526758121367,0.0,0.0
2017-06-30,0.2048247450932979,0.21074998523198113,0.22904954533621905,0.21367824002069172,0.14169748431781032,0.0,0.0
2017-07-07,0.2048247450932979,0.21074998523198113,0.22904954533621905,0.21367824002069172,0.14169748431781032,0.0,0.0
2017-07-14,0.2048247450932979,0.21074998523198113,0.22904954533621905,0.21367824002069172,0.14169748431781032,0.0,0.0
2017-07-21,0.2048247450932979,0.21074998523198113,0.22904954533621905,0.21367824002069172,0.14169748431781032,0.0,0.0
2017-07-28,0.2018843492745181,0.24026771776787798,0.2172457266791143,0.20081231886144205,0.13978988741704762,0.0,0.0
2017-08-04,0.2018843492745181,0.24026771776787798,0.2172457266791143,0.20081231886144205,0.13978988741704762,0.0,0.0
2017-08-11,0.2018843492745181,0.24026771776787798,0.2172457266791143,0.20081231886144205,0.13978988741704762,0.0,0.0
2017-08-18,0.2018843492745181,0.24026771776787798,0.2172457266791143,0.20081231886144205,0.13978988741704762,0.0,0.0
2017-08-25,0.19410050024368095,0.21605698159547085,0.2035099069577879,0.18681933119950803,0.16070540303744008,0.0,0.03880787696611221
2017-09-01,0.19410050024368095,0.21605698159547085,0.2035099069577879,0.18681933119950803,0.16070540303744008,0.0,0.03880787696611221
2017-09-08,0.19410050024368095,0.21605698159547085,0.2035099069577879,0.18681933119950803,0.16070540303744008,0.0,0.03880787696611221
2017-09-15,0.19410050024368095,0.21605698159547085,0.2035099069577879,0.18681933119950803,0.16070540303744008,0.0,0.03880787696611221
2017-09-22,0.19410050024368095,0.21605698159547085,0.2035099069577879,0.18681933119950803,0.16070540303744008,0.0,0.03880787696611221
2017-09-29,0.20685852791635412,0.11089689777696048,0.2317639024998786,0.22946089637408543,0.2210197754327214,0.0,0.0
2017-10-06,0.20685852791635412,0.11089689777696048,0.2317639024998786,0.22946089637408543,0.2210197754327214,0.0,0.0
2017-10-13,0.20685852791635412,0.11089689777696048,0.2317639024998786,0.22946089637408543,0.2210197754327214,0.0,0.0
2017-10-20,0.20685852791635412,0.11089689777696048,0.2317639024998786,0.22946089637408543,0.2210197754327214,0.0,0.0
2017-10-27,0.20885638463966397,0.10387369799164539,0.2033202778575862,0.21189405189860475,0.23416239987813464,0.0,0.03789318773436512
2017-11-03,0.20885638463966397,0.10387369799164539,0.2033202778575862,0.21189405189860475,0.23416239987813464,0.0,0.03789318773436512
2017-11-10,0.20885638463966397,0.10387369799164539,0.2033202778575862,0.21189405189860475,0.23416239987813464,0.0,0.03789318773436512
2017-11-17,0.20885638463966397,0.10387369799164539,0.2033202778575862,0.21189405189860475,0.23416239987813464,0.0,0.03789318773436512
2017-11-24,0.21148571125970525,0.10447801217811926,0.18546701348723005,0.20668119065352392,0.2543389279280338,0.0,0.03754914449338764
2017-12-01,0.21148571125970525,0.10447801217811926,0.18546701348723005,0.20668119065352392,0.2543389279280338,0.0,0.03754914449338764
2017-12-08,0.21148571125970525,0.10447801217811926,0.18546701348723005,0.20668119065352392,0.2543389279280338,0.0,0.03754914449338764
2017-12-15,0.21148571125970525,0.10447801217811926,0.18546701348723005,0.20668119065352392,0.2543389279280338,0.0,0.03754914449338764
2017-12-22,0.21148571125970525,0.10447801217811926,0.18546701348723005,0.20668119065352392,0.2543389279280338,0.0,0.03754914449338764
2017-12-29,0.21073878204507862,0.10181070338945557,0.17243307542292002,0.20668154319224843,0.2705276688604446,0.0,0.037808227089852764
2018-01-05,0.21073878204507862,0.10181070338945557,0.17243307542292002,0.20668154319224843,0.2705276688604446,0.0,0.037808227089852764
2018-01-12,0.21073878204507862,0.10181070338945557,0.17243307542292002,0.20668154319224843,0.2705276688604446,0.0,0.037808227089852764
2018-01-19,0.21073878204507862,0.10181070338945557,0.17243307542292002,0.20668154319224843,0.2705276688604446,0.0,0.037808227089852764
2018-01-26,0.20937462015952338,0.10356708900936308,0.16455440482775552,0.2166472204559079,0.27174984192363555,0.0,0.034106823623814675
2018-02-02,0.20937462015952338,0.10356708900936308,0.16455440482775552,0.2166472204559079,0.27174984192363555,0.0,0.034106823623814675
2018-02-09,0.20937462015952338,0.10356708900936308,0.16455440482775552,0.2166472204559079,0.27174984192363555,0.0,0.034106823623814675
2018-02-16,0.20937462015952338,0.10356708900936308,0.16455440482775552,0.2166472204559079,0.27174984192363555,0.0,0.034106823623814675
2018-02-23,0.08198314586453836,0.03920350992827387,0.07264669950481634,0.09313962345428684,0.11302702124808461,0.0,0.6
2018-03-02,0.08198314586453836,0.03920350992827387,0.07264669950481634,0.09313962345428684,0.11302702124808461,0.0,0.6
2018-03-09,0.08198314586453836,0.03920350992827387,0.07264669950481634,0.09313962345428684,0.11302702124808461,0.0,0.6
2018-03-16,0.08198314586453836,0.03920350992827387,0.07264669950481634,0.09313962345428684,0.11302702124808461,0.0,0.6
2018-03-23,0.08198314586453836,0.03920350992827387,0.07264669950481634,0.09313962345428684,0.11302702124808461,0.0,0.6
2018-03-30,0.07771499483175243,0.03613760825488077,0.07652955347264953,0.09691916815233777,0.11269867528837954,0.0,0.6
2018-04-06,0.07771499483175243,0.03613760825488077,0.07652955347264953,0.09691916815233777,0.11269867528837954,0.0,0.6
2018-04-13,0.07771499483175243,0.03613760825488077,0.07652955347264953,0.09691916815233777,0.11269867528837954,0.0,0.6
2018-04-20,0.07771499483175243,0.03613760825488077,0.07652955347264953,0.09691916815233777,0.11269867528837954,0.0,0.6
2018-04-27,0.07502290578251486,0.034347859416851693,0.0790430153453124,0.09971126014738123,0.11187495930793984,0.0,0.6
2018-05-04,0.07502290578251486,0.034347859416851693,0.0790430153453124,0.09971126014738123,0.11187495930793984,0.0,0.6
2018-05-11,0.07502290578251486,0.034347859416851693,0.0790430153453124,0.09971126014738123,0.11187495930793984,0.0,0.6
2018-05-18,0.07502290578251486,0.034347859416851693,0.0790430153453124,0.09971126014738123,0.11187495930793984,0.0,0.6
2018-05-25,0.07337661171867205,0.03300653051502345,0.0813868403506387,0.10127226814249389,0.11095774927317192,0.0,0.6
2018-06-01,0.07337661171867205,0.03300653051502345,0.0813868403506387,0.10127226814249389,0.11095774927317192,0.0,0.6
2018-06-08,0.07337661171867205,0.03300653051502345,0.0813868403506387,0.10127226814249389,0.11095774927317192,0.0,0.6
2018-06-15,0.07337661171867205,0.03300653051502345,0.0813868403506387,0.10127226814249389,0.11095774927317192,0.0,0.6
2018-06-22,0.07337661171867205,0.03300653051502345,0.0813868403506387,0.10127226814249389,0.11095774927317192,0.0,0.6
2018-06-29,0.11947644528293398,0.06352011449342233,0.16789870519214864,0.2325464398754995,0.2234305831784304,0.0,0.19312771197756518
2018-07-06,0.11947644528293398,0.06352011449342233,0.16789870519214864,0.2325464398754995,0.2234305831784304,0.0,0.19312771197756518
2018-07-13,0.11947644528293398,0.06352011449342233,0.16789870519214864,0.2325464398754995,0.2234305831784304,0.0,0.19312771197756518
2018-07-20,0.11947644528293398,0.06352011449342233,0.16789870519214864,0.2325464398754995,0.2234305831784304,0.0,0.19312771197756518
2018-07-27,0.13163358937081393,0.06511724386112282,0.17238166815496556,0.2166261484983122,0.21608801558546148,0.0,0.19815333452932404
2018-08-03,0.13163358937081393,0.06511724386112282,0.17238166815496556,0.2166261484983122,0.21608801558546148,0.0,0.19815333452932404
2018-08-10,0.13163358937081393,0.06511724386112282,0.17238166815496556,0.2166261484983122,0.21608801558546148,0.0,0.19815333452932404
2018-08-17,0.13163358937081393,0.06511724386112282,0.17238166815496556,0.2166261484983122,0.21608801558546148,0.0,0.19815333452932404
2018-08-24,0.13163358937081393,0.06511724386112282,0.17238166815496556,0.2166261484983122,0.21608801558546148,0.0,0.19815333452932404
2018-08-31,0.1510215787317112,0.0914931816404622,0.19219171672507512,0.213338893350581,0.2645317742590615,0.06048178928827074,0.026941066004838254
2018-09-07,0.1510215787317112,0.0914931816404622,0.19219171672507512,0.213338893350581,0.2645317742590615,0.06048178928827074,0.026941066004838254
2018-09-14,0.1510215787317112,0.0914931816404622,0.19219171672507512,0.213338893350581,0.2645317742590615,0.06048178928827074,0.026941066004838254
2018-09-21,0.1510215787317112,0.0914931816404622,0.19219171672507512,0.213338893350581,0.2645317742590615,0.06048178928827074,0.026941066004838254
2018-09-28,0.131556953678814,0.07394780694384827,0.16122802333875813,0.18226897547783596,0.22116319373662777,0.029835046824115904,0.20000000000000007
2018-10-05,0.131556953678814,0.07394780694384827,0.16122802333875813,0.18226897547783596,0.22116319373662777,0.029835046824115904,0.20000000000000007
2018-10-12,0.131556953678814,0.07394780694384827,0.16122802333875813,0.18226897547783596,0.22116319373662777,0.029835046824115904,0.20000000000000007
2018-10-19,0.131556953678814,0.07394780694384827,0.16122802333875813,0.18226897547783596,0.22116319373662777,0.029835046824115904,0.20000000000000007
2018-10-26,0.06612838218810292,0.03465451110008894,0.0807133648674992,0.09649595322329667,0.11305727457377755,0.008950514047234771,0.5999999999999999
2018-11-02,0.06612838218810292,0.03465451110008894,0.0807133648674992,0.09649595322329667,0.11305727457377755,0.008950514047234771,0.5999999999999999
2018-11-09,0.06612838218810292,0.03465451110008894,0.0807133648674992,0.09649595322329667,0.11305727457377755,0.008950514047234771,0.5999999999999999
2018-11-16,0.06612838218810292,0.03465451110008894,0.0807133648674992,0.09649595322329667,0.11305727457377755,0.008950514047234771,0.5999999999999999
2018-11-23,0.06612838218810292,0.03465451110008894,0.0807133648674992,0.09649595322329667,0.11305727457377755,0.008950514047234771,0.5999999999999999
2018-11-30,0.049783543110466344,0.030773247141121535,0.08016416967235088,0.11522516765286689,0.11868356399485354,0.0053703084283408635,0.6
2018-12-07,0.049783543110466344,0.030773247141121535,0.08016416967235088,0.11522516765286689,0.11868356399485354,0.0053703084283408635,0.6
2018-12-14,0.049783543110466344,0.030773247141121535,0.08016416967235088,0.11522516765286689,0.11868356399485354,0.0053703084283408635,0.6
2018-12-21,0.049783543110466344,0.030773247141121535,0.08016416967235088,0.11522516765286689,0.11868356399485354,0.0053703084283408635,0.6
2018-12-28,0.041595064237582,0.0301780253415523,0.08673425707897643,0.13591856342854677,0.10235190485633801,0.003222185057004518,0.6
2019-01-04,0.041595064237582,0.0301780253415523,0.08673425707897643,0.13591856342854677,0.10235190485633801,0.003222185057004518,0.6
2019-01-11,0.041595064237582,0.0301780253415523,0.08673425707897643,0.13591856342854677,0.10235190485633801,0.003222185057004518,0.6
2019-01-18,0.041595064237582,0.0301780253415523,0.08673425707897643,0.13591856342854677,0.10235190485633801,0.003222185057004518,0.6
2019-01-25,0.03695677435798813,0.030332957895619524,0.08954706391398273,0.14861350730256945,0.09261638549563753,0.0019333110342027112,0.6
2019-02-01,0.03695677435798813,0.030332957895619524,0.08954706391398273,0.14861350730256945,0.09261638549563753,0.0019333110342027112,0.6
2019-02-08,0.03695677435798813,0.030332957895619524,0.08954706391398273,0.14861350730256945,0.09261638549563753,0.0019333110342027112,0.6
2019-02-15,0.03695677435798813,0.030332957895619524,0.08954706391398273,0.14861350730256945,0.09261638549563753,0.0019333110342027112,0.6
2019-02-22,0.07387266599093809,0.06693149175780737,0.1858556455115757,0.2739799123733943,0.1970403111252414,0.0023199732410432534,0.19999999999999973
2019-03-01,0.07387266599093809,0.06693149175780737,0.1858556455115757,0.2739799123733943,0.1970403111252414,0.0023199732410432534,0.19999999999999973
2019-03-08,0.07387266599093809,0.06693149175780737,0.1858556455115757,0.2739799123733943,0.1970403111252414,0.0023199732410432534,0.19999999999999973
2019-03-15,0.07387266599093809,0.06693149175780737,0.1858556455115757,0.2739799123733943,0.1970403111252414,0.0023199732410432534,0.19999999999999973
2019-03-22,0.07387266599093809,0.06693149175780737,0.1858556455115757,0.2739799123733943,0.1970403111252414,0.0023199732410432534,0.19999999999999973
2019-03-29,0.07012554072487291,0.06713695284549197,0.19369544733095367,0.28882884879308407,0.17882122636097145,0.0013919839446259517,0.19999999999999996
2019-04-05,0.07012554072487291,0.06713695284549197,0.19369544733095367,0.28882884879308407,0.17882122636097145,0.0013919839446259517,0.19999999999999996
2019-04-12,0.07012554072487291,0.06713695284549197,0.19369544733095367,0.28882884879308407,0.17882122636097145,0.0013919839446259517,0.19999999999999996
2019-04-19,0.07012554072487291,0.06713695284549197,0.19369544733095367,0.28882884879308407,0.17882122636097145,0.0013919839446259517,0.19999999999999996
2019-04-26,0.06710778178407524,0.07320521285146624,0.19723245859038935,0.25311488937005,0.17730609096568536,0.16939422611092844,0.06263934032740526
2019-05-03,0.06710778178407524,0.07320521285146624,0.19723245859038935,0.25311488937005,0.17730609096568536,0.16939422611092844,0.06263934032740526
2019-05-10,0.06710778178407524,0.07320521285146624,0.19723245859038935,0.25311488937005,0.17730609096568536,0.16939422611092844,0.06263934032740526
2019-05-17,0.06710778178407524,0.07320521285146624,0.19723245859038935,0.25311488937005,0.17730609096568536,0.16939422611092844,0.06263934032740526
2019-05-24,0.06710778178407524,0.07320521285146624,0.19723245859038935,0.25311488937005,0.17730609096568536,0.16939422611092844,0.06263934032740526
2019-05-31,0.06296257773639448,0.06726118582649833,0.1819904637029236,0.22786544322680827,0.1731775931932168,0.08674273631415863,0.19999999999999996
2019-06-07,0.06296257773639448,0.06726118582649833,0.1819904637029236,0.22786544322680827,0.1731775931932168,0.08674273631415863,0.19999999999999996
2019-06-14,0.06296257773639448,0.06726118582649833,0.1819904637029236,0.22786544322680827,0.1731775931932168,0.08674273631415863,0.19999999999999996
2019-06-21,0.06296257773639448,0.06726118582649833,0.1819904637029236,0.22786544322680827,0.1731775931932168,0.08674273631415863,0.19999999999999996
2019-06-28,0.06825122780508497,0.06698833379824336,0.20980567469932687,0.25976770010394373,0.17964265658001224,0.15285887483082922,0.06268553218255968
2019-07-05,0.06825122780508497,0.06698833379824336,0.20980567469932687,0.25976770010394373,0.17964265658001224,0.15285887483082922,0.06268553218255968
2019-07-12,0.06825122780508497,0.06698833379824336,0.20980567469932687,0.25976770010394373,0.17964265658001224,0.15285887483082922,0.06268553218255968
2019-07-19,0.06825122780508497,0.06698833379824336,0.20980567469932687,0.25976770010394373,0.17964265658001224,0.15285887483082922,0.06268553218255968
2019-07-26,0.07680494029136202,0.0790683107336985,0.21380018281971477,0.2822190913853219,0.21038528533887588,0.09315229018781719,0.044569899243209754
2019-08-02,0.07680494029136202,0.0790683107336985,0.21380018281971477,0.2822190913853219,0.21038528533887588,0.09315229018781719,0.044569899243209754
2019-08-09,0.07680494029136202,0.0790683107336985,0.21380018281971477,0.2822190913853219,0.21038528533887588,0.09315229018781719,0.044569899243209754
2019-08-16,0.07680494029136202,0.0790683107336985,0.21380018281971477,0.2822190913853219,0.21038528533887588,0.09315229018781719,0.044569899243209754
2019-08-23,0.07680494029136202,0.0790683107336985,0.21380018281971477,0.2822190913853219,0.21038528533887588,0.09315229018781719,0.044569899243209754
2019-08-30,0.07613868163259435,0.08380162864361451,0.21623159134241304,0.3334355275091279,0.19637757308702736,0.056117127009073814,0.03789787077614892
2019-09-06,0.07613868163259435,0.08380162864361451,0.21623159134241304,0.3334355275091279,0.19637757308702736,0.056117127009073814,0.03789787077614892
2019-09-13,0.07613868163259435,0.08380162864361451,0.21623159134241304,0.3334355275091279,0.19637757308702736,0.056117127009073814,0.03789787077614892
2019-09-20,0.07613868163259435,0.08380162864361451,0.21623159134241304,0.3334355275091279,0.19637757308702736,0.056117127009073814,0.03789787077614892
2019-09-27,0.0805134042187333,0.08803410285359937,0.21295735873882432,0.33786136127846683,0.20977112235675277,0.033588890852794887,0.03727375970082847
2019-10-04,0.0805134042187333,0.08803410285359937,0.21295735873882432,0.33786136127846683,0.20977112235675277,0.033588890852794887,0.03727375970082847
2019-10-11,0.0805134042187333,0.08803410285359937,0.21295735873882432,0.33786136127846683,0.20977112235675277,0.033588890852794887,0.03727375970082847
2019-10-18,0.0805134042187333,0.08803410285359937,0.21295735873882432,0.33786136127846683,0.20977112235675277,0.033588890852794887,0.03727375970082847
2019-10-25,0.07934866366930529,0.07834808668005235,0.2472237385803072,0.41412098146259757,0.18095852960773756,0.0,0.0
2019-11-01,0.07934866366930529,0.07834808668005235,0.2472237385803072,0.41412098146259757,0.18095852960773756,0.0,0.0
2019-11-08,0.07934866366930529,0.07834808668005235,0.2472237385803072,0.41412098146259757,0.18095852960773756,0.0,0.0
2019-11-15,0.07934866366930529,0.07834808668005235,0.2472237385803072,0.41412098146259757,0.18095852960773756,0.0,0.0
2019-11-22,0.07934866366930529,0.07834808668005235,0.2472237385803072,0.41412098146259757,0.18095852960773756,0.0,0.0
2019-11-29,0.068646145668392,0.08490322741866149,0.22531909871717928,0.3783140983304299,0.24281742986533744,0.0,0.0
2019-12-06,0.068646145668392,0.08490322741866149,0.22531909871717928,0.3783140983304299,0.24281742986533744,0.0,0.0
2019-12-13,0.068646145668392,0.08490322741866149,0.22531909871717928,0.3783140983304299,0.24281742986533744,0.0,0.0
2019-12-20,0.068646145668392,0.08490322741866149,0.22531909871717928,0.3783140983304299,0.24281742986533744,0.0,0.0
2019-12-27,0.0584938481643761,0.07729313446196576,0.21904274852582595,0.3888902882860932,0.256279980561739,0.0,0.0
2020-01-03,0.0584938481643761,0.07729313446196576,0.21904274852582595,0.3888902882860932,0.256279980561739,0.0,0.0
2020-01-10,0.0584938481643761,0.07729313446196576,0.21904274852582595,0.3888902882860932,0.256279980561739,0.0,0.0
2020-01-17,0.0584938481643761,0.07729313446196576,0.21904274852582595,0.3888902882860932,0.256279980561739,0.0,0.0
2020-01-24,0.0584938481643761,0.07729313446196576,0.21904274852582595,0.3888902882860932,0.256279980561739,0.0,0.0
2020-01-31,0.0558184570563672,0.06846723025917656,0.23879054082043816,0.40302414870103603,0.23389962316298207,0.0,0.0
2020-02-07,0.0558184570563672,0.06846723025917656,0.23879054082043816,0.40302414870103603,0.23389962316298207,0.0,0.0
2020-02-14,0.0558184570563672,0.06846723025917656,0.23879054082043816,0.40302414870103603,0.23389962316298207,0.0,0.0
2020-02-21,0.0558184570563672,0.06846723025917656,0.23879054082043816,0.40302414870103603,0.23389962316298207,0.0,0.0
2020-02-28,0.049889786606873314,0.053813741635607086,0.17477292298837058,0.3374515913764973,0.18407195739265175,0.0,0.19999999999999996
2020-03-06,0.049889786606873314,0.053813741635607086,0.17477292298837058,0.3374515913764973,0.18407195739265175,0.0,0.19999999999999996
2020-03-13,0.049889786606873314,0.053813741635607086,0.17477292298837058,0.3374515913764973,0.18407195739265175,0.0,0.19999999999999996
2020-03-20,0.049889786606873314,0.053813741635607086,0.17477292298837058,0.3374515913764973,0.18407195739265175,0.0,0.19999999999999996
2020-03-27,0.04715648414263383,0.02886127034229602,0.07638039242894235,0.1732354774129492,0.07436637567317864,0.0,0.6
2020-04-03,0.04715648414263383,0.02886127034229602,0.07638039242894235,0.1732354774129492,0.07436637567317864,0.0,0.6
2020-04-10,0.04715648414263383,0.02886127034229602,0.07638039242894235,0.1732354774129492,0.07436637567317864,0.0,0.6
2020-04-17,0.04715648414263383,0.02886127034229602,0.07638039242894235,0.1732354774129492,0.07436637567317864,0.0,0.6
2020-04-24,0.045255032208930485,0.03054025970042036,0.06512045756587669,0.17594128644776952,0.08314296407700297,0.0,0.6
2020-05-01,0.045255032208930485,0.03054025970042036,0.06512045756587669,0.17594128644776952,0.08314296407700297,0.0,0.6
2020-05-08,0.045255032208930485,0.03054025970042036,0.06512045756587669,0.17594128644776952,0.08314296407700297,0.0,0.6
2020-05-15,0.045255032208930485,0.03054025970042036,0.06512045756587669,0.17594128644776952,0.08314296407700297,0.0,0.6
2020-05-22,0.045255032208930485,0.03054025970042036,0.06512045756587669,0.17594128644776952,0.08314296407700297,0.0,0.6
2020-05-29,0.04419832651143051,0.03172120583394653,0.05863431961761456,0.1775647718686617,0.08788137616834671,0.0,0.6
2020-06-05,0.04419832651143051,0.03172120583394653,0.05863431961761456,0.1775647718686617,0.08788137616834671,0.0,0.6
2020-06-12,0.04419832651143051,0.03172120583394653,0.05863431961761456,0.1775647718686617,0.08788137616834671,0.0,0.6
2020-06-19,0.04419832651143051,0.03172120583394653,0.05863431961761456,0.1775647718686617,0.08788137616834671,0.0,0.6
2020-06-26,0.043618915805319874,0.0324911283363985,0.05515619341176106,0.17853886312119702,0.09019489932532355,0.0,0.6
2020-07-03,0.043618915805319874,0.0324911283363985,0.05515619341176106,0.17853886312119702,0.09019489932532355,0.0,0.6
2020-07-10,0.043618915805319874,0.0324911283363985,0.05515619341176106,0.17853886312119702,0.09019489932532355,0.0,0.6
2020-07-17,0.043618915805319874,0.0324911283363985,0.05515619341176106,0.17853886312119702,0.09019489932532355,0.0,0.6
2020-07-24,0.043618915805319874,0.0324911283363985,0.05515619341176106,0.17853886312119702,0.09019489932532355,0.0,0.6
2020-07-31,0.08752111801207635,0.06162970717228274,0.09840141838236184,0.3998406281302516,0.14614803784749156,0.1762781799608655,0.03018091049467042
2020-08-07,0.08752111801207635,0.06162970717228274,0.09840141838236184,0.3998406281302516,0.14614803784749156,0.1762781799608655,0.03018091049467042
2020-08-14,0.08752111801207635,0.06162970717228274,0.09840141838236184,0.3998406281302516,0.14614803784749156,0.1762781799608655,0.03018091049467042
2020-08-21,0.08752111801207635,0.06162970717228274,0.09840141838236184,0.3998406281302516,0.14614803784749156,0.1762781799608655,0.03018091049467042
2020-08-28,0.06051295462441504,0.05045234503471101,0.06627017624819542,0.36375944865659215,0.10506816110087988,0.28958304869402524,0.06435386564118128
2020-09-04,0.06051295462441504,0.05045234503471101,0.06627017624819542,0.36375944865659215,0.10506816110087988,0.28958304869402524,0.06435386564118128
2020-09-11,0.06051295462441504,0.05045234503471101,0.06627017624819542,0.36375944865659215,0.10506816110087988,0.28958304869402524,0.06435386564118128
2020-09-18,0.06051295462441504,0.05045234503471101,0.06627017624819542,0.36375944865659215,0.10506816110087988,0.28958304869402524,0.06435386564118128
2020-09-25,0.0841562867350296,0.06932717166719579,0.08823396597757568,0.3934304916555155,0.14284048208464617,0.17678674804484665,0.04522485383519059
2020-10-02,0.0841562867350296,0.06932717166719579,0.08823396597757568,0.3934304916555155,0.14284048208464617,0.17678674804484665,0.04522485383519059
2020-10-09,0.0841562867350296,0.06932717166719579,0.08823396597757568,0.3934304916555155,0.14284048208464617,0.17678674804484665,0.04522485383519059
2020-10-16,0.0841562867350296,0.06932717166719579,0.08823396597757568,0.3934304916555155,0.14284048208464617,0.17678674804484665,0.04522485383519059
2020-10-23,0.0841562867350296,0.06932717166719579,0.08823396597757568,0.3934304916555155,0.14284048208464617,0.17678674804484665,0.04522485383519059
2020-10-30,0.09226610024483474,0.0787632600177795,0.10198329549793048,0.4067321687627999,0.1696822831602616,0.10576374017363198,0.04480915214276182
2020-11-06,0.09226610024483474,0.0787632600177795,0.10198329549793048,0.4067321687627999,0.1696822831602616,0.10576374017363198,0.04480915214276182
2020-11-13,0.09226610024483474,0.0787632600177795,0.10198329549793048,0.4067321687627999,0.1696822831602616,0.10576374017363198,0.04480915214276182
2020-11-20,0.09226610024483474,0.0787632600177795,0.10198329549793048,0.4067321687627999,0.1696822831602616,0.10576374017363198,0.04480915214276182
2020-11-27,0.059219036946116105,0.058835892329016856,0.06335079373354568,0.32789908068551316,0.14747988469640783,0.27969691184520706,0.06351839976419327
2020-12-04,0.059219036946116105,0.058835892329016856,0.06335079373354568,0.32789908068551316,0.14747988469640783,0.27969691184520706,0.06351839976419327
2020-12-11,0.059219036946116105,0.058835892329016856,0.06335079373354568,0.32789908068551316,0.14747988469640783,0.27969691184520706,0.06351839976419327
2020-12-18,0.059219036946116105,0.058835892329016856,0.06335079373354568,0.32789908068551316,0.14747988469640783,0.27969691184520706,0.06351839976419327
2020-12-25,0.05635031511728516,0.05847213659366676,0.06608824730244381,0.3299067920690342,0.13924530907541485,0.286225263315343,0.06371193652681217
2021-01-01,0.05635031511728516,0.05847213659366676,0.06608824730244381,0.3299067920690342,0.13924530907541485,0.286225263315343,0.06371193652681217
2021-01-08,0.05635031511728516,0.05847213659366676,0.06608824730244381,0.3299067920690342,0.13924530907541485,0.286225263315343,0.06371193652681217
2021-01-15,0.05635031511728516,0.05847213659366676,0.06608824730244381,0.3299067920690342,0.13924530907541485,0.286225263315343,0.06371193652681217
2021-01-22,0.05635031511728516,0.05847213659366676,0.06608824730244381,0.3299067920690342,0.13924530907541485,0.286225263315343,0.06371193652681217
2021-01-29,0.07823597860860014,0.0686448304426557,0.08282215513515229,0.37544602733499505,0.18070924618425946,0.17593865825586405,0.03820310403847327
2021-02-05,0.07823597860860014,0.0686448304426557,0.08282215513515229,0.37544602733499505,0.18070924618425946,0.17593865825586405,0.03820310403847327
2021-02-12,0.07823597860860014,0.0686448304426557,0.08282215513515229,0.37544602733499505,0.18070924618425946,0.17593865825586405,0.03820310403847327
2021-02-19,0.07823597860860014,0.0686448304426557,0.08282215513515229,0.37544602733499505,0.18070924618425946,0.17593865825586405,0.03820310403847327
2021-02-26,0.09164937072526232,0.0743402150353499,0.0899767186821097,0.39837038472850644,0.20459584487676033,0.10555771716444422,0.035509748787567186
2021-03-05,0.09164937072526232,0.0743402150353499,0.0899767186821097,0.39837038472850644,0.20459584487676033,0.10555771716444422,0.035509748787567186
2021-03-12,0.09164937072526232,0.0743402150353499,0.0899767186821097,0.39837038472850644,0.20459584487676033,0.10555771716444422,0.035509748787567186
2021-03-19,0.09164937072526232,0.0743402150353499,0.0899767186821097,0.39837038472850644,0.20459584487676033,0.10555771716444422,0.035509748787567186
2021-03-26,0.19659295670999322,0.08748409896997836,0.1348900028517392,0.45,0.1310329414682893,0.0,0.0
2021-04-02,0.19659295670999322,0.08748409896997836,0.1348900028517392,0.45,0.1310329414682893,0.0,0.0
2021-04-09,0.19659295670999322,0.08748409896997836,0.1348900028517392,0.45,0.1310329414682893,0.0,0.0
2021-04-16,0.19659295670999322,0.08748409896997836,0.1348900028517392,0.45,0.1310329414682893,0.0,0.0
2021-04-23,0.19659295670999322,0.08748409896997836,0.1348900028517392,0.45,0.1310329414682893,0.0,0.0
2021-04-30,0.2032640320279151,0.08606228642361341,0.12581244064073283,0.45,0.13486124090773866,0.0,0.0
2021-05-07,0.2032640320279151,0.08606228642361341,0.12581244064073283,0.45,0.13486124090773866,0.0,0.0
2021-05-14,0.2032640320279151,0.08606228642361341,0.12581244064073283,0.45,0.13486124090773866,0.0,0.0
2021-05-21,0.2032640320279151,0.08606228642361341,0.12581244064073283,0.45,0.13486124090773866,0.0,0.0
2021-05-28,0.20967270027194956,0.08097955808658504,0.12555424250015726,0.45,0.13379349914130823,0.0,0.0
2021-06-04,0.20967270027194956,0.08097955808658504,0.12555424250015726,0.45,0.13379349914130823,0.0,0.0
2021-06-11,0.20967270027194956,0.08097955808658504,0.12555424250015726,0.45,0.13379349914130823,0.0,0.0
2021-06-18,0.20967270027194956,0.08097955808658504,0.12555424250015726,0.45,0.13379349914130823,0.0,0.0
2021-06-25,0.21488119155036625,0.08176122002693849,0.12339363339474123,0.45,0.129963955027954,0.0,0.0
2021-07-02,0.21488119155036625,0.08176122002693849,0.12339363339474123,0.45,0.129963955027954,0.0,0.0
2021-07-09,0.21488119155036625,0.08176122002693849,0.12339363339474123,0.45,0.129963955027954,0.0,0.0
2021-07-16,0.21488119155036625,0.08176122002693849,0.12339363339474123,0.45,0.129963955027954,0.0,0.0
2021-07-23,0.21488119155036625,0.08176122002693849,0.12339363339474123,0.45,0.129963955027954,0.0,0.0
2021-07-30,0.10632999721243391,0.08452460531074213,0.1235226723974622,0.44127295253816823,0.24434977254119347,0.0,0.0
2021-08-06,0.10632999721243391,0.08452460531074213,0.1235226723974622,0.44127295253816823,0.24434977254119347,0.0,0.0
2021-08-13,0.10632999721243391,0.08452460531074213,0.1235226723974622,0.44127295253816823,0.24434977254119347,0.0,0.0
2021-08-20,0.10632999721243391,0.08452460531074213,0.1235226723974622,0.44127295253816823,0.24434977254119347,0.0,0.0
2021-08-27,0.1153277801058339,0.09254452485575386,0.14411552404667635,0.4042150874514218,0.243797083540314,0.0,0.0
2021-09-03,0.1153277801058339,0.09254452485575386,0.14411552404667635,0.4042150874514218,0.243797083540314,0.0,0.0
2021-09-10,0.1153277801058339,0.09254452485575386,0.14411552404667635,0.4042150874514218,0.243797083540314,0.0,0.0
2021-09-17,0.1153277801058339,0.09254452485575386,0.14411552404667635,0.4042150874514218,0.243797083540314,0.0,0.0
2021-09-24,0.1121115778550464,0.085946871844869,0.14015714424471698,0.4140981303580306,0.247686275697337,0.0,0.0
2021-10-01,0.1121115778550464,0.085946871844869,0.14015714424471698,0.4140981303580306,0.247686275697337,0.0,0.0
2021-10-08,0.1121115778550464,0.085946871844869,0.14015714424471698,0.4140981303580306,0.247686275697337,0.0,0.0
2021-10-15,0.1121115778550464,0.085946871844869,0.14015714424471698,0.4140981303580306,0.247686275697337,0.0,0.0
2021-10-22,0.1121115778550464,0.085946871844869,0.14015714424471698,0.4140981303580306,0.247686275697337,0.0,0.0
2021-10-29,0.22486645179712292,0.08711910166180614,0.14855501073257388,0.4269048274986966,0.11255460830980037,0.0,0.0
2021-11-05,0.22486645179712292,0.08711910166180614,0.14855501073257388,0.4269048274986966,0.11255460830980037,0.0,0.0
2021-11-12,0.22486645179712292,0.08711910166180614,0.14855501073257388,0.4269048274986966,0.11255460830980037,0.0,0.0
2021-11-19,0.22486645179712292,0.08711910166180614,0.14855501073257388,0.4269048274986966,0.11255460830980037,0.0,0.0
2021-11-26,0.18570708779446754,0.08803016919941249,0.14472808026459527,0.43061061156492725,0.1509240511765974,0.0,0.0
2021-12-03,0.18570708779446754,0.08803016919941249,0.14472808026459527,0.43061061156492725,0.1509240511765974,0.0,0.0
2021-12-10,0.18570708779446754,0.08803016919941249,0.14472808026459527,0.43061061156492725,0.1509240511765974,0.0,0.0
2021-12-17,0.18570708779446754,0.08803016919941249,0.14472808026459527,0.43061061156492725,0.1509240511765974,0.0,0.0
2021-12-24,0.18570708779446754,0.08803016919941249,0.14472808026459527,0.43061061156492725,0.1509240511765974,0.0,0.0
2021-12-31,0.204393613259692,0.0819179122831654,0.13202040757658298,0.41140881877037294,0.13149887471463137,0.0,0.03876037339555527
2022-01-07,0.204393613259692,0.0819179122831654,0.13202040757658298,0.41140881877037294,0.13149887471463137,0.0,0.03876037339555527
2022-01-14,0.204393613259692,0.0819179122831654,0.13202040757658298,0.41140881877037294,0.13149887471463137,0.0,0.03876037339555527
2022-01-21,0.204393613259692,0.0819179122831654,0.13202040757658298,0.41140881877037294,0.13149887471463137,0.0,0.03876037339555527
2022-01-28,0.18249139153795402,0.07074517589785805,0.11481818256570442,0.35255083098158535,0.10539879417835739,0.0,0.1739956248385408
2022-02-04,0.18249139153795402,0.07074517589785805,0.11481818256570442,0.35255083098158535,0.10539879417835739,0.0,0.1739956248385408
2022-02-11,0.18249139153795402,0.07074517589785805,0.11481818256570442,0.35255083098158535,0.10539879417835739,0.0,0.1739956248385408
2022-02-18,0.18249139153795402,0.07074517589785805,0.11481818256570442,0.35255083098158535,0.10539879417835739,0.0,0.1739956248385408
2022-02-25,0.1806617030923653,0.0683310656039859,0.11369900907046429,0.3429582898875488,0.09434993234563577,0.0,0.19999999999999996
2022-03-04,0.1806617030923653,0.0683310656039859,0.11369900907046429,0.3429582898875488,0.09434993234563577,0.0,0.19999999999999996
2022-03-11,0.1806617030923653,0.0683310656039859,0.11369900907046429,0.3429582898875488,0.09434993234563577,0.0,0.19999999999999996
2022-03-18,0.1806617030923653,0.0683310656039859,0.11369900907046429,0.3429582898875488,0.09434993234563577,0.0,0.19999999999999996
2022-03-25,0.08917372271883144,0.03345480939539041,0.05643689622464834,0.17488748696626463,0.04604708469486521,0.0,0.6
2022-04-01,0.08917372271883144,0.03345480939539041,0.05643689622464834,0.17488748696626463,0.04604708469486521,0.0,0.6
2022-04-08,0.08917372271883144,0.03345480939539041,0.05643689622464834,0.17488748696626463,0.04604708469486521,0.0,0.6
2022-04-15,0.08917372271883144,0.03345480939539041,0.05643689622464834,0.17488748696626463,0.04604708469486521,0.0,0.6
2022-04-22,0.08917372271883144,0.03345480939539041,0.05643689622464834,0.17488748696626463,0.04604708469486521,0.0,0.6
2022-04-29,0.08832969964507814,0.033012376662672094,0.056403168855587785,0.1769324921797588,0.04532226265690323,0.0,0.6
2022-05-06,0.08832969964507814,0.033012376662672094,0.056403168855587785,0.1769324921797588,0.04532226265690323,0.0,0.6
2022-05-13,0.08832969964507814,0.033012376662672094,0.056403168855587785,0.1769324921797588,0.04532226265690323,0.0,0.6
2022-05-20,0.08832969964507814,0.033012376662672094,0.056403168855587785,0.1769324921797588,0.04532226265690323,0.0,0.6
2022-05-27,0.08708571381890001,0.033077074782278344,0.05658364710247357,0.17815949530785524,0.04509406898849285,0.0,0.6000000000000001
2022-06-03,0.08708571381890001,0.033077074782278344,0.05658364710247357,0.17815949530785524,0.04509406898849285,0.0,0.6000000000000001
2022-06-10,0.08708571381890001,0.033077074782278344,0.05658364710247357,0.17815949530785524,0.04509406898849285,0.0,0.6000000000000001
2022-06-17,0.08708571381890001,0.033077074782278344,0.05658364710247357,0.17815949530785524,0.04509406898849285,0.0,0.6000000000000001
2022-06-24,0.08552782492155371,0.03341452304746819,0.056905180953036295,0.17889569718471315,0.045256773893228686,0.0,0.6
2022-07-01,0.08552782492155371,0.03341452304746819,0.056905180953036295,0.17889569718471315,0.045256773893228686,0.0,0.6
2022-07-08,0.08552782492155371,0.03341452304746819,0.056905180953036295,0.17889569718471315,0.045256773893228686,0.0,0.6
2022-07-15,0.08552782492155371,0.03341452304746819,0.056905180953036295,0.17889569718471315,0.045256773893228686,0.0,0.6
2022-07-22,0.08552782492155371,0.03341452304746819,0.056905180953036295,0.17889569718471315,0.045256773893228686,0.0,0.6
2022-07-29,0.08520492028515639,0.03365075335331831,0.05752578980238002,0.1793374183108279,0.044281118248317444,0.0,0.6
2022-08-05,0.08520492028515639,0.03365075335331831,0.05752578980238002,0.1793374183108279,0.044281118248317444,0.0,0.6
2022-08-12,0.08520492028515639,0.03365075335331831,0.05752578980238002,0.1793374183108279,0.044281118248317444,0.0,0.6
2022-08-19,0.08520492028515639,0.03365075335331831,0.05752578980238002,0.1793374183108279,0.044281118248317444,0.0,0.6
2022-08-26,0.08556618474168588,0.03375592286254033,0.05803513662418978,0.17960245098649674,0.04304030478508731,0.0,0.6
2022-09-02,0.08556618474168588,0.03375592286254033,0.05803513662418978,0.17960245098649674,0.04304030478508731,0.0,0.6
2022-09-09,0.08556618474168588,0.03375592286254033,0.05803513662418978,0.17960245098649674,0.04304030478508731,0.0,0.6
2022-09-16,0.08556618474168588,0.03375592286254033,0.05803513662418978,0.17960245098649674,0.04304030478508731,0.0,0.6
2022-09-23,0.08556618474168588,0.03375592286254033,0.05803513662418978,0.17960245098649674,0.04304030478508731,0.0,0.6
2022-09-30,0.08617091743140971,0.03340240677089348,0.05847016690677899,0.17976147059189806,0.0421950382990198,0.0,0.6
2022-10-07,0.08617091743140971,0.03340240677089348,0.05847016690677899,0.17976147059189806,0.0421950382990198,0.0,0.6
2022-10-14,0.08617091743140971,0.03340240677089348,0.05847016690677899,0.17976147059189806,0.0421950382990198,0.0,0.6
2022-10-21,0.08617091743140971,0.03340240677089348,0.05847016690677899,0.17976147059189806,0.0421950382990198,0.0,0.6
2022-10-28,0.08673153406623207,0.03308859646558838,0.05871582841135667,0.17985688235513886,0.04160715870168409,0.0,0.6
2022-11-04,0.08673153406623207,0.03308859646558838,0.05871582841135667,0.17985688235513886,0.04160715870168409,0.0,0.6
2022-11-11,0.08673153406623207,0.03308859646558838,0.05871582841135667,0.17985688235513886,0.04160715870168409,0.0,0.6
2022-11-18,0.08673153406623207,0.03308859646558838,0.05871582841135667,0.17985688235513886,0.04160715870168409,0.0,0.6
2022-11-25,0.08715249237498007,0.032910857904960046,0.058704951883982275,0.17991412941308332,0.04131756842299431,0.0,0.5999999999999999
2022-12-02,0.08715249237498007,0.032910857904960046,0.058704951883982275,0.17991412941308332,0.04131756842299431,0.0,0.5999999999999999
2022-12-09,0.08715249237498007,0.032910857904960046,0.058704951883982275,0.17991412941308332,0.04131756842299431,0.0,0.5999999999999999
2022-12-16,0.08715249237498007,0.032910857904960046,0.058704951883982275,0.17991412941308332,0.04131756842299431,0.0,0.5999999999999999
2022-12-23,0.08715249237498007,0.032910857904960046,0.058704951883982275,0.17991412941308332,0.04131756842299431,0.0,0.5999999999999999
2022-12-30,0.1748602201021615,0.0655621951927025,0.11746058975921736,0.3598969552957,0.08222003965021868,0.0,0.19999999999999996
2023-01-06,0.1748602201021615,0.0655621951927025,0.11746058975921736,0.3598969552957,0.08222003965021868,0.0,0.19999999999999996
2023-01-13,0.1748602201021615,0.0655621951927025,0.11746058975921736,0.3598969552957,0.08222003965021868,0.0,0.19999999999999996
2023-01-20,0.1748602201021615,0.0655621951927025,0.11746058975921736,0.3598969552957,0.08222003965021868,0.0,0.19999999999999996
2023-01-27,0.15252195472651012,0.06054821826582941,0.1303764809717831,0.4237140315242438,0.07056311120886348,0.1349409431410318,0.027335260161738373
2023-02-03,0.15252195472651012,0.06054821826582941,0.1303764809717831,0.4237140315242438,0.07056311120886348,0.1349409431410318,0.027335260161738373
2023-02-10,0.15252195472651012,0.06054821826582941,0.1303764809717831,0.4237140315242438,0.07056311120886348,0.1349409431410318,0.027335260161738373
2023-02-17,0.15252195472651012,0.06054821826582941,0.1303764809717831,0.4237140315242438,0.07056311120886348,0.1349409431410318,0.027335260161738373
2023-02-24,0.143207446691948,0.05652214689443233,0.1223876947673359,0.35669850765595473,0.06206969393872968,0.06727089868999406,0.19184361136160533
2023-03-03,0.143207446691948,0.05652214689443233,0.1223876947673359,0.35669850765595473,0.06206969393872968,0.06727089868999406,0.19184361136160533
2023-03-10,0.143207446691948,0.05652214689443233,0.1223876947673359,0.35669850765595473,0.06206969393872968,0.06727089868999406,0.19184361136160533
2023-03-17,0.143207446691948,0.05652214689443233,0.1223876947673359,0.35669850765595473,0.06206969393872968,0.06727089868999406,0.19184361136160533
2023-03-24,0.143207446691948,0.05652214689443233,0.1223876947673359,0.35669850765595473,0.06206969393872968,0.06727089868999406,0.19184361136160533
2023-03-31,0.14602003844066733,0.06284670755688296,0.2168577783738391,0.3753983707781428,0.06746493114242398,0.10111442223252007,0.030297751475523715
2023-04-07,0.14602003844066733,0.06284670755688296,0.2168577783738391,0.3753983707781428,0.06746493114242398,0.10111442223252007,0.030297751475523715
2023-04-14,0.14602003844066733,0.06284670755688296,0.2168577783738391,0.3753983707781428,0.06746493114242398,0.10111442223252007,0.030297751475523715
2023-04-21,0.14602003844066733,0.06284670755688296,0.2168577783738391,0.3753983707781428,0.06746493114242398,0.10111442223252007,0.030297751475523715
2023-04-28,0.13886828407328833,0.06284431458520551,0.23110039121121312,0.3923572991513794,0.06981147414059173,0.05956112617775128,0.045457110660570565
2023-05-05,0.13886828407328833,0.06284431458520551,0.23110039121121312,0.3923572991513794,0.06981147414059173,0.05956112617775128,0.045457110660570565
2023-05-12,0.13886828407328833,0.06284431458520551,0.23110039121121312,0.3923572991513794,0.06981147414059173,0.05956112617775128,0.045457110660570565
2023-05-19,0.13886828407328833,0.06284431458520551,0.23110039121121312,0.3923572991513794,0.06981147414059173,0.05956112617775128,0.045457110660570565
2023-05-26,0.1648581637503366,0.08281356374032119,0.2509706045680928,0.4104916127086656,0.09086605523258386,0.0,0.0
2023-06-02,0.1648581637503366,0.08281356374032119,0.2509706045680928,0.4104916127086656,0.09086605523258386,0.0,0.0
2023-06-09,0.1648581637503366,0.08281356374032119,0.2509706045680928,0.4104916127086656,0.09086605523258386,0.0,0.0
2023-06-16,0.1648581637503366,0.08281356374032119,0.2509706045680928,0.4104916127086656,0.09086605523258386,0.0,0.0
2023-06-23,0.1648581637503366,0.08281356374032119,0.2509706045680928,0.4104916127086656,0.09086605523258386,0.0,0.0
2023-06-30,0.1842426830306216,0.09842515962066706,0.2512317058645155,0.37617507379421733,0.08992537768997856,0.0,0.0
2023-07-07,0.1842426830306216,0.09842515962066706,0.2512317058645155,0.37617507379421733,0.08992537768997856,0.0,0.0
2023-07-14,0.1842426830306216,0.09842515962066706,0.2512317058645155,0.37617507379421733,0.08992537768997856,0.0,0.0
2023-07-21,0.1842426830306216,0.09842515962066706,0.2512317058645155,0.37617507379421733,0.08992537768997856,0.0,0.0
2023-07-28,0.19117853077690963,0.09467054616272816,0.2647717543934441,0.3671988235496445,0.0821803451172737,0.0,0.0
2023-08-04,0.19117853077690963,0.09467054616272816,0.2647717543934441,0.3671988235496445,0.0821803451172737,0.0,0.0
2023-08-11,0.19117853077690963,0.09467054616272816,0.2647717543934441,0.3671988235496445,0.0821803451172737,0.0,0.0
2023-08-18,0.19117853077690963,0.09467054616272816,0.2647717543934441,0.3671988235496445,0.0821803451172737,0.0,0.0
2023-08-25,0.1835736450246392,0.09621512237635066,0.28378722437257914,0.3515232920258261,0.08490071620060496,0.0,0.0
2023-09-01,0.1835736450246392,0.09621512237635066,0.28378722437257914,0.3515232920258261,0.08490071620060496,0.0,0.0
2023-09-08,0.1835736450246392,0.09621512237635066,0.28378722437257914,0.3515232920258261,0.08490071620060496,0.0,0.0
2023-09-15,0.1835736450246392,0.09621512237635066,0.28378722437257914,0.3515232920258261,0.08490071620060496,0.0,0.0
2023-09-22,0.1835736450246392,0.09621512237635066,0.28378722437257914,0.3515232920258261,0.08490071620060496,0.0,0.0
2023-09-29,0.1632427896272416,0.08194672097317095,0.26143222399104954,0.3379784617326664,0.0787365938281637,0.0,0.0766632098477078
2023-10-06,0.1632427896272416,0.08194672097317095,0.26143222399104954,0.3379784617326664,0.0787365938281637,0.0,0.0766632098477078
2023-10-13,0.1632427896272416,0.08194672097317095,0.26143222399104954,0.3379784617326664,0.0787365938281637,0.0,0.0766632098477078
2023-10-20,0.1632427896272416,0.08194672097317095,0.26143222399104954,0.3379784617326664,0.0787365938281637,0.0,0.0766632098477078
2023-10-27,0.1375382279321223,0.07311642089810277,0.22184942981609465,0.25972763352839473,0.10776828782528557,0.0,0.19999999999999996
2023-11-03,0.1375382279321223,0.07311642089810277,0.22184942981609465,0.25972763352839473,0.10776828782528557,0.0,0.19999999999999996
2023-11-10,0.1375382279321223,0.07311642089810277,0.22184942981609465,0.25972763352839473,0.10776828782528557,0.0,0.19999999999999996
2023-11-17,0.1375382279321223,0.07311642089810277,0.22184942981609465,0.25972763352839473,0.10776828782528557,0.0,0.19999999999999996
2023-11-24,0.18355068689821835,0.08840126795189678,0.27022428112176594,0.3519583895600589,0.10586537446806006,0.0,0.0
2023-12-01,0.18355068689821835,0.08840126795189678,0.27022428112176594,0.3519583895600589,0.10586537446806006,0.0,0.0
2023-12-08,0.18355068689821835,0.08840126795189678,0.27022428112176594,0.3519583895600589,0.10586537446806006,0.0,0.0
2023-12-15,0.18355068689821835,0.08840126795189678,0.27022428112176594,0.3519583895600589,0.10586537446806006,0.0,0.0
2023-12-22,0.18355068689821835,0.08840126795189678,0.27022428112176594,0.3519583895600589,0.10586537446806006,0.0,0.0
2023-12-29,0.18616049434484716,0.09145620396964461,0.27315686247755494,0.21245728555948382,0.2367691536484695,0.0,0.0
2024-01-05,0.18616049434484716,0.09145620396964461,0.27315686247755494,0.21245728555948382,0.2367691536484695,0.0,0.0
2024-01-12,0.18616049434484716,0.09145620396964461,0.27315686247755494,0.21245728555948382,0.2367691536484695,0.0,0.0
2024-01-19,0.18616049434484716,0.09145620396964461,0.27315686247755494,0.21245728555948382,0.2367691536484695,0.0,0.0
2024-01-26,0.17660075338316544,0.09057325795130597,0.23807334801457258,0.24416665457457157,0.21184158433447028,0.0,0.03874440174191418
2024-02-02,0.17660075338316544,0.09057325795130597,0.23807334801457258,0.24416665457457157,0.21184158433447028,0.0,0.03874440174191418
2024-02-09,0.17660075338316544,0.09057325795130597,0.23807334801457258,0.24416665457457157,0.21184158433447028,0.0,0.03874440174191418
2024-02-16,0.17660075338316544,0.09057325795130597,0.23807334801457258,0.24416665457457157,0.21184158433447028,0.0,0.03874440174191418
2024-02-23,0.19650855669562053,0.10468279838726943,0.20503115483150042,0.28788273351036475,0.20589475657524478,0.0,0.0
2024-03-01,0.19650855669562053,0.10468279838726943,0.20503115483150042,0.28788273351036475,0.20589475657524478,0.0,0.0
2024-03-08,0.19650855669562053,0.10468279838726943,0.20503115483150042,0.28788273351036475,0.20589475657524478,0.0,0.0
2024-03-15,0.19650855669562053,0.10468279838726943,0.20503115483150042,0.28788273351036475,0.20589475657524478,0.0,0.0
2024-03-22,0.19650855669562053,0.10468279838726943,0.20503115483150042,0.28788273351036475,0.20589475657524478,0.0,0.0
2024-03-29,0.18319763386139137,0.10369855154131569,0.23946372384984552,0.26960997906626183,0.2040301116811856,0.0,0.0
2024-04-05,0.18319763386139137,0.10369855154131569,0.23946372384984552,0.26960997906626183,0.2040301116811856,0.0,0.0
2024-04-12,0.18319763386139137,0.10369855154131569,0.23946372384984552,0.26960997906626183,0.2040301116811856,0.0,0.0
2024-04-19,0.18319763386139137,0.10369855154131569,0.23946372384984552,0.26960997906626183,0.2040301116811856,0.0,0.0
2024-04-26,0.1669613395209817,0.09310443038556475,0.2276304858430005,0.28572749326468594,0.19050842775753382,0.0,0.03606782322823332
2024-05-03,0.1669613395209817,0.09310443038556475,0.2276304858430005,0.28572749326468594,0.19050842775753382,0.0,0.03606782322823332
2024-05-10,0.1669613395209817,0.09310443038556475,0.2276304858430005,0.28572749326468594,0.19050842775753382,0.0,0.03606782322823332
2024-05-17,0.1669613395209817,0.09310443038556475,0.2276304858430005,0.28572749326468594,0.19050842775753382,0.0,0.03606782322823332
2024-05-24,0.1669613395209817,0.09310443038556475,0.2276304858430005,0.28572749326468594,0.19050842775753382,0.0,0.03606782322823332
2024-05-31,0.16499153383729798,0.08043669603806364,0.20505531026949608,0.4383938661185268,0.11112259373661551,0.0,0.0
2024-06-07,0.16499153383729798,0.08043669603806364,0.20505531026949608,0.4383938661185268,0.11112259373661551,0.0,0.0
2024-06-14,0.16499153383729798,0.08043669603806364,0.20505531026949608,0.4383938661185268,0.11112259373661551,0.0,0.0
2024-06-21,0.16499153383729798,0.08043669603806364,0.20505531026949608,0.4383938661185268,0.11112259373661551,0.0,0.0
2024-06-28,0.13889437769215593,0.09012036957008492,0.17806597734161073,0.4487694542806649,0.14414982111548358,0.0,0.0
2024-07-05,0.13889437769215593,0.09012036957008492,0.17806597734161073,0.4487694542806649,0.14414982111548358,0.0,0.0
2024-07-12,0.13889437769215593,0.09012036957008492,0.17806597734161073,0.4487694542806649,0.14414982111548358,0.0,0.0
2024-07-19,0.13889437769215593,0.09012036957008492,0.17806597734161073,0.4487694542806649,0.14414982111548358,0.0,0.0
2024-07-26,0.16572929333177208,0.06869346269585436,0.19788120985962596,0.40492621081860347,0.1627698232941442,0.0,0.0
2024-08-02,0.16572929333177208,0.06869346269585436,0.19788120985962596,0.40492621081860347,0.1627698232941442,0.0,0.0
2024-08-09,0.16572929333177208,0.06869346269585436,0.19788120985962596,0.40492621081860347,0.1627698232941442,0.0,0.0
2024-08-16,0.16572929333177208,0.06869346269585436,0.19788120985962596,0.40492621081860347,0.1627698232941442,0.0,0.0
2024-08-23,0.16572929333177208,0.06869346269585436,0.19788120985962596,0.40492621081860347,0.1627698232941442,0.0,0.0
2024-08-30,0.15793493947020912,0.06581323545680524,0.1839022512060452,0.4048563739789303,0.14778910311630097,0.0,0.03970409677170905
2024-09-06,0.15793493947020912,0.06581323545680524,0.1839022512060452,0.4048563739789303,0.14778910311630097,0.0,0.03970409677170905
2024-09-13,0.15793493947020912,0.06581323545680524,0.1839022512060452,0.4048563739789303,0.14778910311630097,0.0,0.03970409677170905
2024-09-20,0.15793493947020912,0.06581323545680524,0.1839022512060452,0.4048563739789303,0.14778910311630097,0.0,0.03970409677170905
2024-09-27,0.1563869469898919,0.06575098609956044,0.1838715383974696,0.4147166015017335,0.14010648378673382,0.0,0.03916744322461074
2024-10-04,0.1563869469898919,0.06575098609956044,0.1838715383974696,0.4147166015017335,0.14010648378673382,0.0,0.03916744322461074
2024-10-11,0.1563869469898919,0.06575098609956044,0.1838715383974696,0.4147166015017335,0.14010648378673382,0.0,0.03916744322461074
2024-10-18,0.1563869469898919,0.06575098609956044,0.1838715383974696,0.4147166015017335,0.14010648378673382,0.0,0.03916744322461074
2024-10-25,0.16278884265331728,0.0648728626024596,0.18099953441805877,0.42036962505324593,0.13154533975202237,0.0,0.03942379552089603
2024-11-01,0.16278884265331728,0.0648728626024596,0.18099953441805877,0.42036962505324593,0.13154533975202237,0.0,0.03942379552089603
2024-11-08,0.16278884265331728,0.0648728626024596,0.18099953441805877,0.42036962505324593,0.13154533975202237,0.0,0.03942379552089603
2024-11-15,0.16278884265331728,0.0648728626024596,0.18099953441805877,0.42036962505324593,0.13154533975202237,0.0,0.03942379552089603
2024-11-22,0.16278884265331728,0.0648728626024596,0.18099953441805877,0.42036962505324593,0.13154533975202237,0.0,0.03942379552089603
2024-11-29,0.16326766603788107,0.06646862858630066,0.17299937283046668,0.4231019658981133,0.1332719474313812,0.0,0.04089041921585701
2024-12-06,0.16326766603788107,0.06646862858630066,0.17299937283046668,0.4231019658981133,0.1332719474313812,0.0,0.04089041921585701
2024-12-13,0.16326766603788107,0.06646862858630066,0.17299937283046668,0.4231019658981133,0.1332719474313812,0.0,0.04089041921585701
2024-12-20,0.16326766603788107,0.06646862858630066,0.17299937283046668,0.4231019658981133,0.1332719474313812,0.0,0.04089041921585701
2024-12-27,0.1632555228243008,0.0695585229100576,0.1716090463604932,0.4267972066398726,0.1313952834193644,0.0,0.03738441784591151
2025-01-03,0.1632555228243008,0.0695585229100576,0.1716090463604932,0.4267972066398726,0.1313952834193644,0.0,0.03738441784591151
2025-01-10,0.1632555228243008,0.0695585229100576,0.1716090463604932,0.4267972066398726,0.1313952834193644,0.0,0.03738441784591151
2025-01-17,0.1632555228243008,0.0695585229100576,0.1716090463604932,0.4267972066398726,0.1313952834193644,0.0,0.03738441784591151
2025-01-24,0.1632555228243008,0.0695585229100576,0.1716090463604932,0.4267972066398726,0.1313952834193644,0.0,0.03738441784591151
2025-01-31,0.16338787351655457,0.0779887591381516,0.16942638948440422,0.4265631841518293,0.1220858634589684,0.0,0.040547930250091846
2025-02-07,0.16338787351655457,0.0779887591381516,0.16942638948440422,0.4265631841518293,0.1220858634589684,0.0,0.040547930250091846
2025-02-14,0.16338787351655457,0.0779887591381516,0.16942638948440422,0.4265631841518293,0.1220858634589684,0.0,0.040547930250091846
2025-02-21,0.16338787351655457,0.0779887591381516,0.16942638948440422,0.4265631841518293,0.1220858634589684,0.0,0.040547930250091846
2025-02-28,0.1715728493816456,0.07830142245145498,0.15917841259094428,0.4259589163273266,0.12181229062055308,0.0,0.043176108628075416
2025-03-07,0.1715728493816456,0.07830142245145498,0.15917841259094428,0.4259589163273266,0.12181229062055308,0.0,0.043176108628075416
2025-03-14,0.1715728493816456,0.07830142245145498,0.15917841259094428,0.4259589163273266,0.12181229062055308,0.0,0.043176108628075416
2025-03-21,0.1715728493816456,0.07830142245145498,0.15917841259094428,0.4259589163273266,0.12181229062055308,0.0,0.043176108628075416
2025-03-28,0.06584895213709718,0.03343322492283953,0.06617607732958991,0.17884321413836934,0.05569853147210402,0.0,0.6
2025-04-04,0.06584895213709718,0.03343322492283953,0.06617607732958991,0.17884321413836934,0.05569853147210402,0.0,0.6
2025-04-11,0.06584895213709718,0.03343322492283953,0.06617607732958991,0.17884321413836934,0.05569853147210402,0.0,0.6
2025-04-18,0.06584895213709718,0.03343322492283953,0.06617607732958991,0.17884321413836934,0.05569853147210402,0.0,0.6
2025-04-25,0.059610124396689494,0.04978709266925412,0.07044498983070833,0.16365111296374796,0.05650668013960014,0.0,0.6
2025-05-02,0.059610124396689494,0.04978709266925412,0.07044498983070833,0.16365111296374796,0.05650668013960014,0.0,0.6
2025-05-09,0.059610124396689494,0.04978709266925412,0.07044498983070833,0.16365111296374796,0.05650668013960014,0.0,0.6
2025-05-16,0.059610124396689494,0.04978709266925412,0.07044498983070833,0.16365111296374796,0.05650668013960014,0.0,0.6
2025-05-23,0.059610124396689494,0.04978709266925412,0.07044498983070833,0.16365111296374796,0.05650668013960014,0.0,0.6
2025-05-30,0.05753222976099659,0.05909776469090999,0.0729764525304003,0.15334727609626012,0.05704627692143299,0.0,0.6000000000000001
2025-06-06,0.05753222976099659,0.05909776469090999,0.0729764525304003,0.15334727609626012,0.05704627692143299,0.0,0.6000000000000001
2025-06-13,0.05753222976099659,0.05909776469090999,0.0729764525304003,0.15334727609626012,0.05704627692143299,0.0,0.6000000000000001
2025-06-20,0.05753222976099659,0.05909776469090999,0.0729764525304003,0.15334727609626012,0.05704627692143299,0.0,0.6000000000000001
2025-06-27,0.0994305732592037,0.08289882556730825,0.1906725195711605,0.3372473131377634,0.1131760608811523,0.1463950697582024,0.030179637825209493
2025-07-04,0.0994305732592037,0.08289882556730825,0.1906725195711605,0.3372473131377634,0.1131760608811523,0.1463950697582024,0.030179637825209493
2025-07-11,0.0994305732592037,0.08289882556730825,0.1906725195711605,0.3372473131377634,0.1131760608811523,0.1463950697582024,0.030179637825209493
2025-07-18,0.0994305732592037,0.08289882556730825,0.1906725195711605,0.3372473131377634,0.1131760608811523,0.1463950697582024,0.030179637825209493
2025-07-25,0.07619238199772435,0.05378083454255943,0.19190019463408428,0.3004864222222165,0.12494366972210402,0.188998891586162,0.06369760529514945
2025-08-01,0.07619238199772435,0.05378083454255943,0.19190019463408428,0.3004864222222165,0.12494366972210402,0.188998891586162,0.06369760529514945
2025-08-08,0.07619238199772435,0.05378083454255943,0.19190019463408428,0.3004864222222165,0.12494366972210402,0.188998891586162,0.06369760529514945
2025-08-15,0.07619238199772435,0.05378083454255943,0.19190019463408428,0.3004864222222165,0.12494366972210402,0.188998891586162,0.06369760529514945
2025-08-22,0.07619238199772435,0.05378083454255943,0.19190019463408428,0.3004864222222165,0.12494366972210402,0.188998891586162,0.06369760529514945
2025-08-29,0.10130948183818363,0.06710006968634875,0.2710421351270466,0.2921025817571402,0.2684457315912808,0.0,0.0
2025-09-05,0.10130948183818363,0.06710006968634875,0.2710421351270466,0.2921025817571402,0.2684457315912808,0.0,0.0
2025-09-12,0.10130948183818363,0.06710006968634875,0.2710421351270466,0.2921025817571402,0.2684457315912808,0.0,0.0
2025-09-19,0.10130948183818363,0.06710006968634875,0.2710421351270466,0.2921025817571402,0.2684457315912808,0.0,0.0
2025-09-26,0.07941014898563822,0.06455754430723966,0.2045184622964612,0.209428840725396,0.21484181980404668,0.1652990406423478,0.06194414323887043
2025-10-03,0.07941014898563822,0.06455754430723966,0.2045184622964612,0.209428840725396,0.21484181980404668,0.1652990406423478,0.06194414323887043
2025-10-10,0.07941014898563822,0.06455754430723966,0.2045184622964612,0.209428840725396,0.21484181980404668,0.1652990406423478,0.06194414323887043
2025-10-17,0.07941014898563822,0.06455754430723966,0.2045184622964612,0.209428840725396,0.21484181980404668,0.1652990406423478,0.06194414323887043
2025-10-24,0.07941014898563822,0.06455754430723966,0.2045184622964612,0.209428840725396,0.21484181980404668,0.1652990406423478,0.06194414323887043
2025-10-31,0.08836511882458403,0.06796995427323438,0.22538321384107332,0.24775862134248833,0.22544483340757135,0.1006537204947618,0.04442453781628675
2025-11-07,0.08836511882458403,0.06796995427323438,0.22538321384107332,0.24775862134248833,0.22544483340757135,0.1006537204947618,0.04442453781628675
2025-11-14,0.08836511882458403,0.06796995427323438,0.22538321384107332,0.24775862134248833,0.22544483340757135,0.1006537204947618,0.04442453781628675
2025-11-21,0.08836511882458403,0.06796995427323438,0.22538321384107332,0.24775862134248833,0.22544483340757135,0.1006537204947618,0.04442453781628675
2025-11-28,0.09418997664929367,0.06937709072955268,0.23857158090811212,0.26996569181394314,0.2235657490048319,0.06018178407669709,0.04414812681756952
2025-12-05,0.09418997664929367,0.06937709072955268,0.23857158090811212,0.26996569181394314,0.2235657490048319,0.06018178407669709,0.04414812681756952
2025-12-12,0.09418997664929367,0.06937709072955268,0.23857158090811212,0.26996569181394314,0.2235657490048319,0.06018178407669709,0.04414812681756952
2025-12-19,0.09418997664929367,0.06937709072955268,0.23857158090811212,0.26996569181394314,0.2235657490048319,0.06018178407669709,0.04414812681756952
2025-12-26,0.09771263935313516,0.07337524845449746,0.24851219477280018,0.2882934703039537,0.21336273797065325,0.03603273851786305,0.04271097062709728
2026-01-02,0.09771263935313516,0.07337524845449746,0.24851219477280018,0.2882934703039537,0.21336273797065325,0.03603273851786305,0.04271097062709728
2026-01-09,0.09771263935313516,0.07337524845449746,0.24851219477280018,0.2882934703039537,0.21336273797065325,0.03603273851786305,0.04271097062709728
2026-01-16,0.09771263935313516,0.07337524845449746,0.24851219477280018,0.2882934703039537,0.21336273797065325,0.03603273851786305,0.04271097062709728
2026-01-23,0.09771263935313516,0.07337524845449746,0.24851219477280018,0.2882934703039537,0.21336273797065325,0.03603273851786305,0.04271097062709728
2026-01-30,0.09943364323003093,0.07402614022371737,0.249859467526889,0.2962801873338988,0.2163151738763416,0.02154454954701253,0.04254083826210975
2026-02-06,0.09943364323003093,0.07402614022371737,0.249859467526889,0.2962801873338988,0.2163151738763416,0.02154454954701253,0.04254083826210975
2026-02-13,0.09943364323003093,0.07402614022371737,0.249859467526889,0.2962801873338988,0.2163151738763416,0.02154454954701253,0.04254083826210975
2026-02-20,0.09943364323003093,0.07402614022371737,0.249859467526889,0.2962801873338988,0.2163151738763416,0.02154454954701253,0.04254083826210975
2026-02-27,0.0926025442008399,0.07064600171298895,0.2504755982626465,0.2953195865280711,0.23442369411023092,0.012861910844937305,0.04367066434028544
2026-03-06,0.0926025442008399,0.07064600171298895,0.2504755982626465,0.2953195865280711,0.23442369411023092,0.012861910844937305,0.04367066434028544
2026-03-13,0.0926025442008399,0.07064600171298895,0.2504755982626465,0.2953195865280711,0.23442369411023092,0.012861910844937305,0.04367066434028544
2026-03-20,0.0926025442008399,0.07064600171298895,0.2504755982626465,0.2953195865280711,0.23442369411023092,0.012861910844937305,0.04367066434028544
2026-03-27,0.07860911711862326,0.1006553616362514,0.20495463730941285,0.2335509495889661,0.17577429508591486,0.006455639260831654,0.19999999999999973
2026-04-03,0.07860911711862326,0.1006553616362514,0.20495463730941285,0.2335509495889661,0.17577429508591486,0.006455639260831654,0.19999999999999973
2026-04-10,0.0790065173368218,0.1538105851097358,0.17772342561919696,0.2331910258020018,0.15286699295039752,0.14191088939107752,0.06149056379076856
