,gross_return,net_return,turnover,cost,wealth,drawdown
2005-01-07,,,,,,
2005-01-14,0.0,0.0,0.0,0.0,1.0,0.0
2005-01-21,0.0,0.0,0.0,0.0,1.0,0.0
2005-01-28,0.0,0.0,0.0,0.0,1.0,0.0
2005-02-04,0.0,0.0,0.0,0.0,1.0,0.0
2005-02-11,0.0,0.0,0.0,0.0,1.0,0.0
2005-02-18,0.0,0.0,0.0,0.0,1.0,0.0
2005-02-25,0.0,0.0,0.0,0.0,1.0,0.0
2005-03-04,0.0,0.0,0.0,0.0,1.0,0.0
2005-03-11,0.0,0.0,0.0,0.0,1.0,0.0
2005-03-18,0.0,0.0,0.0,0.0,1.0,0.0
2005-03-25,0.0,0.0,0.0,0.0,1.0,0.0
2005-04-01,0.0,0.0,0.0,0.0,1.0,0.0
2005-04-08,0.0,0.0,0.0,0.0,1.0,0.0
2005-04-15,0.0,0.0,0.0,0.0,1.0,0.0
2005-04-22,0.0,0.0,0.0,0.0,1.0,0.0
2005-04-29,0.0,0.0,0.0,0.0,1.0,0.0
2005-05-06,0.0,0.0,0.0,0.0,1.0,0.0
2005-05-13,0.0,0.0,0.0,0.0,1.0,0.0
2005-05-20,0.0,0.0,0.0,0.0,1.0,0.0
2005-05-27,0.0,0.0,0.0,0.0,1.0,0.0
2005-06-03,0.0,0.0,0.0,0.0,1.0,0.0
2005-06-10,0.0,0.0,0.0,0.0,1.0,0.0
2005-06-17,0.0,0.0,0.0,0.0,1.0,0.0
2005-06-24,0.0,0.0,0.0,0.0,1.0,0.0
2005-07-01,0.0,0.0,0.0,0.0,1.0,0.0
2005-07-08,0.0,0.0,0.0,0.0,1.0,0.0
2005-07-15,0.0,0.0,0.0,0.0,1.0,0.0
2005-07-22,0.0,0.0,0.0,0.0,1.0,0.0
2005-07-29,0.0,0.0,0.0,0.0,1.0,0.0
2005-08-05,0.0,0.0,0.0,0.0,1.0,0.0
2005-08-12,0.0,0.0,0.0,0.0,1.0,0.0
2005-08-19,0.0,0.0,0.0,0.0,1.0,0.0
2005-08-26,0.0,0.0,0.0,0.0,1.0,0.0
2005-09-02,0.0,0.0,0.0,0.0,1.0,0.0
2005-09-09,0.0,0.0,0.0,0.0,1.0,0.0
2005-09-16,0.0,0.0,0.0,0.0,1.0,0.0
2005-09-23,0.0,0.0,0.0,0.0,1.0,0.0
2005-09-30,0.0,0.0,0.0,0.0,1.0,0.0
2005-10-07,0.0,0.0,0.0,0.0,1.0,0.0
2005-10-14,0.0,0.0,0.0,0.0,1.0,0.0
2005-10-21,0.0,0.0,0.0,0.0,1.0,0.0
2005-10-28,0.0,0.0,0.0,0.0,1.0,0.0
2005-11-04,0.0,0.0,0.0,0.0,1.0,0.0
2005-11-11,0.0,0.0,0.0,0.0,1.0,0.0
2005-11-18,0.0,0.0,0.0,0.0,1.0,0.0
2005-11-25,0.0,0.0,0.0,0.0,1.0,0.0
2005-12-02,0.0,0.0,0.0,0.0,1.0,0.0
2005-12-09,0.0,0.0,0.0,0.0,1.0,0.0
2005-12-16,0.0,0.0,0.0,0.0,1.0,0.0
2005-12-23,0.0,0.0,0.0,0.0,1.0,0.0
2005-12-30,0.0,0.0,0.0,0.0,1.0,0.0
2006-01-06,0.0,0.0,0.0,0.0,1.0,0.0
2006-01-13,0.0,0.0,0.0,0.0,1.0,0.0
2006-01-20,0.0,0.0,0.0,0.0,1.0,0.0
2006-01-27,0.0,0.0,0.0,0.0,1.0,0.0
2006-02-03,0.0,0.0,0.0,0.0,1.0,0.0
2006-02-10,0.0,0.0,0.0,0.0,1.0,0.0
2006-02-17,0.0,0.0,0.0,0.0,1.0,0.0
2006-02-24,0.0,0.0,0.0,0.0,1.0,0.0
2006-03-03,0.0,0.0,0.0,0.0,1.0,0.0
2006-03-10,0.0,0.0,0.0,0.0,1.0,0.0
2006-03-17,0.0,0.0,0.0,0.0,1.0,0.0
2006-03-24,0.0,0.0,0.0,0.0,1.0,0.0
2006-03-31,0.0,0.0,0.0,0.0,1.0,0.0
2006-04-07,0.0,0.0,0.0,0.0,1.0,0.0
2006-04-14,0.0,0.0,0.0,0.0,1.0,0.0
2006-04-21,0.0,0.0,0.0,0.0,1.0,0.0
2006-04-28,0.0,0.0,0.0,0.0,1.0,0.0
2006-05-05,0.0,0.0,0.0,0.0,1.0,0.0
2006-05-12,0.0,0.0,0.0,0.0,1.0,0.0
2006-05-19,0.0,0.0,0.0,0.0,1.0,0.0
2006-05-26,0.0,0.0,0.0,0.0,1.0,0.0
2006-06-02,0.0,0.0,0.0,0.0,1.0,0.0
2006-06-09,0.0,0.0,0.0,0.0,1.0,0.0
2006-06-16,0.0,0.0,0.0,0.0,1.0,0.0
2006-06-23,0.0,0.0,0.0,0.0,1.0,0.0
2006-06-30,0.0,0.0,0.0,0.0,1.0,0.0
2006-07-07,0.0,0.0,0.0,0.0,1.0,0.0
2006-07-14,0.0,0.0,0.0,0.0,1.0,0.0
2006-07-21,0.0,0.0,0.0,0.0,1.0,0.0
2006-07-28,0.0044231962937049465,0.004151564343881576,1.0865277992934839,0.000271631949823371,1.0041515643438816,0.0
2006-08-04,-0.006656343823891902,-0.006666934377628001,0.04236221494439696,1.059055373609924e-05,0.9974569517592085,-0.006666934377627998
2006-08-11,0.003953929790630542,0.00394491748459399,0.036049224146207155,9.012306036551789e-06,1.0013918371283332,-0.002748317399028921
2006-08-18,0.001618224248657209,0.0015873063425486012,0.12367162443443125,3.091790610860781e-05,1.0029813527427835,-0.0011653734781190694
2006-08-25,0.004621960727913164,0.00458220417219128,0.15902622288753787,3.975655572188447e-05,1.0075772180819516,0.0
2006-09-01,-0.004032038002393277,-0.004055015988723951,0.09191194532269398,2.2977986330673495e-05,1.0034914763527552,-0.004055015988724042
2006-09-08,-0.003046975309863243,-0.0030532033607780186,0.024912203659102194,6.228050914775549e-06,1.000427612804643,-0.007095838561057111
2006-09-15,0.003538268077284132,0.003518267092970091,0.08000393725616316,2.000098431404079e-05,1.0039473843536721,-0.0036025365233934847
2006-09-22,0.003341554741574501,0.0033281735521553065,0.05352475767677882,1.3381189419194705e-05,1.0072886954860336,-0.00028635283801592415
2006-09-29,-0.0031559440535481515,-0.0031757752277248533,0.07932469670680775,1.9831174176701938e-05,1.0040897729997418,-0.003461218673491362
2006-10-06,0.0034682672370425337,0.003462728251796681,0.022155940983410165,5.538985245852542e-06,1.007566663024048,-1.0475681381127977e-05
2006-10-13,0.0019286037449956395,0.001924047142080571,0.01822641166027406,4.556602915068515e-06,1.009505268782495,0.0
2006-10-20,0.005145074401610953,0.005138240982706257,0.027333675618783408,6.8334189046958524e-06,1.0146923501268112,0.0
2006-10-27,0.002017733965364303,0.0019603344383180743,0.22959810818491472,5.739952704622868e-05,1.0166814864850628,0.0
2006-11-03,0.005561205314085136,0.0055474680224457265,0.05494916655763689,1.3737291639409222e-05,1.0223214945203511,0.0
2006-11-10,0.0015056899995952264,0.0014791407570301964,0.10619697026011976,2.654924256502994e-05,1.0238336519096842,0.0
2006-11-17,0.0069105670650139095,0.006886819353216304,0.09499084719042108,2.374771179760527e-05,1.03088460931813,0.0
2006-11-24,0.001726167640734127,0.0016665189560249893,0.23859473883655077,5.96486847091377e-05,1.0326025980610332,0.0
2006-12-01,0.00027339143568930907,0.00023426922470617725,0.1564888439325272,3.9122210983131806e-05,1.0328445050711106,0.0
2006-12-08,0.001428924975560783,0.0013795711319441917,0.19741537446636548,4.935384361659137e-05,1.0342693875340938,0.0
2006-12-15,-0.0016253832270843544,-0.0016733807172781686,0.19198996077525707,4.7997490193814266e-05,1.032538661084523,-0.0016733807172782944
2006-12-22,0.0047913437702224925,0.004759904707216021,0.12575625202588614,3.1439063006471536e-05,1.0374534467178018,0.0
2006-12-29,-0.007854568542729097,-0.00788706342949119,0.1299795470483709,3.249488676209272e-05,1.0292709855783944,-0.007887063429491081
2007-01-05,0.010400544355986604,0.010392745680810594,0.031194700704041286,7.798675176010321e-06,1.0399679371681478,0.0
2007-01-12,0.0012162023404289795,0.0011866696392000993,0.11813080491552054,2.9532701228880136e-05,1.0412020355449267,0.0
2007-01-19,0.00033747572642773703,0.00031107315961384453,0.10561026725556995,2.640256681389249e-05,1.04152592555192,0.0
2007-01-26,0.006818434010831814,0.0067200633152051025,0.39348278250684504,9.837069562671126e-05,1.0485250457160566,0.0
2007-02-02,-0.0006447963489588041,-0.0006686206492660762,0.09529720122908819,2.382430030727205e-05,1.0478239802192182,-0.000668620649266094
2007-02-09,0.007191379361329807,0.007166915312976205,0.09785619341440704,2.446404835360176e-05,1.055333645948355,0.0
2007-02-16,-0.0003254274076809166,-0.00035835335282030157,0.1317037805575398,3.2925945139384956e-05,1.0549554635979854,-0.00035835335282030645
2007-02-23,-0.02000041293791823,-0.020024099844265418,0.0947476253887534,2.368690634718835e-05,1.033830930063646,-0.02037527749376944
2007-03-02,0.00532865093270729,0.005318985476164188,0.03866182617240825,9.665456543102063e-06,1.0393298617654638,-0.015164667822667344
2007-03-09,-0.0030812810998546818,-0.003117004676416802,0.14289430624848068,3.5723576562120174e-05,1.0360902657260012,-0.0182344041585647
2007-03-16,0.010632714671753935,0.010621129827589608,0.046339376657311096,1.1584844164327775e-05,1.0470947149513787,-0.007806944304872054
2007-03-23,-0.00212141466004334,-0.002146820130179287,0.1016218805437868,2.54054701359467e-05,1.0448467909391168,-0.009937004329862442
2007-03-30,0.004874305698350342,0.004817189976407839,0.22846288777001295,5.711572194250324e-05,1.0498800164273105,-0.005167682791108019
2007-04-06,0.0008257928662244693,0.0007932351148046757,0.13023100567917426,3.255775141979356e-05,1.0507128181226726,-0.004378546863755162
2007-04-13,0.00551364178708734,0.005486202356874969,0.10975772084948694,2.7439430212371735e-05,1.056477241261856,0.0
2007-04-20,-0.0006370542305476232,-0.0006506149369569941,0.054242825637483574,1.3560706409370893e-05,1.055789881388136,-0.0006506149369569503
2007-04-27,0.0028634238496333857,0.002830631703777225,0.13116858342464205,3.279214585616051e-05,1.0587784336989203,0.0
2007-05-04,-0.0018654203206569988,-0.001877638379873227,0.04887223686491363,1.2218059216228408e-05,1.0567904306760252,-0.0018776383798732033
2007-05-11,-0.0015111671475636268,-0.001520745483527822,0.038313343856780674,9.578335964195168e-06,1.0551833214015391,-0.003395528453315255
2007-05-18,-0.0016616986164649176,-0.0016867312469390746,0.10013052189662783,2.503263047415696e-05,1.0534035107220823,-0.005076532356312113
2007-05-25,0.00617598997148213,0.006157135582454861,0.07541755610907698,1.8854389027269247e-05,1.059889458960632,0.0
2007-06-01,-0.010316369350292896,-0.010319688703789144,0.01327741398499115,3.3193534962477874e-06,1.0489517296837307,-0.010319688703789187
2007-06-08,0.00733336309347575,0.007303855332469805,0.11803104402377823,2.9507761005944557e-05,1.0566131213680847,-0.0030912068846880025
2007-06-15,-0.003346088241902085,-0.0033780114242953595,0.12769272957309866,3.1923182393274664e-05,1.053043870173043,-0.006458776176812009
2007-06-22,0.00157489050321698,0.0015475416492071326,0.10939541603938974,2.7348854009847435e-05,1.054673499420578,-0.004921229752741452
2007-06-29,0.007147463530570091,0.007108442745184984,0.15608314154042957,3.9020785385107395e-05,1.062170585606073,0.0
2007-07-06,0.0072463305665802225,0.007240685488505271,0.02258031229980379,5.645078074950948e-06,1.069861428751588,0.0
2007-07-13,0.0005409061417435635,0.0005393005239382532,0.006422471221241044,1.605617805310261e-06,1.070438405580655,0.0
2007-07-20,-0.01690385053630706,-0.01691428544018877,0.04173961552683421,1.0434903881708552e-05,1.0523327048425233,-0.016914285440188803
2007-07-27,-0.0007153087765883883,-0.0007649236813346529,0.19845961898505823,4.961490474626456e-05,1.0515277506359464,-0.01766627098403728
2007-08-03,0.0004414460132132408,0.0003691251130795548,0.289283600534744,7.2320900133686e-05,1.0519158959358061,-0.017303666935232442
2007-08-10,-0.003383269998527074,-0.003492080133291029,0.4352405390558209,0.00010881013476395523,1.0482425213337156,-0.020735321276985852
2007-08-17,0.01128518541376044,0.011280962780894757,0.01689053146273655,4.222632865684138e-06,1.0600677062022326,-0.009688272883666693
2007-08-24,0.004883530950917191,0.004878700458602451,0.019321969258959883,4.830492314739971e-06,1.065239459006631,-0.00485683860642494
2007-08-31,0.002958177359391217,0.002814041152808951,0.5765448263290646,0.00014413620658226614,1.0682370866818716,-0.002056464797327018
2007-09-07,0.002817915257007641,0.0028134290125468543,0.017944977843147098,4.4862444607867744e-06,1.0712424958938207,0.0
2007-09-14,0.0034201696431529842,0.0034157843271281074,0.017541264099507355,4.385316024876839e-06,1.0749016292218483,0.0
2007-09-21,0.00293061510533779,0.0029247326657564354,0.023529758325417625,5.882439581354406e-06,1.0780454291293082,0.0
2007-09-28,0.0020319166208671714,0.001838518649927345,0.7735918837593061,0.00019339797093982652,1.0800274357562312,0.0
2007-10-05,0.004289694409609195,0.0042734691330413915,0.06490110627121201,1.6225276567803003e-05,1.0846428996657733,0.0
2007-10-12,0.004642321349788496,0.004625597418380167,0.06689572563331984,1.672393140832996e-05,1.0896600210623317,0.0
2007-10-19,0.007022135569506244,0.007003881534943544,0.07301613825079892,1.825403456269973e-05,1.0972918707632164,0.0
2007-10-26,0.003836463957808299,0.00364384466971097,0.7704771523893155,0.00019261928809732886,1.101290231897614,0.0
2007-11-02,6.278773970875878e-05,5.815334436050766e-05,0.018537581393004487,4.634395348251122e-06,1.1013542756077104,0.0
2007-11-09,-0.0029914652742483168,-0.0030027007227081425,0.04494179383930347,1.1235448459825868e-05,1.0980472383283855,-0.0030027007227080293
2007-11-16,0.004343855696256128,0.004339779786590461,0.016303638662665258,4.075909665666314e-06,1.1028125215380045,0.0
2007-11-23,-0.001258015398965153,-0.0012593071577740788,0.005167035235703617,1.2917588089259041e-06,1.1014237418359487,-0.0012593071577741144
2007-11-30,0.0012260389875886337,0.0012061612422726163,0.07951098126406968,1.987774531601742e-05,1.1027522364646702,-5.466484298721763e-05
2007-12-07,-0.0022022134390135358,-0.0022046475455717524,0.009736426232866486,2.4341065582166215e-06,1.1003210564531747,-0.0022591918718469772
2007-12-14,0.004374050507226294,0.004359389083576769,0.05864569459809947,1.4661423649524869e-05,1.1051177840551063,0.0
2007-12-21,0.0021309685556544565,0.0021161439103233055,0.059298581324604215,1.4824645331151054e-05,1.1074563723240245,0.0
2007-12-28,0.00737591578777419,0.007230226929950883,0.5827554312932262,0.00014568885782330655,1.1154635332109475,0.0
2008-01-04,0.005738733564823176,0.005729233406530339,0.03800063317135005,9.500158292837512e-06,1.121854284149186,0.0
2008-01-11,-0.000852472759858897,-0.0008694110605501493,0.06775320276500904,1.6938300691252262e-05,1.120878931626221,-0.0008694110605502736
2008-01-18,0.005289610536850186,0.005289594976356736,6.224197380205743e-05,1.556049345051436e-08,1.1268079271920552,0.0
2008-01-25,0.0022584777113341965,0.002121245329569208,0.5489295270599532,0.00013723238176498832,1.1291981632449328,0.0
2008-02-01,-0.0006392826113937361,-0.0006418476477561438,0.010260145449631029,2.5650363624077574e-06,1.1284733900600035,-0.0006418476477562107
2008-02-08,-0.0019231551731534939,-0.0019265777786521136,0.013690421994478667,3.4226054986196667e-06,1.1262992983029136,-0.002567188856992808
2008-02-15,0.004326417827466652,0.0043251240312626215,0.005175184816123396,1.293796204030849e-06,1.131170682464398,0.0
2008-02-22,0.004663645076929269,0.004663159689903495,0.0019415481030971762,4.853870257742941e-07,1.1364455119932664,0.0
2008-02-29,-0.0031785146537369794,-0.0031825150974719666,0.0160017749399483,4.000443734987075e-06,1.1328287569938935,-0.0031825150974720273
2008-03-07,0.004082862553905284,0.004082459697187448,0.0016114268713474378,4.0285671783685944e-07,1.137453484738136,0.0
2008-03-14,-0.0064807478623382314,-0.006481641248026896,0.0035735427546585777,8.933856886646445e-07,1.1300809193137453,-0.006481641248026859
2008-03-21,0.0010781434257157113,0.0010780323203836836,0.00044442132811118966,1.1110533202779741e-07,1.1312991830694143,-0.005410596346397734
2008-03-28,0.0015956139085613766,0.0015865407706500546,0.036292551645287795,9.07313791132195e-06,1.1330940353471572,-0.0038326397074446295
2008-04-04,0.0009360535530731137,0.0009357408500725658,0.0012508120021915326,3.1270300054788316e-07,1.1341543177230051,-0.0029004852149099314
2008-04-11,-0.0028377742820315842,-0.0028387993001866606,0.004100072620305078,1.0250181550762694e-06,1.1309346812395493,-0.0057310506196983635
2008-04-18,-0.0031822930573079003,-0.0031831173316664474,0.003297097434188122,8.242743585470304e-07,1.1273347834547132,-0.008895925344808542
2008-04-25,-0.0011352731707511446,-0.0011441285241209846,0.03542141347935985,8.855353369839963e-06,1.1260449675727289,-0.010029875786993991
2008-05-02,0.0033491385125331763,0.003348612186168863,0.0021053054572542397,5.263263643135599e-07,1.129815655473317,-0.006714849765111275
2008-05-09,0.00047544565305787905,0.0004749483959558697,0.001989028408037396,4.972571020093489e-07,1.1303522596066098,-0.0062430905762805855
2008-05-16,-0.0007645981709557749,-0.000775673477237284,0.0443012251260363,1.1075306281509074e-05,1.1294754753388978,-0.007013921453741689
2008-05-23,-0.004455896959940311,-0.004462511474410046,0.026458057878937874,6.614514469734469e-06,1.1244351780701334,-0.011445133223183745
2008-05-30,0.0058282886141025276,0.00569802502437023,0.5210543589291916,0.00013026358973229792,1.1308422378530594,-0.005812322854326313
2008-06-06,-0.004738933337353886,-0.004740293603649177,0.005441065181163846,1.3602662952909615e-06,1.1254817136262283,-0.010525064341126655
2008-06-13,0.0038303489105133287,0.0038287136015658107,0.0065412357900724305,1.6353089475181076e-06,1.1297908607715026,-0.006736648196561057
2008-06-20,0.007265876083096132,0.007265508707744269,0.0014695014074506685,3.6737535186266713e-07,1.1379993661083678,0.0
2008-06-27,-0.00019777032922201374,-0.00021669669159721366,0.07570544950079967,1.892636237519992e-05,1.1377527654106925,-0.00021669669159718463
2008-07-04,0.0029979354110001087,0.002995336175735615,0.010396941057974257,2.5992352644935645e-06,1.1411607174279703,0.0
2008-07-11,-0.008070301431223887,-0.008071154223550626,0.0034111693069577365,8.527923267394342e-07,1.1319502332837514,-0.008071154223550647
2008-07-18,-0.0036597597143555216,-0.0036687544061619784,0.03597876722582759,8.994691806456897e-06,1.1277973858778356,-0.011710297547092186
2008-07-25,0.00030331244657760587,0.00027455328205593945,0.11503665808666574,2.8759164521666436e-05,1.1281070263516224,-0.01143895936566175
2008-08-01,-0.009573821048907933,-0.009574022117193371,0.0008042731417500434,2.0106828543751087e-07,1.1173065047307706,-0.02090346463289061
2008-08-08,-0.006472654773917374,-0.006473102560237349,0.0017911452799019428,4.477863199754857e-07,1.110074065134428,-0.027241256922694967
2008-08-15,0.007445463833213612,0.007436391900912037,0.0362877292062976,9.0719323015744e-06,1.118329010921806,-0.02000744168413371
2008-08-22,0.0004980172880166769,0.0004973972279645617,0.0024802402084607433,6.200600521151858e-07,1.1188852646717908,-0.019519996102201564
2008-08-29,-0.0039018548005914358,-0.003950710657016354,0.19542342569967341,4.8855856424918354e-05,1.1144648727326734,-0.023393588902592022
2008-09-05,-0.007498972996881807,-0.00750295776510514,0.015939072893334738,3.984768223333684e-06,1.106103089861867,-0.030721025558186787
2008-09-12,0.001391691687008727,0.0013828953053174472,0.03518552676511903,8.796381691279759e-06,1.107632714632034,-0.029380614214888356
2008-09-19,-0.0023945426943753033,-0.002395415098957749,0.0034896183297826455,8.724045824456614e-07,1.1049794745033048,-0.03170565054693908
2008-09-26,-0.005842508790064487,-0.005998893318898034,0.625538115334189,0.00015638452883354726,1.0983508205161874,-0.03751434505059981
2008-10-03,-0.0144550570076166,-0.014455693305137308,0.0025451900828344642,6.362975207086161e-07,1.0824733979133594,-0.051427742489142614
2008-10-10,-0.005299526292210857,-0.005301541637789757,0.008061382315599924,2.015345578899981e-06,1.076734620122522,-0.05645663780878862
2008-10-17,-0.0006119270732504528,-0.0006168564668758736,0.019717574501683523,4.929393625420881e-06,1.0760704294089902,-0.05703866863353413
2008-10-24,-0.0003224524867643973,-0.0003436000885633162,0.08459040719567554,2.1147601798918884e-05,1.075700691514145,-0.057362670230503454
2008-10-31,0.0066523987919748576,0.0066472211248514105,0.020710668493788647,5.177667123447162e-06,1.082851111874795,-0.05109675145898618
2008-11-07,6.54299593332516e-05,6.041180102348568e-05,0.02007263323906368,5.01815830976592e-06,1.0829165288607037,-0.05103942650474469
2008-11-14,0.005597879067038075,0.005596914355489383,0.0038588461947645612,9.647115486911404e-07,1.088977519926881,-0.04572817544815566
2008-11-21,0.004320466528066292,0.004320337551220696,0.0005159073823840128,1.2897684559600322e-07,1.0936822703986562,-0.04160539905047245
2008-11-28,-0.0016426099535905504,-0.0016464574341670448,0.01538992230597741,3.847480576494353e-06,1.0918815690939416,-0.0431833549660714
2008-12-05,0.01035617452092979,0.010352612066274853,0.014249818619751893,3.562454654937973e-06,1.1031853954010868,-0.033277803421480345
2008-12-12,0.014247203035858386,0.014244076838918176,0.012504787760837226,3.1261969402093067e-06,1.1188992529407524,-0.019507738171527955
2008-12-19,0.0077944157582337,0.007793324231834728,0.004366105595886051,1.0915263989715128e-06,1.1276191976016774,-0.011866444068293736
2008-12-26,-0.0027944053398005473,-0.0028000587924468822,0.022613810585339948,5.653452646334987e-06,1.1244617975529008,-0.014633276119692229
2009-01-02,9.978492034676137e-05,9.874068705952725e-05,0.004176933148936492,1.0442332872341231e-06,1.1245728276833635,-0.014535980332370468
2009-01-09,-0.00245501086579281,-0.0024570480399510805,0.008148696633082125,2.0371741582705315e-06,1.121809698221322,-0.016957312770337074
2009-01-16,-0.004305022596327764,-0.004305508445257921,0.0019433957206301776,4.858489301575444e-07,1.1169797370916579,-0.021189811362253397
2009-01-23,-1.4489655571874038e-05,-1.4527749925338216e-05,0.00015237741385671494,3.8094353464178734e-08,1.1169635098893658,-0.021204031271898294
2009-01-30,-0.003732368255655268,-0.0037490970775644074,0.06691528763655846,1.6728821909139614e-05,1.1127759052586934,-0.024873632377788613
2009-02-06,0.001802984338974847,0.0018027246464413296,0.001038770134069708,2.59692533517427e-07,1.1147819338090694,-0.0231157480414812
2009-02-13,-0.00014788215735311405,-0.0001491473827001132,0.0050609013879965945,1.2652253469991486e-06,1.1146156670013605,-0.0232614477708617
2009-02-20,-0.009874978897486328,-0.009875290126497885,0.0012449160462297791,3.112290115574448e-07,1.103608513910182,-0.03290702435185999
2009-02-27,-0.0015803756775194804,-0.0015948465325783337,0.05788342023541278,1.4470855058853195e-05,1.1018484276984486,-0.03444938923075325
2009-03-06,0.0008439528328411945,0.0008436312571636174,0.0012863027103084818,3.2157567757712043e-07,1.1027779814727114,-0.033634820555135
2009-03-13,0.005255455545574644,0.005254726633414595,0.0029156486401979327,7.289121600494832e-07,1.1085727783026993,-0.028556835709101613
2009-03-20,-0.0007221695913856719,-0.0007255768929866249,0.01362920640381177,3.4073016009529424e-06,1.107768423510569,-0.02926169242196075
2009-03-27,-0.001976103536293717,-0.001981000511321373,0.01958790011062401,4.8969750276560025e-06,1.1055739336971688,-0.031184725505632116
2009-04-03,0.00017738853090080054,0.000176910620168567,0.001911642928934143,4.779107322335357e-07,1.1057695214674215,-0.031013331794592536
2009-04-10,0.0010340829785521223,0.001032928793901839,0.004616738601132861,1.1541846502832153e-06,1.1069117026455644,-0.030012437564095995
2009-04-17,0.0034606829812054655,0.003459290674373157,0.005569227329233643,1.3923068323084108e-06,1.1107408319758807,-0.026656968635103473
2009-04-24,-0.004960918067804951,-0.005108738957774504,0.5912835598782109,0.00014782088996955273,1.1050663470155746,-0.03162952409871578
2009-05-01,0.004361496214529005,0.004360168885302816,0.005309316904756174,1.3273292261890435e-06,1.109884622918027,-0.027407265280245174
2009-05-08,0.003501303170672535,0.003496650034818285,0.01861254341700011,4.653135854250027e-06,1.1137655010233978,-0.024006448860523166
2009-05-15,0.004202400712004626,0.004188446823010178,0.055815555977789505,1.3953888994447376e-05,1.1184304485977377,-0.019918551771974546
2009-05-22,0.006842132705499225,0.0068296331888104125,0.049998066755250155,1.2499516688812539e-05,1.126068918308857,-0.01322495498541898
2009-05-29,-0.00611259814917231,-0.006128111019312621,0.06205148056124316,1.551287014031079e-05,1.119168242962063,-0.01927202201235545
2009-06-05,0.0009855957609584828,0.0009768218952579191,0.03509546280225464,8.77386570056366e-06,1.1202614710062657,-0.01831402545016514
2009-06-12,-0.003248094022555761,-0.0032552278907650597,0.028535472837193578,7.133868209298394e-06,1.1166147646208966,-0.02150963701449271
2009-06-19,0.007329874453590157,0.007320456365111461,0.037672353914782505,9.418088478695626e-06,1.124788894281943,-0.01434664100857519
2009-06-26,-0.0038368650237328343,-0.00392991301512773,0.37219196557958306,9.304799139489576e-05,1.1203685717670333,-0.01822017297248002
2009-07-03,-0.004195280100094253,-0.0042530223314987264,0.2309689256178914,5.774223140447285e-05,1.1156036192117988,-0.022395704501442903
2009-07-10,0.007683240314238504,0.007662456774341459,0.0831341595881828,2.0783539897045698e-05,1.1241518837213083,-0.01490485384477458
2009-07-17,0.015073955445690596,0.015062238879965939,0.04686626289862296,1.171656572465574e-05,1.1410841279312822,-6.711543388970842e-05
2009-07-24,0.015778586024780245,0.015773962133039495,0.018495566963004185,4.623891740751046e-06,1.1590835457558826,0.0
2009-07-31,-0.0022019546180607505,-0.002257528031175617,0.222293652459467,5.557341311486675e-05,1.1564668821608641,-0.0022575280311757373
2009-08-07,-0.0014830577876498627,-0.0014916941340275696,0.034545385510827975,8.636346377706994e-06,1.1547417872965475,-0.0037458546238818835
2009-08-14,0.005611987168874824,0.005599147922150471,0.05135698689741339,1.2839246724353347e-05,1.1612073573755093,0.0
2009-08-21,0.006789302261015121,0.006777334590452759,0.04787068224944582,1.1967670562361456e-05,1.1690772481653384,0.0
2009-08-28,0.0026230272051513404,0.002542239488763047,0.3231508655531734,8.078771638829336e-05,1.1720493225110389,0.0
2009-09-04,0.0135063358667681,0.013481685545755275,0.09860128405130036,2.4650321012825093e-05,1.1878505229212484,0.0
2009-09-11,0.002620399991835656,0.002568548790173262,0.20740480664957586,5.1851201662393966e-05,1.1909015749448044,0.0
2009-09-18,0.0010215134559641297,0.0009912488522610264,0.12105841481241303,3.026460370310326e-05,1.1920820547641242,0.0
2009-09-25,-0.0053554595651070505,-0.005408350345861453,0.21156312301761232,5.289078075440308e-05,1.1856348573709454,-0.005408350345861401
2009-10-02,0.018444519897292885,0.01840364471587191,0.16350072568389612,4.087518142097403e-05,1.2074548600487538,0.0
2009-10-09,0.0036287599751528145,0.003512675326617421,0.4643385941415752,0.0001160846485353938,1.2116962569436514,0.0
2009-10-16,0.002155295446626396,0.0021115078875299084,0.1751502363859502,4.378755909648755e-05,1.2142547631474785,0.0
2009-10-23,-0.018897383271756073,-0.01891509632847083,0.07085222685902828,1.771305671475707e-05,1.1912870173352392,-0.018915096328470993
2009-10-30,0.015353387062371325,0.015287395592080602,0.2639658811628872,6.599147029072181e-05,1.209498693232953,-0.003916863296625883
2009-11-06,0.011295146315823559,0.011246234538212748,0.19564711044324654,4.891177761081163e-05,1.2231009992107127,0.0
2009-11-13,-0.0010027866108912023,-0.0010380094089621314,0.14089119228371638,3.5222798070929094e-05,1.221831408865421,-0.0010380094089621483
2009-11-20,-0.0008190954732381158,-0.0008374430661874657,0.07339037179739939,1.834759294934985e-05,1.2208081946240166,-0.0018745832013674635
2009-11-27,0.014369605431595985,0.014297779095684453,0.28730534364612936,7.182633591153234e-05,1.238263040508952,0.0
2009-12-04,-0.0056878438764986035,-0.005723608464116427,0.14305835047129528,3.5764587617823823e-05,1.2311757076894925,-0.005723608464116459
2009-12-11,-0.0020942713997294427,-0.002102949237668786,0.03471135175737236,8.67783793934309e-06,1.2285866076735705,-0.007814521243728945
2009-12-18,0.011404315770747332,0.011384371544672202,0.07977690430051718,1.9944226075129294e-05,1.2425732940901348,0.0
2009-12-25,-0.0015665757204591736,-0.001650299359800258,0.3348945573643373,8.372363934108433e-05,1.240522676178393,-0.0016502993598003224
2010-01-01,0.013907979180591204,0.013903554820455452,0.017697440543009778,4.424360135752444e-06,1.2577703512126572,0.0
2010-01-08,-0.005972776957513181,-0.005987393267167372,0.05846523861676439,1.4616309654191098e-05,1.2502395854801638,-0.005987393267167462
2010-01-15,-0.02077259752244478,-0.020806005700122657,0.13363271071151683,3.340817767787921e-05,1.2242270935381445,-0.026668825228844506
2010-01-22,-0.010318361169931395,-0.010356363599003812,0.1520097162896649,3.800242907241622e-05,1.2115485526297118,-0.03674899677702015
2010-01-29,-0.003052221747764124,-0.003150501934564951,0.39312074720330853,9.828018680082714e-05,1.2077315665708326,-0.03978372092614568
2010-02-05,0.004708491499704548,0.004690748949859811,0.07097019937894714,1.7742549844736786e-05,1.2133967321484371,-0.03527958742344184
2010-02-12,0.011574342535364377,0.011535248072620742,0.1563778509745372,3.9094462743634306e-05,1.2273935644642766,-0.024151298143650246
2010-02-19,0.00043528572877831194,0.0004244929046343296,0.04317129657592953,1.0792824143982382e-05,1.2279145843235857,-0.023737057293715558
2010-02-26,0.017494151166589304,0.017430934575644555,0.2528663637789906,6.321659094474764e-05,1.2493182831074099,-0.006719881810776096
2010-03-05,0.005209263350845096,0.005174996826275827,0.13706609827707417,3.4266524569268543e-05,1.255783501257499,-0.0015796603515441099
2010-03-12,0.0028785164984699717,0.0028403107309191785,0.15282307020317318,3.820576755079329e-05,1.2593503166118318,0.0
2010-03-19,0.000580974549862684,0.0005701865603380657,0.04315195809847299,1.0787989524618247e-05,1.2600683812371214,0.0
2010-03-26,0.00468675454468537,0.0046122059198348275,0.2981944994021689,7.454862485054223e-05,1.26588007608446,0.0
2010-04-02,0.00736462265352169,0.0073617093359011265,0.011653270482255555,2.913317620563889e-06,1.275199117258702,0.0
2010-04-09,-0.00336244674041585,-0.0033725675259043165,0.0404831419538659,1.0120785488466476e-05,1.2708984221267734,-0.003372567525904424
2010-04-16,0.010898337826266381,0.010893974262413801,0.01745425541031915,4.363563852579787e-06,1.284743556827565,0.0
2010-04-23,-0.00853548214865784,-0.008559125116574324,0.09457187166593885,2.3642967916484713e-05,1.273747275981965,-0.008559125116574418
2010-04-30,-0.033732357861934174,-0.03381000035279279,0.3105699634344589,7.764249085861473e-05,1.230681880131646,-0.04207974144615623
2010-05-07,0.014461216724138881,0.014432430676255981,0.11514419153160271,2.878604788290068e-05,1.2484436110511703,-0.02825462372119658
2010-05-14,-0.02032451387119241,-0.020377410117804834,0.21158498644970006,5.289624661242502e-05,1.2230035635798273,-0.048056277783710466
2010-05-21,0.004243580413373104,0.004167319320737671,0.30504437054173195,7.626109263543298e-05,1.2281002099596645,-0.04408922431786355
2010-05-28,-0.004392851787254239,-0.00447990714749321,0.34822144095588503,8.705536023897126e-05,1.2225984350512282,-0.04837161583420779
2010-06-04,0.006587350319019431,0.006580042623059653,0.029230783839112272,7.307695959778068e-06,1.2306431848647512,-0.042109860505083585
2010-06-11,0.0067229954722986636,0.006721387336583336,0.006432542861308019,1.6081357153270049e-06,1.2389148143833537,-0.03567150985164447
2010-06-18,-0.004566856549617427,-0.004592263552828422,0.10162801284397753,2.5407003210994383e-05,1.2332253910362019,-0.04009996042990682
2010-06-25,-0.010955556526248354,-0.010993683925299388,0.15250959620413937,3.812739905103484e-05,1.2196677008784962,-0.0506527980648227
2010-07-02,0.006856569358012529,0.006846192388625085,0.041507877549776924,1.0376969387444231e-05,1.2280177806089025,-0.04415338447677142
2010-07-09,-0.0019647168761677556,-0.0019661337099318482,0.005667335056369849,1.4168337640924621e-06,1.2256033334540517,-0.046032706729076
2010-07-16,0.0071934939848669974,0.0071906097852615725,0.011536798421700835,2.884199605425209e-06,1.2344161687764357,-0.03917310017526254
2010-07-23,0.001416753280385662,0.001405884863206253,0.04347366871763547,1.0868417179408868e-05,1.2361516157830157,-0.037822288180637376
2010-07-30,0.0034005177838557638,0.003372139248014114,0.11351414336659929,2.8378535841649824e-05,1.2403200911630936,-0.034577690955046925
2010-08-06,-0.0015306336477945203,-0.0015454345116938148,0.0592034555971776,1.48008638992944e-05,1.2384032576886628,-0.03606968790980425
2010-08-13,0.004636319310615361,0.004610297207137459,0.10408841391160961,2.6022103477902404e-05,1.244112664768895,-0.0316256826840996
2010-08-20,0.0003142932346010449,0.0003141905136668903,0.0004108837366183088,1.027209341545772e-07,1.2445035531660982,-0.03132142865992027
2010-08-27,0.003248056214795415,0.0032320734310010493,0.06393113517746257,1.5982783794365644e-05,1.2485258800350727,-0.028190588386311943
2010-09-03,-0.0011157651432203203,-0.0011358372125660696,0.08028827738299751,2.0072069345749378e-05,1.247107757879677,-0.029294405679544777
2010-09-10,0.004117369967176227,0.0041155365251935505,0.007333767930705896,1.8334419826764739e-06,1.252240275408083,-0.025299431350909174
2010-09-17,0.004361161730871576,0.004360097057926887,0.004258691778754378,1.0646729446885944e-06,1.2577001645487074,-0.0210496422691826
2010-09-24,0.003949035119145834,0.003907132681523524,0.16760975048923984,4.1902437622309965e-05,1.262614165965173,-0.01722475333290352
2010-10-01,0.005772009927317056,0.005759758199958983,0.04900690943229448,1.225172735807362e-05,1.2698865182609753,-0.01156420554719595
2010-10-08,-0.00010360504924650669,-0.00014389107429078576,0.16114410017711625,4.028602504427906e-05,1.2697037929256354,-0.011706432635527175
2010-10-15,-0.001351133579784433,-0.001381403239282469,0.12107863799214413,3.0269659498036034e-05,1.2679498199931587,-0.01307166457084652
2010-10-22,0.0017071276676594198,0.0016858419722873682,0.08514278148820659,2.1285695372051648e-05,1.2700873830184574,-0.0114078593593403
2010-10-29,0.009107805154145865,0.009072680888918194,0.14049706091068004,3.512426522767001e-05,1.281610480545625,-0.0024386783380151433
2010-11-05,-0.012424044337490805,-0.012445902860039918,0.08743409019645154,2.1858522549112887e-05,1.265659681000345,-0.014854229644353234
2010-11-12,-0.00216957356001004,-0.002196731109182782,0.10863019669097002,2.7157549172742503e-05,1.2628793670054532,-0.017018330005173388
2010-11-19,7.274046851687749e-05,3.876930280154567e-05,0.13588466286132725,3.3971165715331815e-05,1.2629283279580343,-0.016980220491161102
2010-11-26,0.009086461648259842,0.009051016331627465,0.141781266529509,3.5445316632377256e-05,1.2743591128800575,-0.008082892412513698
2010-12-03,-0.005683602721205065,-0.005695258335556016,0.04662245740380514,1.1655614350951285e-05,1.2671013085199356,-0.01373211658768192
2010-12-10,0.0009582907716560708,0.0009273735577103946,0.12366885578270496,3.091721394567624e-05,1.2682763847683973,-0.012817477831786328
2010-12-17,0.003099613435737915,0.003088814077753779,0.0431974319365438,1.0799357984135951e-05,1.2721938547201528,-0.009768254560000522
2010-12-24,0.005727276296660719,0.0056999894597378215,0.10914734769159175,2.7286836922897937e-05,1.2794453462828008,-0.004123944048294748
2010-12-31,-0.0037916658382604034,-0.0038309736897052978,0.15723140577957767,3.9307851444894416e-05,1.2745438248237755,-0.007939119016853291
2011-01-07,0.004229479183214193,0.004208925269076144,0.08221565655219686,2.0553914138049214e-05,1.2799082845346212,-0.0037636089064213563
2011-01-14,-0.0042058554427265304,-0.00422778467428602,0.08771692623796092,2.192923155949023e-05,1.2744971079047742,-0.007975481852652622
2011-01-21,0.0005019044718814359,0.000496068833104335,0.023342555108403728,5.8356387771009325e-06,1.2751293461978874,-0.007483369407524365
2011-01-28,0.006074725461203011,0.006000323080570117,0.2976095225315795,7.440238063289488e-05,1.2827805342445908,-0.0015279489611307318
2011-02-04,0.0043711239075436,0.004363950128555334,0.02869511595306557,7.173778988266393e-06,1.2883785245219157,0.0
2011-02-11,0.004574006826163749,0.004545556092902085,0.11380293304665519,2.8450733261663797e-05,1.2942349213740207,0.0
2011-02-18,-0.0019033077099190746,-0.0019357449470188608,0.12974894839914453,3.243723709978613e-05,1.2917296126647155,-0.0019357449470189803
2011-02-25,0.002313895944053707,0.002295046992056113,0.07539580799037644,1.8848951997594112e-05,1.2946941928268116,0.0
2011-03-04,-0.0066615963103862415,-0.006665460679126166,0.015457474959697973,3.864368739924493e-06,1.2860644595930315,-0.006665460679126212
2011-03-11,-0.005024041029673932,-0.005065363810198887,0.16529112209982172,4.1322780524955434e-05,1.279550075221826,-0.011697061506022677
2011-03-18,0.007926422641603146,0.007909436888639734,0.06794301185365068,1.698575296341267e-05,1.2896705957876473,-0.003880141787147351
2011-03-25,0.0040334721407429205,0.003979634260494808,0.21535152099245058,5.383788024811265e-05,1.2948030130753965,0.0
2011-04-01,0.00045664903307216696,0.00043709976735218606,0.07819706287992353,1.9549265719980885e-05,1.2953689711711787,0.0
2011-04-08,0.0013792493497066926,0.001375828419966465,0.013683718960910463,3.420929740227616e-06,1.2971511766160588,0.0
2011-04-15,0.004555650334063312,0.004516945104317978,0.15482091898133582,3.870522974533395e-05,1.303010337272835,0.0
2011-04-22,0.008560104909090422,0.008541261419515073,0.07537395830139343,1.8843489575348356e-05,1.3141396891958128,0.0
2011-04-29,-0.011840909112390587,-0.011900038498992177,0.23651754640636097,5.912938660159024e-05,1.2985013763013291,-0.011900038498992127
2011-05-06,-0.0017322365582469,-0.0017555547927566053,0.09327293803882113,2.331823450970528e-05,1.2962217859867624,-0.013634702122127695
2011-05-13,0.0014178203380183886,0.0013649127960401652,0.21163016791289357,5.2907541978223396e-05,1.2979910156889618,-0.012288399505484215
2011-05-20,0.0035868274396663974,0.0035220108694122955,0.25926628101640675,6.48165702541017e-05,1.3025625541546177,-0.008809668512697932
2011-05-27,-0.004102508554701582,-0.004168703684217809,0.26478051806490965,6.619512951622741e-05,1.297132556836189,-0.012941647299330228
2011-06-03,-0.010067537060621433,-0.010086150536499035,0.07445390351040473,1.8613475877601183e-05,1.2840494826021454,-0.02289726643297807
2011-06-10,0.0006374969986375262,0.0005904248065147196,0.1882887684912264,4.7072192122806595e-05,1.284807617269466,-0.022320360740566758
2011-06-17,-0.002050833261537794,-0.0020914312427652904,0.16239192490998489,4.0597981227496225e-05,1.2821205304777659,-0.024365110483529406
2011-06-24,0.01237317824707913,0.012333541918194075,0.15854531554022364,3.963632888505591e-05,1.2979336177845906,-0.012332076676825343
2011-07-01,0.0028411168759179175,0.002809465349170683,0.12660610698893773,3.165152674723443e-05,1.30158011730928,-0.009557257869761582
2011-07-08,-0.003436183655015459,-0.003464267075310801,0.11233368118136663,2.808342029534166e-05,1.2970710961630063,-0.012988416051303964
2011-07-15,0.00629652988150369,0.006262890675957983,0.13455682218282755,3.363920554570689e-05,1.3051945106372203,-0.006806870405129173
2011-07-22,-0.005847694596451644,-0.005852091915380366,0.017589275714890065,4.397318928722516e-06,1.2975563923935214,-0.012619127889242576
2011-07-29,-0.011013463690697091,-0.011058997124163741,0.18213373386659878,4.55334334666497e-05,1.2832067199816013,-0.02353857011436955
2011-08-05,0.008209692286565309,0.008149170303819255,0.24208793098421355,6.052198274605339e-05,1.2936637900777366,-0.01558121962712078
2011-08-12,0.008898707849665755,0.008891762140423897,0.027782836967432945,6.945709241858236e-06,1.305166740788787,-0.00682800198547906
2011-08-19,-0.0005243617544250762,-0.0005268093820641033,0.00979051055610819,2.4476276390270475e-06,1.3044791667045814,-0.007351214312036447
2011-08-26,0.006123630589720043,0.00602521432868717,0.39366504413149517,9.84162610328738e-05,1.3123389332712838,-0.0013702926251554226
2011-09-02,-0.001442803230852561,-0.001443935714993283,0.004529936562888727,1.1324841407221818e-06,1.3104440002153572,-0.002812249725687166
2011-09-09,-0.00305296806115983,-0.0030536376408251704,0.0026783186613617317,6.69579665340433e-07,1.306442379090106,-0.005857299774894575
2011-09-16,-0.006790261662616886,-0.006790659237600221,0.0015902999333365815,3.975749833341454e-07,1.2975707740801454,-0.012608184085671104
2011-09-23,-0.002455088602913592,-0.0024634472574153743,0.033434618007128145,8.358654501782036e-06,1.2943742769154354,-0.015040571746579579
2011-09-30,-0.0007494323266364169,-0.000762216755089079,0.05113771381064816,1.2784428452662041e-05,1.2933876831542142,-0.015791324325877265
2011-10-07,0.001896703706817851,0.0018962124264553638,0.001965121449948857,4.912803624872143e-07,1.2958402209512356,-0.013925055604838699
2011-10-14,-0.0012213670714384221,-0.0012220339297265971,0.0026674331527000213,6.668582881750054e-07,1.2942566602337287,-0.015130072644143011
2011-10-21,0.005017344736390974,0.005011999627321275,0.021380436278794945,5.345109069698737e-06,1.3007434741324782,-0.0101939049352755
2011-10-28,0.003711517845687376,0.0037043181860314735,0.028798638623611306,7.199659655902827e-06,1.3055618418390689,-0.006527348216682438
2011-11-04,-0.001346244126929352,-0.0013506490281496096,0.017619604881030357,4.404901220257589e-06,1.3037984860061997,-0.00786918108830681
2011-11-11,-0.0019020386354365992,-0.0019095700410441281,0.03012562243011564,7.5314056075289095e-06,1.3013087914777637,-0.009763724376897098
2011-11-18,-0.0034406420108343246,-0.003447512033704693,0.027480091481473578,6.8700228703683946e-06,1.2968225137595784,-0.01317757585331869
2011-11-25,0.009752276343162012,0.009610741591269095,0.5661390075716691,0.00014153475189291728,1.3092859398290617,-0.003693480538375149
2011-12-02,-0.005414051261263093,-0.005422088289650132,0.03214811354815465,8.037028387038664e-06,1.3021868758669108,-0.00909554245045019
2011-12-09,-0.0034606920041671046,-0.003491929708105997,0.12495081575556861,3.1237703938892155e-05,1.2976397308295655,-0.012555711163662053
2011-12-16,-0.00022041060679403644,-0.0002534382460989929,0.13211055721982576,3.302763930495644e-05,1.2973108592921156,-0.01280596731234529
2011-12-23,0.0021440033096621677,0.0021166030199110003,0.10960115900467024,2.740028975116756e-05,1.3000567513746566,-0.010716469441520493
2011-12-30,-0.0006322993344891754,-0.0006638563929071328,0.12622823367182964,3.155705841795741e-05,1.2991937003891145,-0.011373211637679459
2012-01-06,0.005816819319726227,0.005810594504857126,0.024899259476402664,6.224814869100666e-06,1.3067427881653406,-0.005628702253866691
2012-01-13,-0.0011814574968624075,-0.0011907469547963224,0.03715783173566027,9.289457933915069e-06,1.3051867881696306,-0.006812746848594897
2012-01-20,0.010431711172778227,0.010423906783113652,0.03121755865829793,7.804389664574482e-06,1.3187919335840623,0.0
2012-01-27,0.0017010385371715117,0.0016154363131935486,0.3424088959118521,8.560222397796302e-05,1.3209223579631206,0.0
2012-02-03,-0.002349850524037228,-0.0023856387185393732,0.1431527780085809,3.578819450214522e-05,1.3177711144417794,-0.0023856387185394734
2012-02-10,0.002908123014489698,0.0028616942587238858,0.18571502306324933,4.6428755765812336e-05,1.3215421724742895,0.0
2012-02-17,0.008359335512834418,0.008352566424860094,0.027076351897296142,6.769087974324036e-06,1.3325804412531348,0.0
2012-02-24,-0.0017263266928450422,-0.0017598072828490664,0.13392236001609628,3.348059000402407e-05,1.3302353564876352,-0.0017598072828490796
2012-03-02,-0.004009993771121026,-0.004032981917314527,0.09195258477400395,2.2988146193500987e-05,1.3248705413491482,-0.005785691929213965
2012-03-09,-0.007169716582751022,-0.00720963223534568,0.1596626103786302,3.9915652594657546e-05,1.3153187119865775,-0.012953611453523028
2012-03-16,0.001960878472199638,0.0019307382133859736,0.12056103525465801,3.0140258813664503e-05,1.3178582480865915,-0.01104788327277173
2012-03-23,0.0014076891143125067,0.0013842714052247484,0.0936708363510331,2.3417709087758274e-05,1.3196825215755574,-0.009678905136449645
2012-03-30,-0.0033299008996703306,-0.003363786577501736,0.13554271132562132,3.388567783140533e-05,1.315243391222918,-0.01301013394276851
2012-04-06,0.003766984738047556,0.0037553147187613938,0.04668007714464834,1.1670019286162086e-05,1.3201825440887311,-0.009303676371495317
2012-04-13,-0.0003835192555754629,-0.0003978497944972734,0.05732215568724211,1.4330538921810527e-05,1.3196573097348665,-0.00969782470026026
2012-04-20,0.006832842783886547,0.006818078539986623,0.05905697559969579,1.4764243899923949e-05,1.3286548369185065,-0.0029458666907468123
2012-04-27,-0.005585654188723733,-0.00560807039450647,0.08966482313094819,2.241620578273705e-05,1.321203647063066,-0.008537416457478852
2012-05-04,-0.004875975059522146,-0.0048898543422614725,0.05551713095730562,1.3879282739326406e-05,1.3147431536724627,-0.013385524076804045
2012-05-11,-0.0051917550234898595,-0.005204131022426382,0.04950399574608984,1.237599893652246e-05,1.3079010580399133,-0.018519995078130846
2012-05-18,0.0016534532052175012,0.001532481656663719,0.4838861942151283,0.00012097154855378207,1.3099053924200905,-0.01701589497420586
2012-05-25,0.003775504385680957,0.0037223588911768422,0.2125819780164595,5.3145494504114875e-05,1.3147813304041658,-0.013356875350977737
2012-06-01,0.0013617116564242971,0.001344644652768993,0.06826801462121648,1.7067003655304122e-05,1.3165492440896542,-0.012030190949227082
2012-06-08,0.0029982912666236526,0.0029678551963311767,0.12174428116990368,3.0436070292475922e-05,1.3204565716049517,-0.00909803961761746
2012-06-15,-0.0018692804299655628,-0.0018849092144406175,0.06251513790021934,1.5628784475054835e-05,1.3179676308458648,-0.010965799853349445
2012-06-22,0.0048417985911107025,0.004831094046351304,0.04281817903759505,1.0704544759398762e-05,1.3243348564205282,-0.006187682617383006
2012-06-29,0.0032977344269531634,0.0032410586441021824,0.2267031314039249,5.6675782850981226e-05,1.328627103354616,-0.002966678615514695
2012-07-06,0.00391603031577299,0.0038899996889110943,0.10412250744758442,2.6030626861896104e-05,1.3337954623733441,0.0
2012-07-13,0.002332261652648755,0.0023088272488608914,0.09373761515145486,2.3434403787863717e-05,1.3368749656812788,0.0
2012-07-20,0.0015358400387590742,0.0015309003083532702,0.01975892162321571,4.939730405803928e-06,1.33892158797847,0.0
2012-07-27,0.00021453159397552302,0.00015448871259501524,0.24017152552203108,6.0042881380507775e-05,1.3391284362508624,0.0
2012-08-03,-0.0015937726428292545,-0.0016265168365266196,0.13097677478946024,3.274419369736506e-05,1.336950321303029,-0.0016265168365265925
2012-08-10,-0.003993983875249541,-0.0040033364170376715,0.037410167152521726,9.352541788130431e-06,1.3315980593939862,-0.00562334175947965
2012-08-17,0.004684642401270984,0.004658942621112655,0.10279912063331303,2.569978015832826e-05,1.3378018983470876,-0.00099059796496348
2012-08-24,0.0031911282081230267,0.00315015801738573,0.1638807629491861,4.0970190737296524e-05,1.3420161857228396,0.0
2012-08-31,0.0041679505359872564,0.0041089283683383455,0.23608867059564387,5.902216764891097e-05,1.3475304340991257,0.0
2012-09-07,0.004079343542253172,0.004044304578147826,0.1401558564213856,3.50389641053464e-05,1.3529802576029462,0.0
2012-09-14,0.00014484427925927877,0.00010132769648439976,0.17406633109951605,4.3516582774879015e-05,1.3531173519758377,0.0
2012-09-21,-0.002641122281594241,-0.0026480242536828912,0.02760788835460104,6.90197208865026e-06,1.3495342644097266,-0.0026480242536828236
2012-09-28,0.00396440196402546,0.003912495587794844,0.2076255049224641,5.1906376230616025e-05,1.3548143112648077,0.0
2012-10-05,-0.004289492311329574,-0.004319328150975647,0.11934335858429243,2.983583964607311e-05,1.3489624236708169,-0.0043193281509756876
2012-10-12,-0.00018125412031721712,-0.00020422515184254482,0.09188412610131078,2.2971031525327695e-05,1.3486869316150127,-0.004522671187370819
2012-10-19,-0.004433312720725871,-0.004448991612005074,0.06271556511680842,1.5678891279202106e-05,1.3426866347690367,-0.00895154147319932
2012-10-26,-0.000286476539031252,-0.00032846464333531015,0.1679524172162326,4.198810430405815e-05,1.3422456096824362,-0.009277065851657329
2012-11-02,-0.003363277885752412,-0.0033864220028742317,0.09257646848727896,2.314411712181974e-05,1.3377001996165463,-0.012632071794609456
2012-11-09,-0.003846637023167364,-0.003891679271647322,0.1801689939198339,4.504224847995848e-05,1.33249429947802,-0.01647459109429572
2012-11-16,0.004174171808039958,0.0040876796096000105,0.34596879375978973,8.649219843994743e-05,1.3379411092559046,-0.012454254334788417
2012-11-23,0.0009208636537547211,0.0008755342370167819,0.18131766695175663,4.532941673793916e-05,1.3391125225041705,-0.011589624223838135
2012-11-30,0.0024528309827130997,0.002411648644512666,0.16472935280173498,4.118233820043374e-05,1.3423419914039176,-0.009205925680875304
2012-12-07,-0.000538976123178841,-0.0005658021876162855,0.10730425774977811,2.682606443744453e-05,1.341582491368652,-0.009766519135602336
2012-12-14,0.0014720361368052138,0.001436337668952539,0.14279387141069919,3.56984678526748e-05,1.343509456837012,-0.008344209485978804
2012-12-21,-0.0005426876810904368,-0.000572791772523879,0.12041636573376886,3.0104091433442216e-05,1.3427399056738278,-0.008912221763960892
2012-12-28,0.004648526877877511,0.004621228645072517,0.10919293121997861,2.7298232804994654e-05,1.3489450137888095,-0.004332178533395292
2013-01-04,0.0023958404649034194,0.0023782004185838863,0.07056018527813294,1.7640046319533238e-05,1.3521530753852486,-0.0019642809036130027
2013-01-11,0.0016140507569081194,0.0015932593324858495,0.08316569768908016,2.0791424422270042e-05,1.3543074058915556,-0.0003741511800083863
2013-01-18,-0.00013483172575434299,-0.00014426425157905044,0.037730103298829795,9.432525824707449e-06,1.3541120277472367,-0.0005183614549475468
2013-01-25,-0.0006855088770729541,-0.0007060249405199015,0.08206425378778973,2.051606344694743e-05,1.3531559908833892,-0.00122402041935199
2013-02-01,-0.0003159737417164413,-0.00034060699528259475,0.09853301426461394,2.4633253566153486e-05,1.3526950964871858,-0.0015642105047174448
2013-02-08,-0.0006486099652456465,-0.0007207108281157537,0.2884034514804286,7.210086287010716e-05,1.3517201944840085,-0.0022837939893848302
2013-02-15,-0.0004376137123208651,-0.0004692105543634757,0.1263873681704425,3.1596842042610626e-05,1.3510859531022104,-0.002751932963504511
2013-02-22,0.0010192685500995757,0.0009996084097687017,0.07864056132349574,1.9660140330873937e-05,1.3524365099832518,-0.0017550754090691623
2013-03-01,0.004413758521662717,0.004398812402879608,0.059784475132432534,1.4946118783108133e-05,1.3583856244774732,0.0
2013-03-08,0.001899547035625326,0.0018764893536332289,0.09223072796838798,2.3057681992096995e-05,1.3609346206399335,0.0
2013-03-15,-0.0007799344460782935,-0.0008064876568219875,0.10621284297477616,2.6553210743694043e-05,1.3598370436666456,-0.0008064876568221191
2013-03-22,0.002113257439820189,0.002098397952608598,0.059437948846363865,1.4859487211590966e-05,1.362690522934957,0.0
2013-03-29,0.001143801101239795,0.001114487116903102,0.11725593734677273,2.931398433669318e-05,1.364209223967094,0.0
2013-04-05,0.00795137313284513,0.007907925992733208,0.17378856044768992,4.3447140111922484e-05,1.3749972895488298,0.0
2013-04-12,-0.006292541828307481,-0.006313904655242543,0.0854513077402477,2.1362826935061926e-05,1.3663156877614016,-0.006313904655242619
2013-04-19,0.007203471570354253,0.007179723308978954,0.09499304550119295,2.3748261375298236e-05,1.3761254563522458,0.0
2013-04-26,0.004530770722078239,0.0044718491532986454,0.23568627511837395,5.8921568779593486e-05,1.3822792818090675,0.0
2013-05-03,0.00015567478880979836,0.0001417024589526573,0.05588931942856427,1.3972329857141067e-05,1.3824751541822593,0.0
2013-05-10,0.002223394410051595,0.0022038869101570855,0.07802999957803863,1.950749989450966e-05,1.385521973078179,0.0
2013-05-17,-0.006200327951288614,-0.0062293887890820425,0.11624335117371346,2.9060837793428365e-05,1.3768910180320588,-0.00622938878908208
2013-05-24,-0.009891951751503798,-0.009897339530633372,0.021551116518293507,5.387779129573377e-06,1.363263460129916,-0.016065073943801633
2013-05-31,0.0012087219567992625,0.0011630814917618032,0.1825618601498374,4.5640465037459357e-05,1.3648490466287884,-0.014920677442207597
2013-06-07,-0.003333808847518988,-0.003362510028722007,0.11480472481207646,2.8701181203019114e-05,1.3602597280218074,-0.01823301654339482
2013-06-14,-0.015216008741706605,-0.015218892748502183,0.011536027182313125,2.8840067955782813e-06,1.3395580811109367,-0.03317442296864148
2013-06-21,0.004064463772712111,0.004043051271654047,0.08565000423225663,2.1412501058064157e-05,1.3449739831142267,-0.029265497589957223
2013-06-28,0.0016891063712094097,0.001621424530372359,0.27072736334820213,6.768184083705053e-05,1.3471547569231606,-0.027691524855270933
2013-07-05,0.01064946176491117,0.010640911921431353,0.03419937391926762,8.549843479816905e-06,1.3614897120361173,-0.017345276010794497
2013-07-12,0.004537484207954861,0.004529397736344077,0.03234588644313857,8.086471610784644e-06,1.3676564404558695,-0.012894441928349876
2013-07-19,-0.0005367518549005445,-0.0005444313043733577,0.030717797891253066,7.679449472813266e-06,1.3669118454760576,-0.013431853094885038
2013-07-26,0.00043006264349680634,0.0003568923219181426,0.29268128631465484,7.317032157866371e-05,1.367399685818447,-0.013079754498205531
2013-08-02,-0.0018925521423289507,-0.001899040038138748,0.02595158323918895,6.487895809797237e-06,1.3648029390669394,-0.014953955558863141
2013-08-09,-0.0070833302545150485,-0.007101696949330005,0.07346677925982584,1.836669481495646e-05,1.355110522198131,-0.021949454047620498
2013-08-16,0.003444215713782957,0.0034361531398411985,0.03225029576703341,8.062573941758352e-06,1.359766889473814,-0.01858872259322275
2013-08-23,-0.005866165428867701,-0.005886849735946005,0.08273722831321353,2.0684307078303385e-05,1.351762146119567,-0.024366143312479216
2013-08-30,0.0029606759864810343,0.0028970916737482925,0.2543372509309681,6.358431273274203e-05,1.3556783249779782,-0.021539642589642805
2013-09-06,0.0040136327512987815,0.003988718763926322,0.0996559494898381,2.4913987372459523e-05,1.361085744550666,-0.017636839402282112
2013-09-13,0.005085941382456442,0.005077114347623415,0.035308139332105345,8.827034833026336e-06,1.36799613251267,-0.012649269305034738
2013-09-20,-0.0005101943354571168,-0.0005263425252935215,0.06459275934561899,1.614818983640475e-05,1.3672760979736915,-0.013168953981979037
2013-09-27,-9.312907278685069e-05,-0.00011347172496302266,0.08137060870468785,2.0342652176171963e-05,1.3671209507963538,-0.013280931403017782
2013-10-04,5.195484479520667e-05,4.017963847254457e-05,0.04710082529064838,1.1775206322662095e-05,1.367175881221905,-0.013241285387567636
2013-10-11,0.00936912518930193,0.00936633658158596,0.011154430863882568,2.788607715970642e-06,1.3799813106916556,-0.003998971141694563
2013-10-18,0.003157867252348275,0.0031537126233868564,0.016618515845674336,4.1546289614185845e-06,1.384333375171222,-0.0008578701240777864
2013-10-25,-0.0033101348104283457,-0.0033473191984585036,0.14873755212063244,3.718438803015811e-05,1.3796995694874443,-0.004202317757400209
2013-11-01,-0.0037009628847414966,-0.003709526086132274,0.034252805563108765,8.563201390777192e-06,1.3745815379434052,-0.007896255236189198
2013-11-08,0.005805525850252663,0.005799397999367022,0.02451140354256573,6.1278508856414325e-06,1.382553283364521,-0.002142650763641396
2013-11-15,-0.0014179006139664076,-0.0014215022292958872,0.01440646131791887,3.601615329479718e-06,1.380587980790098,-0.0035611072101001673
2013-11-22,0.0028007982919531567,0.0027980295989117306,0.011074772165705304,2.768693041426326e-06,1.3844509068242503,-0.0007730416945672669
2013-11-29,-0.0015961123226156187,-0.001612376219069929,0.06505558581724134,1.6263896454310337e-05,1.3822186511056171,-0.0023841714795925784
2013-12-06,-0.004518175125948143,-0.004526794945975933,0.03447928011115911,8.619820027789779e-06,1.3759616307015585,-0.006900173770164386
2013-12-13,0.006591582004759,0.006585181856352776,0.02560059362489563,6.400148406223908e-06,1.385022588267092,-0.0003604308129285805
2013-12-20,0.003541699906052259,0.003533942787273381,0.031028475115511905,7.757118778877976e-06,1.389917178853109,0.0
2013-12-27,-0.0012176059592952171,-0.0012373309329498572,0.07889989461856037,1.9724973654640094e-05,1.3881973913334757,-0.001237330932949865
2014-01-03,0.0036445795728319583,0.003640537698172181,0.01616749863910765,4.041874659776913e-06,1.3932511762691293,0.0
2014-01-10,0.0011901540576418174,0.001169492407066286,0.08264660230212602,2.0661650575531504e-05,1.3948805729409122,0.0
2014-01-17,-0.005323069177309195,-0.005350521632706909,0.10980982159085681,2.7452455397714202e-05,1.3874172342603492,-0.005350521632706884
2014-01-24,-0.0018220510103182776,-0.0018237238938717973,0.00669153421407918,1.672883553519795e-06,1.3848869682994591,-0.007164487652432383
2014-01-31,0.003764111344859773,0.0037482940703414975,0.06326909807310199,1.5817274518275497e-05,1.3900779319108292,-0.0034430481886755793
2014-02-07,0.008593856649586055,0.008586007561098181,0.031396353951493594,7.849088487873398e-06,1.4020131515447312,0.0
2014-02-14,0.0007620716557869061,0.0007541696274283278,0.03160811343431348,7.90202835857837e-06,1.4030705072808811,0.0
2014-02-21,0.0046942983397816095,0.004687453918896687,0.027377683539687874,6.844420884921968e-06,1.4096473356287231,0.0
2014-02-28,-2.3363282276124275e-05,-4.087862064585138e-05,0.07006135347890842,1.7515338369727105e-05,1.4095897111900455,-4.0878620645834474e-05
2014-03-07,-0.002565391458147702,-0.002570137218882973,0.018983042941084445,4.7457607352711114e-06,1.4059668722099614,-0.0026109107758645056
2014-03-14,0.0005072096093893886,0.0004988611428982598,0.03339386596451483,8.348466491128709e-06,1.4066682544507092,-0.0021133521148998247
2014-03-21,-0.0008296583150740055,-0.0008838699364368774,0.2168464854514877,5.421162136287193e-05,1.40542494267006,-0.002995354122937277
2014-03-28,0.0001988316708094212,7.610104559184757e-05,0.4909225008702945,0.00012273062521757363,1.405531896977698,-0.002919481026926185
2014-04-04,-0.0018458211214343596,-0.0018752566377528543,0.11774206527397835,2.9435516318494587e-05,1.402896163958317,-0.004789262888504675
2014-04-11,0.005454007980869478,0.005399610641204558,0.2175893586596785,5.4397339664919625e-05,1.4104712570137317,0.0
2014-04-18,0.0024227066690629107,0.0023299325641378834,0.37109641970010865,9.277410492502717e-05,1.4137575599262284,0.0
2014-04-25,0.003797881187290764,0.0037091713546069335,0.35483933073532115,8.870983268383029e-05,1.4190014289698658,0.0
2014-05-02,-0.003108426388643067,-0.003143118103442941,0.138766859199497,3.469171479987425e-05,1.4145413398896594,-0.00314311810344281
2014-05-09,0.003949161925079313,0.003919404768679514,0.11902862559919927,2.975715639979982e-05,1.420085499962717,0.0
2014-05-16,0.0009709678866715353,0.000950579991423226,0.08155158099323731,2.038789524830933e-05,1.4214354048250917,0.0
2014-05-23,0.0018392661047006238,0.0018237292689897088,0.06214734284366008,1.553683571091502e-05,1.4240277181768495,0.0
2014-05-30,0.001046275681066704,0.001012167399372274,0.13643312677772035,3.410828169443009e-05,1.4254690726089907,0.0
2014-06-06,6.42422626077075e-05,4.0340725479847024e-05,0.0956061485114419,2.3901537127860477e-05,1.4255265770655288,0.0
2014-06-13,0.006820053049274894,0.006801426426097121,0.07450649271108903,1.8626623177772258e-05,1.4352221911978862,0.0
2014-06-20,0.0019840852492355593,0.0019416985453550313,0.1695468155221122,4.238670388052805e-05,1.4380089600387964,0.0
2014-06-27,-0.0020208445097081554,-0.0020933229808487836,0.2899138845625132,7.247847114062831e-05,1.4349987428360809,-0.002093322980848744
2014-07-04,-0.0002486451535054681,-0.00028879410299772557,0.16059579796902992,4.0148949492257485e-05,1.4345843236613407,-0.0023815125445139085
2014-07-11,0.0017867954580781877,0.001743652931045474,0.17257010813085413,4.3142527032713533e-05,1.4370857408221247,-0.0006420121447969773
2014-07-18,0.002685196612861185,0.002665913249512334,0.07713345339540344,1.928336334885086e-05,1.4409168867392677,0.0
2014-07-25,-0.010124446988601266,-0.010146122697493693,0.08670283556970888,2.167570889242722e-05,1.4262971672095204,-0.010146122697493709
2014-08-01,0.0012305338163476815,0.0012204405898588253,0.04037290595542439,1.0093226488856098e-05,1.4280378781655836,-0.008938064847604621
2014-08-08,0.008081811153644688,0.008059027476944541,0.09113470680058784,2.2783676700146963e-05,1.4395464746638376,-0.0009510694808576581
2014-08-15,0.0019342730855585147,0.0019175389172204531,0.06693667335224611,1.6734168338061528e-05,1.4423068610521528,0.0
2014-08-22,0.005460536293336248,0.0054395949011643505,0.08376556868758878,2.0941392171897196e-05,1.4501524260994463,0.0
2014-08-29,-0.0023751445474151757,-0.0024242472485169124,0.1964108044069471,4.910270110173678e-05,1.4466368980705446,-0.0024242472485168642
2014-09-05,-0.016452933088096193,-0.01648458949677657,0.12662563472149727,3.1656408680374315e-05,1.4227896826549615,-0.018868874024562943
2014-09-12,0.0011032434320129984,0.0010689786879295481,0.13705897633380082,3.4264744083450205e-05,1.424310614503126,-0.017820065760830728
2014-09-19,-0.003877474289105447,-0.003908655139398035,0.12472340117035229,3.118085029258807e-05,1.418743475499649,-0.021659068408608317
2014-09-26,0.00019224904003954527,0.00015441834578207455,0.1513227770298829,3.783069425747072e-05,1.4189625555202248,-0.021507994620341142
2014-10-03,-0.0017319388813737775,-0.0017584798797783776,0.1061639936184009,2.6540998404600226e-05,1.4164673384161834,-0.023228653124325316
2014-10-10,0.0009816554729980692,0.0009696524341414894,0.0480121554263196,1.20030388565799e-05,1.4178408194187608,-0.02228152441022746
2014-10-17,0.0012831784933383917,0.0012027332572896868,0.3217809441948196,8.044523604870491e-05,1.4195461037258186,-0.02110558988336919
2014-10-24,-0.0008995682831268227,-0.0009270730844564599,0.11001920531854871,2.7504801329637177e-05,1.4182300807409092,-0.022013096543513244
2014-10-31,0.0019741271781363832,0.001909934331928517,0.2567713848314643,6.419284620786607e-05,1.4209388070626898,-0.020145205780425335
2014-11-07,0.0006474069170924577,0.0006013674135654017,0.18415801410822424,4.603950352705606e-05,1.421793313357928,-0.01955595303715585
2014-11-14,0.0038861864625530187,0.0038664188702475133,0.07907036922202126,1.9767592305505318e-05,1.4272905618542868,-0.015765145672756775
2014-11-21,0.0029171351407116233,0.0029147520734785024,0.009532268932483094,2.3830672331207735e-06,1.431450759978908,-0.012896345090316674
2014-11-28,-0.0017430002508651771,-0.0017882199260031912,0.18087870055205618,4.5219675138014046e-05,1.4288910112068212,-0.014661503515056795
2014-12-05,0.001265588732874336,0.0012603330563559884,0.021022706073390837,5.25567651834771e-06,1.4306918897821752,-0.013419648836236586
2014-12-12,0.006116978333015592,0.006114234441600424,0.01097556566067007,2.7438914151675177e-06,1.43943947541,-0.0073874652737447866
2014-12-19,0.00021837186079391865,0.00017648948663427037,0.16752949663859307,4.188237415964827e-05,1.4396935213440563,-0.007212279597064053
2014-12-26,0.0003110186267527907,0.000222922377199266,0.3523849982140988,8.80962495535247e-05,1.4400144612462726,-0.006990964998377591
2015-01-02,0.008669330745999244,0.008658777881271017,0.04221145891290884,1.055286472822721e-05,1.4524832266120222,0.0
2015-01-09,0.005160710627954112,0.005149112827172875,0.046391203124948696,1.1597800781237174e-05,1.4599622266254235,0.0
2015-01-16,0.0042822164036352495,0.0042535578615019625,0.11463416853314719,2.86585421332868e-05,1.466172260431982,0.0
2015-01-23,0.001257673283782752,0.0012412988656188375,0.06549767265565831,1.637441816391458e-05,1.467992218395658,0.0
2015-01-30,-0.011895878663387972,-0.01198861282624388,0.37093665142363075,9.273416285590768e-05,1.4503930280573736,-0.01198861282624386
2015-02-06,-0.002638350683036605,-0.0026926599028090025,0.21723687908959083,5.430921977239771e-05,1.4464876129074098,-0.01464899147200538
2015-02-13,-0.0035286899390455156,-0.0035772766269666994,0.1943467516847343,4.858668792118358e-05,1.4413131265785593,-0.018173864604170586
2015-02-20,0.0035643026909182394,0.0035293419907473284,0.13984280068364408,3.496070017091102e-05,1.4464000135180084,-0.01470866439690488
2015-02-27,-0.01667816990069749,-0.016721714999329455,0.17418039452786374,4.3545098631965934e-05,1.422213724716934,-0.031184425302168473
2015-03-06,0.002403622917371475,0.002384092320811386,0.07812238624035625,1.9530596560089062e-05,1.4256044135365842,-0.028874679530248915
2015-03-13,0.01669155756005805,0.01666841100374314,0.09258622525965263,2.3146556314913158e-05,1.4493669738301622,-0.012687563552517322
2015-03-20,-0.005134528804859562,-0.0051432720561909884,0.03497300532570473,8.743251331426182e-06,1.4419124851744953,-0.017765580017627514
2015-03-27,0.0031073733835008245,0.0030901192539679575,0.0690165181314681,1.7254129532867025e-05,1.4463681667074697,-0.014730358524530085
2015-04-03,0.0017075309684484639,0.0016827528754640398,0.09911237193769566,2.4778092984423915e-05,1.4488020468989762,-0.01307239320222986
2015-04-10,-0.0010893730250202838,-0.001116031322059464,0.1066331881567206,2.665829703918015e-05,1.447185138435173,-0.014173835324021389
2015-04-17,0.0008739703071159888,0.0008566044380895607,0.0694634761057126,1.736586902642815e-05,1.4484248036474938,-0.013329372256175143
2015-04-24,-0.01114150430400333,-0.011166924176797656,0.10167949117730643,2.5419872794326607e-05,1.4322503536893691,-0.02434744834366387
2015-05-01,0.0006777154257112131,0.0006548803301873034,0.09134038209563843,2.2835095523909608e-05,1.4331883062739041,-0.02370851267848706
2015-05-08,0.00359892883026938,0.0035897644731168687,0.036657428610045346,9.164357152511337e-06,1.4383331147390528,-0.020203856181893798
2015-05-15,-0.005188491441261788,-0.005206052056671103,0.07024246163725645,1.7560615409314113e-05,1.4308450776688872,-0.025304725911536652
2015-05-22,-0.0015971006150344805,-0.00161094246304546,0.05536739204391753,1.3841848010979383e-05,1.4285400685752307,-0.02687490391709557
2015-05-29,-0.011009016910774157,-0.011039695737569365,0.12271530718083437,3.067882679520859e-05,1.4127694208692338,-0.03761790889244365
2015-06-05,0.0008345821608716758,0.0008238544552612081,0.042910822441870694,1.0727705610467674e-05,1.4139333372508738,-0.03682504611902104
2015-06-12,0.005704680494100227,0.005699209175363422,0.021885274947222096,5.471318736805524e-06,1.4219916390998861,-0.03133571058438245
2015-06-19,-0.007651652033889096,-0.007659613225115639,0.031844764906173904,7.961191226543476e-06,1.4110997331350328,-0.03875530438628749
2015-06-26,-0.0011278659771817637,-0.0012126221545090746,0.33902470930924317,8.47561773273108e-05,1.4093886023364113,-0.039920931000093085
2015-07-03,-0.0009393032428634202,-0.0009522693052720407,0.051864249634482065,1.2966062408620517e-05,1.408046484831206,-0.04083518482813597
2015-07-10,0.006825509075784433,0.006815843555088628,0.03866208278322124,9.66552069580531e-06,1.417643509390108,-0.034297667504378904
2015-07-17,-0.007153469426261597,-0.007186083874795257,0.13045779413464073,3.261444853366018e-05,1.4074562042270717,-0.041237285463777806
2015-07-24,0.003713252495327445,0.0036808422020543716,0.12964117309229317,3.2410293273073296e-05,1.4126368284211341,-0.03770823120235656
2015-07-31,-0.001872197115439684,-0.0019026867146934542,0.12195839701508093,3.0489599253770235e-05,1.4099490230950107,-0.03953917096650661
2015-08-07,0.0014726046915413628,0.0014646211351819049,0.03193422543783134,7.983556359457834e-06,1.4120140642337646,-0.038132459736789914
2015-08-14,-0.010200511110966762,-0.010210642906669445,0.040527182810730755,1.0131795702682688e-05,1.3975964928446787,-0.04795374571393407
2015-08-21,-0.004100624597625125,-0.004146180454863632,0.18222342895402666,4.555585723850667e-05,1.39180180558226,-0.05190110128558112
2015-08-28,-0.001283194343138979,-0.001450810456301668,0.6704644526507566,0.00016761611316268914,1.3897825649696218,-0.053276613081444046
2015-09-04,-0.00046663461403310063,-0.0004675645594119642,0.0037197815154542246,9.299453788635562e-07,1.3891327518969534,-0.05371926738473354
2015-09-11,0.0016699650512199383,0.0016685901839084006,0.005499469246150527,1.3748673115376318e-06,1.3914506451709143,-0.052140312643070064
2015-09-18,-0.001035215564975274,-0.0010405185220239877,0.021211828194854572,5.302957048713643e-06,1.3900028150021317,-0.05312657820404487
2015-09-25,0.0014623919827900153,0.0014377172411258136,0.09869896665680741,2.4674741664201853e-05,1.3920012460144735,-0.05176524196036514
2015-10-02,0.0012684675004521243,0.0012609436075301094,0.030095571688060027,7.523892922015007e-06,1.3937564810873095,-0.05056957140377716
2015-10-09,0.001969380653516336,0.0019678444894036355,0.00614465645080051,1.5361641127001274e-06,1.3964991770981876,-0.0487012399667921
2015-10-16,-0.00016015366935001092,-0.00016669242837783735,0.026155036111305766,6.538759027826442e-06,1.3962663912591293,-0.04885981426721486
2015-10-23,-0.0019588531351416904,-0.001979551504122404,0.08279347592285423,2.0698368980713558e-05,1.3935024100241566,-0.050742645252513596
2015-10-30,-0.010531955719426632,-0.010697519772921564,0.6622562139797328,0.0001655640534949332,1.3785953904393093,-0.06089734457451601
2015-11-06,-0.005230872742794931,-0.005258350553197799,0.10991124161147604,2.7477810402869013e-05,1.3713462526053568,-0.06583547554218216
2015-11-13,0.004124552039217707,0.004098205389278235,0.1053865997578865,2.6346649939471625e-05,1.3769663112083506,-0.0620070774535767
2015-11-20,0.0005769872957357234,0.0005661777975004486,0.04323799294109938,1.0809498235274846e-05,1.3777459189616628,-0.061476006686618345
2015-11-27,0.002713129183825965,0.0026745500911227785,0.15431637081274627,3.857909270318657e-05,1.3814307694347656,-0.058965877254781196
2015-12-04,-0.005906352815125662,-0.005923001158473116,0.0665933733898165,1.6648343347454123e-05,1.373248553387053,-0.06453962345396391
2015-12-11,-0.0017282041513028026,-0.0017726773940311337,0.17789297091332407,4.447324272833102e-05,1.370814226720078,-0.06619789291647882
2015-12-18,0.004391854743320236,0.004382093766101464,0.0390439088750883,9.760977218772075e-06,1.3768212631974712,-0.062105884524255695
2015-12-25,-0.0016384886519410888,-0.0017959686217682684,0.629919879308718,0.0001574799698271795,1.3743485354109852,-0.0637903129261913
2016-01-01,0.0009108963109334964,0.0008982413189715132,0.05061996784793299,1.2654991961983248e-05,1.3755830320521594,-0.06294937070204021
2016-01-08,-0.002166141572914234,-0.0021766320595993146,0.04196194674032157,1.0490486685080392e-05,1.372588893923954,-0.06498898514323781
2016-01-15,0.0009177501888695493,0.0009070640129922106,0.04274470350935479,1.0686175877338698e-05,1.373833919914265,-0.06414087029990989
2016-01-22,0.003081373468357705,0.0030765085339582903,0.019459737597658636,4.864934399414659e-06,1.3780605316931227,-0.061261691700804755
2016-01-29,0.0023126432171237652,0.0022999041973462697,0.0509560791099818,1.273901977749545e-05,1.381229938894161,-0.05910268352533776
2016-02-05,0.00338884984332045,0.003383726725433526,0.02049247154769743,5.123117886924358e-06,1.385903643552366,-0.05591894412969378
2016-02-12,0.0005197758283025928,0.0005150492786575922,0.01890619858000284,4.72654964500071e-06,1.3866174522242667,-0.05543269586287336
2016-02-19,0.000781198032362361,0.0007806404370012076,0.0022303814446140574,5.575953611535143e-07,1.3876999018781246,-0.05469532842979463
2016-02-26,0.002423680644813164,0.00241338380283627,0.04118736790757571,1.0296841976893928e-05,1.3910489543445146,-0.052413945446681764
2016-03-04,0.00036412857499639524,0.00036248852364218176,0.006560205416853919,1.6400513542134797e-06,1.3915531936262888,-0.0520704563767429
2016-03-11,0.002420951149491911,0.002412268438374181,0.034730844470920764,8.682711117730191e-06,1.3949099934755924,-0.04978379585685799
2016-03-18,-0.0023524935023625623,-0.0023560880026162164,0.014378001014615567,3.5945002536538917e-06,1.391623462775235,-0.052022588855331175
2016-03-25,0.0045802104198497395,0.0044151893393273,0.6600843220897579,0.00016502108052243947,1.397767743852438,-0.04783708909572215
2016-04-01,0.0017973264331175073,0.0017625259656771854,0.1392018697612875,3.480046744032188e-05,1.4002313457949642,-0.046158877241698426
2016-04-08,0.0012908390957152866,0.0012719369513846412,0.07560857732258149,1.8902144330645373e-05,1.402012351784168,-0.044945651471911874
2016-04-15,-0.004550563930903169,-0.004563604141389394,0.05216084194489867,1.3040210486224669e-05,1.3956141224092868,-0.04930414145210649
2016-04-22,0.009619330253271649,0.009600745974248622,0.07433711609211226,1.8584279023028065e-05,1.4090130590766123,-0.04017675201541793
2016-04-29,0.0016109326115010543,0.0015363848622009972,0.29819099720022774,7.454774930005694e-05,1.4111778454112212,-0.0387020941068259
2016-05-06,0.001370791583045491,0.0013406496822355235,0.12056760323986962,3.0141900809967406e-05,1.4130697405412493,-0.03741333037475658
2016-05-13,-0.007244841362010049,-0.007272143740001695,0.10920951196658732,2.730237799164683e-05,1.4027936942733865,-0.044413398998480846
2016-05-20,-0.0010273394868780842,-0.001053934196552268,0.10637883869673552,2.659470967418388e-05,1.401315242028284,-0.045420524395043516
2016-05-27,0.010457174803469738,0.010398648055402525,0.2341069922688541,5.852674806721352e-05,1.4158870260448073,-0.03549418838731688
2016-06-03,0.007334040742781467,0.007296457491860276,0.15033300368476699,3.7583250921191745e-05,1.42621798554362,-0.028456712732232603
2016-06-10,0.0017953158826890948,0.0017729668555263361,0.08939610865103467,2.2349027162758668e-05,1.4287466227607444,-0.026734198685197663
2016-06-17,-0.00022006429697435506,-0.00023294990534472045,0.05154243348146154,1.2885608370365386e-05,1.4284137963702106,-0.026960920861489268
2016-06-24,0.016799811823647814,0.016781406745290977,0.07362031342735408,1.840507835683852e-05,1.4523845892876843,-0.010631956295402478
2016-07-01,0.007340419467263162,0.007324006279634252,0.06565275051564304,1.641318762891076e-05,1.4630218631400713,-0.0033858185304406208
2016-07-08,-0.009767644491210072,-0.009786476071959024,0.07532632299581303,1.8831580748953257e-05,1.4487040346836981,-0.01313915937036747
2016-07-15,0.0010121118527559349,0.0009685053478097226,0.17442601978484934,4.3606504946212334e-05,1.4501071122886828,-0.012183379368673641
2016-07-22,0.002328035768021534,0.0022706132293937747,0.22969015451103675,5.742253862775919e-05,1.4533997446818834,-0.009940429881653223
2016-07-29,-0.006312390923011233,-0.006351360582148496,0.15587863654905487,3.896965913726372e-05,1.4441686788334063,-0.01622865520928174
2016-08-05,0.004316556047565613,0.004288560359080631,0.11198275393992618,2.7995688484981546e-05,1.450362083381277,-0.01200969241761285
2016-08-12,-0.0012047718562320415,-0.0012338508151784897,0.1163158357857926,2.9078958946448153e-05,1.448572552942393,-0.013228725064011848
2016-08-19,-0.00463224110432087,-0.0046600013121296845,0.11104083123525883,2.776020780881471e-05,1.4418222029449663,-0.017827080499985493
2016-08-26,0.003116473218276481,0.003091419052802869,0.10021666189444675,2.505416547361169e-05,1.4462794795739047,-0.014790772423496024
2016-09-02,-0.010243595777721947,-0.010264222111720225,0.08250533599311069,2.0626333998277673e-05,1.4314345457599351,-0.024903178761857547
2016-09-09,-0.0010217562794866708,-0.0010323027784564342,0.04218599587905382,1.0546498969763455e-05,1.4299568719011686,-0.02590977391968574
2016-09-16,0.010358241117345979,0.010334914957242935,0.09330464041217883,2.3326160103044707e-05,1.4447353545647923,-0.01584263427246413
2016-09-23,-0.001071233919363821,-0.0011743549243643074,0.41248402000194534,0.00010312100500048634,1.4430387224867558,-0.016998384321255777
2016-09-30,-0.007072423383902261,-0.007109173137192317,0.14699901316022487,3.674975329005622e-05,1.4327799103649246,-0.023986713001255766
2016-10-07,-0.0031000773473314857,-0.0031294068501527337,0.11731801128499195,2.9329502821247987e-05,1.4282961590986674,-0.027041055667429648
2016-10-14,0.004432537536870497,0.004422249648860568,0.04115155203971624,1.028788800992906e-05,1.4346124412867105,-0.02273838831749908
2016-10-21,-0.005608664997711346,-0.005627856891293592,0.07676757432898627,1.9191893582246568e-05,1.4265386477726796,-0.028238276813403185
2016-10-28,-0.0022131633834689326,-0.0022530325059215367,0.1594764898104163,3.9869122452604074e-05,1.4233246098282943,-0.030427687563752914
2016-11-04,-0.013350072284625501,-0.013384269721873291,0.13678974899116092,3.419743724779023e-05,1.4042744493485724,-0.043404704908260094
2016-11-11,-0.001034450783767803,-0.001048414761657604,0.05585591155920436,1.396397788980109e-05,1.4028021872864567,-0.044407613536566526
2016-11-18,0.0014454282974597627,0.0014164995946423604,0.11571481126960934,2.8928702817402334e-05,1.4047892560161115,-0.04305401730849767
2016-11-25,-0.0027700220658968076,-0.002803024369249585,0.13200921341111124,3.3002303352777814e-05,1.4008515974978384,-0.0457363602180374
2016-12-02,0.004363806046358943,0.004348033778362772,0.06308907198468464,1.577226799617116e-05,1.4069425475622324,-0.04158718967880204
2016-12-09,-0.002965591862616176,-0.0029817512754206615,0.06463765121794159,1.6159412804485397e-05,1.4027473948265952,-0.04444493829835672
2016-12-16,0.0019991748626875315,0.0019355587291647988,0.2544645340909306,6.361613352273266e-05,1.405462494791465,-0.04259540535748252
2016-12-23,0.0004048160011029448,0.0003760792399905862,0.11494704444943435,2.8736761112358587e-05,1.4059910600583412,-0.04223534536516593
2016-12-30,0.008024548895880378,0.007970255351907067,0.21717417589324672,5.4293543973311684e-05,1.4171971678295046,-0.03460171650069532
2017-01-06,0.0025543230798494997,0.002547722404363891,0.026402701942434416,6.600675485608604e-06,1.4208077928053848,-0.032142149664689756
2017-01-13,-0.0009572482893746789,-0.0009989487328483713,0.16680177389476966,4.170044347369242e-05,1.4193884786611408,-0.0331089900378595
2017-01-20,0.003405627684017833,0.003401015783840557,0.01844760070910417,4.611900177276042e-06,1.4242158412804689,-0.0298205784517247
2017-01-27,0.0018338769947654917,0.0017906533249430752,0.17289467928966556,4.3223669822416394e-05,1.4267661181120943,-0.028083323444737962
2017-02-03,0.004105289361160578,0.004101667340207915,0.014488083810653075,3.6220209526632687e-06,1.4326182381008699,-0.024096844555107855
2017-02-10,0.00446030558281323,0.004424325711314106,0.14391948599649546,3.5979871499123866e-05,1.438956607806197,-0.01977913113272045
2017-02-17,0.0026962692498383426,0.0026616408061408306,0.13851377479004798,3.4628443697511994e-05,1.4427865934318,-0.017170135269112485
2017-02-24,0.0011780568090172714,0.0011543686297118075,0.09475271722185552,2.368817930546388e-05,1.4444521010146263,-0.016035587304923382
2017-03-03,-0.005732403880425582,-0.005752196371889212,0.0791699658545234,1.9792491463630852e-05,1.4361433288798022,-0.021695543829696073
2017-03-10,0.004189869632278833,0.004164163461796788,0.10282468192818042,2.5706170482045108e-05,1.4421236644558268,-0.01762172415879859
2017-03-17,-0.0016181324798129214,-0.0016690510956216948,0.2036744632350933,5.091861580877333e-05,1.439716686373645,-0.019261363696406186
2017-03-24,0.003236707610702777,0.0032350139471081416,0.006774654378541281,1.6936635946353203e-06,1.4443741899339482,-0.0160886605294962
2017-03-31,-0.00034014382845344734,-0.0003702149553006541,0.12028450738882715,3.0071126847206787e-05,1.4438394610077843,-0.01645291922205816
2017-04-07,-0.002403260711645549,-0.0024348998732593983,0.12655664645539863,3.1639161613849656e-05,1.4403238564871694,-0.018847757884389083
2017-04-14,0.0036139445775086143,0.0036099167790856314,0.01611119369193145,4.0277984229828625e-06,1.44552330574402,-0.015305879942738243
2017-04-21,0.005370632318235731,0.005337107586956077,0.13409892511861754,3.3524731279654384e-05,1.4532382191462283,-0.010050461483749551
2017-04-28,0.0024794479370157836,0.0024175605112371277,0.2475497031146236,6.18874257786559e-05,1.4567515104782567,-0.007657198571315305
2017-05-05,0.0018011072631229914,0.0017821185172652491,0.07595498343096904,1.8988745857742262e-05,1.4593476143201343,-0.0058887260894142646
2017-05-12,0.0011396942536648664,0.0011354715098249011,0.01689097535986049,4.222743839965123e-06,1.4610046619591257,-0.004759941060293094
2017-05-19,0.006098698400446384,0.006092965634005659,0.022931065762897475,5.732766440724369e-06,1.4699065131555646,0.0
2017-05-26,0.005563967202401668,0.005541086879615938,0.09152129114291897,2.2880322785729743e-05,1.478051392849873,0.0
2017-06-02,-0.006477574053145288,-0.006510858839137559,0.13313914396908288,3.328478599227072e-05,1.468428008874037,-0.006510858839137601
2017-06-09,-0.0021434859757515465,-0.002146157035006751,0.010684237020818659,2.6710592552046646e-06,1.465276531772391,-0.008643042548642677
2017-06-16,0.0030685799343686095,0.0030091568426778366,0.2376923667630915,5.942309169077288e-05,1.469685778674389,-0.005659893976591723
2017-06-23,-0.00361484604084098,-0.003626537490927534,0.04676580034621478,1.1691450086553695e-05,1.4643559080981434,-0.00926590564981844
2017-06-30,-0.0021221129650736263,-0.0021682298022855586,0.18446734884772847,4.611683721193212e-05,1.461180847977052,-0.011414044839328952
2017-07-07,0.009982031032158833,0.009976996155679955,0.02013950591551293,5.034876478878233e-06,1.4757590436800723,-0.0015509265651316717
2017-07-14,0.003917202023197385,0.003915404794762586,0.007188913739192762,1.7972284347981904e-06,1.4815372377156113,0.0
2017-07-21,0.0004700983661845327,0.00045087215239261307,0.07690485516767848,1.9226213791919618e-05,1.48220522159883,0.0
2017-07-28,0.0013014699425988516,0.0012737785550700597,0.11076555011516738,2.7691387528791846e-05,1.4840932228243153,0.0
2017-08-04,-0.006388725522097904,-0.006421515205499985,0.1311587336083252,3.27896834020813e-05,1.4745630956275695,-0.00642151520550005
2017-08-11,-1.9880614397230438e-05,-2.4800381629141872e-05,0.019679068927645735,4.919767231911434e-06,1.4745265259000617,-0.006446156331101349
2017-08-18,0.004455827603029279,0.004407207757975353,0.1944793802157019,4.861984505392548e-05,1.4810250706443489,-0.0020673581233175975
2017-08-25,0.005558481261514595,0.005523295893657266,0.14074147142931484,3.5185367857328714e-05,1.4892052103354423,0.0
2017-09-01,0.0004084778831988776,0.0003609224917836293,0.19022156566099335,4.755539141524834e-05,1.4897426979907336,0.0
2017-09-08,0.003926716037425288,0.0039013743779247167,0.10136663800228558,2.5341659500571396e-05,1.4955547419823751,0.0
2017-09-15,-0.0013493609720063998,-0.0013635637280209375,0.056811024058150715,1.420275601453768e-05,1.4935154577829384,-0.0013635637280208224
2017-09-22,0.00034125285195860404,0.0003368877949615582,0.017460227988183457,4.365056997045864e-06,1.494018604912252,-0.00102713530103693
2017-09-29,0.0027398259400470003,0.0027115159738159977,0.11323986492401106,2.8309966231002766e-05,1.4980696602246497,0.0
2017-10-06,0.005298965512457841,0.0052718686798760486,0.10838733032717034,2.7096832581792585e-05,1.5059672867466607,0.0
2017-10-13,-0.0009216291706696362,-0.0009498450042182815,0.11286333419458133,2.8215833548645333e-05,1.5045368512428283,-0.0009498450042182416
2017-10-20,0.0022600210249310512,0.0022170016569642093,0.1720774718673684,4.3019367966842105e-05,1.5078724119349975,0.0
2017-10-27,0.0032142021530401433,0.003166535457585452,0.1906667818187649,4.7666695454691225e-05,1.5126471433929045,0.0
2017-11-03,-0.0008684939894571886,-0.0008921410135497386,0.09458809637019994,2.3647024092549986e-05,1.511297648837255,-0.0008921410135497299
2017-11-10,0.0009545678610017877,0.000937026817734717,0.07016417306828304,1.754104326707076e-05,1.5127137752637947,0.0
2017-11-17,0.004860816422020722,0.0048242496499546405,0.14626708826432322,3.656677206608081e-05,1.5200114841645926,0.0
2017-11-24,-0.0026568354731406176,-0.002668699636906863,0.047456655064980376,1.1864163766245094e-05,1.5159550300687084,-0.002668699636906857
2017-12-01,-0.0007794800101209051,-0.0007977057851655089,0.07290310017841496,1.822577504460374e-05,1.5147457439711718,-0.0034642765849330903
2017-12-08,0.0037323502032260217,0.0036984069162486477,0.135773147909496,3.3943286977374e-05,1.520347890107033,0.0
2017-12-15,0.001359284109990941,0.0013373232643930707,0.08784338239148112,2.1960845597870282e-05,1.5223810867104444,0.0
2017-12-22,0.0019354098895202135,0.0019302863738816518,0.020494062554246826,5.123515638561707e-06,1.5253197181779767,0.0
2017-12-29,0.009990150469231289,0.009958270160548965,0.1275212347292955,3.1880308682323876e-05,1.5405092640128055,0.0
2018-01-05,0.0037952981868416293,0.0037823308161766458,0.05186948265993438,1.2967370664983595e-05,1.5463359796746867,0.0
2018-01-12,0.0019546653423938598,0.0019137664894000373,0.16359541197529007,4.0898852993822515e-05,1.5492953056539416,0.0
2018-01-19,0.007823623089230796,0.007809660191551033,0.055851590719052255,1.3962897679763064e-05,1.561394775527464,0.0
2018-01-26,-0.014012844112654776,-0.014046572834803291,0.13491488859405754,3.372872214851439e-05,1.5394625300891362,-0.01404657283480315
2018-02-02,-0.0168181265828881,-0.0168249362596986,0.027238707242003765,6.809676810500942e-06,1.5135611711461923,-0.030635176401888953
2018-02-09,0.011654368892115439,0.01161075424082524,0.1744586051607948,4.3614651290198706e-05,1.5311347579328263,-0.01938011966539044
2018-02-16,-0.00178392728544655,-0.001958609220303823,0.6987277394290927,0.00017468193485727318,1.5281358632784114,-0.021300770804627
2018-02-23,-0.0010245903378860342,-0.0012470259816095106,0.8897425748939058,0.00022243564372347645,1.526230238153474,-0.02252123417161478
2018-03-02,0.0008234080925470777,0.0008209533776052714,0.009818859767225296,2.454714941806324e-06,1.5274832020224896,-0.02171876967727049
2018-03-09,0.0003823981601846669,0.00037858077718071323,0.015269532015814727,3.8173830039536815e-06,1.5280614778002417,-0.021348411208793605
2018-03-16,-0.0008541927764542266,-0.0008581678156883504,0.01590015693649506,3.975039234123765e-06,1.5267501446196003,-0.02218825850506645
2018-03-23,0.002186002667877022,0.0021845273685605284,0.005901197265975575,1.4752993164938938e-06,1.5300853720954757,-0.020052201994470886
2018-03-30,-0.000534099355318103,-0.0005469265796625739,0.051308897377883904,1.2827224344470977e-05,1.5292485277363237,-0.02058816149188203
2018-04-06,0.0022266881560301377,0.0022242025615742803,0.009942377823429919,2.4855944558574797e-06,1.5326498862289983,-0.018409751171836186
2018-04-13,-0.001966655351196311,-0.001967325065390217,0.0026788567756232673,6.697141939058169e-07,1.5296346656913526,-0.020340858272298368
2018-04-20,0.0001914456244078812,0.00019018949457903913,0.005024519315368257,1.2561298288420644e-06,1.5299255861353112,-0.020154537395273397
2018-04-27,-6.697883388238024e-05,-8.19384870657041e-05,0.0598386127332954,1.495965318332385e-05,1.5298002263474602,-0.020234824450037436
2018-05-04,0.0009892795592637107,0.0009882952883341091,0.003937083718405836,9.84270929601459e-07,1.531312120703252,-0.019266527143367407
2018-05-11,-0.0026572805717634245,-0.0026651996420511445,0.03167628115088054,7.919070287720134e-06,1.5272308681872853,-0.02188037764417239
2018-05-18,0.002582563745076042,0.0025729421002124897,0.038486579454208934,9.621644863552234e-06,1.5311603447847884,-0.019363732488769214
2018-05-25,-0.00032710225820158984,-0.0003425994083135933,0.06198860044801389,1.5497150112003473e-05,1.5306357701566318,-0.019699697893789447
2018-06-01,-0.0001434867386809521,-0.00014415871177403516,0.0026878923723322665,6.719730930830666e-07,1.5304151156758106,-0.019841016722492832
2018-06-08,-0.0015812130195204423,-0.0015930566892047022,0.04737467873704026,1.1843669684260066e-05,1.527977077638523,-0.021402465547287308
2018-06-15,-0.0012993387130053216,-0.0013080177811073822,0.034716272408242044,8.679068102060511e-06,1.5259784564518475,-0.022682488522899225
2018-06-22,-0.0004706016852930224,-0.000476815362605564,0.02485470925016659,6.213677312541648e-06,1.525250846480806,-0.023148488526514965
2018-06-29,0.004409015680157682,0.004260185688631286,0.5953199661055857,0.00014882999152639642,1.5317486983085564,-0.018986919697417726
2018-07-06,-0.0005028869890841993,-0.0005302386670302686,0.10940671178427722,2.7351677946069305e-05,1.53093650592054,-0.019507090765456647
2018-07-13,-0.002416629322107779,-0.0024460302392483855,0.11760366856242732,2.940091714060683e-05,1.5271917889326891,-0.021905406070812927
2018-07-20,0.0002029372086039147,0.00018666082558287036,0.06510553208417733,1.6276383021044333e-05,1.5274768558128349,-0.02172283412641185
2018-07-27,0.0013316165046911312,0.001303536481363932,0.11232009330879736,2.808002332719934e-05,1.5294679776188258,-0.0204476141518104
2018-08-03,-0.000512040126550768,-0.0005156297113477714,0.014358339188013637,3.5895847970034094e-06,1.5286793384870105,-0.020952700465775353
2018-08-10,-0.00045583543997704056,-0.0004617493009403433,0.023655443853210886,5.913860963302721e-06,1.5279734718711022,-0.021404774871922716
2018-08-17,0.005024142966416532,0.005000697498210619,0.09378187282365309,2.3445468205913273e-05,1.5356144049892202,-0.016511116177863938
2018-08-24,0.0019320931085401397,0.0019131753232723456,0.0756711410711766,1.891778526779415e-05,1.5385523045749072,-0.014629529514622708
2018-08-31,-0.007169444080621533,-0.0072426736827351755,0.2929184084545698,7.322960211364245e-05,1.527409072289051,-0.02176624628895152
2018-09-07,0.0035663261649925395,0.0035295742891285147,0.14700750345609825,3.6751875864024565e-05,1.5328001760795842,-0.018313497583095306
2018-09-14,0.00038964697831552733,0.00036452865388871095,0.1004732977072655,2.5118324426816374e-05,1.5333589256644509,-0.01795564472382849
2018-09-21,-0.00011053274212475824,-0.000123506148421168,0.05189362518563901,1.2973406296409752e-05,1.5331695464093948,-0.018076933239727366
2018-09-28,-0.005442095591391633,-0.005508086304885894,0.26396285397704405,6.599071349426101e-05,1.5247247162277493,-0.023485450236201078
2018-10-05,-0.006710144603695232,-0.006723841634266639,0.054788122285627225,1.3697030571406807e-05,1.5144727086999819,-0.030051379422370017
2018-10-12,0.00011460267728097504,0.00011151865016335135,0.01233610847049473,3.0840271176236827e-06,1.5146416006521655,-0.02994321206147532
2018-10-19,-0.003753883383215606,-0.003791774927241419,0.151566176103252,3.7891544025813e-05,1.508898420607056,-0.03362144906798081
2018-10-26,-0.0006950869098810313,-0.0008385140136768692,0.5737084151833515,0.00014342710379583787,1.507633188136162,-0.03443177102545414
2018-11-02,3.0968848170942964e-05,2.5743227436363532e-05,0.02090248293831773,5.225620734579432e-06,1.5076719994802148,-0.03440691418293029
2018-11-09,-0.0003564553129001925,-0.00037184014228883806,0.06153931755458229,1.5384829388645572e-05,1.5071113865094032,-0.03476596045335356
2018-11-16,-0.0018957181705727823,-0.001907465231330427,0.046988243030579115,1.174706075764478e-05,1.5042366239398943,-0.03660711082388546
2018-11-23,0.002045346457546079,0.0020447636834281333,0.002331096471783277,5.827741179458192e-07,1.5073124323598093,-0.03463720003122517
2018-11-30,0.001729434293524131,0.0017135105008896333,0.06369517053799048,1.5923792634497622e-05,1.5098952280407794,-0.03298304073631042
2018-12-07,-0.00022709872203737695,-0.0002412606833153538,0.05664784511190739,1.4161961277976848e-05,1.5095309496863276,-0.03321634390867989
2018-12-14,-0.0027288108695449013,-0.0027332235269165303,0.017650629486515673,4.412657371628918e-06,1.5054050641800363,-0.035858779742947156
2018-12-21,0.002109634852215368,0.002105935819007822,0.014796132830184678,3.6990332075461697e-06,1.508575350626809,-0.03382836021262581
2018-12-28,0.001928556979923777,0.0019105683553811976,0.07195449817031732,1.798862454257933e-05,1.5114575869534248,-0.031982423251781134
2019-01-04,0.0015917518844325777,0.0015875164897765665,0.016941578624045116,4.235394656011279e-06,1.5138570507963112,-0.03044567938629983
2019-01-11,-0.00010846513879693285,-0.00011244355556409547,0.015913667068650474,3.978416767162619e-06,1.513686827326904,-0.03055469952142209
2019-01-18,0.0018530583770259366,0.0018482075033989178,0.019403494508075724,4.850873627018931e-06,1.5164844346789657,-0.028762963442942824
2019-01-25,0.002645302491487822,0.0026319399762330872,0.053450061018940564,1.336251525473514e-05,1.5204757306859324,-0.026206725860030144
2019-02-01,0.0014273749565845936,0.0014272636623577169,0.0004451769075070264,1.112942268767566e-07,1.5226458504458373,-0.02481686610520173
2019-02-08,0.0006688669044716163,0.0006682777419960245,0.002356649902366923,5.891624755917308e-07,1.5236634007766328,-0.024165172922450018
2019-02-15,0.000795004114097329,0.0007797187701532165,0.06114137577644997,1.5285343944112493e-05,1.5248514297296138,-0.02340429619120843
2019-02-22,-0.006322235647744212,-0.006461688736615593,0.5578123554855258,0.00013945308887138144,1.5149983144211179,-0.029714753650736836
2019-03-01,0.004125585291356437,0.00412045244356513,0.020531391165229486,5.132847791307372e-06,1.5212407929277716,-0.02571673943646169
2019-03-08,0.0041255133776001126,0.004114398093679629,0.04446113568193208,1.111528392048302e-05,1.5274997831462211,-0.021708150246495195
2019-03-15,0.005945363999802959,0.005935627380380539,0.03894647768967921,9.736619422419803e-06,1.5365664526825893,-0.015901374357095155
2019-03-22,0.0019105953162293309,0.0019043966557946955,0.024794641738541685,6.198660434635421e-06,1.5394926846964845,-0.014027260225448535
2019-03-29,0.0005653878677978053,0.0005098948788036843,0.22197195597648378,5.549298899412095e-05,1.5402776641323668,-0.013524517774797573
2019-04-05,0.0005544958078434678,0.000533372723416406,0.08449233770824699,2.1123084427061748e-05,1.5410992062249027,-0.012998358660259446
2019-04-12,-0.0039250130071203995,-0.003938438875021517,0.05370347160446862,1.3425867901117154e-05,1.5350296812008417,-0.016885604294221923
2019-04-19,0.00349533401117264,0.0034660684655023204,0.11706218268127849,2.9265545670319624e-05,1.540350199172462,-0.013478062489284848
2019-04-26,-0.00037676282010862955,-0.00043727671200451606,0.2420555675835461,6.051389189588653e-05,1.5396766399020323,-0.01390944555843987
2019-05-03,-0.0036680103780630893,-0.0036854886705837775,0.06991317008275288,1.7478292520688222e-05,1.5340021790893108,-0.01754367112500399
2019-05-10,0.0017650310900284105,0.0017236108564815966,0.16568093418725618,4.142023354681405e-05,1.5366462018990554,-0.015850298730536005
2019-05-17,0.00263705476392344,0.002622384102782019,0.0586826445656823,1.4670661141420575e-05,1.5406758784705157,-0.013269480199169403
2019-05-24,0.004060337257701754,0.004049355602619086,0.04392662033067194,1.0981655082667985e-05,1.5469146229708204,-0.009273857440538658
2019-05-31,0.007344022593617138,0.007284412396364937,0.238440789008802,5.96101972522005e-05,1.5581829870265071,-0.0020569996462758144
2019-06-07,0.0017355335450868767,0.0017027677078890846,0.1310633487911688,3.27658371977922e-05,1.5608362106997982,-0.0003577345309594415
2019-06-14,0.008596706783065308,0.00856661783926364,0.12035577520667123,3.0088943801667808e-05,1.5742072980265476,0.0
2019-06-21,0.0007068830631312803,0.0006766995368028472,0.12073410531373255,3.0183526328433137e-05,1.5752725633759537,0.0
2019-06-28,0.0028141205428540393,0.002755171801113308,0.23579496696292526,5.8948741740731314e-05,1.5796127099216348,0.0
2019-07-05,-0.0008803315502189827,-0.0009112167651138091,0.12354085957930527,3.088521489482632e-05,1.5781733403379674,-0.0009112167651137426
2019-07-12,0.000846079951541444,0.0008417671118514186,0.017251358760101324,4.312839690025331e-06,1.5795017947526646,-7.02166855670594e-05
2019-07-19,0.0007545427196995723,0.0007296609829463553,0.09952694701286774,2.4881736753216934e-05,1.5806542955847893,0.0
2019-07-26,0.006491789905719309,0.006457200018444993,0.13835954909726547,3.458988727431637e-05,1.5908608965313946,0.0
2019-08-02,0.011302722390085706,0.011289222787027901,0.053998412231219046,1.3499603057804762e-05,1.6088204796155083,0.0
2019-08-09,0.0070444965839710815,0.006937680708449407,0.42726350208669917,0.0001068158755216748,1.6199819624202951,0.0
2019-08-16,0.0011271604411401432,0.0011150953303871417,0.04826044301200574,1.2065110753001434e-05,1.6217883967419013,0.0
2019-08-23,0.002889095448822368,0.0028870745513214936,0.00808359000349854,2.020897500874635e-06,1.6264706207497632,0.0
2019-08-30,-0.001209753947811751,-0.0012382675092950848,0.11405424593333503,2.8513561483333758e-05,1.6244566150252657,-0.0012382675092951212
2019-09-06,-0.008213727950482058,-0.008222671219023451,0.03577307416556919,8.943268541392298e-06,1.6110992423703452,-0.009450756861708487
2019-09-13,0.007375095413722434,0.007371468416462293,0.014507989040560025,3.626997260140006e-06,1.6229754095512645,-0.002148954400963965
2019-09-20,-0.001181124876768073,-0.0012123086373685642,0.12473504240196513,3.1183760600491284e-05,1.6210078624440287,-0.0033586578423508984
2019-09-27,0.004511979096290176,0.00446907235402636,0.17162696905526373,4.2906742263815935e-05,1.6282522638677368,0.0
2019-10-04,-0.005761668689870508,-0.005775901227006582,0.056930148544295324,1.4232537136073831e-05,1.618847639618987,-0.005775901227006552
2019-10-11,0.0013482919239955038,0.0013458672208292997,0.009698812664816321,2.4247031662040804e-06,1.6210263935926672,-0.004437807602309274
2019-10-18,0.0014870129245681185,0.001476927278930042,0.040342582552305356,1.008564563807634e-05,1.62342053169323,-0.0029674346424856113
2019-10-25,0.002785097595021582,0.0027570990334955287,0.11199424610421405,2.799856152605351e-05,1.6278964628721182,-0.0002185171201748437
2019-11-01,-0.011480033440979148,-0.011485415124004868,0.021526732102877817,5.381683025719455e-06,1.6091993962171327,-0.011701422484342805
2019-11-08,0.005582172903975228,0.00555339053831254,0.11512946265075175,2.8782365662687937e-05,1.6181359089183431,-0.006213014514939719
2019-11-15,0.00011866417443758136,8.577310651004954e-05,0.1315642717101273,3.2891067927531825e-05,1.6182747014620065,-0.0061277743179853905
2019-11-22,0.003378452572371951,0.0033566962193789284,0.08702541197209049,2.1756352993022622e-05,1.6237067580343205,-0.0027916471754928507
2019-11-29,-0.0004991793793792782,-0.0005247041153479329,0.10209894387461857,2.5524735968654643e-05,1.6228547924162617,-0.0033148865020792284
2019-12-06,0.0029079624913359325,0.0028801005182510805,0.11144789233940744,2.786197308485186e-05,1.627528777344946,-0.00044433319016068396
2019-12-13,0.00424771658831445,0.004223892718735468,0.09529547831592868,2.382386957898217e-05,1.634403284297106,0.0
2019-12-20,0.004272192002904901,0.00425315208750876,0.07615966158456461,1.9039915396141153e-05,1.641354650037545,0.0
2019-12-27,0.002237076729921692,0.0022028769285732845,0.13679920539362972,3.419980134840743e-05,1.6449703523277195,0.0
2020-01-03,0.0031063841607198903,0.003084035917029563,0.08939297476130875,2.2348243690327188e-05,1.650043499976747,0.0
2020-01-10,0.004952031673981455,0.004946297859329049,0.022935258609623088,5.733814652405772e-06,1.658205106608482,0.0
2020-01-17,0.000532108356269158,0.0005286449172979235,0.013853755884938179,3.463438971234545e-06,1.6590817083099278,0.0
2020-01-24,-0.003124903329459912,-0.0031307649976419997,0.02344667272834998,5.861668182087495e-06,1.6538875133693232,-0.003130764997641977
2020-01-31,0.00866557640465935,0.00861986812012641,0.18283313813176189,4.570828453294047e-05,1.6681438056200906,0.0
2020-02-07,0.00520346215150612,0.005200307180238969,0.012619885068604978,3.154971267151245e-06,1.6768186658301278,0.0
2020-02-14,-7.121303272966583e-06,-4.225207548127125e-05,0.14052308883321868,3.513077220830467e-05,1.6767478167612908,-4.225207548125276e-05
2020-02-21,-0.023865163460453098,-0.023882305720927748,0.06856904189859793,1.7142260474649482e-05,1.6367032127844996,-0.023923548719424925
2020-02-28,0.009192470760743626,0.009091383753579315,0.40434802865723896,0.00010108700716430974,1.6515831097826397,-0.015049663128001378
2020-03-06,-0.027362375663043278,-0.02737926142573882,0.06754305078217328,1.688576269554332e-05,1.606363984053566,-0.0420168758925894
2020-03-13,-0.033919947087428376,-0.03404078391193503,0.4833472980266339,0.00012083682450665847,1.5516820947884835,-0.07462737241161022
2020-03-20,0.04531010621355918,0.04530069010356533,0.037664439975398804,9.4161099938497e-06,1.6219743645037477,-0.032707353778906656
2020-03-27,-0.003001233130863723,-0.0031275928559497982,0.5054389003443005,0.00012635972508607513,1.616901489068792,-0.035732651348840516
2020-04-03,0.011633786450430504,0.011631581687327862,0.008819052410566977,2.204763102641744e-06,1.6357086108192578,-0.02451669691458147
2020-04-10,0.00032445101865225586,0.00032386209762843204,0.002355684095295324,5.88921023823831e-07,1.6362383548410666,-0.02420077484584271
2020-04-17,0.0011322604657011107,0.0011264872315467768,0.023092936617335844,5.773234154333961e-06,1.6380815564555622,-0.023101549478153238
2020-04-24,-0.0021119274120458423,-0.0021243557414435277,0.049713317590741934,1.2428329397685484e-05,1.634601688496153,-0.02517682931032672
2020-05-01,-0.0015144486737626102,-0.0015159045873586131,0.005823654384011674,1.4559135960029185e-06,1.6321237882980575,-0.026654568226638697
2020-05-08,0.0026589809061048062,0.0026576701083655665,0.00524319095695883,1.3107977392397075e-06,1.6364614349033697,-0.024067737167500325
2020-05-15,0.0010470967833847706,0.001045034989236705,0.00824717659226255,2.0617941480656377e-06,1.6381715943613804,-0.02304785380571539
2020-05-22,0.000239936168028394,0.00023960630160968607,0.0013194656748316685,3.2986641870791716e-07,1.6385641105985074,-0.022813769915116078
2020-05-29,-0.004337765945613431,-0.0043534032785342795,0.06254933168339588,1.563733292084897e-05,1.6314307802273391,-0.02706785565290626
2020-06-05,0.0038568207415968885,0.003853093326646643,0.014909659800981898,3.7274149502454743e-06,1.637716835279519,-0.02331905730024242
2020-06-12,0.0018707047083945634,0.0018644485595503515,0.025024595376848115,6.256148844212029e-06,1.640770274074007,-0.021498085923485677
2020-06-19,0.0009495231187352483,0.0009458043313397332,0.014875149582060505,3.718787395515126e-06,1.6423221217059598,-0.020572614574927872
2020-06-26,0.003107560356490556,0.0030910174487781207,0.06617163084974134,1.6542907712435336e-05,1.6473985680406673,-0.017545187436767806
2020-07-03,0.0037040231852852002,0.0036988056280850396,0.02087022880064235,5.217557200160587e-06,1.6534919751358355,-0.013911278046719655
2020-07-10,0.0009996904032352435,0.000990922614206797,0.035071156113786583,8.767789028446645e-06,1.6551304577264072,-0.012934140432521724
2020-07-17,0.004576390146510909,0.004570359105709471,0.024124163205752645,6.031040801438161e-06,1.6626949982850143,-0.008422894993312502
2020-07-24,0.005765382446340641,0.005764570140130897,0.003249224838977078,8.123062097442695e-07,1.6722797202242732,-0.002706879222153513
2020-07-31,0.008093164710623688,0.007897848484663994,0.7812649038387787,0.00019531622595969468,1.6854871320785807,0.0
2020-08-07,-0.01346671850320326,-0.013477974162513801,0.0450226372421679,1.1255659310541976e-05,1.662770180061176,-0.01347797416251384
2020-08-14,0.006712161509925918,0.006704243453209411,0.03167222686602539,7.918056716506347e-06,1.673917796155043,-0.006864090329345984
2020-08-21,0.0031329496207989148,0.003127915177715539,0.020137772333502627,5.034443083375657e-06,1.6791536690358846,-0.0037576454439527396
2020-08-28,-0.0073752298649849,-0.007424797011561188,0.1982685863051507,4.9567146576287676e-05,1.666686293892075,-0.011154542700851144
2020-09-04,-0.005102560770403053,-0.0051146857176001944,0.048499788788567276,1.212494719714182e-05,1.658161717308985,-0.016212176438213044
2020-09-11,8.95323345953647e-05,6.340265223156299e-05,0.10451872945520684,2.612968236380171e-05,1.6582668491596912,-0.016149801680966136
2020-09-18,-0.010085969619457857,-0.0101293631380718,0.17357407445577006,4.339351861394252e-05,1.6414696620647267,-0.0261155776132036
2020-09-25,0.005555581539570114,0.005511366113182846,0.17686170554906958,4.4215426387267395e-05,1.6505164023360481,-0.0207481440095042
2020-10-02,0.009922773726996606,0.00989782063121928,0.09981238310930403,2.4953095777326008e-05,1.6668529176352556,-0.011055684786121733
2020-10-09,-0.0008001943898973531,-0.000816302978280318,0.06443435353185943,1.6108588382964857e-05,1.6654922606342348,-0.011862962975984104
2020-10-16,-0.0027345640732288757,-0.002739764140585921,0.020800269428180168,5.200067357045042e-06,1.6609292046621258,-0.014570225396007386
2020-10-23,-0.015541617994863161,-0.015545272507736078,0.014618051491665349,3.654512872916337e-06,1.6351096075595957,-0.029888999779463354
2020-10-30,0.023889848497167188,0.023851401909973202,0.15378634877594466,3.844658719398617e-05,1.674109263976358,-0.006750492415917297
2020-11-06,-0.003698572316556277,-0.0037305965355043935,0.12809687579246498,3.2024218948116246e-05,1.6678638377561121,-0.01045590558780185
2020-11-13,0.004517236001134421,0.004508925533736186,0.033241869592940815,8.310467398235204e-06,1.675384111600966,-0.005994124953748736
2020-11-20,-0.002099445946377944,-0.0021227800864610904,0.09333656033258544,2.333414008314636e-05,1.6718276395716862,-0.008104180831122298
2020-11-27,0.002199679187201811,0.0021591576593024695,0.16208611159736624,4.0521527899341564e-05,1.675437379024701,-0.0059625213759336715
2020-12-04,0.002081549807126036,0.002065647628388576,0.06360871494984086,1.5902178737460214e-05,1.678898242273197,-0.003909190215684477
2020-12-11,0.004960194493073131,0.004945236609687551,0.05983153354232203,1.4957883385580507e-05,1.6872007913248266,0.0
2020-12-18,0.0009101674810891656,0.0008931315251083205,0.06814382392338064,1.703595598084516e-05,1.6887076835407466,0.0
2020-12-25,0.005929559214449034,0.005906384043883756,0.0927006822611145,2.3175170565278624e-05,1.6986818396575956,0.0
2021-01-01,-0.005975104370795253,-0.0060052510487427916,0.12058671179015257,3.0146677947538144e-05,1.6884808287585114,-0.006005251048742832
2021-01-08,-0.0021502506410434213,-0.002254049701107114,0.4151962402547703,0.00010379906006369259,1.6846749090511233,-0.008245764615518403
2021-01-15,0.004799223262747777,0.004791670249767536,0.030212051920962966,7.553012980240742e-06,1.6927473156933532,-0.003493605350745721
2021-01-22,-0.006048581536809651,-0.0060533046489437475,0.018892448536385803,4.723112134096451e-06,1.6825006004977796,-0.009525762142178151
2021-01-29,0.008651812926115133,0.008605073402325952,0.18695809515672296,4.673952378918074e-05,1.6969786416645205,-0.0010026586222987577
2021-02-05,0.005553787651452615,0.005526085870230409,0.11080712488882646,2.7701781222206616e-05,1.7063562913583057,0.0
2021-02-12,-0.003946325724810575,-0.003974263650970476,0.11175170463960479,2.79379261599012e-05,1.6995747815739557,-0.003974263650970422
2021-02-19,-0.012687074315323413,-0.012719123714817353,0.12819759797576452,3.204939949394113e-05,1.677957679664533,-0.016642838214735667
2021-02-26,0.0001240513463211032,6.44792275540469e-05,0.23828847506822518,5.9572118767056294e-05,1.6780658730795863,-0.016579432104533942
2021-03-05,0.004990624261569737,0.00496855461125231,0.08827860126970782,2.2069650317426955e-05,1.686403435011261,-0.011693253307116569
2021-03-12,-0.0006328874439416698,-0.0006545130208512447,0.08650230763829958,2.1625576909574895e-05,1.6852996620046379,-0.012340112941422232
2021-03-19,0.0012258481209385468,0.0012157905708344004,0.04023020041658544,1.005755010414636e-05,1.6873486334427334,-0.011139325363545005
2021-03-26,0.0039342356206106925,0.003873938576891577,0.24118817487646185,6.029704371911546e-05,1.6938853184064926,-0.007308539848899787
2021-04-02,0.004711286544225367,0.004709067143050047,0.008877604701282963,2.219401175320741e-06,1.7018619381034956,-0.0026338891107158258
2021-04-09,0.006167089660651939,0.006153784609669585,0.053220203929417995,1.33050509823545e-05,1.7123348299059793,0.0
2021-04-16,0.0009243878067694741,0.0008702236964220826,0.21665644138956586,5.416411034739147e-05,1.7138249442511722,0.0
2021-04-23,-0.0018334007109999304,-0.0018858498423309136,0.20979652532393248,5.244913133098312e-05,1.7105929277502734,-0.0018858498423308667
2021-04-30,0.009952132571992539,0.00989045260194866,0.24671988017551427,6.167997004387857e-05,1.7275114660234163,0.0
2021-05-07,-0.008463014778371409,-0.00847662078726519,0.05442403557512061,1.3606008893780154e-05,1.7128680064202833,-0.008476620787265188
2021-05-14,-0.0008351946046717276,-0.0008599321727930267,0.09895027248519686,2.4737568121299215e-05,1.7113950561138147,-0.009329263641126628
2021-05-21,0.007796814789712479,0.007782923264403115,0.055566101237455395,1.389152530936385e-05,1.7247147125106275,-0.0016189493197557026
2021-05-28,0.006014742596090374,0.005989498437401093,0.10097663475712326,2.5244158689280816e-05,1.7350448885861727,0.0
2021-06-04,0.001649076646730164,0.0016201208940026341,0.11582301091011893,2.8955752727529734e-05,1.7378558710622034,0.0
2021-06-11,-0.016155086261323778,-0.01618163839918399,0.10620855144085109,2.6552137860212774e-05,1.709734515766776,-0.016181638399183962
2021-06-18,0.008627444375093517,0.008593168833045938,0.13710216819031257,3.427554204757814e-05,1.724426553120446,-0.007727521116897562
2021-06-25,0.005687445199686141,0.005646265630969288,0.1647182748674107,4.117956871685268e-05,1.7341631235004606,-0.002124887122823216
2021-07-02,-0.0023955054836821885,-0.0024026700502973565,0.02865826646067199,7.164566615167998e-06,1.729996501701296,-0.004522451770470282
2021-07-09,-0.00253046349246754,-0.002535532499484918,0.020276028069512446,5.069007017378112e-06,1.7256100393472371,-0.007046517446513856
2021-07-16,0.006221809455736342,0.0061942690520198915,0.11016161486580263,2.7540403716450658e-05,1.7362989322098203,-0.0008958964194375474
2021-07-23,-3.553267674347502e-06,-1.508399704183088e-05,0.04612291746993351,1.1530729367483378e-05,1.736272741881863,-0.0009109669027804745
2021-07-30,0.00056301436866969,0.0004928691996164855,0.2805806762128179,7.014516905320447e-05,1.7371284972384702,-0.00041854669069230077
2021-08-06,0.003227555204771365,0.0032127630708180944,0.05916853581308128,1.479213395327032e-05,1.7427094795236637,0.0
2021-08-13,-0.007623993996939173,-0.007632944563360886,0.035802265686853144,8.950566421713287e-06,1.729407474676416,-0.007632944563360944
2021-08-20,0.01024378785021751,0.010228730756644782,0.06022837429091321,1.5057093572728303e-05,1.7470971181034103,0.0
2021-08-27,0.006464784345229616,0.006420795990814279,0.17595341766134986,4.3988354415337464e-05,1.7583148722748918,0.0
2021-09-03,-0.008365040311317016,-0.008368065372805954,0.012100245955747152,3.025061488936788e-06,1.7436011784777186,-0.008368065372805988
2021-09-10,-0.001171452931407978,-0.0011729224101433063,0.005877914941312991,1.4694787353282478e-06,1.7415560695811296,-0.009531172691544021
2021-09-17,0.001088591873578256,0.001063522274036037,0.10027839816887617,2.5069599542219043e-05,1.7434082532526118,-0.008477787031963113
2021-09-24,-0.005585522852630982,-0.0056519569583553505,0.2657364228974726,6.643410572436815e-05,1.7335545848443867,-0.014081827902911681
2021-10-01,0.0005748570937702594,0.0005613261867022433,0.05412362827206404,1.3530907068016009e-05,1.7345276744289377,-0.01352840621496787
2021-10-08,0.008414260022585973,0.008390661118597403,0.0943956159542783,2.3598903988569575e-05,1.7490815083458997,-0.005251257368395046
2021-10-15,0.004258433307000142,0.004245373400293103,0.0522396268281596,1.30599067070399e-05,1.756507012456376,-0.0010281775164517892
2021-10-22,0.004436269030132742,0.004432385037499389,0.015535970533414841,3.88399263335371e-06,1.7642925278566504,0.0
2021-10-29,0.0074512372040722785,0.007381510145450242,0.2789082344881471,6.972705862203678e-05,1.7773156710505662,0.0
2021-11-05,-0.0006959534123142305,-0.000716887537439539,0.08373650050123392,2.093412512530848e-05,1.776041535595894,-0.0007168875374395922
2021-11-12,0.00016757443318753432,0.00014779356243649997,0.07912348300413743,1.978087075103436e-05,1.776304023101475,-0.0005691999263660596
2021-11-19,-0.013210316660130152,-0.01322410624803171,0.0551583516062341,1.3789587901558525e-05,1.752813989971175,-0.013785779014095056
2021-11-26,-0.00239529370855942,-0.002474307908551679,0.3160567999690364,7.901419999225911e-05,1.7484769884535694,-0.016225976660606656
2021-12-03,0.008933819858759047,0.008912875891306921,0.08377586980850127,2.0943967452125317e-05,1.764060946850462,-0.007457720885491015
2021-12-10,-0.0026126688365175742,-0.002616147077500538,0.01391296393185537,3.4782409829638424e-06,1.7594459039598263,-0.010054357468292197
2021-12-17,0.006526347589008097,0.006517337404648442,0.03604073743861752,9.01018435965438e-06,1.7709128065611592,-0.0036025477036514264
2021-12-24,0.0033307373904269285,0.0033206063484284005,0.04052416799411192,1.013104199852798e-05,1.7767933108691394,-0.0002939039979983349
2021-12-31,-0.006698271643319505,-0.006732187086221926,0.1356617716096852,3.3915442902421305e-05,1.7648316058868208,-0.007024112467520327
2022-01-07,0.0005255272270484337,0.0005199045546767694,0.02249068948665696,5.62267237166424e-06,1.765749149876959,-0.006507859780907843
2022-01-14,-0.010292916438198574,-0.010311823742774645,0.07562921830428158,1.8907304576070396e-05,1.7475410558694737,-0.016752575620679
2022-01-21,-0.0009150585754255202,-0.0009683267564798574,0.21307272421734882,5.3268181054337205e-05,1.7458488651070283,-0.01770468040994544
2022-01-28,0.0011430510061949332,0.0010353594646870363,0.43076616603158807,0.00010769154150789702,1.7476564462534299,-0.016687651653690128
2022-02-04,-0.00025979538151285874,-0.00026678506782580353,0.027958745251779188,6.989686312944797e-06,1.7471901976098798,-0.016949984705237675
2022-02-11,-0.00036688132270570797,-0.0004084461027939561,0.16625912035299265,4.156478008824816e-05,1.7464765645828262,-0.01735150765283644
2022-02-18,8.343105295024317e-05,8.343105295024317e-05,0.0,0.0,1.7466222749615623,-0.01726952425443995
2022-02-25,0.013570985983271892,0.013537639792619243,0.13338476261058987,3.334619065264747e-05,1.770267418173757,-0.003965673060567276
2022-03-04,-0.007325425350742073,-0.007325425350742073,0.0,0.0,1.7572994563510742,-0.011262048169338734
2022-03-11,-9.354764667207725e-05,-9.354764667207725e-05,0.0,0.0,1.7571350651224344,-0.011354542277907775
2022-03-18,0.0026066260272261453,0.0025858818827464774,0.08297657791867069,2.0744144479667674e-05,1.761678808852873,-0.008798021900324748
2022-03-25,0.001430159003310055,0.0013712719889792892,0.23554805732306366,5.888701433076592e-05,1.7640945496570315,-0.007438814392335735
2022-04-01,-0.00277320722213591,-0.002779002201824095,0.02317991875273956,5.79497968818489e-06,1.7591921270193087,-0.010197144112584544
2022-04-08,-0.0008947032215855045,-0.0008952550860319545,0.0022074577858005144,5.518644464501286e-07,1.7576172013202873,-0.011083270153486646
2022-04-15,-0.003311862014215427,-0.0033183614677500337,0.02599781413842671,6.499453534606678e-06,1.7517847921243714,-0.014364853324622673
2022-04-22,-0.0029438329125592954,-0.002944443324304617,0.0024416469812860095,6.104117453215024e-07,1.7466267610875823,-0.017267000152451084
2022-04-29,-0.0035599288226160525,-0.003568097535219888,0.03267485041534149,8.168712603835373e-06,1.7403946264463965,-0.020773487346986474
2022-05-06,-0.0014983823928801537,-0.0014993583904683132,0.0039039903526383157,9.759975881595789e-07,1.737785151160508,-0.022241698834901902
2022-05-13,0.001979169728205292,0.0019790277035003595,0.0005680988197294366,1.4202470493235917e-07,1.7412242761173862,-0.0203066880695687
2022-05-20,0.0047658751531353604,0.004764860921391704,0.004056926974624101,1.0142317436560251e-06,1.7495209676260366,-0.015638585692602458
2022-05-27,-0.0029496346284584576,-0.002954653035240673,0.02007362712886089,5.018406782215223e-06,1.744351740188823,-0.01854703213315967
2022-06-03,-0.0028860967654184768,-0.002889224277118697,0.012510046800881577,3.1275117002203944e-06,1.7393119167932354,-0.021382669874770666
2022-06-10,-0.004786003748320764,-0.004787292341340792,0.005154372080110388,1.288593020027597e-06,1.7309853221747684,-0.026067597124382558
2022-06-17,-0.0005524488970135716,-0.0005559024992611556,0.013814408990336067,3.453602247584017e-06,1.730023063107987,-0.02660900858125259
2022-06-24,-0.0009411041589682465,-0.0009499381116313866,0.03533581065256058,8.833952663140144e-06,1.7283796482663394,-0.027533669781519943
2022-07-01,-0.003833567312209401,-0.003838327838584733,0.01904210550132684,4.76052637533171e-06,1.7217455605467553,-0.03126631436888394
2022-07-08,-0.001380714250024629,-0.0013834186445892663,0.010817578258549742,2.7043945646374356e-06,1.7193636656370561,-0.032606478611227674
2022-07-15,0.0022347440381404356,0.002233528270550845,0.004863070358363097,1.2157675895907743e-06,1.7232039129916144,-0.030445777832458165
2022-07-22,0.004681547945209863,0.004681134186964094,0.0016550329830734949,4.137582457683737e-07,1.7312704617398298,-0.025907164416954287
2022-07-29,-0.002023837624198254,-0.0020245073132123116,0.0026787560562298862,6.696890140574716e-07,1.727765492028889,-0.027879222486339894
2022-08-05,0.0043951740562450095,0.004393857401641519,0.005266618413963919,1.3166546034909799e-06,1.735357047224341,-0.023607862412772018
2022-08-12,-0.0053908684344987365,-0.005396344068019665,0.021902534083714606,5.4756335209286515e-06,1.7259924635166557,-0.02887681033250189
2022-08-19,0.0011355348788604975,0.0011317718436556084,0.015052140819556348,3.7630352048890873e-06,1.7279458931892258,-0.02777772044971516
2022-08-26,-0.005894726401938536,-0.005906504330996263,0.0471117162309105,1.1777929057727625e-05,1.7177397732873765,-0.033520155554569886
2022-09-02,0.0010178498353360511,0.0010149562380750428,0.011574389044033573,2.893597261008393e-06,1.719483203985664,-0.03253922080747629
2022-09-09,-0.0042401701879407885,-0.004240689622391339,0.002077737802202495,5.194344505506238e-07,1.7121914094066457,-0.036641921693868706
2022-09-16,-0.005502657892245397,-0.005508321695960983,0.02265521486234532,5.6638037155863305e-06,1.702760108318573,-0.041948407897581586
2022-09-23,-0.0027026331575253455,-0.0027031642641717553,0.0021244265856391817,5.311066464097954e-07,1.698157268043309,-0.044538178724585764
2022-09-30,0.0027232300357907233,0.0027027002938366,0.08211896781649194,2.0529741954122987e-05,1.7027468781906305,-0.04195585177947503
2022-10-07,-0.004838130601544385,-0.004839124525435494,0.003975695564435271,9.939238911088178e-07,1.6945070740117696,-0.0465919467135788
2022-10-14,-0.002219026112034769,-0.002220821714216311,0.007182408726169431,1.795602181542358e-06,1.690743875906911,-0.048709296020826076
2022-10-21,0.0035581959551323934,0.00355815205501587,0.00017560046609374665,4.390011652343666e-08,1.6967597997034747,-0.04532445904754512
2022-10-28,0.0008725406478622053,0.0008663684365589572,0.024688845212992118,6.17221130324803e-06,1.6982298188383598,-0.04449735829170909
2022-11-04,0.00774225386845468,0.007738997155333276,0.013026852485616143,3.2567131214040357e-06,1.7113724145754519,-0.037102726065615266
2022-11-11,0.0007219195406449456,0.0007190751166495363,0.01137769598163741,2.8444239954093525e-06,1.7126030198940934,-0.036410330596039486
2022-11-18,0.003356514674119895,0.003351374496144349,0.020560711902183268,5.140177975545817e-06,1.7183425939769863,-0.03318098075325082
2022-11-25,0.005760260914979038,0.005744369840016281,0.06356429985102802,1.5891074962757004e-05,1.728213389348643,-0.027627214738335626
2022-12-02,-0.0022766207016706483,-0.002293080450721861,0.06583899620485197,1.6459749051212993e-05,1.724250457010852,-0.02985694376303316
2022-12-09,0.0015764186304854646,0.0015577988830377419,0.07447898979089138,1.8619747447722845e-05,1.7269364924468606,-0.028345655993640473
2022-12-16,-0.000652715132306819,-0.0006537549054672456,0.004159092641705997,1.0397731604264993e-06,1.725807499243493,-0.028980879787453118
2022-12-23,-0.0008758047253739126,-0.0008768083882428028,0.004014651475560824,1.0036628688902062e-06,1.7242942967516641,-0.029832277497199633
2022-12-30,0.011812119339676365,0.011673899809522673,0.5528781206147704,0.0001382195301536926,1.7444235356140745,-0.018506636706269064
2023-01-06,0.012021056552347335,0.012019496137068444,0.006241661115565053,1.5604152788912634e-06,1.7653906275617992,-0.006709581017601773
2023-01-13,-0.001105574419822412,-0.001144802306905268,0.15691154833142387,3.922788708285597e-05,1.7633696042987774,-0.007846702180679732
2023-01-20,0.0019085133310570274,0.001901470521743928,0.02817123725239816,7.04280931309954e-06,1.7667225996202909,-0.005960151931825197
2023-01-27,-0.004189819465209132,-0.004271016446095406,0.3247879235450972,8.11969808862743e-05,1.7591768983416243,-0.010205712470998551
2023-02-03,-0.00779115065597934,-0.007813482462591344,0.08932722644801726,2.2331806612004315e-05,1.745431600497836,-0.017939452778179543
2023-02-10,-0.003266476816355177,-0.003286192061855721,0.07886098200217581,1.9715245500543953e-05,1.739695777027768,-0.021166692352721617
2023-02-17,-0.009932430975342228,-0.009951754458697547,0.07729393342127383,1.932348335531846e-05,1.7223827518219545,-0.030907801086422104
2023-02-24,0.009168835913239562,0.009109935935562996,0.23559991070626646,5.889997767656662e-05,1.7380735483475713,-0.022079433238665458
2023-03-03,-0.0015426194959829254,-0.0015498911124147393,0.02908646572725548,7.27161643181387e-06,1.7353797236022643,-0.023595103633736403
2023-03-10,0.008305799663742062,0.008273187601516607,0.13044824890182305,3.2612062225455764e-05,1.7497368456154938,-0.015517122751058987
2023-03-17,0.0048551002654124474,0.004819061785240176,0.1441539206890849,3.6038480172271224e-05,1.7581689355824262,-0.010772838939085316
2023-03-24,0.00788091380304594,0.007858164263418939,0.09099815850800909,2.274953962700227e-05,1.7719849158810734,-0.0029993294136330118
2023-03-31,0.005911675517852389,0.005844671141928633,0.2680175036950271,6.700437592375677e-05,1.7823415849828563,0.0
2023-04-07,3.871623231484286e-05,7.789727660120347e-06,0.12370601861889005,3.092650465472251e-05,1.7823554689384005,0.0
2023-04-14,-0.0025570558934744506,-0.0025919234289902135,0.1394701420630517,3.486753551576292e-05,1.7777357400396703,-0.0025919234289901727
2023-04-21,0.004822486608425777,0.004791744192613523,0.12296966324901432,3.074241581225358e-05,1.7862541949480069,0.0
2023-04-28,0.0008601498601103562,0.0007955969430348315,0.25821166830209885,6.455291707552472e-05,1.7876753333249906,0.0
2023-05-05,-0.002510930265401584,-0.0025416723776619144,0.12296844904132072,3.074211226033018e-05,1.783131648310051,-0.0025416723776618966
2023-05-12,-0.004249774476450626,-0.0042824418307986995,0.13066941739229404,3.266735434807351e-05,1.7754954907495069,-0.006813229644350383
2023-05-19,-0.004461662588314198,-0.004466957145109279,0.021178227180326192,5.294556795081548e-06,1.7675644284809942,-0.01124975238461845
2023-05-26,0.0062620474965477445,0.006211239103046623,0.203233574004486,5.08083935011215e-05,1.7785431937763296,-0.005108388183482804
2023-06-02,0.001522935146748889,0.0014146345748169452,0.43320228772777514,0.00010830057193194378,1.7810591824710509,-0.0037009801112117824
2023-06-09,0.007321346188010384,0.0073132340337986055,0.0324486168471109,8.112154211777726e-06,1.7940844851005078,0.0
2023-06-16,-0.008587885820538911,-0.008640611472382025,0.21090260737245436,5.272565184311359e-05,1.7785824981161258,-0.008640611472382043
2023-06-23,0.0075027904519100585,0.00747340650768968,0.1175357768815131,2.9383944220378273e-05,1.7918745681320096,-0.0012317797667005248
2023-06-30,-0.004936572360568261,-0.004974797397756989,0.152900148754913,3.822503718872825e-05,1.7829603551933597,-0.0062004493096794455
2023-07-07,0.013632885185144872,0.013616069940557229,0.06726097835057475,1.6815244587643688e-05,1.8072372680909132,0.0
2023-07-14,0.0016860287948551316,0.001659759936389699,0.10507543386173032,2.626885846543258e-05,1.810236848104041,0.0
2023-07-21,0.0037895605911105997,0.0037614877289039966,0.11229144882641205,2.8072862206603014e-05,1.8170460317945942,0.0
2023-07-28,-0.01058861944926803,-0.010619515509267785,0.12358423999902443,3.089605999975611e-05,1.797749883278898,-0.010619515509267763
2023-08-04,-0.003706313253167746,-0.0037333027884923113,0.10795814129826066,2.6989535324565165e-05,1.7910383386266413,-0.014313172430896914
2023-08-11,-0.009094141031912115,-0.009129035071694127,0.13957615912804297,3.489403978201074e-05,1.7746878868185698,-0.02331154204948216
2023-08-18,0.005441037854355402,0.005423911217765328,0.0685065463602936,1.7126636590073402e-05,1.7843136363559176,-0.01801407056614235
2023-08-25,0.009831468841703153,0.009773296400872938,0.2326897633208567,5.8172440830214175e-05,1.8017522623961435,-0.00841683101629842
2023-09-01,-0.004134162592898022,-0.00416908696314892,0.13969748100359228,3.492437025089807e-05,1.7942406005281637,-0.012550827478986282
2023-09-08,0.0013150195458883074,0.0013019123164756709,0.052428917650546254,1.3107229412636564e-05,1.7965765444647122,-0.011265255239387373
2023-09-15,-0.009068275845290914,-0.009097785909480042,0.11804025675651193,2.9510064189127985e-05,1.7802316756931786,-0.02026055226848389
2023-09-22,-0.007014384790279742,-0.007063178260166172,0.19517387954572044,4.879346988643011e-05,1.7676575820233633,-0.027180626636328364
2023-09-29,-0.0027158045651940704,-0.0027399597637572356,0.09662079425265971,2.415519856316493e-05,1.762814271372519,-0.029846112576748296
2023-10-06,0.0072846328600738725,0.0072755440015517744,0.036355434088393694,9.088858522098424e-06,1.775639704170453,-0.022787715280524035
2023-10-13,-0.0052123836919474404,-0.005226677989914141,0.057177191866803485,1.4294297966700872e-05,1.7663590072106476,-0.027895289220541075
2023-10-20,-0.0013394865680550277,-0.0013412709973238065,0.007137717075115249,1.7844292687788124e-06,1.7639898411034143,-0.02919914507547139
2023-10-27,0.009396931458189924,0.009333235812323268,0.25478258346662563,6.369564586665641e-05,1.780453574260975,-0.020138431769655796
2023-11-03,-0.0006685269780982918,-0.0007039153785303923,0.1415536017284018,3.5388400432100456e-05,1.7792002856092932,-0.02082817139636406
2023-11-10,0.00793310356470602,0.007917261448712916,0.06336846397241934,1.5842115993104836e-05,1.7932866794400866,-0.013075812026094868
2023-11-17,0.002717223253202223,0.0026904119226651545,0.10724532214827458,2.6811330537068644e-05,1.7981113593032088,-0.010420579424003207
2023-11-24,0.009021084894396033,0.00893694996401305,0.3365397215319333,8.413493038298332e-05,1.814180990551025,-0.0015767576568984643
2023-12-01,-0.0038245820686608903,-0.0038517348617828633,0.10861117248789137,2.7152793121972842e-05,1.8071932463841358,-0.005422419266245759
2023-12-08,0.01099573825280103,0.01096363850411161,0.12839899475768324,3.209974868942081e-05,1.8270066598445633,0.0
2023-12-15,0.004266900678449561,0.004260144212118417,0.027025865324576518,6.75646633114413e-06,1.834789971692002,0.0
2023-12-22,0.001828766295328775,0.0018200556843144023,0.034842444057490506,8.710611014372627e-06,1.8381293916095032,0.0
2023-12-29,-0.00872988668177878,-0.008746900541639305,0.06805543944209891,1.7013859860524726e-05,1.822051456638431,-0.008746900541639291
2024-01-05,0.008249690514350113,0.00824086046043206,0.03532021567221777,8.830053918054442e-06,1.8370667284443152,-0.0005781220680322052
2024-01-12,0.001134161848517223,0.001090350313722796,0.17524613917770754,4.381153479442689e-05,1.839069774728004,0.0
2024-01-19,0.0029448070086417794,0.002921466893231723,0.09336046164022493,2.3340115410056234e-05,1.8444425561892153,0.0
2024-01-26,0.004658533442071698,0.004625151258777935,0.13352873317505165,3.338218329376291e-05,1.8529733819997172,0.0
2024-02-02,0.0026453596492730406,0.002627826212654645,0.07013374647358203,1.7533436618395508e-05,1.8578426740242875,0.0
2024-02-09,-0.0018724496170152282,-0.0018848360707867302,0.04954581508600765,1.2386453771501914e-05,1.8543409451384396,-0.0018848360707867107
2024-02-16,0.006341689599208137,0.006328313373641208,0.0535049022677187,1.3376225566929676e-05,1.8660757957408496,0.0
2024-02-23,0.004184771870281396,0.004149334661627077,0.14174883461727344,3.5437208654318365e-05,1.8738187687213403,0.0
2024-03-01,0.004775201825542376,0.004771354132150952,0.01539077356569749,3.847693391424373e-06,1.882759421646381,0.0
2024-03-08,-0.0018637911380212815,-0.0018927424079912209,0.1158050798797574,2.895126996993935e-05,1.879195843044986,-0.0018927424079911992
2024-03-15,0.007046850762857645,0.0070358617215798835,0.04395616511104351,1.0989041277760879e-05,1.8924176051444184,0.0
2024-03-22,0.004337070526913793,0.00432526065627604,0.04723948255101243,1.1809870637753108e-05,1.9006028045571937,0.0
2024-03-29,-0.003000408732230254,-0.0030521475859737065,0.20695541497381004,5.173885374345251e-05,1.8948018842953696,-0.003052147585973719
2024-04-05,-0.00584457975766598,-0.0058578370397583965,0.053029128369665335,1.3257282092416334e-05,1.8837024436345402,-0.008892105642552162
2024-04-12,-0.004565943799741339,-0.004590268284214209,0.09729793789147927,2.4324484472869817e-05,1.875055744050628,-0.013441556776255359
2024-04-19,0.00604744472096819,0.0059977670534311425,0.19871067014818836,4.967766753704709e-05,1.8863018916156418,-0.007524409049203595
2024-04-26,0.0009987351294501287,0.0009257527974112561,0.2919293281554905,7.298233203887262e-05,1.8880481408685672,-0.006605621994518418
2024-05-03,0.00660356388833907,0.006592617269177157,0.04378647664764876,1.0946619161912189e-05,1.9004953196470953,-5.6553062975917e-05
2024-05-10,0.004980996895408652,0.004976636931528706,0.017439855519785216,4.359963879946304e-06,1.9099533948430485,0.0
2024-05-17,-0.0005265351784754259,-0.0005598803390963345,0.13338064248363407,3.334516062090852e-05,1.9088840494886854,-0.0005598803390963747
2024-05-24,-0.00037625752269797996,-0.0003893464095618528,0.052355547455491314,1.3088886863872829e-05,1.908140832337747,-0.0009490087612585851
2024-05-31,0.0018141992278449695,0.0017603613223251117,0.21535162207943095,5.383790551985774e-05,1.9114998496565436,0.0
2024-06-07,0.004741731627876419,0.00471476376857839,0.10787143719211753,2.6967859298029384e-05,1.9205121198913475,0.0
2024-06-14,0.00048172382214770867,0.000467219661755029,0.0580166415707188,1.45041603926797e-05,1.9214094209143995,0.0
2024-06-21,-0.0018088521640758767,-0.0018248743280143641,0.06408865575394981,1.6022163938487453e-05,1.9179030901885679,-0.0018248743280143698
2024-06-28,0.010226275501172144,0.010172555827434522,0.2148786949504895,5.371967373762238e-05,1.9374130664451203,0.0
2024-07-05,0.005684370426488724,0.0056611260158652525,0.09297764249388513,2.324441062347128e-05,1.94838100595905,0.0
2024-07-12,-0.006770583822154427,-0.00678538121050384,0.059189553397652896,1.4797388349413224e-05,1.935160498090313,-0.006785381210503871
2024-07-19,-0.0004316230056497427,-0.0004346269692263077,0.012015854306259972,3.003963576564993e-06,1.9343194251480613,-0.00721705907005965
2024-07-26,-0.0013865283039692126,-0.001413475383074431,0.10778831642087404,2.694707910521851e-05,1.9315853122576119,-0.008620333317800322
2024-08-02,0.0006814589873144634,0.0006670582651616919,0.05760288861108621,1.4400722152771553e-05,1.9328737922050183,-0.007959025317226698
2024-08-09,0.012418981718049242,0.01240453903981221,0.057770712948127786,1.4442678237031946e-05,1.9568502006194552,0.0
2024-08-16,0.005117925409070934,0.005099094810599568,0.0753223938854642,1.8830598471366053e-05,1.9668283653225547,0.0
2024-08-23,-6.805103524122959e-05,-7.151215454813319e-05,0.013844477227614395,3.461119306903599e-06,1.966687713188524,-7.151215454814785e-05
2024-08-30,-0.0040692362302404165,-0.004097871508372072,0.11454111252662226,2.8635278131655564e-05,1.9586284796427835,-0.0041690906152994645
2024-09-06,0.01111268931069648,0.011094900247387997,0.07115625323393193,1.7789063308482983e-05,1.9803592672461132,0.0
2024-09-13,0.003947608275030121,0.003938367320811507,0.03696381687445623,9.240954218614058e-06,1.9881586494677017,0.0
2024-09-20,0.003947447412686273,0.003924632084134749,0.09126131420609859,2.2815328551524648e-05,1.995961440691753,0.0
2024-09-27,-0.0022563751817066668,-0.002277394251696718,0.08407627996020421,2.1019069990051054e-05,1.9914158495801133,-0.002277394251696707
2024-10-04,0.0002349577484980039,0.00022575612350947855,0.03680649995410131,9.201624988525328e-06,1.99186542390261,-0.0020521522638851097
2024-10-11,0.006463710954022589,0.00645138815243591,0.04929120634671852,1.232280158667963e-05,2.004715720899622,0.0
2024-10-18,-0.0038987025257491517,-0.0039040078777226907,0.02122140789415633,5.3053519735390825e-06,1.9968892949326351,-0.003904007877722715
2024-10-25,-0.0037049336800806347,-0.0037356262926936177,0.12277045045193172,3.069261261298293e-05,1.9894296627788863,-0.007625050255941401
2024-11-01,0.007258707790829199,0.007253789308938016,0.01967392756473099,4.918481891182747e-06,2.003860566397636,-0.0004265714550301114
2024-11-08,-0.01028048330972349,-0.0102879028484235,0.029678154800039172,7.4195387000097935e-06,1.98324504356875,-0.010710085777766332
2024-11-15,0.011710239865051956,0.011699737620350946,0.04200897880403899,1.0502244701009747e-05,2.006448490215366,0.0
2024-11-22,0.004293212552833008,0.004288637898720571,0.01829861644974962,4.574654112437405e-06,2.0150534212523343,0.0
2024-11-29,-0.0013501489020882433,-0.0013818839585943322,0.1269402260243556,3.17350565060889e-05,2.012268851253795,-0.0013818839585942877
2024-12-06,-0.003517033930925296,-0.0035295931799836575,0.05023699623344481,1.2559249058361203e-05,2.005166360840116,-0.004906599650382315
2024-12-13,-0.008204539867146114,-0.008256961142052275,0.20968509962464008,5.242127490616002e-05,1.9886097801153086,-0.013123047189781856
2024-12-20,0.0011142702268045507,0.0010930270757509085,0.08497260421456901,2.1243151053642254e-05,1.9907833844480778,-0.012044363959925697
2024-12-27,0.0010334729548867304,0.0009928127833157623,0.16264068628387177,4.0660171570967943e-05,1.9927598596409706,-0.01106350897511621
2025-01-03,-0.005541518001317082,-0.0055451437184529705,0.014502868543551727,3.625717135887932e-06,1.9817097198228972,-0.016547303946271685
2025-01-10,0.010252094444425347,0.010250423004756972,0.006685758673500336,1.671439668375084e-06,2.00202308272372,-0.006466497806552396
2025-01-17,0.007574414336743238,0.00755870364047626,0.06284278506791276,1.571069626697819e-05,2.0171557818874217,0.0
2025-01-24,0.0006617368963947882,0.0006406059808093339,0.08452366234181717,2.1130915585454295e-05,2.018447983945523,0.0
2025-01-31,0.0035381884614954515,0.0035107352181003746,0.10981297358030806,2.7453243395077015e-05,2.025534220368664,0.0
2025-02-07,0.0060465623400220705,0.006043478406242776,0.012335735117179045,3.083933779294761e-06,2.0377754926905682,0.0
2025-02-14,-0.0012920920939062035,-0.0013145788692167034,0.08994710124199974,2.2486775310499935e-05,2.0350966760876696,-0.0013145788692167093
2025-02-21,-0.006435554254335193,-0.006439847385044986,0.017172522839171825,4.293130709792957e-06,2.0219909640798526,-0.007745960566968413
2025-02-28,-0.0008822120270334228,-0.0009502378681591405,0.2721033645028711,6.802584112571777e-05,2.0200695916967084,-0.008688837930071469
2025-03-07,0.0005903959131228229,0.0005670286274916965,0.09346914252450522,2.3367285631126307e-05,2.021215028984726,-0.00812673612242576
2025-03-14,0.0033288368273293113,0.003293383156586414,0.14181468297158875,3.5453670742897186e-05,2.027871664517024,-0.004860117421702781
2025-03-21,0.0013809953797607943,0.00126344544245564,0.47019974922061714,0.00011754993730515429,2.030433769729443,-0.0036028124724534205
2025-03-28,-0.0020568781486161687,-0.0022363030816317194,0.7176997320622032,0.0001794249330155508,2.025893104433148,-0.005831058573450343
2025-04-04,0.0017343819218409624,0.00173399103773672,0.001563536416969683,3.908841042424208e-07,2.0294059849196477,-0.0041071785390204285
2025-04-11,0.004451177097431412,0.004448025426052405,0.012606685516028344,3.151671379007086e-06,2.038432834340353,0.0
2025-04-18,0.003523213597198414,0.003519079215114879,0.016537528334139212,4.134382083534803e-06,2.045606240959088,0.0
2025-04-25,-0.0011581387604848224,-0.0011715700305882123,0.05372508041355992,1.343127010338998e-05,2.043209669992796,-0.0011715700305883203
2025-05-02,0.002080442248038186,0.0020801368082303357,0.0012217592314014087,3.0543980785035215e-07,2.0474598256342804,0.0
2025-05-09,-0.0012048346889173484,-0.001205161084323662,0.0013055816252537274,3.2639540631343186e-07,2.04499230673071,-0.0012051610843236693
2025-05-16,0.0026583467645660747,0.002651440120064342,0.02762657800693129,6.906644501732823e-06,2.0504144813779988,0.0
2025-05-23,0.0007409889165565504,0.0007379222710708912,0.01226658194263696,3.06664548565924e-06,2.0519275278887337,0.0
2025-05-30,0.0008921893077547924,0.0008746047493523144,0.07033823360991173,1.7584558402477933e-05,2.053722153449952,0.0
2025-06-06,0.0025209043073724266,0.0025001007241745115,0.08321433279166082,2.0803583197915206e-05,2.058856665693045,0.0
2025-06-13,-0.0011212515111903476,-0.0011354861575380317,0.056938585390735874,1.4234646347683969e-05,2.056518862448796,-0.0011354861575378905
2025-06-20,0.001088056599634845,0.0010813637222229935,0.02677150964740555,6.692877411851388e-06,2.0587427073407154,-5.5350308852841756e-05
2025-06-27,0.005509157166289854,0.005309595475594127,0.798246762782908,0.000199561690695727,2.069673798305024,0.0
2025-07-04,-0.003276665879855857,-0.003280024182828307,0.013433211889801181,3.3583029724502953e-06,2.0628852181960173,-0.003280024182828467
2025-07-11,0.0020613338179917757,0.002003154189381595,0.23271851444072256,5.817962861018064e-05,2.0670174953630602,-0.0012834403876298417
2025-07-18,0.004238865930053287,0.004236958301792695,0.0076305130423662895,1.9076282605915722e-06,2.0757753622999897,0.0
2025-07-25,-0.003614379292890827,-0.0036435405235822793,0.11664492276580835,2.9161230691452087e-05,2.068212190649596,-0.0036435405235822893
2025-08-01,0.007577282871487243,0.007548284944882943,0.11599170641719994,2.8997926604299986e-05,2.0838236455911,0.0
2025-08-08,0.0008561812020061025,0.0008434877962229947,0.05077362313243115,1.2693405783107789e-05,2.0855813254056366,0.0
2025-08-15,0.005820276269515017,0.005807530895376369,0.05098149655459257,1.2745374138648142e-05,2.09769340338775,0.0
2025-08-22,0.0005190557483300087,0.000469781467228768,0.1970971244049626,4.927428110124065e-05,2.0986788608725897,0.0
2025-08-29,0.011113645904282739,0.011017642167452593,0.3840149473205874,9.600373683014685e-05,2.121801353586081,0.0
2025-09-05,0.010109427370098796,0.010098979450379252,0.041791678878176725,1.0447919719544181e-05,2.1432293818537334,0.0
2025-09-12,0.004029149685653202,0.003970549879002438,0.23439922660305476,5.8599806650763695e-05,2.151739181016527,0.0
2025-09-19,0.002351499121946676,0.002328297896667801,0.09280490111549788,2.320122527887447e-05,2.1567490708258656,0.0
2025-09-26,0.008663641832185782,0.00860598529433961,0.23062615138468806,5.765653784617202e-05,2.1753100216129737,0.0
2025-10-03,-0.0026452598125995693,-0.0026759435567880498,0.12273497675392239,3.06837441884806e-05,2.169489014776622,-0.0026759435567880185
2025-10-10,0.014605266491840513,0.014587510073949256,0.07102567156503052,1.775641789125763e-05,2.2011364576349983,0.0
2025-10-17,0.0008259665895947083,0.0008162935408979687,0.03869219478695825,9.673048696739561e-06,2.202933231108001,0.0
2025-10-24,-0.004285354583826123,-0.004294657234455554,0.037210602517725906,9.302650629431477e-06,2.1934723879700004,-0.004294657234455546
2025-10-31,-0.004083903506750441,-0.004109380841142685,0.10190933756897594,2.5477334392243984e-05,2.184458574563301,-0.008386389693439633
2025-11-07,0.002433467182513574,0.002409123332054433,0.0973754018365647,2.4343850459141177e-05,2.189721204683188,-0.005997470208467304
2025-11-14,-0.006485278107799938,-0.006521617542346841,0.1453577381876121,3.633943454690303e-05,2.1754406804618776,-0.012479974543892824
2025-11-21,0.014066926826299451,0.014037079005896656,0.11939128161118023,2.984782040279506e-05,2.2059775131661623,0.0
2025-11-28,-0.0012523238731147438,-0.0012927729677176137,0.1617963784114796,4.0449094602869895e-05,2.203125685069748,-0.0012927729677176814
2025-12-05,0.0003677132524522903,0.00024835593738282253,0.4774292602778711,0.00011935731506946778,2.203672844414436,-0.001044738098177067
2025-12-12,0.002133448889710391,0.0021327947537094468,0.00261654400377684,6.5413600094421e-07,2.208372826295895,0.0
2025-12-19,0.006803140170935985,0.006802595281473408,0.0021795578503078835,5.448894625769708e-07,2.22339549286379,0.0
2025-12-26,-0.0032766647490203734,-0.0033212040405595456,0.17815716615668836,4.453929153917209e-05,2.2160111427691285,-0.0033212040405596888
2026-01-02,0.0076075556237691295,0.007601195717555345,0.025439624855137906,6.3599062137844765e-06,2.2328554771776,0.0
2026-01-09,0.002883655694903759,0.0028787560275325454,0.01959866948485356,4.89966737121339e-06,2.239283323341134,0.0
2026-01-16,0.00882541024656527,0.008813893500574724,0.04606698396218385,1.1516745990545964e-05,2.259020128070676,0.0
2026-01-23,-0.0019196664725784102,-0.0019299716923265118,0.041220878992406076,1.030521974810152e-05,2.2546602831711033,-0.0019299716923266708
2026-01-30,0.005666088380746227,0.005650621252086163,0.061868514640254835,1.546712866006371e-05,2.2674005144834246,0.0
2026-02-06,0.0056261716340825895,0.00561460986996299,0.04624705647839695,1.1561764119599238e-05,2.2801310837912023,0.0
2026-02-13,0.0032576249821985813,0.003257284388746305,0.0013623738091055534,3.4059345227638837e-07,2.2875581191747307,0.0
2026-02-20,0.003982509774737221,0.00398143613089508,0.0042945753685650415,1.0736438421412603e-06,2.2966658857219358,0.0
2026-02-27,-0.013254976788457976,-0.01327740392921525,0.08970856302909518,2.2427140757273794e-05,2.2661721250667566,-0.013277403929215281
2026-03-06,-0.00627313249553024,-0.006279782234065317,0.02659895414030873,6.649738535077183e-06,2.2519410576164285,-0.019473806957971296
2026-03-13,-0.010554207063050719,-0.010585941132264107,0.1269362768535528,3.17340692133882e-05,2.2281021421471725,-0.029853599516157292
2026-03-20,-0.0006037302510588227,-0.0007329941646271097,0.5170556542731481,0.00012926391356828703,2.2264689562787856,-0.0305647111665458
2026-03-27,0.012012763953149933,0.011941850064294705,0.283655555420909,7.091388885522724e-05,2.2530571147274734,-0.01898786030026056
2026-04-03,0.005173613063218365,0.005159384665648022,0.056913590281371516,1.422839757034288e-05,2.2646815030560274,-0.01392644130987919
2026-04-10,0.0,-9.019933181968158e-05,0.3607973272787263,9.019933181968158e-05,2.2644772302976675,-0.01401538448599815
