,BIL,DBA,EEM,EFA,EWJ,GLD,HYG,IAU,IEF,IWM,LQD,MBB,PDBC,QQQ,SHY,SLV,SPY,TIP,TLT,USO,UUP,VEA,VNQ,VTV,VUG,VWO,XLB,XLE,XLF,XLI,XLK,XLP,XLU,XLV,XLY
2005-01-07,1.0,0.0,0.0,0.0,0.0,0.0,0.0,0.0,0.0,0.0,0.0,0.0,0.0,0.0,0.0,0.0,0.0,0.0,0.0,0.0,0.0,0.0,0.0,0.0,0.0,0.0,0.0,0.0,0.0,0.0,0.0,0.0,0.0,0.0,0.0
2005-01-14,1.0,0.0,0.0,0.0,0.0,0.0,0.0,0.0,0.0,0.0,0.0,0.0,0.0,0.0,0.0,0.0,0.0,0.0,0.0,0.0,0.0,0.0,0.0,0.0,0.0,0.0,0.0,0.0,0.0,0.0,0.0,0.0,0.0,0.0,0.0
2005-01-21,1.0,0.0,0.0,0.0,0.0,0.0,0.0,0.0,0.0,0.0,0.0,0.0,0.0,0.0,0.0,0.0,0.0,0.0,0.0,0.0,0.0,0.0,0.0,0.0,0.0,0.0,0.0,0.0,0.0,0.0,0.0,0.0,0.0,0.0,0.0
2005-01-28,1.0,0.0,0.0,0.0,0.0,0.0,0.0,0.0,0.0,0.0,0.0,0.0,0.0,0.0,0.0,0.0,0.0,0.0,0.0,0.0,0.0,0.0,0.0,0.0,0.0,0.0,0.0,0.0,0.0,0.0,0.0,0.0,0.0,0.0,0.0
2005-02-04,1.0,0.0,0.0,0.0,0.0,0.0,0.0,0.0,0.0,0.0,0.0,0.0,0.0,0.0,0.0,0.0,0.0,0.0,0.0,0.0,0.0,0.0,0.0,0.0,0.0,0.0,0.0,0.0,0.0,0.0,0.0,0.0,0.0,0.0,0.0
2005-02-11,1.0,0.0,0.0,0.0,0.0,0.0,0.0,0.0,0.0,0.0,0.0,0.0,0.0,0.0,0.0,0.0,0.0,0.0,0.0,0.0,0.0,0.0,0.0,0.0,0.0,0.0,0.0,0.0,0.0,0.0,0.0,0.0,0.0,0.0,0.0
2005-02-18,1.0,0.0,0.0,0.0,0.0,0.0,0.0,0.0,0.0,0.0,0.0,0.0,0.0,0.0,0.0,0.0,0.0,0.0,0.0,0.0,0.0,0.0,0.0,0.0,0.0,0.0,0.0,0.0,0.0,0.0,0.0,0.0,0.0,0.0,0.0
2005-02-25,1.0,0.0,0.0,0.0,0.0,0.0,0.0,0.0,0.0,0.0,0.0,0.0,0.0,0.0,0.0,0.0,0.0,0.0,0.0,0.0,0.0,0.0,0.0,0.0,0.0,0.0,0.0,0.0,0.0,0.0,0.0,0.0,0.0,0.0,0.0
2005-03-04,1.0,0.0,0.0,0.0,0.0,0.0,0.0,0.0,0.0,0.0,0.0,0.0,0.0,0.0,0.0,0.0,0.0,0.0,0.0,0.0,0.0,0.0,0.0,0.0,0.0,0.0,0.0,0.0,0.0,0.0,0.0,0.0,0.0,0.0,0.0
2005-03-11,1.0,0.0,0.0,0.0,0.0,0.0,0.0,0.0,0.0,0.0,0.0,0.0,0.0,0.0,0.0,0.0,0.0,0.0,0.0,0.0,0.0,0.0,0.0,0.0,0.0,0.0,0.0,0.0,0.0,0.0,0.0,0.0,0.0,0.0,0.0
2005-03-18,1.0,0.0,0.0,0.0,0.0,0.0,0.0,0.0,0.0,0.0,0.0,0.0,0.0,0.0,0.0,0.0,0.0,0.0,0.0,0.0,0.0,0.0,0.0,0.0,0.0,0.0,0.0,0.0,0.0,0.0,0.0,0.0,0.0,0.0,0.0
2005-03-25,1.0,0.0,0.0,0.0,0.0,0.0,0.0,0.0,0.0,0.0,0.0,0.0,0.0,0.0,0.0,0.0,0.0,0.0,0.0,0.0,0.0,0.0,0.0,0.0,0.0,0.0,0.0,0.0,0.0,0.0,0.0,0.0,0.0,0.0,0.0
2005-04-01,1.0,0.0,0.0,0.0,0.0,0.0,0.0,0.0,0.0,0.0,0.0,0.0,0.0,0.0,0.0,0.0,0.0,0.0,0.0,0.0,0.0,0.0,0.0,0.0,0.0,0.0,0.0,0.0,0.0,0.0,0.0,0.0,0.0,0.0,0.0
2005-04-08,1.0,0.0,0.0,0.0,0.0,0.0,0.0,0.0,0.0,0.0,0.0,0.0,0.0,0.0,0.0,0.0,0.0,0.0,0.0,0.0,0.0,0.0,0.0,0.0,0.0,0.0,0.0,0.0,0.0,0.0,0.0,0.0,0.0,0.0,0.0
2005-04-15,1.0,0.0,0.0,0.0,0.0,0.0,0.0,0.0,0.0,0.0,0.0,0.0,0.0,0.0,0.0,0.0,0.0,0.0,0.0,0.0,0.0,0.0,0.0,0.0,0.0,0.0,0.0,0.0,0.0,0.0,0.0,0.0,0.0,0.0,0.0
2005-04-22,1.0,0.0,0.0,0.0,0.0,0.0,0.0,0.0,0.0,0.0,0.0,0.0,0.0,0.0,0.0,0.0,0.0,0.0,0.0,0.0,0.0,0.0,0.0,0.0,0.0,0.0,0.0,0.0,0.0,0.0,0.0,0.0,0.0,0.0,0.0
2005-04-29,1.0,0.0,0.0,0.0,0.0,0.0,0.0,0.0,0.0,0.0,0.0,0.0,0.0,0.0,0.0,0.0,0.0,0.0,0.0,0.0,0.0,0.0,0.0,0.0,0.0,0.0,0.0,0.0,0.0,0.0,0.0,0.0,0.0,0.0,0.0
2005-05-06,1.0,0.0,0.0,0.0,0.0,0.0,0.0,0.0,0.0,0.0,0.0,0.0,0.0,0.0,0.0,0.0,0.0,0.0,0.0,0.0,0.0,0.0,0.0,0.0,0.0,0.0,0.0,0.0,0.0,0.0,0.0,0.0,0.0,0.0,0.0
2005-05-13,1.0,0.0,0.0,0.0,0.0,0.0,0.0,0.0,0.0,0.0,0.0,0.0,0.0,0.0,0.0,0.0,0.0,0.0,0.0,0.0,0.0,0.0,0.0,0.0,0.0,0.0,0.0,0.0,0.0,0.0,0.0,0.0,0.0,0.0,0.0
2005-05-20,1.0,0.0,0.0,0.0,0.0,0.0,0.0,0.0,0.0,0.0,0.0,0.0,0.0,0.0,0.0,0.0,0.0,0.0,0.0,0.0,0.0,0.0,0.0,0.0,0.0,0.0,0.0,0.0,0.0,0.0,0.0,0.0,0.0,0.0,0.0
2005-05-27,1.0,0.0,0.0,0.0,0.0,0.0,0.0,0.0,0.0,0.0,0.0,0.0,0.0,0.0,0.0,0.0,0.0,0.0,0.0,0.0,0.0,0.0,0.0,0.0,0.0,0.0,0.0,0.0,0.0,0.0,0.0,0.0,0.0,0.0,0.0
2005-06-03,1.0,0.0,0.0,0.0,0.0,0.0,0.0,0.0,0.0,0.0,0.0,0.0,0.0,0.0,0.0,0.0,0.0,0.0,0.0,0.0,0.0,0.0,0.0,0.0,0.0,0.0,0.0,0.0,0.0,0.0,0.0,0.0,0.0,0.0,0.0
2005-06-10,1.0,0.0,0.0,0.0,0.0,0.0,0.0,0.0,0.0,0.0,0.0,0.0,0.0,0.0,0.0,0.0,0.0,0.0,0.0,0.0,0.0,0.0,0.0,0.0,0.0,0.0,0.0,0.0,0.0,0.0,0.0,0.0,0.0,0.0,0.0
2005-06-17,1.0,0.0,0.0,0.0,0.0,0.0,0.0,0.0,0.0,0.0,0.0,0.0,0.0,0.0,0.0,0.0,0.0,0.0,0.0,0.0,0.0,0.0,0.0,0.0,0.0,0.0,0.0,0.0,0.0,0.0,0.0,0.0,0.0,0.0,0.0
2005-06-24,1.0,0.0,0.0,0.0,0.0,0.0,0.0,0.0,0.0,0.0,0.0,0.0,0.0,0.0,0.0,0.0,0.0,0.0,0.0,0.0,0.0,0.0,0.0,0.0,0.0,0.0,0.0,0.0,0.0,0.0,0.0,0.0,0.0,0.0,0.0
2005-07-01,1.0,0.0,0.0,0.0,0.0,0.0,0.0,0.0,0.0,0.0,0.0,0.0,0.0,0.0,0.0,0.0,0.0,0.0,0.0,0.0,0.0,0.0,0.0,0.0,0.0,0.0,0.0,0.0,0.0,0.0,0.0,0.0,0.0,0.0,0.0
2005-07-08,1.0,0.0,0.0,0.0,0.0,0.0,0.0,0.0,0.0,0.0,0.0,0.0,0.0,0.0,0.0,0.0,0.0,0.0,0.0,0.0,0.0,0.0,0.0,0.0,0.0,0.0,0.0,0.0,0.0,0.0,0.0,0.0,0.0,0.0,0.0
2005-07-15,1.0,0.0,0.0,0.0,0.0,0.0,0.0,0.0,0.0,0.0,0.0,0.0,0.0,0.0,0.0,0.0,0.0,0.0,0.0,0.0,0.0,0.0,0.0,0.0,0.0,0.0,0.0,0.0,0.0,0.0,0.0,0.0,0.0,0.0,0.0
2005-07-22,1.0,0.0,0.0,0.0,0.0,0.0,0.0,0.0,0.0,0.0,0.0,0.0,0.0,0.0,0.0,0.0,0.0,0.0,0.0,0.0,0.0,0.0,0.0,0.0,0.0,0.0,0.0,0.0,0.0,0.0,0.0,0.0,0.0,0.0,0.0
2005-07-29,1.0,0.0,0.0,0.0,0.0,0.0,0.0,0.0,0.0,0.0,0.0,0.0,0.0,0.0,0.0,0.0,0.0,0.0,0.0,0.0,0.0,0.0,0.0,0.0,0.0,0.0,0.0,0.0,0.0,0.0,0.0,0.0,0.0,0.0,0.0
2005-08-05,1.0,0.0,0.0,0.0,0.0,0.0,0.0,0.0,0.0,0.0,0.0,0.0,0.0,0.0,0.0,0.0,0.0,0.0,0.0,0.0,0.0,0.0,0.0,0.0,0.0,0.0,0.0,0.0,0.0,0.0,0.0,0.0,0.0,0.0,0.0
2005-08-12,1.0,0.0,0.0,0.0,0.0,0.0,0.0,0.0,0.0,0.0,0.0,0.0,0.0,0.0,0.0,0.0,0.0,0.0,0.0,0.0,0.0,0.0,0.0,0.0,0.0,0.0,0.0,0.0,0.0,0.0,0.0,0.0,0.0,0.0,0.0
2005-08-19,1.0,0.0,0.0,0.0,0.0,0.0,0.0,0.0,0.0,0.0,0.0,0.0,0.0,0.0,0.0,0.0,0.0,0.0,0.0,0.0,0.0,0.0,0.0,0.0,0.0,0.0,0.0,0.0,0.0,0.0,0.0,0.0,0.0,0.0,0.0
2005-08-26,1.0,0.0,0.0,0.0,0.0,0.0,0.0,0.0,0.0,0.0,0.0,0.0,0.0,0.0,0.0,0.0,0.0,0.0,0.0,0.0,0.0,0.0,0.0,0.0,0.0,0.0,0.0,0.0,0.0,0.0,0.0,0.0,0.0,0.0,0.0
2005-09-02,1.0,0.0,0.0,0.0,0.0,0.0,0.0,0.0,0.0,0.0,0.0,0.0,0.0,0.0,0.0,0.0,0.0,0.0,0.0,0.0,0.0,0.0,0.0,0.0,0.0,0.0,0.0,0.0,0.0,0.0,0.0,0.0,0.0,0.0,0.0
2005-09-09,1.0,0.0,0.0,0.0,0.0,0.0,0.0,0.0,0.0,0.0,0.0,0.0,0.0,0.0,0.0,0.0,0.0,0.0,0.0,0.0,0.0,0.0,0.0,0.0,0.0,0.0,0.0,0.0,0.0,0.0,0.0,0.0,0.0,0.0,0.0
2005-09-16,1.0,0.0,0.0,0.0,0.0,0.0,0.0,0.0,0.0,0.0,0.0,0.0,0.0,0.0,0.0,0.0,0.0,0.0,0.0,0.0,0.0,0.0,0.0,0.0,0.0,0.0,0.0,0.0,0.0,0.0,0.0,0.0,0.0,0.0,0.0
2005-09-23,1.0,0.0,0.0,0.0,0.0,0.0,0.0,0.0,0.0,0.0,0.0,0.0,0.0,0.0,0.0,0.0,0.0,0.0,0.0,0.0,0.0,0.0,0.0,0.0,0.0,0.0,0.0,0.0,0.0,0.0,0.0,0.0,0.0,0.0,0.0
2005-09-30,1.0,0.0,0.0,0.0,0.0,0.0,0.0,0.0,0.0,0.0,0.0,0.0,0.0,0.0,0.0,0.0,0.0,0.0,0.0,0.0,0.0,0.0,0.0,0.0,0.0,0.0,0.0,0.0,0.0,0.0,0.0,0.0,0.0,0.0,0.0
2005-10-07,1.0,0.0,0.0,0.0,0.0,0.0,0.0,0.0,0.0,0.0,0.0,0.0,0.0,0.0,0.0,0.0,0.0,0.0,0.0,0.0,0.0,0.0,0.0,0.0,0.0,0.0,0.0,0.0,0.0,0.0,0.0,0.0,0.0,0.0,0.0
2005-10-14,1.0,0.0,0.0,0.0,0.0,0.0,0.0,0.0,0.0,0.0,0.0,0.0,0.0,0.0,0.0,0.0,0.0,0.0,0.0,0.0,0.0,0.0,0.0,0.0,0.0,0.0,0.0,0.0,0.0,0.0,0.0,0.0,0.0,0.0,0.0
2005-10-21,1.0,0.0,0.0,0.0,0.0,0.0,0.0,0.0,0.0,0.0,0.0,0.0,0.0,0.0,0.0,0.0,0.0,0.0,0.0,0.0,0.0,0.0,0.0,0.0,0.0,0.0,0.0,0.0,0.0,0.0,0.0,0.0,0.0,0.0,0.0
2005-10-28,1.0,0.0,0.0,0.0,0.0,0.0,0.0,0.0,0.0,0.0,0.0,0.0,0.0,0.0,0.0,0.0,0.0,0.0,0.0,0.0,0.0,0.0,0.0,0.0,0.0,0.0,0.0,0.0,0.0,0.0,0.0,0.0,0.0,0.0,0.0
2005-11-04,1.0,0.0,0.0,0.0,0.0,0.0,0.0,0.0,0.0,0.0,0.0,0.0,0.0,0.0,0.0,0.0,0.0,0.0,0.0,0.0,0.0,0.0,0.0,0.0,0.0,0.0,0.0,0.0,0.0,0.0,0.0,0.0,0.0,0.0,0.0
2005-11-11,1.0,0.0,0.0,0.0,0.0,0.0,0.0,0.0,0.0,0.0,0.0,0.0,0.0,0.0,0.0,0.0,0.0,0.0,0.0,0.0,0.0,0.0,0.0,0.0,0.0,0.0,0.0,0.0,0.0,0.0,0.0,0.0,0.0,0.0,0.0
2005-11-18,1.0,0.0,0.0,0.0,0.0,0.0,0.0,0.0,0.0,0.0,0.0,0.0,0.0,0.0,0.0,0.0,0.0,0.0,0.0,0.0,0.0,0.0,0.0,0.0,0.0,0.0,0.0,0.0,0.0,0.0,0.0,0.0,0.0,0.0,0.0
2005-11-25,1.0,0.0,0.0,0.0,0.0,0.0,0.0,0.0,0.0,0.0,0.0,0.0,0.0,0.0,0.0,0.0,0.0,0.0,0.0,0.0,0.0,0.0,0.0,0.0,0.0,0.0,0.0,0.0,0.0,0.0,0.0,0.0,0.0,0.0,0.0
2005-12-02,1.0,0.0,0.0,0.0,0.0,0.0,0.0,0.0,0.0,0.0,0.0,0.0,0.0,0.0,0.0,0.0,0.0,0.0,0.0,0.0,0.0,0.0,0.0,0.0,0.0,0.0,0.0,0.0,0.0,0.0,0.0,0.0,0.0,0.0,0.0
2005-12-09,1.0,0.0,0.0,0.0,0.0,0.0,0.0,0.0,0.0,0.0,0.0,0.0,0.0,0.0,0.0,0.0,0.0,0.0,0.0,0.0,0.0,0.0,0.0,0.0,0.0,0.0,0.0,0.0,0.0,0.0,0.0,0.0,0.0,0.0,0.0
2005-12-16,1.0,0.0,0.0,0.0,0.0,0.0,0.0,0.0,0.0,0.0,0.0,0.0,0.0,0.0,0.0,0.0,0.0,0.0,0.0,0.0,0.0,0.0,0.0,0.0,0.0,0.0,0.0,0.0,0.0,0.0,0.0,0.0,0.0,0.0,0.0
2005-12-23,1.0,0.0,0.0,0.0,0.0,0.0,0.0,0.0,0.0,0.0,0.0,0.0,0.0,0.0,0.0,0.0,0.0,0.0,0.0,0.0,0.0,0.0,0.0,0.0,0.0,0.0,0.0,0.0,0.0,0.0,0.0,0.0,0.0,0.0,0.0
2005-12-30,1.0,0.0,0.0,0.0,0.0,0.0,0.0,0.0,0.0,0.0,0.0,0.0,0.0,0.0,0.0,0.0,0.0,0.0,0.0,0.0,0.0,0.0,0.0,0.0,0.0,0.0,0.0,0.0,0.0,0.0,0.0,0.0,0.0,0.0,0.0
2006-01-06,1.0,0.0,0.0,0.0,0.0,0.0,0.0,0.0,0.0,0.0,0.0,0.0,0.0,0.0,0.0,0.0,0.0,0.0,0.0,0.0,0.0,0.0,0.0,0.0,0.0,0.0,0.0,0.0,0.0,0.0,0.0,0.0,0.0,0.0,0.0
2006-01-13,1.0,0.0,0.0,0.0,0.0,0.0,0.0,0.0,0.0,0.0,0.0,0.0,0.0,0.0,0.0,0.0,0.0,0.0,0.0,0.0,0.0,0.0,0.0,0.0,0.0,0.0,0.0,0.0,0.0,0.0,0.0,0.0,0.0,0.0,0.0
2006-01-20,1.0,0.0,0.0,0.0,0.0,0.0,0.0,0.0,0.0,0.0,0.0,0.0,0.0,0.0,0.0,0.0,0.0,0.0,0.0,0.0,0.0,0.0,0.0,0.0,0.0,0.0,0.0,0.0,0.0,0.0,0.0,0.0,0.0,0.0,0.0
2006-01-27,1.0,0.0,0.0,0.0,0.0,0.0,0.0,0.0,0.0,0.0,0.0,0.0,0.0,0.0,0.0,0.0,0.0,0.0,0.0,0.0,0.0,0.0,0.0,0.0,0.0,0.0,0.0,0.0,0.0,0.0,0.0,0.0,0.0,0.0,0.0
2006-02-03,1.0,0.0,0.0,0.0,0.0,0.0,0.0,0.0,0.0,0.0,0.0,0.0,0.0,0.0,0.0,0.0,0.0,0.0,0.0,0.0,0.0,0.0,0.0,0.0,0.0,0.0,0.0,0.0,0.0,0.0,0.0,0.0,0.0,0.0,0.0
2006-02-10,1.0,0.0,0.0,0.0,0.0,0.0,0.0,0.0,0.0,0.0,0.0,0.0,0.0,0.0,0.0,0.0,0.0,0.0,0.0,0.0,0.0,0.0,0.0,0.0,0.0,0.0,0.0,0.0,0.0,0.0,0.0,0.0,0.0,0.0,0.0
2006-02-17,1.0,0.0,0.0,0.0,0.0,0.0,0.0,0.0,0.0,0.0,0.0,0.0,0.0,0.0,0.0,0.0,0.0,0.0,0.0,0.0,0.0,0.0,0.0,0.0,0.0,0.0,0.0,0.0,0.0,0.0,0.0,0.0,0.0,0.0,0.0
2006-02-24,1.0,0.0,0.0,0.0,0.0,0.0,0.0,0.0,0.0,0.0,0.0,0.0,0.0,0.0,0.0,0.0,0.0,0.0,0.0,0.0,0.0,0.0,0.0,0.0,0.0,0.0,0.0,0.0,0.0,0.0,0.0,0.0,0.0,0.0,0.0
2006-03-03,1.0,0.0,0.0,0.0,0.0,0.0,0.0,0.0,0.0,0.0,0.0,0.0,0.0,0.0,0.0,0.0,0.0,0.0,0.0,0.0,0.0,0.0,0.0,0.0,0.0,0.0,0.0,0.0,0.0,0.0,0.0,0.0,0.0,0.0,0.0
2006-03-10,1.0,0.0,0.0,0.0,0.0,0.0,0.0,0.0,0.0,0.0,0.0,0.0,0.0,0.0,0.0,0.0,0.0,0.0,0.0,0.0,0.0,0.0,0.0,0.0,0.0,0.0,0.0,0.0,0.0,0.0,0.0,0.0,0.0,0.0,0.0
2006-03-17,1.0,0.0,0.0,0.0,0.0,0.0,0.0,0.0,0.0,0.0,0.0,0.0,0.0,0.0,0.0,0.0,0.0,0.0,0.0,0.0,0.0,0.0,0.0,0.0,0.0,0.0,0.0,0.0,0.0,0.0,0.0,0.0,0.0,0.0,0.0
2006-03-24,1.0,0.0,0.0,0.0,0.0,0.0,0.0,0.0,0.0,0.0,0.0,0.0,0.0,0.0,0.0,0.0,0.0,0.0,0.0,0.0,0.0,0.0,0.0,0.0,0.0,0.0,0.0,0.0,0.0,0.0,0.0,0.0,0.0,0.0,0.0
2006-03-31,1.0,0.0,0.0,0.0,0.0,0.0,0.0,0.0,0.0,0.0,0.0,0.0,0.0,0.0,0.0,0.0,0.0,0.0,0.0,0.0,0.0,0.0,0.0,0.0,0.0,0.0,0.0,0.0,0.0,0.0,0.0,0.0,0.0,0.0,0.0
2006-04-07,1.0,0.0,0.0,0.0,0.0,0.0,0.0,0.0,0.0,0.0,0.0,0.0,0.0,0.0,0.0,0.0,0.0,0.0,0.0,0.0,0.0,0.0,0.0,0.0,0.0,0.0,0.0,0.0,0.0,0.0,0.0,0.0,0.0,0.0,0.0
2006-04-14,1.0,0.0,0.0,0.0,0.0,0.0,0.0,0.0,0.0,0.0,0.0,0.0,0.0,0.0,0.0,0.0,0.0,0.0,0.0,0.0,0.0,0.0,0.0,0.0,0.0,0.0,0.0,0.0,0.0,0.0,0.0,0.0,0.0,0.0,0.0
2006-04-21,1.0,0.0,0.0,0.0,0.0,0.0,0.0,0.0,0.0,0.0,0.0,0.0,0.0,0.0,0.0,0.0,0.0,0.0,0.0,0.0,0.0,0.0,0.0,0.0,0.0,0.0,0.0,0.0,0.0,0.0,0.0,0.0,0.0,0.0,0.0
2006-04-28,1.0,0.0,0.0,0.0,0.0,0.0,0.0,0.0,0.0,0.0,0.0,0.0,0.0,0.0,0.0,0.0,0.0,0.0,0.0,0.0,0.0,0.0,0.0,0.0,0.0,0.0,0.0,0.0,0.0,0.0,0.0,0.0,0.0,0.0,0.0
2006-05-05,1.0,0.0,0.0,0.0,0.0,0.0,0.0,0.0,0.0,0.0,0.0,0.0,0.0,0.0,0.0,0.0,0.0,0.0,0.0,0.0,0.0,0.0,0.0,0.0,0.0,0.0,0.0,0.0,0.0,0.0,0.0,0.0,0.0,0.0,0.0
2006-05-12,1.0,0.0,0.0,0.0,0.0,0.0,0.0,0.0,0.0,0.0,0.0,0.0,0.0,0.0,0.0,0.0,0.0,0.0,0.0,0.0,0.0,0.0,0.0,0.0,0.0,0.0,0.0,0.0,0.0,0.0,0.0,0.0,0.0,0.0,0.0
2006-05-19,1.0,0.0,0.0,0.0,0.0,0.0,0.0,0.0,0.0,0.0,0.0,0.0,0.0,0.0,0.0,0.0,0.0,0.0,0.0,0.0,0.0,0.0,0.0,0.0,0.0,0.0,0.0,0.0,0.0,0.0,0.0,0.0,0.0,0.0,0.0
2006-05-26,1.0,0.0,0.0,0.0,0.0,0.0,0.0,0.0,0.0,0.0,0.0,0.0,0.0,0.0,0.0,0.0,0.0,0.0,0.0,0.0,0.0,0.0,0.0,0.0,0.0,0.0,0.0,0.0,0.0,0.0,0.0,0.0,0.0,0.0,0.0
2006-06-02,1.0,0.0,0.0,0.0,0.0,0.0,0.0,0.0,0.0,0.0,0.0,0.0,0.0,0.0,0.0,0.0,0.0,0.0,0.0,0.0,0.0,0.0,0.0,0.0,0.0,0.0,0.0,0.0,0.0,0.0,0.0,0.0,0.0,0.0,0.0
2006-06-09,1.0,0.0,0.0,0.0,0.0,0.0,0.0,0.0,0.0,0.0,0.0,0.0,0.0,0.0,0.0,0.0,0.0,0.0,0.0,0.0,0.0,0.0,0.0,0.0,0.0,0.0,0.0,0.0,0.0,0.0,0.0,0.0,0.0,0.0,0.0
2006-06-16,1.0,0.0,0.0,0.0,0.0,0.0,0.0,0.0,0.0,0.0,0.0,0.0,0.0,0.0,0.0,0.0,0.0,0.0,0.0,0.0,0.0,0.0,0.0,0.0,0.0,0.0,0.0,0.0,0.0,0.0,0.0,0.0,0.0,0.0,0.0
2006-06-23,1.0,0.0,0.0,0.0,0.0,0.0,0.0,0.0,0.0,0.0,0.0,0.0,0.0,0.0,0.0,0.0,0.0,0.0,0.0,0.0,0.0,0.0,0.0,0.0,0.0,0.0,0.0,0.0,0.0,0.0,0.0,0.0,0.0,0.0,0.0
2006-06-30,0.4922915705180404,0.0,0.0,0.11202879271608625,0.0,0.15132460106349843,0.0,0.0,0.0,0.0,0.053734626291464235,0.0,0.0,0.0,0.0,0.0,0.014438817944052034,0.0,0.0392958083474122,0.0,0.0,0.0,0.08744428667549241,0.0,0.0,0.049441496443954,0.0,0.0,0.0,0.0,0.0,0.0,0.0,0.0,0.0
2006-07-07,0.3072597904415294,0.0,0.0,0.158286737735214,0.0,0.15132460106349843,0.0,0.0,0.0,0.0,0.053734626291464235,0.0,0.0,0.0,0.0,0.0,0.014438817944052034,0.0,0.0392958083474122,0.0,0.0,0.0,0.08744428667549241,0.04625794501912777,0.0,0.049441496443954,0.0,0.0,0.04625794501912777,0.04625794501912777,0.0,0.0,0.0,0.0,0.0
2006-07-14,0.3072597904415294,0.0,0.0,0.158286737735214,0.0,0.15132460106349843,0.0,0.0,0.0,0.0,0.053734626291464235,0.0,0.0,0.0,0.0,0.0,0.014438817944052034,0.0,0.0392958083474122,0.0,0.0,0.0,0.08744428667549241,0.04625794501912777,0.0,0.049441496443954,0.0,0.0,0.04625794501912777,0.04625794501912777,0.0,0.0,0.0,0.0,0.0
2006-07-21,0.4922915705180404,0.0,0.0,0.11202879271608625,0.0,0.15132460106349843,0.0,0.0,0.0,0.0,0.053734626291464235,0.0,0.0,0.0,0.0,0.0,0.014438817944052034,0.0,0.0392958083474122,0.0,0.0,0.0,0.08744428667549241,0.0,0.0,0.049441496443954,0.0,0.0,0.0,0.0,0.0,0.0,0.0,0.0,0.0
2006-07-28,0.3821292408626724,0.0,0.0,0.17264272412088275,0.05202320411267235,0.17210615509154487,0.0,0.0,0.0,0.0,0.03395925984571968,0.0,0.0,0.0,0.0,0.0,0.0,0.0,0.0,0.0,0.0,0.0,0.15128520058133826,0.0,0.0,0.03585421538516967,0.0,0.0,0.0,0.0,0.0,0.0,0.0,0.0,0.0
2006-08-04,0.23721194972582282,0.0,0.0,0.1710665073647925,0.05756975658888444,0.17040008616372576,0.0,0.0,0.0,0.0,0.03395925984571968,0.0,0.0,0.0,0.0,0.0,0.0,0.0,0.0,0.0,0.0,0.0,0.1490209337890355,0.036229322784212405,0.0,0.03585421538516967,0.0,0.0,0.036229322784212405,0.036229322784212405,0.0,0.036229322784212405,0.0,0.0,0.0
2006-08-11,0.23721194972582293,0.0,0.0,0.16889626713575215,0.056390116045264886,0.1730117130576036,0.0,0.0,0.0,0.0,0.03395925984571968,0.0,0.0,0.0,0.0,0.0,0.0,0.0,0.0,0.0,0.0,0.0,0.1497591876678176,0.036229322784212405,0.0,0.03585421538516967,0.0,0.0,0.036229322784212405,0.036229322784212405,0.0,0.036229322784212405,0.0,0.0,0.0
2006-08-18,0.23721194972582293,0.0,0.0,0.16748812405712382,0.03270049070821144,0.1857665823376262,0.0,0.0,0.0,0.0,0.03395925984571968,0.0,0.0,0.0,0.0,0.0,0.0,0.0,0.0,0.0,0.0,0.0,0.16210208680347676,0.036229322784212405,0.0,0.03585421538516967,0.0,0.0,0.036229322784212405,0.036229322784212405,0.0,0.036229322784212405,0.0,0.0,0.0
2006-08-25,0.20000000000000007,0.0,0.0,0.1339580667440301,0.048326821922807586,0.1797259690218475,0.0,0.0,0.0,0.0,0.03068789866078114,0.0,0.0,0.0,0.0,0.0,0.01737567153420748,0.0,0.01737567153420748,0.0,0.0,0.0,0.2367620391703183,0.030115276488444854,0.0,0.04544203194646581,0.0,0.0,0.0,0.030115276488444854,0.0,0.030115276488444854,0.0,0.0,0.0
2006-09-01,0.19999999999999996,0.0,0.0,0.14262316954275894,0.059074149183173455,0.17164471286270083,0.0,0.0,0.0,0.0,0.03068789866078114,0.0,0.0,0.0,0.0,0.0,0.01737567153420748,0.0,0.01737567153420748,0.0,0.0,0.0,0.22543086527037026,0.030115276488444854,0.0,0.04544203194646581,0.0,0.0,0.0,0.030115276488444854,0.0,0.030115276488444854,0.0,0.0,0.0
2006-09-08,0.19999999999999996,0.0,0.0,0.13984212209234742,0.04853303163166489,0.17006211984681152,0.0,0.0,0.0,0.0,0.03068789866078114,0.0,0.0,0.0,0.0,0.0,0.01737567153420748,0.0,0.01737567153420748,0.0,0.0,0.0,0.22380333882157522,0.030115276488444854,0.0,0.061974316413070274,0.0,0.0,0.0,0.030115276488444854,0.0,0.030115276488444854,0.0,0.0,0.0
2006-09-15,0.19999999999999996,0.0,0.0,0.125612846016035,0.06422382319851502,0.16557142400984398,0.0,0.0,0.0,0.0,0.03068789866078114,0.0,0.0,0.0,0.0,0.0,0.01737567153420748,0.0,0.01737567153420748,0.0,0.0,0.0,0.19962677966099407,0.030115276488444854,0.0,0.0891800559200812,0.0,0.0,0.0,0.030115276488444854,0.0,0.030115276488444854,0.0,0.0,0.0
2006-09-22,0.19999999999999996,0.0,0.0,0.13609435676483406,0.05970495168321013,0.15720945920028717,0.0,0.0,0.0,0.0,0.03068789866078114,0.0,0.0,0.0,0.0,0.0,0.01737567153420748,0.0,0.01737567153420748,0.0,0.0,0.0,0.21251021057630587,0.030115276488444854,0.0,0.07869595058083206,0.0,0.0,0.0,0.030115276488444854,0.0,0.030115276488444854,0.0,0.0,0.0
2006-09-29,0.19999999999999996,0.0,0.0,0.14958270386659672,0.003317486662456239,0.15356736614492023,0.0,0.0,0.0,0.0,0.06107582223798008,0.0,0.0,0.0,0.0,0.0,0.019250678111453937,0.0,0.019250678111453937,0.0,0.0,0.0,0.23462788532465406,0.026596022092664373,0.0,0.0795393132624917,0.0,0.0,0.026596022092664373,0.0,0.0,0.026596022092664373,0.0,0.0,0.0
2006-10-06,0.19999999999999996,0.0,0.0,0.15429048729397443,0.0,0.14084845827387082,0.0,0.0,0.0,0.0,0.06107582223798008,0.0,0.0,0.0,0.0,0.0,0.025887047621889536,0.0,0.019250678111453937,0.0,0.0,0.0,0.2515660020878642,0.026596022092664373,0.0,0.0672934380949739,0.0,0.0,0.026596022092664373,0.0,0.0,0.026596022092664373,0.0,0.0,0.0
2006-10-13,0.19999999999999996,0.0,0.0,0.13208064380200424,0.0,0.13933027450049054,0.0,0.0,0.0,0.0,0.06107582223798008,0.0,0.0,0.0,0.0,0.0,0.027272200629182758,0.0,0.019250678111453937,0.0,0.0,0.0,0.28203676552802226,0.026596022092664373,0.0,0.059165548912873095,0.0,0.0,0.026596022092664373,0.0,0.0,0.026596022092664373,0.0,0.0,0.0
2006-10-20,0.19999999999999996,0.0,0.0,0.14081919249943825,0.0,0.08468223294469761,0.0,0.0,0.0,0.01122999773117109,0.06107582223798008,0.0,0.0,0.0,0.0,0.0,0.06712734066830305,0.0,0.019250678111453937,0.0,0.0,0.0,0.26203600277613043,0.026596022092664373,0.0,0.07399066675283249,0.0,0.0,0.026596022092664373,0.0,0.0,0.026596022092664373,0.0,0.0,0.0
2006-10-27,0.042718271197977664,0.0,0.0,0.19428190450364766,0.0,0.09488417985553033,0.0,0.0,0.0,0.0,0.06971349052769577,0.0,0.0,0.0,0.0,0.0,0.11293137376106863,0.0,0.022410943264266382,0.0,0.0,0.0,0.3057390584425501,0.028614125596600943,0.0,0.07147840165746064,0.0,0.0,0.028614125596600943,0.0,0.0,0.028614125596600943,0.0,0.0,0.0
2006-11-03,0.042718271197977664,0.0,0.0,0.19549621855071483,0.0,0.09488417985553033,0.0,0.0,0.0,0.0,0.06971349052769577,0.0,0.0,0.0,0.0,0.0,0.1199757700726255,0.0,0.03516963096064604,0.0,0.0,0.0,0.3086184294529061,0.028614125596600943,0.0,0.04758163259210096,0.0,0.0,0.028614125596600943,0.0,0.0,0.028614125596600943,0.0,0.0,0.0
2006-11-10,0.042718271197977775,0.0,0.0,0.16672867940126493,0.0,0.09488417985553033,0.0,0.0,0.0,0.0,0.06971349052769577,0.0,0.0,0.0,0.0,0.0,0.13009754532410836,0.0,0.022410943264266382,0.0,0.0,0.0,0.32787541439586154,0.028614125596600943,0.0,0.05972909924349216,0.0,0.0,0.028614125596600943,0.0,0.0,0.028614125596600943,0.0,0.0,0.0
2006-11-17,0.042718271197977664,0.0,0.0,0.17119518958691612,0.0,0.09488417985553033,0.0,0.0,0.0,0.05203500478194901,0.06971349052769577,0.0,0.0,0.005201274210493268,0.0,0.0,0.08326403571357657,0.0,0.022410943264266382,0.0,0.0,0.0,0.30641882952739197,0.028614125596600943,0.0,0.0663164045444001,0.0,0.0,0.028614125596600943,0.0,0.0,0.028614125596600943,0.0,0.0,0.0
2006-11-24,3.3306690738754696e-16,0.0,0.0,0.22661299048991346,0.0,0.007277723815035322,0.0,0.0,0.0,0.033138804801036405,0.09715869525946527,0.0,0.0,0.0,0.0,0.0,0.21761559636158415,0.0,0.007277723815035322,0.0,0.0,0.0,0.28250170537657787,0.02534571381971287,0.0,0.05237961862221331,0.0,0.0,0.0,0.0,0.0,0.02534571381971287,0.02534571381971287,0.0,0.0
2006-12-01,2.220446049250313e-16,0.0,0.0,0.24843734286139962,0.0,0.007277723815035322,0.0,0.0,0.0,0.02478524515870717,0.09715869525946527,0.0,0.0,0.0,0.0,0.0,0.18666207779589958,0.0,0.007277723815035322,0.0,0.0,0.0,0.29031909487117846,0.02534571381971287,0.0,0.062044954964140274,0.0,0.0,0.0,0.0,0.0,0.02534571381971287,0.02534571381971287,0.0,0.0
2006-12-08,4.440892098500626e-16,0.0,0.0,0.2497334863307845,0.0,0.03361232572644003,0.0,0.0,0.0,0.0,0.09715869525946527,0.0,0.0,0.0,0.0,0.0,0.15092799092841197,0.0,0.007277723815035322,0.0,0.0,0.0,0.2761404234380129,0.02534571381971287,0.0,0.10911221304271103,0.0,0.0,0.0,0.0,0.0,0.02534571381971287,0.02534571381971287,0.0,0.0
2006-12-15,1.1102230246251565e-16,0.0,0.0,0.2705976917409253,0.0,0.029854690142274924,0.0,0.0,0.0,0.0,0.09715869525946527,0.0,0.0,0.0,0.0,0.0,0.10443641907450059,0.0,0.007277723815035322,0.0,0.0,0.0,0.26407642730379904,0.02534571381971287,0.0,0.15056121120486074,0.0,0.0,0.0,0.0,0.0,0.02534571381971287,0.02534571381971287,0.0,0.0
2006-12-22,2.220446049250313e-16,0.0,0.0,0.22420380720599847,0.0,0.06602773308409919,0.0,0.0,0.0,0.03423791793816101,0.09715869525946527,0.0,0.0,0.0,0.0,0.0,0.10443641907450059,0.0,0.007277723815035322,0.0,0.0,0.0,0.2575824046327295,0.02534571381971287,0.0,0.13303815753087173,0.0,0.0,0.0,0.0,0.0,0.02534571381971287,0.02534571381971287,0.0,0.0
2006-12-29,2.220446049250313e-16,0.0,0.0,0.17076901853911344,0.0,0.1972982035302968,0.0,0.0,0.0,0.004754494404055932,0.1019961424223435,0.0,0.0,0.013670797810598507,0.0,0.0,0.00917183283353095,0.0,0.00917183283353095,0.0,0.0,0.0,0.28164771000264177,0.02861372874064217,0.0,0.1256787814019614,0.0,0.0,0.0,0.0,0.0,0.02861372874064217,0.02861372874064217,0.0,0.0
2007-01-05,1.1102230246251565e-16,0.0,0.0,0.2094895149042559,0.0,0.1580613986035735,0.0,0.0,0.0,0.0,0.1019961424223435,0.0,0.0,0.0,0.0,0.0,0.03511538389403833,0.0,0.00917183283353095,0.0,0.0,0.0,0.279626164663929,0.02861372874064217,0.0,0.12069837645640225,0.0,0.0,0.0,0.0,0.0,0.02861372874064217,0.02861372874064217,0.0,0.0
2007-01-12,0.0,0.0,0.0,0.20514431194325677,0.0,0.12515764647840694,0.0,0.0,0.0,0.01496557883099831,0.1019961424223435,0.0,0.0,0.0,0.0,0.0,0.055582640823885046,0.0,0.00917183283353095,0.0,0.0,0.0,0.27278951558585673,0.02861372874064217,0.0,0.1293511448597951,0.0,0.0,0.0,0.0,0.0,0.02861372874064217,0.02861372874064217,0.0,0.0
2007-01-19,0.0,0.0,0.0,0.21386459066365718,0.0,0.12515764647840694,0.0,0.0,0.0,0.00468920369248835,0.1019961424223435,0.0,0.0,0.0,0.0,0.0,0.0699996086989217,0.0,0.00917183283353095,0.0,0.0,0.0,0.2654989994203254,0.02861372874064217,0.0,0.12378078956839941,0.0,0.0,0.0,0.0,0.0,0.02861372874064217,0.02861372874064217,0.0,0.0
2007-01-26,1.1102230246251565e-16,0.0,0.0,0.23318507061084282,0.0,0.009699053264370898,0.0,0.0,0.0,0.0,0.09435103302256496,0.0,0.0,0.0,0.0,0.0,0.06247716306880132,0.0,0.10405008628693586,0.0,0.0,0.0,0.2372125403357692,0.03845087693168255,0.0,0.14367242261566726,0.0,0.0,0.0,0.0,0.0,0.03845087693168255,0.03845087693168255,0.0,0.0
2007-02-02,0.0,0.0,0.0,0.23279119656158453,0.0,0.009699053264370898,0.0,0.0,0.0,0.0,0.09435103302256496,0.0,0.0,0.0,0.0,0.0,0.06158850462692148,0.0,0.10405008628693586,0.0,0.0,0.0,0.24921552222591384,0.03845087693168255,0.0,0.13295197321666077,0.0,0.0,0.0,0.0,0.0,0.03845087693168255,0.03845087693168255,0.0,0.0
2007-02-09,0.0,0.0,0.0,0.22983139537814012,0.0,0.009699053264370898,0.0,0.0,0.0,0.0,0.09435103302256496,0.0,0.0,0.020312937426480063,0.0,0.0,0.06590179781021774,0.0,0.10405008628693586,0.0,0.0,0.0,0.2648298911326344,0.03845087693168255,0.0,0.09567117488360835,0.0,0.0,0.0,0.0,0.0,0.03845087693168255,0.03845087693168255,0.0,0.0
2007-02-16,0.0,0.0,0.0,0.21025807908411498,0.0,0.009699053264370898,0.0,0.0,0.0,0.004266762547957488,0.09435103302256496,0.0,0.0,0.07780228853548161,0.0,0.0,0.06376328115585893,0.0,0.10405008628693586,0.0,0.0,0.0,0.2521733256729399,0.03845087693168255,0.0,0.06828345963472775,0.0,0.0,0.0,0.0,0.0,0.03845087693168255,0.03845087693168255,0.0,0.0
2007-02-23,0.06000626636932893,0.0,0.0,0.2280589357221954,0.0,0.009521982530187816,0.0,0.0,0.0,0.0,0.10425209835726038,0.0,0.0,0.0,0.0,0.0,0.10034888584320678,0.0,0.06876938111045161,0.0,0.0,0.0,0.18597159141816402,0.03941611526811918,0.0,0.08540639757672833,0.0,0.0,0.03941611526811918,0.0,0.0,0.03941611526811918,0.03941611526811918,0.0,0.0
2007-03-02,0.06000626636932882,0.0,0.0,0.20896996513181892,0.0,0.009521982530187816,0.0,0.0,0.0,0.0,0.10425209835726038,0.0,0.0,0.0,0.0,0.0,0.10373560676993868,0.0,0.06876938111045161,0.0,0.0,0.0,0.20344337897003256,0.03941611526811918,0.0,0.08363685968850437,0.0,0.0,0.03941611526811918,0.0,0.0,0.03941611526811918,0.03941611526811918,0.0,0.0
2007-03-09,0.06000626636932882,0.0,0.0,0.20388632439696144,0.0,0.009521982530187816,0.0,0.0,0.0,0.0,0.10425209835726038,0.0,0.0,0.0,0.0,0.0,0.10513999052715056,0.0,0.06876938111045161,0.0,0.0,0.0,0.20564515514522919,0.03941611526811918,0.0,0.0851143404909534,0.0,0.0,0.03941611526811918,0.0,0.0,0.03941611526811918,0.03941611526811918,0.0,0.0
2007-03-16,0.06000626636932893,0.0,0.0,0.22041381489943943,0.0,0.024200076646011176,0.0,0.0,0.0,0.011108820996280269,0.10425209835726038,0.0,0.0,0.0,0.0,0.0,0.06003340891337363,0.0,0.06876938111045161,0.0,0.0,0.0,0.2039151843524469,0.03941611526811918,0.0,0.08963648728293092,0.0,0.0,0.03941611526811918,0.0,0.0,0.03941611526811918,0.03941611526811918,0.0,0.0
2007-03-23,0.06000626636932904,0.0,0.0,0.2003640640833125,0.0,0.052973606933863625,0.0,0.0,0.0,0.010438333520511496,0.10425209835726038,0.0,0.0,0.0,0.0,0.0,0.0594513880497629,0.0,0.06876938111045161,0.0,0.0,0.0,0.20172314639654,0.03941611526811918,0.0,0.08435725410649178,0.0,0.0,0.03941611526811918,0.0,0.0,0.03941611526811918,0.03941611526811918,0.0,0.0
2007-03-30,0.19950136329841228,0.0,0.0,0.1342436474649709,0.0,0.1096050773108237,0.0,0.0,0.0,0.022325640991466632,0.07828025647621858,0.0,0.0,0.009373219051407835,0.0,0.0,0.02999002164007333,0.0,0.02999002164007333,0.0,0.0,0.0,0.20454331669398135,0.035916757412441054,0.0,0.0743971631952489,0.0,0.0,0.0,0.0,0.0,0.0,0.035916757412441054,0.0,0.035916757412441054
2007-04-06,0.19950136329841228,0.0,0.0,0.1244546409809523,0.0,0.08227483438174799,0.0,0.0,0.0,0.0,0.1309860878812307,0.0,0.0,0.0,0.0,0.0,0.0404514468770565,0.0,0.0795220008560622,0.0,0.0,0.0,0.18957962806675185,0.035916757412441054,0.0,0.04547972542046305,0.0,0.0,0.0,0.0,0.0,0.0,0.035916757412441054,0.0,0.035916757412441054
2007-04-13,0.19950136329841217,0.0,0.0,0.1413639997745425,0.0,0.10279428996076256,0.0,0.0,0.0,0.0037197116461120767,0.07828025647621858,0.0,0.0,0.0,0.0,0.0,0.0552659209369339,0.0,0.02999002164007333,0.0,0.0,0.0,0.21362518137256933,0.035916757412441054,0.0,0.06770898265705232,0.0,0.0,0.0,0.0,0.0,0.0,0.035916757412441054,0.0,0.035916757412441054
2007-04-20,0.19950136329841217,0.0,0.0,0.12961491817075263,0.0,0.08745029273944274,0.0,0.0,0.0,0.0,0.07828025647621858,0.0,0.0,0.0,0.0,0.0,0.05605930721977949,0.0,0.0964893314726477,0.0,0.0,0.0,0.1878650609902305,0.035916757412441054,0.0,0.05698919739519297,0.0,0.0,0.0,0.0,0.0,0.0,0.035916757412441054,0.0,0.035916757412441054
2007-04-27,0.10347462918600625,0.04402943299044607,0.0,0.15608903545964486,0.0,0.00958912074483626,0.0,0.0,0.0,0.034550895271510014,0.10180260783809927,0.0,0.0,0.003567812624916792,0.0,0.0,0.04794980384566604,0.0,0.11139172858293553,0.0,0.0,0.0,0.2233164935915783,0.03607147123559395,0.0,0.05602402615757873,0.0,0.0,0.0,0.0,0.0,0.03607147123559395,0.03607147123559395,0.0,0.0
2007-05-04,0.10347462918600614,0.04402943299044607,0.0,0.16301182357026478,0.0,0.00958912074483626,0.0,0.0,0.0,0.029907442934155662,0.10180260783809927,0.0,0.0,0.0,0.0,0.0,0.03941016801066091,0.0,0.11139172858293553,0.0,0.0,0.0,0.21537298506004696,0.03607147123559395,0.0,0.07379564737576655,0.0,0.0,0.0,0.0,0.0,0.03607147123559395,0.03607147123559395,0.0,0.0
2007-05-11,0.10347462918600625,0.04402943299044607,0.0,0.15982719253742939,0.0,0.00958912074483626,0.0,0.0,0.0,0.0,0.10180260783809927,0.0,0.0,0.02685975938032658,0.0,0.0,0.04966454803729548,0.0,0.11139172858293553,0.0,0.0,0.0,0.21333651109129986,0.03607147123559395,0.0,0.07181005590454347,0.0,0.0,0.0,0.0,0.0,0.03607147123559395,0.03607147123559395,0.0,0.0
2007-05-18,0.10347462918600625,0.04402943299044607,0.0,0.15896154547973246,0.0,0.00958912074483626,0.0,0.0,0.0,0.03797813606907776,0.10180260783809927,0.0,0.0,0.011710526079092985,0.0,0.0,0.02801128632306995,0.0,0.11139172858293553,0.0,0.0,0.0,0.20718408671870217,0.03607147123559395,0.0,0.07765248628121947,0.0,0.0,0.0,0.0,0.0,0.03607147123559395,0.03607147123559395,0.0,0.0
2007-05-25,0.10102840856770401,0.0,0.0,0.20454330581432173,0.0,0.01159256188533114,0.0,0.0,0.0,0.004409221864356573,0.09708402676641532,0.0,0.0,0.0,0.0,0.0,0.0507415565180991,0.0,0.10867658865174647,0.0,0.0,0.0,0.20295423892764397,0.0,0.0,0.10769044006468279,0.0,0.0,0.0,0.0,0.0,0.03709321697989963,0.03709321697989963,0.03709321697989963,0.0
2007-06-01,0.10102840856770401,0.0,0.0,0.21016866186295435,0.0,0.01159256188533114,0.0,0.0,0.0,0.0,0.09708402676641532,0.0,0.0,0.04871695808100654,0.0,0.0,0.04125635576389432,0.0,0.10867658865174647,0.0,0.0,0.0,0.15844891035951572,0.0,0.0,0.11174787712173323,0.0,0.0,0.0,0.0,0.0,0.03709321697989963,0.03709321697989963,0.03709321697989963,0.0
2007-06-08,0.10102840856770401,0.0,0.0,0.21233573808422973,0.0,0.01159256188533114,0.0,0.0,0.0,0.0,0.09708402676641532,0.0,0.0,0.05170746985585523,0.0,0.0,0.042095515790017565,0.0,0.10867658865174647,0.0,0.0,0.0,0.14797844200881094,0.0,0.0,0.11622159745019066,0.0,0.0,0.0,0.0,0.0,0.03709321697989963,0.03709321697989963,0.03709321697989963,0.0
2007-06-15,0.10102840856770401,0.0,0.0,0.2185273101960411,0.0,0.01159256188533114,0.0,0.0,0.0,0.004582236888138553,0.09708402676641532,0.0,0.0,0.04922011488705291,0.0,0.0,0.04052714853723295,0.0,0.10867658865174647,0.0,0.0,0.0,0.14797844200881094,0.0,0.0,0.10950351067182768,0.0,0.0,0.0,0.0,0.0,0.03709321697989963,0.03709321697989963,0.03709321697989963,0.0
2007-06-22,0.10102840856770401,0.0,0.0,0.2106509940137105,0.0,0.01159256188533114,0.0,0.0,0.0,0.0,0.09708402676641532,0.0,0.0,0.03433727817848546,0.0,0.0,0.0648410912334598,0.0,0.10867658865174647,0.0,0.0,0.0,0.14797844200881094,0.0,0.0,0.11253095775463744,0.0,0.0,0.0,0.0,0.0,0.03709321697989963,0.03709321697989963,0.03709321697989963,0.0
2007-06-29,0.10159996024137552,0.0,0.0,0.21267483602046477,0.0,0.015874686447710288,0.042613572698063026,0.0,0.0,0.004622414691584959,0.09685787565977713,0.0,0.0,0.03318857959860517,0.0,0.0,0.11330791758010918,0.0,0.09685787565977713,0.0,0.0,0.0,0.0,0.04183576321072204,0.0,0.11505922855964473,0.0,0.0,0.0,0.0,0.0,0.04183576321072204,0.04183576321072204,0.04183576321072204,0.0
2007-07-06,0.10159996024137541,0.0,0.0,0.20432275966186264,0.0,0.015874686447710288,0.042613572698063026,0.0,0.0,0.01248385468920804,0.09685787565977713,0.0,0.0,0.04608882240764865,0.0,0.0,0.11029735806135693,0.0,0.09685787565977713,0.0,0.0,0.0,0.0,0.04183576321072204,0.0,0.10566018163033257,0.0,0.0,0.0,0.0,0.0,0.04183576321072204,0.04183576321072204,0.04183576321072204,0.0
2007-07-13,0.1015999602413753,0.0,0.0,0.1987607568050822,0.0,0.015874686447710288,0.042613572698063026,0.0,0.0,0.027902365989257015,0.09685787565977713,0.0,0.0,0.04395020930521405,0.0,0.0,0.10874659993592664,0.0,0.09685787565977713,0.0,0.0,0.0,0.0,0.04183576321072204,0.0,0.099493044414929,0.0,0.0,0.0,0.0,0.0,0.04183576321072204,0.04183576321072204,0.04183576321072204,0.0
2007-07-20,0.10159996024137541,0.0,0.0,0.1915251776317251,0.0,0.015874686447710288,0.042613572698063026,0.0,0.0,0.028717233817115755,0.09685787565977713,0.0,0.0,0.04777086370890748,0.0,0.0,0.1094597004090091,0.0,0.09685787565977713,0.0,0.0,0.0,0.0,0.04183576321072204,0.0,0.10138000088365141,0.0,0.0,0.0,0.0,0.0,0.04183576321072204,0.04183576321072204,0.04183576321072204,0.0
2007-07-27,0.24617471767646137,0.0,0.0,0.11235139627485785,0.0,0.021959712569573017,0.07756252038542555,0.0,0.0,0.023760260455627253,0.07756252038542555,0.0,0.0,0.042645248490326554,0.0,0.0,0.08133063154796451,0.0,0.07756252038542555,0.0,0.0,0.0,0.0,0.03750248907519058,0.0,0.08908051552815043,0.0,0.0,0.0,0.0,0.0,0.03750248907519058,0.03750248907519058,0.03750248907519058,0.0
2007-08-03,0.24617471767646137,0.0,0.0,0.12328316933410322,0.0,0.021959712569573017,0.07756252038542555,0.0,0.0,0.023414999696230447,0.07756252038542555,0.0,0.0,0.03469722556108992,0.0,0.0,0.08111530212548096,0.0,0.07756252038542555,0.0,0.0,0.0,0.0,0.03750248907519058,0.0,0.08665735558002201,0.0,0.0,0.0,0.0,0.0,0.03750248907519058,0.03750248907519058,0.03750248907519058,0.0
2007-08-10,0.3961846739772238,0.0,0.0,0.1112574290900051,0.0,0.021959712569573017,0.07756252038542555,0.0,0.0,0.022480891740877848,0.07756252038542555,0.0,0.0,0.04745780008057578,0.0,0.0,0.0811254411016565,0.0,0.07756252038542555,0.0,0.0,0.0,0.0,0.0,0.0,0.0868464902838113,0.0,0.0,0.0,0.0,0.0,0.0,0.0,0.0,0.0
2007-08-17,0.24617471767646149,0.0,0.0,0.11277585644360799,0.0,0.021959712569573017,0.07756252038542555,0.0,0.0,0.018498775743483662,0.07756252038542555,0.0,0.0,0.049491174969535284,0.0,0.0,0.08174704486227381,0.0,0.07756252038542555,0.0,0.0,0.0,0.0,0.03750248907519058,0.0,0.08665520027802577,0.0,0.0,0.0,0.0,0.0,0.03750248907519058,0.03750248907519058,0.03750248907519058,0.0
2007-08-24,0.24617471767646149,0.0,0.0,0.11407633137937909,0.0,0.021959712569573017,0.07756252038542555,0.0,0.0,0.0029660603486301625,0.07756252038542555,0.0,0.0,0.05260746257585284,0.0,0.0,0.09047610753556588,0.0,0.07756252038542555,0.0,0.0,0.0,0.0,0.03750248907519058,0.0,0.08904209045749858,0.0,0.0,0.0,0.0,0.0,0.03750248907519058,0.03750248907519058,0.03750248907519058,0.0
2007-08-31,0.6622413640152658,0.0,0.0,0.05239252846612441,0.0,0.011082997339622216,0.028727517418476324,0.0,0.0,0.0,0.028727517418476324,0.0,0.0,0.033358195975733924,0.0,0.0,0.026141213871787743,0.0,0.03981051475809854,0.0,0.0,0.0,0.0,0.0,0.0,0.03949239882509106,0.019506437977830908,0.0,0.0,0.019506437977830908,0.019506437977830908,0.0,0.0,0.0,0.019506437977830908
2007-09-07,0.6622413640152658,0.0,0.0,0.05389694732646483,0.0,0.02043512191764036,0.028727517418476324,0.0,0.0,0.0,0.028727517418476324,0.0,0.0,0.03132397451469223,0.0,0.0,0.018706278463632323,0.0,0.03981051475809854,0.0,0.0,0.0,0.0,0.0,0.0,0.03810501225592962,0.019506437977830908,0.0,0.0,0.019506437977830908,0.019506437977830908,0.0,0.0,0.0,0.019506437977830908
2007-09-14,0.6622413640152658,0.0,0.0,0.04572392103822833,0.0,0.021953712716878987,0.028727517418476324,0.0,0.0,0.0,0.028727517418476324,0.0,0.0,0.034794604763640075,0.0,0.0,0.018706278463632323,0.0,0.03981051475809854,0.0,0.0,0.0,0.0,0.0,0.0,0.04128881749597964,0.019506437977830908,0.0,0.0,0.019506437977830908,0.019506437977830908,0.0,0.0,0.0,0.019506437977830908
2007-09-21,0.6622413640152658,0.0,0.0,0.03905515072620748,0.0,0.02835827018348857,0.028727517418476324,0.0,0.0,0.0,0.028727517418476324,0.0,0.0,0.033484911400382546,0.0,0.0,0.018706278463632323,0.0,0.03981051475809854,0.0,0.0,0.0,0.0,0.0,0.0,0.04286272370464844,0.019506437977830908,0.0,0.0,0.019506437977830908,0.019506437977830908,0.0,0.0,0.0,0.019506437977830908
2007-09-28,0.08438003568512165,0.0,0.0,0.12425978240548449,0.0,0.036214458684165535,0.12012711941484236,0.0,0.0,0.0,0.09249878184790317,0.0,0.0,0.14421774385434408,0.0,0.0,0.05212667288250282,0.0,0.12012711941484236,0.0,0.0,0.0,0.0,0.0,0.0,0.09286006778627037,0.0,0.0,0.0,0.04439607267484106,0.04439607267484106,0.04439607267484106,0.0,0.0,0.0
2007-10-05,0.08438003568512165,0.0,0.0,0.12359639908248524,0.0,0.04165002436203635,0.12012711941484236,0.0,0.0,0.0,0.09249878184790317,0.0,0.0,0.14215428962336032,0.0,0.0,0.052002504786868305,0.0,0.12012711941484236,0.0,0.0,0.0,0.0,0.0,0.0,0.09027550775801707,0.0,0.0,0.0,0.04439607267484106,0.04439607267484106,0.04439607267484106,0.0,0.0,0.0
2007-10-12,0.08438003568512165,0.0,0.0,0.10036670301457626,0.0,0.06999952894744903,0.12012711941484236,0.0,0.0,0.0,0.09249878184790317,0.0,0.0,0.11701214084734066,0.0,0.0,0.04885334059787315,0.0,0.15202431024162627,0.0,0.0,0.0,0.0,0.0,0.0,0.08154982137874431,0.0,0.0,0.0,0.04439607267484106,0.04439607267484106,0.04439607267484106,0.0,0.0,0.0
2007-10-19,0.08438003568512176,0.0,0.0,0.10036670301457626,0.0,0.06792858509672327,0.12012711941484236,0.0,0.0,0.0,0.09249878184790317,0.0,0.0,0.11658041632932045,0.0,0.0,0.04885334059787315,0.0,0.15488239911723653,0.0,0.0,0.0,0.0,0.0,0.0,0.08119440087187998,0.0,0.0,0.0,0.04439607267484106,0.04439607267484106,0.04439607267484106,0.0,0.0,0.0
2007-10-26,0.6631778671855434,0.0,0.0,0.022818843357465035,0.0,0.06829012389297855,0.040889607653850295,0.0,0.0,0.0,0.029156572963774642,0.0,0.0,0.01277001383976107,0.0,0.0,0.012859814783829684,0.0,0.040889607653850295,0.0,0.0,0.0,0.0,0.0,0.0,0.03404497463706671,0.0,0.018775643507970088,0.0,0.018775643507970088,0.018775643507970088,0.018775643507970088,0.0,0.0,0.0
2007-11-02,0.6631778671855434,0.0,0.0,0.026078028346374092,0.0,0.06406000403647949,0.040889607653850295,0.0,0.0,0.0,0.029156572963774642,0.0,0.0,0.01365959235638754,0.0,0.0,0.012741089491632187,0.0,0.040889607653850295,0.0,0.0,0.0,0.0,0.0,0.0,0.034245056280227726,0.0,0.018775643507970088,0.0,0.018775643507970088,0.018775643507970088,0.018775643507970088,0.0,0.0,0.0
2007-11-09,0.6631778671855434,0.0,0.0,0.026456629428585676,0.0,0.05939895572823472,0.040889607653850295,0.0,0.0,0.0,0.029156572963774642,0.0,0.0,0.014859438521080614,0.0,0.0,0.014865272825451307,0.0,0.040889607653850295,0.0,0.0,0.0,0.0,0.0,0.0,0.035203474007748724,0.0,0.018775643507970088,0.0,0.018775643507970088,0.018775643507970088,0.018775643507970088,0.0,0.0,0.0
2007-11-16,0.7382804412174238,0.0,0.0,0.027403865272527667,0.0,0.060535379810314115,0.040889607653850295,0.0,0.0,0.0,0.029156572963774642,0.0,0.0,0.014808194004911046,0.0,0.0,0.01454054847244522,0.0,0.040889607653850295,0.0,0.0,0.0,0.0,0.0,0.0,0.03349578295090298,0.0,0.0,0.0,0.0,0.0,0.0,0.0,0.0,0.0
2007-11-23,0.7382804412174238,0.0,0.0,0.0279589344850869,0.0,0.06453553501150419,0.040889607653850295,0.0,0.0,0.0,0.029156572963774642,0.0,0.0,0.012533423331392393,0.0,0.0,0.011733034690075654,0.0,0.040889607653850295,0.0,0.0,0.0,0.0,0.0,0.0,0.03402284299304191,0.0,0.0,0.0,0.0,0.0,0.0,0.0,0.0,0.0
2007-11-30,0.7478903247289335,0.0,0.0,0.0509946204147666,0.0,0.037009540257216214,0.030055506086369026,0.0,0.0,0.0,0.030055506086369026,0.0,0.0,0.023137933942284673,0.0,0.0,0.00922015616581094,0.0,0.034662873976066454,0.0,0.0,0.0,0.0,0.0,0.0,0.036973538342183615,0.0,0.0,0.0,0.0,0.0,0.0,0.0,0.0,0.0
2007-12-07,0.6684925886603099,0.0,0.0,0.05044508687748986,0.0,0.038265163352454425,0.030055506086369026,0.0,0.0,0.0,0.030055506086369026,0.0,0.0,0.04357607564368149,0.0,0.0,0.00922015616581094,0.0,0.034662873976066454,0.0,0.0,0.0,0.0,0.0,0.0,0.03567874109998121,0.0198494340171559,0.0,0.0,0.0198494340171559,0.0198494340171559,0.0,0.0,0.0,0.0
2007-12-14,0.6684925886603099,0.0,0.0,0.04926500938296556,0.0,0.04328212958649471,0.030055506086369026,0.0,0.0,0.0,0.030055506086369026,0.0,0.0,0.03791394379969924,0.0,0.0,0.00922015616581094,0.0,0.034662873976066454,0.0,0.0,0.0,0.0,0.0,0.0,0.03750398420444749,0.0198494340171559,0.0,0.0,0.0198494340171559,0.0198494340171559,0.0,0.0,0.0,0.0
2007-12-21,0.7478903247289335,0.0,0.0,0.04294923507374735,0.0,0.04080491002493416,0.030055506086369026,0.0,0.0,0.0,0.030055506086369026,0.0,0.0,0.02057004845550292,0.0,0.0,0.00922015616581094,0.0,0.04275194081266464,0.0,0.0,0.0,0.0,0.0,0.0,0.03570237256566846,0.0,0.0,0.0,0.0,0.0,0.0,0.0,0.0,0.0
2007-12-28,0.2944099098503412,0.0,0.0,0.06977897768871094,0.0,0.15499113678210816,0.09866595218711245,0.0,0.0,0.0,0.08359251883332766,0.0,0.0,0.00870519739181702,0.0,0.0,0.015073433353784794,0.0,0.1409585984222217,0.0,0.0,0.0,0.0,0.0,0.0,0.09316773025506353,0.0,0.0,0.0,0.0,0.0,0.0406565452355125,0.0,0.0,0.0
2008-01-04,0.4163795455568787,0.0,0.0,0.02912243245319844,0.0,0.1452184580207333,0.09866595218711245,0.0,0.0,0.0,0.08359251883332766,0.0,0.0,0.016214841453971215,0.0,0.0,0.015073433353784794,0.0,0.1392851415216426,0.0,0.0,0.0,0.0,0.0,0.0,0.05644767661935077,0.0,0.0,0.0,0.0,0.0,0.0,0.0,0.0,0.0
2008-01-11,0.4163795455568787,0.0,0.0,0.02912243245319844,0.0,0.1561938327154408,0.09866595218711245,0.0,0.0,0.0,0.08359251883332766,0.0,0.0,0.014074588719697996,0.0,0.0,0.015073433353784794,0.0,0.12004044422244285,0.0,0.0,0.0,0.0,0.0,0.0,0.06685725195811627,0.0,0.0,0.0,0.0,0.0,0.0,0.0,0.0,0.0
2008-01-18,0.4163795455568787,0.0,0.0,0.02912243245319844,0.0,0.16210909984069508,0.09866595218711245,0.0,0.0,0.0,0.08359251883332766,0.0,0.0,0.005593069525093771,0.0,0.0,0.015073433353784794,0.0,0.13580625037109798,0.0,0.0,0.0,0.0,0.0,0.0,0.053657697878811056,0.0,0.0,0.0,0.0,0.0,0.0,0.0,0.0,0.0
2008-01-25,0.756989717952121,0.02153372809346873,0.0,0.006524180853130464,0.0,0.04994354012298944,0.031444832946153446,0.0,0.0,0.0,0.031444832946153446,0.0,0.0,0.022120696968713563,0.0,0.0,0.0,0.0,0.04708602005322472,0.0,0.0,0.0,0.0,0.0,0.0,0.03291245006404524,0.0,0.0,0.0,0.0,0.0,0.0,0.0,0.0,0.0
2008-02-01,0.756989717952121,0.02153372809346873,0.0,0.006524180853130464,0.0,0.046980143036135465,0.031444832946153446,0.0,0.0,0.0,0.031444832946153446,0.0,0.0,0.012527451869270663,0.0,0.0,0.0,0.0,0.06241851232287359,0.0,0.0,0.0,0.0,0.0,0.0,0.03013659998069324,0.0,0.0,0.0,0.0,0.0,0.0,0.0,0.0,0.0
2008-02-08,0.756989717952121,0.02153372809346873,0.0,0.006524180853130464,0.0,0.044168745372868176,0.031444832946153446,0.0,0.0,0.0,0.031444832946153446,0.0,0.0,0.009911104852684713,0.0,0.0,0.0,0.0,0.06814850282236376,0.0,0.0,0.0,0.0,0.0,0.0,0.029834354161056318,0.0,0.0,0.0,0.0,0.0,0.0,0.0,0.0,0.0
2008-02-15,0.756989717952121,0.02153372809346873,0.0,0.006524180853130464,0.0,0.04631287728070008,0.031444832946153446,0.0,0.0,0.0,0.031444832946153446,0.0,0.0,0.009911104852684713,0.0,0.0,0.0,0.0,0.06497397183908613,0.0,0.0,0.0,0.0,0.0,0.0,0.03086475323650204,0.0,0.0,0.0,0.0,0.0,0.0,0.0,0.0,0.0
2008-02-22,0.756989717952121,0.02153372809346873,0.0,0.006524180853130464,0.0,0.03633506075640945,0.031444832946153446,0.0,0.0,0.0,0.04482030845444358,0.0,0.0,0.009911104852684713,0.0,0.0,0.0,0.0,0.06756507146468071,0.0,0.0,0.0,0.0,0.0,0.0,0.02487599462690794,0.0,0.0,0.0,0.0,0.0,0.0,0.0,0.0,0.0
2008-02-29,0.7616404730620955,0.03160944908314179,0.0,0.0,0.0,0.033478097750118334,0.03160944908314179,0.0,0.0,0.0,0.05065080969509659,0.0,0.0,0.0,0.0,0.0,0.0,0.0,0.07025587463363892,0.0,0.0,0.0,0.0,0.0,0.0,0.020755846692767116,0.0,0.0,0.0,0.0,0.0,0.0,0.0,0.0,0.0
2008-03-07,0.7616404730620955,0.03160944908314179,0.0,0.0,0.0,0.03989590137481527,0.03160944908314179,0.0,0.0,0.0,0.03837626589788076,0.0,0.0,0.0,0.0,0.0,0.0,0.0,0.07208442264057034,0.0,0.0,0.0,0.0,0.0,0.0,0.024784038858354555,0.0,0.0,0.0,0.0,0.0,0.0,0.0,0.0,0.0
2008-03-14,0.7616404730620955,0.03160944908314179,0.0,0.0,0.0,0.035793062274223034,0.03160944908314179,0.0,0.0,0.0,0.051420314032231636,0.0,0.0,0.0,0.0,0.0,0.0,0.0,0.0668522020598963,0.0,0.0,0.0,0.0,0.0,0.0,0.02107505040526997,0.0,0.0,0.0,0.0,0.0,0.0,0.0,0.0,0.0
2008-03-21,0.7616404730620955,0.03160944908314179,0.0,0.0,0.0,0.036410231416471706,0.03160944908314179,0.0,0.0,0.0,0.04274988420507212,0.0,0.0,0.0,0.0,0.0,0.0,0.0,0.0695167886507287,0.0,0.0,0.0,0.0,0.0,0.0,0.026463724499348407,0.0,0.0,0.0,0.0,0.0,0.0,0.0,0.0,0.0
2008-03-28,0.7653625941451057,0.010578059226556072,0.0,0.0,0.0,0.05993606401063635,0.03164591145152831,0.0,0.0,0.0,0.04296797688890043,0.0,0.0,0.0,0.0,0.0,0.0,0.0,0.07641607073665377,0.0,0.0,0.0,0.0,0.0,0.0,0.013093323540619477,0.0,0.0,0.0,0.0,0.0,0.0,0.0,0.0,0.0
2008-04-04,0.7653625941451055,0.010578059226556072,0.0,0.0,0.0,0.059305783650275584,0.03164591145152831,0.0,0.0,0.0,0.046473778703163486,0.0,0.0,0.0,0.0,0.0,0.0,0.0,0.07581777756421162,0.0,0.0,0.0,0.0,0.0,0.0,0.01081609525915935,0.0,0.0,0.0,0.0,0.0,0.0,0.0,0.0,0.0
2008-04-11,0.7653625941451057,0.010578059226556072,0.0,0.0,0.0,0.058723145782137734,0.03164591145152831,0.0,0.0,0.0,0.049916843358210165,0.0,0.0,0.0,0.0,0.0,0.0,0.0,0.07522334843946137,0.0,0.0,0.0,0.0,0.0,0.0,0.008550097597000773,0.0,0.0,0.0,0.0,0.0,0.0,0.0,0.0,0.0
2008-04-18,0.7653625941451057,0.010578059226556072,0.0,0.0,0.0,0.05822233554301269,0.03164591145152831,0.0,0.0,0.0,0.051692509588795364,0.0,0.0,0.0,0.0,0.0,0.0,0.0,0.07602265997694616,0.0,0.0,0.0,0.0,0.0,0.0,0.0064759300680558,0.0,0.0,0.0,0.0,0.0,0.0,0.0,0.0,0.0
2008-04-25,0.7186821119601393,0.023094299374257624,0.0,0.0,0.0,0.07111317502192348,0.027264873708325144,0.0,0.0,0.0,0.05911674848838129,0.0,0.0,0.0,0.0,0.0,0.0,0.0,0.07970451772514048,0.0,0.0,0.0,0.008876686961284444,0.0,0.0,0.012147586760548258,0.0,0.0,0.0,0.0,0.0,0.0,0.0,0.0,0.0
2008-05-02,0.7186821119601393,0.023094299374257624,0.0,0.0,0.0,0.0702911552609114,0.027264873708325144,0.0,0.0,0.0,0.059358702785849496,0.0,0.0,0.0,0.0,0.0,0.0,0.0,0.08096151856299211,0.0,0.0,0.0,0.006360621881196515,0.0,0.0,0.013986716466328441,0.0,0.0,0.0,0.0,0.0,0.0,0.0,0.0,0.0
2008-05-09,0.7186821119601392,0.023094299374257624,0.0,0.0,0.0,0.07800891463148768,0.027264873708325144,0.0,0.0,0.0,0.04710724434310826,0.0,0.0,0.0,0.0,0.0,0.0,0.0,0.08289259501527328,0.0,0.0,0.0,0.006360621881196515,0.0,0.0,0.016589339086212233,0.0,0.0,0.0,0.0,0.0,0.0,0.0,0.0,0.0
2008-05-16,0.7186821119601392,0.023094299374257624,0.0,0.0,0.0,0.07493716836155055,0.027264873708325144,0.0,0.0,0.0,0.046544006383912276,0.0,0.0,0.0,0.0,0.0,0.0,0.0,0.08466090389716693,0.0,0.0,0.0,0.006360621881196515,0.0,0.0,0.018456014433451677,0.0,0.0,0.0,0.0,0.0,0.0,0.0,0.0,0.0
2008-05-23,0.6967096837615236,0.023094299374257624,0.0,0.0,0.0,0.07650146015328307,0.027264873708325144,0.0,0.0,0.0,0.04718918317131003,0.0,0.0,0.0,0.0,0.0,0.0,0.0,0.07141308249438433,0.0,0.0,0.0,0.010202217884544904,0.0,0.0,0.025652771253755632,0.0,0.0,0.0,0.0,0.0,0.02197242819861562,0.0,0.0,0.0
2008-05-30,0.43787797360346625,0.04477759655098357,0.0,0.010033921249655863,0.0,0.15428247601068013,0.09784640029567927,0.0,0.0,0.0,0.049172672611284794,0.0,0.0,0.0,0.0,0.0,0.0,0.0,0.13064031112320562,0.0,0.0,0.0,0.02661722935249991,0.0,0.0,0.04875141920254458,0.0,0.0,0.0,0.0,0.0,0.0,0.0,0.0,0.0
2008-06-06,0.43787797360346625,0.04477759655098357,0.0,0.010033921249655863,0.0,0.1531803181453388,0.09784640029567927,0.0,0.0,0.0,0.04303488249503983,0.0,0.0,0.002240031183640944,0.0,0.0,0.0,0.0,0.12379969590640319,0.0,0.0,0.0,0.024644904328074372,0.0,0.0,0.06256427624171793,0.0,0.0,0.0,0.0,0.0,0.0,0.0,0.0,0.0
2008-06-13,0.43787797360346625,0.04477759655098357,0.0,0.010033921249655863,0.0,0.14248648766257316,0.09784640029567927,0.0,0.0,0.0,0.06642941971724643,0.0,0.0,0.004778247060710022,0.0,0.0,0.0,0.0,0.1453449059034888,0.0,0.0,0.0,0.010033921249655863,0.0,0.0,0.04039112670654077,0.0,0.0,0.0,0.0,0.0,0.0,0.0,0.0,0.0
2008-06-20,0.43787797360346614,0.04477759655098357,0.0,0.010033921249655863,0.013485398403975245,0.13606490291787035,0.09784640029567927,0.0,0.0,0.0,0.059538066490722935,0.0,0.0,0.016425358191968487,0.0,0.0,0.0,0.0,0.10965331342126909,0.0,0.0,0.0,0.025063823713410212,0.0,0.0,0.04923324516099872,0.0,0.0,0.0,0.0,0.0,0.0,0.0,0.0,0.0
2008-06-27,0.4402411405046094,0.0,0.0,0.0,0.0,0.20089610402079827,0.08747407778334093,0.0,0.0,0.0,0.10675946364315261,0.0,0.0,0.0,0.0,0.0,0.0,0.0,0.12827258065869496,0.0,0.0,0.0,0.0,0.0,0.0,0.03635663338940384,0.0,0.0,0.0,0.0,0.0,0.0,0.0,0.0,0.0
2008-07-04,0.4402411405046094,0.03630087968262754,0.0,0.0,0.0,0.20041305975688084,0.08747407778334093,0.0,0.0,0.0,0.08747407778334093,0.0,0.0,0.013804874949995723,0.0,0.0,0.0,0.0,0.09937729198704505,0.0,0.0,0.0,0.0,0.0,0.0,0.034914597552159574,0.0,0.0,0.0,0.0,0.0,0.0,0.0,0.0,0.0
2008-07-11,0.4402411405046094,0.0289683000038324,0.0,0.0,0.0,0.18559897841111228,0.08747407778334093,0.0,0.0,0.0,0.11505861756471283,0.0,0.0,0.0030315436534874662,0.0,0.0,0.0,0.0,0.12772412787520054,0.0,0.0,0.0,0.0,0.0,0.0,0.011903214203704115,0.0,0.0,0.0,0.0,0.0,0.0,0.0,0.0,0.0
2008-07-18,0.4402411405046095,0.05668222332764501,0.0,0.0,0.0,0.20500569270630242,0.08747407778334093,0.0,0.0,0.0,0.08747407778334093,0.0,0.0,0.0,0.0,0.0,0.0,0.0,0.11121957369105713,0.0,0.0,0.0,0.0,0.0,0.0,0.011903214203704115,0.0,0.0,0.0,0.0,0.0,0.0,0.0,0.0,0.0
2008-07-25,0.5420028940712555,0.05403998949163877,0.0,0.0,0.0,0.14653685425330626,0.06366973467618509,0.0,0.0,0.0,0.09748999199489898,0.0,0.0,0.0,0.0,0.0,0.0,0.0,0.09626053551271545,0.0,0.0,0.0,0.0,0.0,0.0,0.0,0.0,0.0,0.0,0.0,0.0,0.0,0.0,0.0,0.0
2008-08-01,0.5420028940712555,0.04863931731564593,0.0,0.0,0.0,0.13751100576292027,0.06366973467618509,0.0,0.0,0.0,0.09339826833086055,0.0,0.0,0.0,0.0,0.0,0.0,0.0,0.11477877984313267,0.0,0.0,0.0,0.0,0.0,0.0,0.0,0.0,0.0,0.0,0.0,0.0,0.0,0.0,0.0,0.0
2008-08-08,0.5420028940712556,0.0472945862179089,0.0,0.0,0.0,0.13572039012706416,0.06366973467618509,0.0,0.0,0.0,0.10226574787255371,0.0,0.0,0.0,0.0,0.0,0.0,0.0,0.10904664703503264,0.0,0.0,0.0,0.0,0.0,0.0,0.0,0.0,0.0,0.0,0.0,0.0,0.0,0.0,0.0,0.0
2008-08-15,0.5420028940712555,0.04689082158306152,0.0,0.0,0.0,0.13851093957129695,0.06366973467618509,0.0,0.0,0.0,0.09339639774351804,0.0,0.0,0.0,0.0,0.0,0.0,0.0,0.11552921235468291,0.0,0.0,0.0,0.0,0.0,0.0,0.0,0.0,0.0,0.0,0.0,0.0,0.0,0.0,0.0,0.0
2008-08-22,0.5420028940712555,0.040227228867725916,0.0,0.0,0.0,0.1396603510790951,0.06366973467618509,0.0,0.0,0.0,0.10335750057737635,0.0,0.0,0.0,0.0,0.0,0.0,0.0,0.11108229072836209,0.0,0.0,0.0,0.0,0.0,0.0,0.0,0.0,0.0,0.0,0.0,0.0,0.0,0.0,0.0,0.0
2008-08-29,0.39110153837708683,0.07419396951310837,0.0,0.0,0.0,0.13934915396617936,0.1147793211829945,0.0,0.0,0.006878100471593548,0.0767326837954409,0.0,0.0,0.0,0.0,0.0,0.0,0.0,0.1969652326935964,0.0,0.0,0.0,0.0,0.0,0.0,0.0,0.0,0.0,0.0,0.0,0.0,0.0,0.0,0.0,0.0
2008-09-05,0.39110153837708683,0.07339427520773756,0.0,0.0,0.0,0.1363654235165877,0.1147793211829945,0.0,0.0,0.0068325571158657,0.07715102535544835,0.0,0.0,0.0,0.0,0.0,0.0,0.0,0.20037585924427925,0.0,0.0,0.0,0.0,0.0,0.0,0.0,0.0,0.0,0.0,0.0,0.0,0.0,0.0,0.0,0.0
2008-09-12,0.39110153837708694,0.06328651795576531,0.0,0.0,0.0,0.13774106149917809,0.1147793211829945,0.0,0.0,0.011133922456566407,0.05891889394339696,0.0,0.0,0.002273884399090359,0.0,0.0,0.0,0.0,0.22076486018592145,0.0,0.0,0.0,0.0,0.0,0.0,0.0,0.0,0.0,0.0,0.0,0.0,0.0,0.0,0.0,0.0
2008-09-19,0.39110153837708683,0.06173231987448197,0.0,0.0,0.0,0.1147793211829945,0.1147793211829945,0.0,0.0,0.020332165159269878,0.05789186095633027,0.0,0.0,0.011432523603560943,0.0,0.0,0.0,0.0,0.2222307289191081,0.0,0.0,0.0,0.005720220744172945,0.0,0.0,0.0,0.0,0.0,0.0,0.0,0.0,0.0,0.0,0.0,0.0
2008-09-26,0.7780390489467541,0.019997225142297972,0.0,0.0,0.0,0.02790012605011778,0.03179528200208871,0.0,0.0,0.003958200675229787,0.045836783121889414,0.0,0.0,0.0026587622123988744,0.0,0.0,0.0,0.0,0.07753396074012073,0.0,0.0,0.0,0.01228061110910257,0.0,0.0,0.0,0.0,0.0,0.0,0.0,0.0,0.0,0.0,0.0,0.0
2008-10-03,0.7780390489467541,0.014568966170100315,0.0,0.0,0.0,0.028025085678345708,0.03179528200208871,0.0,0.0,0.006838989779855081,0.04582939981160246,0.0,0.0,0.0,0.0,0.0,0.0,0.0,0.07999862369118475,0.0,0.0,0.0,0.014904603920068815,0.0,0.0,0.0,0.0,0.0,0.0,0.0,0.0,0.0,0.0,0.0,0.0
2008-10-10,0.7780390489467541,0.011282583779596574,0.0,0.0,0.0,0.02758836194464251,0.0355776735186547,0.0,0.0,0.004167004350519625,0.047750532566065595,0.0,0.0,0.0,0.0,0.0,0.0,0.0,0.0796086192218401,0.0,0.0,0.0,0.01598617567192675,0.0,0.0,0.0,0.0,0.0,0.0,0.0,0.0,0.0,0.0,0.0,0.0
2008-10-17,0.7780390489467541,0.010440744523275064,0.0,0.0,0.0,0.027248126475037646,0.035628860690133046,0.0,0.0,0.004384374154927969,0.044636550654597956,0.0,0.0,0.0,0.0,0.0,0.0,0.0,0.08168788537024023,0.0,0.0,0.0,0.017934409185033938,0.0,0.0,0.0,0.0,0.0,0.0,0.0,0.0,0.0,0.0,0.0,0.0
2008-10-24,0.7780390489467541,0.010440744523275064,0.0,0.0,0.0,0.031092942653812947,0.03225477811765891,0.0,0.0,0.010216328175022014,0.03768887099831271,0.0,0.0,0.0,0.0,0.0,0.0,0.0,0.07888481969290422,0.0,0.0,0.0,0.02138246689225999,0.0,0.0,0.0,0.0,0.0,0.0,0.0,0.0,0.0,0.0,0.0,0.0
2008-10-31,0.7921361802215299,0.01283664084201566,0.0,0.0,0.0,0.03114867846500167,0.03114752446363287,0.0,0.0,0.002784758192739574,0.030664605649788283,0.0,0.0,0.0,0.0,0.0,0.0,0.0,0.09639873605934593,0.0,0.0,0.0,0.002882876105946057,0.0,0.0,0.0,0.0,0.0,0.0,0.0,0.0,0.0,0.0,0.0,0.0
2008-11-07,0.79213618022153,0.010920836281920355,0.0,0.0,0.0,0.031533815596060076,0.03463066613821652,0.0,0.0,0.0014128936361645708,0.034922911043594934,0.0,0.0,0.0,0.0,0.0,0.0,0.0,0.0937217037766189,0.0,0.0,0.0,0.0007209933058946817,0.0,0.0,0.0,0.0,0.0,0.0,0.0,0.0,0.0,0.0,0.0,0.0
2008-11-14,0.79213618022153,0.011981975023518226,0.0,0.0,0.0,0.03242320997552645,0.0318732890038195,0.0,0.0,0.00025268726338897136,0.03794098594889697,0.0,0.0,0.0,0.0,0.0,0.0,0.0,0.09156271888062464,0.0,0.0,0.0,0.0018289536826952837,0.0,0.0,0.0,0.0,0.0,0.0,0.0,0.0,0.0,0.0,0.0,0.0
2008-11-21,0.79213618022153,0.01265781566429965,0.0,0.0,0.00032215123659359656,0.03336657494340635,0.03433048034498043,0.0,0.0,0.0013256088346538135,0.038609887274668166,0.0,0.0,0.0,0.0,0.0,0.0,0.0,0.08725130147986804,0.0,0.0,0.0,0.0,0.0,0.0,0.0,0.0,0.0,0.0,0.0,0.0,0.0,0.0,0.0,0.0
2008-11-28,0.8051991441574886,0.000979422332760182,0.0,0.0,0.0,0.03492287318876214,0.032932707483363174,0.0,0.0,0.0,0.0397821473093585,0.0,0.0,0.0,0.0,0.0,0.0,0.0,0.08618370552826739,0.0,0.0,0.0,0.0,0.0,0.0,0.0,0.0,0.0,0.0,0.0,0.0,0.0,0.0,0.0,0.0
2008-12-05,0.8051991441574886,0.0005582329074933263,0.0,0.0,0.0,0.034149838098988326,0.033365910625857066,0.0,0.0,0.0009323251288730481,0.03985530383106944,0.0,0.0,0.0,0.0,0.0,0.0,0.0,0.08593924525023018,0.0,0.0,0.0,0.0,0.0,0.0,0.0,0.0,0.0,0.0,0.0,0.0,0.0,0.0,0.0,0.0
2008-12-12,0.8051991441574886,0.0004991706168648531,0.0,0.0,0.0010895091188365402,0.033610117674913696,0.03307087172620386,0.0,0.0,0.0,0.03992406659872616,0.0,0.0,0.0,0.0,0.0,0.0,0.0,0.08660712010696628,0.0,0.0,0.0,0.0,0.0,0.0,0.0,0.0,0.0,0.0,0.0,0.0,0.0,0.0,0.0,0.0
2008-12-19,0.8051991441574886,0.0005345566859635739,0.0,0.0,0.0011721067147604152,0.03513256927830347,0.032966713222251705,0.0,0.0,0.0,0.04015515560444169,0.0,0.0,0.0,0.0,0.0,0.0,0.0,0.08483975433679053,0.0,0.0,0.0,0.0,0.0,0.0,0.0,0.0,0.0,0.0,0.0,0.0,0.0,0.0,0.0,0.0
2008-12-26,0.8183029268276611,0.011497088783412428,0.0,0.0,0.001016164553086696,0.022187667193983306,0.030690196381563138,0.0,0.0,0.0,0.03850282375902199,0.0,0.0,0.0,0.0,0.0,0.0,0.0,0.07780313250127124,0.0,0.0,0.0,0.0,0.0,0.0,0.0,0.0,0.0,0.0,0.0,0.0,0.0,0.0,0.0,0.0
2009-01-02,0.8183029268276611,0.011047506899969303,0.0,0.0,0.0010163238295607334,0.02283290951058864,0.030724097828105108,0.0,0.0,0.0,0.03872370104304605,0.0,0.0,0.0,0.0,0.0,0.0,0.0,0.07735253406106897,0.0,0.0,0.0,0.0,0.0,0.0,0.0,0.0,0.0,0.0,0.0,0.0,0.0,0.0,0.0,0.0
2009-01-09,0.8183029268276611,0.011047506899969303,0.0,0.0,0.0005507301763190915,0.021504593251583434,0.030860351493683925,0.0,0.0,0.0,0.039552505684630104,0.0,0.0,0.0,0.0,0.0,0.0,0.0,0.07818138566615293,0.0,0.0,0.0,0.0,0.0,0.0,0.0,0.0,0.0,0.0,0.0,0.0,0.0,0.0,0.0,0.0
2009-01-16,0.8183029268276611,0.011047506899969303,0.0,0.0,0.0015803596246043836,0.021941084143526246,0.0301573257906045,0.0,0.0,0.0,0.03915580015392425,0.0,0.0,0.0,0.0,0.0,0.0,0.0,0.07781499655971012,0.0,0.0,0.0,0.0,0.0,0.0,0.0,0.0,0.0,0.0,0.0,0.0,0.0,0.0,0.0,0.0
2009-01-23,0.8183029268276611,0.011047506899969303,0.0,0.0,0.0007241351280582248,0.022253094442881583,0.03144933830362981,0.0,0.0,0.0,0.040394403917428386,0.0,0.0,0.0,0.0,0.0,0.0,0.0,0.07582859448037149,0.0,0.0,0.0,0.0,0.0,0.0,0.0,0.0,0.0,0.0,0.0,0.0,0.0,0.0,0.0,0.0
2009-01-30,0.7767607848343533,0.0013062132497994577,0.0,0.0,0.02441658808830976,0.033068336777870105,0.04326000394673682,0.0,0.0,0.0,0.04947515937387656,0.0,0.0,0.0,0.0,0.0,0.0,0.0,0.07171291372905401,0.0,0.0,0.0,0.0,0.0,0.0,0.0,0.0,0.0,0.0,0.0,0.0,0.0,0.0,0.0,0.0
2009-02-06,0.7767607848343533,0.0005779095038438237,0.0,0.0,0.024014660517724683,0.03410589675072619,0.04327863327063047,0.0,0.0,0.0,0.04952204901664231,0.0,0.0,0.0,0.0,0.0,0.0,0.0,0.07174006610607923,0.0,0.0,0.0,0.0,0.0,0.0,0.0,0.0,0.0,0.0,0.0,0.0,0.0,0.0,0.0,0.0
2009-02-13,0.7767607848343533,0.002000119946537467,0.0,0.0,0.023997538804227326,0.032271787447056575,0.043548123353037864,0.0,0.0,0.0,0.05037684391262384,0.0,0.0,0.0,0.0,0.0,0.0,0.0,0.07104480170216365,0.0,0.0,0.0,0.0,0.0,0.0,0.0,0.0,0.0,0.0,0.0,0.0,0.0,0.0,0.0,0.0
2009-02-20,0.7767607848343533,0.0006146612863431627,0.0,0.0,0.024011192968406578,0.0326088939308011,0.043754406517117574,0.0,0.0,0.0,0.050384199483117106,0.0,0.0,0.0,0.0,0.0,0.0,0.0,0.07186586097986118,0.0,0.0,0.0,0.0,0.0,0.0,0.0,0.0,0.0,0.0,0.0,0.0,0.0,0.0,0.0,0.0
2009-02-27,0.8342933950973803,0.0010276875995043617,0.0,0.0,0.011163050706381543,0.03155886631439718,0.02967707494983972,0.0,0.0,0.0,0.03433695211802984,0.0,0.0,0.0,0.0,0.0,0.0,0.0,0.05794297321446708,0.0,0.0,0.0,0.0,0.0,0.0,0.0,0.0,0.0,0.0,0.0,0.0,0.0,0.0,0.0,0.0
2009-03-06,0.8342933950973803,0.0005867490899730712,0.0,0.0,0.011150294135567307,0.032740734770821275,0.029455523740891186,0.0,0.0,0.0,0.034572334779872725,0.0,0.0,0.0,0.0,0.0,0.0,0.0,0.05720096838549414,0.0,0.0,0.0,0.0,0.0,0.0,0.0,0.0,0.0,0.0,0.0,0.0,0.0,0.0,0.0,0.0
2009-03-13,0.8342933950973803,0.0014851111463665548,0.0,0.0,0.010965402299110335,0.03346825422181032,0.02908663986538986,0.0,0.0,0.0,0.033690330891488623,0.0,0.0,0.0,0.0,0.0,0.0,0.0,0.05701086647845402,0.0,0.0,0.0,0.0,0.0,0.0,0.0,0.0,0.0,0.0,0.0,0.0,0.0,0.0,0.0,0.0
2009-03-20,0.8342933950973803,0.0005947745020589942,0.0,0.0,0.010965402299110335,0.03435328273827552,0.029423220188417837,0.0,0.0,0.0,0.03422261923895734,0.0,0.0,0.00017758172665240934,0.0,0.0,0.0,0.0,0.05596972420914728,0.0,0.0,0.0,0.0,0.0,0.0,0.0,0.0,0.0,0.0,0.0,0.0,0.0,0.0,0.0,0.0
2009-03-27,0.8279833417840781,0.000957489752183299,0.0,0.0,0.0,0.05452513767741483,0.028386406158080402,0.0,0.0,0.0,0.033661115433881006,0.0,0.0,0.00017002606863757996,0.0,0.0,0.0,0.0,0.05431648312572491,0.0,0.0,0.0,0.0,0.0,0.0,0.0,0.0,0.0,0.0,0.0,0.0,0.0,0.0,0.0,0.0
2009-04-03,0.8279833417840781,0.00098317986362308,0.0,0.0,0.0,0.0540861357558012,0.02865402639830815,0.0,0.0,0.0,0.03322404594588976,0.0,0.0,0.0,0.0,0.0,0.0,0.0,0.05506927025229983,0.0,0.0,0.0,0.0,0.0,0.0,0.0,0.0,0.0,0.0,0.0,0.0,0.0,0.0,0.0,0.0
2009-04-10,0.8279833417840781,0.0021823417181418125,0.0,0.0,0.0,0.0523295672720692,0.02857301207517103,0.0,0.0,0.0,0.0335522556748081,0.0,0.0,0.00016929966527524598,0.0,0.0,0.0,0.0,0.05521018181045662,0.0,0.0,0.0,0.0,0.0,0.0,0.0,0.0,0.0,0.0,0.0,0.0,0.0,0.0,0.0,0.0
2009-04-17,0.827983341784078,0.001009039947562258,0.0,0.0,0.0,0.05281259013084957,0.028590972566251475,0.0,0.0,0.0,0.0339853762647709,0.0,0.0,0.00017300646511023282,0.0,0.0,0.0,0.0,0.05544567284137759,0.0,0.0,0.0,0.0,0.0,0.0,0.0,0.0,0.0,0.0,0.0,0.0,0.0,0.0,0.0,0.0
2009-04-24,0.53897455448324,0.006191418147424299,0.0,0.0,0.0,0.130320971912263,0.09586515817646354,0.0,0.0,0.0,0.09729602508093942,0.0,0.0,0.0,0.0,0.0,0.0,0.0,0.1313518721996697,0.0,0.0,0.0,0.0,0.0,0.0,0.0,0.0,0.0,0.0,0.0,0.0,0.0,0.0,0.0,0.0
2009-05-01,0.53897455448324,0.000597483403852,0.0,0.0,0.0,0.12765446185952917,0.09489710521209727,0.0,0.0,0.0,0.0984526615632032,0.0,0.0,0.0,0.0,0.0,0.0,0.0,0.13530488683558897,0.0,0.0,0.0,0.0,0.0,0.0,0.004118846642489358,0.0,0.0,0.0,0.0,0.0,0.0,0.0,0.0,0.0
2009-05-08,0.53897455448324,0.005036282105864291,0.0,0.0,0.0,0.1250029683530232,0.09340402875711941,0.0,0.0,0.0,0.10122186315547199,0.0,0.0,0.0,0.0,0.0,0.0,0.0,0.13344508909515881,0.0,0.0,0.0,0.0,0.0,0.0,0.002915214050122275,0.0,0.0,0.0,0.0,0.0,0.0,0.0,0.0,0.0
2009-05-15,0.53897455448324,0.004841755261673695,0.0,0.0,0.0,0.12445890569096792,0.096773214536351,0.0,0.0,0.0,0.10056418093052497,0.0,0.0,0.0,0.0,0.0,0.0,0.0,0.1322786541192825,0.0,0.0,0.0,0.0,0.0,0.0,0.0021087349779598933,0.0,0.0,0.0,0.0,0.0,0.0,0.0,0.0,0.0
2009-05-22,0.53897455448324,0.0015208141009614878,0.0,0.0,0.0,0.12253815830540186,0.0979100023267846,0.0,0.0,0.0,0.10369423341683409,0.0,0.0,0.0,0.0,0.0,0.0,0.0,0.13184867018881577,0.0,0.0,0.0,0.0,0.0,0.0,0.003513567177962144,0.0,0.0,0.0,0.0,0.0,0.0,0.0,0.0,0.0
2009-05-29,0.5493292959038061,0.0006288416181846019,0.0,0.008344599921724736,0.0,0.10580368945042318,0.09423793180661078,0.0,0.0,0.0,0.10514808481221173,0.0,0.0,0.0,0.0,0.0,0.0,0.0,0.12379889471462606,0.0,0.0,0.0,0.0,0.0,0.0,0.012708661772412897,0.0,0.0,0.0,0.0,0.0,0.0,0.0,0.0,0.0
2009-06-05,0.5493292959038061,0.004136513247845634,0.0,0.008344599921724736,0.0,0.09932199017751564,0.09711338234964861,0.0,0.0,0.0,0.11296795772835835,0.0,0.0,0.0005444349016348691,0.0,0.0,0.0,0.0,0.11642405151082737,0.0,0.0,0.0,0.0,0.0,0.0,0.01181777425863877,0.0,0.0,0.0,0.0,0.0,0.0,0.0,0.0,0.0
2009-06-12,0.29880752682284695,0.017870454024761007,0.0,0.009984639093425033,0.0,0.10800328697393306,0.10044411523818299,0.0,0.0,0.0,0.09571433085822378,0.0,0.0,0.0,0.0,0.0,0.0,0.0,0.09655951704291811,0.0,0.0,0.0,0.0,0.0,0.0,0.022094360864750005,0.0,0.0,0.0,0.0,0.06263044227023977,0.06263044227023977,0.0,0.06263044227023977,0.06263044227023977
2009-06-19,0.29880752682284706,0.004374188086096459,0.0,0.008344599921724736,0.0,0.10611267709149766,0.08958638361231938,0.0,0.0,0.0,0.11449488920945927,0.0,0.0,0.0,0.0,0.0,0.0,0.0,0.1151343722731023,0.0,0.0,0.0,0.0,0.0,0.0,0.012623593901994159,0.0,0.0,0.0,0.0,0.06263044227023977,0.06263044227023977,0.0,0.06263044227023977,0.06263044227023977
2009-06-26,0.10157847130510655,0.014293393501030921,0.0,0.006938415702934367,0.0,0.1727850772700228,0.13627824269346323,0.0,0.0,0.0,0.18698752823356768,0.0,0.0,0.0,0.0,0.0,0.006938415702934367,0.0,0.14461659150577616,0.0,0.0,0.0,0.0,0.0,0.0,0.016882057631432124,0.0,0.0,0.0,0.0,0.0,0.07090060215124391,0.0,0.07090060215124391,0.07090060215124391
2009-07-03,0.10157847130510667,0.011062482716618784,0.0,0.006938415702934367,0.0,0.17334874557336055,0.13658472589820192,0.0,0.0,0.0,0.18424078572747898,0.0,0.0,0.00351295686121105,0.0,0.0,0.006938415702934367,0.0,0.14268723473116995,0.0,0.0,0.0,0.0,0.0,0.0,0.020405959327251567,0.0,0.0,0.0,0.0,0.0,0.07090060215124391,0.0,0.07090060215124391,0.07090060215124391
2009-07-10,0.10157847130510667,0.011256465855978216,0.0,0.006938415702934367,0.0,0.16724004878123105,0.1400668177560878,0.0,0.0,0.0,0.18125094067029796,0.0,0.0,0.010976125045578702,0.0,0.0,0.006938415702934367,0.0,0.13937185541733405,0.0,0.0,0.0,0.0,0.0,0.0,0.02168063730878505,0.0,0.0,0.0,0.0,0.0,0.07090060215124391,0.0,0.07090060215124391,0.07090060215124391
2009-07-17,0.10157847130510667,0.0,0.0,0.01255687722111,0.0020446867632149214,0.16170521994409254,0.14361778524279462,0.0,0.0,0.0,0.18271590884771793,0.0,0.0,0.011091364098092502,0.0,0.0,0.006938415702934367,0.0,0.13937185541733405,0.0,0.0,0.0046151030723492,0.0,0.0,0.0,0.02106250593152141,0.0,0.0,0.0,0.0,0.0,0.07090060215124391,0.0,0.07090060215124391,0.07090060215124391
2009-07-24,0.10157847130510667,0.0,0.0,0.008658741516627416,0.0,0.16836354580748203,0.14101052424055688,0.0,0.0,0.0,0.18725002087556475,0.0,0.0,0.010858826032691693,0.0,0.0,0.006938415702934367,0.0,0.13937185541733405,0.0,0.0,0.0005808175925609584,0.0,0.0,0.0,0.022686975055409418,0.0,0.0,0.0,0.0,0.0,0.07090060215124391,0.0,0.07090060215124391,0.07090060215124391
2009-07-31,0.030597420422213695,0.0,0.0,0.012654270666258738,0.07769867388527335,0.1595677039680721,0.13241805169260987,0.0,0.0,0.0,0.17540849824155574,0.0,0.0,0.08187174763516274,0.0,0.0,0.00642250288800233,0.0,0.06099158005349935,0.0,0.0,0.007460310501461234,0.00642250288800233,0.0,0.0,0.02200106638219128,0.0,0.0,0.0,0.0,0.07549522359189906,0.07549522359189906,0.0,0.0,0.07549522359189906
2009-08-07,0.030597420422213695,0.0,0.0,0.00642250288800233,0.07626110498959246,0.16424741140092436,0.1345515755628828,0.0,0.0,0.0,0.1795875459843307,0.0,0.0,0.07333428919209982,0.0,0.0,0.00642250288800233,0.0,0.0722418668857967,0.0,0.0,0.0,0.00642250288800233,0.0,0.0,0.023425606122455263,0.0,0.0,0.0,0.0,0.07549522359189906,0.07549522359189906,0.0,0.0,0.07549522359189906
2009-08-14,0.030597420422213695,0.0,0.0,0.00642250288800233,0.07549522359189906,0.16230492879596242,0.12840474645947716,0.0,0.0,0.0,0.18709576393278937,0.0,0.0,0.07306981732053591,0.0,0.0,0.00642250288800233,0.0,0.08153749258798826,0.0,0.0,0.0,0.00642250288800233,0.0,0.0,0.015741427449429933,0.0,0.0,0.0,0.0,0.07549522359189906,0.07549522359189906,0.0,0.0,0.07549522359189906
2009-08-21,0.030597420422213695,0.0,0.0,0.011044946718366342,0.07549522359189906,0.16481241815934833,0.13464847879882058,0.0,0.0,0.0,0.16763879753343758,0.0,0.0,0.08235734579150579,0.0,0.0,0.00642250288800233,0.0,0.06099158005349935,0.0,0.0,0.007315965571907941,0.00642250288800233,0.0,0.0,0.02576714680729946,0.0,0.0,0.0,0.0,0.07549522359189906,0.07549522359189906,0.0,0.0,0.07549522359189906
2009-08-28,0.04594850617451707,0.0,0.0,0.016081702563482375,0.07406013505002741,0.14889191955069778,0.13968346505299933,0.0,0.0,0.006862227477632219,0.15844001463924817,0.0,0.0,0.01686557930300494,0.0,0.0,0.006666288545509608,0.0,0.13215486314944702,0.0,0.0,0.011281066827068965,0.00607790817341601,0.0,0.0,0.022533483362378055,0.0,0.0,0.0,0.0,0.07148428004352368,0.07148428004352368,0.07148428004352368,0.0,0.0
2009-09-04,0.04594850617451718,0.0,0.0,0.01351504132081775,0.07768793653917393,0.14602578412573106,0.13789013412327808,0.0,0.0,0.0020149948997012592,0.17529848343159654,0.0,0.0,0.013965547028207296,0.0,0.0,0.00607790817341601,0.0,0.13215486314944702,0.0,0.0,0.009504052999488257,0.00607790817341601,0.0,0.0,0.019385999730638665,0.0,0.0,0.0,0.0,0.07148428004352368,0.07148428004352368,0.07148428004352368,0.0,0.0
2009-09-11,0.04594850617451707,0.0,0.0,0.017049999497943558,0.0724536937096012,0.14920218082765854,0.14629631889936037,0.0,0.0,0.0032110026284808625,0.13897789117058937,0.0,0.0,0.019152399482496037,0.0,0.0,0.00607790817341601,0.0,0.13215486314944702,0.0,0.0,0.013909673893110076,0.014757709015910146,0.0,0.0,0.02635501324689872,0.0,0.0,0.0,0.0,0.07148428004352368,0.07148428004352368,0.07148428004352368,0.0,0.0
2009-09-18,0.04594850617451707,0.0,0.0,0.013150059775403128,0.0779993579642716,0.15667997125406355,0.1402014369718803,0.0,0.0,0.0023124093159623206,0.159880563254157,0.0,0.0,0.013890452897560837,0.0,0.0,0.00607790817341601,0.0,0.13215486314944702,0.0,0.0,0.010371757319547153,0.00607790817341601,0.0,0.0,0.02080196544578696,0.0,0.0,0.0,0.0,0.07148428004352368,0.07148428004352368,0.07148428004352368,0.0,0.0
2009-09-25,1.1102230246251565e-16,0.0,0.0,0.016769566522504116,0.07136479266307576,0.16319160392632834,0.15837992344969276,0.0,0.0,0.0,0.18914636657191386,0.0,0.0,0.016981071224959263,0.0,0.0,0.006710308026803462,0.0,0.06530770445651904,0.0,0.0,0.01121819135968079,0.006951061698870965,0.0,0.0,0.16963204085097075,0.0,0.0,0.0,0.0,0.062173684624340385,0.0,0.062173684624340385,0.0,0.0
2009-10-02,1.1102230246251565e-16,0.0,0.0,0.01783730453088899,0.06621386611251552,0.16050162391573994,0.1508535936128794,0.0,0.0,0.0,0.1917931478178007,0.0,0.0,0.021861108001592945,0.0,0.0,0.007391747431044982,0.0,0.06530770445651904,0.0,0.0,0.012359314241553017,0.009855470931181767,0.0,0.0,0.17167774969960278,0.0,0.0,0.0,0.0,0.062173684624340385,0.0,0.062173684624340385,0.0,0.0
2009-10-09,0.0,0.0,0.0,0.017724093257622465,0.06654169157672178,0.17007017170384703,0.144869259421639,0.0,0.0,0.0,0.18967803095965635,0.0,0.0,0.02234519072721929,0.0,0.0,0.006710308026803462,0.0,0.06530770445651904,0.0,0.0,0.01239035134973923,0.006710308026803462,0.0,0.0,0.17330552124474807,0.0,0.0,0.0,0.0,0.062173684624340385,0.0,0.062173684624340385,0.0,0.0
2009-10-16,0.0,0.0,0.0,0.028633236196409166,0.06540666227816685,0.15787717630343354,0.1553162067147436,0.0,0.0,0.007843249664936207,0.15116686827663006,0.0,0.0,0.02385163538780944,0.0,0.0,0.015069484774762186,0.0,0.06530770445651904,0.0,0.0,0.020444638600665792,0.006710308026803462,0.0,0.0,0.1780254600704398,0.0,0.0,0.0,0.0,0.062173684624340385,0.0,0.062173684624340385,0.0,0.0
2009-10-23,0.0,0.0,0.0,0.029713117832247928,0.062173684624340385,0.15787717630343354,0.14640183625020475,0.0,0.0,0.01035342662882506,0.15116686827663006,0.0,0.0,0.02239179803425268,0.0,0.0,0.007763684478427563,0.0,0.06530770445651904,0.0,0.0,0.0250146363338037,0.016376420257765895,0.0,0.0,0.18111227727486853,0.0,0.0,0.0,0.0,0.062173684624340385,0.0,0.062173684624340385,0.0,0.0
2009-10-30,0.0,0.0,0.0,0.15590018910404882,0.05805752938721214,0.013960246568327419,0.18255283921767043,0.0,0.0,0.004365949233637955,0.13930312489556412,0.0,0.0,0.009136634215888062,0.0,0.0,0.015298498156031837,0.0,0.0,0.0,0.0,0.20781414318163283,0.018742186013566222,0.0,0.0,0.13681113063920797,0.0,0.0,0.0,0.0,0.0,0.0,0.05805752938721214,0.0,0.0
2009-11-06,0.0,0.0,0.0,0.1557401995678635,0.05805752938721214,0.020682855832684987,0.1819626174700775,0.0,0.0,0.0015224294687772534,0.13930312489556412,0.0,0.0,0.009693143829104243,0.0,0.0,0.014378021805324371,0.0,0.0,0.0,0.0,0.20757082486384043,0.016838533507432675,0.0,0.0,0.1361931899849066,0.0,0.0,0.0,0.0,0.0,0.0,0.05805752938721214,0.0,0.0
2009-11-13,0.0,0.0,0.0,0.15434167102772323,0.05805752938721214,0.018424487252042328,0.18014325521999655,0.0,0.0,0.004458476509001179,0.13930312489556412,0.0,0.0,0.012154437582187668,0.0,0.0,0.014429993643832337,0.0,0.0,0.0,0.0,0.20711658089080365,0.01634514079445485,0.0,0.0,0.13716777340996972,0.0,0.0,0.0,0.0,0.0,0.0,0.05805752938721214,0.0,0.0
2009-11-20,1.1102230246251565e-16,0.0,0.0,0.15515145909570507,0.05805752938721214,0.013960246568327419,0.17676729242338926,0.0,0.0,0.005343967648677358,0.13930312489556412,0.0,0.0,0.007990556176076047,0.0,0.0,0.015646892959827862,0.0,0.0,0.0,0.0,0.2082654468268193,0.021489666458963406,0.0,0.0,0.1399662881722258,0.0,0.0,0.0,0.0,0.0,0.0,0.05805752938721214,0.0,0.0
2009-11-27,0.0,0.0,0.05752557759356318,0.1904972349640281,0.0,0.01433310470860613,0.1523614931167531,0.0,0.0,0.005687837906496236,0.05255751334226659,0.0,0.0,0.009985672286884007,0.0,0.0,0.01493702041467743,0.0,0.0,0.0,0.0,0.20596613205943137,0.04660645954119783,0.0,0.0,0.24954195406609597,0.0,0.0,0.0,0.0,0.0,0.0,0.0,0.0,0.0
2009-12-04,0.0,0.0,0.05752557759356318,0.18893792017726768,0.0,0.01433310470860613,0.1663208598556354,0.0,0.0,0.001603796365635077,0.05255751334226659,0.0,0.0,0.010011595347970807,0.0,0.0,0.01564568122611574,0.0,0.0,0.0,0.0,0.20300197584668755,0.04480379289603531,0.0,0.0,0.24525818264021654,0.0,0.0,0.0,0.0,0.0,0.0,0.0,0.0,0.0
2009-12-11,0.0,0.0,0.05752557759356318,0.1933073350308987,0.0,0.01433310470860613,0.15977284601865843,0.0,0.0,0.0011902979302015426,0.05255751334226659,0.0,0.0,0.008081486862115494,0.0,0.0,0.01433310470860613,0.0,0.0,0.0,0.0,0.20558405156692522,0.04565198839872472,0.0,0.0,0.24766269383943385,0.0,0.0,0.0,0.0,0.0,0.0,0.0,0.0,0.0
2009-12-18,0.0,0.0,0.05752557759356318,0.18971184667862973,0.0,0.017783766070363666,0.15497435020684977,0.0,0.0,0.0,0.05255751334226659,0.0,0.0,0.01265357784281456,0.0,0.0,0.014895514167959761,0.0,0.0,0.0,0.0,0.2049211652704931,0.046478031719875856,0.0,0.0,0.24849865710718377,0.0,0.0,0.0,0.0,0.0,0.0,0.0,0.0,0.0
2009-12-25,0.0,0.0,0.0,0.07466202400873412,0.0,0.13858011988768318,0.17836583961117086,0.0,0.0,0.0,0.05332924397926019,0.0,0.0,0.09358170277520451,0.0,0.0,0.01630962830785951,0.0,0.0,0.0,0.0,0.11470730694510349,0.13320883483843327,0.0,0.0,0.1972552996465508,0.0,0.0,0.0,0.0,0.0,0.0,0.0,0.0,0.0
2010-01-01,1.1102230246251565e-16,0.0,0.0,0.07454775268566656,0.0,0.1457805479564112,0.17836583961117086,0.0,0.0,0.0,0.05332924397926019,0.0,0.0,0.09344892151050803,0.0,0.0,0.014992831854760899,0.0,0.0,0.0,0.0,0.11234837732714298,0.1303696229186028,0.0,0.0,0.1968168621564764,0.0,0.0,0.0,0.0,0.0,0.0,0.0,0.0,0.0
2010-01-08,0.0,0.0,0.0,0.07634036001359398,0.0,0.1423227830098514,0.17836583961117086,0.0,0.0,0.0,0.05332924397926019,0.0,0.0,0.08946863547195862,0.0,0.0,0.017330352294221044,0.0,0.0,0.0,0.0,0.11624452103063988,0.13227019450689723,0.0,0.0,0.1943280700824067,0.0,0.0,0.0,0.0,0.0,0.0,0.0,0.0,0.0
2010-01-15,0.0,0.0,0.0,0.07254020343974489,0.0,0.1401646984681824,0.17836583961117086,0.0,0.0,0.0,0.05332924397926019,0.0,0.0,0.09376654759349107,0.0,0.0,0.0151303439573156,0.0,0.0,0.0,0.0,0.11404539572290759,0.13362574240972505,0.0,0.0,0.19903198481820225,0.0,0.0,0.0,0.0,0.0,0.0,0.0,0.0,0.0
2010-01-22,1.1102230246251565e-16,0.0,0.0,0.07270447780310964,0.0,0.13950324456212854,0.17836583961117086,0.0,0.0,0.000611534496071079,0.05332924397926019,0.0,0.0,0.09464299850784516,0.0,0.0,0.018642992851209118,0.0,0.0,0.0,0.0,0.10958681419011458,0.13509029394131503,0.0,0.0,0.19752256005777574,0.0,0.0,0.0,0.0,0.0,0.0,0.0,0.0,0.0
2010-01-29,0.08161900182540693,0.0,0.0,0.10053716458877418,0.0,0.1306432932419408,0.06942904187288548,0.0,0.0,0.012011507469613339,0.0,0.0,0.0,0.07384017526619137,0.0,0.0,0.07031645128094073,0.0,0.0,0.0,0.0,0.0035652889470189847,0.22547171239981983,0.0,0.0,0.12259073476778617,0.0,0.0,0.0,0.0,0.05498781416981105,0.0,0.05498781416981105,0.0,0.0
2010-02-05,0.08161900182540693,0.0,0.0,0.10112251925581257,0.0,0.1306432932419408,0.06942904187288548,0.0,0.0,0.00733657416736395,0.0,0.0,0.0,0.07482941151415466,0.0,0.0,0.07427150072171598,0.0,0.0,0.0,0.0,0.005938131899126585,0.22503759466054324,0.0,0.0,0.11979730250142759,0.0,0.0,0.0,0.0,0.05498781416981105,0.0,0.05498781416981105,0.0,0.0
2010-02-12,0.08161900182540704,0.0,0.0,0.10243435511597204,0.0,0.1306432932419408,0.06942904187288548,0.0,0.0,0.00866774731867642,0.0,0.0,0.0,0.07141456469103058,0.0,0.0,0.07306384211957295,0.0,0.0,0.0,0.0,0.006197554471903109,0.22597980779075172,0.0,0.0,0.12057516321223777,0.0,0.0,0.0,0.0,0.05498781416981105,0.0,0.05498781416981105,0.0,0.0
2010-02-19,0.08161900182540704,0.0,0.0,0.10702994727499064,0.0,0.1306432932419408,0.06942904187288548,0.0,0.0,0.010612243044076793,0.0,0.0,0.0,0.0659030865563571,0.0,0.0,0.07299682016878775,0.0,0.0,0.0,0.0,0.007305788073415594,0.22560059206360267,0.0,0.0,0.11888455753891405,0.0,0.0,0.0,0.0,0.05498781416981105,0.0,0.05498781416981105,0.0,0.0
2010-02-26,0.0,0.0,0.0,0.23712682573330396,0.0078122769789724855,0.01598465260703153,0.06929015482361954,0.0,0.0,0.012359318329458907,0.0,0.0,0.0,0.009823502170944375,0.0,0.0,0.07695858445741738,0.0,0.0,0.0,0.0,0.1348459868098583,0.2448614979728354,0.0,0.0,0.13545409706789366,0.0,0.0,0.055483103048664446,0.0,0.0,0.0,0.0,0.0,0.0
2010-03-05,1.1102230246251565e-16,0.0,0.0,0.23469665043233767,0.0028456683112327006,0.01598465260703153,0.08357547624019324,0.0,0.0,0.011144126650020339,0.0,0.0,0.0,0.0065963618246615615,0.0,0.0,0.07772221381760244,0.0,0.0,0.0,0.0,0.13369037362178643,0.24469497533870613,0.0,0.0,0.13356639810776338,0.0,0.0,0.055483103048664446,0.0,0.0,0.0,0.0,0.0,0.0
2010-03-12,1.1102230246251565e-16,0.0,0.0,0.23315227191412002,0.0016259052931933016,0.01598465260703153,0.0874009736794214,0.0,0.0,0.010742410228467374,0.0,0.0,0.0,0.007437855281767107,0.0,0.0,0.07987824858450895,0.0,0.0,0.0,0.0,0.1331910681328566,0.24444053510688768,0.0,0.0,0.13066297612308148,0.0,0.0,0.055483103048664446,0.0,0.0,0.0,0.0,0.0,0.0
2010-03-19,0.0,0.0,0.0,0.23315227191412002,0.0,0.021142218868654444,0.06929015482361954,0.0,0.0,0.01324318654624956,0.0,0.0,0.0,0.011822247839068906,0.0,0.0,0.08068442744830326,0.0,0.0,0.0,0.0,0.1331910681328566,0.24790886854110433,0.0,0.0,0.1340824528373588,0.0,0.0,0.055483103048664446,0.0,0.0,0.0,0.0,0.0,0.0
2010-03-26,0.0,0.0,0.0,0.04814963683646192,0.0,0.02088572606166781,0.14541469875926444,0.0,0.0,0.08932904194228161,0.0530692322217996,0.0,0.0,0.005470085116500545,0.0,0.0,0.1553341145648517,0.0,0.0,0.0,0.0,0.0,0.24989988127189056,0.057058538251938976,0.0,0.06127196846946492,0.0,0.0,0.0,0.057058538251938976,0.0,0.0,0.057058538251938976,0.0,0.0
2010-04-02,0.0,0.0,0.0,0.04814963683646192,0.0,0.031761410762282616,0.1537811452577466,0.0,0.0,0.08651938106101531,0.0530692322217996,0.0,0.0,0.003159929623913301,0.0,0.0,0.151798020996109,0.0,0.0,0.0,0.0,0.0,0.2467510469026809,0.057058538251938976,0.0,0.05383458158217383,0.0,0.0,0.0,0.057058538251938976,0.0,0.0,0.057058538251938976,0.0,0.0
2010-04-09,1.1102230246251565e-16,0.0,0.0,0.04814963683646192,0.0,0.03190079467853306,0.14411700831551483,0.0,0.0,0.08944549879107862,0.0530692322217996,0.0,0.0,0.005377622064541909,0.0,0.0,0.1520986888188014,0.0,0.0,0.0,0.0,0.0,0.24950232579211873,0.057058538251938976,0.0,0.055163577725333035,0.0,0.0,0.0,0.057058538251938976,0.0,0.0,0.057058538251938976,0.0,0.0
2010-04-16,0.0,0.0,0.0,0.04814963683646192,0.0,0.01742331044265682,0.14411700831551483,0.0,0.0,0.08855812315420207,0.0530692322217996,0.0,0.0,0.015438621787618591,0.0,0.0,0.1589157048327014,0.0,0.0,0.0,0.0,0.0,0.2470862304845049,0.057058538251938976,0.0,0.05606651716872299,0.0,0.0,0.0,0.057058538251938976,0.0,0.0,0.057058538251938976,0.0,0.0
2010-04-23,0.0,0.0,0.0,0.04814963683646192,0.0,0.02020668976697131,0.14411700831551483,0.0,0.0,0.08795848048373403,0.0530692322217996,0.0,0.0,0.015750101841406756,0.0,0.0,0.15764727790096802,0.0,0.0,0.0,0.0,0.0,0.24660371578829404,0.057058538251938976,0.0,0.05532224208903258,0.0,0.0,0.0,0.057058538251938976,0.0,0.0,0.057058538251938976,0.0,0.0
2010-04-30,2.220446049250313e-16,0.0,0.0,0.04167438846271737,0.0,0.09718499421905546,0.07067138377083432,0.0,0.0,0.09294747833373947,0.05341792151959032,0.0,0.0,0.017560068949848313,0.0,0.0,0.1650170710553122,0.0,0.0,0.0,0.0,0.0,0.24380241014177398,0.0,0.0,0.048660148352263996,0.0,0.0,0.0,0.0,0.0,0.05635471173162147,0.05635471173162147,0.05635471173162147,0.0
2010-05-07,2.220446049250313e-16,0.0,0.0,0.0437080533329408,0.0,0.09509186860970378,0.07067138377083432,0.0,0.0,0.09379332529134315,0.05341792151959032,0.0,0.0,0.011975454528971176,0.0,0.0,0.15882530692314353,0.0,0.0,0.0,0.0,0.0006555571482224595,0.24677563777564576,0.0,0.0,0.0560213559047401,0.0,0.0,0.0,0.0,0.0,0.05635471173162147,0.05635471173162147,0.05635471173162147,0.0
2010-05-14,2.220446049250313e-16,0.0,0.0,0.04167438846271737,0.0,0.0979452962308473,0.07067138377083432,0.0,0.0,0.09476647981520664,0.05341792151959032,0.0,0.0,0.013215323476760342,0.0,0.0,0.15672769127813088,0.0,0.0,0.0,0.0,0.0,0.24691391069697677,0.0,0.0,0.05560346955407148,0.0,0.0,0.0,0.0,0.0,0.05635471173162147,0.05635471173162147,0.05635471173162147,0.0
2010-05-21,2.220446049250313e-16,0.0,0.0,0.04365003314046573,0.0,0.09509186860970378,0.07185945446485516,0.0,0.0,0.09337012462326615,0.05341792151959032,0.0,0.0,0.016777120971784014,0.0,0.0,0.1594620600041005,0.0,0.0,0.0,0.0,0.0,0.24595241467301435,0.0,0.0,0.051354866798355416,0.0,0.0,0.0,0.0,0.0,0.05635471173162147,0.05635471173162147,0.05635471173162147,0.0
2010-05-28,0.46502592360334516,0.0,0.0,0.0,0.0,0.022259423990153324,0.061004142085738185,0.0,0.0,0.055114527310145614,0.04095093716943996,0.0,0.0,0.05600580920104334,0.0,0.0,0.11472956605725554,0.0,0.020053204916298223,0.0,0.0,0.0,0.13839896460067838,0.0,0.0,0.026457501065902334,0.0,0.0,0.0,0.0,0.0,0.0,0.0,0.0,0.0
2010-06-04,0.46502592360334516,0.0,0.0,0.0,0.0,0.02607891046591151,0.06192756966317302,0.0,0.0,0.0538410587874595,0.04095093716943996,0.0,0.0,0.05575539792673282,0.0,0.0,0.11103409293633648,0.0,0.020053204916298223,0.0,0.0,0.0,0.13750846755033969,0.0,0.0,0.027824436980963676,0.0,0.0,0.0,0.0,0.0,0.0,0.0,0.0,0.0
2010-06-11,0.46502592360334516,0.0,0.0,0.0,0.0,0.03787255026194151,0.061004142085738185,0.0,0.0,0.04853953195949014,0.049150259643056485,0.0,0.0,0.046595140489894125,0.0,0.0,0.10451904244791596,0.0,0.03233200498198333,0.0,0.0,0.0,0.133774419846551,0.0,0.0,0.021186984680084123,0.0,0.0,0.0,0.0,0.0,0.0,0.0,0.0,0.0
2010-06-18,0.46502592360334516,0.0,0.0,0.0,0.0,0.03876066408038743,0.061004142085738185,0.0,0.0,0.05112569955324854,0.04095093716943996,0.0,0.0,0.05019228091231979,0.0,0.0,0.1079013213513543,0.0,0.028418461665958746,0.0,0.0,0.0,0.13543358489812385,0.0,0.0,0.021186984680084123,0.0,0.0,0.0,0.0,0.0,0.0,0.0,0.0,0.0
2010-06-25,0.19999999999999996,0.0,0.0,0.0,0.0,0.1427253691104621,0.05560569795431819,0.0,0.0,0.05470678161815299,0.05436999073319555,0.0,0.0,0.0003814291989908326,0.0,0.0,0.06386553463159284,0.0,0.0311706495879944,0.0,0.0,0.0,0.19126196987804928,0.05666893093663883,0.0,0.03590578447732737,0.0,0.0,0.0,0.05666893093663883,0.0,0.0,0.0,0.0,0.05666893093663883
2010-07-02,0.42667572374655527,0.0,0.0,0.0,0.0,0.1425481699269453,0.055696702002368356,0.0,0.0,0.055751901051202896,0.05492538090673465,0.0,0.0,0.002566717383177995,0.0,0.0,0.06386553463159284,0.0,0.027656724947193914,0.0,0.0,0.0,0.1344073609269014,0.0,0.0,0.03590578447732737,0.0,0.0,0.0,0.0,0.0,0.0,0.0,0.0,0.0
2010-07-09,0.42667572374655527,0.0,0.0,0.0,0.0,0.1416468385291229,0.05548311663020661,0.0,0.0,0.05309645255564147,0.059903503104412975,0.0,0.0,0.002193739352038677,0.0,0.0,0.06386553463159284,0.0,0.028313335633868807,0.0,0.0,0.0,0.13291597133923305,0.0,0.0,0.03590578447732737,0.0,0.0,0.0,0.0,0.0,0.0,0.0,0.0,0.0
2010-07-16,0.42667572374655527,0.0,0.0,0.0,0.0,0.13985755152133517,0.05546097998612831,0.0,0.0,0.05254043109112146,0.061995964322737726,0.0,0.0,0.0015469257289691051,0.0,0.0,0.06386553463159284,0.0,0.02818587692460261,0.0,0.0,0.0,0.1339652275696301,0.0,0.0,0.03590578447732737,0.0,0.0,0.0,0.0,0.0,0.0,0.0,0.0,0.0
2010-07-23,0.42667572374655527,0.0,0.0,0.0,0.0,0.14274136870177567,0.05556291877616254,0.0,0.0,0.05352494894084283,0.056712988598343964,0.0,0.0,0.002247985437123608,0.0,0.0,0.06386553463159284,0.0,0.02855669019630369,0.0,0.0,0.0,0.1342060564939722,0.0,0.0,0.03590578447732737,0.0,0.0,0.0,0.0,0.0,0.0,0.0,0.0,0.0
2010-07-30,0.19999999999999996,0.0,0.0,0.0,0.0,0.13828818829787295,0.06308349117782835,0.0,0.0,0.046090642067592454,0.06875170654910986,0.0,0.0,0.0002609771532698483,0.0,0.0,0.010615246852195094,0.0,0.11366962805646594,0.0,0.0,0.0,0.144909765888397,0.060072291178722176,0.0,0.034113480421102085,0.0,0.0,0.0,0.060072291178722176,0.0,0.0,0.0,0.0,0.060072291178722176
2010-08-06,0.44028916471488855,0.0,0.0,0.0,0.0,0.1381834343881638,0.06308360872371213,0.0,0.0,0.045108089467804466,0.06926745647973731,0.0,0.0,0.0,0.0,0.0,0.010615246852195094,0.0,0.11546611632242668,0.0,0.0,0.0,0.08364798505793938,0.0,0.0,0.03433889799313255,0.0,0.0,0.0,0.0,0.0,0.0,0.0,0.0,0.0
2010-08-13,0.19999999999999996,0.0,0.0,0.0,0.0,0.13717314585669724,0.0651507609630142,0.0,0.0,0.04664230247471463,0.06330661159089321,0.0,0.0,0.0006744121595905271,0.0,0.0,0.010615246852195094,0.0,0.11270937504193601,0.0,0.0,0.0,0.1447656463412062,0.060072291178722176,0.0,0.03874562518358644,0.0,0.0,0.0,0.060072291178722176,0.0,0.0,0.0,0.0,0.060072291178722176
2010-08-20,0.44028916471488855,0.004011536752148712,0.0,0.0,0.0,0.13486552443529917,0.06641547488080352,0.0,0.0,0.045108089467804466,0.06631038118056254,0.0,0.0,0.00019890503720860765,0.0,0.0,0.010615246852195094,0.0,0.11347121584028397,0.0,0.0,0.0,0.08335805508567146,0.0,0.0,0.035356405753133854,0.0,0.0,0.0,0.0,0.0,0.0,0.0,0.0,0.0
2010-08-27,0.4497594591970291,0.0,0.0,0.0,0.0,0.13344266469057592,0.11547381878650816,0.0,0.0,0.0012922025383009844,0.0628159700634377,0.0,0.0,0.001207055063886011,0.0,0.0,0.0,0.0,0.11194614787678679,0.0,0.0,0.0,0.0822541958568468,0.0,0.0,0.041808485926628454,0.0,0.0,0.0,0.0,0.0,0.0,0.0,0.0,0.0
2010-09-03,0.4497594591970291,0.0,0.0,0.0,0.0,0.12966587099769755,0.11283201802565619,0.0,0.0,0.002486100385730327,0.0710015119996511,0.0,0.0,0.0010511034787863045,0.0,0.0,0.0,0.0,0.1106495194911757,0.0,0.0,0.0,0.08142649935093872,0.0,0.0,0.04112791707333495,0.0,0.0,0.0,0.0,0.0,0.0,0.0,0.0,0.0
2010-09-10,0.19999999999999996,0.0,0.0,0.004322933980903655,0.0,0.1287353359181681,0.11339699606117563,0.0,0.0,0.0,0.06466328727769387,0.0,0.0,0.0007232231934821108,0.0,0.0,0.0,0.0,0.11084495407115041,0.0,0.0,0.003362206143435567,0.14461476504345697,0.0,0.0,0.04201670391276181,0.0,0.0,0.0,0.062439864799257276,0.0,0.062439864799257276,0.062439864799257276,0.0,0.0
2010-09-17,0.19999999999999996,0.005619190997760741,0.0,0.0,0.0,0.13386904715616116,0.1098657801031182,0.0,0.0,0.0,0.07023448685224226,0.0,0.0,0.0,0.0,0.0,0.0,0.0,0.11238494924522294,0.0,0.0,0.0,0.1432631544689685,0.0,0.0,0.03744379677875431,0.0,0.0,0.0,0.062439864799257276,0.0,0.062439864799257276,0.062439864799257276,0.0,0.0
2010-09-24,0.045633458640509716,0.009332883453239332,0.0,0.012079534530616559,0.0,0.15493026718286157,0.12370564942990034,0.0,0.0,0.0,0.08465111651019877,0.0,0.0,0.0,0.0,0.0,0.012079534530616559,0.0,0.1575197120525608,0.0,0.0,0.0,0.16498045843470643,0.0,0.0,0.01566260681419554,0.0,0.0,0.0,0.0731415928068648,0.0,0.0731415928068648,0.0731415928068648,0.0,0.0
2010-10-01,0.045633458640509605,0.007703877856105122,0.0,0.012079534530616559,0.0,0.1569374328007717,0.12185085206584165,0.0,0.0,0.0,0.08428777671525897,0.0,0.0,0.0,0.0,0.0,0.012079534530616559,0.0,0.15996136575206762,0.0,0.0,0.0,0.16568838509919068,0.0,0.0,0.014353003588427077,0.0,0.0,0.0,0.0731415928068648,0.0,0.0731415928068648,0.0731415928068648,0.0,0.0
2010-10-08,0.045633458640509605,0.009486380818903083,0.0,0.012079534530616559,0.0,0.16239599027176752,0.11832752051702997,0.0,0.0,0.0,0.07251995672428985,0.0,0.0,0.00035682853060263546,0.0,0.0,0.012079534530616559,0.0,0.16104556201162726,0.0,0.0,0.0,0.17007938547038082,0.0,0.0,0.01657106953306167,0.0,0.0,0.0,0.0731415928068648,0.0,0.0731415928068648,0.0731415928068648,0.0,0.0
2010-10-15,0.045633458640509716,0.008203550669537044,0.0,0.012079534530616559,0.0,0.1589771496716959,0.12248222208050662,0.0,0.0,0.0,0.08025643931671594,0.0,0.0,0.0,0.0,0.0,0.012079534530616559,0.0,0.15918206637861104,0.0,0.0,0.0,0.16822321497314963,0.0,0.0,0.013458050787446588,0.0,0.0,0.0,0.0731415928068648,0.0,0.0731415928068648,0.0731415928068648,0.0,0.0
2010-10-22,0.045633458640509716,0.010433511528118462,0.0,0.012079534530616559,0.0,0.15922118496550464,0.11952153496603732,0.0,0.0,0.0,0.07218239991886373,0.0,0.0,0.002920471367472598,0.0,0.0,0.012079534530616559,0.0,0.15779746233120995,0.0,0.0,0.0,0.1698798879431157,0.0,0.0,0.018826240857340408,0.0,0.0,0.0,0.0731415928068648,0.0,0.0731415928068648,0.0731415928068648,0.0,0.0
2010-10-29,0.0,0.054183436565728396,0.0,0.018022908199922912,0.0,0.16720267514148116,0.06853974809859785,0.0,0.0,0.0,0.06957728715377737,0.0,0.0,0.0067763388407990855,0.0,0.0,0.018022908199922912,0.0,0.16143706316617445,0.0,0.0,0.0,0.1783373864141377,0.0,0.0,0.026529724542665164,0.0,0.0,0.0,0.07712350789226431,0.0,0.07712350789226431,0.07712350789226431,0.0,0.0
2010-11-05,1.1102230246251565e-16,0.039909392086301475,0.0,0.018022908199922912,0.0,0.1689297736396112,0.06853974809859785,0.0,0.0,0.003378347671456209,0.06523249092303239,0.0,0.0,0.009102902544687187,0.0,0.0,0.018022908199922912,0.0,0.16237551460227265,0.0,0.0,0.0018792594952646287,0.17876498943071234,0.0,0.0,0.034471241431425215,0.0,0.0,0.0,0.07712350789226431,0.0,0.07712350789226431,0.07712350789226431,0.0,0.0
2010-11-12,0.0,0.05612412616532639,0.0,0.020039633002477436,0.0,0.17072302770511874,0.06853974809859785,0.0,0.0,0.00714285963382577,0.050516839898674934,0.0,0.0,0.007279315438758085,0.0,0.0,0.018022908199922912,0.0,0.15091681296839984,0.0,0.0,0.004649812613315026,0.17942525567652673,0.0,0.0,0.03524913692226327,0.0,0.0,0.0,0.07712350789226431,0.0,0.07712350789226431,0.07712350789226431,0.0,0.0
2010-11-19,1.1102230246251565e-16,0.04888801369789416,0.0,0.027300148171286273,0.0,0.16888635300610114,0.06853974809859785,0.0,0.0,0.004777956251971183,0.050516839898674934,0.0,0.0,0.0131884206469897,0.0,0.0,0.018022908199922912,0.0,0.14137707691880114,0.0,0.0,0.010463675046191076,0.1785494829087863,0.0,0.0,0.03811885347799032,0.0,0.0,0.0,0.07712350789226431,0.0,0.07712350789226431,0.07712350789226431,0.0,0.0
2010-11-26,0.04231556252764268,0.0514041089146737,0.0,0.027455052490786808,0.0,0.1467936209607399,0.06503326341996703,0.0,0.0,0.008145808870498693,0.047774036340306664,0.0,0.0,0.016062871551410528,0.0,0.0,0.017259227079660364,0.0,0.055141946498460104,0.0,0.0,0.012561638561383225,0.22314818291206473,0.07330913346578542,0.0,0.06697727947504929,0.0,0.0,0.0,0.07330913346578542,0.0,0.0,0.07330913346578542,0.0,0.0
2010-12-03,0.04231556252764279,0.05510238021298169,0.0,0.023057422267385646,0.0,0.1509893014077901,0.06503326341996703,0.0,0.0,0.004141756886313987,0.047774036340306664,0.0,0.0,0.019836645091942932,0.0,0.0,0.017259227079660364,0.0,0.055141946498460104,0.0,0.0,0.00835233138096759,0.22138986759043222,0.07330913346578542,0.0,0.06967885889879272,0.0,0.0,0.0,0.07330913346578542,0.0,0.0,0.07330913346578542,0.0,0.0
2010-12-10,0.04231556252764279,0.056065674299890206,0.0,0.021791243762535835,0.0,0.15207439587577215,0.06503326341996703,0.0,0.0,0.007485862709256574,0.047774036340306664,0.0,0.0,0.015363399009160963,0.0,0.0,0.017259227079660364,0.0,0.055141946498460104,0.0,0.0,0.007094253694581801,0.2232027883045945,0.07330913346578542,0.0,0.06947094608081483,0.0,0.0,0.0,0.07330913346578542,0.0,0.0,0.07330913346578542,0.0,0.0
2010-12-17,0.04231556252764279,0.051379904726103015,0.0,0.01944257287215883,0.0,0.16775931707737918,0.06503326341996703,0.0,0.0,0.008337900600385927,0.047774036340306664,0.0,0.0,0.01881190492315674,0.0,0.0,0.017259227079660364,0.0,0.055141946498460104,0.0,0.0,0.003622817354318019,0.21492493872996954,0.07330913346578542,0.0,0.06826920745313556,0.0,0.0,0.0,0.07330913346578542,0.0,0.0,0.07330913346578542,0.0,0.0
2010-12-24,0.04231556252764268,0.05381822034058778,0.0,0.02276281987458124,0.0,0.16993776078623085,0.06503326341996703,0.0,0.0,0.009161066430693181,0.047774036340306664,0.0,0.0,0.014304855691638856,0.0,0.0,0.018194634481688905,0.0,0.055141946498460104,0.0,0.0,0.0070444448222399085,0.20808396404196433,0.07330913346578542,0.0,0.06650002434664218,0.0,0.0,0.0,0.07330913346578542,0.0,0.0,0.07330913346578542,0.0,0.0
2010-12-31,0.0,0.052909423516399275,0.0,0.018113119600786234,0.0,0.1691333497094996,0.06506564812956796,0.0,0.0,0.015102885244377544,0.04695252852878172,0.0,0.0,0.02023262282474991,0.0,0.0,0.021276013964902862,0.0,0.06404356509234956,0.0,0.0,0.0,0.22854819302555562,0.09116288098831002,0.0,0.02513400739809963,0.0,0.09116288098831002,0.0,0.0,0.0,0.0,0.09116288098831002,0.0,0.0
2011-01-07,1.1102230246251565e-16,0.054623235609282325,0.0,0.018113119600786234,0.0,0.1606401009051691,0.06506564812956796,0.0,0.0,0.017858758805221878,0.04695252852878172,0.0,0.0,0.01958345385368524,0.0,0.0,0.022164733385143947,0.0,0.06404356509234956,0.0,0.0,0.0009905949718100433,0.22999815181445482,0.09116288098831002,0.0,0.026477466338817056,0.0,0.09116288098831002,0.0,0.0,0.0,0.0,0.09116288098831002,0.0,0.0
2011-01-14,0.0,0.05198573894955227,0.0,0.018113119600786234,0.0,0.15038061286227664,0.06506564812956796,0.0,0.0,0.02751512562437953,0.04695252852878172,0.0,0.0,0.025390680274540233,0.0,0.0,0.028960761858983018,0.0,0.06404356509234956,0.0,0.0,0.0,0.2257616278692583,0.09116288098831002,0.0,0.022341948244594408,0.0,0.09116288098831002,0.0,0.0,0.0,0.0,0.09116288098831002,0.0,0.0
2011-01-21,0.0,0.05997962661496267,0.0,0.018113119600786234,0.0,0.14632648303624,0.06506564812956796,0.0,0.0,0.026234661487504325,0.04695252852878172,0.0,0.0,0.01989221494991762,0.0,0.0,0.03241827211039526,0.0,0.06404356509234956,0.0,0.0,0.0,0.22293538234434385,0.09116288098831002,0.0,0.024549855140220733,0.0,0.09116288098831002,0.0,0.0,0.0,0.0,0.09116288098831002,0.0,0.0
2011-01-28,0.0769958885007268,0.047851246218735696,0.0,0.013823842032828843,0.0,0.14235127639493408,0.0681819179239382,0.0,0.0,0.042954622647176255,0.05435807589110936,0.0,0.0,0.01607791166812388,0.0,0.0,0.050858982130156244,0.0,0.0,0.0,0.0,0.0,0.09726446533655995,0.0,0.0,0.049318273612395824,0.08499087441082868,0.0,0.0,0.0,0.0,0.08499087441082868,0.08499087441082868,0.0,0.08499087441082868
2011-02-04,0.07699588850072692,0.04852948816839831,0.0,0.013823842032828843,0.0,0.1450218824804325,0.0681819179239382,0.0,0.0,0.04125074639501772,0.05435807589110936,0.0,0.0,0.014181571547059393,0.0,0.0,0.046178619885825584,0.0,0.0,0.0,0.0,0.0,0.09889828429067017,0.0,0.0,0.05261618524067829,0.08499087441082868,0.0,0.0,0.0,0.0,0.08499087441082868,0.08499087441082868,0.0,0.08499087441082868
2011-02-11,0.0769958885007268,0.045687952809869245,0.0,0.013823842032828843,0.0012783733412963607,0.1284660779309456,0.0681819179239382,0.0,0.0,0.05015015764604425,0.05435807589110936,0.0,0.0,0.026259796238122673,0.0,0.0,0.04508716002240795,0.0,0.0,0.0,0.0,0.0,0.0964651226518791,0.0,0.0,0.05328213736751676,0.08499087441082868,0.0,0.0,0.0,0.0,0.08499087441082868,0.08499087441082868,0.0,0.08499087441082868
2011-02-18,0.07699588850072703,0.04580132083624719,0.0,0.016693418880523704,0.0,0.12071918897072668,0.0681819179239382,0.0,0.0,0.04867897594303474,0.05435807589110936,0.0,0.0,0.02464542273932924,0.0,0.0,0.05019759912268751,0.0,0.0,0.0,0.0,0.004792471290468375,0.0964651226518791,0.0,0.0,0.05250709960601421,0.08499087441082868,0.0,0.0,0.0,0.0,0.08499087441082868,0.08499087441082868,0.0,0.08499087441082868
2011-02-25,0.042389826867686664,0.055904831186287154,0.0,0.020348280148578465,0.08588739397586653,0.08049394058384882,0.06427578127633952,0.0,0.0,0.05237128635957628,0.04818176667560744,0.0,0.0,0.024460486170012105,0.0,0.0,0.11390739833204266,0.0,0.0,0.0,0.0,0.007667474254023649,0.09517250716021611,0.0,0.0,0.13716423905818154,0.08588739397586653,0.0,0.0,0.0,0.0,0.0,0.08588739397586653,0.0,0.0
2011-03-04,0.04238982686768655,0.05407914089288619,0.0,0.026589405993339213,0.08588739397586653,0.08049394058384882,0.06427578127633952,0.0,0.0,0.05147434377765277,0.04818176667560744,0.0,0.0,0.021920821442420295,0.0,0.0,0.11127036737224114,0.0,0.0,0.0,0.0,0.012150482706276248,0.09673972583196418,0.0,0.0,0.13277221465213798,0.08588739397586653,0.0,0.0,0.0,0.0,0.0,0.08588739397586653,0.0,0.0
2011-03-11,0.04238982686768655,0.05191499492244894,0.0,0.026362221245220765,0.09149609071575845,0.08049394058384882,0.06427578127633952,0.0,0.0,0.0513338238117996,0.04818176667560744,0.0,0.0,0.021217263438611654,0.0,0.0,0.11133021828268816,0.0,0.0,0.0,0.0,0.011874804017069732,0.09524053653264752,0.0,0.0,0.13211394367853968,0.08588739397586653,0.0,0.0,0.0,0.0,0.0,0.08588739397586653,0.0,0.0
2011-03-18,0.04238982686768655,0.05545429624600569,0.0,0.020251994030807956,0.08829331778273546,0.08049394058384882,0.06427578127633952,0.0,0.0,0.052679310691398445,0.04818176667560744,0.0,0.0,0.02167551525860804,0.0,0.0,0.11408930520621793,0.0,0.0,0.0,0.0,0.005822076037160713,0.1025041377133106,0.0,0.0,0.13211394367853968,0.08588739397586653,0.0,0.0,0.0,0.0,0.0,0.08588739397586653,0.0,0.0
2011-03-25,0.13224517351610365,0.031682782844952385,0.0,0.11918031895184439,0.017870817956916623,0.04996675015336613,0.06336954013787324,0.0,0.0,0.020213895170591672,0.04574663172388317,0.0,0.0,0.019521937808764527,0.0,0.0,0.12096020652095857,0.0,0.0,0.0,0.0,0.007814987349074763,0.09846588358841221,0.08511272195442288,0.0,0.017622908413990064,0.08511272195442288,0.0,0.0,0.0,0.0,0.0,0.08511272195442288,0.0,0.0
2011-04-01,0.13224517351610354,0.031759943274114494,0.0,0.11722935734834493,0.015917211085919942,0.04996675015336613,0.06336954013787324,0.0,0.0,0.021564267580355075,0.04574663172388317,0.0,0.0,0.018347591036771197,0.0,0.0,0.12215292500595562,0.0,0.0,0.0,0.0,0.00552674159366085,0.10321279326639304,0.08511272195442288,0.0,0.017622908413990064,0.08511272195442288,0.0,0.0,0.0,0.0,0.0,0.08511272195442288,0.0,0.0
2011-04-08,0.13224517351610365,0.03544048303878606,0.0,0.11726829315221651,0.012139631490947449,0.04996675015336613,0.06336954013787324,0.0,0.0,0.021464321028662508,0.04574663172388317,0.0,0.0,0.021652443624890636,0.0,0.0,0.12219536506188161,0.0,0.0,0.0,0.0,0.004022890653683741,0.10152740214044662,0.08511272195442288,0.0,0.017622908413990064,0.08511272195442288,0.0,0.0,0.0,0.0,0.0,0.08511272195442288,0.0,0.0
2011-04-15,0.13224517351610365,0.034671013390142794,0.0,0.1148752618593604,0.012139631490947449,0.05782622014249623,0.06336954013787324,0.0,0.0,0.01781376454764098,0.04574663172388317,0.0,0.0,0.018611334487310872,0.0,0.0,0.11963335763717498,0.0,0.0,0.0,0.0,0.000789005919625061,0.10931799087018251,0.08511272195442288,0.0,0.017622908413990064,0.08511272195442288,0.0,0.0,0.0,0.0,0.0,0.08511272195442288,0.0,0.0
2011-04-22,0.13224517351610365,0.035308253519843534,0.0,0.1148752618593604,0.012139631490947449,0.06992503312511802,0.06530117308882533,0.0,0.0,0.021407024060089066,0.04574663172388317,0.0,0.0,0.0043750889423826616,0.0,0.0,0.11765322173443171,0.0,0.0,0.0,0.0,0.0,0.10806243266175633,0.08511272195442288,0.0,0.017622908413990064,0.08511272195442288,0.0,0.0,0.0,0.0,0.0,0.08511272195442288,0.0,0.0
2011-04-29,2.220446049250313e-16,0.05866920731447909,0.0,0.018968665912253112,0.0,0.15883618305134245,0.10395384453942687,0.0,0.0,0.023340383917606084,0.05164483387166483,0.0,0.0,0.012466728409567748,0.0,0.0,0.06055333442759868,0.0,0.0,0.0,0.0,0.0,0.19729547086896082,0.08620573961524558,0.0,0.05565412884136342,0.0,0.08620573961524558,0.0,0.0,0.0,0.0,0.08620573961524558,0.0,0.0
2011-05-06,1.1102230246251565e-16,0.053454312731086896,0.0,0.018968665912253112,0.0,0.14320061866140452,0.10395384453942687,0.0,0.0,0.030235858500288974,0.05164483387166483,0.0,0.0,0.01535573539073221,0.0,0.0,0.06267824052046023,0.0,0.0,0.0,0.0,0.0,0.19396703512501448,0.08620573961524558,0.0,0.067923635901931,0.0,0.08620573961524558,0.0,0.0,0.0,0.0,0.08620573961524558,0.0,0.0
2011-05-13,1.1102230246251565e-16,0.053054780029769426,0.0,0.02002610759389502,0.0,0.1541368652890188,0.10395384453942687,0.0,0.0,0.028647462211917128,0.05164483387166483,0.0,0.0,0.00839983289015702,0.0,0.0,0.05230901066776203,0.0,0.0,0.0,0.0,0.0031220139617248966,0.19280505050911667,0.08620573961524558,0.0,0.07328297958981042,0.0,0.08620573961524558,0.0,0.0,0.0,0.0,0.08620573961524558,0.0,0.0
2011-05-20,1.1102230246251565e-16,0.04585894207873948,0.0,0.025849679278229745,0.0,0.15528757157873424,0.10395384453942687,0.0,0.0,0.02641832762752436,0.05164483387166483,0.0,0.0,0.0033086717551984606,0.0,0.0,0.05230901066776203,0.0,0.0,0.0,0.0,0.008712185200424362,0.19280505050911667,0.08620573961524558,0.0,0.07523466404744206,0.0,0.08620573961524558,0.0,0.0,0.0,0.0,0.08620573961524558,0.0,0.0
2011-05-27,0.03553769049338018,0.08367185913236853,0.0,0.16532714745029192,0.0,0.029300526810420332,0.07153901390571107,0.0,0.0,0.024230848734713394,0.054371903679394734,0.0,0.0,0.01710165568435728,0.0,0.0,0.017167110226316347,0.0,0.017167110226316347,0.0,0.0,0.03346461888561715,0.10716742146107014,0.0,0.0,0.1796830721310745,0.08213501058948405,0.08213501058948405,0.0,0.0,0.0,0.0,0.0,0.0,0.0
2011-06-03,0.03553769049338018,0.08102517154942977,0.0,0.17261285729777628,0.0,0.025050977337240786,0.07153901390571107,0.0,0.0,0.020972670989861907,0.054371903679394734,0.0,0.0,0.013276175421298612,0.0,0.0,0.018374570445796913,0.0,0.017167110226316347,0.0,0.0,0.043974765466281575,0.10592946685459534,0.0,0.0,0.17589760515394837,0.08213501058948405,0.08213501058948405,0.0,0.0,0.0,0.0,0.0,0.0,0.0
2011-06-10,0.03553769049338018,0.08102517154942977,0.0,0.16928114538624162,0.0,0.017167110226316347,0.07153901390571107,0.0,0.0,0.022711243318554227,0.054371903679394734,0.0,0.0,0.019799752510079035,0.0,0.0,0.036524271022893295,0.0,0.017167110226316347,0.0,0.0,0.037177424103593294,0.10905174310031032,0.0,0.0,0.1643763992988117,0.08213501058948405,0.08213501058948405,0.0,0.0,0.0,0.0,0.0,0.0,0.0
2011-06-17,0.03553769049338018,0.08102517154942977,0.0,0.1603458416347197,0.0,0.02051143847713505,0.07153901390571107,0.0,0.0,0.026881932677075632,0.054371903679394734,0.0,0.0,0.02162564090813334,0.0,0.0,0.03566214998765806,0.0,0.017167110226316347,0.0,0.0,0.02770398750279983,0.12301225614455852,0.0,0.0,0.1603458416347197,0.08213501058948405,0.08213501058948405,0.0,0.0,0.0,0.0,0.0,0.0,0.0
2011-06-24,0.035764688990800986,0.02682351674310073,0.0,0.1619668911694373,0.0,0.03355412933690957,0.0759115184256358,0.0,0.0,0.023432440300040245,0.05538634155450918,0.0,0.0,0.019357727488260045,0.0,0.0,0.15293891340349458,0.0,0.02052517687112662,0.0,0.0,0.02682351674310073,0.1312501905852635,0.0787549827961069,0.0,0.0,0.0,0.0,0.0,0.0,0.0,0.0,0.0787549827961069,0.0787549827961069,0.0
2011-07-01,0.035764688990800986,0.02682351674310073,0.0,0.1619668911694373,0.0,0.03840334865042933,0.0759115184256358,0.0,0.0,0.02450935636553971,0.05538634155450918,0.0,0.0,0.008443767528150707,0.0,0.0,0.147264337601571,0.0,0.02052517687112662,0.0,0.0,0.02777681461487619,0.1409592930965017,0.0787549827961069,0.0,0.0,0.0,0.0,0.0,0.0,0.0,0.0,0.0787549827961069,0.0787549827961069,0.0
2011-07-08,0.035764688990800986,0.02682351674310073,0.0,0.1627855786706417,0.0,0.04819147059479202,0.0759115184256358,0.0,0.0,0.014322620446824811,0.05538634155450918,0.0,0.0,0.01343291393683829,0.0,0.0,0.14793414892539697,0.0,0.02052517687112662,0.0,0.0,0.030782612208119883,0.1318744642438923,0.0787549827961069,0.0,0.0,0.0,0.0,0.0,0.0,0.0,0.0,0.0787549827961069,0.0787549827961069,0.0
2011-07-15,0.035764688990800986,0.04040784891801154,0.0,0.1619668911694373,0.0,0.0525544195381702,0.0759115184256358,0.0,0.0,0.010820335443435445,0.05538634155450918,0.0,0.0,0.007905708029425574,0.0,0.0,0.14429938629564942,0.0,0.02052517687112662,0.0,0.0,0.02682351674310073,0.13136921963237647,0.0787549827961069,0.0,0.0,0.0,0.0,0.0,0.0,0.0,0.0,0.0787549827961069,0.0787549827961069,0.0
2011-07-22,0.035764688990800986,0.028189902705070033,0.0,0.1619668911694373,0.0,0.05516718393576815,0.0759115184256358,0.0,0.0,0.014062365602596343,0.05538634155450918,0.0,0.0,0.0046247117326107525,0.0,0.0,0.14689086444720834,0.0,0.02052517687112662,0.0,0.0,0.02682351674310073,0.13842188943381506,0.0787549827961069,0.0,0.0,0.0,0.0,0.0,0.0,0.0,0.0,0.0787549827961069,0.0787549827961069,0.0
2011-07-29,0.0,0.03636228124076187,0.0,0.020321702433989692,0.0,0.20220340500721476,0.07891434074051716,0.0,0.0,0.027670207476077995,0.05859263830652747,0.0,0.0,0.0,0.0,0.0,0.09585507842651009,0.0,0.020321702433989692,0.0,0.0,0.0,0.18270296464220853,0.06418349421455326,0.0,0.020321702433989692,0.0,0.0,0.0,0.0,0.0,0.06418349421455326,0.06418349421455326,0.06418349421455326,0.0
2011-08-05,0.0,0.03636228124076187,0.0,0.020321702433989692,0.0,0.18689654462165725,0.07891434074051716,0.0,0.0,0.029449302575455548,0.05859263830652747,0.0,0.0,0.01547434863764849,0.0,0.0,0.10669732546555018,0.0,0.020321702433989692,0.0,0.0,0.0,0.16991413425169988,0.06418349421455326,0.0,0.020321702433989692,0.0,0.0,0.0,0.0,0.0,0.06418349421455326,0.06418349421455326,0.06418349421455326,0.0
2011-08-12,0.2567339768582131,0.03636228124076187,0.0,0.020321702433989692,0.0,0.1940237418534282,0.07891434074051716,0.0,0.0,0.020589157433076943,0.05859263830652747,0.0,0.0,0.019878669036680598,0.0,0.0,0.10273521133638051,0.0,0.020321702433989692,0.0,0.0,0.0,0.17120487589244515,0.0,0.0,0.020321702433989692,0.0,0.0,0.0,0.0,0.0,0.0,0.0,0.0,0.0
2011-08-19,0.2567339768582131,0.04161493679980797,0.0,0.020321702433989692,0.0,0.1903509256630347,0.07891434074051716,0.0,0.0,0.021287683117586047,0.05859263830652747,0.0,0.0,0.018187741041167105,0.0,0.0,0.10234758821532174,0.0,0.020321702433989692,0.0,0.0,0.0,0.17100506195585571,0.0,0.0,0.020321702433989692,0.0,0.0,0.0,0.0,0.0,0.0,0.0,0.0,0.0
2011-08-26,0.7483161845492774,0.0,0.0,0.0,0.0,0.08527702111821452,0.02705321281026779,0.0,0.0,0.007151966756653904,0.0,0.0,0.0,0.0071715608687061136,0.0,0.0,0.045311918728272754,0.0,0.029455730643597244,0.0,0.0,0.0,0.050262404525010254,0.0,0.0,0.0,0.0,0.0,0.0,0.0,0.0,0.0,0.0,0.0,0.0
2011-09-02,0.7483161845492774,0.0,0.0,0.0,0.0029719187385147724,0.08437340102522994,0.02705321281026779,0.0,0.0,0.004546917011094509,0.0,0.0,0.0,0.008395220746692763,0.0,0.0,0.04242587076687414,0.0,0.029455730643597244,0.0,0.0,0.0,0.047968633835576216,0.0,0.0,0.00449290987287519,0.0,0.0,0.0,0.0,0.0,0.0,0.0,0.0,0.0
2011-09-09,0.7483161845492774,0.0051256032696285125,0.0,0.0,0.0,0.07847863561025528,0.028561735851558967,0.0,0.0,0.0,0.017160665759122347,0.0,0.0,0.0029276122919506546,0.0,0.0,0.041209611403359526,0.0,0.03701033986148776,0.0,0.0,0.0,0.041209611403359526,0.0,0.0,0.0,0.0,0.0,0.0,0.0,0.0,0.0,0.0,0.0,0.0
2011-09-16,0.7483161845492774,0.006408648992508684,0.0,0.0,0.0,0.07831735163096191,0.02705321281026779,0.0,0.0,0.0,0.016803305579072204,0.0,0.0,0.0028277929484238516,0.0,0.0,0.041209611403359526,0.0,0.03766942902381745,0.0,0.0,0.0,0.04139446306231115,0.0,0.0,0.0,0.0,0.0,0.0,0.0,0.0,0.0,0.0,0.0,0.0
2011-09-23,0.7483161845492774,0.007131682264151792,0.0,0.0,0.0,0.07694296940420794,0.030666860664594123,0.0,0.0,0.0,0.016494745139056455,0.0,0.0,0.00019958329908495226,0.0,0.0,0.041209611403359526,0.0,0.036956784064240515,0.0,0.0,0.0,0.042081579212027265,0.0,0.0,0.0,0.0,0.0,0.0,0.0,0.0,0.0,0.0,0.0,0.0
2011-09-30,0.7502953027118414,0.01325070226553049,0.0,0.0,0.0,0.07431155285299955,0.032107236081038874,0.0,0.0,0.0,0.04452262637212805,0.0,0.0,0.001508723934951369,0.0,0.0,0.0,0.0,0.07019290074183866,0.0,0.0,0.0,0.013810955039671571,0.0,0.0,0.0,0.0,0.0,0.0,0.0,0.0,0.0,0.0,0.0,0.0
2011-10-07,0.7502953027118414,0.012531703987790375,0.0,0.0,0.0,0.07380690085323013,0.03384290230202534,0.0,0.0,0.0,0.04633431434024761,0.0,0.0,0.0005805799466990426,0.0,0.0,0.0,0.0,0.06958427868305808,0.0,0.0,0.0,0.01302401717510799,0.0,0.0,0.0,0.0,0.0,0.0,0.0,0.0,0.0,0.0,0.0,0.0
2011-10-14,0.7502953027118414,0.010852087617935356,0.0,0.0,0.0,0.07463554302649181,0.03269503425368506,0.0,0.0,0.0,0.048701385669868084,0.0,0.0,0.0005519789799340415,0.0,0.0,0.0,0.0,0.06942017368581226,0.0,0.0,0.0,0.012848494054431975,0.0,0.0,0.0,0.0,0.0,0.0,0.0,0.0,0.0,0.0,0.0,0.0
2011-10-21,0.7502953027118414,0.008055297749285165,0.0,0.0,0.0,0.07562667270476958,0.03053243997410368,0.0,0.0,0.0,0.0491320853526427,0.0,0.0,0.0027854823756190473,0.0,0.0,0.0,0.0,0.07052713249026055,0.0,0.0,0.0,0.013045586641477862,0.0,0.0,0.0,0.0,0.0,0.0,0.0,0.0,0.0,0.0,0.0,0.0
2011-10-28,0.750873708203843,0.0054599772270957445,0.0,0.0,0.0,0.06557800391575236,0.04461853143345868,0.0,0.0,0.0,0.06339017498659134,0.0,0.0,0.0018005858789015602,0.0,0.0,0.0,0.0,0.06827901835435725,0.0,0.0,0.0,0.0,0.0,0.0,0.0,0.0,0.0,0.0,0.0,0.0,0.0,0.0,0.0,0.0
2011-11-04,0.6681383001733514,0.0054599772270957445,0.0,0.0,0.0,0.06687709616984687,0.043785256437321306,0.0,0.0,0.0,0.06340331740954203,0.0,0.0,0.0014361230043870904,0.0,0.0,0.0,0.0,0.06816452154796389,0.0,0.0,0.0,0.0,0.0,0.0,0.0,0.0,0.0,0.0,0.0,0.0,0.02757846934349725,0.02757846934349725,0.02757846934349725,0.0
2011-11-11,0.7508737082038431,0.0054599772270957445,0.0,0.0,0.0,0.0674353871632713,0.0420539586520931,0.0,0.0,0.0,0.06267115719803974,0.0,0.0,0.001699415912090093,0.0,0.0,0.0,0.0,0.06980639564356694,0.0,0.0,0.0,0.0,0.0,0.0,0.0,0.0,0.0,0.0,0.0,0.0,0.0,0.0,0.0,0.0
2011-11-18,0.6681383001733514,0.0054599772270957445,0.0,0.0,0.0,0.06753406184302123,0.04313996599096751,0.0,0.0,0.0,0.057098077446478095,0.0,0.0,0.005717940646248035,0.0,0.0,0.0,0.0,0.07017626864234632,0.0,0.0,0.0,0.0,0.0,0.0,0.0,0.0,0.0,0.0,0.0,0.0,0.02757846934349725,0.02757846934349725,0.02757846934349725,0.0
2011-11-25,0.4526754814189726,0.0,0.0,0.0,0.0,0.16803464754295344,0.04704057361160676,0.0,0.0,0.0,0.09515010681673453,0.0,0.0,0.035624866896063,0.0,0.0,0.0027957022001352276,0.0,0.17500021546741076,0.0,0.0,0.0,0.023678406046123594,0.0,0.0,0.0,0.0,0.0,0.0,0.0,0.0,0.0,0.0,0.0,0.0
2011-12-02,0.45267548141897274,0.0,0.0,0.0,0.0,0.17052548520683647,0.046884886709879385,0.0,0.0,0.0,0.09428995657641517,0.0,0.0,0.0358651129071261,0.0,0.0,0.0015455796090053679,0.0,0.17234240479966934,0.0,0.0,0.0,0.025871092772095476,0.0,0.0,0.0,0.0,0.0,0.0,0.0,0.0,0.0,0.0,0.0,0.0
2011-12-09,0.45267548141897274,0.0,0.0,0.0,0.0,0.16585138703709942,0.04975326203975973,0.0,0.0,0.0,0.10291954515933352,0.0,0.0,0.030845240150488108,0.0,0.0,0.00043387702140710064,0.0,0.17048883780215612,0.0,0.0,0.0,0.027032369370783252,0.0,0.0,0.0,0.0,0.0,0.0,0.0,0.0,0.0,0.0,0.0,0.0
2011-12-16,0.23202259078466525,0.0,0.0,0.0,0.0,0.17052165425562021,0.04707452119244226,0.0,0.0,0.0,0.08983951118478689,0.0,0.0,0.03369006465274223,0.0,0.0,0.0030780258190058513,0.0,0.1778320908488414,0.0,0.0,0.0,0.02528865062758845,0.0,0.0,0.0,0.0,0.0,0.0,0.0,0.055163222658576865,0.055163222658576865,0.055163222658576865,0.055163222658576865,0.0
2011-12-23,0.4526754814189726,0.0,0.0,0.0,0.0,0.16747639880239684,0.04687604739200661,0.0,0.0,0.0,0.10847396330533254,0.0,0.0,0.02825357885503203,0.0,0.0,0.0,0.0,0.17256612418013573,0.0,0.0,0.0,0.023678406046123594,0.0,0.0,0.0,0.0,0.0,0.0,0.0,0.0,0.0,0.0,0.0,0.0
2011-12-30,0.15500000000000003,0.0,0.0,0.0,0.0,0.13312819716259025,0.11555044521564328,0.0,0.0,0.0,0.15276780986759736,0.0,0.0,0.0,0.0,0.0,0.02646520347169089,0.0,0.16682448081632636,0.0,0.0,0.0,0.08241486847030614,0.0,0.0,0.0,0.0,0.0,0.0,0.0,0.0,0.055949664998615256,0.055949664998615256,0.055949664998615256,0.0
2012-01-06,0.1549999999999998,0.0,0.0,0.0,0.0,0.13326037999369375,0.11889058495844608,0.0,0.0,0.0,0.144285202741595,0.0,0.0,0.005410687390701654,0.0,0.0,0.02646520347169089,0.0,0.16642407797772074,0.0,0.0,0.0,0.08241486847030614,0.0,0.0,0.0,0.0,0.0,0.0,0.0,0.0,0.055949664998615256,0.055949664998615256,0.055949664998615256,0.0
2012-01-13,0.1549999999999998,0.0,0.0,0.0,0.0,0.13214694429060259,0.11837361588775656,0.0,0.0,0.0,0.151204579983019,0.0,0.0,0.0,0.0,0.0,0.02646520347169089,0.0,0.16231909145970827,0.0,0.0,0.0,0.08664156991137698,0.0,0.0,0.0,0.0,0.0,0.0,0.0,0.0,0.055949664998615256,0.055949664998615256,0.055949664998615256,0.0
2012-01-20,0.1549999999999998,0.0,0.0,0.0,0.0,0.12591684829323674,0.1268265692860535,0.0,0.0,0.0,0.15174138976159723,0.0,0.0,0.0,0.0,0.0,0.02646520347169089,0.0,0.1598896201390913,0.0,0.0,0.0,0.08631137405248462,0.0,0.0,0.0,0.0,0.0,0.0,0.0,0.0,0.055949664998615256,0.055949664998615256,0.055949664998615256,0.0
2012-01-27,0.006799904045942995,0.0,0.0,0.0,0.0,0.17636906138345437,0.14542001834704466,0.0,0.0,0.0,0.16024749565753002,0.0,0.0,0.0,0.0,0.0,0.020958712126231835,0.0,0.18955465163825574,0.0,0.0,0.0,0.055888049338768564,0.0,0.0,0.0,0.0,0.0,0.0,0.0,0.06119052686569296,0.06119052686569296,0.06119052686569296,0.06119052686569296,0.0
2012-02-03,0.006799904045942995,0.0,0.0,0.0,0.0,0.17001006856510825,0.15159897569313713,0.0,0.0,0.0,0.16393923982684505,0.0,0.0,0.0,0.0,0.0,0.020958712126231835,0.0,0.18957118241175575,0.0,0.0,0.0,0.05235980986820714,0.0,0.0,0.0,0.0,0.0,0.0,0.0,0.06119052686569296,0.06119052686569296,0.06119052686569296,0.06119052686569296,0.0
2012-02-10,0.006799904045943106,0.0,0.0,0.0,0.0,0.1776086422091721,0.14029633090592297,0.0,0.0,0.0,0.14716708887971822,0.0,0.0,0.0029126073497320795,0.0,0.0,0.022020592945365895,0.0,0.199362370819274,0.0,0.0,0.0,0.059070355382099884,0.0,0.0,0.0,0.0,0.0,0.0,0.0,0.06119052686569296,0.06119052686569296,0.06119052686569296,0.06119052686569296,0.0
2012-02-17,0.006799904045943106,0.0,0.0,0.0,0.0,0.1727236799511302,0.14098139847125685,0.0,0.0,0.0,0.16467033135957473,0.0,0.0,0.0,0.0,0.0,0.020958712126231835,0.0,0.19199413389263958,0.0,0.0,0.0,0.057109732690452004,0.0,0.0,0.0,0.0,0.0,0.0,0.0,0.06119052686569296,0.06119052686569296,0.06119052686569296,0.06119052686569296,0.0
2012-02-24,0.04558844693003017,0.0,0.0,0.014122731569811198,0.0,0.14422162213988815,0.12139100914970186,0.0,0.0,0.005206878502934342,0.13009889057007695,0.0,0.0,0.026042714277334924,0.0,0.0,0.03113257997808879,0.0,0.180859342612195,0.0,0.0,0.0,0.09781485564027102,0.0,0.0,0.014122731569811198,0.0,0.0,0.0,0.0,0.0,0.06313273235328544,0.06313273235328544,0.06313273235328544,0.0
2012-03-02,0.04558844693003017,0.0,0.0,0.014122731569811198,0.0,0.15596110453939832,0.12811925147836611,0.0,0.0,0.011483944816730696,0.13009889057007695,0.0,0.0,0.019358508106004594,0.0,0.0,0.02082358661730054,0.0,0.17244847743190905,0.0,0.0,0.0,0.09847412931070476,0.0,0.0,0.014122731569811198,0.0,0.0,0.0,0.0,0.0,0.06313273235328544,0.06313273235328544,0.06313273235328544,0.0
2012-03-09,0.04558844693003039,0.0,0.0,0.014122731569811198,0.0,0.14488998083641264,0.11981375359409754,0.0,0.0,0.014324970056621398,0.14724389584268416,0.0,0.0,0.02219192166880358,0.0,0.0,0.02502446774179143,0.0,0.16548139814249596,0.0,0.0,0.0,0.0977975049875843,0.0,0.0,0.014122731569811198,0.0,0.0,0.0,0.0,0.0,0.06313273235328544,0.06313273235328544,0.06313273235328544,0.0
2012-03-16,0.04558844693003017,0.0,0.0,0.014122731569811198,0.0,0.1511114776046928,0.11981375359409754,0.0,0.0,0.011926861778549538,0.13278532206684263,0.0,0.0,0.027102658651403017,0.0,0.0,0.028898836515519676,0.0,0.1677689551551964,0.0,0.0,0.0,0.09736002750418946,0.0,0.0,0.014122731569811198,0.0,0.0,0.0,0.0,0.0,0.06313273235328544,0.06313273235328544,0.06313273235328544,0.0
2012-03-23,0.04558844693003028,0.0,0.0,0.014122731569811198,0.0,0.15801824031710154,0.11981375359409754,0.0,0.0,0.01788290586177353,0.13009889057007695,0.0,0.0,0.02925933656552341,0.0,0.0,0.033268714410948454,0.0,0.1521897182759799,0.0,0.0,0.0,0.09623633327498969,0.0,0.0,0.014122731569811198,0.0,0.0,0.0,0.0,0.0,0.06313273235328544,0.06313273235328544,0.06313273235328544,0.0
2012-03-30,0.024288729659472486,0.0,0.0,0.016364793478930918,0.0,0.11332205843547387,0.07287558214763208,0.0,0.0,0.011569037389279623,0.13461156202994962,0.0,0.0,0.08966570470438878,0.0,0.0,0.02762180367672354,0.0,0.15238079758471132,0.0,0.0,0.0,0.14526707755846768,0.0,0.0,0.01877669011356112,0.0,0.0,0.0,0.0,0.0,0.06441872107380299,0.06441872107380299,0.06441872107380299,0.0
2012-04-06,0.024288729659472486,0.0,0.0,0.016364793478930918,0.0,0.10497521221360831,0.07287558214763208,0.0,0.0,0.0,0.13461156202994962,0.0,0.0,0.08807634598698619,0.0,0.0,0.036515681342151496,0.0,0.15768707114993755,0.0,0.0,0.0,0.14042306718077102,0.0,0.0,0.030925791589151416,0.0,0.0,0.0,0.0,0.0,0.06441872107380299,0.06441872107380299,0.06441872107380299,0.0
2012-04-13,0.024288729659472486,0.0,0.0,0.016364793478930918,0.0,0.0990695058272483,0.07287558214763208,0.0,0.0,0.00721798949334991,0.14851823363736316,0.0,0.0,0.07661884455876808,0.0,0.0,0.029521006297994947,0.0,0.16669605776713062,0.0,0.0,0.0,0.14768520233768262,0.0,0.0,0.017887891573017935,0.0,0.0,0.0,0.0,0.0,0.06441872107380299,0.06441872107380299,0.06441872107380299,0.0
2012-04-20,0.024288729659472486,0.0,0.0,0.016364793478930918,0.0,0.08253090760120708,0.078349369839325,0.0,0.0,0.009661537906362603,0.13461156202994962,0.0,0.0,0.091195029599342,0.0,0.0,0.04209857317989235,0.0,0.15228874762278558,0.0,0.0,0.0,0.15898979238239247,0.0,0.0,0.016364793478930918,0.0,0.0,0.0,0.0,0.0,0.06441872107380299,0.06441872107380299,0.06441872107380299,0.0
2012-04-27,0.08136660470776058,0.0,0.0,0.01689713545947039,0.06404498713888698,0.025641992529372118,0.11077753016622008,0.0,0.0,0.008876341864185348,0.12235638563331806,0.0,0.0,0.07736409620334306,0.0,0.0,0.03976430481356671,0.0,0.1581646447860401,0.0,0.0,0.0,0.0857138798217052,0.0,0.0,0.01689713545947039,0.0,0.0,0.0,0.0,0.06404498713888698,0.06404498713888698,0.06404498713888698,0.0,0.0
2012-05-04,0.08136660470776058,0.0,0.0,0.01689713545947039,0.06404498713888698,0.025641992529372118,0.11077753016622008,0.0,0.0,0.005413102603070914,0.13394306840317535,0.0,0.0,0.07551735292513434,0.0,0.0,0.039374828151426816,0.0,0.15229406343903,0.0,0.0,0.0,0.08569723760032105,0.0,0.0,0.01689713545947039,0.0,0.0,0.0,0.0,0.06404498713888698,0.06404498713888698,0.06404498713888698,0.0,0.0
2012-05-11,0.08136660470776058,0.0,0.0,0.01689713545947039,0.06404498713888698,0.025641992529372118,0.11654233580986352,0.0,0.0,0.0045537994557777505,0.11952238723612181,0.0,0.0,0.08105501100919241,0.0,0.0,0.04322578231393716,0.0,0.14647770613284353,0.0,0.0,0.0,0.09164016133064236,0.0,0.0,0.01689713545947039,0.0,0.0,0.0,0.0,0.06404498713888698,0.06404498713888698,0.06404498713888698,0.0,0.0
2012-05-18,0.08136660470776058,0.0,0.0,0.01689713545947039,0.06404498713888698,0.025641992529372118,0.1203525641160887,0.0,0.0,0.0,0.1337516407672871,0.0,0.0,0.07083811417815802,0.0,0.0,0.03261410989101596,0.0,0.15859731986429906,0.0,0.0,0.0,0.0868634344715297,0.0,0.0,0.01689713545947039,0.0,0.0,0.0,0.0,0.06404498713888698,0.06404498713888698,0.06404498713888698,0.0,0.0
2012-05-25,0.2372460974311631,0.0,0.0,0.0,0.0,0.0,0.07295984224446492,0.0,0.0,0.007218643659946755,0.10017285019878672,0.0,0.0,0.11501916344753024,0.0,0.0,0.07562173359414065,0.0,0.13125890970333798,0.0,0.0,0.0,0.10758644300623349,0.0,0.0,0.0,0.0,0.0,0.0,0.0,0.05097210557146537,0.05097210557146537,0.05097210557146537,0.0,0.0
2012-06-01,0.2372460974311631,0.0,0.0,0.0,0.0,0.0,0.07486773160356539,0.0,0.0,0.007561140532553235,0.10253693095733762,0.0,0.0,0.1139034826786893,0.0,0.0,0.07928236712767411,0.0,0.1263741302439589,0.0,0.0,0.0,0.1053118027106622,0.0,0.0,0.0,0.0,0.0,0.0,0.0,0.05097210557146537,0.05097210557146537,0.05097210557146537,0.0,0.0
2012-06-08,0.2372460974311631,0.0,0.0,0.0,0.0,0.0,0.07401202833747093,0.0,0.0,0.0033172170898357767,0.10711779185158046,0.0,0.0,0.10909849195116879,0.0,0.0,0.0748915990093828,0.0,0.13318882893769896,0.0,0.0,0.0,0.10821162867730305,0.0,0.0,0.0,0.0,0.0,0.0,0.0,0.05097210557146537,0.05097210557146537,0.05097210557146537,0.0,0.0
2012-06-15,0.2372460974311632,0.0,0.0,0.0,0.0,0.0,0.07582178344675089,0.0,0.0,0.0031139463267068116,0.1067214294001979,0.0,0.0,0.10989596150082567,0.0,0.0,0.07259924006015586,0.0,0.13559370004252688,0.0,0.0,0.0,0.10609152507727676,0.0,0.0,0.0,0.0,0.0,0.0,0.0,0.05097210557146537,0.05097210557146537,0.05097210557146537,0.0,0.0
2012-06-22,0.2372460974311632,0.0,0.0,0.0,0.0,0.0,0.07805970891243452,0.0,0.0,0.0,0.12594365225485882,0.0,0.0,0.10016128174229091,0.0,0.0,0.06434490008520063,0.0,0.14321979825241177,0.0,0.0,0.0,0.0981082446072441,0.0,0.0,0.0,0.0,0.0,0.0,0.0,0.05097210557146537,0.05097210557146537,0.05097210557146537,0.0,0.0
2012-06-29,0.04534577321976041,0.0,0.0,0.0,0.0,0.0,0.14606151038036494,0.0,0.0,0.0,0.15405049071855492,0.0,0.0,0.01673706932838917,0.0,0.0,0.0363253121108149,0.0,0.18419303754841296,0.0,0.0,0.0,0.24102358570988,0.0,0.0,0.0,0.0,0.0,0.0,0.0,0.05875440699460755,0.05875440699460755,0.05875440699460755,0.0,0.0
2012-07-06,0.04534577321976041,0.0,0.0,0.0,0.0,0.0032740255525240416,0.1398463467649361,0.0,0.0,0.0,0.18096935141445247,0.0,0.0,0.009977021121227172,0.0,0.0,0.026971893846285476,0.0,0.18171240068697941,0.0,0.0,0.0,0.23563996641001217,0.0,0.0,0.0,0.0,0.0,0.0,0.0,0.05875440699460755,0.05875440699460755,0.05875440699460755,0.0,0.0
2012-07-13,0.04534577321976052,0.0,0.0,0.0,0.0,0.0,0.1503580110459949,0.0,0.0,0.0,0.1629885378878833,0.0,0.0,0.011457837572323748,0.0,0.0,0.032386937100143634,0.0,0.18224201203572973,0.0,0.0,0.0,0.23895767015434155,0.0,0.0,0.0,0.0,0.0,0.0,0.0,0.05875440699460755,0.05875440699460755,0.05875440699460755,0.0,0.0
2012-07-20,0.04534577321976041,0.0,0.0,0.0,0.0,0.0,0.15099363343472505,0.0,0.0,0.0,0.15978662251288647,0.0,0.0,0.010759509333908127,0.0,0.0,0.03443551889611811,0.0,0.18441260012983635,0.0,0.0,0.0,0.23800312148894276,0.0,0.0,0.0,0.0,0.0,0.0,0.0,0.05875440699460755,0.05875440699460755,0.05875440699460755,0.0,0.0
2012-07-27,0.0,0.0,0.0,0.0,0.0,0.0,0.18651750144389556,0.0,0.0,0.0,0.1689553069748353,0.0,0.0,0.07876092023410691,0.0,0.0,0.031501456633508,0.0,0.19412188326093963,0.0,0.0,0.0,0.09557932669897415,0.0,0.0,0.0,0.0,0.0,0.0,0.0,0.06114090118843511,0.06114090118843511,0.06114090118843511,0.0,0.06114090118843511
2012-08-03,1.1102230246251565e-16,0.0,0.0,0.0,0.0,0.0,0.18995908776179435,0.0,0.0,0.0,0.16619135354077197,0.0,0.0,0.07627458518384647,0.0,0.0,0.03586201995548881,0.0,0.19177863161250822,0.0,0.0,0.0,0.09537071719184972,0.0,0.0,0.0,0.0,0.0,0.0,0.0,0.06114090118843511,0.06114090118843511,0.06114090118843511,0.0,0.06114090118843511
2012-08-10,1.1102230246251565e-16,0.0,0.0,0.0,0.0,0.0,0.18337504413498082,0.0,0.0,0.006937113360397938,0.14796497356881,0.0,0.0,0.07994885001519843,0.0,0.0,0.04299557517373189,0.0,0.19321214195449693,0.0,0.0,0.0,0.10100269703864352,0.0,0.0,0.0,0.0,0.0,0.0,0.0,0.06114090118843511,0.06114090118843511,0.06114090118843511,0.0,0.06114090118843511
2012-08-17,1.1102230246251565e-16,0.0,0.0,0.0,0.0,0.0,0.18625220600441078,0.0,0.0,0.005685484154020772,0.15132862862410895,0.0,0.0,0.0756149972786988,0.0,0.0,0.04320447137493988,0.0,0.1922272259700554,0.0,0.0,0.0,0.10112338184002496,0.0,0.0,0.0,0.0,0.0,0.0,0.0,0.06114090118843511,0.06114090118843511,0.06114090118843511,0.0,0.06114090118843511
2012-08-24,1.1102230246251565e-16,0.0,0.0,0.0,0.0,0.0,0.17915058419640828,0.0,0.0,0.006523747824328266,0.148275949049687,0.0,0.0,0.08719388584590344,0.0,0.0,0.049182468752442386,0.0,0.1807107995068457,0.0,0.0,0.0,0.10439896007064442,0.0,0.0,0.0,0.0,0.0,0.0,0.0,0.06114090118843511,0.06114090118843511,0.06114090118843511,0.0,0.06114090118843511
2012-08-31,1.1102230246251565e-16,0.0,0.0,0.017902398678611632,0.0,0.017902398678611632,0.14618522876647208,0.0,0.0,0.00531203763157833,0.1263362598556647,0.0,0.0,0.02108884565863816,0.0,0.0,0.06277748156866705,0.0,0.17249216171100465,0.0,0.0,0.0,0.24428249881050795,0.0,0.0,0.017902398678611632,0.0,0.0,0.0,0.0,0.0,0.0559394299872107,0.0559394299872107,0.0559394299872107,0.0
2012-09-07,0.0,0.0,0.0,0.017902398678611632,0.0,0.017902398678611632,0.14950836848720417,0.0,0.0,0.006479575659241679,0.12627103054682268,0.0,0.0,0.022282878525241547,0.0,0.0,0.06212610863618865,0.0,0.16785356983188218,0.0,0.0,0.0,0.24395298231595208,0.0,0.0,0.017902398678611632,0.0,0.0,0.0,0.0,0.0,0.0559394299872107,0.0559394299872107,0.0559394299872107,0.0
2012-09-14,0.0,0.0,0.0,0.017902398678611632,0.0,0.017902398678611632,0.14593592539868303,0.0,0.0,0.0063608668509463825,0.12232927783837763,0.0,0.0,0.026757149203398955,0.0,0.0,0.06594851096678214,0.0,0.16914987287695996,0.0,0.0,0.0,0.24199291086738484,0.0,0.0,0.017902398678611632,0.0,0.0,0.0,0.0,0.0,0.0559394299872107,0.0559394299872107,0.0559394299872107,0.0
2012-09-21,2.220446049250313e-16,0.0,0.0,0.01860098034670083,0.0,0.017902398678611632,0.14908574880819625,0.0,0.0,0.007824851132530418,0.11996992385852906,0.0,0.0,0.02708853239210524,0.0,0.0,0.06621054420456124,0.0,0.16423840950831334,0.0,0.0,0.0021177072101602238,0.24124021522004796,0.0,0.0,0.017902398678611632,0.0,0.0,0.0,0.0,0.0,0.0559394299872107,0.0559394299872107,0.0559394299872107,0.0
2012-09-28,1.1102230246251565e-16,0.0,0.0,0.021133190924502537,0.0,0.01899236985222205,0.16997235791801116,0.0,0.0,0.008078827552748616,0.11594613243259272,0.0,0.0,0.027713388330229995,0.0,0.0,0.13701508983738397,0.0,0.0645188934366363,0.0,0.0,0.0007214446294204964,0.2437972389222425,0.057706232103929174,0.0,0.01899236985222205,0.0,0.0,0.0,0.0,0.0,0.057706232103929174,0.057706232103929174,0.0,0.0
2012-10-05,1.1102230246251565e-16,0.0,0.0,0.01899236985222205,0.0,0.01899236985222205,0.1666827571798601,0.0,0.0,0.013967850654944719,0.11594613243259272,0.0,0.0,0.02750842759468062,0.0,0.0,0.13676767945877982,0.0,0.06522846887557894,0.0,0.0,0.0,0.24380287793510938,0.057706232103929174,0.0,0.01899236985222205,0.0,0.0,0.0,0.0,0.0,0.057706232103929174,0.057706232103929174,0.0,0.0
2012-10-12,1.1102230246251565e-16,0.0,0.0,0.021354842202256155,0.0,0.01899236985222205,0.16175515111646852,0.0,0.0,0.01522873483903972,0.11594613243259272,0.0,0.0,0.029105027507495725,0.0,0.0,0.134159891497633,0.0,0.0645188934366363,0.0,0.0,0.000798429789586421,0.2460294611620598,0.057706232103929174,0.0,0.01899236985222205,0.0,0.0,0.0,0.0,0.0,0.057706232103929174,0.057706232103929174,0.0,0.0
2012-10-19,1.1102230246251565e-16,0.0,0.0,0.026462008251224918,0.0,0.01899236985222205,0.16363081547446648,0.0,0.0,0.014314713714434924,0.11594613243259272,0.0,0.0,0.02179313303146967,0.0,0.0,0.13284880176103428,0.0,0.0645188934366363,0.0,0.0,0.005889096560984382,0.24349296932092465,0.057706232103929174,0.0,0.01899236985222205,0.0,0.0,0.0,0.0,0.0,0.057706232103929174,0.057706232103929174,0.0,0.0
2012-10-26,0.06916335285077757,0.0,0.0,0.022247748825684185,0.0,0.03236741426537251,0.1424493648124471,0.0,0.0,0.0692745704162885,0.09810313330012786,0.0,0.0,0.0330822154697143,0.0,0.0,0.11065888616660323,0.0,0.01959741361111578,0.0,0.0,0.0008949482005144272,0.20883681033147092,0.057908909379589285,0.0,0.01959741361111578,0.0,0.0,0.057908909379589285,0.0,0.057908909379589285,0.0,0.0,0.0,0.0
2012-11-02,0.06916335285077757,0.0,0.0,0.01959741361111578,0.0,0.025917404585725883,0.14716296935648965,0.0,0.0,0.06034964860362699,0.12844000371225894,0.0,0.0,0.02362751445780589,0.0,0.0,0.10903381275317073,0.0,0.023025464127108534,0.0,0.0,0.0,0.2003582741920364,0.057908909379589285,0.0,0.01959741361111578,0.0,0.0,0.057908909379589285,0.0,0.057908909379589285,0.0,0.0,0.0,0.0
2012-11-09,0.06916335285077757,0.0,0.0,0.023839619578136836,0.0,0.029367056098652658,0.1442232156446307,0.0,0.0,0.06322795455518376,0.11658462792919544,0.0,0.0,0.02646368601367747,0.0,0.0,0.11127219704457224,0.0,0.01959741361111578,0.0,0.0,0.0025784607321375475,0.2003582741920364,0.057908909379589285,0.0,0.01959741361111578,0.0,0.0,0.057908909379589285,0.0,0.057908909379589285,0.0,0.0,0.0,0.0
2012-11-16,0.06916335285077746,0.0,0.0,0.01959741361111578,0.0,0.024326402375841695,0.1557927001375674,0.0,0.0,0.054915793543835086,0.14299173851248032,0.0,0.0,0.010639337817821485,0.0,0.0,0.10688428670869003,0.0,0.020108924417991194,0.0,0.0,0.0,0.2022559082739958,0.057908909379589285,0.0,0.01959741361111578,0.0,0.0,0.057908909379589285,0.0,0.057908909379589285,0.0,0.0,0.0,0.0
2012-11-23,0.3007989903691347,0.0,0.0,0.02825038566083024,0.0,0.01959741361111578,0.15926816053076492,0.0,0.0,0.05233603538241077,0.13351575747863487,0.0,0.0,0.0025994156456707624,0.0,0.0,0.10378776141552146,0.0,0.01959741361111578,0.0,0.0,0.009712738394715054,0.15093851428896987,0.0,0.0,0.01959741361111578,0.0,0.0,0.0,0.0,0.0,0.0,0.0,0.0,0.0
2012-11-30,0.06602291803965721,0.0,0.0,0.057434076542959095,0.0,0.024195423177004932,0.1362347058974644,0.0,0.0,0.0051056358205569235,0.12313585234448286,0.0,0.0,0.007674465020514261,0.0,0.0,0.1508622182718373,0.0,0.024195423177004932,0.0,0.0,0.06121325554860045,0.09165158960747316,0.05689783268294397,0.0,0.024683105820668495,0.0,0.0,0.05689783268294397,0.0,0.0,0.05689783268294397,0.0,0.05689783268294397,0.0
2012-12-07,0.06602291803965721,0.0,0.0,0.05890943488905019,0.0,0.024195423177004932,0.1367482476225703,0.0,0.0,0.0034634000336564745,0.11797192750164794,0.0,0.0,0.002720199198773076,0.0,0.0,0.1519083797742327,0.0,0.024195423177004932,0.0,0.0,0.06076223144052855,0.10131566123709285,0.05689783268294397,0.0,0.024195423177004932,0.0,0.0,0.05689783268294397,0.0,0.0,0.05689783268294397,0.0,0.05689783268294397,0.0
2012-12-14,0.06602291803965721,0.0,0.0,0.05548436803870696,0.0,0.02723581621467657,0.14262812772987105,0.0,0.0,0.0,0.12762351587556842,0.0,0.0,0.0,0.0,0.0,0.1413318971993459,0.0,0.034482956525347296,0.0,0.0,0.05745267793733443,0.09595096853071128,0.05689783268294397,0.0,0.024195423177004932,0.0,0.0,0.05689783268294397,0.0,0.0,0.05689783268294397,0.0,0.05689783268294397,0.0
2012-12-21,0.06602291803965721,0.0,0.0,0.05106677293681142,0.0,0.03092185279750006,0.14179207867361798,0.0,0.0,0.0,0.1369104949929419,0.0,0.0,0.0,0.0,0.0,0.14031760482306296,0.0,0.03816979485827674,0.0,0.0,0.05283628548347025,0.09017544348588058,0.05689783268294397,0.0,0.024195423177004932,0.0,0.0,0.05689783268294397,0.0,0.0,0.05689783268294397,0.0,0.05689783268294397,0.0
2012-12-28,0.06653121781237192,0.0,0.0,0.11440615365084662,0.0,0.00988289561636122,0.13373454699135365,0.0,0.0,0.0,0.12656848779636817,0.0,0.0,0.0,0.0,0.0,0.057080049346643714,0.0,0.03501263022195586,0.0,0.0,0.15859630731639046,0.09089327669871158,0.058933963500681905,0.0,0.03049254404695104,0.0,0.0,0.058933963500681905,0.0,0.0,0.0,0.0,0.058933963500681905,0.0
2013-01-04,0.06653121781237192,0.0,0.0,0.11775215823493397,0.0,0.0,0.1393451204852173,0.0,0.0,0.0,0.12082485953893891,0.0,0.0,0.0035848141528829766,0.0,0.0,0.06010289741052702,0.0,0.03294624181816508,0.0,0.0,0.1618829270398931,0.09089327669871158,0.058933963500681905,0.0,0.029334596306312383,0.0,0.0,0.058933963500681905,0.0,0.0,0.0,0.0,0.058933963500681905,0.0
2013-01-11,0.06653121781237192,0.0,0.0,0.11900519697489784,0.0,0.0,0.13877319254481865,0.0,0.0,0.0,0.11743487678211594,0.0,0.0,0.0,0.0,0.0,0.05407457018597397,0.0,0.03287157452491382,0.0,0.0,0.16264621611347907,0.09374672142231621,0.058933963500681905,0.0,0.03811454313706681,0.0,0.0,0.058933963500681905,0.0,0.0,0.0,0.0,0.058933963500681905,0.0
2013-01-18,0.06653121781237192,0.0,0.0,0.12153468281644997,0.0,0.0,0.141880659124458,0.0,0.0,0.001556111321219367,0.10118178606186064,0.0,0.0,0.0,0.0,0.0,0.05832950536846776,0.0,0.028768752801954543,0.0,0.0,0.1667422031600785,0.09089327669871158,0.058933963500681905,0.0,0.04577991433238198,0.0,0.0,0.058933963500681905,0.0,0.0,0.0,0.0,0.058933963500681905,0.0
2013-01-25,2.220446049250313e-16,0.0,0.0,0.23495396868012206,0.009052314744098965,0.029746956634623685,0.14693731579841243,0.0,0.0,0.011620961437555064,0.10468624276610505,0.0,0.0,0.0,0.0,0.0,0.05984812328733986,0.0,0.0,0.0,0.0,0.17974339997228184,0.05842757085464499,0.0,0.0,0.04275362798273888,0.0,0.0,0.0,0.0,0.0,0.06111475892103851,0.0,0.06111475892103851,0.0
2013-02-01,1.1102230246251565e-16,0.0,0.0,0.22956030437021202,0.008249964760324732,0.029746956634623685,0.15228037467665734,0.0,0.0,0.00548897573782486,0.12032854850580092,0.0,0.0,0.0,0.0,0.0,0.056665377785937235,0.0,0.0,0.0,0.0,0.1743377525603307,0.05935536713768201,0.0,0.0,0.04175685998852931,0.0,0.0,0.0,0.0,0.0,0.06111475892103851,0.0,0.06111475892103851,0.0
2013-02-08,2.220446049250313e-16,0.0,0.0,0.2408704049944652,0.009052208180830532,0.029746956634623685,0.13117009653642311,0.0,0.0,0.01706429096925764,0.0994007344563185,0.0,0.0,0.0,0.0,0.0,0.06314368798435296,0.0,0.0,0.0,0.0,0.1833459026859,0.05525326152130711,0.0,0.0,0.04872293819444409,0.0,0.0,0.0,0.0,0.0,0.06111475892103851,0.0,0.06111475892103851,0.0
2013-02-15,1.1102230246251565e-16,0.0,0.0,0.239883474737309,0.007043734351808621,0.029746956634623685,0.13497270236080824,0.0,0.0,0.015293223982424237,0.0994007344563185,0.0,0.0,0.0,0.0,0.0,0.06456167679715928,0.0,0.0,0.0,0.0,0.18243961872408437,0.059500760951063617,0.0,0.0,0.044927599162323244,0.0,0.0,0.0,0.0,0.0,0.06111475892103851,0.0,0.06111475892103851,0.0
2013-02-22,0.05850437930901986,0.0,0.06169452584252151,0.20751088160932613,0.0,0.0,0.14773855287580467,0.0,0.0,0.018347394961663217,0.04102089238576361,0.0,0.0,0.0,0.0,0.0,0.06907510646231076,0.0,0.0,0.0,0.0,0.1707980158069713,0.06722318124097205,0.0,0.0,0.15808706950564688,0.0,0.0,0.0,0.0,0.0,0.0,0.0,0.0,0.0
2013-03-01,0.05850437930901986,0.0,0.06169452584252151,0.20869215593182505,0.0009202306611756527,0.0,0.14559024904411055,0.0,0.0,0.01903668801724337,0.04102089238576361,0.0,0.0,0.0,0.0,0.0,0.06748641696020066,0.0,0.0,0.0,0.0,0.17178378577087133,0.07135761675935888,0.0,0.0,0.1539130593179095,0.0,0.0,0.0,0.0,0.0,0.0,0.0,0.0,0.0
2013-03-08,0.05850437930901986,0.0,0.06169452584252151,0.20938964856566766,0.0009135702449163759,0.0,0.14559024904411055,0.0,0.0,0.020941964823705004,0.04102089238576361,0.0,0.0,0.0,0.0,0.0,0.06941992785045353,0.0,0.0,0.0,0.0,0.17234432973797598,0.06752052294589397,0.0,0.0,0.15265998924997198,0.0,0.0,0.0,0.0,0.0,0.0,0.0,0.0,0.0
2013-03-15,0.05850437930901986,0.0,0.06169452584252151,0.20421948467384088,0.00886643333462421,0.0,0.14559024904411055,0.0,0.0,0.02252615193731564,0.04102089238576361,0.0,0.0,0.0,0.0,0.0,0.07333768605650803,0.0,0.0,0.0,0.0,0.1716847516633468,0.0655379782088828,0.0,0.0,0.14701746754406608,0.0,0.0,0.0,0.0,0.0,0.0,0.0,0.0,0.0
2013-03-22,0.05850437930901986,0.0,0.06169452584252151,0.20227275145230028,0.0012025838908753953,0.0,0.14559024904411055,0.0,0.0,0.02997999290492908,0.04102089238576361,0.0,0.0,0.0,0.0,0.0,0.07589888322244912,0.0,0.0,0.0,0.0,0.1657040784334136,0.07222659475172911,0.0,0.0,0.14590506876288795,0.0,0.0,0.0,0.0,0.0,0.0,0.0,0.0,0.0
2013-03-29,0.03148226524138642,0.0,0.0,0.23598176560143996,0.009179733129474295,0.0,0.13646538344706144,0.0,0.0,0.019307305207267433,0.08463094484441847,0.0,0.0,0.0,0.0,0.0,0.06688772686458098,0.0,0.0,0.0,0.0,0.09678220506592902,0.20963044042876577,0.0,0.0,0.10965223016967617,0.0,0.0,0.0,0.0,0.0,0.0,0.0,0.0,0.0
2013-04-05,0.03148226524138642,0.0,0.0,0.23525408115905666,0.011895431514427221,0.0,0.13916766992140756,0.0,0.0,0.019383277086111154,0.08463094484441847,0.0,0.0,0.0,0.0,0.0,0.06951688455521805,0.0,0.0,0.0,0.0,0.09622500649084374,0.2056450352966137,0.0,0.0,0.10679940389051705,0.0,0.0,0.0,0.0,0.0,0.0,0.0,0.0,0.0
2013-04-12,0.03148226524138642,0.0,0.0,0.23822059331208972,0.015589353529459685,0.0,0.13646538344706144,0.0,0.0,0.018785651825875604,0.08463094484441847,0.0,0.0,0.0,0.0,0.0,0.06711180492070257,0.0,0.0,0.0,0.0,0.09900197075235452,0.20097432151731398,0.0,0.0,0.10773771060933764,0.0,0.0,0.0,0.0,0.0,0.0,0.0,0.0,0.0
2013-04-19,0.03148226524138642,0.0,0.0,0.2334483837603578,0.019388427433864243,0.0,0.13889842348981096,0.0,0.0,0.022166200840108792,0.08463094484441847,0.0,0.0,0.0,0.0,0.0,0.0682208315482938,0.0,0.0,0.0,0.0,0.0940838826858298,0.2008812362654127,0.0,0.0,0.10679940389051705,0.0,0.0,0.0,0.0,0.0,0.0,0.0,0.0,0.0
2013-04-26,0.07383975929026698,0.0,0.0,0.2160330101979978,0.030631052998718437,0.0,0.12522718761205218,0.0,0.0,0.04073560206257039,0.0797152697013507,0.0,0.0,0.0007316052047733559,0.0,0.0,0.06211424029487976,0.0,0.023339499641646628,0.0,0.0,0.16653848648374292,0.05600222652172192,0.05087628017431613,0.0,0.07421577981596275,0.0,0.0,0.0,0.0,0.0,0.0,0.0,0.0,0.0
2013-05-03,0.07383975929026709,0.0,0.0,0.21374751171361545,0.03178912956034126,0.0,0.12522718761205218,0.0,0.0,0.041645846426151885,0.0797152697013507,0.0,0.0,0.0007843249879487307,0.0,0.0,0.0672597602624983,0.0,0.023339499641646628,0.0,0.0,0.1609092607789262,0.05665039003492271,0.05087628017431613,0.0,0.07421577981596275,0.0,0.0,0.0,0.0,0.0,0.0,0.0,0.0,0.0
2013-05-10,0.07383975929026709,0.0,0.0,0.21084926879985944,0.03085087085245486,0.0,0.12745661556524238,0.0,0.0,0.03647999656909312,0.0797152697013507,0.0,0.0,0.0,0.0,0.0,0.06216997443337159,0.0,0.023339499641646628,0.0,0.0,0.16144892220349433,0.06875776295294102,0.05087628017431613,0.0,0.07421577981596275,0.0,0.0,0.0,0.0,0.0,0.0,0.0,0.0,0.0
2013-05-17,0.07383975929026698,0.0,0.0,0.21200181428373532,0.027359394270087704,0.0,0.12522718761205218,0.0,0.0,0.0347141559968675,0.0797152697013507,0.0,0.0,0.0019593289029079274,0.0,0.0,0.06148090811059155,0.0,0.023339499641646628,0.0,0.0,0.16402297846121572,0.07124764373899885,0.05087628017431613,0.0,0.07421577981596275,0.0,0.0,0.0,0.0,0.0,0.0,0.0,0.0,0.0
2013-05-24,0.07383975929026709,0.0,0.0,0.21570849129707947,0.02001014703929653,0.0,0.13633579457714748,0.0,0.0,0.03016788943627563,0.0797152697013507,0.0,0.0,0.0,0.0,0.0,0.06041745726873805,0.0,0.023339499641646628,0.0,0.0,0.16631707861206135,0.06905655314585825,0.05087628017431613,0.0,0.07421577981596275,0.0,0.0,0.0,0.0,0.0,0.0,0.0,0.0,0.0
2013-05-31,0.033975157550407586,0.0,0.0,0.09953044866723192,0.048999209052149856,0.0,0.10841559721463202,0.0,0.0,0.0109824928913147,0.10650176269839014,0.0,0.0,0.0009569621446122808,0.0,0.0,0.06906926567046605,0.0,0.0,0.0,0.0,0.18030531210427644,0.15121349284847638,0.0,0.0,0.027395202679047593,0.0,0.0,0.0,0.0,0.0,0.05421836549299835,0.05421836549299835,0.05421836549299835,0.0
2013-06-07,0.0339751575504077,0.0,0.0,0.10420820236169652,0.04566435073743099,0.0,0.10841559721463202,0.0,0.0,0.010918930527247859,0.10650176269839014,0.0,0.0,0.0008416802434329391,0.0,0.0,0.0673298603021149,0.0,0.0,0.0,0.0,0.18113732030814209,0.15095683889846231,0.0,0.0,0.027395202679047593,0.0,0.0,0.0,0.0,0.0,0.05421836549299835,0.05421836549299835,0.05421836549299835,0.0
2013-06-14,0.033975157550407586,0.0,0.0,0.09780823034234858,0.046467780526121875,0.0,0.10841559721463202,0.0,0.0,0.011430486019530136,0.10650176269839014,0.0,0.0,0.0026012925248346474,0.0,0.0,0.0677145438499001,0.0,0.0,0.0,0.0,0.17834375261205032,0.156691097503742,0.0,0.0,0.027395202679047593,0.0,0.0,0.0,0.0,0.0,0.05421836549299835,0.05421836549299835,0.05421836549299835,0.0
2013-06-21,0.0339751575504077,0.0,0.0,0.09037944753027359,0.049172050648284095,0.0,0.10841559721463202,0.0,0.0,0.015427719071891008,0.10650176269839014,0.0,0.0,0.006203829919901935,0.0,0.0,0.07192952852029282,0.0,0.0,0.0,0.0,0.1709015782417622,0.15704302944612197,0.0,0.0,0.027395202679047593,0.0,0.0,0.0,0.0,0.0,0.05421836549299835,0.05421836549299835,0.05421836549299835,0.0
2013-06-28,0.1945981690077827,0.0,0.0,0.22107279973908933,0.08685264424656713,0.0,0.08944772524824199,0.0,0.0,0.016335950121384248,0.06536351532520647,0.0,0.0,0.004713642121086371,0.0,0.0,0.09850820524369497,0.0,0.0,0.0,0.0,0.14325393123266744,0.03460012247814501,0.0,0.0,0.04525329523613425,0.0,0.0,0.0,0.0,0.0,0.0,0.0,0.0,0.0
2013-07-05,0.19459816900778282,0.0,0.0,0.21910959604820682,0.07711375228520627,0.0,0.08944772524824199,0.0,0.0,0.02310246623694346,0.06536351532520647,0.0,0.0,0.012991632394194961,0.0,0.0,0.10570229565535383,0.0,0.0,0.0,0.0,0.14318532024775654,0.02413223231497262,0.0,0.0,0.04525329523613425,0.0,0.0,0.0,0.0,0.0,0.0,0.0,0.0,0.0
2013-07-12,0.19459816900778282,0.0,0.0,0.22094698422063655,0.07901457442042878,0.0,0.08944772524824199,0.0,0.0,0.02173002271424566,0.06536351532520647,0.0,0.0,0.010745807620963254,0.0,0.0,0.10568132874912836,0.0,0.0,0.0,0.0,0.14307273862703615,0.02414583883019575,0.0,0.0,0.04525329523613425,0.0,0.0,0.0,0.0,0.0,0.0,0.0,0.0,0.0
2013-07-19,0.1945981690077827,0.0,0.0,0.22095906011306682,0.07915404677843885,0.0,0.08944772524824199,0.0,0.0,0.02574697938972631,0.06536351532520647,0.0,0.0,0.010760213600608488,0.0,0.0,0.10594531051313938,0.0,0.0,0.0,0.0,0.139369939034992,0.023401745752662698,0.0,0.0,0.04525329523613425,0.0,0.0,0.0,0.0,0.0,0.0,0.0,0.0,0.0
2013-07-26,0.027034687214771203,0.0,0.0,0.1708426478317624,0.01785166785329616,0.0,0.17095603831881567,0.0,0.0,0.0347317425298181,0.058671094741151945,0.0,0.0,0.013500235763867136,0.0,0.0,0.20086985021381984,0.0,0.0,0.0,0.0,0.1680944626589456,0.03225640143395989,0.052595585719896004,0.0,0.0,0.0,0.0,0.0,0.0,0.0,0.0,0.0,0.052595585719896004,0.0
2013-08-02,0.027034687214771203,0.0,0.0,0.1705663767757443,0.018482970140232095,0.0,0.17095603831881567,0.0,0.0,0.03335918510463872,0.058671094741151945,0.0,0.0,0.01509061809547391,0.0,0.0,0.1996098593893703,0.0,0.0,0.0,0.0,0.16792811153580672,0.03310988724420311,0.052595585719896004,0.0,0.0,0.0,0.0,0.0,0.0,0.0,0.0,0.0,0.052595585719896004,0.0
2013-08-09,0.027034687214771203,0.0,0.0,0.16488052929755972,0.02202998299344239,0.0,0.17095603831881567,0.0,0.0,0.036683369096881205,0.058671094741151945,0.0,0.0,0.014171662579185276,0.0,0.0,0.20229619906082558,0.0,0.0,0.0,0.0,0.16582886382361509,0.03225640143395989,0.052595585719896004,0.0,0.0,0.0,0.0,0.0,0.0,0.0,0.0,0.0,0.052595585719896004,0.0
2013-08-16,0.027034687214771203,0.0,0.0,0.1661190271409765,0.021021310054604742,0.0,0.17095603831881567,0.0,0.0,0.033402721929981546,0.058671094741151945,0.0,0.0,0.018107276922000298,0.0,0.0,0.1990140389008246,0.0,0.0,0.0,0.0,0.1682262319031215,0.03225640143395989,0.052595585719896004,0.0,0.0,0.0,0.0,0.0,0.0,0.0,0.0,0.0,0.052595585719896004,0.0
2013-08-23,0.027034687214771203,0.0,0.0,0.17164007019724553,0.02128868708236104,0.0,0.17095603831881567,0.0,0.0,0.036643024161105285,0.058671094741151945,0.0,0.0,0.009284116462907676,0.0,0.0,0.1984707445983148,0.0,0.0,0.0,0.0,0.1685639643495749,0.03225640143395989,0.052595585719896004,0.0,0.0,0.0,0.0,0.0,0.0,0.0,0.0,0.0,0.052595585719896004,0.0
2013-08-30,0.16067014502488586,0.0,0.0,0.0650843510491518,0.06695579631363667,0.0,0.13580065358960353,0.0,0.0,0.08565450910467529,0.04256637448372813,0.0,0.0,0.011374137863175496,0.0,0.0,0.1863011415128704,0.0,0.0,0.0,0.0,0.04553399517201683,0.02191586105076028,0.04453575870887391,0.0,0.0,0.0,0.0,0.04453575870887391,0.0,0.0,0.04453575870887391,0.0,0.04453575870887391,0.0
2013-09-06,0.16067014502488586,0.0,0.0,0.06839675459864132,0.07128123514125533,0.0,0.13580065358960353,0.0,0.0,0.08046704247560588,0.04256637448372813,0.0,0.0,0.01093879744682016,0.0,0.0,0.1808249456077861,0.0,0.0,0.0,0.0,0.04899515574541771,0.02191586105076028,0.04453575870887391,0.0,0.0,0.0,0.0,0.04453575870887391,0.0,0.0,0.04453575870887391,0.0,0.04453575870887391,0.0
2013-09-13,0.16067014502488597,0.0,0.0,0.06815938486040027,0.07118082085978408,0.0,0.13580065358960353,0.0,0.0,0.08189546177034375,0.04256637448372813,0.0,0.0,0.012903487259557736,0.0,0.0,0.17794167587042228,0.0,0.0,0.0,0.0,0.04882310039501836,0.02191586105076028,0.04453575870887391,0.0,0.0,0.0,0.0,0.04453575870887391,0.0,0.0,0.04453575870887391,0.0,0.04453575870887391,0.0
2013-09-20,0.16067014502488597,0.0,0.0,0.06967277338490349,0.06949971633194789,0.0,0.13580065358960353,0.0,0.0,0.0796141797546382,0.04256637448372813,0.0,0.0,0.016543074077367517,0.0,0.0,0.17519490035836036,0.0,0.0,0.0,0.0,0.05037928710830901,0.02191586105076028,0.04453575870887391,0.0,0.0,0.0,0.0,0.04453575870887391,0.0,0.0,0.04453575870887391,0.0,0.04453575870887391,0.0
2013-09-27,0.16136965622113686,0.0,0.0,0.1216324998397377,0.005502733300947,0.0,0.08823989936960892,0.0,0.0,0.08585883105814418,0.037754992571406666,0.0,0.0,0.01976866337148063,0.0,0.0,0.16733963098279717,0.0,0.0,0.0,0.0,0.10730496969938412,0.0,0.043991920170233643,0.0,0.029260442904422056,0.0,0.0,0.0,0.0,0.0,0.043991920170233643,0.043991920170233643,0.043991920170233643,0.0
2013-10-04,0.16136965622113697,0.0,0.0,0.11545089824940716,0.0006806286036361378,0.0,0.08823989936960892,0.0,0.0,0.08907807481825941,0.037754992571406666,0.0,0.0,0.027430084623077472,0.0,0.0,0.17010150945817026,0.0,0.0,0.0,0.0,0.10466613249994036,0.0,0.043991920170233643,0.0,0.029260442904422056,0.0,0.0,0.0,0.0,0.0,0.043991920170233643,0.043991920170233643,0.043991920170233643,0.0
2013-10-11,0.16136965622113697,0.0,0.0,0.11643227362563718,0.0029241165434708795,0.0,0.08823989936960892,0.0,0.0,0.08658407903034034,0.037754992571406666,0.0,0.0,0.02388439861283811,0.0,0.0,0.16724679643884804,0.0,0.0,0.0,0.0,0.11033566400135625,0.0,0.043991920170233643,0.0,0.029260442904422056,0.0,0.0,0.0,0.0,0.0,0.043991920170233643,0.043991920170233643,0.043991920170233643,0.0
2013-10-18,0.16136965622113686,0.0,0.0,0.11815311354802016,0.0029191091918450707,0.0,0.08823989936960892,0.0,0.0,0.09155357263314165,0.037754992571406666,0.0,0.0,0.022204908889526448,0.0,0.0,0.1653732064888753,0.0,0.0,0.0,0.0,0.1072034175010822,0.0,0.043991920170233643,0.0,0.029260442904422056,0.0,0.0,0.0,0.0,0.0,0.043991920170233643,0.043991920170233643,0.043991920170233643,0.0
2013-10-25,0.10693145517684688,0.0,0.0,0.10098986698318564,0.004959371892460895,0.0,0.0649266144030872,0.0,0.0,0.08725515531403671,0.0,0.0,0.0,0.08662811040637644,0.0,0.0,0.1596478732838363,0.0,0.0,0.0,0.0,0.10990001126514484,0.04981212329984129,0.050721105838846224,0.0,0.026064994619798883,0.0,0.0,0.0,0.050721105838846224,0.0,0.050721105838846224,0.0,0.050721105838846224,0.0
2013-11-01,0.10693145517684688,0.0,0.0,0.10114402094236993,0.012324818939788684,0.0,0.0649266144030872,0.0,0.0,0.08268221892115857,0.0,0.0,0.0,0.08506856592942982,0.0,0.0,0.1583469221698101,0.0,0.0,0.0,0.0,0.10981384224248375,0.04981212329984129,0.050721105838846224,0.0,0.026064994619798883,0.0,0.0,0.0,0.050721105838846224,0.0,0.050721105838846224,0.0,0.050721105838846224,0.0
2013-11-08,0.10693145517684677,0.0,0.0,0.09859216214338987,0.00874120557508324,0.0,0.0649266144030872,0.0,0.0,0.08433333046416874,0.0,0.0,0.0,0.08625813326620059,0.0,0.0,0.16108555276632486,0.0,0.0,0.0,0.0,0.11037000492987357,0.04981212329984129,0.050721105838846224,0.0,0.026064994619798883,0.0,0.0,0.0,0.050721105838846224,0.0,0.050721105838846224,0.0,0.050721105838846224,0.0
2013-11-15,0.10693145517684677,0.0,0.0,0.09958332649822856,0.011119812973196306,0.0,0.0649266144030872,0.0,0.0,0.08370217672549532,0.0,0.0,0.0,0.08509583798896482,0.0,0.0,0.15873588398787575,0.0,0.0,0.0,0.0,0.1111433509712801,0.04981212329984129,0.050721105838846224,0.0,0.026064994619798883,0.0,0.0,0.0,0.050721105838846224,0.0,0.050721105838846224,0.0,0.050721105838846224,0.0
2013-11-22,0.10693145517684688,0.0,0.0,0.10137792760133513,0.006780314103708925,0.0,0.0649266144030872,0.0,0.0,0.08370858539381075,0.0,0.0,0.0,0.08517478160239007,0.0,0.0,0.1607641513973262,0.0,0.0,0.0,0.0,0.1115746290464698,0.04981212329984129,0.050721105838846224,0.0,0.026064994619798883,0.0,0.0,0.0,0.050721105838846224,0.0,0.050721105838846224,0.0,0.050721105838846224,0.0
2013-11-29,0.10877540954120901,0.0,0.0,0.10489453679482184,0.005428978220145563,0.0,0.06816312375600615,0.0,0.0,0.13919255242952813,0.0,0.0,0.0,0.13766918936313002,0.0,0.0,0.1678148069844334,0.0,0.0,0.0,0.0,0.1630367440446255,0.022679063978481184,0.0,0.0,0.031888616251288915,0.05045697863633015,0.0,0.0,0.0,0.0,0.0,0.0,0.0,0.0
2013-12-06,0.10877540954120923,0.0,0.0,0.10575372712375036,0.007575337749146266,0.0,0.06816312375600615,0.0,0.0,0.131954644870312,0.0,0.0,0.0,0.13954342556437987,0.0,0.0,0.16942687614997,0.0,0.0,0.0,0.0,0.16378279637912596,0.022679063978481184,0.0,0.0,0.031888616251288915,0.05045697863633015,0.0,0.0,0.0,0.0,0.0,0.0,0.0,0.0
2013-12-13,0.10877540954120912,0.0,0.0,0.09789503195014976,0.0038406987291438642,0.0,0.06816312375600615,0.0,0.0,0.13757772757735687,0.0,0.0,0.0,0.14295159823354653,0.0,0.0,0.17741228916832047,0.0,0.0,0.0,0.0,0.158359462178167,0.022679063978481184,0.0,0.0,0.031888616251288915,0.05045697863633015,0.0,0.0,0.0,0.0,0.0,0.0,0.0,0.0
2013-12-20,0.10877540954120923,0.0,0.0,0.0957826643354121,0.009386907531760021,0.0,0.06816312375600615,0.0,0.0,0.13524585787360535,0.0,0.0,0.0,0.14473432251455695,0.0,0.0,0.17866123576716397,0.0,0.0,0.0,0.0,0.15422581981418607,0.022679063978481184,0.0,0.0,0.031888616251288915,0.05045697863633015,0.0,0.0,0.0,0.0,0.0,0.0,0.0,0.0
2013-12-27,0.11631233964960541,0.0,0.0,0.07098148916670965,0.00229924789780979,0.0,0.1620918294371665,0.0,0.0,0.08859271696807088,0.035627462994947505,0.0,0.0,0.0962953628283951,0.0,0.0,0.18837015273108,0.0,0.0,0.0,0.0,0.0451306778344481,0.0,0.04857468012294178,0.0,0.0,0.0,0.0,0.0,0.04857468012294178,0.0,0.04857468012294178,0.04857468012294178,0.0,0.0
2014-01-03,0.1163123396496053,0.0,0.0,0.07047897228119925,0.002250623530594554,0.0,0.1620918294371665,0.0,0.0,0.08805471699695791,0.035627462994947505,0.0,0.0,0.09953942628443793,0.0,0.0,0.1868982715064507,0.0,0.0,0.0,0.0,0.04444763682687321,0.0,0.04857468012294178,0.0,0.0,0.0,0.0,0.0,0.04857468012294178,0.0,0.04857468012294178,0.04857468012294178,0.0,0.0
2014-01-10,0.1163123396496053,0.0,0.0,0.07020352542227326,0.002080893757259678,0.0,0.1620918294371665,0.0,0.0,0.08684713937079254,0.035627462994947505,0.0,0.0,0.09962186270448545,0.0,0.0,0.18875105608558243,0.0,0.0,0.0,0.0,0.04416517008612019,0.0,0.04857468012294178,0.0,0.0,0.0,0.0,0.0,0.04857468012294178,0.0,0.04857468012294178,0.04857468012294178,0.0,0.0
2014-01-17,0.11631233964960541,0.0,0.0,0.06849664933081952,0.0021330264402776365,0.0,0.1646417918527496,0.0,0.0,0.0876671037660463,0.035627462994947505,0.0,0.0,0.10160618231103803,0.0,0.0,0.18676221948843968,0.0,0.0,0.0,0.0,0.04245450367430922,0.0,0.04857468012294178,0.0,0.0,0.0,0.0,0.0,0.04857468012294178,0.0,0.04857468012294178,0.04857468012294178,0.0,0.0
2014-01-24,0.1163123396496053,0.0,0.0,0.07019969182858161,0.00236447087529288,0.0,0.16488389276440238,0.0,0.0,0.08757325201152763,0.035627462994947505,0.0,0.0,0.10173498199877387,0.0,0.0,0.1829089111602796,0.0,0.0,0.0,0.0,0.04409627622482208,0.0,0.04857468012294178,0.0,0.0,0.0,0.0,0.0,0.04857468012294178,0.0,0.04857468012294178,0.04857468012294178,0.0,0.0
2014-01-31,0.25784940193114114,0.0,0.0,0.06850143264921212,0.002202924418833743,0.0,0.12996187385992405,0.0,0.0,0.054668632116223616,0.03491166038336655,0.0,0.0,0.15026967443963551,0.0,0.0,0.14689522418781542,0.0,0.0,0.0,0.0,0.009538002517301117,0.0,0.0,0.0,0.0,0.0,0.0,0.0,0.04840039116551558,0.04840039116551558,0.04840039116551558,0.0,0.0,0.0
2014-02-07,0.25784940193114103,0.0,0.0,0.07048699302872535,0.002382867746742616,0.0,0.13022065644952388,0.0,0.0,0.06113540430005102,0.03491166038336655,0.0,0.0,0.1394053773384513,0.0,0.0,0.14847925769760598,0.0,0.0,0.0,0.0,0.009927207627845441,0.0,0.0,0.0,0.0,0.0,0.0,0.0,0.04840039116551558,0.04840039116551558,0.04840039116551558,0.0,0.0,0.0
2014-02-14,0.25784940193114103,0.0,0.0,0.06996808807602586,0.005309805734108262,0.0,0.13043418288910674,0.0,0.0,0.05683093495862962,0.03491166038336655,0.0,0.0,0.14241100152308678,0.0,0.0,0.14781527972651565,0.0,0.0,0.0,0.0,0.009268471281472639,0.0,0.0,0.0,0.0,0.0,0.0,0.0,0.04840039116551558,0.04840039116551558,0.04840039116551558,0.0,0.0,0.0
2014-02-21,0.25784940193114103,0.0,0.0,0.07160663813670129,0.00527851202258272,0.0,0.1305231257183454,0.0,0.0,0.05682063265671371,0.03491166038336655,0.0,0.0,0.14489835684542113,0.0,0.0,0.14532891572004472,0.0,0.0,0.0,0.0,0.007581583089136553,0.0,0.0,0.0,0.0,0.0,0.0,0.0,0.04840039116551558,0.04840039116551558,0.04840039116551558,0.0,0.0,0.0
2014-02-28,0.2623040055699758,0.0,0.0,0.049625696196421945,0.004729899787094282,0.020410637089699563,0.11099407137763974,0.0,0.0,0.023843053471676718,0.06203794531538098,0.0,0.0,0.06206735467041917,0.0,0.0,0.12312073119301359,0.0,0.020410637089699563,0.0,0.0,0.039729482169250374,0.020410637089699563,0.05007896224500718,0.0,0.0,0.0,0.0,0.0,0.05007896224500718,0.05007896224500718,0.05007896224500718,0.0,0.0,0.0
2014-03-07,0.2623040055699759,0.0,0.0,0.04907905307977324,0.0,0.020410637089699563,0.11693679890952453,0.0,0.0,0.023986729061289343,0.06203794531538098,0.0,0.0,0.06181684336115546,0.0,0.0,0.12255228413429202,0.0,0.020410637089699563,0.0,0.0,0.0389883834513939,0.021160833957786822,0.05007896224500718,0.0,0.0,0.0,0.0,0.0,0.05007896224500718,0.05007896224500718,0.05007896224500718,0.0,0.0,0.0
2014-03-14,0.2623040055699758,0.0,0.0,0.05308449615290103,0.0,0.020410637089699563,0.11649460480630948,0.0,0.0,0.014528034032665189,0.06431401090331909,0.0,0.0,0.05877645563382579,0.0,0.0,0.12351840514843472,0.0,0.020410637089699563,0.0,0.0,0.04316784236913055,0.02267502222401047,0.05007896224500718,0.0,0.0,0.0,0.0,0.0,0.05007896224500718,0.05007896224500718,0.05007896224500718,0.0,0.0,0.0
2014-03-21,0.2623040055699759,0.0,0.0,0.054989861653703925,0.0,0.020410637089699563,0.10332527541130049,0.0,0.0,0.018456563979041874,0.06203794531538098,0.0,0.0,0.06629747100740299,0.0,0.0,0.12365855827414497,0.0,0.020410637089699563,0.0,0.0,0.043004379618397814,0.024788816011223284,0.05007896224500718,0.0,0.0,0.0,0.0,0.0,0.05007896224500718,0.05007896224500718,0.05007896224500718,0.0,0.0,0.0
2014-03-28,0.2259063307405026,0.002597377486187259,0.0,0.05393400137499666,0.0,0.01977710243706895,0.11270504282084912,0.0,0.0,0.018578566069766652,0.07090404448947371,0.0,0.0,0.15438602579890448,0.0,0.0,0.13184014226710083,0.0,0.01977710243706895,0.0,0.0,0.010621106163235697,0.023856590913707443,0.0,0.0,0.0,0.0,0.0,0.0,0.0,0.051705522333712554,0.0,0.051705522333712554,0.051705522333712554,0.0
2014-04-04,0.2259063307405026,0.007845325388800247,0.0,0.05414032373720426,0.0,0.01977710243706895,0.11270504282084912,0.0,0.0,0.017196063249233808,0.07090404448947371,0.0,0.0,0.15140721479209285,0.0,0.0,0.13214809788227558,0.0,0.01977710243706895,0.0,0.0,0.010789362022109316,0.022287423002182956,0.0,0.0,0.0,0.0,0.0,0.0,0.0,0.051705522333712554,0.0,0.051705522333712554,0.051705522333712554,0.0
2014-04-11,0.2259063307405026,0.019533512550139263,0.0,0.049574988170352975,0.0,0.01977710243706895,0.11270504282084912,0.0,0.0,0.020096765049697957,0.07090404448947371,0.0,0.0,0.14920708178372766,0.0,0.0,0.1314991494674671,0.0,0.01977710243706895,0.0,0.0,0.006125210615445094,0.01977710243706895,0.0,0.0,0.0,0.0,0.0,0.0,0.0,0.051705522333712554,0.0,0.051705522333712554,0.051705522333712554,0.0
2014-04-18,0.2259063307405026,0.02857917267627429,0.0,0.04603372574281292,0.0,0.021858486413874036,0.11270504282084912,0.0,0.0,0.01806624644511799,0.07090404448947371,0.0,0.0,0.14983124772940992,0.0,0.0,0.13058657232577203,0.0,0.01977710243706895,0.0,0.0,0.0008583587406378434,0.01977710243706895,0.0,0.0,0.0,0.0,0.0,0.0,0.0,0.051705522333712554,0.0,0.051705522333712554,0.051705522333712554,0.0
2014-04-25,0.08523536622842065,0.12901071855615526,0.0,0.04715006975522211,0.0,0.0,0.14748030949565566,0.0,0.0,0.022565224168341988,0.061277509779734333,0.0,0.0,0.12186868748187366,0.0,0.0,0.16445602215890526,0.0,0.019447379096679762,0.0,0.0,0.002763363138529601,0.019447379096679762,0.0,0.05328353064904068,0.019447379096679762,0.05328353064904068,0.0,0.0,0.0,0.05328353064904068,0.0,0.0,0.0,0.0
2014-05-02,0.08523536622842076,0.1388255620816074,0.0,0.04730273738827071,0.0,0.0,0.14748030949565566,0.0,0.0,0.00974353485148265,0.061277509779734333,0.0,0.0,0.11342677124309383,0.0,0.0,0.171851193364693,0.0,0.019447379096679762,0.0,0.0,0.006664286329880285,0.019447379096679762,0.0,0.05328353064904068,0.019447379096679762,0.05328353064904068,0.0,0.0,0.0,0.05328353064904068,0.0,0.0,0.0,0.0
2014-05-09,0.08523536622842076,0.13871218249440342,0.0,0.051347366469145284,0.0,0.0,0.14748030949565566,0.0,0.0,0.011639948824273357,0.061277509779734333,0.0,0.0,0.10027212824094578,0.0,0.0,0.1750155332261079,0.0,0.019447379096679762,0.0,0.0,0.010826926004152151,0.019447379096679762,0.0,0.05328353064904068,0.019447379096679762,0.05328353064904068,0.0,0.0,0.0,0.05328353064904068,0.0,0.0,0.0,0.0
2014-05-16,0.08523536622842076,0.14380862627595953,0.0,0.0550197668301695,0.0,0.0,0.14748030949565566,0.0,0.0,0.003120656819551495,0.061277509779734333,0.0,0.0,0.09688177824177517,0.0,0.0,0.17408994419692964,0.0,0.019447379096679762,0.0,0.0,0.01489331289464255,0.019447379096679762,0.0,0.05328353064904068,0.019447379096679762,0.05328353064904068,0.0,0.0,0.0,0.05328353064904068,0.0,0.0,0.0,0.0
2014-05-23,0.08523536622842087,0.14145094018901205,0.0,0.052257180517239446,0.0,0.0,0.14748030949565566,0.0,0.0,0.0009663960440672526,0.061277509779734333,0.0,0.0,0.09688177824177517,0.0,0.0,0.17250898102696333,0.0,0.019447379096679762,0.0,0.0,0.011969644833036898,0.03122654350361348,0.0,0.05328353064904068,0.019447379096679762,0.05328353064904068,0.0,0.0,0.0,0.05328353064904068,0.0,0.0,0.0,0.0
2014-05-30,0.10956208268125955,0.12079498459512951,0.0,0.05542069846475575,0.0,0.0,0.1445298044551291,0.0,0.0,0.0,0.09461419922340095,0.0,0.0,0.002682144732112287,0.0,0.0,0.10497253736421387,0.0,0.08193108873991613,0.0,0.0,0.00718193631343137,0.04497923454202151,0.05255313604570232,0.0,0.023118744705820624,0.05255313604570232,0.05255313604570232,0.0,0.0,0.0,0.0,0.05255313604570232,0.0,0.0
2014-06-06,0.10956208268125955,0.11539562006034829,0.0,0.0630815515749624,0.0,0.0,0.1445298044551291,0.0,0.0,0.0,0.09461419922340095,0.0,0.0,0.0034666853289739064,0.0,0.0,0.09644761163210776,0.0,0.08169576403576065,0.0,0.0,0.01210360089161551,0.0457717912278119,0.05255313604570232,0.0,0.023118744705820624,0.05255313604570232,0.05255313604570232,0.0,0.0,0.0,0.0,0.05255313604570232,0.0,0.0
2014-06-13,0.10956208268125955,0.10897460355847469,0.0,0.060460712596413,0.0,0.0,0.1445298044551291,0.0,0.0,0.0,0.10099563102897187,0.0,0.0,0.0006769085713298701,0.0,0.0,0.0948333276456196,0.0,0.08456738226436518,0.0,0.0,0.008181858623022693,0.05388639968678445,0.05255313604570232,0.0,0.023118744705820624,0.05255313604570232,0.05255313604570232,0.0,0.0,0.0,0.0,0.05255313604570232,0.0,0.0
2014-06-20,0.10956208268125955,0.09933766866008867,0.0,0.06439274340526883,0.0,0.0,0.1445298044551291,0.0,0.0,0.0,0.09461419922340095,0.0,0.0,0.0007555114727181997,0.0,0.0,0.094166983678038,0.0,0.08093885212305509,0.0,0.0,0.013268711864592185,0.05658811201234881,0.05255313604570232,0.0,0.03163278624129127,0.05255313604570232,0.05255313604570232,0.0,0.0,0.0,0.0,0.05255313604570232,0.0,0.0
2014-06-27,1.1102230246251565e-16,0.0832351874187647,0.0,0.060327478264285056,0.0,0.024028304744414853,0.05281633234017624,0.0,0.0,0.0,0.1074926544426922,0.0,0.0,0.0111314464263978,0.0,0.0,0.055869581377166994,0.0,0.13152095918710704,0.0,0.0,0.06913717603789477,0.2308014602803326,0.0,0.0,0.06416207060907342,0.0,0.05473867443584709,0.0,0.0,0.0,0.0,0.05473867443584709,0.0,0.0
2014-07-04,2.220446049250313e-16,0.08173139507783984,0.0,0.05993451760907609,0.0,0.024028304744414853,0.05281633234017624,0.0,0.0,0.0,0.1074926544426922,0.0,0.0,0.02405292675980209,0.0,0.0,0.06718591638669297,0.0,0.13746002557280065,0.0,0.0,0.06464535728269497,0.222220107452386,0.0,0.0,0.048955113459729756,0.0,0.05473867443584709,0.0,0.0,0.0,0.0,0.05473867443584709,0.0,0.0
2014-07-11,2.220446049250313e-16,0.0787046268469308,0.0,0.06063148343522344,0.0,0.024028304744414853,0.05281633234017624,0.0,0.0,0.0,0.1074926544426922,0.0,0.0,0.024694319994660683,0.0,0.0,0.06585417186698474,0.0,0.13152095918710704,0.0,0.0,0.06558524633414319,0.22687378830791852,0.0,0.0,0.05232076362805397,0.0,0.05473867443584709,0.0,0.0,0.0,0.0,0.05473867443584709,0.0,0.0
2014-07-18,0.0,0.0787046268469308,0.0,0.05961622649740447,0.0,0.024028304744414853,0.05281633234017624,0.0,0.0,0.0,0.1074926544426922,0.0,0.0,0.037317248212392636,0.0,0.0,0.0726644139937894,0.0,0.13152095918710704,0.0,0.0,0.06437923594217768,0.20733254890435146,0.0,0.0,0.05465010001686892,0.0,0.05473867443584709,0.0,0.0,0.0,0.0,0.05473867443584709,0.0,0.0
2014-07-25,0.08602075895311734,0.06451556921483796,0.0,0.17456319821271704,0.0,0.023438896785209946,0.05135884786396913,0.0,0.0,0.0,0.027919951078759185,0.0,0.0,0.03174728133515884,0.0,0.0,0.06945468801974694,0.0,0.11587441707880708,0.0,0.0,0.007479619516518073,0.18841407925849024,0.0,0.0,0.051887541691773176,0.0,0.05366257549544752,0.0,0.0,0.0,0.0,0.05366257549544752,0.0,0.0
2014-08-01,0.08602075895311745,0.06451556921483796,0.0,0.16834459486249842,0.0,0.023438896785209946,0.05135884786396913,0.0,0.0,0.0,0.027919951078759185,0.0,0.0,0.03469412256248371,0.0,0.0,0.06802977031092278,0.0,0.11587441707880708,0.0,0.0,0.0075880394422957196,0.18516702904930887,0.0,0.0,0.05972285180689476,0.0,0.05366257549544752,0.0,0.0,0.0,0.0,0.05366257549544752,0.0,0.0
2014-08-08,0.08602075895311734,0.06451556921483796,0.0,0.17161169314981473,0.0,0.023438896785209946,0.05135884786396913,0.0,0.0,0.0076544618293587965,0.027919951078759185,0.0,0.0,0.029777123112722438,0.0,0.0,0.06923648958089919,0.0,0.11587441707880708,0.0,0.0,0.008469925969437719,0.17561349617362632,0.0,0.0,0.0611832182185451,0.0,0.05366257549544752,0.0,0.0,0.0,0.0,0.05366257549544752,0.0,0.0
2014-08-15,0.08602075895311734,0.06451556921483796,0.0,0.1651916622478234,0.0,0.023438896785209946,0.05135884786396913,0.0,0.0,0.0,0.027919951078759185,0.0,0.0,0.030220868208741015,0.0,0.0,0.06585755224154963,0.0,0.1168654577284152,0.0,0.0,0.0,0.19320702202835943,0.0,0.0,0.06807826265832273,0.0,0.05366257549544752,0.0,0.0,0.0,0.0,0.05366257549544752,0.0,0.0
2014-08-22,0.08602075895311745,0.06451556921483796,0.0,0.1651916622478234,0.0,0.023438896785209946,0.05135884786396913,0.0,0.0,0.0,0.027919951078759185,0.0,0.0,0.02820468606497512,0.0,0.0,0.06648551575873214,0.0,0.11680823704567067,0.0,0.0,0.0,0.20371915304717408,0.0,0.0,0.05901157094883597,0.0,0.05366257549544752,0.0,0.0,0.0,0.0,0.05366257549544752,0.0,0.0
2014-08-29,1.1102230246251565e-16,0.0,0.0,0.027685539435989566,0.0005176746350952198,0.0,0.05348292641420867,0.0,0.0,0.0,0.11653934823655197,0.0,0.0,0.02486913177618509,0.0,0.0,0.06441636922433036,0.0,0.1516787106905897,0.0,0.0,0.0,0.24724624122451636,0.0,0.0,0.21069012760975406,0.0,0.051436965376389455,0.0,0.0,0.0,0.0,0.051436965376389455,0.0,0.0
2014-09-05,1.1102230246251565e-16,0.0,0.0,0.027685539435989566,0.0032156344534748664,0.0,0.05348292641420867,0.0,0.0,0.0,0.11653934823655197,0.0,0.0,0.01999302086277752,0.0,0.0,0.06295895011901265,0.0,0.15071842047472728,0.0,0.0,0.000719486139961472,0.24908183329655714,0.0,0.0,0.2127309098139599,0.0,0.051436965376389455,0.0,0.0,0.0,0.0,0.051436965376389455,0.0,0.0
2014-09-12,2.220446049250313e-16,0.0,0.0,0.027685539435989566,0.0,0.0,0.05348292641420867,0.0,0.0,0.0,0.12878181177536513,0.0,0.0,0.020645751465233585,0.0,0.0,0.059912124089296984,0.0,0.16177781925484866,0.0,0.0,0.0,0.23961867167325226,0.0,0.0,0.20522142513902614,0.0,0.051436965376389455,0.0,0.0,0.0,0.0,0.051436965376389455,0.0,0.0
2014-09-19,1.1102230246251565e-16,0.0,0.0,0.027685539435989566,0.0005802468342905411,0.0,0.05348292641420867,0.0,0.0,0.0,0.11653934823655197,0.0,0.0,0.025443163234645936,0.0,0.0,0.06285486065002352,0.0,0.16064164480248405,0.0,0.0,0.0,0.24207500789620562,0.0,0.0,0.20782333174282114,0.0,0.051436965376389455,0.0,0.0,0.0,0.0,0.051436965376389455,0.0,0.0
2014-09-26,0.0,0.0,0.047408476636534955,0.02590025291645673,0.0,0.0,0.05922304985673011,0.0,0.0,0.0,0.11063106784462523,0.0,0.0,0.02802751128828071,0.0,0.0,0.07930498816398629,0.0,0.19128690375525176,0.0,0.0,0.0,0.24363473689759152,0.0,0.0,0.16717453600400772,0.0,0.047408476636534955,0.0,0.0,0.0,0.0,0.0,0.0,0.0
2014-10-03,0.0,0.0,0.047408476636534955,0.02590025291645673,0.0,0.0,0.05922304985673011,0.0,0.0,0.0,0.11063106784462523,0.0,0.0,0.02828447646328674,0.0,0.0,0.07921746677903785,0.0,0.19120904982821382,0.0,0.0,0.0,0.2440257750469806,0.0,0.0,0.16669190799159897,0.0,0.047408476636534955,0.0,0.0,0.0,0.0,0.0,0.0,0.0
2014-10-10,0.0,0.0,0.047408476636534955,0.02590025291645673,0.0,0.0,0.05922304985673011,0.0,0.0,0.0,0.11063106784462523,0.0,0.0,0.02878763657773239,0.0,0.0,0.08232778640982011,0.0,0.18386289441515816,0.0,0.0,0.0,0.2460882077560952,0.0,0.0,0.1683621509503122,0.0,0.047408476636534955,0.0,0.0,0.0,0.0,0.0,0.0,0.0
2014-10-17,0.0,0.0,0.047408476636534955,0.02590025291645673,0.0,0.0,0.05922304985673011,0.0,0.0,0.0,0.11063106784462523,0.0,0.0,0.03806157747021507,0.0,0.0,0.10049522969253741,0.0,0.1756746967215358,0.0,0.0,0.0,0.2287154086881083,0.0,0.0,0.16648176353672145,0.0,0.047408476636534955,0.0,0.0,0.0,0.0,0.0,0.0,0.0
2014-10-24,0.18963390654613987,0.0,0.0,0.02590025291645673,0.0,0.0,0.05922304985673011,0.0,0.0,0.0,0.11063106784462523,0.0,0.0,0.039866067827769094,0.0,0.0,0.10401173226177216,0.0,0.18034807025953106,0.0,0.0,0.0,0.1756746967215358,0.0,0.0,0.11471115576544,0.0,0.0,0.0,0.0,0.0,0.0,0.0,0.0,0.0
2014-10-31,0.15373131564309284,0.0,0.0,0.0,0.0,0.0,0.07456252805164537,0.0,0.0,0.0,0.06748135476362352,0.0,0.0,0.03922254234367137,0.0,0.0,0.14540369557501376,0.0,0.1659667210979575,0.0,0.0,0.0,0.17632542360544073,0.0,0.0,0.10013647342158469,0.03858497274898517,0.0,0.0,0.0,0.03858497274898517,0.0,0.0,0.0,0.0
2014-11-07,0.15373131564309273,0.0,0.0,0.0,0.0,0.0,0.07456252805164537,0.0,0.0,0.0,0.07108884550655628,0.0,0.0,0.035544509993285796,0.0,0.0,0.13913527747817883,0.0,0.1769461440182737,0.0,0.0,0.0,0.18002352311497782,0.0,0.0,0.09179791069601914,0.03858497274898517,0.0,0.0,0.0,0.03858497274898517,0.0,0.0,0.0,0.0
2014-11-14,0.15373131564309284,0.0007908468585263505,0.0,0.0,0.0,0.0,0.07456252805164537,0.0,0.0,0.0,0.0834672586123752,0.0,0.0,0.018859418869910376,0.0,0.0,0.12363999640625695,0.0,0.18825411424721836,0.0,0.0,0.0,0.19103726748031866,0.0,0.0,0.08848730833268562,0.03858497274898517,0.0,0.0,0.0,0.03858497274898517,0.0,0.0,0.0,0.0
2014-11-21,0.15373131564309273,0.0,0.0,0.0,0.0,0.0,0.07456252805164537,0.0,0.0,0.0,0.09534985559366008,0.0,0.0,0.015323697480051813,0.0,0.0,0.11645915618415262,0.0,0.18659993655252777,0.0,0.0,0.0,0.19450429946873832,0.0,0.0,0.08629926552816096,0.03858497274898517,0.0,0.0,0.0,0.03858497274898517,0.0,0.0,0.0,0.0
2014-11-28,0.021781689812842453,0.0,0.0,0.0,0.0,0.0,0.13016533430152066,0.0,0.0,0.0,0.11520223955953879,0.0,0.0,0.022788179687115932,0.0,0.0,0.10329864911570266,0.0,0.2180416134339232,0.0,0.0,0.0,0.2533316984485512,0.0,0.0,0.06309623361346278,0.0,0.0,0.0,0.0,0.0,0.03614718101367117,0.03614718101367117,0.0,0.0
2014-12-05,0.021781689812842453,0.0,0.0,0.0,0.004892925237210768,0.0,0.13016533430152066,0.0,0.0,0.0,0.10321628170172906,0.0,0.0,0.025904010468691768,0.0,0.0,0.10951435601258211,0.0,0.20766811113167763,0.0,0.0,0.0,0.2569152379129957,0.0,0.0,0.06764769139340752,0.0,0.0,0.0,0.0,0.0,0.03614718101367117,0.03614718101367117,0.0,0.0
2014-12-12,0.021781689812842453,0.0,0.0,0.0,0.0,0.0,0.13016533430152066,0.0,0.0,0.0,0.11092760560247718,0.0,0.0,0.024869469785140916,0.0,0.0,0.1038820673583481,0.0,0.21669567396600836,0.0,0.0,0.0,0.2562875635328572,0.0,0.0,0.06309623361346278,0.0,0.0,0.0,0.0,0.0,0.03614718101367117,0.03614718101367117,0.0,0.0
2014-12-19,0.021781689812842453,0.0,0.0,0.0,0.0,0.0,0.13016533430152066,0.0,0.0,0.0,0.10321628170172906,0.0,0.0,0.028256323544742494,0.0,0.0,0.10759393401461259,0.0,0.21538856118763247,0.0,0.0,0.0,0.25743591115123526,0.0,0.0,0.06386760225834272,0.0,0.0,0.0,0.0,0.0,0.03614718101367117,0.03614718101367117,0.0,0.0
2014-12-26,0.2094538991725986,0.0,0.0,0.0,0.0,0.0,0.07632100750031542,0.0,0.0,0.0,0.07632100750031542,0.0,0.0,0.021487969266948216,0.0,0.0,0.10637605322375843,0.0,0.1860158104664326,0.0,0.0,0.0,0.2253709023780171,0.0,0.0,0.035591196132168226,0.0,0.0,0.0,0.0,0.0,0.031531077179723,0.031531077179723,0.0,0.0
2015-01-02,0.2094538991725985,0.0,0.0,0.0,0.0,0.0,0.07632100750031542,0.0,0.0,0.0,0.08240649364088973,0.0,0.0,0.020088053113550483,0.0,0.0,0.10559086202096732,0.0,0.18722781282698847,0.0,0.0,0.0,0.22431864018552103,0.0,0.0,0.031531077179723,0.0,0.0,0.0,0.0,0.0,0.031531077179723,0.031531077179723,0.0,0.0
2015-01-09,0.2094538991725986,0.0,0.0,0.0,0.0,0.0,0.07632100750031542,0.0,0.0,0.002061168244568807,0.07632100750031542,0.0,0.0,0.02330684625032113,0.0,0.0,0.1075075292462227,0.0,0.18411059707884475,0.0,0.0,0.0,0.2263247134676442,0.0,0.0,0.031531077179723,0.0,0.0,0.0,0.0,0.0,0.031531077179723,0.031531077179723,0.0,0.0
2015-01-16,0.2094538991725985,0.0,0.0,0.0,0.0,0.0,0.07632100750031542,0.0,0.0,0.0031822563570624396,0.07632100750031542,0.0,0.0,0.021193140542690836,0.0,0.0,0.1033819895223132,0.0,0.19157529099693904,0.0,0.0,0.0,0.22397817686859608,0.0,0.0,0.031531077179723,0.0,0.0,0.0,0.0,0.0,0.031531077179723,0.031531077179723,0.0,0.0
2015-01-23,0.2094538991725985,0.0,0.0,0.0,0.0,0.0,0.07632100750031542,0.0,0.0,0.003539721170791191,0.07632100750031542,0.0,0.0,0.022605068760653345,0.0,0.0,0.10761104846953493,0.0,0.1844452606387492,0.0,0.0,0.0,0.22510975524787294,0.0,0.0,0.031531077179723,0.0,0.0,0.0,0.0,0.0,0.031531077179723,0.031531077179723,0.0,0.0
2015-01-30,0.054751783960792944,0.0,0.0,0.0,0.0,0.031130823433940587,0.05067459112718668,0.0,0.0,0.005192190268535275,0.09173842909778142,0.0,0.041063837970594735,0.029042212174862605,0.0,0.0,0.12327497957510561,0.0,0.20966777101703327,0.0,0.0,0.0,0.26076550062884885,0.034232626915106,0.0,0.0,0.0,0.0,0.0,0.0,0.0,0.034232626915106,0.034232626915106,0.0,0.0
2015-02-06,0.054751783960792944,0.0,0.0,0.0,0.0,0.031130823433940587,0.05067459112718668,0.0,0.0,0.004604104827119948,0.09173842909778142,0.0,0.041063837970594735,0.022866299677468338,0.0,0.0,0.11705433273190072,0.0,0.21886219424496314,0.0,0.0,0.0,0.2645557221829335,0.034232626915106,0.0,0.0,0.0,0.0,0.0,0.0,0.0,0.034232626915106,0.034232626915106,0.0,0.0
2015-02-13,0.054751783960792944,0.0,0.0,0.0,0.0,0.031130823433940587,0.05067459112718668,0.0,0.0,0.00409591108254702,0.0940370060500567,0.0,0.041063837970594735,0.01835112290567308,0.0,0.0,0.11570889738821688,0.0,0.22324626123957572,0.0,0.0,0.0,0.2642418840960976,0.034232626915106,0.0,0.0,0.0,0.0,0.0,0.0,0.0,0.034232626915106,0.034232626915106,0.0,0.0
2015-02-20,0.05475178396079283,0.0,0.0,0.0,0.0,0.031130823433940587,0.05067459112718668,0.0,0.0,0.0023306534433368085,0.10257363578511686,0.0,0.041063837970594735,0.015829452944640138,0.0,0.0,0.1169786260841936,0.0,0.21981716353674738,0.0,0.0,0.0,0.26215155096813225,0.034232626915106,0.0,0.0,0.0,0.0,0.0,0.0,0.0,0.034232626915106,0.034232626915106,0.0,0.0
2015-02-27,0.09934400921960562,0.0,0.0,0.024145804483830725,0.0,0.0,0.07344522863001685,0.0,0.0,0.0007435841121769367,0.1004339600764399,0.0,0.0,0.015097037173433341,0.0,0.0,0.1441674945817058,0.0,0.2060358600245957,0.0,0.0,0.0,0.24124437198013385,0.03178088323935369,0.0,0.0,0.0,0.0,0.0,0.0,0.0,0.03178088323935369,0.03178088323935369,0.0,0.0
2015-03-06,0.09934400921960584,0.0,0.0,0.024145804483830725,0.0,0.0018540969873912347,0.07344522863001685,0.0,0.0,0.0,0.11891603187925234,0.0,0.0,0.012116423167216676,0.0,0.0,0.13677331071600815,0.0,0.2019222573482276,0.0,0.0,0.0,0.2361401878503895,0.03178088323935369,0.0,0.0,0.0,0.0,0.0,0.0,0.0,0.03178088323935369,0.03178088323935369,0.0,0.0
2015-03-13,0.09934400921960562,0.0,0.0,0.024145804483830725,0.0,0.0,0.07344522863001685,0.0,0.0,0.0022661407414162494,0.10018157146621437,0.0,0.0,0.015074546745154103,0.0,0.0,0.1409010803833238,0.0,0.20508411538592544,0.0,0.0,0.0,0.24421485322645156,0.03178088323935369,0.0,0.0,0.0,0.0,0.0,0.0,0.0,0.03178088323935369,0.03178088323935369,0.0,0.0
2015-03-20,0.09934400921960584,0.0,0.0,0.024145804483830725,0.0007803661616342537,0.0,0.07344522863001685,0.0,0.0,0.0027038482539811963,0.09013829861369346,0.0,0.0,0.024404259755277873,0.0,0.0,0.14653494846543347,0.0,0.19758529529142851,0.0,0.0,0.0,0.24557529140703674,0.03178088323935369,0.0,0.0,0.0,0.0,0.0,0.0,0.0,0.03178088323935369,0.03178088323935369,0.0,0.0
2015-03-27,0.08414155036341775,0.0,0.0,0.02425081039033146,0.007982181522474307,0.0,0.07283753001712293,0.0,0.0,0.002531944715956965,0.09268271099111136,0.0,0.0,0.02217157561496242,0.0,0.0,0.10677421107468492,0.0,0.1996566513396481,0.0,0.0,0.0,0.24673105125425926,0.0,0.0,0.07614392181489008,0.0,0.0,0.0,0.0,0.0,0.03204793045057019,0.03204793045057019,0.0,0.0
2015-04-03,0.08414155036341775,0.0,0.0,0.02425081039033146,0.006022653249865033,0.0,0.07283753001712293,0.0,0.0,0.00978513216034835,0.09268271099111136,0.0,0.0,0.02160239478974388,0.0,0.0,0.10520891763045168,0.0,0.20385012015642562,0.0,0.0,0.0,0.23937839753515144,0.0,0.0,0.07614392181489008,0.0,0.0,0.0,0.0,0.0,0.03204793045057019,0.03204793045057019,0.0,0.0
2015-04-10,0.08414155036341775,0.0,0.0,0.02425081039033146,0.013473638813331187,0.0,0.07283753001712293,0.0,0.0,0.01033138422737597,0.09268271099111136,0.0,0.0,0.024980448742681863,0.0,0.0,0.10709222531075398,0.0,0.19617185790851432,0.0,0.0,0.0,0.23379806051932867,0.0,0.0,0.07614392181489008,0.0,0.0,0.0,0.0,0.0,0.03204793045057019,0.03204793045057019,0.0,0.0
2015-04-17,0.08414155036341775,0.0,0.0,0.025139913153188195,0.0190022631042596,0.0,0.07283753001712293,0.0,0.0,0.01892805620136391,0.09268271099111136,0.0,0.0,0.02007561226554747,0.0,0.0,0.10290530697532324,0.0,0.19262525979946343,0.0,0.0,0.0,0.23142201441317162,0.0,0.0,0.07614392181489008,0.0,0.0,0.0,0.0,0.0,0.03204793045057019,0.03204793045057019,0.0,0.0
2015-04-24,0.07952752876147329,0.0,0.0,0.021251494128229794,0.01250023082344783,0.0,0.06512997962559083,0.0,0.0,0.018716100262107613,0.09154455391106517,0.0,0.0,0.06525840642987372,0.0,0.0,0.10151285757544687,0.0,0.18943340349939067,0.0,0.0,0.0007927036407471513,0.23395815345930546,0.0,0.0,0.018919293692173038,0.0,0.0,0.0,0.0,0.0,0.03381843139704952,0.0,0.03381843139704952,0.03381843139704952
2015-05-01,0.07952752876147318,0.0,0.0,0.01967648821625347,0.021220856028188673,0.0,0.06512997962559083,0.0,0.0,0.01704656384863046,0.09154455391106517,0.0,0.0,0.06303540924646985,0.0,0.0,0.09962201727807801,0.0,0.1956116709340935,0.0,0.0,0.0,0.22721034426683517,0.0,0.0,0.018919293692173038,0.0,0.0,0.0,0.0,0.0,0.03381843139704952,0.0,0.03381843139704952,0.03381843139704952
2015-05-08,0.07952752876147318,0.0,0.0,0.018919293692173038,0.0128295580683616,0.0,0.06512997962559083,0.0,0.0,0.024351489624111634,0.09154455391106517,0.0,0.0,0.06227028133734901,0.0,0.0,0.098278058094768,0.0,0.19241928961526855,0.0,0.0,0.0,0.23435537938651727,0.0,0.0,0.018919293692173038,0.0,0.0,0.0,0.0,0.0,0.03381843139704952,0.0,0.03381843139704952,0.03381843139704952
2015-05-15,0.0795275287614734,0.0,0.0,0.018919293692173038,0.021999200665318196,0.0,0.06512997962559083,0.0,0.0,0.018203815551167457,0.09154455391106517,0.0,0.0,0.06399876749018657,0.0,0.0,0.09944143675577707,0.0,0.19295550720815352,0.0,0.0,0.0,0.22440898849128327,0.0,0.0,0.022415633656663013,0.0,0.0,0.0,0.0,0.0,0.03381843139704952,0.0,0.03381843139704952,0.03381843139704952
2015-05-22,0.07952752876147329,0.0,0.0,0.018919293692173038,0.02385417029586553,0.0,0.06512997962559083,0.0,0.0,0.016389155913530976,0.0981155514193548,0.0,0.0,0.05749280947872132,0.0,0.0,0.0986256565598771,0.0,0.1968988181090235,0.0,0.0,0.0,0.22467244826106803,0.0,0.0,0.018919293692173038,0.0,0.0,0.0,0.0,0.0,0.03381843139704952,0.0,0.03381843139704952,0.03381843139704952
2015-05-29,0.08318282765921914,0.0,0.0,0.022231852058585355,0.07121335883479168,0.0,0.0760623769351684,0.0,0.0,0.10064635544236397,0.05383052487658304,0.0,0.0,0.017312853543720273,0.0,0.0,0.08532973540008026,0.0,0.168111693869975,0.0,0.0,0.0,0.2228066009990235,0.0,0.0,0.025620341562061808,0.0,0.0,0.0,0.0,0.0,0.03682573940921388,0.0,0.0,0.03682573940921388
2015-06-05,0.08318282765921892,0.0,0.0,0.022231852058585355,0.07355577029987079,0.0,0.0760623769351684,0.0,0.0,0.09724301377423923,0.05383052487658304,0.0,0.0,0.019015604273397227,0.0,0.0,0.0929753186475561,0.0,0.1560561989279761,0.0,0.0,0.003931327079479002,0.21809696422507713,0.0,0.0,0.03016674242442095,0.0,0.0,0.0,0.0,0.0,0.03682573940921388,0.0,0.0,0.03682573940921388
2015-06-12,0.08318282765921892,0.0,0.0,0.02469611777678151,0.07380869697010871,0.0,0.0760623769351684,0.0,0.0,0.09504704734980787,0.05383052487658304,0.0,0.0,0.017856950401999926,0.0,0.0,0.0911990711527659,0.0,0.16158190346288706,0.0,0.0,0.0041558149680043,0.21888591380488437,0.0,0.0,0.0260412758233622,0.0,0.0,0.0,0.0,0.0,0.03682573940921388,0.0,0.0,0.03682573940921388
2015-06-19,0.08318282765921892,0.0,0.0,0.03359035447477579,0.07108627740191145,0.0,0.0760623769351684,0.0,0.0,0.08516618274939423,0.05383052487658304,0.0,0.0,0.01742968451266044,0.0,0.0,0.08756633316253762,0.0,0.15432164275431276,0.0,0.0,0.013052511037516512,0.21941900068705872,0.0,0.0,0.031640804930434335,0.0,0.0,0.0,0.0,0.0,0.03682573940921388,0.0,0.0,0.03682573940921388
2015-06-26,0.21464829821460674,0.0,0.0,0.03816603176784834,0.09362336352415829,0.0,0.08494903210951119,0.0,0.0,0.009827128287978333,0.051737652422078576,0.0,0.0,0.054239966414434064,0.0,0.0,0.12086121908609335,0.0,0.08973226491862399,0.0,0.0,0.07714451902197458,0.12250107782388595,0.0,0.0,0.009800633503544676,0.0,0.0,0.0,0.0,0.0,0.032768812905261964,0.0,0.0,0.0
2015-07-03,0.21464829821460663,0.0,0.0,0.035441111098734185,0.09366493569578824,0.0,0.08494903210951119,0.0,0.0,0.014467047159869661,0.051737652422078576,0.0,0.0,0.05710808138316274,0.0,0.0,0.12319064655019105,0.0,0.08973226491862399,0.0,0.0,0.07451189919490252,0.127287365499903,0.0,0.0,0.0004928528473662121,0.0,0.0,0.0,0.0,0.0,0.032768812905261964,0.0,0.0,0.0
2015-07-10,0.21464829821460663,0.0,0.0,0.038387217142762296,0.09462571363887722,0.0,0.08494903210951119,0.0,0.0,0.01571102250984261,0.051737652422078576,0.0,0.0,0.05475020151482776,0.0,0.0,0.12118621725634557,0.0,0.08973226491862399,0.0,0.0,0.0790024895433762,0.12250107782388595,0.0,0.0,0.0,0.0,0.0,0.0,0.0,0.0,0.032768812905261964,0.0,0.0,0.0
2015-07-17,0.21464829821460674,0.0,0.0,0.041968414447237354,0.09193118294176979,0.0,0.08494903210951119,0.0,0.0,0.016891783343201183,0.051737652422078576,0.0,0.0,0.05072276462728763,0.0,0.0,0.12114432153711083,0.0,0.08973226491862399,0.0,0.0,0.08100439470942486,0.12250107782388595,0.0,0.0,0.0,0.0,0.0,0.0,0.0,0.0,0.032768812905261964,0.0,0.0,0.0
2015-07-24,0.21464829821460663,0.0,0.0,0.037214495062719684,0.0905366204184943,0.0,0.08494903210951119,0.0,0.0,0.0207159553474757,0.051737652422078576,0.0,0.0,0.05516717492791205,0.0,0.0,0.12365344098552633,0.0,0.08973226491862399,0.0,0.0,0.0763751748639036,0.12250107782388595,0.0,0.0,0.0,0.0,0.0,0.0,0.0,0.0,0.032768812905261964,0.0,0.0,0.0
2015-07-31,0.22032549057119344,0.0,0.0,0.07940295490582457,0.0894593629609299,0.0,0.0806743729675892,0.0,0.0,0.08812637451613174,0.04454636708469365,0.0,0.0,0.012602294712947357,0.0,0.0,0.20088732759721495,0.0,0.07780528192064418,0.0,0.0,0.006357887155497104,0.03325891483595053,0.03327668538569174,0.0,0.0,0.0,0.0,0.0,0.0,0.0,0.0,0.0,0.0,0.03327668538569174
2015-08-07,0.22032549057119344,0.0,0.0,0.07700663058591915,0.08919436028719852,0.0,0.0806743729675892,0.0,0.0,0.0913335352770677,0.04454636708469365,0.0,0.0,0.013246895505710083,0.0,0.0,0.19922445042680131,0.0,0.07780528192064418,0.0,0.0,0.006830329765848845,0.03325891483595053,0.03327668538569174,0.0,0.0,0.0,0.0,0.0,0.0,0.0,0.0,0.0,0.0,0.03327668538569174
2015-08-14,0.22032549057119344,0.0,0.0,0.07834963636677393,0.08886866463655747,0.0,0.0806743729675892,0.0,0.0,0.09067396962607258,0.04454636708469365,0.0,0.0,0.014571144104224856,0.0,0.0,0.1991776189588611,0.0,0.07780528192064418,0.0,0.0,0.005195168156055679,0.03325891483595053,0.03327668538569174,0.0,0.0,0.0,0.0,0.0,0.0,0.0,0.0,0.0,0.0,0.03327668538569174
2015-08-21,0.22032549057119344,0.0,0.0,0.07887026462250096,0.08614348941273123,0.0,0.0806743729675892,0.0,0.0,0.08778498573944997,0.04454636708469365,0.0,0.0,0.018541248900016745,0.0,0.0,0.19781414948103626,0.0,0.07780528192064418,0.0,0.0,0.005506251294353894,0.03543472723440711,0.03327668538569174,0.0,0.0,0.0,0.0,0.0,0.0,0.0,0.0,0.0,0.0,0.03327668538569174
2015-08-28,0.7266126676550372,0.0,0.0,0.0,0.007437133820243929,0.0,0.03029484024300736,0.0,0.0,0.03785215452667513,0.020353027818250848,0.0,0.00994181242475651,0.009120105040510059,0.0,0.0,0.03349364220429988,0.0,0.10523601561177179,0.0,0.0,0.0,0.0196586006554473,0.0,0.0,0.0,0.0,0.0,0.0,0.0,0.0,0.0,0.0,0.0,0.0
2015-09-04,0.7266126676550372,0.0,0.0,0.0009949298048276191,0.0079162072926457,0.0,0.03029484024300736,0.0,0.0,0.03688876857802717,0.020353027818250848,0.0,0.00994181242475651,0.007369464319113618,0.0,0.0,0.03523058157018804,0.0,0.10230638065069528,0.0,0.0,0.0,0.022091319643450666,0.0,0.0,0.0,0.0,0.0,0.0,0.0,0.0,0.0,0.0,0.0,0.0
2015-09-11,0.7266126676550372,0.0,0.0,0.0010615332324430756,0.00814896670559073,0.0,0.03029484024300736,0.0,0.0,0.03029484024300736,0.020353027818250848,0.0,0.00994181242475651,0.006847705398743173,0.0,0.0,0.03312885520133326,0.0,0.10985595539759796,0.0,0.0,0.00035199428314724475,0.02310780139708529,0.0,0.0,0.0,0.0,0.0,0.0,0.0,0.0,0.0,0.0,0.0,0.0
2015-09-18,0.7266126676550372,0.0,0.0,0.0010888098806404582,0.007865842023056615,0.0,0.03029484024300736,0.0,0.0,0.03029484024300736,0.020353027818250848,0.0,0.00994181242475651,0.00670612426384075,0.0,0.0,0.034851549408907716,0.0,0.10687190039782923,0.0,0.0,0.00036052721024312675,0.024758058431422827,0.0,0.0,0.0,0.0,0.0,0.0,0.0,0.0,0.0,0.0,0.0,0.0
2015-09-25,0.7748447030906835,0.0,0.0,0.00931395436538642,0.003097380840083903,0.0,0.019685554819469413,0.0,0.0,0.0,0.055131094778410286,0.0,0.0,0.00044778319516780183,0.0,0.0,0.00931395436538642,0.0,0.07038849760981467,0.0,0.0,0.0,0.057777076935597464,0.0,0.0,0.0,0.0,0.0,0.0,0.0,0.0,0.0,0.0,0.0,0.0
2015-10-02,0.7748447030906837,0.0,0.0,0.00931395436538642,0.00804528898665765,0.0,0.023826479524388627,0.0,0.0,0.0,0.04842874662659541,0.0,0.0,0.008981177942754203,0.0,0.0,0.00931395436538642,0.0,0.06694221880567486,0.0,0.0,0.0,0.05030347629247279,0.0,0.0,0.0,0.0,0.0,0.0,0.0,0.0,0.0,0.0,0.0,0.0
2015-10-09,0.7748447030906835,0.0,0.0,0.00931395436538642,0.0008762369249313429,0.0,0.026542181610221073,0.0,0.0,0.0003806227447135442,0.06119744374757294,0.0,0.0,0.005196258488161591,0.0,0.0,0.00931395436538642,0.0,0.062031168370470284,0.0,0.0,0.0,0.05030347629247279,0.0,0.0,0.0,0.0,0.0,0.0,0.0,0.0,0.0,0.0,0.0,0.0
2015-10-16,0.7748447030906835,0.0,0.0,0.00931395436538642,0.004999328287734814,0.0,0.024706980974564904,0.0,0.0,0.004535375472689067,0.05070577206738107,0.0,0.0,0.012951749018826635,0.0,0.0,0.00931395436538642,0.0,0.058324706064874283,0.0,0.0,0.0,0.05030347629247279,0.0,0.0,0.0,0.0,0.0,0.0,0.0,0.0,0.0,0.0,0.0,0.0
2015-10-23,0.7748447030906835,0.0,0.0,0.00931395436538642,0.0,0.0,0.024575790730214306,0.0,0.0,0.0034874830514620195,0.058751850115154255,0.0,0.0,0.012696704862879028,0.0,0.0,0.009869001386631788,0.0,0.05615703610511578,0.0,0.0,0.0,0.05030347629247279,0.0,0.0,0.0,0.0,0.0,0.0,0.0,0.0,0.0,0.0,0.0,0.0
2015-10-30,0.22583845869817087,0.0,0.0,0.0,0.007436913125637572,0.0,0.0850776127679106,0.0,0.0,0.0600982359486746,0.14289808514941776,0.0,0.0,0.011213578700518928,0.0,0.0,0.1066868256365285,0.0,0.14766363410011663,0.0,0.0,0.0,0.1472716036976515,0.0,0.021938350725124376,0.0,0.0,0.0,0.0,0.0,0.0,0.021938350725124376,0.0,0.0,0.021938350725124376
2015-11-06,0.22583845869817076,0.0,0.0,0.0,0.0,0.0011397792292802838,0.07874466328467322,0.0,0.0,0.0600982359486746,0.13760047531662464,0.0,0.0,0.012108678018178748,0.0,0.0,0.1066868256365285,0.0,0.15881979387499345,0.0,0.0,0.0,0.1531480378175026,0.0,0.021938350725124376,0.0,0.0,0.0,0.0,0.0,0.0,0.021938350725124376,0.0,0.0,0.021938350725124376
2015-11-13,0.22583845869817076,0.0,0.0,0.0,0.0081625527069826,0.0,0.07874466328467322,0.0,0.0,0.0600982359486746,0.11708169302335818,0.0,0.0,0.0222732798784865,0.0,0.0,0.1066868256365285,0.0,0.14353409685111496,0.0,0.0,0.0,0.17176514179663754,0.0,0.021938350725124376,0.0,0.0,0.0,0.0,0.0,0.0,0.021938350725124376,0.0,0.0,0.021938350725124376
2015-11-20,0.31359186159866836,0.0,0.0,0.0,0.004897286483349817,0.0,0.07874466328467322,0.0,0.0,0.038159885223550224,0.12566755145963127,0.0,0.0,0.012651668914866406,0.0,0.0,0.1066868256365285,0.0,0.15420978764477122,0.0,0.0,0.0,0.16539046975396107,0.0,0.0,0.0,0.0,0.0,0.0,0.0,0.0,0.0,0.0,0.0,0.0
2015-11-27,0.2147579888435489,0.0,0.0,0.0,0.015513972507560451,0.036801473963867695,0.07807841268889457,0.0,0.0,0.0,0.10011223296588402,0.0,0.0,0.01882580270021155,0.0,0.0,0.1206425116194795,0.0,0.13933454789484545,0.0,0.0,0.02710491732256499,0.19461830484801287,0.0,0.0,0.0,0.0,0.0,0.0,0.0,0.0,0.02710491732256499,0.0,0.0,0.02710491732256499
2015-12-04,0.2147579888435489,0.0,0.0,0.0,0.012999131644663061,0.036801473963867695,0.07807841268889457,0.0,0.0,0.0,0.08202545622268642,0.0,0.0,0.026314428489240427,0.0,0.0,0.1298959094911297,0.0,0.1334978185866843,0.0,0.0,0.02710491732256499,0.20431462810158996,0.0,0.0,0.0,0.0,0.0,0.0,0.0,0.0,0.02710491732256499,0.0,0.0,0.02710491732256499
2015-12-11,0.2147579888435488,0.0,0.0,0.0,0.013337834087493748,0.036801473963867695,0.07807841268889457,0.0,0.0,0.006785421537270202,0.07807841268889457,0.0,0.0,0.026716300706347406,0.0,0.0,0.13418832390512286,0.0,0.12915766598194106,0.0,0.0,0.02710491732256499,0.20078341362892402,0.0,0.0,0.0,0.0,0.0,0.0,0.0,0.0,0.02710491732256499,0.0,0.0,0.02710491732256499
2015-12-18,0.32317765813380883,0.0,0.0,0.0,0.0265603320930918,0.036801473963867695,0.07807841268889457,0.0,0.0,0.0,0.07807841268889457,0.0,0.0,0.03203624605691519,0.0,0.0,0.1313202076019355,0.0,0.12915766598194106,0.0,0.0,0.0,0.16478959079065078,0.0,0.0,0.0,0.0,0.0,0.0,0.0,0.0,0.0,0.0,0.0,0.0
2015-12-25,0.7039308068325738,0.0,0.0,0.020021664429503212,0.018621128129470227,0.0,0.032326082918861486,0.0,0.0,0.0,0.032326082918861486,0.0,0.0,0.012540202652501055,0.0,0.0,0.037681199726301726,0.0,0.05824757436348048,0.0,0.0,0.0,0.08430525802844657,0.0,0.0,0.0,0.0,0.0,0.0,0.0,0.0,0.0,0.0,0.0,0.0
2016-01-01,0.659065703177088,0.0,0.0,0.031237940343374654,0.025522635739676624,0.0,0.032326082918861486,0.0,0.0,0.0011818417500320207,0.03428139080501298,0.0,0.0,0.010975504446789153,0.0,0.0,0.037361275532929825,0.0,0.05824757436348048,0.0,0.0,0.011216275913871443,0.0873674990950119,0.0,0.0,0.0,0.0,0.0,0.0,0.0,0.0,0.0,0.0,0.0,0.011216275913871443
2016-01-08,0.7039308068325738,0.0,0.0,0.021312129930045595,0.015839423931743278,0.0,0.032326082918861486,0.0,0.0,0.0,0.032326082918861486,0.0,0.0,0.011744875614068171,0.0,0.0,0.038854258151716885,0.0,0.05824757436348048,0.0,0.0,0.0021502304752831565,0.08326853486336572,0.0,0.0,0.0,0.0,0.0,0.0,0.0,0.0,0.0,0.0,0.0,0.0
2016-01-15,0.7039308068325738,0.0,0.0,0.020021664429503212,0.011017460562358349,0.0,0.032326082918861486,0.0,0.0,0.0,0.04594290216933417,0.0,0.0,0.008180546036328411,0.0,0.0,0.029561487872815935,0.0,0.07074981038524097,0.0,0.0,0.0,0.0782692387929837,0.0,0.0,0.0,0.0,0.0,0.0,0.0,0.0,0.0,0.0,0.0,0.0
2016-01-22,0.7039308068325737,0.0,0.0,0.020021664429503212,0.013860877374427838,0.0,0.032326082918861486,0.0,0.0,0.0,0.03867250117689802,0.0,0.0,0.011415901526335303,0.0,0.0,0.030219962190983322,0.0,0.06772967351417955,0.0,0.0,0.0,0.08182253003623752,0.0,0.0,0.0,0.0,0.0,0.0,0.0,0.0,0.0,0.0,0.0,0.0
2016-01-29,0.7334003966200667,0.0,0.0,0.00815453095041693,0.0015890006325308809,0.0,0.026326731118275812,0.0,0.0,0.0,0.034481262068692745,0.0,0.0,0.013988583424355378,0.0,0.0,0.0371743211386273,0.0,0.10558937468305751,0.0,0.0,0.034481262068692745,0.004814537295283961,0.0,0.0,0.0,0.0,0.0,0.0,0.0,0.0,0.0,0.0,0.0,0.0
2016-02-05,0.7334003966200667,0.0,0.0,0.00815453095041693,0.0037850332959413983,0.0,0.026326731118275812,0.0,0.0,0.0,0.034481262068692745,0.0,0.0,0.0109723520187376,0.0,0.0,0.029889577553453544,0.0,0.10558937468305751,0.0,0.0,0.034481262068692745,0.012919479622664976,0.0,0.0,0.0,0.0,0.0,0.0,0.0,0.0,0.0,0.0,0.0,0.0
2016-02-12,0.7334003966200667,0.0,0.0,0.00815453095041693,0.0,0.001884815238686549,0.026326731118275812,0.0,0.0,0.0,0.051070469699621354,0.0,0.0,0.0007847770053637169,0.0,0.0,0.024494919817517963,0.0,0.11609719969435447,0.0,0.0,0.034481262068692745,0.003304897787003716,0.0,0.0,0.0,0.0,0.0,0.0,0.0,0.0,0.0,0.0,0.0,0.0
2016-02-19,0.7334003966200667,0.0,0.0,0.00815453095041693,0.0,0.0011452928225736214,0.026326731118275812,0.0,0.0,0.0,0.052134919070069216,0.0,0.0,0.00017670594484196385,0.0,0.0,0.024494919817517963,0.0,0.11684344178773698,0.0,0.0,0.034481262068692745,0.002841799799808031,0.0,0.0,0.0,0.0,0.0,0.0,0.0,0.0,0.0,0.0,0.0,0.0
2016-02-26,0.7276363732929749,0.00831201095802331,0.0,0.0,0.0,0.04317617425666829,0.035680944174928675,0.0,0.0,0.0,0.050291748574741536,0.0,0.0,0.0013973642184894484,0.0,0.0,0.0,0.0,0.0953136118371729,0.0,0.0,0.0,0.03819177268700089,0.0,0.0,0.0,0.0,0.0,0.0,0.0,0.0,0.0,0.0,0.0,0.0
2016-03-04,0.7276363732929749,0.00831201095802331,0.0,0.0,0.0,0.044961774124688256,0.035680944174928675,0.0,0.0,0.0,0.04870587847218091,0.0,0.0,0.000523917833357476,0.0,0.0,0.0,0.0,0.09512691900197395,0.0,0.0,0.0,0.03905218214187249,0.0,0.0,0.0,0.0,0.0,0.0,0.0,0.0,0.0,0.0,0.0,0.0
2016-03-11,0.7276363732929749,0.00831201095802331,0.0,0.0,0.0,0.04799821283050991,0.035680944174928675,0.0,0.0,0.0,0.04569945454283495,0.0,0.0,0.0,0.0,0.0,0.0,0.0,0.09608363930474106,0.0,0.0,0.0,0.038589364895987154,0.0,0.0,0.0,0.0,0.0,0.0,0.0,0.0,0.0,0.0,0.0,0.0
2016-03-18,0.6900446591732842,0.00831201095802331,0.0,0.009397928529922701,0.0,0.0500340348393047,0.035680944174928675,0.0,0.0,0.0,0.04587459218681718,0.0,0.0,0.0,0.0,0.0,0.0,0.0,0.0950484815826323,0.0,0.0,0.009397928529922701,0.0374135629653189,0.0,0.0,0.0,0.0,0.0,0.0,0.0,0.0,0.009397928529922701,0.0,0.0,0.009397928529922701
2016-03-25,0.23383880069223817,0.047290615986450145,0.0,0.0,0.0,0.17993726804427088,0.09397921417690074,0.0,0.0,0.0,0.12521093468985386,0.0,0.0,0.0,0.0,0.0,0.035493092339985426,0.0,0.19164463723193928,0.0,0.0,0.0,0.03778965091269666,0.018271928641888282,0.0,0.0,0.0,0.0,0.0,0.0,0.0,0.018271928641888282,0.018271928641888282,0.0,0.0
2016-04-01,0.23383880069223828,0.047290615986450145,0.0,0.0,0.0,0.1790803073488081,0.09397921417690074,0.0,0.0,0.0,0.1278348885333831,0.0,0.0,0.0,0.0,0.0,0.035493092339985426,0.0,0.18948089928045533,0.0,0.0,0.0,0.03818639571611416,0.018271928641888282,0.0,0.0,0.0,0.0,0.0,0.0,0.0,0.018271928641888282,0.018271928641888282,0.0,0.0
2016-04-08,0.23383880069223828,0.047290615986450145,0.0,0.0,0.0,0.1816956387308116,0.09397921417690074,0.0,0.0,0.0,0.11848970921208882,0.0,0.0,0.0,0.0,0.0,0.035493092339985426,0.0,0.1896437170186941,0.0,0.0,0.0,0.04475342591716616,0.018271928641888282,0.0,0.0,0.0,0.0,0.0,0.0,0.0,0.018271928641888282,0.018271928641888282,0.0,0.0
2016-04-15,0.23383880069223817,0.047290615986450145,0.0,0.0,0.0,0.17887940091218435,0.09397921417690074,0.0,0.0,0.0,0.12181775632463221,0.0,0.0,0.0015151713857639209,0.0,0.0,0.03894280207202092,0.0,0.18530486797684897,0.0,0.0,0.0,0.04361558454729571,0.018271928641888282,0.0,0.0,0.0,0.0,0.0,0.0,0.0,0.018271928641888282,0.018271928641888282,0.0,0.0
2016-04-22,0.23383880069223817,0.047290615986450145,0.0,0.0,0.0,0.18194487922671462,0.09397921417690074,0.0,0.0,0.0,0.11578284046799192,0.0,0.0,0.0,0.0,0.0,0.0392273248854036,0.0,0.18455281394006007,0.0,0.0,0.0,0.04856772469857588,0.018271928641888282,0.0,0.0,0.0,0.0,0.0,0.0,0.0,0.018271928641888282,0.018271928641888282,0.0,0.0
2016-04-29,0.08461795447668985,0.0,0.0,0.02980479104173285,0.0,0.19000872462878426,0.02980479104173285,0.0,0.0,0.0,0.146334536995415,0.0,0.0,0.0,0.0,0.0,0.030996930640447135,0.0,0.19435089686265777,0.0,0.0,0.0,0.20799278106167407,0.01876126740304447,0.0,0.02980479104173285,0.0,0.0,0.0,0.0,0.0,0.01876126740304447,0.01876126740304447,0.0,0.0
2016-05-06,0.08461795447668974,0.0,0.0,0.02980479104173285,0.0,0.18823419479497194,0.02980479104173285,0.0,0.0,0.0,0.14625153193540227,0.0,0.0,0.0,0.0,0.0,0.03249151665877581,0.0,0.19407838236391095,0.0,0.0,0.0,0.20862824443591732,0.01876126740304447,0.0,0.02980479104173285,0.0,0.0,0.0,0.0,0.0,0.01876126740304447,0.01876126740304447,0.0,0.0
2016-05-13,0.08461795447668985,0.0,0.0,0.02980479104173285,0.0,0.18736437898560387,0.02980479104173285,0.0,0.0,0.0,0.14916678265687897,0.0,0.0,0.0010232210195599788,0.0,0.0,0.03173350500503521,0.0,0.1925848893192672,0.0,0.0,0.0,0.20781109320263297,0.01876126740304447,0.0,0.02980479104173285,0.0,0.0,0.0,0.0,0.0,0.01876126740304447,0.01876126740304447,0.0,0.0
2016-05-20,0.08461795447668985,0.0,0.0,0.02980479104173285,0.0,0.18610253320742015,0.02980479104173285,0.0,0.0,0.0,0.14181234177722188,0.0,0.0,0.0035898912385729296,0.0,0.0,0.03355209967725582,0.0,0.19571862403668389,0.0,0.0,0.0,0.20890838025182362,0.01876126740304447,0.0,0.02980479104173285,0.0,0.0,0.0,0.0,0.0,0.01876126740304447,0.01876126740304447,0.0,0.0
2016-05-27,0.11292930325944495,0.0,0.0,0.0,0.0,0.15825662206963595,0.03681076716410096,0.0,0.0,0.0,0.16840811099311864,0.0,0.03681076716410096,0.0,0.0,0.0,0.04002376601590341,0.0,0.18608921451100352,0.0,0.0,0.0,0.20777963305075584,0.0,0.0,0.0,0.0,0.0,0.0,0.01763060525731194,0.0,0.01763060525731194,0.01763060525731194,0.0,0.0
2016-06-03,0.11292930325944472,0.0009651094400977452,0.0,0.0,0.0,0.1600221627111247,0.038807159408913765,0.0,0.0,0.0,0.16750821994004486,0.0,0.03681076716410096,0.0,0.0,0.0,0.038818639735741206,0.0,0.18744757321148048,0.0,0.0,0.0,0.20379924935711555,0.0,0.0,0.0,0.0,0.0,0.0,0.01763060525731194,0.0,0.01763060525731194,0.01763060525731194,0.0,0.0
2016-06-10,0.11292930325944495,0.0,0.0,0.0,0.0,0.15916396690060405,0.03681076716410096,0.0,0.0,0.0,0.16626407927809236,0.0,0.03681076716410096,0.0,0.0,0.0,0.039063136693147836,0.0,0.1904988447763381,0.0,0.0,0.0,0.205567318992235,0.0,0.0,0.0,0.0,0.0,0.0,0.01763060525731194,0.0,0.01763060525731194,0.01763060525731194,0.0,0.0
2016-06-17,0.11292930325944495,0.0,0.0,0.0,0.0,0.15889765638841793,0.03800806320515767,0.0,0.0,0.0,0.16616190392809801,0.0,0.03681076716410096,0.0,0.0,0.0,0.038956334580267954,0.0,0.19010380445602387,0.0,0.0,0.0,0.20524035124655285,0.0,0.0,0.0,0.0,0.0,0.0,0.01763060525731194,0.0,0.01763060525731194,0.01763060525731194,0.0,0.0
2016-06-24,0.10584859636441624,0.0,0.0,0.0,0.0,0.15518582695340272,0.03343118318211261,0.0,0.0,0.0,0.16510568955815683,0.0,0.03224691891012795,0.0,0.0,0.0,0.035054298273540244,0.0,0.18732110420782783,0.0,0.0,0.0,0.1986359520742202,0.0,0.0,0.03224691891012795,0.0,0.0,0.0,0.018307837188689183,0.0,0.018307837188689183,0.018307837188689183,0.0,0.0
2016-07-01,0.10584859636441624,0.0,0.0,0.0,0.0,0.15046557178291273,0.03349999092972647,0.0,0.0,0.0,0.16290611224290316,0.0,0.03224691891012795,0.0,0.0,0.0,0.03593673479535188,0.0,0.1896641419122327,0.0,0.0,0.0,0.20226150258613346,0.0,0.0,0.03224691891012795,0.0,0.0,0.0,0.018307837188689183,0.0,0.018307837188689183,0.018307837188689183,0.0,0.0
2016-07-08,0.10584859636441613,0.002236707446634763,0.0,0.0,0.0,0.15460363258985907,0.034624211719945626,0.0,0.0,0.0,0.1586896209588211,0.0,0.03224691891012795,0.0,0.0,0.0,0.035647828800239,0.0,0.18853464200554623,0.0,0.0,0.0,0.2003974107282146,0.0,0.0,0.03224691891012795,0.0,0.0,0.0,0.018307837188689183,0.0,0.018307837188689183,0.018307837188689183,0.0,0.0
2016-07-15,0.10584859636441624,0.008657794580031077,0.0,0.0,0.0,0.15489871006370856,0.03224691891012795,0.0,0.0,0.002100620480812613,0.15322038056647533,0.0,0.03224691891012795,0.0,0.0,0.0,0.03637418783333619,0.0,0.188724088865925,0.0,0.0,0.0,0.1985113529488437,0.0,0.0,0.03224691891012795,0.0,0.0,0.0,0.018307837188689183,0.0,0.018307837188689183,0.018307837188689183,0.0,0.0
2016-07-22,0.10584859636441624,0.007566177658438472,0.0,0.0,0.0,0.15544608209832314,0.03224691891012795,0.0,0.0,0.0,0.1570541440517998,0.0,0.0360899039433621,0.0,0.0,0.0,0.03320031407721699,0.0,0.18481934077262113,0.0,0.0,0.0,0.20055809164749877,0.0,0.0,0.03224691891012795,0.0,0.0,0.0,0.018307837188689183,0.0,0.018307837188689183,0.018307837188689183,0.0,0.0
2016-07-29,0.0,0.004038492611848776,0.0,0.028472400486414813,0.0,0.2036950717564964,0.029923264787787843,0.0,0.0,0.0,0.16029243222211204,0.0,0.029832831593459133,0.0,0.0,0.0,0.028472400486414813,0.0,0.20690499676251245,0.0,0.0,0.0,0.2219253839028259,0.0,0.0,0.028472400486414813,0.019323441634571,0.0,0.0,0.0,0.0,0.019323441634571,0.019323441634571,0.0,0.0
2016-08-05,0.0,0.002333723347645323,0.0,0.028472400486414813,0.0,0.2040198012692766,0.028472400486414813,0.0,0.0,0.0,0.16077324914494875,0.0,0.03251185184471713,0.0,0.0,0.0,0.029595565383258263,0.0,0.20508409130518396,0.0,0.0,0.0,0.22229419134201253,0.0,0.0,0.028472400486414813,0.019323441634571,0.0,0.0,0.0,0.0,0.019323441634571,0.019323441634571,0.0,0.0
2016-08-12,0.0,0.0,0.0,0.028472400486414813,0.0,0.2065682623918153,0.03018788157900039,0.0,0.0,0.0,0.15936258013430096,0.0,0.028472400486414813,0.0,0.0,0.0,0.030880274791414558,0.0,0.205824232018551,0.0,0.0,0.0,0.22378924272196035,0.0,0.0,0.028472400486414813,0.019323441634571,0.0,0.0,0.0,0.0,0.019323441634571,0.019323441634571,0.0,0.0
2016-08-19,0.0,0.0,0.0,0.028472400486414813,0.0,0.20921420064572083,0.028472400486414813,0.0,0.0,0.010958780660924919,0.13906135805018818,0.0,0.028472400486414813,0.0,0.0,0.0,0.03203103532317755,0.0,0.19829451198366665,0.0,0.0,0.0,0.23205299209260818,0.0,0.0,0.034999594880756255,0.019323441634571,0.0,0.0,0.0,0.0,0.019323441634571,0.019323441634571,0.0,0.0
2016-08-26,0.0,0.0,0.0,0.017137705045680865,0.0,0.20957464835010448,0.017137705045680865,0.0,0.0,0.015345607724322025,0.13568669168500877,0.0,0.017137705045680865,0.0,0.0,0.0,0.03363879813427639,0.0,0.18986496223117488,0.0,0.0,0.0,0.25730068546304474,0.0,0.0,0.051690982321888436,0.0,0.018494836317712565,0.0,0.0,0.0,0.018494836317712565,0.018494836317712565,0.0,0.0
2016-09-02,0.0,0.0,0.0,0.017137705045680865,0.0,0.2141049893381055,0.017137705045680865,0.0,0.0,0.008058149643551032,0.14808859438648048,0.0,0.017137705045680865,0.0,0.0,0.0,0.03226230212939414,0.0,0.21106221989724794,0.0,0.0,0.0,0.23844839965909867,0.0,0.0,0.041077720855941836,0.0,0.018494836317712565,0.0,0.0,0.0,0.018494836317712565,0.018494836317712565,0.0,0.0
2016-09-09,0.0,0.0,0.0,0.017137705045680865,0.0,0.21658380464673005,0.017137705045680865,0.0,0.0,0.008665838310288559,0.13568669168500877,0.0,0.017137705045680865,0.005886792671819892,0.0,0.0,0.04117706391239687,0.0,0.19353735822217627,0.0,0.0,0.0,0.24071384794344133,0.0,0.0,0.050850978517957966,0.0,0.018494836317712565,0.0,0.0,0.0,0.018494836317712565,0.018494836317712565,0.0,0.0
2016-09-16,0.0,0.0,0.0,0.017137705045680865,0.0,0.21413809991339183,0.017137705045680865,0.0,0.0,0.006460518663545276,0.13568669168500877,0.0,0.017137705045680865,0.0031573452078866907,0.0,0.0,0.030701049069377394,0.0,0.20489290477851768,0.0,0.0,0.0,0.23903597278246028,0.0,0.0,0.05902979380963174,0.0,0.018494836317712565,0.0,0.0,0.0,0.018494836317712565,0.018494836317712565,0.0,0.0
2016-09-23,2.220446049250313e-16,0.0,0.0,0.017137705045680865,0.0,0.21283763849540122,0.017137705045680865,0.0,0.0,0.02335060783931484,0.13568669168500877,0.0,0.017137705045680865,0.016047844382394958,0.0,0.0,0.03547207008429387,0.0,0.18831979460587905,0.0,0.0,0.0,0.2215500746141382,0.0,0.0,0.05983765420338872,0.0,0.018494836317712565,0.0,0.0,0.0,0.018494836317712565,0.018494836317712565,0.0,0.0
2016-09-30,0.0,0.0,0.0,0.0326307896526728,0.0,0.13812930513942628,0.03623518069595082,0.0,0.0,0.019944524735733608,0.04775001466816718,0.0,0.0326307896526728,0.010935759264892597,0.0,0.0,0.04149397995272663,0.0,0.19533551904394408,0.0,0.0,0.0,0.22199773983420745,0.0,0.0,0.16317229174282455,0.01991470187226041,0.01991470187226041,0.0,0.0,0.0,0.0,0.01991470187226041,0.0,0.0
2016-10-07,0.0,0.0,0.0,0.0326307896526728,0.004781149390682746,0.1408297352941265,0.04999843460719976,0.0,0.0,0.021236725856766354,0.04775001466816718,0.0,0.0326307896526728,0.004577701875742893,0.0,0.0,0.03697256487581632,0.0,0.19063257376321363,0.0,0.0,0.0,0.218207138862605,0.0,0.0,0.1600082758835528,0.01991470187226041,0.01991470187226041,0.0,0.0,0.0,0.0,0.01991470187226041,0.0,0.0
2016-10-14,0.0,0.0,0.0,0.0326307896526728,0.010693780042049177,0.1401330411068531,0.04007960638010917,0.0,0.0,0.021056447182747354,0.04775001466816718,0.0,0.0326307896526728,0.008066130709424975,0.0,0.0,0.039623242990723014,0.0,0.19063257376321363,0.0,0.0,0.0014997622582714094,0.21054727563547404,0.0,0.0,0.16491244034084013,0.01991470187226041,0.01991470187226041,0.0,0.0,0.0,0.0,0.01991470187226041,0.0,0.0
2016-10-21,0.0,0.0,0.0,0.0326307896526728,0.0,0.14135747511597382,0.04477184424488802,0.0,0.0,0.019823173626451737,0.04775001466816718,0.0,0.0326307896526728,0.01970776671642361,0.0,0.0,0.043812004657693145,0.0,0.19063257376321363,0.0,0.0,0.0,0.21054727563547404,0.0,0.0,0.15659218664958802,0.01991470187226041,0.01991470187226041,0.0,0.0,0.0,0.0,0.01991470187226041,0.0,0.0
2016-10-28,0.08043532841507584,0.0,0.0,0.017190922578986963,0.016568729485256523,0.18359038795787924,0.1484300926609203,0.0,0.0,0.03709384792181411,0.11081677559890256,0.0,0.017190922578986963,0.02565881621259532,0.0,0.0,0.02408056748756224,0.0,0.1604068653961681,0.0,0.0,0.0,0.0811351192360229,0.018582093010066733,0.0,0.04165534543962858,0.018582093010066733,0.0,0.0,0.0,0.0,0.0,0.018582093010066733,0.0,0.0
2016-11-04,0.08043532841507606,0.0,0.0,0.017190922578986963,0.021460121832100477,0.164100665732774,0.1649962209117071,0.0,0.0,0.03620042688567687,0.11081677559890256,0.0,0.017190922578986963,0.025586937574515103,0.0,0.0,0.03189905777331504,0.0,0.1604068653961681,0.0,0.0,0.0,0.06972774415894345,0.018582093010066733,0.0,0.04424173153264716,0.018582093010066733,0.0,0.0,0.0,0.0,0.0,0.018582093010066733,0.0,0.0
2016-11-11,0.08043532841507606,0.0,0.0,0.017190922578986963,0.01958425465000789,0.1604068653961681,0.16575302183015225,0.0,0.0,0.01576390326132888,0.12149737432275118,0.0,0.03464939710434675,0.024915535440940103,0.0,0.0,0.0288274634885391,0.0,0.1604068653961681,0.0,0.0,0.003673548129051832,0.06817218280733228,0.018582093010066733,0.0,0.04297705814895031,0.018582093010066733,0.0,0.0,0.0,0.0,0.0,0.018582093010066733,0.0,0.0
2016-11-18,0.08043532841507595,0.0,0.0,0.017190922578986963,0.021670498437620794,0.1604068653961681,0.16829858836378422,0.0,0.0,0.017199566466739518,0.11081677559890256,0.0,0.03640044090067185,0.027473132418245134,0.0,0.0,0.030011372899014704,0.0,0.1604068653961681,0.0,0.0,0.0,0.06817218280733228,0.018582093010066733,0.0,0.045771181291089535,0.018582093010066733,0.0,0.0,0.0,0.0,0.0,0.018582093010066733,0.0,0.0
2016-11-25,0.10260298235578591,0.0,0.01973521941350008,0.0,0.015760272048267257,0.13659919647542723,0.21269144259378617,0.0,0.0,0.010565200948247092,0.10339910356083049,0.0,0.05962696141921052,0.021210591683231573,0.0,0.0,0.05617891700539315,0.0,0.08727735853781628,0.0,0.0,0.0,0.01973521941350008,0.0,0.0,0.13488231513150406,0.0,0.01973521941350008,0.0,0.0,0.0,0.0,0.0,0.0,0.0
2016-12-02,0.10260298235578602,0.0,0.01973521941350008,0.0,0.02670343445193128,0.14682981963334574,0.21141172016676332,0.0,0.0,0.0,0.0983845931341732,0.0,0.06133287025589575,0.018052337087598673,0.0,0.0,0.04911985509079172,0.0,0.08727735853781628,0.0,0.0,0.0,0.01973521941350008,0.0,0.0,0.1390793710453978,0.0,0.01973521941350008,0.0,0.0,0.0,0.0,0.0,0.0,0.0
2016-12-09,0.10260298235578591,0.0,0.01973521941350008,0.0,0.015306170171543811,0.15740964049700057,0.21362979425044162,0.0,0.0,0.0,0.11898125440157027,0.0,0.05732812466190486,0.005132091203788632,0.0,0.0,0.044669985656160795,0.0,0.08727735853781628,0.0,0.0,0.0,0.01973521941350008,0.0,0.0,0.13845694002348707,0.0,0.01973521941350008,0.0,0.0,0.0,0.0,0.0,0.0,0.0
2016-12-16,0.10260298235578591,0.0,0.01973521941350008,0.0,0.022973841645799856,0.13659919647542723,0.19122859586612215,0.0,0.0,0.02543956833471982,0.094950132837514,0.0,0.044669985656160795,0.029669316247905822,0.0,0.0,0.07639441265029898,0.0,0.08727735853781628,0.0,0.0,0.0,0.01973521941350008,0.0,0.0,0.12898895115194892,0.0,0.01973521941350008,0.0,0.0,0.0,0.0,0.0,0.0,0.0
2016-12-23,0.10260298235578602,0.0,0.01973521941350008,0.0,0.02104862374595824,0.13659919647542723,0.2037998011275188,0.0,0.0,0.025948251116073403,0.094950132837514,0.0,0.050601245828170514,0.028448220960606688,0.0,0.0,0.07181259742550214,0.0,0.08727735853781628,0.0,0.0,0.0,0.01973521941350008,0.0,0.0,0.11770593134912653,0.0,0.01973521941350008,0.0,0.0,0.0,0.0,0.0,0.0,0.0
2016-12-30,0.0,0.0,0.023962410465905006,0.06538308624777325,0.003303175684712693,0.09411091812210146,0.23726816480419557,0.0,0.0,0.016808389219613244,0.09411091812210146,0.0,0.13375539212382742,0.017518419598185918,0.0,0.0,0.08420108750845284,0.0,0.0,0.0,0.0,0.0,0.0,0.0,0.0,0.18165321717132119,0.0,0.023962410465905006,0.0,0.023962410465905006,0.0,0.0,0.0,0.0,0.0
2017-01-06,0.0,0.0,0.023962410465905006,0.06538308624777325,0.011448914134706814,0.09411091812210146,0.2352977088695456,0.0,0.0,0.01606097828549494,0.09411091812210146,0.0,0.14122788585500998,0.005355269282291475,0.0,0.0,0.08491721996969927,0.0,0.0,0.0,0.0,0.0,0.0,0.0,0.0,0.1801998697135608,0.0,0.023962410465905006,0.0,0.023962410465905006,0.0,0.0,0.0,0.0,0.0
2017-01-13,0.0,0.0,0.023962410465905006,0.06538308624777325,0.014250752032278076,0.09411091812210146,0.21859893493105786,0.0,0.0,0.018785382852241163,0.09411091812210146,0.0,0.13890995007400342,0.009437141477337197,0.0,0.0,0.08859536609931049,0.0,0.0,0.0,0.0,0.0020969152335854136,0.0,0.0,0.0,0.18383340341049526,0.0,0.023962410465905006,0.0,0.023962410465905006,0.0,0.0,0.0,0.0,0.0
2017-01-20,0.0,0.0,0.023962410465905006,0.06538308624777325,0.007693425574695571,0.09411091812210146,0.2262718089538692,0.0,0.0,0.020224062243164875,0.09411091812210146,0.0,0.1407619487727556,0.014530954768526012,0.0,0.0,0.08557563562406731,0.0,0.0,0.0,0.0,0.0022717510240407436,0.0,0.0,0.0,0.1771782591491896,0.0,0.023962410465905006,0.0,0.023962410465905006,0.0,0.0,0.0,0.0,0.0
2017-01-27,1.1102230246251565e-16,0.0,0.0,0.04246207645683835,0.007944522014755526,0.0,0.14876865412025472,0.0,0.0,0.07367961414567113,0.041145173571082126,0.0,0.20966438995935768,0.01669741904712925,0.0,0.0,0.21947725111874739,0.0,0.0,0.0,0.0,0.0,0.04246207645683835,0.023874568529333066,0.0,0.1022005489919931,0.023874568529333066,0.023874568529333066,0.0,0.023874568529333066,0.0,0.0,0.0,0.0,0.0
2017-02-03,0.0,0.0,0.0,0.04246207645683835,0.0034958680001246235,0.0,0.15804540320906768,0.0,0.0,0.07122594133594931,0.041145173571082126,0.0,0.21470366174286795,0.01293975616470986,0.0,0.0,0.21447355707683002,0.0,0.0,0.0,0.0,0.0,0.04380973933320459,0.023874568529333066,0.0,0.1022005489919931,0.023874568529333066,0.023874568529333066,0.0,0.023874568529333066,0.0,0.0,0.0,0.0,0.0
2017-02-10,1.1102230246251565e-16,0.0,0.0,0.04246207645683835,0.00730990718563539,0.0,0.14782083685571235,0.0,0.0,0.07172534686998056,0.041145173571082126,0.0,0.2119306922394647,0.01883065091285039,0.0,0.0,0.21255666385869493,0.0,0.0,0.0,0.0,0.004436375042631076,0.04246207645683835,0.023874568529333066,0.0,0.10382192643293942,0.023874568529333066,0.023874568529333066,0.0,0.023874568529333066,0.0,0.0,0.0,0.0,0.0
2017-02-17,1.1102230246251565e-16,0.0,0.0,0.04246207645683835,0.010668786511950775,0.0,0.13669518651796955,0.0,0.0,0.07123446240819958,0.041145173571082126,0.0,0.21563304386860016,0.02165232681792385,0.0,0.0,0.21188057149788414,0.0,0.0,0.0,0.0,0.002157943793663251,0.04246207645683835,0.023874568529333066,0.0,0.10851007798171747,0.023874568529333066,0.023874568529333066,0.0,0.023874568529333066,0.0,0.0,0.0,0.0,0.0
2017-02-24,0.05249890719658956,0.0,0.0,0.06676192515396119,0.0058236829831347535,0.0,0.12310771649366356,0.0,0.0,0.05906853491641898,0.041145943742962696,0.0,0.20185428770909658,0.023658215747518627,0.0,0.0,0.15832872337969991,0.0,0.0,0.0,0.0,0.043509494519207624,0.042587592353258756,0.02417433280070243,0.0,0.10913197740238037,0.0,0.02417433280070243,0.0,0.02417433280070243,0.0,0.0,0.0,0.0,0.0
2017-03-03,0.05249890719658967,0.0,0.0,0.06676192515396119,0.0059627410129955575,0.0,0.12310771649366356,0.0,0.0,0.05914263109252224,0.041145943742962696,0.0,0.19301921157777155,0.023735810965601015,0.0,0.0,0.15594160061451012,0.0,0.0,0.0,0.0,0.043569695307439885,0.042587592353258756,0.02417433280070243,0.0,0.12000322608661645,0.0,0.02417433280070243,0.0,0.02417433280070243,0.0,0.0,0.0,0.0,0.0
2017-03-10,0.05249890719658956,0.0,0.0,0.06676192515396119,0.007022233801311651,0.0,0.12310771649366356,0.0,0.0,0.05682152696382568,0.041145943742962696,0.0,0.19203178542038668,0.025893607346469897,0.0,0.0,0.15984618600822795,0.0,0.0,0.0,0.0,0.043322607216036486,0.042587592353258756,0.02417433280070243,0.0,0.11643696990119853,0.0,0.02417433280070243,0.0,0.02417433280070243,0.0,0.0,0.0,0.0,0.0
2017-03-17,0.05249890719658967,0.0,0.0,0.06869169490301684,0.006637456938645313,0.0,0.12310771649366356,0.0,0.0,0.05186128544023736,0.041145943742962696,0.0,0.1898559428474809,0.02927609994397068,0.0,0.0,0.15611534845689273,0.0,0.0,0.0,0.0,0.047225786297455066,0.042587592353258756,0.02417433280070243,0.0,0.11847322698371918,0.0,0.02417433280070243,0.0,0.02417433280070243,0.0,0.0,0.0,0.0,0.0
2017-03-24,0.05249890719658967,0.0,0.0,0.07283899608787542,0.009522767723381292,0.0,0.12310771649366356,0.0,0.0,0.051158691718149935,0.041145943742962696,0.0,0.18254695660187994,0.025168089638868192,0.0,0.0,0.1589840823803613,0.0,0.0,0.0,0.0,0.04974651346638607,0.042587592353258756,0.02417433280070243,0.0,0.1181707441945159,0.0,0.02417433280070243,0.0,0.02417433280070243,0.0,0.0,0.0,0.0,0.0
2017-03-31,0.050878670953977245,0.0,0.0,0.04359413961476403,0.07883536689902013,0.0,0.11780746966534072,0.0,0.0,0.06622379065440624,0.04092952112647151,0.0,0.13906546113804166,0.05596049693554107,0.0,0.0,0.14082066336595844,0.0,0.0,0.0,0.0,0.07820649461131039,0.0,0.026940999242718297,0.0,0.13379592654973185,0.0,0.026940999242718297,0.0,0.0,0.0,0.0,0.0,0.0,0.0
2017-04-07,0.05087867095397747,0.0,0.0,0.04808645972023911,0.08255937738836955,0.0,0.11780746966534072,0.0,0.0,0.06284979889056916,0.04092952112647151,0.0,0.13906546113804166,0.057234651889153575,0.0,0.0,0.14374351441238975,0.0,0.0,0.0,0.0,0.08289547824139679,0.0,0.026940999242718297,0.0,0.1200675980886142,0.0,0.026940999242718297,0.0,0.0,0.0,0.0,0.0,0.0,0.0
2017-04-14,0.050878670953977356,0.0,0.0,0.053503146185001745,0.07391044246053728,0.0,0.11780746966534072,0.0,0.0,0.05698535228249728,0.04092952112647151,0.0,0.13906546113804166,0.053832264303111624,0.0,0.0,0.15280126143854791,0.0,0.0,0.0,0.0,0.08889253827519562,0.0,0.026940999242718297,0.0,0.11751187368584065,0.0,0.026940999242718297,0.0,0.0,0.0,0.0,0.0,0.0,0.0
2017-04-21,0.05087867095397747,0.0,0.0,0.06120518124322516,0.06913290483959514,0.0,0.11780746966534072,0.0,0.0,0.06259427779610763,0.04092952112647151,0.0,0.13906546113804166,0.05184457809622517,0.0,0.0,0.14364129114160037,0.0,0.0,0.0,0.0,0.0871019377009861,0.0,0.026940999242718297,0.0,0.12191670781299252,0.0,0.026940999242718297,0.0,0.0,0.0,0.0,0.0,0.0,0.0
2017-04-28,0.05034755747429576,0.0,0.0,0.14874008066254057,0.07252782059730707,0.025619261959987736,0.1267751931895017,0.0,0.0,0.017084351640377186,0.0,0.0,0.04103672951558662,0.056427928788788696,0.0,0.0,0.15526705304911168,0.0,0.0,0.0,0.0,0.10405331616363515,0.025619261959987736,0.025860506976230626,0.0,0.12478043104641895,0.0,0.0,0.025860506976230626,0.0,0.0,0.0,0.0,0.0,0.0
2017-05-05,0.050347557474295646,0.0,0.0,0.14703301211916642,0.06767977960695488,0.025619261959987736,0.1267751931895017,0.0,0.0,0.027014523647481494,0.0,0.0,0.04103672951558662,0.056652957544815974,0.0,0.0,0.17132453355505148,0.0,0.0,0.0,0.0,0.10226511716089921,0.025619261959987736,0.025860506976230626,0.0,0.10691105831380983,0.0,0.0,0.025860506976230626,0.0,0.0,0.0,0.0,0.0,0.0
2017-05-12,0.050347557474295646,0.0,0.0,0.14989092278416544,0.06362117508195213,0.025619261959987736,0.1267751931895017,0.0,0.0,0.03346119018190169,0.0,0.0,0.04103672951558662,0.05467086742831437,0.0,0.0,0.16267160856596732,0.0,0.0,0.0,0.0,0.09648178057469714,0.025619261959987736,0.025860506976230626,0.0,0.11808343733118126,0.0,0.0,0.025860506976230626,0.0,0.0,0.0,0.0,0.0,0.0
2017-05-19,0.050347557474295535,0.0,0.0,0.1517899404276736,0.06362117508195213,0.025619261959987736,0.13320297287381797,0.0,0.0,0.009173738170291016,0.0,0.0,0.04103672951558662,0.05147278173227775,0.0,0.0,0.15734089606104038,0.0,0.0,0.0,0.0,0.11452737289103725,0.025619261959987736,0.025860506976230626,0.0,0.12452729789959097,0.0,0.0,0.025860506976230626,0.0,0.0,0.0,0.0,0.0,0.0
2017-05-26,0.04958078246739661,0.0,0.0,0.1899950279633418,0.0,0.033334266475768905,0.11684482055978024,0.0,0.0,0.013046544602794863,0.046324967233463944,0.0,0.0,0.08347438892420574,0.0,0.0,0.11561047090451995,0.0,0.0,0.0,0.0,0.13772414521760853,0.002216371598842483,0.021194016854760526,0.0,0.1906541971975163,0.0,0.0,0.0,0.0,0.0,0.0,0.0,0.0,0.0
2017-06-02,0.04958078246739672,0.0,0.0,0.19826132643831926,0.0022631030429214783,0.033334266475768905,0.11684482055978024,0.0,0.0,0.009111137488060092,0.046324967233463944,0.0,0.0,0.07988247117667761,0.0,0.0,0.11889762967762313,0.0,0.0,0.0,0.0,0.140109163355438,0.0,0.021194016854760526,0.0,0.1841963152297901,0.0,0.0,0.0,0.0,0.0,0.0,0.0,0.0,0.0
2017-06-09,0.04958078246739683,0.0,0.0,0.2025691155740472,0.008683495338667118,0.033334266475768905,0.11684482055978024,0.0,0.0,0.012508581170687006,0.046324967233463944,0.0,0.0,0.07420769580614399,0.0,0.0,0.1206257229119794,0.0,0.0,0.0,0.0,0.1417998171630781,0.0,0.021194016854760526,0.0,0.17232671844422684,0.0,0.0,0.0,0.0,0.0,0.0,0.0,0.0,0.0
2017-06-16,0.04958078246739683,0.0,0.0,0.19920041455965976,0.0023805238648735576,0.033334266475768905,0.11684482055978024,0.0,0.0,0.008674962956247518,0.046324967233463944,0.0,0.0,0.07366668811222979,0.0,0.0,0.1246992055227196,0.0,0.0,0.0,0.0,0.13819458299218124,0.0,0.021194016854760526,0.0,0.18590476840091816,0.0,0.0,0.0,0.0,0.0,0.0,0.0,0.0,0.0
2017-06-23,0.04958078246739672,0.0,0.0,0.19995231063010016,0.013688345142075528,0.033334266475768905,0.11684482055978024,0.0,0.0,0.004156320574418754,0.046324967233463944,0.0,0.0,0.07116212900844557,0.0,0.0,0.12006213862947424,0.0,0.0,0.0,0.0,0.1423243567624326,0.0,0.021194016854760526,0.0,0.18137554566188285,0.0,0.0,0.0,0.0,0.0,0.0,0.0,0.0,0.0
2017-06-30,2.220446049250313e-16,0.0,0.021408313536402913,0.2467828959765999,0.0028433680747954196,0.01945108318654864,0.06729770650121047,0.0,0.0,0.004995283729625032,0.04784662331466184,0.0,0.0,0.08695254313013934,0.0,0.0,0.1178274697878611,0.0,0.01945108318654864,0.0,0.0,0.15940457204887745,0.01945108318654864,0.0,0.0,0.18628797434018032,0.0,0.0,0.0,0.0,0.0,0.0,0.0,0.0,0.0
2017-07-07,1.1102230246251565e-16,0.0,0.021408313536402913,0.24491548711328573,0.024132261740632467,0.01945108318654864,0.06729770650121047,0.0,0.0,0.00426535309960696,0.04784662331466184,0.0,0.0,0.08309304410611668,0.0,0.0,0.11496816397967133,0.0,0.01945108318654864,0.0,0.0,0.15519109520064403,0.01945108318654864,0.0,0.0,0.17852870184812142,0.0,0.0,0.0,0.0,0.0,0.0,0.0,0.0,0.0
2017-07-14,3.3306690738754696e-16,0.0,0.021408313536402913,0.24453624358038814,0.011944305184128147,0.01945108318654864,0.06729770650121047,0.0,0.0,0.01911030996935443,0.04784662331466184,0.0,0.0,0.08494439699634686,0.0,0.0,0.11311336631923011,0.0,0.01945108318654864,0.0,0.0,0.1567985632182406,0.01945108318654864,0.0,0.0,0.1746469218203903,0.0,0.0,0.0,0.0,0.0,0.0,0.0,0.0,0.0
2017-07-21,3.3306690738754696e-16,0.0,0.021408313536402913,0.2503446229389097,0.006805224169657585,0.01945108318654864,0.06729770650121047,0.0,0.0,0.011187251355826027,0.04784662331466184,0.0,0.0,0.0861596503101116,0.0,0.0,0.1261819484045815,0.0,0.01945108318654864,0.0,0.0,0.1629981761101711,0.01945108318654864,0.0,0.0,0.16141723379882109,0.0,0.0,0.0,0.0,0.0,0.0,0.0,0.0,0.0
2017-07-28,0.0,0.0,0.0,0.23798267888528202,0.08447413536306496,0.01891079305483325,0.06566606559977782,0.0,0.0,0.017491529312578562,0.04675527254494457,0.0,0.0,0.08827487578610924,0.0,0.0,0.12529910457136004,0.0,0.01891079305483325,0.0,0.0,0.15207708372166848,0.01891079305483325,0.0,0.0,0.10014395179256586,0.0,0.0,0.0,0.0,0.0,0.0,0.025102923258148706,0.0,0.0
2017-08-04,0.0,0.0,0.0,0.24508508485404523,0.07741474216240625,0.01891079305483325,0.06566606559977782,0.0,0.0,0.022986754453211383,0.04675527254494457,0.0,0.0,0.07149857517044635,0.0,0.0,0.12062967516026551,0.0,0.01891079305483325,0.0,0.0,0.1678873530502993,0.01891079305483325,0.0,0.0,0.10024117458195511,0.0,0.0,0.0,0.0,0.0,0.0,0.025102923258148706,0.0,0.0
2017-08-11,1.1102230246251565e-16,0.0,0.0,0.23304189797649888,0.07814477296359741,0.01891079305483325,0.06566606559977782,0.0,0.0,0.031787206097767404,0.04675527254494457,0.0,0.0,0.0851836613466319,0.0,0.0,0.12449046294937247,0.0,0.01891079305483325,0.0,0.0,0.15412947761526094,0.01891079305483325,0.0,0.0,0.09896588048350011,0.0,0.0,0.0,0.0,0.0,0.0,0.025102923258148706,0.0,0.0
2017-08-18,0.0,0.0,0.0,0.23698301997655535,0.0739024280510282,0.01891079305483325,0.06566606559977782,0.0,0.0,0.011462231915533298,0.04675527254494457,0.0,0.0,0.0846184935770017,0.0,0.0,0.11696260155255311,0.0,0.01891079305483325,0.0,0.0,0.15806935993192553,0.01891079305483325,0.0,0.0,0.12374522442803193,0.0,0.0,0.0,0.0,0.0,0.0,0.025102923258148706,0.0,0.0
2017-08-25,0.08146608748155593,0.0,0.0,0.21337414030010562,0.006198473965296184,0.020379600455606356,0.06281370760517896,0.0,0.0,0.007411273256979423,0.0424341071495726,0.0,0.0,0.07249845977719742,0.0,0.0,0.14415464037992623,0.0,0.020379600455606356,0.0,0.0,0.14092358834720856,0.020379600455606356,0.0,0.0,0.11938386369005988,0.0,0.0,0.0,0.024101428340050086,0.0,0.0,0.0,0.024101428340050086,0.0
2017-09-01,0.08146608748155582,0.0,0.0,0.21613938687823253,0.014131322388140832,0.020379600455606356,0.06281370760517896,0.0,0.0,0.0021124474788927015,0.0424341071495726,0.0,0.0,0.06153827348084179,0.0,0.0,0.14484715539892193,0.0,0.020379600455606356,0.0,0.0,0.14299073867647058,0.020379600455606356,0.0,0.0,0.12218511541527294,0.0,0.0,0.0,0.024101428340050086,0.0,0.0,0.0,0.024101428340050086,0.0
2017-09-08,0.08146608748155582,0.0,0.0,0.21583861253085843,0.015227022783082442,0.020379600455606356,0.06281370760517896,0.0,0.0,0.0023461785624034753,0.0424341071495726,0.0,0.0,0.06101345138244141,0.0,0.0,0.14691243633844725,0.0,0.020379600455606356,0.0,0.0,0.1369804929330312,0.020379600455606356,0.0,0.0,0.1256262451865091,0.0,0.0,0.0,0.024101428340050086,0.0,0.0,0.0,0.024101428340050086,0.0
2017-09-15,0.08146608748155582,0.0,0.0,0.21444773237861992,0.012524894833784673,0.02266900067477853,0.06281370760517896,0.0,0.0,0.0,0.0424341071495726,0.0,0.0,0.06376660841286053,0.0,0.0,0.14191256292646676,0.0,0.020379600455606356,0.0,0.0,0.1424545317714697,0.020379600455606356,0.0,0.0,0.1265487091743996,0.0,0.0,0.0,0.024101428340050086,0.0,0.0,0.0,0.024101428340050086,0.0
2017-09-22,0.08146608748155582,0.0,0.0,0.21744328467505847,0.01995062210202303,0.02447215461128615,0.06281370760517896,0.0,0.0,0.0,0.0424341071495726,0.0,0.0,0.060769116966834694,0.0,0.0,0.13726899775191773,0.0,0.020379600455606356,0.0,0.0,0.13858427974506463,0.020379600455606356,0.0,0.0,0.12583558432019498,0.0,0.0,0.0,0.024101428340050086,0.0,0.0,0.0,0.024101428340050086,0.0
2017-09-29,0.0,0.0,0.0,0.2329719209828833,0.006509547322367417,0.027518452835038967,0.07268463059556401,0.0,0.0,0.0,0.04516617776052504,0.0,0.027518452835038967,0.06424140174235157,0.0,0.0,0.15301132078746404,0.0,0.027518452835038967,0.0,0.0,0.14573895912127224,0.027518452835038967,0.0,0.0,0.1152663721144407,0.0,0.0,0.0,0.0,0.0,0.02716792911648788,0.02716792911648788,0.0,0.0
2017-10-06,1.1102230246251565e-16,0.0,0.0,0.23017109715418596,0.0037195074560884395,0.03131824364565589,0.07268463059556401,0.0,0.0,0.0,0.04516617776052504,0.0,0.027518452835038967,0.06726054929863746,0.0,0.0,0.15414245070775734,0.0,0.027518452835038967,0.0,0.0,0.1412081262570465,0.027518452835038967,0.0,0.0,0.11743800038644657,0.0,0.0,0.0,0.0,0.0,0.02716792911648788,0.02716792911648788,0.0,0.0
2017-10-13,0.0,0.0,0.0,0.23055400184597888,0.010009611847037638,0.03587114401546418,0.07268463059556401,0.0,0.0,0.0,0.04516617776052504,0.0,0.027518452835038967,0.06388198638030326,0.0,0.0,0.14658456004287268,0.0,0.02903417475431477,0.0,0.0,0.14128121761582546,0.027518452835038967,0.0,0.0,0.11555973123906028,0.0,0.0,0.0,0.0,0.0,0.02716792911648788,0.02716792911648788,0.0,0.0
2017-10-20,0.0,0.0,0.0,0.22930980482198385,0.007078214505801104,0.027518452835038967,0.07268463059556401,0.0,0.0,0.002955108969864769,0.04516617776052504,0.0,0.027518452835038967,0.06593284163076536,0.0,0.0,0.15463000719557873,0.0,0.027518452835038967,0.0,0.0,0.14172477274326573,0.027518452835038967,0.0,0.0,0.11610877220351973,0.0,0.0,0.0,0.0,0.0,0.02716792911648788,0.02716792911648788,0.0,0.0
2017-10-27,0.08540830946762223,0.0,0.0,0.17172045138091324,0.004797085996469591,0.10353432490403905,0.06815658046554016,0.0,0.0,0.002738359395990167,0.0417946585361508,0.0,0.026361921929389347,0.009840039530699231,0.0,0.0,0.10889150938186132,0.0,0.026361921929389347,0.0,0.0,0.12258626080952638,0.026361921929389347,0.0,0.0,0.15100140605060183,0.0,0.0,0.0,0.0,0.0,0.025222624146208947,0.025222624146208947,0.0,0.0
2017-11-03,0.08540830946762223,0.0,0.0,0.1713916618157857,0.00315770116035024,0.10353432490403905,0.06815658046554016,0.0,0.0,0.013176301374854553,0.0417946585361508,0.0,0.026361921929389347,0.008359021711265112,0.0,0.0,0.10610400243124607,0.0,0.026361921929389347,0.0,0.0,0.12344435559867104,0.026361921929389347,0.0,0.0,0.14594206845388902,0.0,0.0,0.0,0.0,0.0,0.025222624146208947,0.025222624146208947,0.0,0.0
2017-11-10,0.08540830946762223,0.0,0.0,0.16275060658182322,0.0017873173736518571,0.10353432490403905,0.06815658046554016,0.0,0.0,0.015969421116479858,0.0417946585361508,0.0,0.026361921929389347,0.011967581386051347,0.0,0.0,0.11307415008977767,0.0,0.026361921929389347,0.0,0.0,0.11498481022292774,0.026361921929389347,0.0,0.0,0.1510412257753501,0.0,0.0,0.0,0.0,0.0,0.025222624146208947,0.025222624146208947,0.0,0.0
2017-11-17,0.08540830946762235,0.0,0.0,0.1727317784319123,0.00701147418674595,0.10353432490403905,0.06815658046554016,0.0,0.0,0.006971017945509074,0.0417946585361508,0.0,0.026361921929389347,0.010608753245551756,0.0,0.0,0.10041267721444083,0.0,0.026361921929389347,0.0,0.0,0.12414576029092833,0.02763664164661649,0.0,0.0,0.1484189315137464,0.0,0.0,0.0,0.0,0.0,0.025222624146208947,0.025222624146208947,0.0,0.0
2017-11-24,0.08518029490774626,0.0,0.0,0.2069909908639962,0.006130154597167918,0.02697637047248608,0.0663665008717093,0.0,0.0,0.010555555421071722,0.07477184748429233,0.0,0.02697637047248608,0.012532900580991494,0.0,0.0,0.10921744923605572,0.0,0.02697637047248608,0.0,0.0,0.1164128596631224,0.052224532276785696,0.0,0.0,0.1534396408753032,0.0,0.0,0.0,0.0,0.0,0.0,0.0,0.02524816180429961,0.0
2017-12-01,0.08518029490774615,0.0,0.0,0.20846117312813325,0.017773862745149322,0.02697637047248608,0.0663665008717093,0.0,0.0,0.00630947099526356,0.07477184748429233,0.0,0.02697637047248608,0.014174832054001364,0.0,0.0,0.10568631868774196,0.0,0.02697637047248608,0.0,0.0,0.11587862703395752,0.052224532276785696,0.0,0.0,0.1469952665934617,0.0,0.0,0.0,0.0,0.0,0.0,0.0,0.02524816180429961,0.0
2017-12-08,0.08518029490774615,0.0,0.0,0.2085747562782475,0.017234141664077888,0.02697637047248608,0.0663665008717093,0.0,0.0,0.005221122149538572,0.07477184748429233,0.0,0.02697637047248608,0.013897758730852632,0.0,0.0,0.11032737711226609,0.0,0.02697637047248608,0.0,0.0,0.11546610271425253,0.052224532276785696,0.0,0.0,0.1445582925884735,0.0,0.0,0.0,0.0,0.0,0.0,0.0,0.02524816180429961,0.0
2017-12-15,0.08518029490774615,0.0,0.0,0.20423345462688505,0.017870466723864938,0.02697637047248608,0.0663665008717093,0.0,0.0,0.0,0.07477184748429233,0.0,0.035786354048159365,0.016659699785883924,0.0,0.0,0.11072882464897822,0.0,0.02697637047248608,0.0,0.0,0.11282328201949288,0.052224532276785696,0.0,0.0,0.14415383985693042,0.0,0.0,0.0,0.0,0.0,0.0,0.0,0.02524816180429961,0.0
2017-12-22,0.08518029490774615,0.0,0.0,0.20414745446813867,0.01933721334062683,0.02697637047248608,0.0663665008717093,0.0,0.0,0.0021999098675324915,0.07477184748429233,0.0,0.033355034709303205,0.017248872299609683,0.0,0.0,0.10870297070163655,0.0,0.02697637047248608,0.0,0.0,0.11266408523729224,0.052224532276785696,0.0,0.0,0.14460038108605508,0.0,0.0,0.0,0.0,0.0,0.0,0.0,0.02524816180429961,0.0
2017-12-29,0.08505584021114676,0.0,0.0,0.2059515835402991,0.016502999699492555,0.06318477511971349,0.06613389395384553,0.0,0.0,0.0029677891470451115,0.03799770369208299,0.0,0.03539483824513726,0.015910174428350247,0.0,0.0,0.10888837859566887,0.0,0.028136190261762548,0.0,0.0,0.11140945838473329,0.028136190261762548,0.0,0.0,0.16882741878732946,0.0,0.0,0.0,0.0,0.0,0.0,0.02550276567163021,0.0,0.0
2018-01-05,0.08505584021114676,0.0,0.0,0.19592109914351782,0.024154067837207673,0.06318477511971349,0.06613389395384553,0.0,0.0,0.0013582427507873832,0.03799770369208299,0.0,0.028136190261762548,0.022763999682802134,0.0,0.0,0.12305640264649194,0.0,0.028136190261762548,0.0,0.0,0.10394637269779304,0.028136190261762548,0.0,0.0,0.16651626580769333,0.0,0.0,0.0,0.0,0.0,0.0,0.02550276567163021,0.0,0.0
2018-01-12,0.08505584021114676,0.0,0.0,0.19959189961390753,0.02293505376616187,0.06318477511971349,0.06613389395384553,0.0,0.0,0.001301173067311799,0.03799770369208299,0.0,0.028136190261762548,0.02389512348449804,0.0,0.0,0.12007766826355647,0.0,0.028136190261762548,0.0,0.0,0.10604546013987953,0.028136190261762548,0.0,0.0,0.16387007223097808,0.0,0.0,0.0,0.0,0.0,0.0,0.02550276567163021,0.0,0.0
2018-01-19,0.08505584021114676,0.0,0.0,0.19592109914351782,0.023929223902247096,0.06318477511971349,0.06613389395384553,0.0,0.0,0.005389469238151783,0.03799770369208299,0.0,0.028136190261762548,0.02485942978670778,0.0,0.0,0.12313401485967299,0.0,0.028136190261762548,0.0,0.0,0.10048940082755246,0.028136190261762548,0.0,0.0,0.16399381280844336,0.0,0.0,0.0,0.0,0.0,0.0,0.02550276567163021,0.0,0.0
2018-01-26,0.08326264851266485,0.0,0.0,0.13661529890810703,0.05750883257541069,0.03796981735795792,0.07587853492473307,0.0,0.0,0.0027968348490043683,0.07439980603620742,0.0,0.03796981735795792,0.02226525186482915,0.0,0.0,0.12579925944349504,0.0,0.07439980603620742,0.0,0.0,0.1076376064701412,0.0,0.0,0.0,0.11261777154166819,0.0,0.0,0.0,0.0,0.0,0.025439357060807844,0.025439357060807844,0.0,0.0
2018-02-02,0.08326264851266485,0.0,0.0,0.13701762543599852,0.05732223945455932,0.03796981735795792,0.07587853492473307,0.0,0.0,0.0,0.07439980603620742,0.0,0.04165588451135226,0.020239243253703906,0.0,0.0,0.12048066009972319,0.0,0.07439980603620742,0.0,0.0,0.10796680871711797,0.0,0.0,0.0,0.1185282115381584,0.0,0.0,0.0,0.0,0.0,0.025439357060807844,0.025439357060807844,0.0,0.0
2018-02-09,0.08326264851266485,0.0,0.0,0.13309420941743436,0.055540886198465374,0.03796981735795792,0.07587853492473307,0.0,0.0,0.0,0.07439980603620742,0.0,0.03796981735795792,0.023076742354852377,0.0,0.0,0.11913364335444593,0.0,0.07439980603620742,0.0,0.0,0.10654631419352702,0.0,0.0,0.0,0.12784906013393063,0.0,0.0,0.0,0.0,0.0,0.025439357060807844,0.025439357060807844,0.0,0.0
2018-02-16,0.08326264851266485,0.0,0.0,0.13318868651790475,0.06098894031337003,0.03796981735795792,0.07587853492473307,0.0,0.0,0.004392970680059261,0.07439980603620742,0.0,0.03796981735795792,0.015655123733334664,0.0,0.0,0.12197128605297283,0.0,0.07439980603620742,0.0,0.0,0.10688418180085701,0.0,0.0,0.0,0.12215966655415711,0.0,0.0,0.0,0.0,0.0,0.025439357060807844,0.025439357060807844,0.0,0.0
2018-02-23,0.654590964734404,0.0,0.0,0.06042861463529089,0.018372063343717604,0.01630857630908178,0.032924191807127814,0.0,0.0,0.0,0.023964399212292726,0.0,0.032924191807127814,0.00865438776625865,0.0,0.0,0.04826433895454055,0.0,0.007348783714246694,0.0,0.0,0.03580593347650431,0.0,0.0,0.0,0.05031883426875401,0.0,0.0,0.0,0.0,0.0,0.01009471997065313,0.0,0.0,0.0
2018-03-02,0.654590964734404,0.0,0.0,0.06043654982518158,0.01674758417563011,0.01630857630908178,0.032924191807127814,0.0,0.0,0.0,0.023964399212292726,0.0,0.032924191807127814,0.009224809001819918,0.0,0.0,0.04842691498314184,0.0,0.007348783714246694,0.0,0.0,0.03581398344280974,0.0,0.0,0.0,0.051194331016482825,0.0,0.0,0.0,0.0,0.0,0.01009471997065313,0.0,0.0,0.0
2018-03-09,0.654590964734404,0.0,0.0,0.061052774779923706,0.016579323321617392,0.01630857630908178,0.032924191807127814,0.0,0.0,0.0,0.023964399212292726,0.0,0.03518804825735051,0.007681185859679399,0.0,0.0,0.04731972745605574,0.0,0.007348783714246694,0.0,0.0,0.03704708713986764,0.0,0.0,0.0,0.04990021743769945,0.0,0.0,0.0,0.0,0.0,0.01009471997065313,0.0,0.0,0.0
2018-03-16,0.654590964734404,0.0,0.0,0.06101691489094344,0.01642243537828968,0.01630857630908178,0.032924191807127814,0.0,0.0,0.0,0.023964399212292726,0.0,0.03814170507597162,0.00863428277966302,0.0,0.0,0.04571132436870417,0.0,0.007348783714246694,0.0,0.0,0.03624496636661653,0.0,0.0,0.0,0.048596735392005375,0.0,0.0,0.0,0.0,0.0,0.01009471997065313,0.0,0.0,0.0
2018-03-23,0.654590964734404,0.0,0.0,0.06100881763093377,0.01628009045861917,0.01630857630908178,0.032924191807127814,0.0,0.0,0.0006719911611739439,0.023964399212292726,0.0,0.03759701102942565,0.007666070777741824,0.0,0.0,0.04664404788606173,0.0,0.007348783714246694,0.0,0.0,0.03623453475503047,0.0,0.0,0.0,0.04866580055320728,0.0,0.0,0.0,0.0,0.0,0.01009471997065313,0.0,0.0,0.0
2018-03-30,0.65705845108611,0.0,0.0,0.0344403505163412,0.013372948512713005,0.03258264879565129,0.017473274405662938,0.0,0.0,0.0020014117930915527,0.025154219744177753,0.0,0.05607062916851509,0.007402278387882378,0.0,0.0,0.053376503568620906,0.0,0.0,0.0,0.0,0.03612763745782106,0.0,0.0,0.0,0.0649396465634128,0.0,0.0,0.0,0.0,0.0,0.0,0.0,0.0,0.0
2018-04-06,0.65705845108611,0.0,0.0,0.03376333118488235,0.014024799290654288,0.03258264879565129,0.017473274405662938,0.0,0.0,0.002046705828329276,0.025154219744177753,0.0,0.05388524926871933,0.0087959143617224,0.0,0.0,0.05470881761076249,0.0,0.0,0.0,0.0,0.03545923100685518,0.0,0.0,0.0,0.06504735741647269,0.0,0.0,0.0,0.0,0.0,0.0,0.0,0.0,0.0
2018-04-13,0.65705845108611,0.0,0.0,0.03376333118488235,0.013171535995854316,0.03258264879565129,0.017473274405662938,0.0,0.0,0.00445919043601063,0.025154219744177753,0.0,0.05252181015477296,0.009599209070996038,0.0,0.0,0.0552589384706193,0.0,0.0,0.0,0.0,0.03553496524952389,0.0,0.0,0.0,0.0634224254057385,0.0,0.0,0.0,0.0,0.0,0.0,0.0,0.0,0.0
2018-04-20,0.6570584510861099,0.0,0.0,0.03376333118488235,0.013108091063906487,0.03258264879565129,0.017473274405662938,0.0,0.0,0.0043718451739497045,0.025154219744177753,0.0,0.05166917666251987,0.0094371301660986,0.0,0.0,0.056517431022861345,0.0,0.0,0.0,0.0,0.03552308330444559,0.0,0.0,0.0,0.06334131738973406,0.0,0.0,0.0,0.0,0.0,0.0,0.0,0.0,0.0
2018-04-27,0.6588332767991945,0.007919864184506955,0.009342701007152785,0.03978753936491687,0.002392432146394764,0.04922106556903113,0.04262168160989697,0.0,0.0,0.001482331691589002,0.02594461570142824,0.0,0.0669591533473616,0.0050710214870223315,0.0,0.0,0.01852014286252256,0.0,0.0,0.0,0.0,0.0005159577353453287,0.0,0.0,0.0,0.05270281447933133,0.0,0.0,0.0,0.0,0.009342701007152785,0.0,0.0,0.0,0.009342701007152785
2018-05-04,0.6588332767991945,0.007919864184506955,0.009342701007152785,0.04085098422442562,0.005988967042629074,0.04262168160989697,0.04262168160989697,0.0,0.0,0.0020581027570278723,0.02594461570142824,0.0,0.06591464803637051,0.005252775954920756,0.0,0.0,0.019545809548760618,0.0,0.0,0.0,0.0,0.0016115819398137047,0.0,0.0,0.0,0.052807907569669826,0.0,0.0,0.0,0.0,0.009342701007152785,0.0,0.0,0.0,0.009342701007152785
2018-05-11,0.6588332767991945,0.007919864184506955,0.009342701007152785,0.03978753936491687,0.004460982455123117,0.047949580829839196,0.04262168160989697,0.0,0.0,0.0022789449739442145,0.02594461570142824,0.0,0.06563266527378242,0.0042797721962426595,0.0,0.0,0.017937831152558505,0.0,0.0,0.0,0.0,0.0004800668728817459,0.0,0.0,0.0,0.053845075564226214,0.0,0.0,0.0,0.0,0.009342701007152785,0.0,0.0,0.0,0.009342701007152785
2018-05-18,0.6588332767991945,0.007919864184506955,0.009342701007152785,0.04029504260364415,0.004292113519973688,0.04262168160989697,0.04262168160989697,0.0,0.0,0.005840388071622481,0.02594461570142824,0.0,0.06701265276203565,0.004921115500911433,0.0,0.0,0.018468583440211933,0.0,0.0,0.0,0.0,0.0010240281200482085,0.0,0.0,0.0,0.05217685305517043,0.0,0.0,0.0,0.0,0.009342701007152785,0.0,0.0,0.0,0.009342701007152785
2018-05-25,0.6321105918101952,0.0,0.00906959158509422,0.03456854003077329,0.013641028456563701,0.03585060870009729,0.018569858531271546,0.0,0.0,0.005235191790229129,0.018569858531271546,0.0,0.10093934750472595,0.004498855113525247,0.0,0.0,0.05852398340855619,0.0,0.017280750168825743,0.0,0.0,0.0018348264887248604,0.0,0.0,0.0,0.04930696788014611,0.0,0.0,0.0,0.0,0.0,0.0,0.0,0.0,0.0
2018-06-01,0.6321105918101952,0.0,0.00906959158509422,0.03493638789639732,0.013540546464765692,0.03585060870009729,0.018569858531271546,0.0,0.0,0.005048870764995384,0.018569858531271546,0.0,0.09969418314841784,0.004299139131487935,0.0,0.0,0.05911445540389468,0.0,0.017280750168825743,0.0,0.0,0.0026561753852348147,0.0,0.0,0.0,0.04925898247805082,0.0,0.0,0.0,0.0,0.0,0.0,0.0,0.0,0.0
2018-06-08,0.6321105918101952,0.0,0.00906959158509422,0.03568548023174081,0.01388996203967153,0.03585060870009729,0.018569858531271546,0.0,0.0,0.00447877518642297,0.018569858531271546,0.0,0.09958887626836647,0.004153060613167638,0.0,0.0,0.05872219706754278,0.0,0.017280750168825743,0.0,0.0,0.0028179163795418382,0.0,0.0,0.0,0.04921247288679043,0.0,0.0,0.0,0.0,0.0,0.0,0.0,0.0,0.0
2018-06-15,0.6321105918101952,0.0,0.00906959158509422,0.035316074663064405,0.01321261204176567,0.03585060870009729,0.018569858531271546,0.0,0.0,0.004716512282980293,0.018569858531271546,0.0,0.09947713008323061,0.0043866257203243,0.0,0.0,0.05887964900556243,0.0,0.017280750168825743,0.0,0.0,0.002956685556409827,0.0,0.0,0.0,0.049603451319906934,0.0,0.0,0.0,0.0,0.0,0.0,0.0,0.0,0.0
2018-06-22,0.6321105918101952,0.0,0.00906959158509422,0.03438382497023634,0.013375471752747121,0.03585060870009729,0.018569858531271546,0.0,0.0,0.005439682787372079,0.018569858531271546,0.0,0.0999921980349163,0.004581543099197932,0.0,0.0,0.05946241931958777,0.0,0.017280750168825743,0.0,0.0,0.0020663407366798402,0.0,0.0,0.0,0.0492472599725071,0.0,0.0,0.0,0.0,0.0,0.0,0.0,0.0,0.0
2018-06-29,0.2464275200816719,0.0,0.0,0.019213422547357296,0.06200452513894865,0.07848596287710369,0.0893891092360519,0.0,0.0,0.0510244995216566,0.03851110679902353,0.0,0.1837648253248711,0.010255032277932808,0.0,0.0,0.09596991735483221,0.0,0.0,0.0,0.0,0.020309173150935136,0.05087800243702836,0.0,0.0,0.03668317562766743,0.0,0.017083727624919286,0.0,0.0,0.0,0.0,0.0,0.0,0.0
2018-07-06,0.2464275200816719,0.0,0.0,0.017083727624919286,0.06482267217929319,0.07848596287710369,0.0893891092360519,0.0,0.0,0.05045754111355513,0.03851110679902353,0.0,0.18104060976239222,0.014208049075961151,0.0,0.0,0.0966493164262147,0.0,0.0,0.0,0.0,0.018279479134198084,0.05087800243702836,0.0,0.0,0.03668317562766743,0.0,0.017083727624919286,0.0,0.0,0.0,0.0,0.0,0.0,0.0
2018-07-13,0.246427520081672,0.0,0.0,0.018303771219676107,0.06401799394988457,0.07848596287710369,0.0893891092360519,0.0,0.0,0.05294670428703618,0.03851110679902353,0.0,0.17863304073596548,0.012239985069279381,0.0,0.0,0.09684946199271274,0.0,0.0,0.0,0.0,0.01955043806197932,0.05087800243702836,0.0,0.0,0.03668317562766743,0.0,0.017083727624919286,0.0,0.0,0.0,0.0,0.0,0.0,0.0
2018-07-20,0.24642752008167212,0.0,0.0,0.017083727624919286,0.06294516079238562,0.07848596287710369,0.0893891092360519,0.0,0.0,0.05540584346825533,0.03851110679902353,0.0,0.17633141720010156,0.013380543529770896,0.0,0.0,0.09916896792663363,0.0,0.0,0.0,0.0,0.017083727624919286,0.052020009586576516,0.0,0.0,0.03668317562766743,0.0,0.017083727624919286,0.0,0.0,0.0,0.0,0.0,0.0,0.0
2018-07-27,0.24776540481746767,0.0,0.0,0.04028927762472246,0.021331849409714186,0.07670014803924516,0.12598821648389225,0.0,0.0,0.0673214439015589,0.039491095323137416,0.0,0.1771726256268643,0.012587148196571028,0.0,0.0,0.09952930005557442,0.0,0.0,0.0,0.0,0.0,0.057789236184474874,0.0,0.0,0.0,0.0,0.01701712716838862,0.0,0.0,0.0,0.0,0.0,0.0,0.01701712716838862
2018-08-03,0.24776540481746767,0.0,0.0,0.04028927762472246,0.01701712716838862,0.07670014803924516,0.12598821648389225,0.0,0.0,0.06631750063632727,0.039491095323137416,0.0,0.1770317335727907,0.010650368968932858,0.0,0.0,0.0978464524274693,0.0,0.010037502030362973,0.0,0.0,0.0,0.05683091857048598,0.0,0.0,0.0,0.0,0.01701712716838862,0.0,0.0,0.0,0.0,0.0,0.0,0.01701712716838862
2018-08-10,0.24776540481746767,0.0,0.0,0.04028927762472246,0.01701712716838862,0.07670014803924516,0.12598821648389225,0.0,0.0,0.07043603792492986,0.039491095323137416,0.0,0.17290275323645365,0.012137987008720548,0.0,0.0,0.10037283384747298,0.0,0.004233580856796252,0.0,0.0,0.0,0.058631283331995784,0.0,0.0,0.0,0.0,0.01701712716838862,0.0,0.0,0.0,0.0,0.0,0.0,0.01701712716838862
2018-08-17,0.24776540481746767,0.0,0.0,0.04028927762472246,0.01701712716838862,0.07670014803924516,0.12598821648389225,0.0,0.0,0.07058070284211015,0.039491095323137416,0.0,0.16775690187464315,0.016738999072646005,0.0,0.0,0.10222640232744692,0.0,0.004533103535505172,0.0,0.0,0.0,0.056878366554017686,0.0,0.0,0.0,0.0,0.01701712716838862,0.0,0.0,0.0,0.0,0.0,0.0,0.01701712716838862
2018-08-24,0.24776540481746767,0.0,0.0,0.04028927762472246,0.01701712716838862,0.07670014803924516,0.13046558075534578,0.0,0.0,0.07175430349923385,0.039491095323137416,0.0,0.1662774941086147,0.016970697296738196,0.0,0.0,0.1023138071147706,0.0,0.0,0.0,0.0,0.0,0.056920809915558195,0.0,0.0,0.0,0.0,0.01701712716838862,0.0,0.0,0.0,0.0,0.0,0.0,0.01701712716838862
2018-08-31,0.07870057008291576,0.0,0.0,0.04903046800433901,0.0,0.0,0.13702740064514274,0.0,0.0,0.08866054702582596,0.04673967352181905,0.0,0.18884896142981697,0.026982691945541232,0.0,0.0,0.12522677403728277,0.0,0.09826348226547305,0.0,0.0,0.0,0.11792517025436991,0.0,0.0,0.0,0.0,0.02129713039373677,0.0,0.0,0.0,0.0,0.0,0.0,0.02129713039373677
2018-09-07,0.07870057008291576,0.0,0.0,0.04903046800433901,0.0,0.0,0.13702740064514274,0.0,0.0,0.08626735366263782,0.04673967352181905,0.0,0.18605786864948173,0.027284526784955042,0.0,0.0,0.12260402407234419,0.0,0.09826348226547305,0.0,0.0,0.0,0.12543037152341807,0.0,0.0,0.0,0.0,0.02129713039373677,0.0,0.0,0.0,0.0,0.0,0.0,0.02129713039373677
2018-09-14,0.07870057008291576,0.0,0.0,0.04903046800433901,0.0,0.0,0.1434862638435737,0.0,0.0,0.08623634947006256,0.04673967352181905,0.0,0.19244851144933475,0.022935671595617352,0.0,0.0,0.12131869760633508,0.0,0.09826348226547305,0.0,0.0,0.0,0.1182460513730561,0.0,0.0,0.0,0.0,0.02129713039373677,0.0,0.0,0.0,0.0,0.0,0.0,0.02129713039373677
2018-09-21,0.07870057008291576,0.0,0.0,0.04903046800433901,0.0,0.0,0.13702740064514274,0.0,0.0,0.0870615282187353,0.04673967352181905,0.0,0.18783899310422617,0.02438017048305268,0.0,0.0,0.1275095543209265,0.0,0.09826348226547305,0.0,0.0,0.0,0.12085389856589618,0.0,0.0,0.0,0.0,0.02129713039373677,0.0,0.0,0.0,0.0,0.0,0.0,0.02129713039373677
2018-09-28,0.24312478250853164,0.0,0.0,0.0,0.0,0.0,0.12312209183132863,0.0,0.0,0.06820831426495844,0.03825728524584287,0.0,0.16728259687701216,0.019680761879491613,0.0,0.0,0.11506338020946519,0.0,0.0,0.0,0.0,0.0,0.19069924689521683,0.017280770144076293,0.0,0.0,0.0,0.017280770144076293,0.0,0.0,0.0,0.0,0.0,0.0,0.0
2018-10-05,0.24312478250853164,0.0,0.0,0.0,0.0,0.0,0.12312209183132863,0.0,0.0,0.06609293259059679,0.03825728524584287,0.0,0.16735771560622176,0.021324013124258297,0.0,0.0,0.11822991547450593,0.0,0.0,0.0,0.0,0.0,0.18792972333056146,0.017280770144076293,0.0,0.0,0.0,0.017280770144076293,0.0,0.0,0.0,0.0,0.0,0.0,0.0
2018-10-12,0.24312478250853164,0.0,0.0,0.0,0.0,0.0,0.12312209183132863,0.0,0.0,0.06531579342354421,0.03825728524584287,0.0,0.16811437348907224,0.02506034585739468,0.0,0.0,0.11490905325121362,0.0,0.0,0.0,0.0,0.0,0.18753473410491955,0.017280770144076293,0.0,0.0,0.0,0.017280770144076293,0.0,0.0,0.0,0.0,0.0,0.0,0.0
2018-10-19,0.24312478250853164,0.0,0.0,0.0,0.0,0.0,0.1286667930612144,0.0,0.0,0.06513395263935878,0.03825728524584287,0.0,0.16778489176877115,0.02038110903136083,0.0,0.0,0.11287142182466323,0.0,0.0,0.0,0.0,0.0,0.1892182236321045,0.017280770144076293,0.0,0.0,0.0,0.017280770144076293,0.0,0.0,0.0,0.0,0.0,0.0,0.0
2018-10-26,0.6587439168118132,0.0,0.0,0.0,0.0,0.0,0.053397123688176604,0.0,0.0,0.022665856276296782,0.018946592213496274,0.0,0.0765375078890306,0.009473639775032336,0.0,0.0,0.05669845680627621,0.0,0.0,0.0,0.0,0.0,0.0870659011955195,0.0,0.0,0.0,0.0,0.008235502672179271,0.0,0.0,0.0,0.0,0.0,0.0,0.008235502672179271
2018-11-02,0.6916859275005303,0.0,0.0,0.0,0.0,0.0,0.057983521523954265,0.0,0.0,0.012860406775705623,0.018946592213496274,0.0,0.0784362944340614,0.007883608319302404,0.0,0.0,0.054735102004671396,0.0,0.0,0.0,0.0,0.0,0.0774685472282784,0.0,0.0,0.0,0.0,0.0,0.0,0.0,0.0,0.0,0.0,0.0,0.0
2018-11-09,0.6916859275005303,0.0,0.0,0.0,0.0,0.0,0.05884511372875795,0.0,0.0,0.011518128629455433,0.018946592213496274,0.0,0.07981175040973082,0.008907458546848327,0.0,0.0,0.05619952663248537,0.0,0.0,0.0,0.0,0.0,0.07408550233869558,0.0,0.0,0.0,0.0,0.0,0.0,0.0,0.0,0.0,0.0,0.0,0.0
2018-11-16,0.6587439168118132,0.0,0.0,0.0,0.0,0.0,0.0637495025238421,0.0,0.0,0.016663501652029494,0.018946592213496274,0.0,0.08156451878293655,0.008078968581270177,0.0,0.0,0.053460989079378865,0.0,0.0,0.0,0.0,0.0,0.08232100501087486,0.0,0.0,0.0,0.0,0.008235502672179271,0.0,0.0,0.0,0.0,0.0,0.0,0.008235502672179271
2018-11-23,0.6916859275005303,0.0,0.0,0.0,0.0,0.0,0.06283427000945295,0.0,0.0,0.007907834955436387,0.018946592213496274,0.0,0.08290543314135611,0.007897070341196197,0.0,0.0,0.052345450736837204,0.0,0.0,0.0,0.0,0.0,0.07547742110169463,0.0,0.0,0.0,0.0,0.0,0.0,0.0,0.0,0.0,0.0,0.0,0.0
2018-11-30,0.703324954092144,0.0,0.0,0.0,0.0,0.0,0.0611862277217545,0.0,0.0,0.0,0.02789690519966294,0.0,0.0501977488255118,0.0009450988382208161,0.0,0.0,0.015478556495136514,0.0,0.02789690519966294,0.0,0.0,0.0,0.11307360362790646,0.0,0.0,0.0,0.0,0.0,0.0,0.0,0.0,0.0,0.0,0.0,0.0
2018-12-07,0.6691543706897506,0.0,0.0,0.0,0.0,0.0,0.06132348940095238,0.0,0.0,0.0,0.02789690519966294,0.0,0.04337546169479945,0.0024056896084531606,0.0,0.0,0.019864901526135285,0.0,0.02789690519966294,0.0,0.0,0.0,0.11391169327818981,0.008542645850598357,0.0,0.0,0.0,0.008542645850598357,0.0,0.0,0.0,0.0,0.008542645850598357,0.008542645850598357,0.0
2018-12-14,0.703324954092144,0.0,0.0,0.0,0.0,0.0,0.055775917177128,0.0,0.0,0.0,0.029772231796928963,0.0,0.04337546169479945,0.003168484858791172,0.0,0.0,0.02023056368017679,0.0,0.02789690519966294,0.0,0.0,0.0,0.11645548150036865,0.0,0.0,0.0,0.0,0.0,0.0,0.0,0.0,0.0,0.0,0.0,0.0
2018-12-21,0.703324954092144,0.0,0.0,0.0,0.0,0.0023593957863875486,0.05111558513961974,0.0,0.0,0.0,0.035120486335093744,0.0,0.04337546169479945,0.0004236504386127207,0.0,0.0,0.019020621825510807,0.0,0.02789690519966294,0.0,0.0,0.0,0.11736293948816902,0.0,0.0,0.0,0.0,0.0,0.0,0.0,0.0,0.0,0.0,0.0,0.0
2018-12-28,0.7524817406148246,0.0,0.0,0.0,0.0,0.011955485918435413,0.03693193306492384,0.0,0.0,0.0,0.03802717368353987,0.0,0.02929237658444884,0.0,0.0,0.0,0.0014038815149740773,0.0,0.09317785342567035,0.0,0.0,0.0,0.03672955519318301,0.0,0.0,0.0,0.0,0.0,0.0,0.0,0.0,0.0,0.0,0.0,0.0
2019-01-04,0.7524817406148245,0.0,0.0,0.0,0.0,0.01031777350272108,0.036434362615873,0.0,0.0,0.0,0.02929237658444884,0.0,0.02929237658444884,0.004070945545052451,0.0,0.0,0.006079612997984375,0.0,0.09120335691575364,0.0,0.0,0.0,0.040827454638893174,0.0,0.0,0.0,0.0,0.0,0.0,0.0,0.0,0.0,0.0,0.0,0.0
2019-01-11,0.7524817406148245,0.0,0.0,0.0,0.0,0.014574285052602134,0.03511578043311781,0.0,0.0,0.0,0.03474580860464446,0.0,0.02929237658444884,0.0,0.0,0.0,0.0,0.0,0.0965311310348772,0.0,0.0,0.0,0.037258877675484955,0.0,0.0,0.0,0.0,0.0,0.0,0.0,0.0,0.0,0.0,0.0,0.0
2019-01-18,0.7524817406148245,0.0,0.0,0.0,0.0,0.012464523550160228,0.03490359080452939,0.0,0.0,0.0,0.03842374655586861,0.0,0.02929237658444884,0.0,0.0,0.0,0.0,0.0,0.0957063670846044,0.0,0.0,0.0,0.03672765480556395,0.0,0.0,0.0,0.0,0.0,0.0,0.0,0.0,0.0,0.0,0.0,0.0
2019-01-25,0.7135435893686708,0.0009060020367968598,0.0,0.0,0.0,0.023619664508780835,0.06540172040746417,0.0,0.0,0.0,0.05324519836266603,0.0,0.0,0.0,0.0,0.0,0.0,0.0,0.07941855195557665,0.0,0.0,0.0,0.06386527336004463,0.0,0.0,0.0,0.0,0.0,0.0,0.0,0.0,0.0,0.0,0.0,0.0
2019-02-01,0.7135435893686708,0.0005325537351660791,0.0,0.0,0.0,0.02550781256655048,0.06522579289471792,0.0,0.0,0.0,0.05078656897601023,0.0,0.0,0.0,0.0,0.0,0.0,0.0,0.08055290390018857,0.0,0.0,0.0,0.06385077855869589,0.0,0.0,0.0,0.0,0.0,0.0,0.0,0.0,0.0,0.0,0.0,0.0
2019-02-08,0.7135435893686708,0.0,0.0,0.0,0.0,0.026339969567552808,0.06532820072567205,0.0,0.0,0.0,0.04986074282299067,0.0,0.0,0.0,0.0,0.0,0.0,0.0,0.08160067163054949,0.0,0.0,0.0,0.06332682588456416,0.0,0.0,0.0,0.0,0.0,0.0,0.0,0.0,0.0,0.0,0.0,0.0
2019-02-15,0.7135435893686708,0.0,0.0,0.0,0.0,0.026004280582204015,0.06662979937128052,0.0,0.0,0.0,0.047666992687030285,0.0,0.0,0.0,0.0,0.0,0.0,0.0,0.08021738097944095,0.0,0.0,0.0,0.06593795701137341,0.0,0.0,0.0,0.0,0.0,0.0,0.0,0.0,0.0,0.0,0.0,0.0
2019-02-22,0.2566114380302683,0.0,0.0,0.0,0.0,0.07591438216236145,0.14102457679085958,0.0,0.0,0.0,0.09558478520942326,0.0,0.0,0.0,0.0,0.0,0.027425445943321154,0.0,0.13941359143917337,0.0,0.0,0.0,0.1333050854190839,0.0,0.0,0.027425445943321154,0.0,0.0,0.0,0.0,0.0,0.03443174968739595,0.03443174968739595,0.03443174968739595,0.0
2019-03-01,0.2566114380302683,0.0,0.0,0.0,0.0,0.0794937998192142,0.13856966697554177,0.0,0.0,0.0,0.0958150126482395,0.0,0.0,0.0,0.0,0.0,0.027425445943321154,0.0,0.13816414269486968,0.0,0.0,0.0,0.13319979888303643,0.0,0.0,0.027425445943321154,0.0,0.0,0.0,0.0,0.0,0.03443174968739595,0.03443174968739595,0.03443174968739595,0.0
2019-03-08,0.2566114380302683,0.0,0.0,0.0,0.0,0.0788453601242635,0.13740771835595428,0.0,0.0,0.0,0.10128328670132246,0.0,0.0,0.0,0.0,0.0,0.027425445943321154,0.0,0.13539533336860998,0.0,0.0,0.0,0.13231072247075132,0.0,0.0,0.027425445943321154,0.0,0.0,0.0,0.0,0.0,0.03443174968739595,0.03443174968739595,0.03443174968739595,0.0
2019-03-15,0.2566114380302683,0.0,0.0,0.0,0.0,0.07510218489475018,0.13563547326356484,0.0,0.0,0.0,0.10433889612091221,0.0,0.0,0.0,0.0,0.0,0.027425445943321154,0.0,0.1386576669819166,0.0,0.0,0.0,0.13150819975975772,0.0,0.0,0.027425445943321154,0.0,0.0,0.0,0.0,0.0,0.03443174968739595,0.03443174968739595,0.03443174968739595,0.0
2019-03-22,0.2566114380302683,0.0,0.0,0.0,0.0,0.07982150070857656,0.13629574926771487,0.0,0.0,0.0,0.09673420888683296,0.0,0.0,0.0,0.0,0.0,0.027847839462909325,0.0,0.13861978052561402,0.0,0.0,0.0,0.13334878811257497,0.0,0.0,0.027425445943321154,0.0,0.0,0.0,0.0,0.0,0.03443174968739595,0.03443174968739595,0.03443174968739595,0.0
2019-03-29,0.25920142944147573,0.0,0.0,0.02112627635991557,0.0,0.11449325228586614,0.0486262668693633,0.0,0.0,0.004604374864789707,0.08411819164153825,0.0,0.0,0.00580188878405657,0.0,0.0,0.048074895829036304,0.0,0.10524446800145382,0.0,0.0,0.0,0.17912572882588887,0.0,0.0,0.02227827700748094,0.0,0.0,0.0,0.0,0.0,0.035768316696378276,0.035768316696378276,0.035768316696378276,0.0
2019-04-05,0.25920142944147573,0.0,0.0,0.02112627635991557,0.0,0.10524446800145382,0.05320768599748983,0.0,0.0,0.004272971974514286,0.0889370505297286,0.0,0.0,0.005366877485481926,0.0,0.0,0.04828584400555473,0.0,0.10524446800145382,0.0,0.0,0.0,0.17844288889646556,0.0,0.0,0.023365089217331318,0.0,0.0,0.0,0.0,0.0,0.035768316696378276,0.035768316696378276,0.035768316696378276,0.0
2019-04-12,0.25920142944147573,0.0,0.0,0.02112627635991557,0.0,0.10524446800145382,0.053020148160048956,0.0,0.0,0.0,0.11024095224069957,0.0,0.0,0.0023221027260885165,0.0,0.0,0.04186313843399744,0.0,0.10875450324091336,0.0,0.0,0.0,0.16979575494635665,0.0,0.0,0.02112627635991557,0.0,0.0,0.0,0.0,0.0,0.035768316696378276,0.035768316696378276,0.035768316696378276,0.0
2019-04-19,0.25920142944147573,0.0,0.0,0.02112627635991557,0.0,0.10524446800145382,0.047034701382636795,0.0,0.0,0.0,0.10305027383712091,0.0,0.0,0.0060626054719961344,0.0,0.0,0.04632769238874202,0.0,0.10524446800145382,0.0,0.0,0.0,0.17234165637407442,0.0,0.0,0.027061478651995968,0.0,0.0,0.0,0.0,0.0,0.035768316696378276,0.035768316696378276,0.035768316696378276,0.0
2019-04-26,0.125918062669918,0.0,0.0,0.02532944156652647,0.0,0.026502569876746162,0.1307216013905899,0.0,0.0,0.0,0.12864070904143562,0.0,0.0,0.004966733414409082,0.0,0.0,0.049808377931890205,0.0,0.1585267161455356,0.0,0.0,0.0,0.1972106768132262,0.0,0.0,0.02532944156652647,0.0,0.0,0.0,0.0,0.0,0.04234855652773211,0.04234855652773211,0.04234855652773211,0.0
2019-05-03,0.125918062669918,0.0,0.0,0.02532944156652647,0.0,0.02532944156652647,0.1289170805960543,0.0,0.0,0.0,0.12331592464127442,0.0,0.0,0.005364037053698446,0.0,0.0,0.0521287096176836,0.0,0.16132655950561703,0.0,0.0,0.0,0.19914170194927097,0.0,0.0,0.026183371250234004,0.0,0.0,0.0,0.0,0.0,0.04234855652773211,0.04234855652773211,0.04234855652773211,0.0
2019-05-10,0.125918062669918,0.0,0.0,0.02532944156652647,0.0,0.02532944156652647,0.12622721992790154,0.0,0.0,0.0,0.1168113830561513,0.0,0.0,0.008289593605737004,0.0,0.0,0.05461061597131028,0.0,0.15718892061514006,0.0,0.0,0.0,0.2022430935725849,0.0,0.0,0.031006557865007653,0.0,0.0,0.0,0.0,0.0,0.04234855652773211,0.04234855652773211,0.04234855652773211,0.0
2019-05-17,0.125918062669918,0.0,0.0,0.02532944156652647,0.0,0.02532944156652647,0.1286586674963197,0.0,0.0,0.0,0.122205092390473,0.0,0.0,0.008499351576750091,0.0,0.0,0.05396255725829509,0.0,0.14608411157550372,0.0,0.0,0.0,0.2024252601955606,0.0,0.0,0.034542344120930546,0.0,0.0,0.0,0.0,0.0,0.04234855652773211,0.04234855652773211,0.04234855652773211,0.0
2019-05-24,0.125918062669918,0.0,0.0,0.02532944156652647,0.0,0.02532944156652647,0.131210780985272,0.0,0.0,0.0,0.1189146872079446,0.0,0.0,0.010529536473382665,0.0,0.0,0.05361326887308342,0.0,0.1494051974459128,0.0,0.0,0.0,0.1966434124917495,0.0,0.0,0.036060501136487844,0.0,0.0,0.0,0.0,0.0,0.04234855652773211,0.04234855652773211,0.04234855652773211,0.0
2019-05-31,0.25228537322243405,0.0,0.0,0.02624627225877734,0.0,0.02624627225877734,0.11485211087236002,0.0,0.0,0.0,0.1242926952745423,0.0,0.0,0.007765445589651798,0.0,0.0,0.051465969982304086,0.0,0.11128142392275078,0.0,0.0,0.0,0.17067862946557513,0.0,0.0,0.041022930327067414,0.0,0.0,0.0,0.0,0.0,0.03693143841287987,0.03693143841287987,0.0,0.0
2019-06-07,0.40001112687395357,0.0,0.0,0.02624627225877734,0.0,0.02624627225877734,0.11226457754596184,0.0,0.0,0.0,0.12619441430166528,0.0,0.0,0.00701364760219883,0.0,0.0,0.050239956230524185,0.0,0.11294821570141189,0.0,0.0,0.0,0.13386695971963705,0.0,0.0,0.004968557507092701,0.0,0.0,0.0,0.0,0.0,0.0,0.0,0.0,0.0
2019-06-14,0.25228537322243394,0.0,0.0,0.02624627225877734,0.0,0.02624627225877734,0.11620567370840676,0.0,0.0,0.0,0.12393795422191503,0.0,0.0,0.0065984518722498175,0.0,0.0,0.04977498946804756,0.0,0.11688151900810914,0.0,0.0,0.0,0.17102917874264337,0.0,0.0,0.03693143841287987,0.0,0.0,0.0,0.0,0.0,0.03693143841287987,0.03693143841287987,0.0,0.0
2019-06-21,0.25228537322243394,0.0,0.0,0.02624627225877734,0.0,0.02624627225877734,0.11358696590568812,0.0,0.0,0.0,0.1224758160650923,0.0,0.0,0.004595540433680998,0.0,0.0,0.04871558251071301,0.0,0.11923263657470443,0.0,0.0,0.0,0.17582122553149282,0.0,0.0,0.03693143841287987,0.0,0.0,0.0,0.0,0.0,0.03693143841287987,0.03693143841287987,0.0,0.0
2019-06-28,0.12762745720854562,0.0,0.0,0.06387795536199475,0.0,0.025663236654287453,0.13529078341474315,0.0,0.0,0.0,0.1473928699037876,0.0,0.0,0.004948950218650461,0.0,0.0,0.029881523924827055,0.0,0.16311319218670314,0.0,0.0,0.0,0.2001113570567587,0.0,0.0,0.025663236654287453,0.0,0.0,0.0,0.0,0.0,0.038214718707707304,0.038214718707707304,0.0,0.0
2019-07-05,0.12762745720854562,0.0,0.0,0.06387795536199475,0.0,0.03256552119640729,0.1347138285196198,0.0,0.0,0.0,0.15176884157942544,0.0,0.0,0.0,0.0,0.0,0.025663236654287453,0.0,0.163413352806457,0.0,0.0,0.0,0.19827713260356056,0.0,0.0,0.025663236654287453,0.0,0.0,0.0,0.0,0.0,0.038214718707707304,0.038214718707707304,0.0,0.0
2019-07-12,0.12762745720854562,0.0,0.0,0.06387795536199475,0.0,0.03282219954478409,0.13418564932799346,0.0,0.0,0.0,0.14720767168148258,0.0,0.0,0.001709121237800909,0.0,0.0,0.028924976523163014,0.0,0.16146923779027797,0.0,0.0,0.0,0.20008305725425551,0.0,0.0,0.025663236654287453,0.0,0.0,0.0,0.0,0.0,0.038214718707707304,0.038214718707707304,0.0,0.0
2019-07-19,0.12762745720854574,0.0,0.0,0.06387795536199475,0.0,0.03301082900792806,0.12891213434824073,0.0,0.0,0.0,0.1482667406994069,0.0,0.0,0.0013079649403538783,0.0,0.0,0.03022000605787121,0.0,0.16346317360658044,0.0,0.0,0.0,0.20122106469937628,0.0,0.0,0.025663236654287453,0.0,0.0,0.0,0.0,0.0,0.038214718707707304,0.038214718707707304,0.0,0.0
2019-07-26,0.11182241781755753,0.0,0.0,0.06505453143015613,0.0,0.16447771728019978,0.02616772942582537,0.0,0.0,0.0,0.12310223809799933,0.0,0.0,0.0047308857241023195,0.0,0.0,0.029326563891024126,0.0,0.16644233498725797,0.0,0.0,0.0,0.20493424791139056,0.0,0.0,0.02616772942582537,0.0,0.0,0.0,0.0,0.0,0.038886802004330756,0.038886802004330756,0.0,0.0
2019-08-02,0.11182241781755753,0.0,0.0,0.06505453143015613,0.0,0.16680283658353082,0.02616772942582537,0.0,0.0,0.0,0.12425991777196979,0.0,0.0,0.002537378530300429,0.0,0.0,0.02996334858531448,0.0,0.16738273999540598,0.0,0.0,0.0,0.20206776642545257,0.0,0.0,0.02616772942582537,0.0,0.0,0.0,0.0,0.0,0.038886802004330756,0.038886802004330756,0.0,0.0
2019-08-09,0.11182241781755753,0.0,0.0,0.06505453143015613,0.0,0.16447139809998942,0.02616772942582537,0.0,0.0,0.0,0.12075718853892009,0.0,0.0,0.005503801437597557,0.0,0.0,0.031110703217154395,0.0,0.16817435264891034,0.0,0.0,0.0,0.2029965439494023,0.0,0.0,0.02616772942582537,0.0,0.0,0.0,0.0,0.0,0.038886802004330756,0.038886802004330756,0.0,0.0
2019-08-16,0.11182241781755753,0.0,0.0,0.06505453143015613,0.0,0.16866740296272714,0.02616772942582537,0.0,0.0,0.0,0.11959933970915254,0.0,0.0,0.008848865717713901,0.0,0.0,0.03301551519828509,0.0,0.16021905743771714,0.0,0.0,0.0,0.2026638068663783,0.0,0.0,0.02616772942582537,0.0,0.0,0.0,0.0,0.0,0.038886802004330756,0.038886802004330756,0.0,0.0
2019-08-23,0.11182241781755764,0.0,0.0,0.06505453143015613,0.0,0.16828097057314845,0.02616772942582537,0.0,0.0,0.0,0.12218536572339855,0.0,0.0,0.008495650298163095,0.0,0.0,0.031831360089140504,0.0,0.16412054120961742,0.0,0.0,0.0,0.19429233405455623,0.0,0.0,0.02997549536977519,0.0,0.0,0.0,0.0,0.0,0.038886802004330756,0.038886802004330756,0.0,0.0
2019-08-30,0.23359582264589418,0.0,0.0,0.0,0.0,0.148892365034413,0.059169205343140435,0.0,0.0,0.0,0.11988502617026336,0.0,0.0,0.013123026513858844,0.0,0.0,0.04251721496743915,0.0,0.12037370182458895,0.0,0.0,0.0,0.14792093169396028,0.0,0.0,0.038174235268813916,0.0,0.0,0.0,0.0,0.0,0.038174235268813916,0.038174235268813916,0.0,0.0
2019-09-06,0.2335958226458943,0.0,0.0,0.0,0.0,0.14763989715532663,0.06328175776416904,0.0,0.0,0.0,0.12439946979364065,0.0,0.0,0.0038771501686479665,0.0,0.0,0.03559982911650991,0.0,0.12309565314432178,0.0,0.0,0.0,0.15398771440504805,0.0,0.0,0.038174235268813916,0.0,0.0,0.0,0.0,0.0,0.038174235268813916,0.038174235268813916,0.0,0.0
2019-09-13,0.2335958226458943,0.0,0.0,0.0,0.0,0.15029179022011754,0.06173326813888569,0.0,0.0,0.0,0.11873362659966342,0.0,0.0,0.005756186176550267,0.0,0.0,0.036337311728251206,0.0,0.12129488775939651,0.0,0.0,0.0,0.15773440092479937,0.0,0.0,0.038174235268813916,0.0,0.0,0.0,0.0,0.0,0.038174235268813916,0.038174235268813916,0.0,0.0
2019-09-20,0.23359582264589418,0.0,0.0,0.0,0.0,0.14800411510078607,0.06164517057791216,0.0,0.0,0.0,0.12245023868136799,0.0,0.0,0.004148263127333547,0.0,0.0,0.03623447905727048,0.0,0.122341295345322,0.0,0.0,0.0,0.1570579096576718,0.0,0.0,0.038174235268813916,0.0,0.0,0.0,0.0,0.0,0.038174235268813916,0.038174235268813916,0.0,0.0
2019-09-27,0.11303076085964536,0.0,0.0,0.06279383745186182,0.0,0.1678089501083172,0.07963240803647995,0.0,0.0,0.0,0.1470272260052088,0.0,0.0,0.0035865245676755977,0.0,0.0,0.026660737927713826,0.0,0.1652552199439612,0.0,0.0,0.0,0.13263756082282543,0.0,0.0,0.024020900627412755,0.0,0.0,0.0,0.0,0.0,0.038772936824449065,0.038772936824449065,0.0,0.0
2019-10-04,0.11303076085964525,0.0,0.0,0.06279383745186182,0.0,0.16882053129970714,0.07957355622961812,0.0,0.0,0.0,0.14498130430059586,0.0,0.0,0.003672074165051737,0.0,0.0,0.027611858208055236,0.0,0.1653028077317611,0.0,0.0,0.0,0.1326464954773928,0.0,0.0,0.024020900627412755,0.0,0.0,0.0,0.0,0.0,0.038772936824449065,0.038772936824449065,0.0,0.0
2019-10-11,0.11303076085964536,0.0,0.0,0.06279383745186182,0.0,0.16735872590645923,0.0800048256342041,0.0,0.0,0.0,0.14157935804547855,0.0,0.0,0.004706876654336187,0.0,0.0,0.027870256266549293,0.0,0.1653211277716778,0.0,0.0,0.0,0.1357674571334768,0.0,0.0,0.024020900627412755,0.0,0.0,0.0,0.0,0.0,0.038772936824449065,0.038772936824449065,0.0,0.0
2019-10-18,0.11303076085964536,0.0,0.0,0.06279383745186182,0.0,0.17338595855679156,0.07441897766104925,0.0,0.0,0.0,0.13185775526683907,0.0,0.0,0.007675554971847314,0.0,0.0,0.03206635781005436,0.0,0.16543428955442566,0.0,0.0,0.0,0.13776973359117475,0.0,0.0,0.024020900627412755,0.0,0.0,0.0,0.0,0.0,0.038772936824449065,0.038772936824449065,0.0,0.0
2019-10-25,0.07962847635195236,0.0,0.0,0.02540607127462574,0.0,0.17312622055196014,0.02540607127462574,0.0,0.0,0.0,0.12526352907159236,0.0,0.0,0.006135001233064249,0.0,0.0,0.030788867116645684,0.0,0.17028849150204795,0.0,0.0,0.0,0.21475295204365852,0.0,0.0,0.06667215404302626,0.0,0.0,0.0,0.0,0.0,0.04126608276840052,0.04126608276840052,0.0,0.0
2019-11-01,0.07962847635195236,0.0,0.0,0.02540607127462574,0.0,0.17258287700805763,0.02540607127462574,0.0,0.0,0.0,0.12591534478543812,0.0,0.0,0.0017923247598659172,0.0,0.0,0.029800745391756273,0.0,0.17066556056694165,0.0,0.0,0.0,0.21959820900690927,0.0,0.0,0.06667215404302626,0.0,0.0,0.0,0.0,0.0,0.04126608276840052,0.04126608276840052,0.0,0.0
2019-11-08,0.07962847635195214,0.0,0.0,0.02540607127462574,0.0025777733499996206,0.17000689042736578,0.028552788543835837,0.0,0.0,0.0,0.12615646803805713,0.0,0.0,0.005432046734015035,0.0,0.0,0.02975981238485341,0.0,0.16923592126805295,0.0,0.0,0.0,0.21403943204741488,0.0,0.0,0.06667215404302626,0.0,0.0,0.0,0.0,0.0,0.04126608276840052,0.04126608276840052,0.0,0.0
2019-11-15,0.07962847635195236,0.0,0.0,0.029061254742535403,0.007891063248097704,0.16918076540663793,0.02540607127462574,0.0,0.0,0.0,0.11875390902739201,0.0,0.0,0.00832176394446081,0.0,0.0,0.029840837326541334,0.0,0.1674313162179483,0.0,0.0,0.0012313012775055923,0.21404892160247554,0.0,0.0,0.06667215404302626,0.0,0.0,0.0,0.0,0.0,0.04126608276840052,0.04126608276840052,0.0,0.0
2019-11-22,0.07962847635195225,0.0,0.0,0.029438653601612033,0.007248464469626754,0.1680000164881269,0.02540607127462574,0.0,0.0,0.0,0.11355598210801274,0.0,0.0,0.012882804410304084,0.0,0.0,0.032872602390508876,0.0,0.16364012005829576,0.0,0.0,0.001355190681089623,0.21676729858601781,0.0,0.0,0.06667215404302626,0.0,0.0,0.0,0.0,0.0,0.04126608276840052,0.04126608276840052,0.0,0.0
2019-11-29,1.1102230246251565e-16,0.0,0.0,0.08343279050500357,0.007488857281890185,0.17402066009214426,0.0311552776670385,0.0,0.0,0.0,0.11503460460779812,0.0,0.0,0.018099837117930322,0.0,0.0,0.04428146498391496,0.0,0.16565977753746816,0.0,0.0,0.0,0.23067011835901913,0.0,0.0,0.0311552776670385,0.0,0.0,0.0,0.0,0.0,0.04950066709037707,0.04950066709037707,0.0,0.0
2019-12-06,2.220446049250313e-16,0.0,0.0,0.0847020687782945,0.011129240040862616,0.1765450215249232,0.0311552776670385,0.0,0.0,0.0,0.11503460460779812,0.0,0.0,0.015621600865248638,0.0,0.0,0.040658664848185984,0.0,0.16565977753746816,0.0,0.0,0.0,0.22933713228238747,0.0,0.0,0.0311552776670385,0.0,0.0,0.0,0.0,0.0,0.04950066709037707,0.04950066709037707,0.0,0.0
2019-12-13,2.220446049250313e-16,0.0,0.0,0.08984234316826392,0.014503890938983868,0.16565977753746816,0.0311552776670385,0.0,0.0,0.0041863824531249766,0.11503460460779812,0.0,0.0,0.014676564961825189,0.0,0.0,0.04390751071779279,0.0,0.16565977753746816,0.0,0.0,0.006825468552737758,0.21516044462784523,0.0,0.0,0.03438662304889909,0.0,0.0,0.0,0.0,0.0,0.04950066709037707,0.04950066709037707,0.0,0.0
2019-12-20,1.1102230246251565e-16,0.0,0.0,0.0846029833296525,0.014584538276538661,0.16565977753746816,0.0311552776670385,0.0,0.0,0.0,0.11503460460779812,0.0,0.0,0.016415201336483692,0.0,0.0,0.04649471150101507,0.0,0.16631414992276997,0.0,0.0,0.006559122600598895,0.22302302137284363,0.0,0.0,0.0311552776670385,0.0,0.0,0.0,0.0,0.0,0.04950066709037707,0.04950066709037707,0.0,0.0
2019-12-27,0.0,0.0,0.0,0.1708238822096095,0.06186383114427818,0.14640237287396785,0.07373301336381752,0.0,0.0,0.005400912083581542,0.12006323190795073,0.0,0.026339140966017114,0.016496431940106637,0.0,0.0,0.05951533025696805,0.0,0.09900850047616745,0.0,0.0,0.05267748752879421,0.1413367242827241,0.0,0.0,0.026339140966017114,0.0,0.0,0.0,0.0,0.0,0.0,0.0,0.0,0.0
2020-01-03,0.0,0.0,0.0,0.1682605417375525,0.055540433523557524,0.14640237287396785,0.07373301336381752,0.0,0.0,0.008301979767455597,0.12006323190795073,0.0,0.026339140966017114,0.01735685364964736,0.0,0.0,0.061661713025844916,0.0,0.09900850047616745,0.0,0.0,0.05009506009210965,0.14689801764989469,0.0,0.0,0.026339140966017114,0.0,0.0,0.0,0.0,0.0,0.0,0.0,0.0,0.0
2020-01-10,0.0,0.0,0.0,0.17047665061500303,0.05996226536611616,0.14640237287396785,0.07373301336381752,0.0,0.0,0.005865652270416695,0.12006323190795073,0.0,0.026339140966017114,0.014135893621474677,0.0,0.0,0.05997266705743673,0.0,0.09900850047616745,0.0,0.0,0.05240555554856811,0.14529591496704683,0.0,0.0,0.026339140966017114,0.0,0.0,0.0,0.0,0.0,0.0,0.0,0.0,0.0
2020-01-17,0.0,0.0,0.0,0.1729368439855754,0.061549661138144376,0.14640237287396785,0.07373301336381752,0.0,0.0,0.0033503281282452504,0.12006323190795073,0.0,0.026339140966017114,0.014335740264661235,0.0,0.0,0.05893302722520724,0.0,0.10086493061537785,0.0,0.0,0.05483899147378583,0.1403135770912325,0.0,0.0,0.026339140966017114,0.0,0.0,0.0,0.0,0.0,0.0,0.0,0.0,0.0
2020-01-24,0.0,0.0,0.0,0.169456202748423,0.05839725209940333,0.14640237287396785,0.07373301336381752,0.0,0.0,0.007147029422189902,0.12006323190795073,0.0,0.026339140966017114,0.015786261329981024,0.0,0.0,0.05875669832987983,0.0,0.09900850047616745,0.0,0.0,0.05517624085197416,0.14251949126853344,0.0,0.0,0.027214564361694647,0.0,0.0,0.0,0.0,0.0,0.0,0.0,0.0,0.0
2020-01-31,0.07420839925287459,0.0,0.0,0.18430521888790355,0.10352709008107919,0.037290936171722765,0.07794687475520296,0.0,0.0,0.000991728881610029,0.10381199438780736,0.0,0.0,0.020521473851307516,0.0,0.0,0.06649193820966673,0.0,0.10295779143982368,0.0,0.0,0.05482739668420754,0.09545718694831935,0.0,0.0,0.02979117980705144,0.0,0.0,0.0,0.0,0.0,0.047870790641423334,0.0,0.0,0.0
2020-02-07,0.07420839925287459,0.0,0.0,0.18147396483628211,0.10352709008107919,0.04379010890896057,0.07794687475520296,0.0,0.0,0.0,0.10381199438780736,0.0,0.0,0.021722591236442837,0.0,0.0,0.06646135529038272,0.0,0.10295779143982368,0.0,0.0,0.047870790641423334,0.09545718694831935,0.0,0.0,0.03290106157997799,0.0,0.0,0.0,0.0,0.0,0.047870790641423334,0.0,0.0,0.0
2020-02-14,0.07420839925287459,0.0,0.0,0.18147396483628211,0.10352709008107919,0.03794846277782174,0.07794687475520296,0.0,0.0,0.0,0.10381199438780736,0.0,0.0,0.01886349692483435,0.0,0.0,0.06566691226994345,0.0,0.10295779143982368,0.0,0.0,0.050580358386976575,0.09545718694831935,0.0,0.0,0.039686677297611335,0.0,0.0,0.0,0.0,0.0,0.047870790641423334,0.0,0.0,0.0
2020-02-21,0.07420839925287459,0.0,0.0,0.18147396483628211,0.10352709008107919,0.031103821974497757,0.07794687475520296,0.0,0.0,0.0021418744665853786,0.10381199438780736,0.0,0.0,0.02071897635089333,0.0,0.0,0.06296653050847975,0.0,0.10295779143982368,0.0,0.0,0.05219306899594095,0.09545718694831935,0.0,0.0,0.043621635360790285,0.0,0.0,0.0,0.0,0.0,0.047870790641423334,0.0,0.0,0.0
2020-02-28,0.3862120822675874,0.0,0.02896045897778319,0.11329818067385636,0.0,0.11026776272908072,0.059270710621590256,0.0,0.0,0.0,0.03610840135669974,0.0,0.0,0.012578364925914841,0.0,0.0,0.04857991520384361,0.0,0.03821944021426533,0.0,0.0,0.05494936755937296,0.02452770386296975,0.0,0.0,0.08702761160703584,0.0,0.0,0.0,0.0,0.0,0.0,0.0,0.0,0.0
2020-03-06,0.5020539181787202,0.0,0.0,0.08433772169607316,0.0,0.11255374601582595,0.059270710621590256,0.0,0.0,0.0,0.03848122178448533,0.0,0.0,0.01384699743671459,0.0,0.0,0.04789007737303844,0.0,0.042931610541479655,0.0,0.0,0.02506701107448291,0.025337664938216112,0.0,0.0,0.048229320339373424,0.0,0.0,0.0,0.0,0.0,0.0,0.0,0.0,0.0
2020-03-13,0.5020539181787202,0.0,0.0,0.08433772169607316,0.0,0.10971047920416904,0.059270710621590256,0.0,0.0,0.00142277775060342,0.03610840135669974,0.0,0.0,0.016844856166790666,0.0,0.0,0.05123109178328543,0.0,0.03927211227757618,0.0,0.0,0.02506701107448291,0.02645159955063559,0.0,0.0,0.048229320339373424,0.0,0.0,0.0,0.0,0.0,0.0,0.0,0.0,0.0
2020-03-20,0.5020539181787202,0.0,0.0,0.08433772169607316,0.0,0.10976177980194295,0.059270710621590256,0.0,0.0,0.0006073208794246026,0.03610840135669974,0.0,0.0,0.0138004890525151,0.0,0.0,0.047292635684178845,0.0,0.043553270198744165,0.0,0.0,0.02506701107448291,0.02991742111625467,0.0,0.0,0.048229320339373424,0.0,0.0,0.0,0.0,0.0,0.0,0.0,0.0,0.0
2020-03-27,0.7754125114129639,0.0,0.0,0.01299293609374101,0.0,0.04420163535279922,0.014459654594068387,0.0,0.0,0.00026560538592765125,0.0274525906878094,0.0,0.0,0.006079584287445545,0.0,0.0,0.013596608337159269,0.0,0.07570964580476824,0.0,0.0,0.01299293609374101,0.016836291949576424,0.0,0.0,0.0,0.0,0.0,0.0,0.0,0.0,0.0,0.0,0.0,0.0
2020-04-03,0.7754125114129639,0.0,0.0,0.01299293609374101,0.0,0.0446372189775738,0.01555519932965694,0.0,0.0,0.0,0.031114775007961636,0.0,0.0,0.0034872703751725547,0.0,0.0,0.011017517728788166,0.0,0.07832998038633267,0.0,0.0,0.01299293609374101,0.014459654594068387,0.0,0.0,0.0,0.0,0.0,0.0,0.0,0.0,0.0,0.0,0.0,0.0
2020-04-10,0.7754125114129637,0.0,0.0,0.01299293609374101,0.0,0.04514321853327397,0.014459654594068387,0.0,0.0,0.0,0.03120255626715026,0.0,0.0,0.0028705639958882595,0.0,0.0,0.011017517728788166,0.0,0.07927829417031598,0.0,0.0,0.01299293609374101,0.014629811110069125,0.0,0.0,0.0,0.0,0.0,0.0,0.0,0.0,0.0,0.0,0.0,0.0
2020-04-17,0.7754125114129637,0.0,0.0,0.01299293609374101,0.0,0.04529893808054511,0.01485342409280081,0.0,0.0,0.0,0.030402007088492528,0.0,0.0,0.0018076978617415746,0.0,0.0,0.011017517728788166,0.0,0.08076237695311758,0.0,0.0,0.01299293609374101,0.014459654594068387,0.0,0.0,0.0,0.0,0.0,0.0,0.0,0.0,0.0,0.0,0.0,0.0
2020-04-24,0.8014613153542866,0.004451772887000542,0.0,0.0,0.0,0.0689809398323239,0.025288485504490324,0.0,0.0,0.0,0.02694601681405459,0.0,0.0,0.0013826924726827318,0.0,0.0,0.0,0.0,0.07148877713516139,0.0,0.0,0.0,0.0,0.0,0.0,0.0,0.0,0.0,0.0,0.0,0.0,0.0,0.0,0.0,0.0
2020-05-01,0.8014613153542866,0.0,0.0,0.0,0.00035931111320101466,0.07072904015360232,0.025747054697009147,0.0,0.0,0.0,0.027351922904566457,0.0,0.0,0.0016345879782741397,0.0,0.0,0.0,0.0,0.07271676779906039,0.0,0.0,0.0,0.0,0.0,0.0,0.0,0.0,0.0,0.0,0.0,0.0,0.0,0.0,0.0,0.0
2020-05-08,0.8014613153542866,0.0,0.0,0.0,0.0,0.07103536663670228,0.025403509521257576,0.0,0.0,0.0,0.027388336351404564,0.0,0.0,0.0016189697209304653,0.0,0.0,0.0,0.0,0.07309250241541858,0.0,0.0,0.0,0.0,0.0,0.0,0.0,0.0,0.0,0.0,0.0,0.0,0.0,0.0,0.0,0.0
2020-05-15,0.8014613153542866,0.0,0.0,0.0,0.0,0.07124308661435873,0.025316072999514327,0.0,0.0,0.0,0.02853469364062879,0.0,0.0,0.0014198000418248666,0.0,0.0,0.0,0.0,0.07202503134938675,0.0,0.0,0.0,0.0,0.0,0.0,0.0,0.0,0.0,0.0,0.0,0.0,0.0,0.0,0.0,0.0
2020-05-22,0.8014613153542866,0.0,0.0,0.0,0.0,0.07090613803381132,0.024986509279563043,0.0,0.0,0.0,0.02778390547136611,0.0,0.0,0.0032349402845070914,0.0,0.0,0.0,0.0,0.0716271915764659,0.0,0.0,0.0,0.0,0.0,0.0,0.0,0.0,0.0,0.0,0.0,0.0,0.0,0.0,0.0,0.0
2020-05-29,0.7410489316189361,0.0,0.0,0.0,0.0,0.08262573756728224,0.03822766008432025,0.0,0.0,0.0,0.05012085301231997,0.0,0.0,0.003565568556455561,0.0,0.0,0.0004860561260135323,0.0,0.08392519303467225,0.0,0.0,0.0,0.0,0.0,0.0,0.0,0.0,0.0,0.0,0.0,0.0,0.0,0.0,0.0,0.0
2020-06-05,0.663690500293494,0.0,0.0,0.0,0.02578614377514741,0.08282719095647158,0.03822766008432025,0.0,0.0,0.0,0.049361143636176774,0.0,0.0,0.004046129770862595,0.0,0.0,0.0005062109477790826,0.0,0.08398273298545351,0.0,0.0,0.0,0.0,0.0,0.0,0.0,0.0,0.0,0.0,0.0,0.0,0.02578614377514741,0.0,0.02578614377514741,0.0
2020-06-12,0.663690500293494,0.0,0.0,0.0,0.02578614377514741,0.08220267916338372,0.03822766008432025,0.0,0.0,0.0,0.048818514011408076,0.0,0.0,0.004990135978197803,0.0,0.0,0.0005241950997777727,0.0,0.08418788404397616,0.0,0.0,0.0,0.0,0.0,0.0,0.0,0.0,0.0,0.0,0.0,0.0,0.02578614377514741,0.0,0.02578614377514741,0.0
2020-06-19,0.663690500293494,0.0,0.0,0.0,0.02578614377514741,0.08272272898802886,0.03822766008432025,0.0,0.0,0.0,0.049946113890046814,0.0,0.0,0.003979841758186402,0.0,0.0,0.0002473977402599131,0.0,0.08382732592022156,0.0,0.0,0.0,0.0,0.0,0.0,0.0,0.0,0.0,0.0,0.0,0.0,0.02578614377514741,0.0,0.02578614377514741,0.0
2020-06-26,0.6384431511339812,0.0,0.0,0.0,0.02679702552376334,0.06603162594682238,0.023011360372995886,0.0,0.0,0.0,0.04919138160148038,0.0,0.0,0.06010351496537905,0.0,0.0,0.015601173113277413,0.0,0.06722671629477361,0.0,0.0,0.0,0.0,0.0,0.0,0.0,0.0,0.0,0.0,0.0,0.0,0.02679702552376334,0.0,0.02679702552376334,0.0
2020-07-03,0.6384431511339812,0.0,0.0,0.0,0.02679702552376334,0.0666221134843291,0.023011360372995886,0.0,0.0,0.0,0.04882890064048016,0.0,0.0,0.06050711543229148,0.0,0.0,0.015735949957833523,0.0,0.06646033240679858,0.0,0.0,0.0,0.0,0.0,0.0,0.0,0.0,0.0,0.0,0.0,0.0,0.02679702552376334,0.0,0.02679702552376334,0.0
2020-07-10,0.6384431511339812,0.0,0.0,0.0,0.028117622040958627,0.06487404843562221,0.023011360372995886,0.0,0.0,0.0009671850945166745,0.048534740617659916,0.0,0.0,0.060513754465984906,0.0,0.0,0.017057667427773565,0.0,0.06462274446718153,0.0,0.0,0.0002636748957987429,0.0,0.0,0.0,0.0,0.0,0.0,0.0,0.0,0.0,0.02679702552376334,0.0,0.02679702552376334,0.0
2020-07-17,0.6384431511339812,0.0,0.0,0.0,0.027393521815827437,0.0661252503771903,0.023011360372995886,0.0,0.0,0.0,0.049217546848120644,0.0,0.0,0.060029226483790415,0.0,0.0,0.014895035899175381,0.0,0.067290856021392,0.0,0.0,0.0,0.0,0.0,0.0,0.0,0.0,0.0,0.0,0.0,0.0,0.02679702552376334,0.0,0.02679702552376334,0.0
2020-07-24,0.6384431511339812,0.0,0.0,0.0,0.02739358408313953,0.06555893919180356,0.023011360372995886,0.0,0.0,0.0,0.04950829874202671,0.0,0.0,0.0600178124129718,0.0,0.0,0.015131969490739567,0.0,0.06734083352481501,0.0,0.0,0.0,0.0,0.0,0.0,0.0,0.0,0.0,0.0,0.0,0.0,0.02679702552376334,0.0,0.02679702552376334,0.0
2020-07-31,0.12592753167209192,0.0,0.0,0.020285679492387153,0.13739578831016308,0.15086901484794057,0.04128191930706035,0.0,0.0,0.0,0.05343682574895084,0.0,0.0,0.14621344490034063,0.0,0.0,0.02088603717783335,0.0,0.15636970800990782,0.0,0.0,0.0,0.0,0.0,0.0,0.020285679492387153,0.0,0.0,0.0,0.0,0.06352418552046855,0.0,0.0,0.06352418552046855,0.0
2020-08-07,0.12592753167209192,0.0,0.0,0.020285679492387153,0.1351229963449706,0.15173700510517465,0.04128191930706035,0.0,0.0,0.0,0.05236114645752388,0.0,0.0,0.14706840720583192,0.0,0.0,0.02349600737231686,0.0,0.15227135836997704,0.0,0.0,0.0,0.0,0.0,0.0,0.02339957763172846,0.0,0.0,0.0,0.0,0.06352418552046855,0.0,0.0,0.06352418552046855,0.0
2020-08-14,0.12592753167209192,0.0,0.0,0.020285679492387153,0.1351229963449706,0.1497031994034178,0.04128191930706035,0.0,0.0,0.0,0.052848640421115034,0.0,0.0,0.14666525380849144,0.0,0.0,0.022145483069634805,0.0,0.153415831691864,0.0,0.0,0.0,0.0,0.0,0.0,0.025555093748029736,0.0,0.0,0.0,0.0,0.06352418552046855,0.0,0.0,0.06352418552046855,0.0
2020-08-21,0.12592753167209192,0.0,0.0,0.020285679492387153,0.1351229963449706,0.15169508370831813,0.04128191930706035,0.0,0.0,0.0,0.05249578018323073,0.0,0.0,0.1474281232803521,0.0,0.0,0.022271135179941115,0.0,0.15213749732525642,0.0,0.0,0.0,0.0,0.0,0.0,0.02430588246545434,0.0,0.0,0.0,0.0,0.06352418552046855,0.0,0.0,0.06352418552046855,0.0
2020-08-28,0.06435386564118128,0.0,0.07239576217350631,0.017511360183479974,0.07239576217350631,0.1594517179122469,0.017511360183479974,0.0,0.0,0.0,0.021769580365953178,0.0,0.0,0.10376651663665196,0.0,0.0,0.03969248502939853,0.0,0.1574684435671606,0.0,0.0,0.0,0.0,0.0,0.0,0.20128738395992868,0.0,0.0,0.0,0.0,0.0,0.0,0.0,0.07239576217350631,0.0
2020-09-04,0.06435386564118128,0.0,0.07239576217350631,0.017511360183479974,0.07239576217350631,0.1584839991489653,0.017511360183479974,0.0,0.0,0.0,0.019434618554150723,0.0,0.0,0.10305267746655279,0.0,0.0,0.04280638079534685,0.0,0.1585377804003174,0.0,0.0,0.0,0.0,0.0,0.0,0.2011206711060068,0.0,0.0,0.0,0.0,0.0,0.0,0.0,0.07239576217350631,0.0
2020-09-11,0.06435386564118128,0.0,0.07239576217350631,0.017511360183479974,0.07239576217350631,0.1612510273112901,0.017511360183479974,0.0,0.0,0.0,0.020470953221886256,0.0,0.0,0.1016077322574566,0.0,0.0,0.042334609316242354,0.0,0.1575063506313995,0.0,0.0,0.0,0.0,0.0,0.0,0.20026545473306506,0.0,0.0,0.0,0.0,0.0,0.0,0.0,0.07239576217350631,0.0
2020-09-18,0.06435386564118128,0.0,0.07239576217350631,0.017511360183479974,0.07239576217350631,0.1588538438458113,0.017511360183479974,0.0,0.0,0.003127266511294135,0.01743767059342164,0.0,0.0,0.10428778111354976,0.0,0.0,0.044684526531618446,0.0,0.15446367473149686,0.0,0.0,0.0,0.0,0.0,0.0,0.20058136414414773,0.0,0.0,0.0,0.0,0.0,0.0,0.0,0.07239576217350631,0.0
2020-09-25,0.13922587800953545,0.0,0.07154405250178518,0.015553440802770489,0.0,0.13691653765205983,0.03266979388825789,0.0,0.0,0.0005180231428238239,0.019951403248347648,0.0,0.015553440802770489,0.15532780674865854,0.0,0.0,0.04497065403035041,0.0,0.13209645145977533,0.0,0.0,0.0,0.0,0.0,0.0,0.1641284652110797,0.0,0.0,0.0,0.0,0.0,0.0,0.0,0.07154405250178518,0.0
2020-10-02,0.13922587800953545,0.0,0.07154405250178518,0.015553440802770489,0.0,0.1386516391385563,0.03266979388825789,0.0,0.0,0.0018494156574152822,0.017116353085487406,0.0,0.015553440802770489,0.15742419376054184,0.0,0.0,0.046329292340758804,0.0,0.12522495209782114,0.0,0.0,0.002172261641591328,0.0,0.0,0.0,0.16514123377092316,0.0,0.0,0.0,0.0,0.0,0.0,0.0,0.07154405250178518,0.0
2020-10-09,0.13922587800953545,0.0,0.07154405250178518,0.015553440802770489,0.0,0.1372860085005363,0.03266979388825789,0.0,0.0,0.002256874217897016,0.017116353085487406,0.0,0.015553440802770489,0.1586567986138957,0.0,0.0,0.047692469691997835,0.0,0.12670828219025007,0.0,0.0,0.0012459749879012725,0.0,0.0,0.0,0.16294658020512964,0.0,0.0,0.0,0.0,0.0,0.0,0.0,0.07154405250178518,0.0
2020-10-16,0.13922587800953545,0.0,0.07154405250178518,0.015553440802770489,0.0,0.13735390366972264,0.03266979388825789,0.0,0.0,0.0,0.017116353085487406,0.0,0.015553440802770489,0.15881128529309385,0.0,0.0,0.04585269478950889,0.0,0.13658702578393986,0.0,0.0,0.0,0.0,0.0,0.0,0.15818807887134262,0.0,0.0,0.0,0.0,0.0,0.0,0.0,0.07154405250178518,0.0
2020-10-23,0.13922587800953545,0.0,0.07154405250178518,0.015553440802770489,0.0027012892345599075,0.13748077139650836,0.03266979388825789,0.0,0.0,0.0,0.017116353085487406,0.0,0.015553440802770489,0.1559330578858985,0.0,0.0,0.04442498759730371,0.0,0.13451875990764564,0.0,0.0,0.0,0.0,0.0,0.0,0.16173412238569174,0.0,0.0,0.0,0.0,0.0,0.0,0.0,0.07154405250178518,0.0
2020-10-30,0.13938070593989904,0.0,0.06757822720207834,0.016735250941393384,0.14482810597207474,0.138617306557143,0.034837310654074805,0.0,0.0,0.0,0.02081350419472981,0.0,0.016735250941393384,0.08431744343449987,0.0,0.0,0.045196447144715685,0.0,0.12233349073105446,0.0,0.0,0.0,0.016735250941393384,0.0,0.0,0.08431347814347173,0.0,0.0,0.0,0.0,0.0,0.0,0.0,0.06757822720207834,0.0
2020-11-06,0.13938070593989904,0.0,0.06757822720207834,0.016735250941393384,0.14197813334811493,0.14050610412332595,0.034837310654074805,0.0,0.0,0.0,0.018102059712681418,0.0,0.016735250941393384,0.08436713263992651,0.0,0.0,0.046240861928898105,0.0,0.11801768097330302,0.0,0.0,0.0,0.016735250941393384,0.0,0.0,0.09120780345143933,0.0,0.0,0.0,0.0,0.0,0.0,0.0,0.06757822720207834,0.0
2020-11-13,0.13938070593989904,0.0,0.06757822720207834,0.016735250941393384,0.13777909389680448,0.14064515145233872,0.034837310654074805,0.0,0.0,0.0015262068501488532,0.018102059712681418,0.0,0.016735250941393384,0.08633546811426787,0.0,0.0,0.04763513121304991,0.0,0.11601441433970931,0.0,0.0,0.0,0.016735250941393384,0.0,0.0,0.09238225059868872,0.0,0.0,0.0,0.0,0.0,0.0,0.0,0.06757822720207834,0.0
2020-11-20,0.13938070593989904,0.0,0.06757822720207834,0.016735250941393384,0.13777909389680448,0.14032130315562868,0.034837310654074805,0.0,0.0,0.001570120854296033,0.018102059712681418,0.0,0.016735250941393384,0.08607463549345706,0.0,0.0,0.04750369317319092,0.0,0.11571816135277696,0.0,0.0,0.0,0.016735250941393384,0.0,0.0,0.0933507085388537,0.0,0.0,0.0,0.0,0.0,0.0,0.0,0.06757822720207834,0.0
2020-11-27,0.14899899051873722,0.0,0.0634266124351852,0.018314504798972904,0.001967168850921369,0.136648800535596,0.03667106220945429,0.0,0.0,0.0018104267167632384,0.018356557410481384,0.0,0.018314504798972904,0.08240826556219027,0.0,0.0,0.04896455575828583,0.0,0.12247925002018475,0.0,0.0,0.0,0.018314504798972904,0.0,0.0,0.1564715707149113,0.0,0.0,0.0,0.0,0.0,0.0634266124351852,0.0,0.0634266124351852,0.0
2020-12-04,0.14899899051873722,0.0,0.0634266124351852,0.018314504798972904,0.006655235309299611,0.13550820323358523,0.03667106220945429,0.0,0.0,0.0,0.021653580276801473,0.0,0.018314504798972904,0.0792411178297312,0.0,0.0,0.04770732014986208,0.0,0.12247925002018475,0.0,0.0,0.0,0.018314504798972904,0.0,0.0,0.15586188874986978,0.0,0.0,0.0,0.0,0.0,0.0634266124351852,0.0,0.0634266124351852,0.0
2020-12-11,0.14899899051873733,0.0,0.0634266124351852,0.018314504798972904,0.008051658600237837,0.13387204562939498,0.03667106220945429,0.0,0.0,0.00338862451171017,0.018356557410481384,0.0,0.018314504798972904,0.07841632107583918,0.0,0.0,0.04782864958831677,0.0,0.12247925002018475,0.0,0.0,0.001152847472768306,0.018314504798972904,0.0,0.0,0.15556064126040076,0.0,0.0,0.0,0.0,0.0,0.0634266124351852,0.0,0.0634266124351852,0.0
2020-12-18,0.14899899051873722,0.0,0.0634266124351852,0.021429597723346717,0.008811868116285532,0.12453926730260473,0.03667106220945429,0.0,0.0,0.008495969101854654,0.018356557410481384,0.0,0.018314504798972904,0.07727742119988051,0.0,0.0,0.04820869424684426,0.0,0.12247925002018475,0.0,0.0,0.00420980197337684,0.018314504798972904,0.0,0.0,0.1536126732734477,0.0,0.0,0.0,0.0,0.0,0.0634266124351852,0.0,0.0634266124351852,0.0
2020-12-25,0.1497450436443335,0.0,0.06492722720216704,0.024888644795547366,0.005753613257458673,0.12410141289108095,0.038924047933357644,0.0,0.0,0.009433335525017237,0.019155719007398375,0.0,0.01976832892595927,0.07757914505779306,0.0,0.0,0.047738847733622296,0.0,0.10433308396512168,0.0,0.0,0.0062565380254904915,0.01976832892595927,0.0,0.0,0.15777222870535898,0.0,0.0,0.0,0.0,0.0,0.06492722720216704,0.06492722720216704,0.0,0.0
2021-01-01,0.1497450436443335,0.0,0.06492722720216704,0.022789232790086232,0.005558914082100374,0.12410141289108095,0.038924047933357644,0.0,0.0,0.012659753481809775,0.019155719007398375,0.0,0.01976832892595927,0.07768128469338811,0.0,0.0,0.047828654146993874,0.0,0.10433308396512168,0.0,0.0,0.005129644803045615,0.01976832892595927,0.0,0.0,0.15777486910286412,0.0,0.0,0.0,0.0,0.0,0.06492722720216704,0.06492722720216704,0.0,0.0
2021-01-08,0.1497450436443335,0.0,0.06492722720216704,0.022720632946016332,0.005493547181091398,0.12410141289108095,0.038924047933357644,0.0,0.0,0.012381180212465688,0.019155719007398375,0.0,0.01976832892595927,0.07812995712875027,0.0,0.0,0.04785287997417226,0.0,0.10433308396512168,0.0,0.0,0.004987888850410852,0.01976832892595927,0.0,0.0,0.15785626680738132,0.0,0.0,0.0,0.0,0.0,0.06492722720216704,0.06492722720216704,0.0,0.0
2021-01-15,0.1497450436443336,0.0,0.06492722720216704,0.023475457650609984,0.009044792411264694,0.12410141289108095,0.038924047933357644,0.0,0.0,0.011933591558207245,0.019155719007398375,0.0,0.01976832892595927,0.07627694878303344,0.0,0.0,0.04641388058660795,0.0,0.10433308396512168,0.0,0.0,0.004676842336270694,0.01976832892595927,0.0,0.0,0.15760083977429412,0.0,0.0,0.0,0.0,0.0,0.06492722720216704,0.06492722720216704,0.0,0.0
2021-01-22,0.1497450436443336,0.0,0.06492722720216704,0.02334588102406672,0.010058539155216695,0.12410141289108095,0.038924047933357644,0.0,0.0,0.011546467620196245,0.019155719007398375,0.0,0.01976832892595927,0.0756820124333625,0.0,0.0,0.045211697376504136,0.0,0.10433308396512168,0.0,0.0,0.005410410185033895,0.01976832892595927,0.0,0.0,0.15816734530590792,0.0,0.0,0.0,0.0,0.0,0.06492722720216704,0.06492722720216704,0.0,0.0
2021-01-29,0.12748605643231925,0.0,0.0,0.023896350698128465,0.14104966550043851,0.06143158240379283,0.039392323406175725,0.0,0.0,0.011838921576658404,0.08582952877968074,0.0,0.021201671315409745,0.07770071637287336,0.0,0.0,0.04716710630415362,0.0,0.01924873545227661,0.0,0.0,0.006550149361220969,0.020143587953899113,0.0,0.0,0.18411902066763974,0.0664722918876665,0.0,0.0,0.0,0.0,0.0664722918876665,0.0,0.0,0.0
2021-02-05,0.12748605643231914,0.0,0.0,0.02388038576829494,0.1436702961181114,0.06143158240379283,0.039392323406175725,0.0,0.0,0.011514175078572211,0.08582952877968074,0.0,0.020143587953899113,0.07811604657157568,0.0,0.0,0.04698335036758181,0.0,0.01924873545227661,0.0,0.0,0.005578337478006589,0.020143587953899113,0.0,0.0,0.18363742246048104,0.0664722918876665,0.0,0.0,0.0,0.0,0.0664722918876665,0.0,0.0,0.0
2021-02-12,0.12748605643231925,0.0,0.0,0.024595309450257632,0.14192141247299922,0.06143158240379283,0.039392323406175725,0.0,0.0,0.010991800950248142,0.08582952877968074,0.0,0.02205305956521726,0.07612683935597907,0.0,0.0,0.04493065236854439,0.0,0.01924873545227661,0.0,0.0,0.007086425354940597,0.020143587953899113,0.0,0.0,0.1858181022783365,0.0664722918876665,0.0,0.0,0.0,0.0,0.0664722918876665,0.0,0.0,0.0
2021-02-19,0.12748605643231925,0.0,0.0,0.024503971648815688,0.14296790525717998,0.06143158240379283,0.039392323406175725,0.0,0.0,0.010795782827691716,0.08582952877968074,0.0,0.022009048495398587,0.07593942594592143,0.0,0.0,0.04485418254577649,0.0,0.01924873545227661,0.0,0.0,0.005205696734522161,0.020143587953899113,0.0,0.0,0.18724758834121674,0.0664722918876665,0.0,0.0,0.0,0.0,0.0664722918876665,0.0,0.0,0.0
2021-02-26,0.1242371353451368,0.0,0.0,0.18375365763997026,0.14163054571118877,0.0,0.04293269396947644,0.0,0.0,0.010601604808121654,0.019234749931639945,0.0,0.023697944037836496,0.0098307846316765,0.0,0.0,0.0520802441228494,0.0,0.019234749931639945,0.0,0.0,0.07192662309915109,0.023697944037836496,0.0,0.0,0.14352244024329847,0.06680944124508885,0.0,0.0,0.0,0.0,0.06680944124508885,0.0,0.0,0.0
2021-03-05,0.1242371353451368,0.0,0.0,0.182906980024413,0.14155978286877904,0.0,0.04293269396947644,0.0,0.0,0.010741003699580462,0.019234749931639945,0.0,0.0265685719324599,0.009875732210138119,0.0,0.0,0.05214856200811075,0.0,0.019234749931639945,0.0,0.0,0.07194025128746497,0.023697944037836496,0.0,0.0,0.14130296026314637,0.06680944124508885,0.0,0.0,0.0,0.0,0.06680944124508885,0.0,0.0,0.0
2021-03-12,0.12423713534513692,0.0,0.0,0.1820042257175139,0.14145165276521798,0.0,0.04293269396947644,0.0,0.0,0.010379638964648726,0.019234749931639945,0.0,0.028591840669115454,0.010920933636918203,0.0,0.0,0.05307880470860253,0.0,0.019234749931639945,0.0,0.0,0.06932712411839853,0.023697944037836496,0.0,0.0,0.14128962371367726,0.06680944124508885,0.0,0.0,0.0,0.0,0.06680944124508885,0.0,0.0,0.0
2021-03-19,0.12423713534513692,0.0,0.0,0.1814073872757761,0.14014160983628157,0.0,0.04293269396947644,0.0,0.0,0.011580491913727706,0.019234749931639945,0.0,0.02692610499196958,0.01089436613896096,0.0,0.0,0.05086900428871919,0.0,0.019234749931639945,0.0,0.0,0.07077757739857353,0.023697944037836496,0.0,0.0,0.14444730245008397,0.06680944124508885,0.0,0.0,0.0,0.0,0.06680944124508885,0.0,0.0,0.0
2021-03-26,0.08940344865631011,0.0,0.07237298375266077,0.1347122552027462,0.15936809835150273,0.0,0.03229587181518655,0.0,0.0,0.08246721247267992,0.019942528106609448,0.0,0.013847396030358231,0.07799905037163099,0.0,0.0,0.0651783395256385,0.0,0.0,0.0,0.0,0.006530201342400879,0.012353343708577097,0.0,0.0,0.23352927066369855,0.0,0.0,0.0,0.0,0.0,0.0,0.0,0.0,0.0
2021-04-02,0.08940344865631011,0.0,0.07237298375266077,0.13209130281895395,0.15936809835150273,0.0,0.03229587181518655,0.0,0.0,0.08194970703826873,0.019942528106609448,0.0,0.03155251933414609,0.07328309879905462,0.0,0.0,0.06233164478539833,0.0,0.0,0.0,0.0,0.001249788951213942,0.012353343708577097,0.0,0.0,0.23180566388211762,0.0,0.0,0.0,0.0,0.0,0.0,0.0,0.0,0.0
2021-04-09,0.08940344865631011,0.0,0.07237298375266077,0.13430167943547228,0.15936809835150273,0.0,0.03229587181518655,0.0,0.0,0.08047885755337696,0.019942528106609448,0.0,0.03137619116361479,0.06978284337501467,0.0,0.0,0.06436757602529032,0.0,0.0,0.0,0.0,0.006615604890105747,0.012353343708577097,0.0,0.0,0.2273409731662785,0.0,0.0,0.0,0.0,0.0,0.0,0.0,0.0,0.0
2021-04-16,0.08940344865631,0.0,0.07237298375266077,0.13441947756496814,0.15936809835150273,0.0,0.03229587181518655,0.0,0.0,0.08107358475160781,0.019942528106609448,0.0,0.031528014540271376,0.06799892893775836,0.0,0.0,0.06455643870403309,0.0,0.0,0.0,0.0,0.006992835342711707,0.012353343708577097,0.0,0.0,0.22769444576780282,0.0,0.0,0.0,0.0,0.0,0.0,0.0,0.0,0.0
2021-04-23,0.08940344865631011,0.0,0.07237298375266077,0.1365777570821736,0.16595423060352163,0.0,0.03229587181518655,0.0,0.0,0.08060390898495148,0.019942528106609448,0.0,0.027074311847153094,0.06705258649223253,0.0,0.0,0.06206080326097833,0.0,0.0,0.0,0.0,0.008977050612418951,0.012353343708577097,0.0,0.0,0.22533117507722641,0.0,0.0,0.0,0.0,0.0,0.0,0.0,0.0,0.0
2021-04-30,0.08914545048439049,0.06685908786329288,0.06954043137045877,0.017563837432995135,0.07283627599520928,0.0,0.033661899908118006,0.0,0.0,0.07750415630623284,0.020370597645264287,0.0,0.16452617109881226,0.001676769281852112,0.0,0.0,0.06868495996409155,0.0,0.0,0.0,0.0,0.02892590622501721,0.020972822584492866,0.0,0.0,0.1981912024693135,0.0,0.06954043137045877,0.0,0.0,0.0,0.0,0.0,0.0,0.0
2021-05-07,0.0891454504843906,0.06685908786329288,0.06954043137045877,0.019620106986363975,0.06954043137045877,0.0,0.033661899908118006,0.0,0.0,0.07783847206275384,0.020370597645264287,0.0,0.1624752928664777,0.005951652695207896,0.0,0.0,0.07144851081417568,0.0,0.0,0.0,0.0,0.03031118000775009,0.015505252085515257,0.0,0.0,0.1981912024693135,0.0,0.06954043137045877,0.0,0.0,0.0,0.0,0.0,0.0,0.0
2021-05-14,0.08914545048439071,0.06815764258845618,0.06954043137045877,0.017835866037900477,0.06954043137045877,0.0,0.033661899908118006,0.0,0.0,0.07848592111947272,0.020370597645264287,0.0,0.1607911296022784,0.008637913364242675,0.0,0.0,0.07236972247652385,0.0,0.0,0.0,0.0,0.027577314271847606,0.016154045920815412,0.0,0.0,0.1981912024693135,0.0,0.06954043137045877,0.0,0.0,0.0,0.0,0.0,0.0,0.0
2021-05-21,0.0891454504843906,0.0682469397725083,0.06954043137045877,0.016505069187947172,0.06954043137045877,0.0,0.033661899908118006,0.0,0.0,0.07818819100411398,0.020370597645264287,0.0,0.1637398090222685,0.009132223496144424,0.0,0.0,0.0698168237383585,0.0,0.0,0.0,0.0,0.024963596347576913,0.01941690281261954,0.0,0.0,0.1981912024693135,0.0,0.06954043137045877,0.0,0.0,0.0,0.0,0.0,0.0,0.0
2021-05-28,0.08738251154237797,0.06956671084809168,0.0,0.011655025765914397,0.0,0.011655025765914397,0.032618159648397475,0.0,0.0,0.14616135118196377,0.020963133882483078,0.0,0.16151442138308034,0.007786833803762101,0.0,0.0,0.06852859131262833,0.0,0.0,0.0,0.0,0.1590447637397353,0.02334582758665351,0.0,0.0,0.06066615848184766,0.0,0.06955574252857503,0.0,0.06955574252857503,0.0,0.0,0.0,0.0,0.0
2021-06-04,0.08738251154237786,0.0695420331824743,0.0,0.011655025765914397,0.0,0.011655025765914397,0.032618159648397475,0.0,0.0,0.14574779679105015,0.020963133882483078,0.0,0.16087984877281,0.008621881306646121,0.0,0.0,0.06674945885737918,0.0,0.0,0.0,0.0,0.15893354921035352,0.02547393173520181,0.0,0.0,0.06066615848184766,0.0,0.06955574252857503,0.0,0.06955574252857503,0.0,0.0,0.0,0.0,0.0
2021-06-11,0.08738251154237786,0.07928582241224819,0.0,0.011655025765914397,0.0,0.011655025765914397,0.032618159648397475,0.0,0.0,0.1433105652440243,0.020963133882483078,0.0,0.1638662854908368,0.005582816960492204,0.0,0.0,0.0702305964029452,0.0,0.0,0.0,0.0,0.15754947463202834,0.016122938713340033,0.0,0.0,0.06066615848184766,0.0,0.06955574252857503,0.0,0.06955574252857503,0.0,0.0,0.0,0.0,0.0
2021-06-18,0.08738251154237786,0.06846376854285074,0.0,0.011655025765914397,0.0,0.011655025765914397,0.032618159648397475,0.0,0.0,0.14385699828087428,0.020963133882483078,0.0,0.16405807563309704,0.0070865048589584655,0.0,0.0,0.07792261739874035,0.0,0.0,0.0,0.0,0.15779867075462245,0.016761864386771713,0.0,0.0,0.06066615848184766,0.0,0.06955574252857503,0.0,0.06955574252857503,0.0,0.0,0.0,0.0,0.0
2021-06-25,0.08370252705625014,0.09394328654312475,0.0,0.014196258703645952,0.0,0.0,0.09911651490946412,0.0,0.0,0.06749659177221079,0.022143360913630523,0.0,0.17098768270870648,0.004982335510964448,0.0,0.0,0.08138167370859625,0.0,0.0,0.0,0.0,0.0015256022512395752,0.027727038765750427,0.06615383908702513,0.0,0.06818177080831606,0.06615383908702513,0.06615383908702513,0.0,0.06615383908702513,0.0,0.0,0.0,0.0,0.0
2021-07-02,0.08370252705625014,0.09344358642502763,0.0,0.014196258703645952,0.0,0.0,0.09911651490946412,0.0,0.0,0.07272974886427473,0.022143360913630523,0.0,0.16875637558099235,0.007065334552633851,0.0,0.0,0.07605111918678277,0.0,0.0,0.0,0.0,0.004357235211672801,0.025640811439208596,0.06615383908702513,0.0,0.06818177080831606,0.06615383908702513,0.06615383908702513,0.0,0.06615383908702513,0.0,0.0,0.0,0.0,0.0
2021-07-09,0.08370252705625003,0.09507263715636333,0.0,0.019419118679020596,0.0,0.0,0.09911651490946412,0.0,0.0,0.07040708454271255,0.022143360913630523,0.0,0.16766085930764651,0.0018885415729773078,0.0,0.0,0.07199488145064616,0.0,0.0,0.0,0.0,0.0075043667354674284,0.023665140117676033,0.06615383908702513,0.0,0.07280961121004483,0.06615383908702513,0.06615383908702513,0.0,0.06615383908702513,0.0,0.0,0.0,0.0,0.0
2021-07-16,0.08370252705625014,0.09344584927981407,0.0,0.020376144721313324,0.0,0.0,0.09911651490946412,0.0,0.0,0.07025518146718647,0.022143360913630523,0.0,0.16769464575051785,0.0027198081925071172,0.0,0.0,0.07302328862580701,0.0,0.0,0.0,0.0,0.007127086253370466,0.027598465673722365,0.06615383908702513,0.0,0.06818177080831606,0.06615383908702513,0.06615383908702513,0.0,0.06615383908702513,0.0,0.0,0.0,0.0,0.0
2021-07-23,0.08370252705625003,0.09032160525517044,0.0,0.016409419440483224,0.0,0.0,0.09911651490946412,0.0,0.0,0.0694759155153149,0.022143360913630523,0.0,0.16642889678927228,0.010063073134305408,0.0,0.0,0.07468418362514423,0.0,0.0,0.0,0.0,0.004256366594068382,0.028221763361623898,0.06615383908702513,0.0,0.07056101705717198,0.06615383908702513,0.06615383908702513,0.0,0.06615383908702513,0.0,0.0,0.0,0.0,0.0
2021-07-30,0.0,0.08275884409036834,0.0,0.09378735549298686,0.0,0.0,0.046022747285804966,0.0,0.0,0.008766082508373041,0.022113139238642172,0.0,0.1722751278275706,0.009345342454340126,0.0,0.0,0.06220788279404093,0.0,0.023909608047162793,0.0,0.0,0.1536804832090118,0.17113481976964046,0.0,0.0,0.024797563887690784,0.0,0.06460050169718361,0.06460050169718361,0.0,0.0,0.0,0.0,0.0,0.0
2021-08-06,0.0,0.08275884409036834,0.0,0.09007847364330836,0.0,0.0,0.046022747285804966,0.0,0.0,0.008639393641284368,0.022113139238642172,0.0,0.17409888489817454,0.01386466757438259,0.0,0.0,0.06648276791518334,0.0,0.023909608047162793,0.0,0.0,0.15194065526961772,0.16698020695454083,0.0,0.0,0.023909608047162793,0.0,0.06460050169718361,0.06460050169718361,0.0,0.0,0.0,0.0,0.0,0.0
2021-08-13,0.0,0.08275884409036834,0.0,0.08997194123277656,0.0,0.0,0.046022747285804966,0.0,0.0,0.005605982310816704,0.022113139238642172,0.0,0.17096298565275314,0.012736747866005028,0.0,0.0,0.06690695562812277,0.0,0.023909608047162793,0.0,0.0,0.15164743617939042,0.17425300102662716,0.0,0.0,0.023909608047162793,0.0,0.06460050169718361,0.06460050169718361,0.0,0.0,0.0,0.0,0.0,0.0
2021-08-20,0.0,0.08792891039675998,0.0,0.0885101097443464,0.0,0.0,0.046022747285804966,0.0,0.0,0.0,0.022113139238642172,0.0,0.16888179911918177,0.016226786326161678,0.0,0.0,0.06628996804522622,0.0,0.023909608047162793,0.0,0.0,0.15020941170711935,0.1767969086480647,0.0,0.0,0.023909608047162793,0.0,0.06460050169718361,0.06460050169718361,0.0,0.0,0.0,0.0,0.0,0.0
2021-08-27,0.0,0.0045917590311622646,0.0,0.028504064338409626,0.0,0.0,0.13256817506799182,0.0,0.0,0.001743776363579377,0.026423203113469365,0.0,0.17535940866655958,0.021075653803805664,0.0,0.0,0.08046111184911862,0.0,0.028504064338409626,0.0,0.0,0.13767238778983543,0.2430334352902134,0.06003148017372259,0.0,0.0,0.0,0.06003148017372259,0.0,0.0,0.0,0.0,0.0,0.0,0.0
2021-09-03,0.0,0.000933582575774215,0.0,0.028504064338409626,0.0,0.0,0.13256817506799182,0.0,0.0,0.0,0.026423203113469365,0.0,0.1776431828488204,0.02098425776239975,0.0,0.0,0.08090092608042707,0.0,0.028504064338409626,0.0,0.0,0.13767238778983543,0.24580319573701745,0.06003148017372259,0.0,0.0,0.0,0.06003148017372259,0.0,0.0,0.0,0.0,0.0,0.0,0.0
2021-09-10,0.0,0.002674197586480013,0.0,0.028504064338409626,0.0,0.0,0.13256817506799182,0.0,0.0,0.0019899918726767976,0.026423203113469365,0.0,0.1721503106215289,0.023212007746111617,0.0,0.0,0.08220652639221827,0.0,0.028504064338409626,0.0,0.0,0.13929751761077475,0.24240698096448393,0.06003148017372259,0.0,0.0,0.0,0.06003148017372259,0.0,0.0,0.0,0.0,0.0,0.0,0.0
2021-09-17,0.0,0.004498664005574486,0.0,0.028504064338409626,0.0,0.0,0.13256817506799182,0.0,0.0,0.0,0.026423203113469365,0.0,0.17242229722202057,0.02531771206324673,0.0,0.0,0.08410243365898395,0.0,0.028504064338409626,0.0,0.0,0.13767238778983543,0.23992403805461315,0.06003148017372259,0.0,0.0,0.0,0.06003148017372259,0.0,0.0,0.0,0.0,0.0,0.0,0.0
2021-09-24,0.08125090190287365,0.06853929077275449,0.0,0.0342969327442443,0.0,0.0,0.055832419358639127,0.0,0.0,0.0,0.026250451326546468,0.0,0.12462542937722172,0.02155440511202468,0.0,0.0,0.14123001129466986,0.0,0.02958196803209266,0.0,0.0,0.02774542328023696,0.22077602267611057,0.05610558137419515,0.0,0.0,0.0,0.05610558137419515,0.0,0.0,0.0,0.0,0.05610558137419515,0.0,0.0
2021-10-01,0.08125090190287376,0.07188784560292419,0.0,0.02958196803209266,0.0,0.0,0.055832419358639127,0.0,0.0,0.0010797028120975737,0.026250451326546468,0.0,0.13121148857534737,0.021728737512802982,0.0,0.0,0.1378887801211742,0.0,0.02958196803209266,0.0,0.0,0.026250451326546468,0.21913854127427712,0.05610558137419515,0.0,0.0,0.0,0.05610558137419515,0.0,0.0,0.0,0.0,0.05610558137419515,0.0,0.0
2021-10-08,0.08125090190287365,0.0661308300585675,0.0,0.03222533449079182,0.0,0.0,0.055832419358639127,0.0,0.0,0.0008727198785876489,0.026250451326546468,0.0,0.13035694457872243,0.01796542416154614,0.0,0.0,0.13747002364360852,0.0,0.02958196803209266,0.0,0.0,0.03007435495296143,0.22367188349247707,0.05610558137419515,0.0,0.0,0.0,0.05610558137419515,0.0,0.0,0.0,0.0,0.05610558137419515,0.0,0.0
2021-10-15,0.08125090190287376,0.06682690144476397,0.0,0.033413472261793,0.00553442162199825,0.0,0.055832419358639127,0.0,0.0,0.0,0.026250451326546468,0.0,0.13530848823559483,0.018860605163595074,0.0,0.0,0.13403937936025465,0.0,0.02958196803209266,0.0,0.0,0.028704823215988492,0.21607942395327429,0.05610558137419515,0.0,0.0,0.0,0.05610558137419515,0.0,0.0,0.0,0.0,0.05610558137419515,0.0,0.0
2021-10-22,0.08125090190287365,0.06470362859829423,0.0,0.03336132149768137,0.007308907614786283,0.0,0.055832419358639127,0.0,0.0,0.005107285661907408,0.026250451326546468,0.0,0.1339676479132572,0.016159481620787168,0.0,0.0,0.13369728430369537,0.0,0.02958196803209266,0.0,0.0,0.028672681024174022,0.21578927702267953,0.05610558137419515,0.0,0.0,0.0,0.05610558137419515,0.0,0.0,0.0,0.0,0.05610558137419515,0.0,0.0
2021-10-29,1.1102230246251565e-16,0.0032069006594364845,0.0,0.18475976933098853,0.010035764919731358,0.0,0.041051760546699234,0.0,0.0,0.0045517480727393315,0.028094820744426683,0.0,0.1612354452012925,0.015147159745212229,0.0,0.0,0.08387110162613662,0.0,0.012956939802272548,0.0,0.0,0.07968755541310589,0.25032200008640815,0.0,0.0,0.0,0.0,0.06253951692577518,0.0,0.0,0.0,0.0,0.0,0.06253951692577518,0.0
2021-11-05,0.0,0.010443528479525404,0.0,0.18210198279935474,0.005996787790388641,0.0,0.041051760546699234,0.0,0.0,0.007358122470921274,0.028094820744426683,0.0,0.1617366715643534,0.012361008771739913,0.0,0.0,0.08367025534519085,0.0,0.012956939802272548,0.0,0.0,0.07984343636773268,0.2493056514658442,0.0,0.0,0.0,0.0,0.06253951692577518,0.0,0.0,0.0,0.0,0.0,0.06253951692577518,0.0
2021-11-12,0.0,0.012637672814954058,0.0,0.1806579557082389,0.0,0.0,0.041051760546699234,0.0,0.0,0.005547814039472631,0.028094820744426683,0.0,0.16332187806794193,0.014488716492679254,0.0,0.0,0.08723019534258836,0.0,0.012956939802272548,0.0,0.0,0.07706667823576446,0.25186653435341155,0.0,0.0,0.0,0.0,0.06253951692577518,0.0,0.0,0.0,0.0,0.0,0.06253951692577518,0.0
2021-11-19,0.0,0.007580803228881815,0.0,0.1806579557082389,0.0,0.0,0.041051760546699234,0.0,0.0,0.004654901311691541,0.028094820744426683,0.0,0.1636792252944208,0.01476902251916306,0.0,0.0,0.08788719762106265,0.0,0.012956939802272548,0.0,0.0,0.07867072398590992,0.2549176153856824,0.0,0.0,0.0,0.0,0.06253951692577518,0.0,0.0,0.0,0.0,0.0,0.06253951692577518,0.0
2021-11-26,0.07841314881404027,0.06122193867783709,0.0,0.015450981757909609,0.0,0.015450981757909609,0.10136988015547613,0.0,0.0,0.004994753204982322,0.02710903678703638,0.0,0.1376001327001689,0.01355424656980925,0.0,0.0,0.07968272723639525,0.0,0.015450981757909609,0.0,0.0,0.028715055244913582,0.22970391343638089,0.06376074063307705,0.0,0.0,0.0,0.06376074063307705,0.0,0.0,0.0,0.06376074063307705,0.0,0.0,0.0
2021-12-03,0.07841314881404027,0.06415751713535206,0.0,0.015450981757909609,0.0,0.015450981757909609,0.10136988015547613,0.0,0.0,0.002128866521321772,0.02710903678703638,0.0,0.1389567889517784,0.01588802229405006,0.0,0.0,0.07869634548343458,0.0,0.015450981757909609,0.0,0.0,0.02710903678703638,0.22853618989751404,0.06376074063307705,0.0,0.0,0.0,0.06376074063307705,0.0,0.0,0.0,0.06376074063307705,0.0,0.0,0.0
2021-12-10,0.07841314881404027,0.06012379767767155,0.0,0.015450981757909609,0.0,0.015450981757909609,0.10136988015547613,0.0,0.0,0.007291921435158125,0.02710903678703638,0.0,0.1359457325500336,0.01779885801684646,0.0,0.0,0.08070068584003669,0.0,0.015450981757909609,0.0,0.0,0.02710903678703638,0.2265027347637045,0.06376074063307705,0.0,0.0,0.0,0.06376074063307705,0.0,0.0,0.0,0.06376074063307705,0.0,0.0,0.0
2021-12-17,0.07841314881404027,0.06633800273801083,0.0,0.015450981757909609,0.0,0.015450981757909609,0.10136988015547613,0.0,0.0,0.004298989200045095,0.02710903678703638,0.0,0.1361556491886735,0.015182235182686087,0.0,0.0,0.08061005629463823,0.0,0.015450981757909609,0.0,0.0,0.02710903678703638,0.22577879767939715,0.06376074063307705,0.0,0.0,0.0,0.06376074063307705,0.0,0.0,0.0,0.06376074063307705,0.0,0.0,0.0
2021-12-24,0.07841314881404027,0.07272406155956947,0.0,0.015450981757909609,0.0,0.015450981757909609,0.10136988015547613,0.0,0.0,0.0010224703364262626,0.02710903678703638,0.0,0.1330413167718809,0.018712391192955972,0.0,0.0,0.07958632163955907,0.0,0.015450981757909609,0.0,0.0,0.02710903678703638,0.22327716878305923,0.06376074063307705,0.0,0.0,0.0,0.06376074063307705,0.0,0.0,0.0,0.06376074063307705,0.0,0.0,0.0
2021-12-31,0.03960723231017682,0.08832833821246097,0.0,0.013253340848488225,0.0,0.013253340848488225,0.03903294779829709,0.0,0.0,0.0,0.02577960694980886,0.0,0.17190896406695966,0.013626382756046006,0.0,0.0,0.15056863790700228,0.0,0.013253340848488225,0.0,0.0,0.0,0.239804322976107,0.0638611814925589,0.0,0.0,0.0,0.0638611814925589,0.0638611814925589,0.0,0.0,0.0,0.0,0.0,0.0
2022-01-07,0.03960723231017682,0.08668482630692514,0.0,0.013253340848488225,0.0,0.013253340848488225,0.03903294779829709,0.0,0.0,0.0,0.02577960694980886,0.0,0.16617659223539302,0.012826004918648064,0.0,0.0,0.1508851244513828,0.0,0.01955697857493254,0.0,0.0,0.0,0.24136046027978256,0.0638611814925589,0.0,0.0,0.0,0.0638611814925589,0.0638611814925589,0.0,0.0,0.0,0.0,0.0,0.0
2022-01-14,0.03960723231017682,0.08578635399511116,0.0,0.013253340848488225,0.0,0.013253340848488225,0.03903294779829709,0.0,0.0,0.0,0.02577960694980886,0.0,0.17028051400037597,0.0134198132147539,0.0,0.0,0.15301495953565739,0.0,0.013253340848488225,0.0,0.0,0.0,0.24173500517267751,0.0638611814925589,0.0,0.0,0.0,0.0638611814925589,0.0638611814925589,0.0,0.0,0.0,0.0,0.0,0.0
2022-01-21,0.03960723231017682,0.085130508167545,0.0,0.013253340848488225,0.0,0.013253340848488225,0.03903294779829709,0.0,0.0,0.0,0.02577960694980886,0.0,0.1676814851438068,0.012322913281466254,0.0,0.0,0.15063355261316053,0.0,0.014766205320409339,0.0,0.0,0.0,0.24695532224067623,0.0638611814925589,0.0,0.0,0.0,0.0638611814925589,0.0638611814925589,0.0,0.0,0.0,0.0,0.0,0.0
2022-01-28,0.5523731385008013,0.03163445705068367,0.0,0.0,0.0,0.02540612980644478,0.02211367547779967,0.0,0.0,0.0,0.02211367547779967,0.0,0.10327031718794252,0.010615079497286262,0.0,0.0,0.07721441004692721,0.0,0.022241110950753016,0.0,0.0,0.0,0.1330180060035619,0.0,0.0,0.0,0.0,0.0,0.0,0.0,0.0,0.0,0.0,0.0,0.0
2022-02-04,0.3392153061869918,0.026416344731974503,0.0,0.0,0.0,0.02540612980644478,0.02211367547779967,0.0,0.0,0.0,0.02211367547779967,0.0,0.10333338092673647,0.008349446316021993,0.0,0.0,0.0785531061133541,0.0,0.022241110950753016,0.0,0.0,0.0,0.19238944977676686,0.0,0.0,0.0,0.0,0.053289458078452374,0.0,0.0,0.0,0.0,0.053289458078452374,0.053289458078452374,0.0
2022-02-11,0.3392153061869918,0.032016563746097036,0.0,0.0,0.0,0.02540612980644478,0.02211367547779967,0.0,0.0,0.0,0.02211367547779967,0.0,0.11056796586141446,0.0021916918891943912,0.0,0.0,0.0778021218301315,0.0,0.022241110950753016,0.0,0.0,0.0,0.18646338453801656,0.0,0.0,0.0,0.0,0.053289458078452374,0.0,0.0,0.0,0.0,0.053289458078452374,0.053289458078452374,0.0
2022-02-18,0.5523731385008013,0.03532233810852822,0.0,0.0,0.0,0.02540612980644478,0.02211367547779967,0.0,0.0,0.0,0.02211367547779967,0.0,0.11124710201781748,0.0038824194758025673,0.0,0.0,0.07535538748486871,0.0,0.022241110950753016,0.0,0.0,0.0,0.12994502269938457,0.0,0.0,0.0,0.0,0.0,0.0,0.0,0.0,0.0,0.0,0.0,0.0
2022-02-25,0.46829945466480705,0.019190793312654976,0.0,0.0,0.0,0.037155029870554565,0.06856006045312195,0.0,0.0,0.0,0.02159233161040849,0.0,0.16479546331810255,0.0,0.0,0.0,0.04973421551255802,0.0,0.046967728842713455,0.0,0.0,0.0,0.12370492241507892,0.0,0.0,0.0,0.0,0.0,0.0,0.0,0.0,0.0,0.0,0.0,0.0
2022-03-04,0.46829945466480705,0.017847311540864674,0.0,0.0,0.0,0.03446526097957203,0.07517454632574799,0.0,0.0,0.0,0.02159233161040849,0.0,0.15871392578276067,0.0,0.0,0.0,0.05143888793894966,0.0,0.046967728842713455,0.0,0.0,0.0,0.12550055231417595,0.0,0.0,0.0,0.0,0.0,0.0,0.0,0.0,0.0,0.0,0.0,0.0
2022-03-11,0.46829945466480716,0.022576492478179482,0.0,0.0,0.0,0.036029951733375296,0.06856006045312195,0.0,0.0,0.0,0.02159233161040849,0.0,0.15929304663659893,0.0,0.0,0.0,0.05318661554073495,0.0,0.046967728842713455,0.0,0.0,0.0,0.12349431804006038,0.0,0.0,0.0,0.0,0.0,0.0,0.0,0.0,0.0,0.0,0.0,0.0
2022-03-18,0.46829945466480705,0.02215926857601679,0.0,0.0,0.0,0.046415913858124935,0.06856006045312195,0.0,0.0,0.0,0.02159233161040849,0.0,0.15915898929124278,0.0,0.0,0.0,0.04762871737683672,0.0,0.046967728842713455,0.0,0.0,0.0,0.11921753532672781,0.0,0.0,0.0,0.0,0.0,0.0,0.0,0.0,0.0,0.0,0.0,0.0
2022-03-25,0.6846512600197634,0.03218739542022521,0.0,0.0,0.0,0.016196773079205643,0.02189176347821655,0.0,0.0,0.0,0.011395361925737387,0.0,0.04586206935575833,0.0,0.0,0.0,0.03038359480895364,0.0,0.011395361925737387,0.0,0.0,0.0,0.06859033828291793,0.0,0.0,0.0,0.0,0.02581536056782815,0.0,0.0,0.0,0.02581536056782815,0.02581536056782815,0.0,0.0
2022-04-01,0.6846512600197634,0.032068778224684,0.0,0.0,0.0,0.015989287309929018,0.02189176347821655,0.0,0.0,0.0,0.011395361925737387,0.0,0.045694429173269595,0.0,0.0,0.0,0.03038359480895364,0.0,0.011395361925737387,0.0,0.0,0.0,0.06908408143022451,0.0,0.0,0.0,0.0,0.02581536056782815,0.0,0.0,0.0,0.02581536056782815,0.02581536056782815,0.0,0.0
2022-04-08,0.6846512600197634,0.03160138333914121,0.0,0.0,0.0,0.016557473246976553,0.02189176347821655,0.0,0.0,0.0,0.011395361925737387,0.0,0.04563140502774098,0.0,0.0,0.0,0.03038359480895364,0.0,0.011395361925737387,0.0,0.0,0.0,0.06904631452424838,0.0,0.0,0.0,0.0,0.02581536056782815,0.0,0.0,0.0,0.02581536056782815,0.02581536056782815,0.0,0.0
2022-04-15,0.6846512600197634,0.03125846848784326,0.0,0.0,0.0,0.01609058274637341,0.02189176347821655,0.0,0.0,0.0,0.011395361925737387,0.0,0.04530383532351697,0.0,0.0,0.0,0.03038359480895364,0.0,0.011395361925737387,0.0,0.0,0.0,0.07018368958037348,0.0,0.0,0.0,0.0,0.02581536056782815,0.0,0.0,0.0,0.02581536056782815,0.02581536056782815,0.0,0.0
2022-04-22,0.7879127022910761,0.03163742847801044,0.0,0.0,0.0,0.015527823587013073,0.02189176347821655,0.0,0.0,0.0,0.011395361925737387,0.0,0.04537555669562022,0.0,0.0,0.0,0.030888996674919407,0.0,0.011395361925737387,0.0,0.0,0.0,0.04397500494366947,0.0,0.0,0.0,0.0,0.0,0.0,0.0,0.0,0.0,0.0,0.0,0.0
2022-04-29,0.7905983955366196,0.03162002943657326,0.0,0.0,0.0,0.039913173807743285,0.010318495120002177,0.0,0.0,0.0,0.0,0.0,0.05891522578098834,0.0,0.0,0.0,0.02347291241837259,0.0,0.011677922749923679,0.0,0.0,0.0,0.03348384514977712,0.0,0.0,0.0,0.0,0.0,0.0,0.0,0.0,0.0,0.0,0.0,0.0
2022-05-06,0.7905983955366196,0.03060947087465553,0.0,0.0,0.0,0.0385593162372232,0.010318495120002177,0.0,0.0,0.0,0.0,0.0,0.05881108953845046,0.0,0.0,0.0,0.0229716083208284,0.0,0.011677922749923679,0.0,0.0,0.0,0.03645370162229699,0.0,0.0,0.0,0.0,0.0,0.0,0.0,0.0,0.0,0.0,0.0,0.0
2022-05-13,0.7905983955366196,0.030844886655212917,0.0,0.0,0.0,0.03839477453409361,0.010318495120002177,0.0,0.0,0.0,0.0,0.0,0.05881852977936628,0.0,0.0,0.0,0.022967753816092205,0.0,0.011677922749923679,0.0,0.0,0.0,0.036379241808689566,0.0,0.0,0.0,0.0,0.0,0.0,0.0,0.0,0.0,0.0,0.0,0.0
2022-05-20,0.7905983955366196,0.031108512428583007,0.0,0.0,0.0,0.03842693186389043,0.010318495120002177,0.0,0.0,0.0,0.0,0.0,0.058961408425404815,0.0,0.0,0.0,0.02248080139281308,0.0,0.011677922749923679,0.0,0.0,0.0,0.036427532482763245,0.0,0.0,0.0,0.0,0.0,0.0,0.0,0.0,0.0,0.0,0.0,0.0
2022-05-27,0.7933098290463594,0.03152246172683043,0.0,0.0,0.0,0.043143599579231195,0.02202329792388621,0.0,0.0,0.0,0.0,0.0,0.051639727736823876,0.0,0.0,0.0,0.020862249837755063,0.0,0.0,0.0,0.0,0.0,0.03749883414911379,0.0,0.0,0.0,0.0,0.0,0.0,0.0,0.0,0.0,0.0,0.0,0.0
2022-06-03,0.7933098290463594,0.03154249391733589,0.0,0.0,0.0,0.0439985827755669,0.02202329792388621,0.0,0.0,0.0,0.0,0.0,0.05241247241784322,0.0,0.0,0.0,0.020862249837755063,0.0,0.0,0.0,0.0,0.0,0.03585107408125328,0.0,0.0,0.0,0.0,0.0,0.0,0.0,0.0,0.0,0.0,0.0,0.0
2022-06-10,0.7933098290463594,0.032908377850996005,0.0,0.0,0.0,0.044057263551943414,0.02202329792388621,0.0,0.0,0.0,0.0,0.0,0.05266168124740659,0.0,0.0,0.0,0.020862249837755063,0.0,0.0,0.0,0.0,0.0,0.03417730054165328,0.0,0.0,0.0,0.0,0.0,0.0,0.0,0.0,0.0,0.0,0.0,0.0
2022-06-17,0.7933098290463594,0.03561806631135819,0.0,0.0,0.0,0.04176071141340355,0.02202329792388621,0.0,0.0,0.0,0.0,0.0,0.05371700624019162,0.0,0.0,0.0,0.020862249837755063,0.0,0.0,0.0,0.0,0.0,0.03270883922704593,0.0,0.0,0.0,0.0,0.0,0.0,0.0,0.0,0.0,0.0,0.0,0.0
2022-06-24,0.816225366985603,0.03225395185534537,0.0,0.0,0.0,0.05000425288255575,0.022011473437094895,0.0,0.0,0.0,0.0,0.0,0.07950495483940101,0.0,0.0,0.0,0.0,0.0,0.0,0.0,0.0,0.0,0.0,0.0,0.0,0.0,0.0,0.0,0.0,0.0,0.0,0.0,0.0,0.0,0.0
2022-07-01,0.816225366985603,0.03185892960791061,0.0,0.0,0.0,0.04855647002823298,0.023881641952299814,0.0,0.0,0.0,0.0,0.0,0.07947759142595362,0.0,0.0,0.0,0.0,0.0,0.0,0.0,0.0,0.0,0.0,0.0,0.0,0.0,0.0,0.0,0.0,0.0,0.0,0.0,0.0,0.0,0.0
2022-07-08,0.816225366985603,0.03120605486077186,0.0,0.0,0.0,0.04916826407730658,0.02388923016770579,0.0,0.0,0.0,0.0,0.0,0.07951108390861279,0.0,0.0,0.0,0.0,0.0,0.0,0.0,0.0,0.0,0.0,0.0,0.0,0.0,0.0,0.0,0.0,0.0,0.0,0.0,0.0,0.0,0.0
2022-07-15,0.816225366985603,0.03186304552371195,0.0,0.0,0.0,0.05023677113625146,0.022011473437094895,0.0,0.0,0.0,0.0,0.0,0.07966334291733872,0.0,0.0,0.0,0.0,0.0,0.0,0.0,0.0,0.0,0.0,0.0,0.0,0.0,0.0,0.0,0.0,0.0,0.0,0.0,0.0,0.0,0.0
2022-07-22,0.816225366985603,0.03091259877404315,0.0,0.0,0.0,0.04948212540874655,0.023727839817386253,0.0,0.0,0.0,0.0,0.0,0.07965206901422106,0.0,0.0,0.0,0.0,0.0,0.0,0.0,0.0,0.0,0.0,0.0,0.0,0.0,0.0,0.0,0.0,0.0,0.0,0.0,0.0,0.0,0.0
2022-07-29,0.8185279067202247,0.03137039135540352,0.0,0.0,0.0,0.047933526355827726,0.023080580713615233,0.0,0.0,0.0,0.0,0.0,0.07908759485492889,0.0,0.0,0.0,0.0,0.0,0.0,0.0,0.0,0.0,0.0,0.0,0.0,0.0,0.0,0.0,0.0,0.0,0.0,0.0,0.0,0.0,0.0
2022-08-05,0.8185279067202247,0.03029487821163171,0.0,0.0,0.0,0.04881408741895136,0.023222524706360395,0.0,0.0,0.0,0.0,0.0,0.0791406029428319,0.0,0.0,0.0,0.0,0.0,0.0,0.0,0.0,0.0,0.0,0.0,0.0,0.0,0.0,0.0,0.0,0.0,0.0,0.0,0.0,0.0,0.0
2022-08-12,0.8185279067202247,0.03087560887211411,0.0,0.0,0.0,0.04742736283842732,0.02416839830865171,0.0,0.0,0.0,0.0,0.0,0.07900072326058223,0.0,0.0,0.0,0.0,0.0,0.0,0.0,0.0,0.0,0.0,0.0,0.0,0.0,0.0,0.0,0.0,0.0,0.0,0.0,0.0,0.0,0.0
2022-08-19,0.8185279067202247,0.02819347726457401,0.0,0.0,0.0,0.043052736987370506,0.02928630661125981,0.0,0.0,0.0,0.0,0.0,0.08093957241657103,0.0,0.0,0.0,0.0,0.0,0.0,0.0,0.0,0.0,0.0,0.0,0.0,0.0,0.0,0.0,0.0,0.0,0.0,0.0,0.0,0.0,0.0
2022-08-26,0.7845355937788856,0.026120282576283668,0.0,0.0,0.0,0.03597649439540101,0.04539464730997882,0.0,0.0,0.0,0.009856211819117342,0.0,0.09396107229866027,0.0,0.0,0.0,0.0008387216008147442,0.0,0.0,0.0,0.0,0.0,0.003316976220858535,0.0,0.0,0.0,0.0,0.0,0.0,0.0,0.0,0.0,0.0,0.0,0.0
2022-09-02,0.7845355937788856,0.033256097261633144,0.0,0.0,0.0,0.03597649439540101,0.03865643096441008,0.0,0.0,0.0,0.009856211819117342,0.0,0.0949080982207587,0.0,0.0,0.0,0.0007112182247076807,0.0,0.0,0.0,0.0,0.0,0.0020998553350864368,0.0,0.0,0.0,0.0,0.0,0.0,0.0,0.0,0.0,0.0,0.0,0.0
2022-09-09,0.7845355937788856,0.029055798187960342,0.0,0.0,0.0,0.03597649439540101,0.041108134379233184,0.0,0.0,0.0012544241416283645,0.009856211819117342,0.0,0.09481225333137747,0.0,0.0,0.0,0.003401089966396675,0.0,0.0,0.0,0.0,0.0,0.0,0.0,0.0,0.0,0.0,0.0,0.0,0.0,0.0,0.0,0.0,0.0,0.0
2022-09-16,0.7845355937788856,0.026120282576283668,0.0,0.0,0.0,0.03597649439540101,0.03597649439540101,0.0,0.0,0.0038720312664251655,0.009856211819117342,0.0,0.09487591329558333,0.0005981332763548477,0.0,0.0,0.004967392851889301,0.0,0.0,0.0,0.0,0.0,0.0032214523446587135,0.0,0.0,0.0,0.0,0.0,0.0,0.0,0.0,0.0,0.0,0.0,0.0
2022-09-23,0.7845355937788856,0.026120282576283668,0.0,0.0,0.0,0.03597649439540101,0.03597649439540101,0.0,0.0,0.0025908472294021694,0.009856211819117342,0.0,0.09518518822974356,0.0,0.0,0.0,0.005873612379554631,0.0,0.0,0.0,0.0,0.0,0.0038852751962109963,0.0,0.0,0.0,0.0,0.0,0.0,0.0,0.0,0.0,0.0,0.0,0.0
2022-09-30,0.8823862239225513,0.008615498766399625,0.0,0.0,0.0,0.022023424991403785,0.02592856913563451,0.0,0.0,0.00046961670492090573,0.009813676729103946,0.0,0.049708157506323944,0.0,0.0,0.0,0.0010548322436619627,0.0,0.0,0.0,0.0,0.0,0.0,0.0,0.0,0.0,0.0,0.0,0.0,0.0,0.0,0.0,0.0,0.0,0.0
2022-10-07,0.8823862239225513,0.010096683912869482,0.0,0.0,0.0,0.02309434650798993,0.026074850783385825,0.0,0.0,0.0,0.009813676729103946,0.0,0.0485342181440995,0.0,0.0,0.0,0.0,0.0,0.0,0.0,0.0,0.0,0.0,0.0,0.0,0.0,0.0,0.0,0.0,0.0,0.0,0.0,0.0,0.0,0.0
2022-10-14,0.8823862239225513,0.00981507394844661,0.0,0.0,0.0,0.022023424991403785,0.02690592715040996,0.0,0.0,0.0,0.009813676729103946,0.0,0.04852896505982045,0.0,0.0,0.0,0.0005267081982639369,0.0,0.0,0.0,0.0,0.0,0.0,0.0,0.0,0.0,0.0,0.0,0.0,0.0,0.0,0.0,0.0,0.0,0.0
2022-10-21,0.8823862239225513,0.010276366192174698,0.0,0.0,0.0,0.022023424991403785,0.02707899430216507,0.0,0.0,0.0,0.009813676729103946,0.0,0.04842131386260118,0.0,0.0,0.0,0.0,0.0,0.0,0.0,0.0,0.0,0.0,0.0,0.0,0.0,0.0,0.0,0.0,0.0,0.0,0.0,0.0,0.0,0.0
2022-10-28,0.8706711994014373,0.022550216582418094,0.0,0.0,0.0,0.023035602965012635,0.02563775032184805,0.0,0.0,0.0,0.022031875249641376,0.0,0.036073355479642466,0.0,0.0,0.0,0.0,0.0,0.0,0.0,0.0,0.0,0.0,0.0,0.0,0.0,0.0,0.0,0.0,0.0,0.0,0.0,0.0,0.0,0.0
2022-11-04,0.8706711994014373,0.020350172148112966,0.0,0.0,0.0,0.027476144021692885,0.02490557617579371,0.0,0.0,0.0,0.022031875249641376,0.0,0.034565033003321685,0.0,0.0,0.0,0.0,0.0,0.0,0.0,0.0,0.0,0.0,0.0,0.0,0.0,0.0,0.0,0.0,0.0,0.0,0.0,0.0,0.0,0.0
2022-11-11,0.8706711994014373,0.01947361941771169,0.0,0.0,0.0,0.027465252746460615,0.026066551165644422,0.0,0.0,0.0,0.022031875249641376,0.0,0.03429150201910452,0.0,0.0,0.0,0.0,0.0,0.0,0.0,0.0,0.0,0.0,0.0,0.0,0.0,0.0,0.0,0.0,0.0,0.0,0.0,0.0,0.0,0.0
2022-11-18,0.8706711994014373,0.019922918826183203,0.0,0.0,0.0,0.023631314416487408,0.02826828662746464,0.0,0.0,0.0,0.022031875249641376,0.0,0.035474405478786,0.0,0.0,0.0,0.0,0.0,0.0,0.0,0.0,0.0,0.0,0.0,0.0,0.0,0.0,0.0,0.0,0.0,0.0,0.0,0.0,0.0,0.0
2022-11-25,0.8147912692759769,0.0339144717663934,0.0,0.0,0.0,0.036943214329239894,0.042716451180221826,0.0,0.0,0.0,0.009680766233055728,0.0,0.06195382721511224,0.0,0.0,0.0,0.0,0.0,0.0,0.0,0.0,0.0,0.0,0.0,0.0,0.0,0.0,0.0,0.0,0.0,0.0,0.0,0.0,0.0,0.0
2022-12-02,0.8147912692759769,0.029405982408397237,0.0,0.0,0.0,0.0360818430800756,0.04232260843407289,0.0,0.0,0.002303240443214921,0.009680766233055728,0.0,0.06416597582931688,0.0,0.0,0.0,0.0012483142958898228,0.0,0.0,0.0,0.0,0.0,0.0,0.0,0.0,0.0,0.0,0.0,0.0,0.0,0.0,0.0,0.0,0.0,0.0
2022-12-09,0.7007908187100612,0.032902825888147205,0.0,0.0,0.0,0.0360818430800756,0.04053821524958323,0.0,0.0,0.0006179165321173195,0.009680766233055728,0.0,0.065387163741044,0.0,0.0,0.0,0.0,0.0,0.0,0.0,0.0,0.0,0.0,0.0,0.0,0.028500112641478934,0.0,0.028500112641478934,0.0,0.0,0.0,0.028500112641478934,0.028500112641478934,0.0,0.0
2022-12-16,0.8147912692759769,0.026401076847019873,0.0,0.00458733792435195,0.0,0.0360818430800756,0.0360818430800756,0.0,0.0,0.0025755170946709124,0.009680766233055728,0.0,0.06534271509100262,0.0,0.0,0.0,0.0007025073310978044,0.0,0.0,0.0,0.0,0.003755124042673005,0.0,0.0,0.0,0.0,0.0,0.0,0.0,0.0,0.0,0.0,0.0,0.0,0.0
2022-12-23,0.8147912692759769,0.026401076847019873,0.0,0.004551393087220438,0.0,0.0360818430800756,0.0360818430800756,0.0,0.0,0.0015744810353372932,0.009680766233055728,0.0,0.06464093237938118,0.0,0.0,0.0,0.0026475786326150184,0.0,0.0,0.0,0.0,0.0035488163492423705,0.0,0.0,0.0,0.0,0.0,0.0,0.0,0.0,0.0,0.0,0.0,0.0,0.0
2022-12-30,0.5763417431093039,0.0,0.0,0.12079527509827971,0.0031094326958351444,0.07207626388504636,0.07474090476554163,0.0,0.0,0.0,0.01928430402217448,0.0,0.12003396221169871,0.0,0.0,0.0,0.004083405003155716,0.0,0.0,0.0,0.0,0.009534709208964357,0.0,0.0,0.0,0.0,0.0,0.0,0.0,0.0,0.0,0.0,0.0,0.0,0.0
2023-01-06,0.5763417431093039,0.0,0.0,0.11808832641769167,0.0,0.07207626388504636,0.07510881331159029,0.0,0.0,0.0,0.01928430402217448,0.0,0.12160633158007231,0.0,0.0,0.0,0.00806247895457215,0.0,0.0,0.0,0.0,0.009431738719548865,0.0,0.0,0.0,0.0,0.0,0.0,0.0,0.0,0.0,0.0,0.0,0.0,0.0
2023-01-13,0.5763417431093039,0.0,0.0,0.12375677856577598,0.0,0.08019270246245619,0.0784603581256001,0.0,0.0,0.0,0.01928430402217448,0.0,0.11035326456981812,0.0,0.0,0.0,0.0,0.0,0.0,0.0,0.0,0.011610849144871246,0.0,0.0,0.0,0.0,0.0,0.0,0.0,0.0,0.0,0.0,0.0,0.0,0.0
2023-01-20,0.3469432811867059,0.0,0.0,0.11993549513910273,0.0,0.08815725284056483,0.0775843013152482,0.0,0.0,0.0,0.02190125178678813,0.0,0.11035326456981812,0.0,0.0,0.0,0.0,0.0,0.0,0.0,0.0,0.005726691239174093,0.0,0.057349615480649485,0.0,0.0,0.0,0.057349615480649485,0.0,0.057349615480649485,0.0,0.057349615480649485,0.0,0.0,0.0
2023-01-27,0.19164612927566083,0.0031714367988807095,0.0,0.09430065724766706,0.0,0.115535443013986,0.10101065662590267,0.0,0.0,0.0,0.09030435367572465,0.0,0.07025357930852924,0.0,0.0,0.0,0.010706302950178026,0.0,0.0,0.0,0.0,0.0036468002099955357,0.0,0.07717958448582432,0.0,0.010706302950178026,0.0,0.0,0.0,0.0,0.0,0.07717958448582432,0.07717958448582432,0.07717958448582432,0.0
2023-02-03,0.19164612927566083,0.01106179903595125,0.0,0.08350865894035574,0.0,0.12384318523605625,0.10101065662590267,0.0,0.0,0.0,0.09030435367572465,0.0,0.06722125983594751,0.0,0.0,0.0,0.010706302950178026,0.0,0.0,0.0,0.0,0.0012730135307477753,0.0,0.07717958448582432,0.0,0.010706302950178026,0.0,0.0,0.0,0.0,0.0,0.07717958448582432,0.07717958448582432,0.07717958448582432,0.0
2023-02-10,0.19164612927566083,0.0,0.0,0.08732991901545843,0.0,0.1231522197618921,0.10311668348158141,0.0,0.0,0.0,0.09030435367572465,0.0,0.06392335275259942,0.0,0.0,0.0,0.010706302950178026,0.0,0.0,0.0,0.0,0.00799625417692729,0.0,0.07717958448582432,0.0,0.01310644696668057,0.0,0.0,0.0,0.0,0.0,0.07717958448582432,0.07717958448582432,0.07717958448582432,0.0
2023-02-17,0.19164612927566083,0.0,0.0,0.08685177684737488,0.0,0.11899051993248784,0.1061595019154408,0.0,0.0,0.0,0.09030435367572465,0.0,0.06392335275259942,0.0,0.0,0.0,0.010706302950178026,0.0,0.0,0.0,0.0,0.008219300424285344,0.0,0.07717958448582432,0.0,0.014480424282950932,0.0,0.0,0.0,0.0,0.0,0.07717958448582432,0.07717958448582432,0.07717958448582432,0.0
2023-02-24,0.29474686866914124,0.0,0.0,0.06808670472799616,0.0014162148265923875,0.12673118730361052,0.08459266046017182,0.0,0.0,0.0,0.07387952756544726,0.0,0.05389456560112743,0.0,0.0,0.0,0.0071353014088727015,0.0,0.0,0.0,0.0,0.007490935117267852,0.0071353014088727015,0.0,0.0,0.07785970234461351,0.0,0.0,0.0,0.0,0.0,0.06567701018876212,0.06567701018876212,0.06567701018876212,0.0
2023-03-03,0.29474686866914135,0.0,0.0,0.06800695408407485,0.00487720137806073,0.12610650184477873,0.08101482897431996,0.0,0.0,0.0005313576447225187,0.07387952756544726,0.0,0.05389456560112743,0.0,0.0,0.0,0.0071353014088727015,0.0,0.0,0.0,0.0,0.007394323242731606,0.0071353014088727015,0.0,0.0,0.07824623761156385,0.0,0.0,0.0,0.0,0.0,0.06567701018876212,0.06567701018876212,0.06567701018876212,0.0
2023-03-10,0.29474686866914124,0.0,0.0,0.0693008636067828,0.005793083774207235,0.11615764058481831,0.08316449427989689,0.0,0.0,0.00588958658782871,0.07387952756544726,0.0,0.05389456560112743,0.00044041221150029064,0.0,0.0,0.010517471651813597,0.0,0.0,0.0,0.0,0.009236841894642285,0.0071353014088727015,0.0,0.0,0.07281231159763482,0.0,0.0,0.0,0.0,0.0,0.06567701018876212,0.06567701018876212,0.06567701018876212,0.0
2023-03-17,0.5574549094241898,0.0,0.0,0.07116108613426342,0.009197409768031233,0.11369624669793835,0.08101482897431996,0.0,0.0,0.004879463657782287,0.07387952756544726,0.0,0.05389456560112743,0.0005181207878448797,0.0,0.0,0.011319901862726526,0.0,0.0,0.0,0.0,0.008713336708583479,0.0071353014088727015,0.0,0.0,0.0071353014088727015,0.0,0.0,0.0,0.0,0.0,0.0,0.0,0.0,0.0
2023-03-24,0.29474686866914124,0.0,0.0,0.07069276702514869,0.002947930526837562,0.11369624669793835,0.08101482897431996,0.0,0.0,0.006563296932619498,0.07387952756544726,0.0,0.05389456560112743,0.0030143170396468508,0.0,0.0,0.012686659537811893,0.0,0.0,0.0,0.0,0.009884347857167321,0.0071353014088727015,0.0,0.0,0.07281231159763482,0.0,0.0,0.0,0.0,0.0,0.06567701018876212,0.06567701018876212,0.06567701018876212,0.0
2023-03-31,0.23141220622780323,0.0,0.0,0.1887175004923186,0.004974232970955928,0.009318491634306461,0.12144660876545722,0.0,0.0,0.00782974950691624,0.04643532988614413,0.0,0.0,0.0013486185911211765,0.0,0.0,0.014891570297452555,0.0,0.009318491634306461,0.0,0.0,0.1781401569859759,0.0,0.05814799762138134,0.0,0.12801904538586084,0.0,0.0,0.0,0.0,0.0,0.0,0.0,0.0,0.0
2023-04-07,0.23141220622780323,0.0,0.0,0.1867506459263054,0.008180802956675007,0.01036279340941007,0.11949934451964454,0.0,0.0,0.006524035391617812,0.04643532988614413,0.0,0.0,0.00371992378994869,0.0,0.0,0.01533435866252152,0.0,0.009318491634306461,0.0,0.0,0.17629502458838103,0.0,0.05814799762138134,0.0,0.12801904538586084,0.0,0.0,0.0,0.0,0.0,0.0,0.0,0.0,0.0
2023-04-14,0.23141220622780312,0.0,0.0,0.18611013648062794,0.011215583249204764,0.018143827269632547,0.12269488533303784,0.0,0.0,0.0,0.048799924570201006,0.0,0.0,0.002006974255583563,0.0,0.0,0.009318491634306461,0.0,0.009318491634306461,0.0,0.0,0.1748124363380541,0.0,0.05814799762138134,0.0,0.12801904538586084,0.0,0.0,0.0,0.0,0.0,0.0,0.0,0.0,0.0
2023-04-21,0.23141220622780312,0.0,0.0,0.1845934692809744,0.007911708746556015,0.024558601491031465,0.11630637765062361,0.0,0.0,0.0,0.04923575540785428,0.0,0.0,0.00855346452307104,0.0,0.0,0.010169580284481833,0.0,0.009318491634306461,0.0,0.0,0.1717733017460556,0.0,0.05814799762138134,0.0,0.12801904538586084,0.0,0.0,0.0,0.0,0.0,0.0,0.0,0.0,0.0
2023-04-28,0.08400868597687616,0.0,0.0,0.24105718662634662,0.14208693275532247,0.11140341911831694,0.13990105686380752,0.0,0.0,0.0,0.13728671455327707,0.0,0.0,0.0066960287729107715,0.0,0.0,0.01118980210755293,0.0,0.0,0.0,0.0,0.060785739025330826,0.0,0.0,0.0,0.01118980210755293,0.0,0.0,0.0,0.054394632092705744,0.0,0.0,0.0,0.0,0.0
2023-05-05,0.08400868597687605,0.0011931862708159883,0.0,0.24213302365921285,0.13992387557642258,0.10861899191424548,0.1425095901219005,0.0,0.0,0.0,0.1330707462941649,0.0,0.0,0.006040975517758357,0.0,0.0,0.016132079019326683,0.0,0.0,0.0,0.0,0.06078441144901782,0.0,0.0,0.0,0.01118980210755293,0.0,0.0,0.0,0.054394632092705744,0.0,0.0,0.0,0.0,0.0
2023-05-12,0.08400868597687605,0.0,0.0,0.2417985831606952,0.14125389046465694,0.10949362106437663,0.13990105686380752,0.0,0.0,0.0,0.13583047094977277,0.0,0.0,0.005484015023789301,0.0,0.0,0.013257209882396235,0.0,0.0010818731027521543,0.0,0.0,0.06230615931061842,0.0,0.0,0.0,0.01118980210755293,0.0,0.0,0.0,0.054394632092705744,0.0,0.0,0.0,0.0,0.0
2023-05-19,0.08400868597687627,0.0020617059617834632,0.0,0.2421283365750636,0.14081666651353464,0.10965999082337774,0.14346743515188434,0.0,0.0,0.0,0.12871125475625458,0.0,0.0,0.005556697967771168,0.0,0.0,0.01470962457345542,0.0,0.0,0.0,0.0,0.06329516749974021,0.0,0.0,0.0,0.01118980210755293,0.0,0.0,0.0,0.054394632092705744,0.0,0.0,0.0,0.0,0.0
2023-05-26,0.0,0.002186861784918088,0.0,0.2551304553801984,0.05899598655973118,0.2035148835277807,0.06761740000126432,0.0,0.0,0.0,0.13672292627816085,0.0,0.0,0.005858274507445448,0.0,0.0,0.060377707073061435,0.0,0.0,0.0,0.0,0.1460382475965759,0.0,0.0,0.0,0.06355725729086363,0.0,0.0,0.0,0.0,0.0,0.0,0.0,0.0,0.0
2023-06-02,0.0,0.002174492306495243,0.0,0.2535118907710543,0.05708617560226321,0.2047828173363201,0.06503596579960504,0.0,0.0,0.0,0.14149586538946768,0.0,0.0,0.00648276554158705,0.0,0.0,0.0611580910401989,0.0,0.0,0.0,0.0,0.14471467892214487,0.0,0.0,0.0,0.06355725729086363,0.0,0.0,0.0,0.0,0.0,0.0,0.0,0.0,0.0
2023-06-09,0.0,0.005682186290847423,0.0,0.25312829316214214,0.05909284103818954,0.20510041379326233,0.06372492101571917,0.0,0.0,0.0,0.13672292627816085,0.0,0.0,0.00701973646156568,0.0,0.0,0.06090049990534847,0.0,0.0,0.0,0.0,0.1450709247639007,0.0,0.0,0.0,0.06355725729086363,0.0,0.0,0.0,0.0,0.0,0.0,0.0,0.0,0.0
2023-06-16,1.1102230246251565e-16,0.00396627747421733,0.0,0.2536965023015907,0.05815082913140494,0.20153125948685807,0.0677040573542862,0.0,0.0,0.0,0.13672292627816085,0.0,0.0,0.008771827484952595,0.0,0.0,0.06170381535934363,0.0,0.0,0.0,0.0,0.144195247838322,0.0,0.0,0.0,0.06355725729086363,0.0,0.0,0.0,0.0,0.0,0.0,0.0,0.0,0.0
2023-06-23,0.0,0.0,0.0,0.2539995856581976,0.060732219420469885,0.1977890013495498,0.06372492101571917,0.0,0.0,0.0,0.13672292627816085,0.0,0.0,0.010865476691338659,0.0,0.0,0.06583857422534511,0.0,0.0,0.0,0.0,0.14677003807035527,0.0,0.0,0.0,0.06355725729086363,0.0,0.0,0.0,0.0,0.0,0.0,0.0,0.0,0.0
2023-06-30,0.0,0.0,0.0,0.25155193930739034,0.14245283079891946,0.19426178735147395,0.06578597014094058,0.0,0.0,0.0011434763945618776,0.050785325890655986,0.0,0.0,0.011442701341997964,0.0,0.0,0.06797918802547842,0.0,0.010466120438935859,0.0,0.0,0.14223325192146016,0.0,0.0,0.0,0.010466120438935859,0.0,0.0,0.0,0.0,0.0,0.051431287949249525,0.0,0.0,0.0
2023-07-07,0.0,0.0,0.0,0.2514974130797752,0.14474991321193714,0.19469798985482628,0.06296564868784944,0.0,0.0,0.0023891732479128657,0.050785325890655986,0.0,0.0,0.011786040466008221,0.0,0.0,0.06832713943414745,0.0,0.010466120438935859,0.0,0.0,0.1404378272997662,0.0,0.0,0.0,0.010466120438935859,0.0,0.0,0.0,0.0,0.0,0.051431287949249525,0.0,0.0,0.0
2023-07-14,0.0,0.0036008579173946184,0.0,0.2502395693201613,0.14433475166044968,0.1938174836315461,0.06125144632959184,0.0,0.0,0.004260961023738865,0.050785325890655986,0.0,0.0,0.011838805597179359,0.0,0.0,0.06823459087878815,0.0,0.010466120438935859,0.0,0.0,0.13927267892337286,0.0,0.0,0.0,0.010466120438935859,0.0,0.0,0.0,0.0,0.0,0.051431287949249525,0.0,0.0,0.0
2023-07-21,0.0,0.008351568770128343,0.0,0.24859919119713772,0.14457055575742184,0.1928096187988122,0.06125144632959184,0.0,0.0,0.0,0.050785325890655986,0.0,0.0,0.011734633747480948,0.0,0.0,0.06935169332195916,0.0,0.010466120438935859,0.0,0.0,0.13847021278137628,0.0,0.0,0.0,0.01217834501725033,0.0,0.0,0.0,0.0,0.0,0.051431287949249525,0.0,0.0,0.0
2023-07-28,0.0,0.011227683781083632,0.0,0.193113541954234,0.1934202580397659,0.1923671676382746,0.0602915865967015,0.0,0.0,0.0,0.05316584668428184,0.0,0.007125739912419657,0.011171223953828843,0.0,0.0,0.06756621755749508,0.0,0.007125739912419657,0.0,0.0,0.1365928870058456,0.007125739912419657,0.0,0.0,0.059706367051229975,0.0,0.0,0.0,0.0,0.0,0.0,0.0,0.0,0.0
2023-08-04,1.1102230246251565e-16,0.006937352312378447,0.0,0.1940075020728172,0.19443534283586142,0.19211733860105062,0.0602915865967015,0.0,0.0,0.0006191747604587886,0.05316584668428184,0.0,0.007125739912419657,0.011508830045698821,0.0,0.0,0.06602802788556184,0.0,0.007125739912419657,0.0,0.0,0.13748917124327,0.007125739912419657,0.0,0.0,0.06202260722466044,0.0,0.0,0.0,0.0,0.0,0.0,0.0,0.0,0.0
2023-08-11,0.0,0.00786398535086462,0.0,0.19394982971025868,0.1951278253587469,0.19194507788700405,0.0602915865967015,0.0,0.0,0.0,0.05316584668428184,0.0,0.007125739912419657,0.011470154395001762,0.0,0.0,0.06692216588650639,0.0,0.007125739912419657,0.0,0.0,0.13742756546591545,0.007125739912419657,0.0,0.0,0.0604587429274598,0.0,0.0,0.0,0.0,0.0,0.0,0.0,0.0,0.0
2023-08-18,0.0,0.00870982405945642,0.0,0.19349596616631706,0.19286879585702366,0.18901677522592264,0.0602915865967015,0.0,0.0,0.0006684983848585321,0.05316584668428184,0.0,0.007125739912419657,0.012176520987613132,0.0,0.0,0.06756996142992082,0.0,0.007125739912419657,0.0,0.0,0.13692567778389889,0.007125739912419657,0.0,0.0,0.06373332708674649,0.0,0.0,0.0,0.0,0.0,0.0,0.0,0.0,0.0
2023-08-25,0.07427617812032938,0.00908761144047025,0.0,0.17673034747836722,0.11558300084500467,0.16716559645463125,0.07306362154549337,0.0,0.0,0.0014185097532226467,0.05762743335659083,0.0,0.015436188188902538,0.013278954616803973,0.0,0.0,0.076250841480885,0.0,0.0,0.0,0.0,0.1702047592507191,0.0,0.0,0.0,0.04987695746857982,0.0,0.0,0.0,0.0,0.0,0.0,0.0,0.0,0.0
2023-09-01,0.07427617812032938,0.005525728655435294,0.0,0.17738504021690255,0.11614612164764618,0.16117402409597392,0.07306362154549337,0.0,0.0,0.0022121465983212306,0.05762743335659083,0.0,0.015436188188902538,0.01392091722730377,0.0,0.0,0.07692665314131476,0.0,0.0,0.0,0.0,0.17074393039791907,0.0,0.0,0.0,0.055562016807867154,0.0,0.0,0.0,0.0,0.0,0.0,0.0,0.0,0.0
2023-09-08,0.07427617812032938,0.007164752986340961,0.0,0.17677975465924656,0.1152076163570967,0.16511571445893225,0.07306362154549337,0.0,0.0,0.0008734747548165383,0.05762743335659083,0.0,0.015436188188902538,0.014921262260752067,0.0,0.0,0.07951835220542922,0.0,0.0,0.0,0.0,0.17013869363748982,0.0,0.0,0.0,0.04987695746857982,0.0,0.0,0.0,0.0,0.0,0.0,0.0,0.0,0.0
2023-09-15,0.07427617812032938,0.0016039494052714292,0.0,0.17918717109908638,0.11295127960226856,0.16117402409597392,0.07306362154549337,0.0,0.0,0.005133625410032339,0.05762743335659083,0.0,0.015436188188902538,0.018651967600413925,0.0,0.0,0.07867337475605832,0.0,0.0,0.0,0.0,0.17234422935099922,0.0,0.0,0.0,0.04987695746857982,0.0,0.0,0.0,0.0,0.0,0.0,0.0,0.0,0.0
2023-09-22,0.07427617812032938,0.0,0.0,0.176439774582951,0.11043728015548918,0.16117402409597392,0.07306362154549337,0.0,0.0,0.007690237420156333,0.05762743335659083,0.0,0.01715830633512453,0.021043944410909413,0.0,0.0,0.0820246698372489,0.0,0.0,0.0,0.0,0.16918757267115336,0.0,0.0,0.0,0.04987695746857982,0.0,0.0,0.0,0.0,0.0,0.0,0.0,0.0,0.0
2023-09-29,0.14544282516555618,0.0,0.0,0.15177311099358579,0.10289168977091345,0.1606130115233485,0.06669600828511821,0.0,0.0,0.0032576360456473634,0.052028979383606754,0.0,0.01612796464022004,0.019213075049023542,0.0,0.0,0.07322720705715986,0.0,0.0,0.0,0.0,0.1600092256924862,0.0,0.0,0.0,0.048719266393334126,0.0,0.0,0.0,0.0,0.0,0.0,0.0,0.0,0.0
2023-10-06,0.14544282516555618,0.0013959998743397163,0.0,0.14719341361304658,0.10932733554657259,0.1606130115233485,0.06669600828511821,0.0,0.0,0.006677904183074179,0.052028979383606754,0.0,0.014667028901511451,0.016776130567620118,0.0,0.0,0.07256335222463407,0.0,0.0,0.0,0.0,0.15789874433823758,0.0,0.0,0.0,0.048719266393334126,0.0,0.0,0.0,0.0,0.0,0.0,0.0,0.0,0.0
2023-10-13,0.14544282516555618,0.009364886266513332,0.0,0.14747342902072758,0.10878497245351111,0.1606130115233485,0.06669600828511821,0.0,0.0,0.000792978191913024,0.052028979383606754,0.0,0.020028809831598913,0.013947792079024666,0.0,0.0,0.0699711544440676,0.0,0.0,0.0,0.0,0.15613588696168004,0.0,0.0,0.0,0.048719266393334126,0.0,0.0,0.0,0.0,0.0,0.0,0.0,0.0,0.0
2023-10-20,0.14544282516555618,0.011113584638132357,0.0,0.14462490847408385,0.11195618247401588,0.1606130115233485,0.06669600828511821,0.0,0.0,0.0,0.052028979383606754,0.0,0.020544378663862516,0.014139343571723023,0.0,0.0,0.0688536495649024,0.0,0.0,0.0,0.0,0.15526786186231623,0.0,0.0,0.0,0.048719266393334126,0.0,0.0,0.0,0.0,0.0,0.0,0.0,0.0,0.0
2023-10-27,0.2518424377379509,0.009806011095365283,0.0,0.07951621600889797,0.09408455529409786,0.14789558605763717,0.04779154448357586,0.0,0.0,0.0,0.08238294154626827,0.0,0.033313944350647974,0.012156389275117734,0.0,0.0,0.07070078968960515,0.0,0.0,0.0,0.0,0.12644626300355202,0.0,0.0,0.0,0.044063321457283755,0.0,0.0,0.0,0.0,0.0,0.0,0.0,0.0,0.0
2023-11-03,0.42809572356708603,0.010826132450323786,0.0,0.0373224750039628,0.04676420311576865,0.14506319610480586,0.04967108668039593,0.0,0.0,0.0,0.08238294154626827,0.0,0.035006807265869244,0.01352454965749026,0.0,0.0,0.06895994306176094,0.0,0.0,0.0,0.0,0.08238294154626827,0.0,0.0,0.0,0.0,0.0,0.0,0.0,0.0,0.0,0.0,0.0,0.0,0.0
2023-11-10,0.2518424377379509,0.01279649387284216,0.0,0.08041564180700689,0.08872171674602616,0.14506319610480586,0.05140434356644984,0.0,0.0,0.0,0.08238294154626827,0.0,0.030376133774109065,0.01279160823720448,0.0,0.0,0.07369590214650056,0.0,0.0,0.0,0.0,0.12644626300355202,0.0,0.0,0.0,0.044063321457283755,0.0,0.0,0.0,0.0,0.0,0.0,0.0,0.0,0.0
2023-11-17,0.2518424377379509,0.013889902229623283,0.0,0.07951621600889797,0.08532393521984238,0.15039927976748668,0.04542854516741386,0.0,0.0,0.0,0.08238294154626827,0.0,0.037555068189403316,0.011681054075378354,0.0,0.0,0.07147103559689914,0.0,0.0,0.0,0.0,0.12644626300355202,0.0,0.0,0.0,0.044063321457283755,0.0,0.0,0.0,0.0,0.0,0.0,0.0,0.0,0.0
2023-11-24,0.05210982472696646,0.08741346127367149,0.0,0.059221891309071524,0.05449578619821742,0.20161816452570516,0.14566674987385564,0.0,0.0,0.0,0.05453458890089607,0.0,0.023641677273062656,0.08615899277466538,0.0,0.0,0.06408360059758957,0.0,0.0,0.0,0.0,0.05210982472696633,0.0,0.0,0.0,0.1189454378193323,0.0,0.0,0.0,0.0,0.0,0.0,0.0,0.0,0.0
2023-12-01,0.05210982472696646,0.09060908151501743,0.0,0.059221891309071524,0.054291648014271936,0.20229377852024338,0.14852704602562536,0.0,0.0,0.0,0.05453458890089607,0.0,0.024219503986660063,0.0821586194262877,0.0,0.0,0.06097875502866142,0.0,0.0,0.0,0.0,0.05210982472696633,0.0,0.0,0.0,0.1189454378193323,0.0,0.0,0.0,0.0,0.0,0.0,0.0,0.0,0.0
2023-12-08,0.05210982472696657,0.09082163157956276,0.0,0.059221891309071524,0.058280742710673905,0.19837055664286402,0.14969988439564683,0.0,0.0,0.0,0.05453458890089607,0.0,0.015574262948070374,0.08614502882858677,0.0,0.0,0.06418632541136264,0.0,0.0,0.0,0.0,0.05210982472696633,0.0,0.0,0.0,0.1189454378193323,0.0,0.0,0.0,0.0,0.0,0.0,0.0,0.0,0.0
2023-12-15,0.05210982472696646,0.09055463120580669,0.0,0.059221891309071524,0.05361247341366608,0.19485377391686085,0.15164075892399725,0.0,0.0,0.0,0.05453458890089607,0.0,0.013250658204382213,0.08726065506893939,0.0,0.0,0.0719054817831148,0.0,0.0,0.0,0.0,0.05210982472696633,0.0,0.0,0.0,0.1189454378193323,0.0,0.0,0.0,0.0,0.0,0.0,0.0,0.0,0.0
2023-12-22,0.05210982472696657,0.07812230422404752,0.0,0.06678285007451984,0.05753440477260576,0.1938480725774041,0.14764247870202574,0.0,0.0,0.0,0.05453458890089607,0.0,0.012301024191469894,0.08935920513053737,0.0,0.0,0.07306769811733946,0.0,0.0,0.0,0.0,0.05575211076285546,0.0,0.0,0.0,0.1189454378193323,0.0,0.0,0.0,0.0,0.0,0.0,0.0,0.0,0.0
2023-12-29,0.12113979171986589,0.04536071469691778,0.0,0.07601879059647006,0.06913447364069256,0.1730204351989924,0.12734428867960498,0.0,0.0,0.0,0.05525089023423294,0.0,0.05525089023423294,0.060557470289012365,0.0,0.0,0.0807881661084301,0.0,0.022606847375833922,0.0,0.0,0.007743650614113319,0.022606847375833922,0.0,0.0,0.0831767432357668,0.0,0.0,0.0,0.0,0.0,0.0,0.0,0.0,0.0
2024-01-05,0.12113979171986589,0.05029359317055865,0.0,0.07179086594667139,0.06690900427308748,0.1787978849784664,0.13115949473827615,0.0,0.0,0.0,0.05525089023423294,0.0,0.05525089023423294,0.05936435896498958,0.0,0.0,0.07568480060435662,0.0,0.022606847375833922,0.0,0.0,0.0046377649645582,0.023937069559103012,0.0,0.0,0.0831767432357668,0.0,0.0,0.0,0.0,0.0,0.0,0.0,0.0,0.0
2024-01-12,0.12113979171986589,0.04536071469691778,0.0,0.07338508886709721,0.06819546339432152,0.1702504064520951,0.1322378232987893,0.0,0.0,0.005556777867868115,0.056530743364262476,0.0,0.05525089023423294,0.05794789642669221,0.0,0.0,0.07865929780576772,0.0,0.022606847375833922,0.0,0.0,0.0052859776627522,0.024415537597736795,0.0,0.0,0.0831767432357668,0.0,0.0,0.0,0.0,0.0,0.0,0.0,0.0,0.0
2024-01-19,0.12113979171986589,0.04536071469691778,0.0,0.06874548192815154,0.06518040905136382,0.16657796020435162,0.13760274073158504,0.0,0.0,0.006269037717580313,0.06160332220983986,0.0,0.05525089023423294,0.05792439667127118,0.0,0.0,0.07875445790739902,0.0,0.022606847375833922,0.0,0.0,0.0017588725899173202,0.02804833372592294,0.0,0.0,0.0831767432357668,0.0,0.0,0.0,0.0,0.0,0.0,0.0,0.0,0.0
2024-01-26,0.21135443228352524,0.09786282226462259,0.0,0.07061616523751786,0.006606071795267135,0.0744192681795607,0.17124224493982976,0.0,0.0,0.007319648932639906,0.10057966823862126,0.0,0.0,0.061678403000531956,0.0,0.0,0.07935733988749036,0.0,0.0,0.0,0.0,0.006530077285957022,0.03055957149782635,0.0,0.0,0.024722004338708633,0.0,0.0,0.0,0.0,0.0,0.0,0.0,0.0,0.05715228211790125
2024-02-02,0.21135443228352513,0.09786282226462259,0.0,0.07196046200612372,0.006012251960790653,0.0744192681795607,0.16941906269604157,0.0,0.0,0.006732118204428948,0.10064395128671341,0.0,0.0,0.06235635523265406,0.0,0.0,0.07882163851882927,0.0,0.0,0.0,0.0,0.007878190805176924,0.03066516010492309,0.0,0.0,0.024722004338708633,0.0,0.0,0.0,0.0,0.0,0.0,0.0,0.0,0.05715228211790125
2024-02-09,0.21135443228352524,0.09786282226462259,0.0,0.07166924446658118,0.006900809396933778,0.0744192681795607,0.17248423572177388,0.0,0.0,0.0015320481110834311,0.09786282226462259,0.0,0.0,0.0645907967103477,0.0,0.0,0.08192466026138258,0.0,0.0,0.0,0.0,0.006760921692297188,0.03076365219065928,0.0,0.0,0.024722004338708633,0.0,0.0,0.0,0.0,0.0,0.0,0.0,0.0,0.05715228211790125
2024-02-16,0.21135443228352513,0.09786282226462259,0.0,0.0736388850666964,0.011331226081295102,0.0744192681795607,0.17064180386538652,0.0,0.0,0.0018444700017994707,0.10032903801540366,0.0,0.0,0.06117112560797777,0.0,0.0,0.07881534865893419,0.0,0.0,0.0,0.0,0.0065311875091904345,0.030186106008998084,0.0,0.0,0.024722004338708633,0.0,0.0,0.0,0.0,0.0,0.0,0.0,0.0,0.05715228211790125
2024-02-23,0.17969333385154718,0.04125199356996353,0.0,0.028313259100201923,0.07018306570163627,0.15564185374266315,0.16764319162819816,0.0,0.0,0.003467783853996442,0.09269726755658195,0.0,0.0,0.06057762604483961,0.0,0.0,0.08438004395374395,0.0,0.0,0.0,0.0,0.0020937557830416377,0.08906986544899055,0.0,0.0,0.02498695976459556,0.0,0.0,0.0,0.0,0.0,0.0,0.0,0.0,0.0
2024-03-01,0.17969333385154718,0.04125199356996353,0.0,0.031938671124459014,0.0698809189954255,0.15564185374266315,0.16402747703691042,0.0,0.0,0.006519700897153513,0.08855317252073273,0.0,0.0,0.06151324820633784,0.0,0.0,0.08410299942175477,0.0,0.0,0.0,0.0,0.005496845010772999,0.08639282585768371,0.0,0.0,0.02498695976459556,0.0,0.0,0.0,0.0,0.0,0.0,0.0,0.0,0.0
2024-03-08,0.1796933338515474,0.04678348739197474,0.0,0.03239638355677775,0.06886288248945686,0.15564185374266315,0.16519806469168924,0.0,0.0,0.0013544661928120612,0.09099698442817901,0.0,0.0,0.059902848897409405,0.0,0.0,0.08386780299623736,0.0,0.0,0.0,0.0,0.006051049281054928,0.08426388271560264,0.0,0.0,0.02498695976459556,0.0,0.0,0.0,0.0,0.0,0.0,0.0,0.0,0.0
2024-03-15,0.1796933338515473,0.04932356011709563,0.0,0.03107533257043295,0.068124420988428,0.15564185374266315,0.16218728973727842,0.0,0.0,0.006138638244328277,0.08710660953211335,0.0,0.0,0.06043637053003495,0.0,0.0,0.08492722538815839,0.0,0.0,0.0,0.0,0.00465415111741983,0.08570425441590424,0.0,0.0,0.02498695976459556,0.0,0.0,0.0,0.0,0.0,0.0,0.0,0.0,0.0
2024-03-22,0.1796933338515473,0.04125199356996353,0.0,0.033397480770316845,0.07010344266245436,0.15564185374266315,0.1605635610990786,0.0,0.0,0.00797906460086614,0.08710660953211335,0.0,0.0,0.06163297281219445,0.0,0.0,0.08802201001923321,0.0,0.0,0.0,0.0,0.005356834859370874,0.08426388271560264,0.0,0.0,0.02498695976459556,0.0,0.0,0.0,0.0,0.0,0.0,0.0,0.0,0.0
2024-03-29,0.0,0.10634489840906458,0.0,0.06985673967469401,0.05645874731664735,0.019979277592769063,0.12569351782791752,0.0,0.0,0.006746117733833775,0.1033338938104511,0.0,0.019979277592769063,0.015052692265619203,0.0,0.0,0.13776428813549352,0.0,0.019979277592769063,0.0,0.0,0.00659858393601392,0.06404915407984077,0.057046064109837,0.0,0.07702534170260607,0.0,0.0,0.057046064109837,0.0,0.0,0.0,0.0,0.057046064109837,0.0
2024-04-05,0.0,0.11072031255492851,0.0,0.06963546893695996,0.05613268952674133,0.019979277592769063,0.12331317140322016,0.0,0.0,0.008206849632664727,0.1033338938104511,0.0,0.019979277592769063,0.015755906741169876,0.0,0.0,0.13853836744804637,0.0,0.019979277592769063,0.0,0.0,0.0038872306811068304,0.06237474245428687,0.057046064109837,0.0,0.07702534170260607,0.0,0.0,0.057046064109837,0.0,0.0,0.0,0.0,0.057046064109837,0.0
2024-04-12,0.0,0.1033338938104511,0.0,0.07228123946376877,0.057536886105769194,0.022457157325203505,0.12331317140322016,0.0,0.0,0.008406012707353739,0.1033338938104511,0.0,0.019979277592769063,0.015250638057094427,0.0,0.0,0.13585020769314438,0.0,0.019979277592769063,0.0,0.0,0.007723126604695319,0.06239168380119313,0.057046064109837,0.0,0.07702534170260607,0.0,0.0,0.057046064109837,0.0,0.0,0.0,0.0,0.057046064109837,0.0
2024-04-19,0.0,0.11821274423863687,0.0,0.06959957506291316,0.0545809467565702,0.019979277592769063,0.12331317140322016,0.0,0.0,0.006390217964620938,0.1033338938104511,0.0,0.019979277592769063,0.012428604977947427,0.0,0.0,0.13606238163028,0.0,0.019979277592769063,0.0,0.0,0.006399454319706721,0.06157764302522921,0.057046064109837,0.0,0.07702534170260607,0.0,0.0,0.057046064109837,0.0,0.0,0.0,0.0,0.057046064109837,0.0
2024-04-26,0.09439581379777517,0.09878318953699716,0.0,0.06989063035777508,0.15353783308885777,0.02504637564987258,0.1490596322106429,0.0,0.0,0.005683469378665301,0.04276490774099863,0.0,0.02504637564987258,0.012488402474812062,0.0,0.0,0.12287793441765711,0.0,0.0,0.0,0.0,0.005177562254439507,0.056733832597253855,0.056733832597253855,0.0,0.02504637564987258,0.0,0.0,0.056733832597253855,0.0,0.0,0.0,0.0,0.0,0.0
2024-05-03,0.09439581379777517,0.09579207503560871,0.0,0.06639411385093728,0.15270952707378938,0.02504637564987258,0.1490596322106429,0.0,0.0,0.008861063732578625,0.04276490774099863,0.0,0.02504637564987258,0.013611693486820228,0.0,0.0,0.1262938650183225,0.0,0.0,0.0,0.0,0.004776683311147297,0.056733832597253855,0.056733832597253855,0.0,0.02504637564987258,0.0,0.0,0.056733832597253855,0.0,0.0,0.0,0.0,0.0,0.0
2024-05-10,0.09439581379777517,0.10480408467413041,0.0,0.06321072435167122,0.14695472943367682,0.03527926731262608,0.1490596322106429,0.0,0.0,0.0023652934787104585,0.04276490774099863,0.0,0.02504637564987258,0.013605453617767289,0.0,0.0,0.12521880105528305,0.0,0.0,0.0,0.0,0.0020470432352112954,0.056733832597253855,0.056733832597253855,0.0,0.02504637564987258,0.0,0.0,0.056733832597253855,0.0,0.0,0.0,0.0,0.0,0.0
2024-05-17,0.09439581379777517,0.10335342669021805,0.0,0.06321072435167122,0.1486409591556409,0.04561008705872198,0.1490596322106429,0.0,0.0,0.002565121603249784,0.04276490774099863,0.0,0.02504637564987258,0.010902176480741226,0.0,0.0,0.11920290181883339,0.0,0.0,0.0,0.0,0.0,0.056733832597253855,0.056733832597253855,0.0,0.02504637564987258,0.0,0.0,0.056733832597253855,0.0,0.0,0.0,0.0,0.0,0.0
2024-05-24,0.09439581379777517,0.10456084091288889,0.0,0.06321072435167122,0.1476198766689201,0.04611871768821875,0.1490596322106429,0.0,0.0,0.0014075854437138413,0.04276490774099863,0.0,0.02504637564987258,0.007566836173813421,0.0,0.0,0.12300081591985035,0.0,0.0,0.0,0.0,0.0,0.056733832597253855,0.056733832597253855,0.0,0.02504637564987258,0.0,0.0,0.056733832597253855,0.0,0.0,0.0,0.0,0.0,0.0
2024-05-31,0.0,0.14096358393764116,0.0,0.05499762479224099,0.002590820660742428,0.1976921172526811,0.13858223092756172,0.0,0.0,0.003341242274728452,0.03659786507352578,0.0,0.10198436585403595,0.008001003969176064,0.0,0.0,0.06761947917180461,0.0,0.012004147974245717,0.0,0.0,0.0,0.012004147974245717,0.05290430554078117,0.0,0.012004147974245717,0.0,0.05290430554078117,0.05290430554078117,0.05290430554078117,0.0,0.0,0.0,0.0,0.0
2024-06-07,0.0,0.13762841911855253,0.0,0.053051985520201524,0.003272378561984697,0.19712625859719368,0.13858223092756172,0.0,0.0,0.0,0.03659786507352578,0.0,0.10198436585403595,0.009418140833017865,0.0,0.0,0.06980180811418428,0.0,0.012004147974245717,0.0,0.0,0.0,0.012004147974245717,0.05290430554078117,0.0,0.01691102928812594,0.0,0.05290430554078117,0.05290430554078117,0.05290430554078117,0.0,0.0,0.0,0.0,0.0
2024-06-14,0.0,0.1375763729642519,0.0,0.057875276329410294,0.0,0.19642098760739768,0.13858223092756172,0.0,0.0,0.0,0.03659786507352578,0.0,0.10198436585403595,0.009008674441995218,0.0,0.0,0.06968207615539261,0.0,0.012004147974245717,0.0,0.0,0.003311945944898072,0.012004147974245717,0.05290430554078117,0.0,0.013334686589914792,0.0,0.05290430554078117,0.05290430554078117,0.05290430554078117,0.0,0.0,0.0,0.0,0.0
2024-06-21,0.0,0.12657808295331602,0.0,0.05831025172396338,0.0,0.19753605356417325,0.13858223092756172,0.0,0.0,0.0,0.03659786507352578,0.0,0.10198436585403595,0.011701725713331812,0.0,0.0,0.0707588067579916,0.0,0.012004147974245717,0.0,0.0,0.0018422561903428385,0.012004147974245717,0.05290430554078117,0.0,0.02048284313014162,0.0,0.05290430554078117,0.05290430554078117,0.05290430554078117,0.0,0.0,0.0,0.0,0.0
2024-06-28,0.0,0.1311810330514832,0.0,0.05449584588734282,0.0,0.18691717345280173,0.1368591849818476,0.0,0.0,0.0,0.030590006266274037,0.0,0.012944577664647525,0.013992614706371342,0.0,0.0,0.06779197063187478,0.0,0.012944577664647525,0.0,0.0,0.0017373227187136024,0.012944577664647525,0.0,0.0,0.1702006245738687,0.0,0.05580016357849319,0.05580016357849319,0.0,0.0,0.0,0.05580016357849319,0.0,0.0
2024-07-05,0.0,0.13465367436241077,0.0,0.05925968150694845,0.002095126905738229,0.1865144072136266,0.1368591849818476,0.0,0.0,0.0,0.030590006266274037,0.0,0.012944577664647525,0.010137255779146466,0.0,0.0,0.06476032932421164,0.0,0.012944577664647525,0.0,0.0,0.00682676763630728,0.012944577664647525,0.0,0.0,0.16206934229406678,0.0,0.05580016357849319,0.05580016357849319,0.0,0.0,0.0,0.05580016357849319,0.0,0.0
2024-07-12,0.0,0.13228612497909653,0.0,0.058134266770822875,0.0020276951637968298,0.18323874941864096,0.1368591849818476,0.0,0.0,0.0,0.030590006266274037,0.0,0.012944577664647525,0.013018498259094425,0.0,0.0,0.06809307555268682,0.0,0.012944577664647525,0.0,0.0,0.007448832584250981,0.012944577664647525,0.0,0.0,0.16206934229406678,0.0,0.05580016357849319,0.05580016357849319,0.0,0.0,0.0,0.05580016357849319,0.0,0.0
2024-07-19,0.0,0.13283879518079295,0.0,0.05276203041973988,0.0,0.18508624877771235,0.1368591849818476,0.0,0.0,0.0,0.030590006266274037,0.0,0.012944577664647525,0.015408579395323738,0.0,0.0,0.07167018422722994,0.0,0.012944577664647525,0.0,0.0,0.0,0.012944577664647525,0.0,0.0,0.16855074702165734,0.0,0.05580016357849319,0.05580016357849319,0.0,0.0,0.0,0.05580016357849319,0.0,0.0
2024-07-26,0.08185126294997402,0.09859900912911884,0.0,0.01844741857480619,0.0,0.159145311889947,0.11146484719526421,0.0,0.0,0.0,0.09593342935518373,0.0,0.0,0.01327380856820864,0.0,0.0,0.07687875238337043,0.0,0.015531417840080481,0.0,0.0,0.0,0.015531417840080481,0.0614569422410188,0.0,0.06751555530989081,0.0,0.0,0.0614569422410188,0.0,0.0,0.0614569422410188,0.0614569422410188,0.0,0.0
2024-08-02,0.08185126294997391,0.09593342935518373,0.0,0.01978958054606337,0.006702064847080918,0.16289776029163014,0.11146484719526421,0.0,0.0,0.001662618767171462,0.09593342935518373,0.0,0.0,0.013717239980912508,0.0,0.0,0.07572965809412151,0.0,0.015531417840080481,0.0,0.0,0.0014830185859777399,0.015531417840080481,0.0614569422410188,0.0,0.055944485387200524,0.0,0.0,0.0614569422410188,0.0,0.0,0.0614569422410188,0.0614569422410188,0.0,0.0
2024-08-09,0.08185126294997402,0.09885896289846607,0.0,0.02396183158301461,0.003236698630028789,0.16219407685173096,0.11146484719526421,0.0,0.0,0.0,0.09593342935518373,0.0,0.0,0.010978788279872847,0.0,0.0,0.07292512867617455,0.0,0.015531417840080481,0.0,0.0,0.0025181867275884183,0.015531417840080481,0.0614569422410188,0.0,0.05918618220846562,0.0,0.0,0.0614569422410188,0.0,0.0,0.0614569422410188,0.0614569422410188,0.0,0.0
2024-08-16,0.08185126294997402,0.09593342935518373,0.0,0.02060959064081734,0.00666864472358855,0.16121610021867358,0.11146484719526421,0.0,0.0,0.005166662674922963,0.09593342935518373,0.0,0.0,0.009396998489956808,0.0,0.0,0.06998710926798427,0.0,0.015531417840080481,0.0,0.0,0.003135883860683306,0.015531417840080481,0.0614569422410188,0.0,0.061745436623531366,0.0,0.0,0.0614569422410188,0.0,0.0,0.0614569422410188,0.0614569422410188,0.0,0.0
2024-08-23,0.08185126294997402,0.09707332941308196,0.0,0.015531417840080481,0.004142803927155498,0.16266963620466232,0.11146484719526421,0.0,0.0,0.00668566580822897,0.09593342935518373,0.0,0.0,0.011786198143842045,0.0,0.0,0.07207865479388087,0.0,0.015531417840080481,0.0,0.0,0.0010682417481548176,0.022410840429134868,0.0614569422410188,0.0,0.055944485387200524,0.0,0.0,0.0614569422410188,0.0,0.0,0.0614569422410188,0.0614569422410188,0.0,0.0
2024-08-30,0.18138946303668368,0.09552608935083289,0.0,0.05106090039290888,0.0,0.15700798158059534,0.10779854048115609,0.0,0.0,0.010376463045516312,0.09341969025544916,0.0,0.0,0.00729332754032602,0.0,0.0,0.06493702247026382,0.0,0.014378850225706922,0.0,0.0,0.0,0.022411484163158156,0.06000711241056522,0.0,0.07438596263627215,0.0,0.0,0.06000711241056522,0.0,0.0,0.0,0.0,0.0,0.0
2024-09-06,0.1813894630366838,0.09341969025544916,0.0,0.05106090039290888,0.0,0.16112724164708847,0.10779854048115609,0.0,0.0,0.0019474979680602343,0.09533280525126159,0.0,0.0,0.004067746678196251,0.0,0.0,0.06361050624280863,0.0,0.018836257872583823,0.0,0.0,0.0,0.027009162716400484,0.06000711241056522,0.0,0.07438596263627215,0.0,0.0,0.06000711241056522,0.0,0.0,0.0,0.0,0.0,0.0
2024-09-13,0.1813894630366838,0.09782128472971505,0.0,0.05106090039290888,0.0,0.1616373555241797,0.10779854048115609,0.0,0.0,0.0020189970515691294,0.09341969025544916,0.0,0.0,0.0026864728103508317,0.0,0.0,0.06344593688402331,0.0,0.014378850225706922,0.0,0.0,0.0,0.02784367254318138,0.06000711241056522,0.0,0.07648461124394527,0.0,0.0,0.06000711241056522,0.0,0.0,0.0,0.0,0.0,0.0
2024-09-20,0.18138946303668368,0.09341969025544916,0.0,0.05106090039290888,0.0,0.16371713778477864,0.10779854048115609,0.0,0.0,0.002259077966491382,0.09341969025544916,0.0,0.0,0.007641773294010341,0.0,0.0,0.06632129538344328,0.0,0.014378850225706922,0.0,0.0,0.0,0.021875864522251216,0.06000711241056522,0.0,0.07670349158054068,0.0,0.0,0.06000711241056522,0.0,0.0,0.0,0.0,0.0,0.0
2024-09-27,0.1221669165266952,0.0,0.0,0.016001913260441595,0.0006856405695766984,0.1602066862662885,0.10834344938930071,0.0,0.0,0.0051540681530527575,0.09427482720001305,0.0,0.0,0.005827395252157577,0.0,0.0,0.060256222329353376,0.0,0.014068622189287654,0.0,0.0,0.0,0.21635698261355601,0.0,0.0,0.014068622189287654,0.0,0.0,0.0,0.0,0.0,0.060862884686996396,0.060862884686996396,0.060862884686996396,0.0
2024-10-04,0.1221669165266952,0.0025162259348389627,0.0,0.01618602076798389,0.0,0.16188189435860179,0.10834344938930071,0.0,0.0,0.0021778170690257277,0.09427482720001305,0.0,0.0,0.004304700166549128,0.0,0.0,0.06039884330675567,0.0,0.014068622189287654,0.0,0.0,0.0,0.2170234068406714,0.0,0.0,0.014068622189287654,0.0,0.0,0.0,0.0,0.0,0.060862884686996396,0.060862884686996396,0.060862884686996396,0.0
2024-10-11,0.1221669165266952,0.0014421309306967582,0.0,0.014906141608438702,0.0,0.15670520161017065,0.10834344938930071,0.0,0.0,0.001142129728797076,0.10123872950095306,0.0,0.0,0.0,0.0,0.0,0.056254757057172214,0.0,0.022738095021119915,0.0,0.0,0.0,0.21840517237637885,0.0,0.0,0.014068622189287654,0.0,0.0,0.0,0.0,0.0,0.060862884686996396,0.060862884686996396,0.060862884686996396,0.0
2024-10-18,0.12216691652669509,0.0029088889426186868,0.0,0.014068622189287654,0.0,0.15784932697141024,0.10834344938930071,0.0,0.0,0.004146185180563646,0.09427482720001305,0.0,0.0,0.0021384998431871944,0.0,0.0,0.05932514189776093,0.0,0.01595274322988087,0.0,0.0,0.0,0.22216812237900496,0.0,0.0,0.014068622189287654,0.0,0.0,0.0,0.0,0.0,0.060862884686996396,0.060862884686996396,0.060862884686996396,0.0
2024-10-25,0.12214040285035599,0.0,0.0,0.015608537883221935,0.0,0.15768708694277886,0.013768202539027967,0.0,0.0,0.004419286492579521,0.0942550789316541,0.0,0.0,0.0054746890958318195,0.0,0.0,0.06214985652242782,0.0,0.10802328147068206,0.0,0.0,0.0009311282857997058,0.22100191212489906,0.0,0.0,0.013768202539027967,0.0,0.0,0.0,0.0,0.0,0.06025744477390442,0.06025744477390442,0.06025744477390442,0.0
2024-11-01,0.12214040285035599,0.003212360932378078,0.0,0.014737926783672807,0.0,0.15877833047975945,0.013768202539027967,0.0,0.0,0.0,0.0942550789316541,0.0,0.0,0.004261841136730404,0.0,0.0,0.0592287043503431,0.0,0.10802328147068206,0.0,0.0,0.0,0.21939525845231367,0.0,0.0,0.021426277751369155,0.0,0.0,0.0,0.0,0.0,0.06025744477390442,0.06025744477390442,0.06025744477390442,0.0
2024-11-08,0.12214040285035599,0.0014274527098787953,0.0,0.013768202539027967,0.0,0.16244189523147215,0.013768202539027967,0.0,0.0,0.0006304320881366556,0.0942550789316541,0.0,0.0,0.004376833574298006,0.0,0.0,0.06024554934082855,0.0,0.10802328147068206,0.0,0.0,0.0,0.21227567453764717,0.0,0.0,0.025874659865277417,0.0,0.0,0.0,0.0,0.0,0.06025744477390442,0.06025744477390442,0.06025744477390442,0.0
2024-11-15,0.12214040285035588,0.0016358542993191397,0.0,0.013768202539027967,0.0,0.16269520970690513,0.013768202539027967,0.0,0.0,0.0019770883397813087,0.0942550789316541,0.0,0.0,0.0045947138019448944,0.0,0.0,0.06187898358090707,0.0,0.10802328147068206,0.0,0.0,0.0,0.21379566254731014,0.0,0.0,0.02069498507137106,0.0,0.0,0.0,0.0,0.0,0.06025744477390442,0.06025744477390442,0.06025744477390442,0.0
2024-11-22,0.12214040285035599,0.005090333896859839,0.0,0.013768202539027967,0.0,0.1602212969232846,0.013768202539027967,0.0,0.0,0.0019030388076008021,0.0942550789316541,0.0,0.0,0.006005139923933128,0.0,0.0,0.06051969910866625,0.0,0.10802328147068206,0.0,0.0,0.0,0.21878279971703635,0.0,0.0,0.014750188970157724,0.0,0.0,0.0,0.0,0.0,0.06025744477390442,0.06025744477390442,0.06025744477390442,0.0
2024-11-29,0.12462332697568046,0.001637378704443781,0.06375390236120157,0.0,0.0,0.1616796445143317,0.04909552320015471,0.0,0.0,0.0018248811499047865,0.09221286996760769,0.0,0.0,0.005089085518528763,0.0,0.0,0.06459933421278126,0.0,0.0,0.0,0.0,0.0,0.22303987316118049,0.0,0.0,0.14869027787298325,0.0,0.0,0.0,0.0,0.0,0.0,0.06375390236120157,0.0,0.0
2024-12-06,0.12462332697568046,0.005869829587624688,0.06375390236120157,0.0,0.0,0.1623369285104344,0.04909552320015471,0.0,0.0,0.0006318325869710504,0.09221286996760769,0.0,0.0,0.006696471734275428,0.0,0.0,0.06493991611713343,0.0,0.0,0.0,0.0,0.0,0.21533192078662147,0.0,0.0,0.15075357581109353,0.0,0.0,0.0,0.0,0.0,0.0,0.06375390236120157,0.0,0.0
2024-12-13,0.12462332697568046,0.0018925929628933837,0.06375390236120157,0.0,0.0,0.15605453367554956,0.04909552320015471,0.0,0.0,0.009886983170880215,0.09221286996760769,0.0,0.0,0.009460628888354361,0.0,0.0,0.06637864217704603,0.0,0.0,0.0,0.0,0.0,0.21470478005353058,0.0,0.0,0.1481823142058999,0.0,0.0,0.0,0.0,0.0,0.0,0.06375390236120157,0.0,0.0
2024-12-20,0.12462332697568046,0.008459295388994228,0.06375390236120157,0.0,0.0,0.15395343730122563,0.04909552320015471,0.0,0.0,0.007853168770184585,0.09221286996760769,0.0,0.0,0.008907732545202423,0.0,0.0,0.06925617625783126,0.0,0.0,0.0,0.0,0.0,0.21332556439676645,0.0,0.0,0.14480510047394946,0.0,0.0,0.0,0.0,0.0,0.0,0.06375390236120157,0.0,0.0
2024-12-27,0.12366092033425957,0.07089768625850242,0.0,0.0,0.0,0.16159424616131032,0.04834142565767934,0.0,0.0,0.009173242362184603,0.03026173159165736,0.0,0.0,0.003266378648855512,0.0,0.0,0.06253339735593262,0.0,0.0,0.0,0.0,0.0,0.18238278955573478,0.06394130355037948,0.0,0.11606427142274504,0.0,0.0,0.06394130355037948,0.0,0.0,0.0,0.06394130355037948,0.0,0.0
2025-01-03,0.12366092033425957,0.07343160813631701,0.0,0.0,0.0,0.15563952722928223,0.04834142565767934,0.0,0.0,0.00825040266127889,0.03026173159165736,0.0,0.0,0.0048408068213362685,0.0,0.0,0.0645253357641385,0.0,0.0,0.0,0.0,0.0,0.18316005973016733,0.06394130355037948,0.0,0.11606427142274504,0.0,0.0,0.06394130355037948,0.0,0.0,0.0,0.06394130355037948,0.0,0.0
2025-01-10,0.12366092033425957,0.07369494870769702,0.0,0.0,0.0,0.15027946881844215,0.05191636991820314,0.0,0.0,0.00785918960327612,0.03026173159165736,0.0,0.0,0.008876631934765195,0.0,0.0,0.06253883947809716,0.0,0.0,0.0,0.0,0.0,0.18302371753971877,0.06394130355037948,0.0,0.11606427142274504,0.0,0.0,0.06394130355037948,0.0,0.0,0.0,0.06394130355037948,0.0,0.0
2025-01-17,0.12366092033425957,0.07528057313000447,0.0,0.0,0.0,0.15346589512676814,0.04834142565767934,0.0,0.0,0.006215911603254669,0.03026173159165736,0.0,0.0,0.010084563269216753,0.0,0.0,0.06367602168379383,0.0,0.0,0.0,0.0,0.0,0.1811247755294824,0.06394130355037948,0.0,0.11606427142274504,0.0,0.0,0.06394130355037948,0.0,0.0,0.0,0.06394130355037948,0.0,0.0
2025-01-24,0.12366092033425957,0.07295293426960758,0.0,0.0,0.0,0.15362061596774548,0.0594706183050252,0.0,0.0,0.0032368653359929273,0.03026173159165736,0.0,0.0,0.008317522693727807,0.0,0.0,0.061427340839807526,0.0,0.0,0.0,0.0,0.0,0.17693428206310566,0.06394130355037948,0.0,0.11829325794793243,0.0,0.0,0.06394130355037948,0.0,0.0,0.0,0.06394130355037948,0.0,0.0
2025-01-31,0.04156384979786365,0.12967261485661494,0.0,0.012295898877063815,0.0,0.17461639400111542,0.13442495275453664,0.0,0.0,0.003927350309978591,0.029774608598422382,0.0,0.012295898877063815,0.011092896287045408,0.0,0.0,0.06001745531639303,0.0,0.0,0.0,0.0,0.0,0.012295898877063815,0.0,0.0,0.19741435432129328,0.0,0.0,0.0,0.0,0.0,0.06020260904184838,0.06020260904184838,0.0,0.06020260904184838
2025-02-07,0.04156384979786365,0.13385685042154577,0.0,0.012295898877063815,0.0,0.1751094016200118,0.13078220931417892,0.0,0.0,0.005563886247893298,0.029774608598422382,0.0,0.012295898877063815,0.010894324385659529,0.0,0.0,0.05859583438722719,0.0,0.0,0.0,0.0,0.0,0.013195331705759981,0.0,0.0,0.19546407864176463,0.0,0.0,0.0,0.0,0.0,0.06020260904184838,0.06020260904184838,0.0,0.06020260904184838
2025-02-14,0.04156384979786376,0.1324460684973091,0.0,0.012295898877063815,0.0,0.17735466472168,0.14396227335477096,0.0,0.0,0.0,0.029774608598422382,0.0,0.013123092465482841,0.007937555166424672,0.0,0.0,0.0531741838766089,0.0,0.0,0.0,0.0,0.0,0.012295898877063815,0.0,0.0,0.19546407864176463,0.0,0.0,0.0,0.0,0.0,0.06020260904184838,0.06020260904184838,0.0,0.06020260904184838
2025-02-21,0.04156384979786365,0.13622634500917463,0.0,0.012295898877063815,0.0,0.17826661122325227,0.13078220931417892,0.0,0.0,0.0014590552984456646,0.029774608598422382,0.0,0.012295898877063815,0.011710511359838636,0.0,0.0,0.05725720700032256,0.0,0.0,0.0,0.0,0.0,0.012295898877063815,0.0,0.0,0.19546407864176463,0.0,0.0,0.0,0.0,0.0,0.06020260904184838,0.06020260904184838,0.0,0.06020260904184838
2025-02-28,0.27571129100194125,0.07600032331781342,0.0,0.013228663849143268,0.0,0.12328155730528216,0.07730772084195843,0.0,0.0,0.0014153090357957837,0.028801680649418397,0.0,0.044393307227983556,0.009301195644702435,0.0,0.0,0.061467443337418326,0.0,0.0,0.0,0.0,0.0,0.10644352711419042,0.0,0.0,0.06970176945754636,0.0,0.0,0.0,0.0,0.0,0.0,0.056473105608403094,0.0,0.056473105608403094
2025-03-07,0.27571129100194125,0.075472038511322,0.0,0.013228663849143268,0.0,0.12333982994060726,0.08073414558211887,0.0,0.0,0.0006788768482069004,0.028801680649418397,0.0,0.044393307227983556,0.008494080712044728,0.0,0.0,0.0600545778886708,0.0,0.0,0.0,0.0,0.0,0.10644352711419042,0.0,0.0,0.06970176945754636,0.0,0.0,0.0,0.0,0.0,0.0,0.056473105608403094,0.0,0.056473105608403094
2025-03-14,0.27571129100194125,0.07402780633444805,0.0,0.013228663849143268,0.0,0.12722957032866544,0.07319498787740195,0.0,0.0,0.0015402573147546199,0.028801680649418397,0.0,0.044393307227983556,0.010154167228080942,0.0,0.0,0.06158613664063599,0.0,0.0,0.0,0.0,0.0,0.10644352711419042,0.0,0.0,0.07074239321652989,0.0,0.0,0.0,0.0,0.0,0.0,0.056473105608403094,0.0,0.056473105608403094
2025-03-21,0.5016037134355537,0.0728761111850893,0.0,0.013228663849143268,0.0,0.12584806591507688,0.07319498787740195,0.0,0.0,0.0028597821761818863,0.028801680649418397,0.0,0.044393307227983556,0.010335969820740669,0.0,0.0,0.06074904208305042,0.0,0.0,0.0,0.0,0.0,0.049970421505787316,0.0,0.0,0.01613825427457272,0.0,0.0,0.0,0.0,0.0,0.0,0.0,0.0,0.0
2025-03-28,0.7946225656005981,0.030079499578353514,0.0,0.008860464964530735,0.0,0.05327559062142799,0.03281078371571333,0.0,0.0,0.0,0.01161677665641208,0.0,0.021560251646042854,0.0029536019447281812,0.0,0.0,0.01766911578214135,0.0,0.0,0.0,0.0,0.0,0.0012790510739558974,0.0,0.0,0.025272298416095948,0.0,0.0,0.0,0.0,0.0,0.0,0.0,0.0,0.0
2025-04-04,0.7946225656005981,0.03140227262704745,0.0,0.008350912661013635,0.0,0.05329875229639115,0.03641105304914018,0.0,0.0,0.0,0.01161677665641208,0.0,0.021194007059301252,0.000567814592493691,0.0,0.0,0.01633217786245706,0.0,0.0,0.0,0.0,0.0,0.0038863651863595057,0.0,0.0,0.022317302408785884,0.0,0.0,0.0,0.0,0.0,0.0,0.0,0.0,0.0
2025-04-11,0.7946225656005981,0.029960401810655506,0.0,0.010866685890055645,0.0,0.05162954279725852,0.03738881663845154,0.0,0.0,0.0,0.01161677665641208,0.0,0.021194007059301252,0.0,0.0,0.0,0.014306818963076725,0.0,0.0,0.0,0.0,0.0025149220546574727,0.0027172207787083376,0.0,0.0,0.023182241750824815,0.0,0.0,0.0,0.0,0.0,0.0,0.0,0.0,0.0
2025-04-18,0.7946225656005981,0.02882977012117744,0.0,0.010704618853747842,0.0007297110989088583,0.05143397230619176,0.03776015648928467,0.0,0.0,0.0,0.01161677665641208,0.0,0.021194007059301252,0.0,0.0,0.0,0.014306818963076725,0.0,0.0,0.0,0.0,0.002365072980793882,0.001628852788713007,0.0,0.0,0.024807677081794363,0.0,0.0,0.0,0.0,0.0,0.0,0.0,0.0,0.0
2025-04-25,0.7852736863564427,0.0073765993719336195,0.0,0.017539344977807902,0.00211294159585309,0.04611656193363119,0.044828138447516465,0.0,0.0,0.0,0.024983733102824996,0.0,0.0,0.0,0.0,0.0,0.0,0.0,0.0,0.0,0.0,0.0037116267939384176,0.03913573174915403,0.0,0.0,0.028921635670897568,0.0,0.0,0.0,0.0,0.0,0.0,0.0,0.0,0.0
2025-05-02,0.7852736863564427,0.009261589667547783,0.0,0.01903208217135436,0.0011085354092315953,0.04837883423229689,0.03956252659529802,0.0,0.0,0.0,0.024235952117107017,0.0,0.0,0.0,0.0,0.0,0.0,0.0,0.0,0.0,0.0,0.004689400861112266,0.03872282389760376,0.0,0.0,0.029734568692005574,0.0,0.0,0.0,0.0,0.0,0.0,0.0,0.0,0.0
2025-05-09,0.7852736863564427,0.009064707004480104,0.0,0.013718008396612103,0.0,0.04713629462902214,0.04371790919977763,0.0,0.0,0.0,0.03261058882857893,0.0,0.0005105518115880427,0.0,0.0,0.0,0.0,0.0,0.005059286898096098,0.0,0.0,0.0,0.037789193274731674,0.0,0.0,0.025119773600670574,0.0,0.0,0.0,0.0,0.0,0.0,0.0,0.0,0.0
2025-05-16,0.7852736863564427,0.01167352697767924,0.0,0.01684940056370896,0.0,0.04989234240949642,0.04374797044076653,0.0,0.0,0.0,0.026844721158313017,0.0,0.0,0.0,0.0,0.0,0.0,0.0,0.0,0.0,0.0,0.0022074273796084095,0.037789193274731674,0.0,0.0,0.025721731439253017,0.0,0.0,0.0,0.0,0.0,0.0,0.0,0.0,0.0
2025-05-23,0.6859228124340554,0.010945926424334446,0.024837718480596835,0.018234017494732926,0.0007548783127106542,0.048646197449658986,0.044539127422140654,0.0,0.0,0.0,0.025353619176467106,0.0,0.0,0.0,0.0,0.0,0.0,0.0,0.0,0.0,0.0,0.0033435804881102593,0.0626269117553285,0.0,0.0,0.04995749208126741,0.0,0.0,0.0,0.0,0.0,0.0,0.024837718480596835,0.0,0.0
2025-05-30,0.6551471895456955,0.02362304720803164,0.0,0.014039420775015705,0.003637190052073839,0.06617576094372714,0.06573403458166602,0.0,0.0,0.0,0.038146693343339845,0.0,0.0,0.0,0.0,0.0,0.008396693680399048,0.0,0.02259831697945411,0.0,0.0,0.005503756575199294,0.03856900215548542,0.0,0.0,0.008396693680399048,0.0,0.0,0.0,0.0,0.0,0.0250161002397567,0.0250161002397567,0.0,0.0
2025-06-06,0.6551471895456955,0.022597018264175536,0.0,0.014878864889349072,0.0029057902473821604,0.06623730635242189,0.06257332727838956,0.0,0.0,0.0,0.035936213676068134,0.0,0.0,0.0,0.0,0.0,0.008396693680399048,0.0,0.02259831697945411,0.0,0.0,0.005920638909880811,0.03856900215548542,0.0,0.0,0.014207437541785361,0.0,0.0,0.0,0.0,0.0,0.0250161002397567,0.0250161002397567,0.0,0.0
2025-06-13,0.6551471895456955,0.024364041782937478,0.0,0.014186469374151845,0.002662532208962648,0.0677353418588933,0.06173055270956211,0.0,0.0,0.0,0.035936213676068134,0.0,0.0,0.0,0.0,0.0,0.008396693680399048,0.0,0.02259831697945411,0.0,0.0,0.0055622290344293085,0.03856900215548542,0.0,0.0,0.013079216514447729,0.0,0.0,0.0,0.0,0.0,0.0250161002397567,0.0250161002397567,0.0,0.0
2025-06-20,0.6551471895456955,0.020807840346172907,0.0,0.015454036768713625,0.001952025928588473,0.06834653463833283,0.05998290789749363,0.0,0.0,0.0,0.035936213676068134,0.0,0.0,0.002115642539374963,0.0,0.0,0.00994782653981984,0.0,0.02259831697945411,0.0,0.0,0.006244138468330704,0.03856900215548542,0.0,0.0,0.012866124036956483,0.0,0.0,0.0,0.0,0.0,0.0250161002397567,0.0250161002397567,0.0,0.0
2025-06-27,0.10874838110783236,0.053695986416162314,0.05476045621361397,0.05979485089209313,0.004509507272322663,0.16488610398503326,0.12320774883185298,0.0,0.0,0.0,0.044106216760264244,0.0,0.017028779876283828,0.0019737582130341697,0.0,0.0,0.017028779876283828,0.0,0.0,0.0,0.0,0.07236439158602459,0.05476045621361397,0.0,0.0,0.1683741265419707,0.0,0.0,0.0,0.0,0.0,0.0,0.05476045621361397,0.0,0.0
2025-07-04,0.10874838110783236,0.05165674084810083,0.05476045621361397,0.06094905992956766,0.0081070783482745,0.16610163841174433,0.11990084801835897,0.0,0.0,0.0,0.044106216760264244,0.0,0.017028779876283828,0.004971528280699902,0.0,0.0,0.017892818423257312,0.0,0.0,0.0,0.0,0.07349316492674227,0.05476045621361397,0.0,0.0,0.16276237642803187,0.0,0.0,0.0,0.0,0.0,0.0,0.05476045621361397,0.0,0.0
2025-07-11,0.10874838110783236,0.051765328782522844,0.05476045621361397,0.06019044906762214,0.006587433648416536,0.16641784984242297,0.11990084801835897,0.0,0.0,0.0,0.044106216760264244,0.0,0.017028779876283828,0.006546493449237733,0.0,0.0,0.018800865207769763,0.0,0.0,0.0,0.0,0.0727002000411613,0.05476045621361397,0.0,0.0,0.1629257855572654,0.0,0.0,0.0,0.0,0.0,0.0,0.05476045621361397,0.0,0.0
2025-07-18,0.10874838110783247,0.04567905867587184,0.05476045621361397,0.05962341816959221,0.006791147513404112,0.1669164701994996,0.11990084801835897,0.0,0.0,0.0,0.044106216760264244,0.0,0.017028779876283828,0.003781819275515415,0.0,0.0,0.0188846197675653,0.0,0.0,0.0,0.0,0.07429147952799907,0.05476045621361397,0.0,0.0,0.1699663924669711,0.0,0.0,0.0,0.0,0.0,0.0,0.05476045621361397,0.0,0.0
2025-07-25,0.1388192108507036,0.04797504865852107,0.0,0.15798330302677532,0.002023970045429954,0.1623330343906973,0.12216534849977295,0.0,0.0,0.0,0.04797504865852107,0.0,0.018771262760576942,0.0049500436745626205,0.0,0.0,0.019367020869755936,0.0,0.0,0.0,0.0,0.11636313508705591,0.06509881857112679,0.0,0.0,0.048925032009960026,0.0,0.0,0.0,0.0,0.0,0.0,0.0472497228965405,0.0,0.0
2025-08-01,0.1388192108507036,0.04797504865852107,0.0,0.15635490774320893,0.0035963370036227525,0.16082959034816754,0.12503152997484993,0.0,0.0,0.0,0.04797504865852107,0.0,0.01784909567458628,0.004974687385732889,0.0,0.0,0.0198693580611567,0.0,0.0,0.0,0.0,0.11452358480596785,0.06509881857112679,0.0,0.0,0.0498530593672941,0.0,0.0,0.0,0.0,0.0,0.0,0.0472497228965405,0.0,0.0
2025-08-08,0.1388192108507037,0.04797504865852107,0.0,0.15456026247908589,0.002770496085879671,0.1635376707965054,0.12216534849977295,0.0,0.0,0.0,0.04797504865852107,0.0,0.01784909567458628,0.007171045830059155,0.0,0.0,0.020245408286083837,0.0,0.0,0.0,0.0,0.11545489625996475,0.06509881857112679,0.0,0.0,0.049127926452649046,0.0,0.0,0.0,0.0,0.0,0.0,0.0472497228965405,0.0,0.0
2025-08-15,0.1388192108507036,0.04797504865852107,0.0,0.15720914526081015,0.0013739276920682376,0.1618132043535114,0.12216534849977295,0.0,0.0,0.0,0.04797504865852107,0.0,0.01784909567458628,0.0059135155317163735,0.0,0.0,0.021846566588127482,0.0,0.0,0.0,0.0,0.1155462750060502,0.06509881857112679,0.0,0.0,0.04916507175794389,0.0,0.0,0.0,0.0,0.0,0.0,0.0472497228965405,0.0,0.0
2025-08-22,0.1388192108507037,0.04797504865852107,0.0,0.1540678096720245,0.0014346781708522455,0.16247749127649222,0.12216534849977295,0.0,0.0,0.0,0.04797504865852107,0.0,0.01784909567458628,0.004835097194038455,0.0,0.0,0.02037149223386262,0.0,0.0,0.0,0.0,0.11514019698074322,0.06509881857112679,0.0,0.0,0.05454094066221449,0.0,0.0,0.0,0.0,0.0,0.0,0.0472497228965405,0.0,0.0
2025-08-29,0.0,0.0,0.04781589954527035,0.08375143612957159,0.0025315042476733527,0.1851077747514967,0.0774513700007576,0.0,0.0,0.0,0.05103139938188086,0.0,0.1376857722261884,0.006697910216348107,0.0,0.0,0.05967162349691775,0.0,0.026419970618876732,0.0,0.0,0.12275801747248942,0.026419970618876732,0.0,0.0,0.1726573512936524,0.0,0.0,0.0,0.0,0.0,0.0,0.0,0.0,0.0
2025-09-05,0.0,0.0,0.04781589954527035,0.08021163659758415,0.002344027545467729,0.18482223117690266,0.08143895262467438,0.0,0.0,0.0,0.05103139938188086,0.0,0.1376857722261884,0.007887952326089916,0.0,0.0,0.05945959679314952,0.0,0.026419970618876732,0.0,0.0,0.11758124724448461,0.026419970618876732,0.0,0.0,0.17688134330055394,0.0,0.0,0.0,0.0,0.0,0.0,0.0,0.0,0.0
2025-09-12,0.0,0.0,0.04781589954527035,0.07897434947116869,0.005915114631817991,0.1840521826153004,0.08137007086350898,0.0,0.0,0.0,0.05103139938188086,0.0,0.1376857722261884,0.009118168875245785,0.0,0.0,0.05932757579147782,0.0,0.026419970618876732,0.0,0.0,0.11812537161258806,0.026419970618876732,0.0,0.0,0.17374415374779922,0.0,0.0,0.0,0.0,0.0,0.0,0.0,0.0,0.0
2025-09-19,0.0,0.0,0.04781589954527035,0.08206903171110597,0.008405602916270837,0.18193948635177556,0.0774513700007576,0.0,0.0,0.0008982815050836772,0.05103139938188086,0.0,0.1376857722261884,0.01018342874518607,0.0,0.0,0.059445771948467147,0.0,0.026419970618876732,0.0,0.0,0.11845821552346203,0.026419970618876732,0.0,0.0,0.171775798906798,0.0,0.0,0.0,0.0,0.0,0.0,0.0,0.0,0.0
2025-09-26,0.11430135342021952,0.0511296155741153,0.04132476016058695,0.06410835750985941,0.007088709165286155,0.158338339020397,0.11725275068563289,0.0,0.0,0.0016492483256794837,0.0511296155741153,0.0,0.026855227475505835,0.0050669497483807995,0.0,0.0,0.030327544974474825,0.0,0.026855227475505835,0.0,0.0,0.09400639869559978,0.026855227475505835,0.0,0.0,0.1423859145585482,0.0,0.0,0.0,0.0,0.0,0.0,0.04132476016058695,0.0,0.0
2025-10-03,0.11430135342021952,0.0511296155741153,0.04132476016058695,0.06300593033927025,0.005869520545086388,0.15639713227155677,0.11725275068563289,0.0,0.0,0.0019908356473246785,0.0511296155741153,0.0,0.026855227475505835,0.008972839675965641,0.0,0.0,0.03102709338215824,0.0,0.026855227475505835,0.0,0.0,0.09449752006654155,0.026855227475505835,0.0,0.0,0.14121059007032213,0.0,0.0,0.0,0.0,0.0,0.0,0.04132476016058695,0.0,0.0
2025-10-10,0.11430135342021952,0.0511296155741153,0.04132476016058695,0.06271460992183749,0.00901225212722301,0.15679700780048195,0.11725275068563289,0.0,0.0,0.0026229242006046527,0.0511296155741153,0.0,0.026855227475505835,0.010070996545955472,0.0,0.0,0.031011816355620038,0.0,0.026855227475505835,0.0,0.0,0.09177624673997098,0.026855227475505835,0.0,0.0,0.13896560830653204,0.0,0.0,0.0,0.0,0.0,0.0,0.04132476016058695,0.0,0.0
2025-10-17,0.11430135342021952,0.0511296155741153,0.04132476016058695,0.059709722798000714,0.009733662730337796,0.1562605011928983,0.11725275068563289,0.0,0.0,0.0035285127413142324,0.0511296155741153,0.0,0.026855227475505835,0.007934640828784104,0.0,0.0,0.03225639298657741,0.0,0.026855227475505835,0.0,0.0,0.08970146769639381,0.026855227475505835,0.0,0.0,0.1438465610239193,0.0,0.0,0.0,0.0,0.0,0.0,0.04132476016058695,0.0,0.0
2025-10-24,0.11430135342021941,0.0511296155741153,0.04132476016058695,0.06001994898688054,0.008335432082479083,0.15569252123518013,0.11725275068563289,0.0,0.0,0.003603123272063963,0.0511296155741153,0.0,0.026855227475505835,0.010722734454898485,0.0,0.0,0.03263547198525274,0.0,0.026855227475505835,0.0,0.0,0.08885720081983667,0.026855227475505835,0.0,0.0,0.1431050291616341,0.0,0.0,0.0,0.0,0.0,0.0,0.04132476016058695,0.0,0.0
2025-10-31,0.09950393076680764,0.05226226080999163,0.041559256738204854,0.10164219114785855,0.04874482937349783,0.1584012254116682,0.12020183802150756,0.0,0.0,0.0034523818917234074,0.09342281303033503,0.0,0.026779024991172528,0.010485041160862955,0.0,0.0,0.03246852313385203,0.0,0.026779024991172528,0.0,0.0,0.09184918408305047,0.026779024991172528,0.0,0.0,0.06566944945712228,0.0,0.0,0.0,0.0,0.0,0.0,0.0,0.0,0.0
2025-11-07,0.09950393076680752,0.05226226080999163,0.041559256738204854,0.10233122007887177,0.04760868216966943,0.15795212316321766,0.12020183802150756,0.0,0.0,0.004789939933123293,0.09342281303033503,0.0,0.026779024991172528,0.008472395273739618,0.0,0.0,0.032031080549520675,0.0,0.026779024991172528,0.0,0.0,0.09453591295148023,0.026779024991172528,0.0,0.0,0.06499147154001306,0.0,0.0,0.0,0.0,0.0,0.0,0.0,0.0,0.0
2025-11-14,0.09950393076680764,0.05226226080999163,0.041559256738204854,0.10314759524745032,0.045960359913845956,0.158456445123983,0.12020183802150756,0.0,0.0,0.0032089738571164225,0.09342281303033503,0.0,0.026779024991172528,0.00981893880759639,0.0,0.0,0.032755859858006886,0.0,0.026779024991172528,0.0,0.0,0.09527399310148815,0.026779024991172528,0.0,0.0,0.0640906597501486,0.0,0.0,0.0,0.0,0.0,0.0,0.0,0.0,0.0
2025-11-21,0.09950393076680752,0.05226226080999163,0.041559256738204854,0.10266260561886675,0.04849349802882671,0.15912445214134616,0.12020183802150756,0.0,0.0,0.0033745314296755027,0.09342281303033503,0.0,0.026779024991172528,0.008512298877948302,0.0,0.0,0.032880436002069656,0.0,0.026779024991172528,0.0,0.0,0.09351773117393641,0.026779024991172528,0.0,0.0,0.06414727238696624,0.0,0.0,0.0,0.0,0.0,0.0,0.0,0.0,0.0
2025-11-28,0.19082037081155745,0.0,0.0407777189439207,0.10054915914718687,0.005833003858113259,0.13871851572334581,0.07902400807722423,0.0,0.0,0.0032507908597549065,0.07286711846514402,0.0,0.02586043449164295,0.011029046536520197,0.0,0.0,0.03307371535189239,0.0,0.09872755295678697,0.0,0.0,0.06949244669060249,0.02586043449164295,0.0,0.0,0.10411568359466478,0.0,0.0,0.0,0.0,0.0,0.0,0.0,0.0,0.0
2025-12-05,0.19082037081155745,0.0,0.0407777189439207,0.09957258112115093,0.006549179792110689,0.13858437528262918,0.07902400807722423,0.0,0.0,0.004148527014273406,0.07286711846514402,0.0,0.02586043449164295,0.011077832633852534,0.0,0.0,0.03431454835533058,0.0,0.09872755295678697,0.0,0.0,0.06848198834754989,0.02586043449164295,0.0,0.0,0.10333332921518354,0.0,0.0,0.0,0.0,0.0,0.0,0.0,0.0,0.0
2025-12-12,0.19082037081155745,0.0,0.0407777189439207,0.09900775496674302,0.007077469524590219,0.13988673505180133,0.07902400807722423,0.0,0.0,0.002731520030040999,0.07286711846514402,0.0,0.02586043449164295,0.011673261287975498,0.0,0.0,0.033647626405041264,0.0,0.09872755295678697,0.0,0.0,0.06804649752895896,0.02586043449164295,0.0,0.0,0.10399149696692939,0.0,0.0,0.0,0.0,0.0,0.0,0.0,0.0,0.0
2025-12-19,0.19082037081155745,0.0,0.0407777189439207,0.09987075729734701,0.007575573195692772,0.13969461269262234,0.07902400807722423,0.0,0.0,0.0017149807584880123,0.07286711846514402,0.0,0.02586043449164295,0.01112738533976175,0.0,0.0,0.03452680366801854,0.0,0.09872755295678697,0.0,0.0,0.06886253493056936,0.02586043449164295,0.0,0.0,0.1026897138795809,0.0,0.0,0.0,0.0,0.0,0.0,0.0,0.0,0.0
2025-12-26,0.10073643313812564,0.0,0.04140400568313297,0.05997235975820894,0.007104330772538731,0.16785496391143442,0.08184151682560895,0.0,0.0,0.0019290233557574133,0.096992422952998,0.0,0.02810664840293136,0.011930185274188978,0.0,0.0,0.035413280410080294,0.0,0.08184151682560895,0.0,0.0,0.0954900335075529,0.0,0.0,0.0,0.1479792734986995,0.0,0.0,0.0,0.0,0.0,0.0,0.04140400568313297,0.0,0.0
2026-01-02,0.10073643313812564,0.0,0.04140400568313297,0.05858485362012435,0.004195220738513085,0.1651698868629737,0.08184151682560895,0.0,0.0,0.006504150841409467,0.096992422952998,0.0,0.02810664840293136,0.012986216448238332,0.0,0.0,0.03902759259211802,0.0,0.08184151682560895,0.0,0.0,0.0948270744922837,0.0,0.0,0.0,0.14637845489280052,0.0,0.0,0.0,0.0,0.0,0.0,0.04140400568313297,0.0,0.0
2026-01-09,0.10073643313812553,0.0,0.04140400568313297,0.05945214268607995,0.00802904947235051,0.16417257892182155,0.08184151682560895,0.0,0.0,0.005828291163772736,0.096992422952998,0.0,0.02810664840293136,0.012208594192643633,0.0,0.0,0.03969345447403089,0.0,0.08184151682560895,0.0,0.0,0.09319475428383125,0.0,0.0,0.0,0.14509458529393066,0.0,0.0,0.0,0.0,0.0,0.0,0.04140400568313297,0.0,0.0
2026-01-16,0.10073643313812564,0.0,0.04140400568313297,0.05928979138296987,0.009264031068130788,0.1636911894133792,0.08184151682560895,0.0,0.0,0.010247592001019762,0.096992422952998,0.0,0.02810664840293136,0.009797162153509426,0.0,0.0,0.03665534313622982,0.0,0.08184151682560895,0.0,0.0,0.0928435419941476,0.0,0.0,0.0,0.1458847993390747,0.0,0.0,0.0,0.0,0.0,0.0,0.04140400568313297,0.0,0.0
2026-01-23,0.10073643313812575,0.0,0.04140400568313297,0.06177545781942678,0.006953254659197335,0.16257388294551933,0.08184151682560895,0.0,0.0,0.007406257099077308,0.096992422952998,0.0,0.02810664840293136,0.012149807178880975,0.0,0.0,0.037131667036438436,0.0,0.08184151682560895,0.0,0.0,0.09560417364390766,0.0,0.0,0.0,0.14407895010601335,0.0,0.0,0.0,0.0,0.0,0.0,0.04140400568313297,0.0,0.0
2026-01-30,0.14171528843409398,0.0,0.0,0.09950843847436602,0.08829254606478518,0.15810162040731945,0.07835810751710065,0.0,0.0,0.0055631661567370335,0.09702804234269143,0.0,0.02498948575546546,0.011322001321635033,0.0,0.0,0.0362917625247874,0.0,0.07835810751710065,0.0,0.0,0.09542907996141653,0.02498948575546546,0.0,0.0,0.06005286776703581,0.0,0.0,0.0,0.0,0.0,0.0,0.0,0.0,0.0
2026-02-06,0.14171528843409398,0.0,0.0,0.10430859248447075,0.08990221683495961,0.15778123941555705,0.07835810751710065,0.0,0.0,0.0038593551318112846,0.09702804234269143,0.0,0.02498948575546546,0.007807468275499028,0.0,0.0,0.030062077653509812,0.0,0.07835810751710065,0.0,0.0,0.09804982389366253,0.02498948575546546,0.0,0.0,0.06279070898861239,0.0,0.0,0.0,0.0,0.0,0.0,0.0,0.0,0.0
2026-02-13,0.14171528843409398,0.0,0.0,0.10092267341152997,0.09108592803893152,0.15800472667418564,0.07835810751710065,0.0,0.0,0.00939863775038434,0.09702804234269143,0.0,0.02498948575546546,0.008564303267598822,0.0,0.0,0.029940275382315036,0.0,0.07835810751710065,0.0,0.0,0.09673011121654851,0.02498948575546546,0.0,0.0,0.05991482693658866,0.0,0.0,0.0,0.0,0.0,0.0,0.0,0.0,0.0
2026-02-20,0.14171528843409387,0.0,0.0,0.10145409700584071,0.09200271990017639,0.158553577280018,0.07835810751710065,0.0,0.0,0.012079791412586704,0.09702804234269143,0.0,0.02498948575546546,0.003647132010070194,0.0,0.0,0.028900444521075618,0.0,0.07835810751710065,0.0,0.0,0.09750880233794137,0.02498948575546546,0.0,0.0,0.0604149182103735,0.0,0.0,0.0,0.0,0.0,0.0,0.0,0.0,0.0
2026-02-27,0.10203449646126983,0.0,0.0,0.09712510467600238,0.0440502230647406,0.11479792754710635,0.12388273509603562,0.0,0.0,0.010811082126801597,0.09709333153005359,0.0,0.02774204233136323,0.003561224830305779,0.0,0.0,0.030587047207895682,0.0,0.12388273509603562,0.0,0.0,0.09681722326731132,0.026789403565982032,0.0,0.0,0.1008254231990963,0.0,0.0,0.0,0.0,0.0,0.0,0.0,0.0,0.0
2026-03-06,0.10203449646126994,0.0,0.0,0.09678650114713293,0.04424412252885156,0.1160838398752684,0.12388273509603562,0.0,0.0,0.00980854585467405,0.09709333153005359,0.0,0.030761815105817505,0.004101207745325523,0.0,0.0,0.03098519403438804,0.0,0.12388273509603562,0.0,0.0,0.0935945559832251,0.026789403565982032,0.0,0.0,0.09995151597594018,0.0,0.0,0.0,0.0,0.0,0.0,0.0,0.0,0.0
2026-03-13,0.10203449646126983,0.0,0.0,0.09682930566004232,0.048165834501665714,0.11804872894750298,0.12388273509603562,0.0,0.0,0.01085020048250668,0.09709333153005359,0.0,0.02773523552732899,0.00255391515290758,0.0,0.0,0.03194387798084694,0.0,0.12388273509603562,0.0,0.0,0.09245517582652435,0.026789403565982032,0.0,0.0,0.09773502417129773,0.0,0.0,0.0,0.0,0.0,0.0,0.0,0.0,0.0
2026-03-20,0.10203449646126994,0.0,0.0,0.10003019446602505,0.05213825334628043,0.11687496590113206,0.12388273509603562,0.0,0.0,0.009897121565300213,0.09709333153005359,0.0,0.026789403565982032,0.0,0.0,0.0,0.02870424110578009,0.0,0.12388273509603562,0.0,0.0,0.09342232937539509,0.026789403565982032,0.0,0.0,0.0984607889247283,0.0,0.0,0.0,0.0,0.0,0.0,0.0,0.0,0.0
2026-03-27,0.4539917560041189,0.0,0.0,0.07931640961351397,0.056906544176027626,0.11028934846823817,0.09085700451083778,0.0,0.0,0.012611626172521831,0.05970553567421817,0.0,0.03252916419737861,0.0,0.0,0.0,0.007016544081455417,0.0,0.0,0.0,0.0,0.032472156512451195,0.0,0.0,0.0,0.06430391058923837,0.0,0.0,0.0,0.0,0.0,0.0,0.0,0.0,0.0
2026-04-03,0.4539917560041188,0.0,0.0,0.08361402279024674,0.059312481134703665,0.11201285306886487,0.09085700451083778,0.0,0.0,0.010334497357787978,0.05970553567421817,0.0,0.03433120539407388,0.0,0.0,0.0,0.0,0.0,0.0,0.0,0.0,0.03385350516581464,0.0,0.0,0.0,0.06198713889933345,0.0,0.0,0.0,0.0,0.0,0.0,0.0,0.0,0.0
2026-04-10,0.3549756199531474,0.0,0.0,0.06857786238667253,0.06618960129510915,0.09823143951328356,0.06626899825485602,0.0,0.0,0.023753256271656392,0.06483507116247439,0.0,0.05825682871827276,0.020745004061174466,0.0,0.0,0.030909264508968307,0.0,0.06626899825485602,0.0,0.0,0.037311771919415454,0.021838141850056777,0.0,0.0,0.021838141850056777,0.0,0.0,0.0,0.0,0.0,0.0,0.0,0.0,0.0
