ann_return,ann_vol,sharpe,max_drawdown,calmar,cvar_5,hit_rate,avg_weekly_turnover,annual_turnover,avg_max_weight,avg_effective_n,avg_hhi,weight_instability,allocation_instability,psr_zero,psr_selection,observations,label,engine,expected_return_key,covariance_method,train_window_weeks
0.04336121546959415,0.06411071095098914,0.676349003565763,-0.15110540224122349,0.28696006116560047,-0.02238689541204294,0.5441441441441441,0.0601343610517454,3.1269867746907605,0.49320667624772657,3.4153372390522696,0.37977821987334726,0.12016037190339755,0.04586098688472263,0.9988222033318079,0.9287713317001437,1110,mvo_equal,mvo,equal_signal,ledoit_wolf,156
0.0491566316077694,0.06945303696287032,0.7077679214236318,-0.14635402356814164,0.33587482195105034,-0.024054473915835057,0.5486486486486486,0.061107870817633185,3.1776092825169258,0.47725875210927443,3.975786246450001,0.34491856411381233,0.1221056373635229,0.049872718015389575,0.9993069923247234,0.9476998779784717,1110,mvo_ic,mvo,ic_signal,ledoit_wolf,156
0.04475160065570316,0.06190490486957464,0.7229088026221638,-0.1277410013990563,0.3503307486677787,-0.022021575685231116,0.5558558558558558,0.05881806078654469,3.058539160900324,0.517967818957684,3.45866924685442,0.3946994597785195,0.1175301430851857,0.04700966568715994,0.9993951810137613,0.9517435557009286,1110,mvo_regime,mvo,regime_signal,ledoit_wolf,156
0.04544574279918545,0.061627944736525685,0.7374210351079685,-0.12776430077984358,0.3556998513809821,-0.021825764085092257,0.554954954954955,0.05427582644103509,2.8223429749338247,0.5018432839874342,3.7385130680796204,0.3708794595304347,0.10845385860019444,0.04199023375080319,0.9995154671142867,0.9577145184543826,1110,min_var_104w,min_variance,,ledoit_wolf,104
0.04974094225776682,0.06325045211619898,0.7864124380705848,-0.12339377848178967,0.4031073759939002,-0.022134856416719282,0.5567567567567567,0.05533225346321772,2.8772771800873214,0.4944901559345705,4.033593618996051,0.3571452734174891,0.11056480917244765,0.04667547215369452,0.999776377104443,0.9735608215409282,1110,hrp_104w,hrp,,sample,104
