,BIL,DBA,EEM,EFA,EWJ,GLD,HYG,IAU,IEF,IWM,LQD,MBB,PDBC,QQQ,SHY,SLV,SPY,TIP,TLT,USO,UUP,VEA,VNQ,VTV,VUG,VWO,XLB,XLE,XLF,XLI,XLK,XLP,XLU,XLV,XLY
2005-01-07,1.0,0.0,0.0,0.0,0.0,0.0,0.0,0.0,0.0,0.0,0.0,0.0,0.0,0.0,0.0,0.0,0.0,0.0,0.0,0.0,0.0,0.0,0.0,0.0,0.0,0.0,0.0,0.0,0.0,0.0,0.0,0.0,0.0,0.0,0.0
2005-01-14,1.0,0.0,0.0,0.0,0.0,0.0,0.0,0.0,0.0,0.0,0.0,0.0,0.0,0.0,0.0,0.0,0.0,0.0,0.0,0.0,0.0,0.0,0.0,0.0,0.0,0.0,0.0,0.0,0.0,0.0,0.0,0.0,0.0,0.0,0.0
2005-01-21,1.0,0.0,0.0,0.0,0.0,0.0,0.0,0.0,0.0,0.0,0.0,0.0,0.0,0.0,0.0,0.0,0.0,0.0,0.0,0.0,0.0,0.0,0.0,0.0,0.0,0.0,0.0,0.0,0.0,0.0,0.0,0.0,0.0,0.0,0.0
2005-01-28,1.0,0.0,0.0,0.0,0.0,0.0,0.0,0.0,0.0,0.0,0.0,0.0,0.0,0.0,0.0,0.0,0.0,0.0,0.0,0.0,0.0,0.0,0.0,0.0,0.0,0.0,0.0,0.0,0.0,0.0,0.0,0.0,0.0,0.0,0.0
2005-02-04,1.0,0.0,0.0,0.0,0.0,0.0,0.0,0.0,0.0,0.0,0.0,0.0,0.0,0.0,0.0,0.0,0.0,0.0,0.0,0.0,0.0,0.0,0.0,0.0,0.0,0.0,0.0,0.0,0.0,0.0,0.0,0.0,0.0,0.0,0.0
2005-02-11,1.0,0.0,0.0,0.0,0.0,0.0,0.0,0.0,0.0,0.0,0.0,0.0,0.0,0.0,0.0,0.0,0.0,0.0,0.0,0.0,0.0,0.0,0.0,0.0,0.0,0.0,0.0,0.0,0.0,0.0,0.0,0.0,0.0,0.0,0.0
2005-02-18,1.0,0.0,0.0,0.0,0.0,0.0,0.0,0.0,0.0,0.0,0.0,0.0,0.0,0.0,0.0,0.0,0.0,0.0,0.0,0.0,0.0,0.0,0.0,0.0,0.0,0.0,0.0,0.0,0.0,0.0,0.0,0.0,0.0,0.0,0.0
2005-02-25,1.0,0.0,0.0,0.0,0.0,0.0,0.0,0.0,0.0,0.0,0.0,0.0,0.0,0.0,0.0,0.0,0.0,0.0,0.0,0.0,0.0,0.0,0.0,0.0,0.0,0.0,0.0,0.0,0.0,0.0,0.0,0.0,0.0,0.0,0.0
2005-03-04,1.0,0.0,0.0,0.0,0.0,0.0,0.0,0.0,0.0,0.0,0.0,0.0,0.0,0.0,0.0,0.0,0.0,0.0,0.0,0.0,0.0,0.0,0.0,0.0,0.0,0.0,0.0,0.0,0.0,0.0,0.0,0.0,0.0,0.0,0.0
2005-03-11,1.0,0.0,0.0,0.0,0.0,0.0,0.0,0.0,0.0,0.0,0.0,0.0,0.0,0.0,0.0,0.0,0.0,0.0,0.0,0.0,0.0,0.0,0.0,0.0,0.0,0.0,0.0,0.0,0.0,0.0,0.0,0.0,0.0,0.0,0.0
2005-03-18,1.0,0.0,0.0,0.0,0.0,0.0,0.0,0.0,0.0,0.0,0.0,0.0,0.0,0.0,0.0,0.0,0.0,0.0,0.0,0.0,0.0,0.0,0.0,0.0,0.0,0.0,0.0,0.0,0.0,0.0,0.0,0.0,0.0,0.0,0.0
2005-03-25,1.0,0.0,0.0,0.0,0.0,0.0,0.0,0.0,0.0,0.0,0.0,0.0,0.0,0.0,0.0,0.0,0.0,0.0,0.0,0.0,0.0,0.0,0.0,0.0,0.0,0.0,0.0,0.0,0.0,0.0,0.0,0.0,0.0,0.0,0.0
2005-04-01,1.0,0.0,0.0,0.0,0.0,0.0,0.0,0.0,0.0,0.0,0.0,0.0,0.0,0.0,0.0,0.0,0.0,0.0,0.0,0.0,0.0,0.0,0.0,0.0,0.0,0.0,0.0,0.0,0.0,0.0,0.0,0.0,0.0,0.0,0.0
2005-04-08,1.0,0.0,0.0,0.0,0.0,0.0,0.0,0.0,0.0,0.0,0.0,0.0,0.0,0.0,0.0,0.0,0.0,0.0,0.0,0.0,0.0,0.0,0.0,0.0,0.0,0.0,0.0,0.0,0.0,0.0,0.0,0.0,0.0,0.0,0.0
2005-04-15,1.0,0.0,0.0,0.0,0.0,0.0,0.0,0.0,0.0,0.0,0.0,0.0,0.0,0.0,0.0,0.0,0.0,0.0,0.0,0.0,0.0,0.0,0.0,0.0,0.0,0.0,0.0,0.0,0.0,0.0,0.0,0.0,0.0,0.0,0.0
2005-04-22,1.0,0.0,0.0,0.0,0.0,0.0,0.0,0.0,0.0,0.0,0.0,0.0,0.0,0.0,0.0,0.0,0.0,0.0,0.0,0.0,0.0,0.0,0.0,0.0,0.0,0.0,0.0,0.0,0.0,0.0,0.0,0.0,0.0,0.0,0.0
2005-04-29,1.0,0.0,0.0,0.0,0.0,0.0,0.0,0.0,0.0,0.0,0.0,0.0,0.0,0.0,0.0,0.0,0.0,0.0,0.0,0.0,0.0,0.0,0.0,0.0,0.0,0.0,0.0,0.0,0.0,0.0,0.0,0.0,0.0,0.0,0.0
2005-05-06,1.0,0.0,0.0,0.0,0.0,0.0,0.0,0.0,0.0,0.0,0.0,0.0,0.0,0.0,0.0,0.0,0.0,0.0,0.0,0.0,0.0,0.0,0.0,0.0,0.0,0.0,0.0,0.0,0.0,0.0,0.0,0.0,0.0,0.0,0.0
2005-05-13,1.0,0.0,0.0,0.0,0.0,0.0,0.0,0.0,0.0,0.0,0.0,0.0,0.0,0.0,0.0,0.0,0.0,0.0,0.0,0.0,0.0,0.0,0.0,0.0,0.0,0.0,0.0,0.0,0.0,0.0,0.0,0.0,0.0,0.0,0.0
2005-05-20,1.0,0.0,0.0,0.0,0.0,0.0,0.0,0.0,0.0,0.0,0.0,0.0,0.0,0.0,0.0,0.0,0.0,0.0,0.0,0.0,0.0,0.0,0.0,0.0,0.0,0.0,0.0,0.0,0.0,0.0,0.0,0.0,0.0,0.0,0.0
2005-05-27,1.0,0.0,0.0,0.0,0.0,0.0,0.0,0.0,0.0,0.0,0.0,0.0,0.0,0.0,0.0,0.0,0.0,0.0,0.0,0.0,0.0,0.0,0.0,0.0,0.0,0.0,0.0,0.0,0.0,0.0,0.0,0.0,0.0,0.0,0.0
2005-06-03,1.0,0.0,0.0,0.0,0.0,0.0,0.0,0.0,0.0,0.0,0.0,0.0,0.0,0.0,0.0,0.0,0.0,0.0,0.0,0.0,0.0,0.0,0.0,0.0,0.0,0.0,0.0,0.0,0.0,0.0,0.0,0.0,0.0,0.0,0.0
2005-06-10,1.0,0.0,0.0,0.0,0.0,0.0,0.0,0.0,0.0,0.0,0.0,0.0,0.0,0.0,0.0,0.0,0.0,0.0,0.0,0.0,0.0,0.0,0.0,0.0,0.0,0.0,0.0,0.0,0.0,0.0,0.0,0.0,0.0,0.0,0.0
2005-06-17,1.0,0.0,0.0,0.0,0.0,0.0,0.0,0.0,0.0,0.0,0.0,0.0,0.0,0.0,0.0,0.0,0.0,0.0,0.0,0.0,0.0,0.0,0.0,0.0,0.0,0.0,0.0,0.0,0.0,0.0,0.0,0.0,0.0,0.0,0.0
2005-06-24,1.0,0.0,0.0,0.0,0.0,0.0,0.0,0.0,0.0,0.0,0.0,0.0,0.0,0.0,0.0,0.0,0.0,0.0,0.0,0.0,0.0,0.0,0.0,0.0,0.0,0.0,0.0,0.0,0.0,0.0,0.0,0.0,0.0,0.0,0.0
2005-07-01,1.0,0.0,0.0,0.0,0.0,0.0,0.0,0.0,0.0,0.0,0.0,0.0,0.0,0.0,0.0,0.0,0.0,0.0,0.0,0.0,0.0,0.0,0.0,0.0,0.0,0.0,0.0,0.0,0.0,0.0,0.0,0.0,0.0,0.0,0.0
2005-07-08,1.0,0.0,0.0,0.0,0.0,0.0,0.0,0.0,0.0,0.0,0.0,0.0,0.0,0.0,0.0,0.0,0.0,0.0,0.0,0.0,0.0,0.0,0.0,0.0,0.0,0.0,0.0,0.0,0.0,0.0,0.0,0.0,0.0,0.0,0.0
2005-07-15,1.0,0.0,0.0,0.0,0.0,0.0,0.0,0.0,0.0,0.0,0.0,0.0,0.0,0.0,0.0,0.0,0.0,0.0,0.0,0.0,0.0,0.0,0.0,0.0,0.0,0.0,0.0,0.0,0.0,0.0,0.0,0.0,0.0,0.0,0.0
2005-07-22,1.0,0.0,0.0,0.0,0.0,0.0,0.0,0.0,0.0,0.0,0.0,0.0,0.0,0.0,0.0,0.0,0.0,0.0,0.0,0.0,0.0,0.0,0.0,0.0,0.0,0.0,0.0,0.0,0.0,0.0,0.0,0.0,0.0,0.0,0.0
2005-07-29,1.0,0.0,0.0,0.0,0.0,0.0,0.0,0.0,0.0,0.0,0.0,0.0,0.0,0.0,0.0,0.0,0.0,0.0,0.0,0.0,0.0,0.0,0.0,0.0,0.0,0.0,0.0,0.0,0.0,0.0,0.0,0.0,0.0,0.0,0.0
2005-08-05,1.0,0.0,0.0,0.0,0.0,0.0,0.0,0.0,0.0,0.0,0.0,0.0,0.0,0.0,0.0,0.0,0.0,0.0,0.0,0.0,0.0,0.0,0.0,0.0,0.0,0.0,0.0,0.0,0.0,0.0,0.0,0.0,0.0,0.0,0.0
2005-08-12,1.0,0.0,0.0,0.0,0.0,0.0,0.0,0.0,0.0,0.0,0.0,0.0,0.0,0.0,0.0,0.0,0.0,0.0,0.0,0.0,0.0,0.0,0.0,0.0,0.0,0.0,0.0,0.0,0.0,0.0,0.0,0.0,0.0,0.0,0.0
2005-08-19,1.0,0.0,0.0,0.0,0.0,0.0,0.0,0.0,0.0,0.0,0.0,0.0,0.0,0.0,0.0,0.0,0.0,0.0,0.0,0.0,0.0,0.0,0.0,0.0,0.0,0.0,0.0,0.0,0.0,0.0,0.0,0.0,0.0,0.0,0.0
2005-08-26,1.0,0.0,0.0,0.0,0.0,0.0,0.0,0.0,0.0,0.0,0.0,0.0,0.0,0.0,0.0,0.0,0.0,0.0,0.0,0.0,0.0,0.0,0.0,0.0,0.0,0.0,0.0,0.0,0.0,0.0,0.0,0.0,0.0,0.0,0.0
2005-09-02,1.0,0.0,0.0,0.0,0.0,0.0,0.0,0.0,0.0,0.0,0.0,0.0,0.0,0.0,0.0,0.0,0.0,0.0,0.0,0.0,0.0,0.0,0.0,0.0,0.0,0.0,0.0,0.0,0.0,0.0,0.0,0.0,0.0,0.0,0.0
2005-09-09,1.0,0.0,0.0,0.0,0.0,0.0,0.0,0.0,0.0,0.0,0.0,0.0,0.0,0.0,0.0,0.0,0.0,0.0,0.0,0.0,0.0,0.0,0.0,0.0,0.0,0.0,0.0,0.0,0.0,0.0,0.0,0.0,0.0,0.0,0.0
2005-09-16,1.0,0.0,0.0,0.0,0.0,0.0,0.0,0.0,0.0,0.0,0.0,0.0,0.0,0.0,0.0,0.0,0.0,0.0,0.0,0.0,0.0,0.0,0.0,0.0,0.0,0.0,0.0,0.0,0.0,0.0,0.0,0.0,0.0,0.0,0.0
2005-09-23,1.0,0.0,0.0,0.0,0.0,0.0,0.0,0.0,0.0,0.0,0.0,0.0,0.0,0.0,0.0,0.0,0.0,0.0,0.0,0.0,0.0,0.0,0.0,0.0,0.0,0.0,0.0,0.0,0.0,0.0,0.0,0.0,0.0,0.0,0.0
2005-09-30,1.0,0.0,0.0,0.0,0.0,0.0,0.0,0.0,0.0,0.0,0.0,0.0,0.0,0.0,0.0,0.0,0.0,0.0,0.0,0.0,0.0,0.0,0.0,0.0,0.0,0.0,0.0,0.0,0.0,0.0,0.0,0.0,0.0,0.0,0.0
2005-10-07,1.0,0.0,0.0,0.0,0.0,0.0,0.0,0.0,0.0,0.0,0.0,0.0,0.0,0.0,0.0,0.0,0.0,0.0,0.0,0.0,0.0,0.0,0.0,0.0,0.0,0.0,0.0,0.0,0.0,0.0,0.0,0.0,0.0,0.0,0.0
2005-10-14,1.0,0.0,0.0,0.0,0.0,0.0,0.0,0.0,0.0,0.0,0.0,0.0,0.0,0.0,0.0,0.0,0.0,0.0,0.0,0.0,0.0,0.0,0.0,0.0,0.0,0.0,0.0,0.0,0.0,0.0,0.0,0.0,0.0,0.0,0.0
2005-10-21,1.0,0.0,0.0,0.0,0.0,0.0,0.0,0.0,0.0,0.0,0.0,0.0,0.0,0.0,0.0,0.0,0.0,0.0,0.0,0.0,0.0,0.0,0.0,0.0,0.0,0.0,0.0,0.0,0.0,0.0,0.0,0.0,0.0,0.0,0.0
2005-10-28,1.0,0.0,0.0,0.0,0.0,0.0,0.0,0.0,0.0,0.0,0.0,0.0,0.0,0.0,0.0,0.0,0.0,0.0,0.0,0.0,0.0,0.0,0.0,0.0,0.0,0.0,0.0,0.0,0.0,0.0,0.0,0.0,0.0,0.0,0.0
2005-11-04,1.0,0.0,0.0,0.0,0.0,0.0,0.0,0.0,0.0,0.0,0.0,0.0,0.0,0.0,0.0,0.0,0.0,0.0,0.0,0.0,0.0,0.0,0.0,0.0,0.0,0.0,0.0,0.0,0.0,0.0,0.0,0.0,0.0,0.0,0.0
2005-11-11,1.0,0.0,0.0,0.0,0.0,0.0,0.0,0.0,0.0,0.0,0.0,0.0,0.0,0.0,0.0,0.0,0.0,0.0,0.0,0.0,0.0,0.0,0.0,0.0,0.0,0.0,0.0,0.0,0.0,0.0,0.0,0.0,0.0,0.0,0.0
2005-11-18,1.0,0.0,0.0,0.0,0.0,0.0,0.0,0.0,0.0,0.0,0.0,0.0,0.0,0.0,0.0,0.0,0.0,0.0,0.0,0.0,0.0,0.0,0.0,0.0,0.0,0.0,0.0,0.0,0.0,0.0,0.0,0.0,0.0,0.0,0.0
2005-11-25,1.0,0.0,0.0,0.0,0.0,0.0,0.0,0.0,0.0,0.0,0.0,0.0,0.0,0.0,0.0,0.0,0.0,0.0,0.0,0.0,0.0,0.0,0.0,0.0,0.0,0.0,0.0,0.0,0.0,0.0,0.0,0.0,0.0,0.0,0.0
2005-12-02,1.0,0.0,0.0,0.0,0.0,0.0,0.0,0.0,0.0,0.0,0.0,0.0,0.0,0.0,0.0,0.0,0.0,0.0,0.0,0.0,0.0,0.0,0.0,0.0,0.0,0.0,0.0,0.0,0.0,0.0,0.0,0.0,0.0,0.0,0.0
2005-12-09,1.0,0.0,0.0,0.0,0.0,0.0,0.0,0.0,0.0,0.0,0.0,0.0,0.0,0.0,0.0,0.0,0.0,0.0,0.0,0.0,0.0,0.0,0.0,0.0,0.0,0.0,0.0,0.0,0.0,0.0,0.0,0.0,0.0,0.0,0.0
2005-12-16,1.0,0.0,0.0,0.0,0.0,0.0,0.0,0.0,0.0,0.0,0.0,0.0,0.0,0.0,0.0,0.0,0.0,0.0,0.0,0.0,0.0,0.0,0.0,0.0,0.0,0.0,0.0,0.0,0.0,0.0,0.0,0.0,0.0,0.0,0.0
2005-12-23,1.0,0.0,0.0,0.0,0.0,0.0,0.0,0.0,0.0,0.0,0.0,0.0,0.0,0.0,0.0,0.0,0.0,0.0,0.0,0.0,0.0,0.0,0.0,0.0,0.0,0.0,0.0,0.0,0.0,0.0,0.0,0.0,0.0,0.0,0.0
2005-12-30,1.0,0.0,0.0,0.0,0.0,0.0,0.0,0.0,0.0,0.0,0.0,0.0,0.0,0.0,0.0,0.0,0.0,0.0,0.0,0.0,0.0,0.0,0.0,0.0,0.0,0.0,0.0,0.0,0.0,0.0,0.0,0.0,0.0,0.0,0.0
2006-01-06,1.0,0.0,0.0,0.0,0.0,0.0,0.0,0.0,0.0,0.0,0.0,0.0,0.0,0.0,0.0,0.0,0.0,0.0,0.0,0.0,0.0,0.0,0.0,0.0,0.0,0.0,0.0,0.0,0.0,0.0,0.0,0.0,0.0,0.0,0.0
2006-01-13,1.0,0.0,0.0,0.0,0.0,0.0,0.0,0.0,0.0,0.0,0.0,0.0,0.0,0.0,0.0,0.0,0.0,0.0,0.0,0.0,0.0,0.0,0.0,0.0,0.0,0.0,0.0,0.0,0.0,0.0,0.0,0.0,0.0,0.0,0.0
2006-01-20,1.0,0.0,0.0,0.0,0.0,0.0,0.0,0.0,0.0,0.0,0.0,0.0,0.0,0.0,0.0,0.0,0.0,0.0,0.0,0.0,0.0,0.0,0.0,0.0,0.0,0.0,0.0,0.0,0.0,0.0,0.0,0.0,0.0,0.0,0.0
2006-01-27,1.0,0.0,0.0,0.0,0.0,0.0,0.0,0.0,0.0,0.0,0.0,0.0,0.0,0.0,0.0,0.0,0.0,0.0,0.0,0.0,0.0,0.0,0.0,0.0,0.0,0.0,0.0,0.0,0.0,0.0,0.0,0.0,0.0,0.0,0.0
2006-02-03,1.0,0.0,0.0,0.0,0.0,0.0,0.0,0.0,0.0,0.0,0.0,0.0,0.0,0.0,0.0,0.0,0.0,0.0,0.0,0.0,0.0,0.0,0.0,0.0,0.0,0.0,0.0,0.0,0.0,0.0,0.0,0.0,0.0,0.0,0.0
2006-02-10,1.0,0.0,0.0,0.0,0.0,0.0,0.0,0.0,0.0,0.0,0.0,0.0,0.0,0.0,0.0,0.0,0.0,0.0,0.0,0.0,0.0,0.0,0.0,0.0,0.0,0.0,0.0,0.0,0.0,0.0,0.0,0.0,0.0,0.0,0.0
2006-02-17,1.0,0.0,0.0,0.0,0.0,0.0,0.0,0.0,0.0,0.0,0.0,0.0,0.0,0.0,0.0,0.0,0.0,0.0,0.0,0.0,0.0,0.0,0.0,0.0,0.0,0.0,0.0,0.0,0.0,0.0,0.0,0.0,0.0,0.0,0.0
2006-02-24,1.0,0.0,0.0,0.0,0.0,0.0,0.0,0.0,0.0,0.0,0.0,0.0,0.0,0.0,0.0,0.0,0.0,0.0,0.0,0.0,0.0,0.0,0.0,0.0,0.0,0.0,0.0,0.0,0.0,0.0,0.0,0.0,0.0,0.0,0.0
2006-03-03,1.0,0.0,0.0,0.0,0.0,0.0,0.0,0.0,0.0,0.0,0.0,0.0,0.0,0.0,0.0,0.0,0.0,0.0,0.0,0.0,0.0,0.0,0.0,0.0,0.0,0.0,0.0,0.0,0.0,0.0,0.0,0.0,0.0,0.0,0.0
2006-03-10,1.0,0.0,0.0,0.0,0.0,0.0,0.0,0.0,0.0,0.0,0.0,0.0,0.0,0.0,0.0,0.0,0.0,0.0,0.0,0.0,0.0,0.0,0.0,0.0,0.0,0.0,0.0,0.0,0.0,0.0,0.0,0.0,0.0,0.0,0.0
2006-03-17,1.0,0.0,0.0,0.0,0.0,0.0,0.0,0.0,0.0,0.0,0.0,0.0,0.0,0.0,0.0,0.0,0.0,0.0,0.0,0.0,0.0,0.0,0.0,0.0,0.0,0.0,0.0,0.0,0.0,0.0,0.0,0.0,0.0,0.0,0.0
2006-03-24,1.0,0.0,0.0,0.0,0.0,0.0,0.0,0.0,0.0,0.0,0.0,0.0,0.0,0.0,0.0,0.0,0.0,0.0,0.0,0.0,0.0,0.0,0.0,0.0,0.0,0.0,0.0,0.0,0.0,0.0,0.0,0.0,0.0,0.0,0.0
2006-03-31,1.0,0.0,0.0,0.0,0.0,0.0,0.0,0.0,0.0,0.0,0.0,0.0,0.0,0.0,0.0,0.0,0.0,0.0,0.0,0.0,0.0,0.0,0.0,0.0,0.0,0.0,0.0,0.0,0.0,0.0,0.0,0.0,0.0,0.0,0.0
2006-04-07,1.0,0.0,0.0,0.0,0.0,0.0,0.0,0.0,0.0,0.0,0.0,0.0,0.0,0.0,0.0,0.0,0.0,0.0,0.0,0.0,0.0,0.0,0.0,0.0,0.0,0.0,0.0,0.0,0.0,0.0,0.0,0.0,0.0,0.0,0.0
2006-04-14,1.0,0.0,0.0,0.0,0.0,0.0,0.0,0.0,0.0,0.0,0.0,0.0,0.0,0.0,0.0,0.0,0.0,0.0,0.0,0.0,0.0,0.0,0.0,0.0,0.0,0.0,0.0,0.0,0.0,0.0,0.0,0.0,0.0,0.0,0.0
2006-04-21,1.0,0.0,0.0,0.0,0.0,0.0,0.0,0.0,0.0,0.0,0.0,0.0,0.0,0.0,0.0,0.0,0.0,0.0,0.0,0.0,0.0,0.0,0.0,0.0,0.0,0.0,0.0,0.0,0.0,0.0,0.0,0.0,0.0,0.0,0.0
2006-04-28,1.0,0.0,0.0,0.0,0.0,0.0,0.0,0.0,0.0,0.0,0.0,0.0,0.0,0.0,0.0,0.0,0.0,0.0,0.0,0.0,0.0,0.0,0.0,0.0,0.0,0.0,0.0,0.0,0.0,0.0,0.0,0.0,0.0,0.0,0.0
2006-05-05,1.0,0.0,0.0,0.0,0.0,0.0,0.0,0.0,0.0,0.0,0.0,0.0,0.0,0.0,0.0,0.0,0.0,0.0,0.0,0.0,0.0,0.0,0.0,0.0,0.0,0.0,0.0,0.0,0.0,0.0,0.0,0.0,0.0,0.0,0.0
2006-05-12,1.0,0.0,0.0,0.0,0.0,0.0,0.0,0.0,0.0,0.0,0.0,0.0,0.0,0.0,0.0,0.0,0.0,0.0,0.0,0.0,0.0,0.0,0.0,0.0,0.0,0.0,0.0,0.0,0.0,0.0,0.0,0.0,0.0,0.0,0.0
2006-05-19,1.0,0.0,0.0,0.0,0.0,0.0,0.0,0.0,0.0,0.0,0.0,0.0,0.0,0.0,0.0,0.0,0.0,0.0,0.0,0.0,0.0,0.0,0.0,0.0,0.0,0.0,0.0,0.0,0.0,0.0,0.0,0.0,0.0,0.0,0.0
2006-05-26,1.0,0.0,0.0,0.0,0.0,0.0,0.0,0.0,0.0,0.0,0.0,0.0,0.0,0.0,0.0,0.0,0.0,0.0,0.0,0.0,0.0,0.0,0.0,0.0,0.0,0.0,0.0,0.0,0.0,0.0,0.0,0.0,0.0,0.0,0.0
2006-06-02,1.0,0.0,0.0,0.0,0.0,0.0,0.0,0.0,0.0,0.0,0.0,0.0,0.0,0.0,0.0,0.0,0.0,0.0,0.0,0.0,0.0,0.0,0.0,0.0,0.0,0.0,0.0,0.0,0.0,0.0,0.0,0.0,0.0,0.0,0.0
2006-06-09,1.0,0.0,0.0,0.0,0.0,0.0,0.0,0.0,0.0,0.0,0.0,0.0,0.0,0.0,0.0,0.0,0.0,0.0,0.0,0.0,0.0,0.0,0.0,0.0,0.0,0.0,0.0,0.0,0.0,0.0,0.0,0.0,0.0,0.0,0.0
2006-06-16,1.0,0.0,0.0,0.0,0.0,0.0,0.0,0.0,0.0,0.0,0.0,0.0,0.0,0.0,0.0,0.0,0.0,0.0,0.0,0.0,0.0,0.0,0.0,0.0,0.0,0.0,0.0,0.0,0.0,0.0,0.0,0.0,0.0,0.0,0.0
2006-06-23,1.0,0.0,0.0,0.0,0.0,0.0,0.0,0.0,0.0,0.0,0.0,0.0,0.0,0.0,0.0,0.0,0.0,0.0,0.0,0.0,0.0,0.0,0.0,0.0,0.0,0.0,0.0,0.0,0.0,0.0,0.0,0.0,0.0,0.0,0.0
2006-06-30,0.11999999999999988,0.0,0.0,0.15998000654936861,0.0,0.23552339294867722,0.0,0.0,0.0,0.0,0.1409800210698212,0.0,0.0,0.0,0.0,0.0,0.06543663467051261,0.0,0.05510161977471552,0.0,0.0,0.0,0.11106174423544565,0.0,0.0,0.05324991408479252,0.0,0.014666666666666668,0.0,0.014666666666666668,0.0,0.014666666666666668,0.014666666666666668,0.0,0.0
2006-07-07,0.11999999999999988,0.0,0.0,0.15998000654936861,0.0,0.23552339294867722,0.0,0.0,0.0,0.0,0.1409800210698212,0.0,0.0,0.0,0.0,0.0,0.06543663467051261,0.0,0.05510161977471552,0.0,0.0,0.0,0.11106174423544565,0.0,0.0,0.05324991408479252,0.0,0.014666666666666668,0.0,0.014666666666666668,0.0,0.014666666666666668,0.014666666666666668,0.0,0.0
2006-07-14,0.12,0.0,0.0,0.15998000654936861,0.0,0.23552339294867722,0.0,0.0,0.0,0.0,0.1409800210698212,0.0,0.0,0.0,0.0,0.0,0.06543663467051261,0.0,0.05510161977471552,0.0,0.0,0.0,0.11106174423544565,0.0,0.0,0.05324991408479252,0.014666666666666668,0.014666666666666668,0.0,0.0,0.0,0.014666666666666668,0.014666666666666668,0.0,0.0
2006-07-21,0.12,0.0,0.0,0.15998000654936861,0.0,0.23552339294867722,0.0,0.0,0.0,0.0,0.1409800210698212,0.0,0.0,0.0,0.0,0.0,0.06543663467051261,0.0,0.05510161977471552,0.0,0.0,0.0,0.11472841090211233,0.0,0.0,0.05324991408479252,0.0,0.0,0.018333333333333333,0.0,0.0,0.018333333333333333,0.018333333333333333,0.0,0.0
2006-07-28,0.1200000000000001,0.0,0.0,0.19845381175758114,0.061232964284420856,0.3158410416430249,0.0,0.0,0.0,0.0,0.04941875260299043,0.0,0.0,0.0,0.0,0.0,0.0,0.0,0.0,0.0,0.0,0.0,0.18654670732799047,0.0,0.0,0.03917338905065869,0.0,0.007333333333333335,0.007333333333333335,0.0,0.0,0.007333333333333335,0.007333333333333335,0.0,0.0
2006-08-04,0.12000000000000022,0.0,0.0,0.19628651371795708,0.06885947393921248,0.3134951968672736,0.0,0.0,0.0,0.0,0.04941875260299043,0.0,0.0,0.0,0.0,0.0,0.0,0.0,0.0,0.0,0.0,0.0,0.18343334048857415,0.0,0.0,0.03917338905065869,0.0,0.007333333333333335,0.007333333333333335,0.0,0.0,0.007333333333333335,0.007333333333333335,0.0,0.0
2006-08-11,0.12,0.0,0.0,0.1933024334030266,0.0672374681917356,0.31708618384635573,0.0,0.0,0.0,0.0,0.04941875260299043,0.0,0.0,0.0,0.0,0.0,0.0,0.0,0.0,0.0,0.0,0.0,0.18444843957189952,0.0,0.0,0.03917338905065869,0.0,0.007333333333333335,0.007333333333333335,0.0,0.0,0.007333333333333335,0.007333333333333335,0.0,0.0
2006-08-18,0.1200000000000001,0.0,0.0,0.19136623666991265,0.034664233353287104,0.3346241291063868,0.0,0.0,0.0,0.0,0.04941875260299043,0.0,0.0,0.0,0.0,0.0,0.0,0.0,0.0,0.0,0.0,0.0,0.20141992588343086,0.0,0.0,0.03917338905065869,0.0,0.007333333333333335,0.007333333333333335,0.0,0.0,0.007333333333333335,0.007333333333333335,0.0,0.0
2006-08-25,0.12,0.0,0.0,0.14800498402735843,0.040550017367802775,0.320137490759496,0.0,0.0,0.0,0.0,0.045310369869334836,0.0,0.0,0.0,0.0,0.0,0.013717516217341153,0.0,0.013717516217341153,0.0,0.0,0.0,0.23968527636989617,0.0,0.0,0.0442101625047628,0.0,0.0036666666666666675,0.0,0.0,0.0,0.0036666666666666675,0.0036666666666666675,0.0036666666666666675,0.0
2006-09-01,0.12,0.0,0.0,0.1591748431038448,0.054403993914368155,0.309720246491846,0.0,0.0,0.0,0.0,0.045310369869334836,0.0,0.0,0.0,0.0,0.0,0.013717516217341153,0.0,0.013717516217341153,0.0,0.0,0.0,0.2250786850144944,0.0,0.0,0.0442101625047628,0.0,0.0,0.0036666666666666675,0.0,0.0,0.0036666666666666675,0.0036666666666666675,0.0036666666666666675,0.0
2006-09-08,0.11999999999999988,0.0,0.0,0.15558989912479873,0.04081583457062665,0.30768018518230117,0.0,0.0,0.0,0.0,0.045310369869334836,0.0,0.0,0.0,0.0,0.0,0.013717516217341153,0.0,0.013717516217341153,0.0,0.0,0.0,0.22298070170159456,0.0,0.0,0.06552131044999512,0.0036666666666666675,0.0,0.0,0.0,0.0,0.0036666666666666675,0.0036666666666666675,0.0036666666666666675,0.0
2006-09-15,0.11999999999999988,0.0,0.0,0.13724747293267722,0.06104224557476941,0.3018913975799602,0.0,0.0,0.0,0.0,0.045310369869334836,0.0,0.0,0.0,0.0,0.0,0.013717516217341153,0.0,0.013717516217341153,0.0,0.0,0.0,0.19181560590865793,0.0,0.0,0.10059120903325142,0.0,0.0,0.0036666666666666675,0.0,0.0,0.0036666666666666675,0.0036666666666666675,0.0036666666666666675,0.0
2006-09-22,0.12,0.0,0.0,0.15075879538230105,0.0552171377620717,0.29111230231764085,0.0,0.0,0.0,0.0,0.045310369869334836,0.0,0.0,0.0,0.0,0.0,0.013717516217341153,0.0,0.013717516217341153,0.0,0.0,0.0,0.208423153572927,0.0,0.0,0.08707654199437556,0.0,0.0,0.0036666666666666675,0.0,0.0,0.0036666666666666675,0.0036666666666666675,0.0036666666666666675,0.0
2006-09-29,0.12,0.0,0.0,0.17585958952638736,0.004072807286497615,0.2195187248622395,0.0,0.0,0.0,0.0,0.10798291569590257,0.0,0.0,0.0,0.0,0.0,0.015265338380841596,0.0,0.015265338380841596,0.0,0.0,0.0,0.24743562600406885,0.0,0.0,0.08726632652988764,0.0,0.0,0.0018333333333333337,0.0,0.0,0.0018333333333333337,0.0018333333333333337,0.0018333333333333337,0.0
2006-10-06,0.11999999999999988,0.0,0.0,0.18163923435910548,0.0,0.20390399421697794,0.0,0.0,0.0,0.0,0.10798291569590257,0.0,0.0,0.0,0.0,0.0,0.023412667020885302,0.0,0.015265338380841596,0.0,0.0,0.0,0.26823018899461704,0.0,0.0,0.07223232799833677,0.0,0.0,0.0018333333333333337,0.0,0.0,0.0,0.0018333333333333337,0.0018333333333333337,0.0018333333333333337
2006-10-13,0.11999999999999988,0.0,0.0,0.15437268542923138,0.0,0.2020401525309084,0.0,0.0,0.0,0.0,0.10798291569590257,0.0,0.0,0.0,0.0,0.0,0.025113189686089037,0.0,0.015265338380841596,0.0,0.0,0.0,0.30563849232516827,0.0,0.0,0.06225389261852552,0.0,0.0,0.0018333333333333337,0.0,0.0018333333333333337,0.0,0.0018333333333333337,0.0,0.0018333333333333337
2006-10-20,0.11999999999999988,0.0,0.0,0.16510081441045615,0.0,0.13494992294232333,0.0,0.0,0.0,0.013786827571750222,0.10798291569590257,0.0,0.0,0.0,0.0,0.0,0.07404249107340188,0.0,0.015265338380841596,0.0,0.0,0.0,0.28108398448244387,0.0,0.0,0.08045437210954709,0.0,0.0,0.0,0.0,0.0018333333333333337,0.0,0.0018333333333333337,0.0018333333333333337,0.0018333333333333337
2006-10-27,0.0,0.0,0.0,0.18800817397800101,0.0,0.13860551172985194,0.0,0.0,0.0,0.0,0.10807105446936544,0.0,0.0,0.0,0.0,0.0,0.10082017027667453,0.0,0.01761721442626112,0.0,0.0,0.0,0.2925945305175619,0.0,0.0,0.07011667793561745,0.0,0.0,0.0,0.0,0.021041666666666667,0.021041666666666667,0.021041666666666667,0.0,0.021041666666666667
2006-11-03,0.0,0.0,0.0,0.1891243255196161,0.0,0.13860551172985194,0.0,0.0,0.0,0.0,0.10807105446936544,0.0,0.0,0.0,0.0,0.0,0.10729511291765087,0.0,0.029344517569705526,0.0,0.0,0.0,0.29524113944039587,0.0,0.0,0.04815167168674764,0.0,0.0,0.0,0.0,0.021041666666666667,0.0,0.021041666666666667,0.021041666666666667,0.021041666666666667
2006-11-10,0.0,0.0,0.0,0.16268229164239903,0.0,0.13860551172985194,0.0,0.0,0.0,0.0,0.10807105446936544,0.0,0.0,0.0,0.0,0.0,0.11659866588083179,0.0,0.01761721442626112,0.0,0.0,0.0,0.3129414316200425,0.0,0.0,0.05931716356458151,0.0,0.0,0.021041666666666667,0.0,0.021041666666666667,0.0,0.021041666666666667,0.0,0.021041666666666667
2006-11-17,0.0,0.0,0.0,0.1667877388629056,0.0,0.13860551172985194,0.0,0.0,0.0,0.04782860821349604,0.10807105446936544,0.0,0.0,0.004780814520285043,0.0,0.0,0.0735510752865444,0.0,0.01761721442626112,0.0,0.0,0.0,0.2932193503869557,0.0,0.0,0.06537196543766804,0.0,0.0,0.021041666666666667,0.0,0.021041666666666667,0.0,0.021041666666666667,0.0,0.021041666666666667
2006-11-24,0.0,0.0,0.0,0.18923118291291838,0.0,0.008297940024089904,0.0,0.0,0.0,0.034113911481367935,0.10942970388773753,0.0,0.0,0.0,0.0,0.0,0.1665434064279665,0.0,0.008297940024089904,0.0,0.0,0.0,0.2597249926763108,0.0,0.0,0.06815258923218577,0.03905208333333334,0.0,0.0,0.0,0.03905208333333334,0.0,0.03905208333333334,0.0,0.03905208333333334
2006-12-01,1.1102230246251565e-16,0.0,0.0,0.2116977151070963,0.0,0.008297940024089904,0.0,0.0,0.0,0.02551454901480624,0.10942970388773753,0.0,0.0,0.0,0.0,0.0,0.13467908305461362,0.0,0.008297940024089904,0.0,0.0,0.0,0.26777240823143783,0.0,0.0,0.07810232732279526,0.0,0.03905208333333334,0.0,0.0,0.03905208333333334,0.0,0.03905208333333334,0.0,0.03905208333333334
2006-12-08,1.1102230246251565e-16,0.0,0.0,0.2130319974943828,0.0,0.035407435490101,0.0,0.0,0.0,0.0,0.10942970388773753,0.0,0.0,0.0,0.0,0.0,0.09789352353959876,0.0,0.008297940024089904,0.0,0.0,0.0,0.2531765305255743,0.0,0.0,0.12655453570518227,0.03905208333333334,0.03905208333333334,0.0,0.0,0.03905208333333334,0.0,0.0,0.0,0.03905208333333334
2006-12-15,1.1102230246251565e-16,0.0,0.0,0.23451013047968464,0.0,0.03153923177946392,0.0,0.0,0.0,0.0,0.1094297038877375,0.0,0.0,0.0,0.0,0.0,0.05003394090297972,0.0,0.008297940024089902,0.0,0.0,0.0,0.2407575522701706,0.0,0.0,0.16922316732254025,0.039052083333333334,0.039052083333333334,0.0,0.0,0.0,0.0,0.039052083333333334,0.0,0.039052083333333334
2006-12-22,0.0,0.0,0.0,0.18675110960359684,0.0,0.0687766636161885,0.0,0.0,0.0,0.03524536593462887,0.10942970388773753,0.0,0.0,0.0,0.0,0.0,0.05003394090297973,0.0,0.008297940024089904,0.0,0.0,0.0,0.23407244350149434,0.0,0.0,0.15118449919595098,0.03905208333333334,0.03905208333333334,0.0,0.0,0.0,0.0,0.03905208333333334,0.0,0.03905208333333334
2006-12-29,2.220446049250313e-16,0.0,0.0,0.12606370908293024,0.0,0.18466647646520382,0.0,0.0,0.0,0.005618780747770523,0.06713321483650056,0.0,0.0,0.01615591670048597,0.0,0.0,0.008137861985820016,0.0,0.008137861985820016,0.0,0.0,0.0,0.2708438077020849,0.0,0.0,0.1534319538267171,0.03995260416666667,0.0,0.03995260416666667,0.0,0.0,0.0,0.03995260416666667,0.0,0.03995260416666667
2007-01-05,0.0,0.0,0.0,0.1718229341511067,0.0,0.13829708670669882,0.0,0.0,0.0,0.0,0.06713321483650056,0.0,0.0,0.0,0.0,0.0,0.03879751006600851,0.0,0.008137861985820016,0.0,0.0,0.0,0.2684547797498772,0.0,0.0,0.14754619583732148,0.0,0.0,0.03995260416666667,0.0,0.03995260416666667,0.0,0.03995260416666667,0.0,0.03995260416666667
2007-01-12,0.0,0.0,0.0,0.16668784708031534,0.0,0.09941199120367666,0.0,0.0,0.0,0.01768606692293547,0.06713321483650056,0.0,0.0,0.0,0.0,0.0,0.06298536673884239,0.0,0.008137861985820016,0.0,0.0,0.0,0.2603753439666811,0.0,0.0,0.15777189059856173,0.03995260416666667,0.0,0.03995260416666667,0.0,0.03995260416666667,0.0,0.0,0.0,0.03995260416666667
2007-01-19,0.0,0.0,0.0,0.17699332438776164,0.0,0.09941199120367666,0.0,0.0,0.0,0.005541621293580986,0.06713321483650056,0.0,0.0,0.0,0.0,0.0,0.08002309455031656,0.0,0.008137861985820016,0.0,0.0,0.0,0.251759535766917,0.0,0.0,0.15118893930875987,0.03995260416666667,0.0,0.03995260416666667,0.0,0.03995260416666667,0.0,0.0,0.0,0.03995260416666667
2007-01-26,2.220446049250313e-16,0.0,0.0,0.21946560968274895,0.0,0.008348218007588186,0.0,0.0,0.0,0.0,0.06746759480558717,0.0,0.0,0.0,0.0,0.0,0.07367459735405939,0.0,0.07581581281317536,0.0,0.0,0.0,0.21685548895192616,0.0,0.0,0.1783821575515813,0.039997630208333336,0.0,0.039997630208333336,0.0,0.039997630208333336,0.0,0.0,0.0,0.039997630208333336
2007-02-02,0.0,0.0,0.0,0.2189780900339415,0.0,0.008348218007588186,0.0,0.0,0.0,0.0,0.06746759480558717,0.0,0.0,0.0,0.0,0.0,0.07257465575518815,0.0,0.07581581281317536,0.0,0.0,0.0,0.23171224208594215,0.0,0.0,0.16511286566524402,0.039997630208333336,0.0,0.0,0.039997630208333336,0.039997630208333336,0.0,0.0,0.0,0.039997630208333336
2007-02-09,0.0,0.0,0.0,0.21531458075677537,0.0,0.008348218007588186,0.0,0.0,0.0,0.0,0.06746759480558717,0.0,0.0,0.025142443730563034,0.0,0.0,0.07791345678024696,0.0,0.07581581281317536,0.0,0.0,0.0,0.25103900824403125,0.0,0.0,0.11896836402869931,0.039997630208333336,0.0,0.0,0.0,0.039997630208333336,0.0,0.039997630208333336,0.0,0.039997630208333336
2007-02-16,0.0,0.0,0.0,0.1910876069217894,0.0,0.008348218007588186,0.0,0.0,0.0,0.005281207489658694,0.06746759480558717,0.0,0.0,0.09630018645468483,0.0,0.0,0.07526649669169785,0.0,0.07581581281317536,0.0,0.0,0.0,0.23537327865448762,0.0,0.0,0.08506907732799752,0.039997630208333336,0.0,0.039997630208333336,0.0,0.0,0.0,0.039997630208333336,0.0,0.039997630208333336
2007-02-23,0.0,0.0,0.0,0.22883860822434193,0.0,0.008937319884743162,0.0,0.0,0.0,0.0,0.13859018337383225,0.0,0.0,0.0,0.0,0.0,0.0948302695352932,0.0,0.03815556414641268,0.0,0.0,0.0,0.2058058096935756,0.0,0.0,0.12484271910013457,0.03999988151041667,0.0,0.0,0.03999988151041667,0.0,0.0,0.03999988151041667,0.0,0.03999988151041667
2007-03-02,0.0,0.0,0.0,0.20024975341690046,0.0,0.008937319884743162,0.0,0.0,0.0,0.0,0.13859018337383225,0.0,0.0,0.0,0.0,0.0,0.09990243790546574,0.0,0.03815556414641268,0.0,0.0,0.0,0.23197266846586845,0.0,0.0,0.12219254676511064,0.03999988151041667,0.0,0.0,0.03999988151041667,0.0,0.0,0.03999988151041667,0.0,0.03999988151041667
2007-03-09,0.0,0.0,0.0,0.1926361701608549,0.0,0.008937319884743162,0.0,0.0,0.0,0.0,0.13859018337383225,0.0,0.0,0.0,0.0,0.0,0.10200573222082818,0.0,0.03815556414641268,0.0,0.0,0.0,0.23527018831342447,0.0,0.0,0.12440531585823775,0.03999988151041667,0.0,0.0,0.03999988151041667,0.0,0.0,0.03999988151041667,0.0,0.03999988151041667
2007-03-16,0.0,0.0,0.0,0.2173887896941952,0.0,0.030920165923533104,0.0,0.0,0.0,0.016637275909714234,0.13859018337383225,0.0,0.0,0.0,0.0,0.0,0.03445125061528836,0.0,0.03815556414641268,0.0,0.0,0.0,0.23267927417366988,0.0,0.0,0.13117797012168764,0.03999988151041667,0.0,0.0,0.03999988151041667,0.0,0.0,0.03999988151041667,0.0,0.03999988151041667
2007-03-23,0.0,0.0,0.0,0.18736100939594239,0.0,0.07401323245649959,0.0,0.0,0.0,0.015633111279452563,0.13859018337383225,0.0,0.0,0.0,0.0,0.0,0.03357957920242249,0.0,0.03815556414641268,0.0,0.0,0.0,0.2293963389018529,0.0,0.0,0.12327145520191844,0.03999988151041667,0.03999988151041667,0.0,0.03999988151041667,0.0,0.0,0.03999988151041667,0.0,0.0
2007-03-30,1.1102230246251565e-16,0.0,0.0,0.12729930665545638,0.0,0.10341132784329597,0.0,0.0,0.0,0.029597046849297835,0.09599073236480786,0.0,0.0,0.012426053231765431,0.0,0.0,0.05106759994332343,0.0,0.07983891956756627,0.0,0.0,0.0,0.23436616940706478,0.0,0.0,0.10600308111658856,0.03999994075520833,0.03999994075520833,0.0,0.03999994075520833,0.0,0.0,0.03999994075520833,0.0,0.0
2007-04-06,0.0,0.0,0.0,0.11432204505627906,0.0,0.06717969262692199,0.0,0.0,0.0,0.0,0.1658627222405557,0.0,0.0,0.0,0.0,0.0,0.06493628541433696,0.0,0.14550334147394775,0.0,0.0,0.0,0.2145288445343905,0.0,0.0,0.0676673056327346,0.03999994075520833,0.03999994075520833,0.0,0.0,0.0,0.03999994075520833,0.03999994075520833,0.0,0.0
2007-04-13,1.1102230246251565e-16,0.0,0.0,0.1367387400392704,0.0,0.09438228395795299,0.0,0.0,0.0,0.004931212496785099,0.09599073236480786,0.0,0.0,0.0,0.0,0.0,0.08457579690542875,0.0,0.07983891956756627,0.0,0.0,0.0,0.20640603411472724,0.0,0.0,0.09713657677741964,0.03999994075520833,0.03999994075520833,0.0,0.0,0.0,0.03999994075520833,0.03999994075520833,0.03999994075520833,0.0
2007-04-20,1.1102230246251565e-16,0.0,0.0,0.12116301171879323,0.0,0.07404078492603358,0.0,0.0,0.0,0.0,0.09599073236480786,0.0,0.0,0.0,0.0,0.0,0.08562758713138224,0.0,0.16799688955879566,0.0,0.0,0.0,0.1722559064614585,0.0,0.0,0.08292538406268717,0.03999994075520833,0.03999994075520833,0.0,0.0,0.0,0.03999994075520833,0.03999994075520833,0.03999994075520833,0.0
2007-04-27,1.1102230246251565e-16,0.04758258938565246,0.0,0.1554788445002602,0.0,0.011667777332212964,0.0,0.0,0.0,0.04075298336546586,0.10199879545842956,0.0,0.0,0.004208255890672282,0.0,0.0,0.07032918030739861,0.0,0.11366657279064253,0.0,0.0,0.0,0.1878771288076605,0.0,0.0,0.0664380202735841,0.039999970377604166,0.039999970377604166,0.0,0.039999970377604166,0.0,0.0,0.039999970377604166,0.039999970377604166,0.0
2007-05-04,0.0,0.04758258938565246,0.0,0.16364431362914184,0.0,0.011667777332212964,0.0,0.0,0.0,0.03527600413307606,0.10199879545842956,0.0,0.0,0.0,0.0,0.0,0.06025662981641127,0.0,0.11366657279064253,0.0,0.0,0.0,0.1785077139631234,0.0,0.0,0.08739975160328912,0.039999970377604166,0.039999970377604166,0.0,0.039999970377604166,0.0,0.0,0.039999970377604166,0.039999970377604166,0.0
2007-05-11,0.0,0.04758258938565246,0.0,0.1598880226709361,0.0,0.011667777332212964,0.0,0.0,0.0,0.0,0.10199879545842956,0.0,0.0,0.03168124352857111,0.0,0.0,0.07235173112607816,0.0,0.11366657279064253,0.0,0.0,0.0,0.17610568098770035,0.0,0.0,0.08505773483175587,0.039999970377604166,0.039999970377604166,0.0,0.039999970377604166,0.0,0.0,0.039999970377604166,0.039999970377604166,0.0
2007-05-18,0.0,0.04758258938565246,0.0,0.15886698689558307,0.0,0.011667777332212964,0.0,0.0,0.0,0.04479543396233632,0.10199879545842956,0.0,0.0,0.013812634108374387,0.0,0.0,0.04681158209336842,0.0,0.11366657279064253,0.0,0.0,0.0,0.16884886040046346,0.0,0.0,0.09194891568491596,0.039999970377604166,0.039999970377604166,0.0,0.039999970377604166,0.0,0.0,0.039999970377604166,0.039999970377604166,0.0
2007-05-25,0.0,0.0,0.0,0.2042092474505553,0.0,0.01276796054816925,0.0,0.0,0.0,0.0043790974736545776,0.11205657631837429,0.0,0.0,0.0,0.0,0.0,0.051649484038366354,0.0,0.12482453686654355,0.0,0.0,0.0,0.16453664550770958,0.0,0.0,0.12557652585261664,0.03999998518880209,0.03999998518880209,0.0,0.03999998518880209,0.0,0.0,0.03999998518880209,0.03999998518880209,0.0
2007-06-01,0.0,0.0,0.0,0.20979617031785566,0.0,0.01276796054816925,0.0,0.0,0.0,0.0,0.11205657631837429,0.0,0.0,0.048384117338537085,0.0,0.0,0.04222908743831774,0.0,0.12482453686654355,0.0,0.0,0.0,0.12033538326859619,0.0,0.0,0.12960624195959575,0.03999998518880209,0.03999998518880209,0.0,0.03999998518880209,0.03999998518880209,0.0,0.03999998518880209,0.0,0.0
2007-06-08,1.1102230246251565e-16,0.0,0.0,0.21194844078592132,0.0,0.01276796054816925,0.0,0.0,0.0,0.0,0.11205657631837429,0.0,0.0,0.05135419753886405,0.0,0.0,0.04306251421143942,0.0,0.12482453686654355,0.0,0.0,0.0,0.10993645055141882,0.0,0.0,0.13404939723525885,0.03999998518880209,0.03999998518880209,0.0,0.03999998518880209,0.03999998518880209,0.0,0.0,0.03999998518880209,0.0
2007-06-15,0.0,0.0,0.0,0.2180977112528861,0.0,0.01276796054816925,0.0,0.0,0.0,0.004550930435763532,0.11205657631837429,0.0,0.0,0.048883836510307845,0.0,0.0,0.04150486225249589,0.0,0.12482453686654355,0.0,0.0,0.0,0.10993645055141882,0.0,0.0,0.12737720932003027,0.03999998518880209,0.03999998518880209,0.0,0.03999998518880209,0.03999998518880209,0.0,0.0,0.03999998518880209,0.0
2007-06-22,1.1102230246251565e-16,0.0,0.0,0.2102752071111532,0.0,0.01276796054816925,0.0,0.0,0.0,0.0,0.11205657631837429,0.0,0.0,0.034102681323232235,0.0,0.0,0.06565268885572048,0.0,0.12482453686654355,0.0,0.0,0.0,0.10993645055141882,0.0,0.0,0.13038397248137773,0.03999998518880209,0.03999998518880209,0.0,0.03999998518880209,0.03999998518880209,0.0,0.0,0.03999998518880209,0.0
2007-06-29,1.1102230246251565e-16,0.0,0.0,0.3049909281761873,0.0,0.018023274844636557,0.07331484595912448,0.0,0.0,0.004726585993239987,0.10720759586125689,0.0,0.0,0.033936521479103726,0.0,0.0,0.11361395041201498,0.0,0.10720759586125689,0.0,0.0,0.0,0.0,0.0,0.0,0.13697873844117395,0.019999992594401043,0.019999992594401043,0.0,0.019999992594401043,0.019999992594401043,0.0,0.0,0.019999992594401043,0.0
2007-07-06,0.0,0.0,0.0,0.2964506284053972,0.0,0.018023274844636557,0.07331484595912448,0.0,0.0,0.01276519236213784,0.10720759586125689,0.0,0.0,0.04712748573456577,0.0,0.0,0.11053554455650949,0.0,0.10720759586125689,0.0,0.0,0.0,0.0,0.0,0.0,0.12736787344310962,0.019999992594401043,0.019999992594401043,0.0,0.019999992594401043,0.019999992594401043,0.0,0.019999992594401043,0.0,0.0
2007-07-13,0.0,0.0,0.0,0.29076327957339415,0.0,0.018023274844636557,0.07331484595912448,0.0,0.0,0.02853117711467321,0.10720759586125689,0.0,0.0,0.044940676586237085,0.0,0.0,0.10894983835669457,0.0,0.10720759586125689,0.0,0.0,0.0,0.0,0.0,0.0,0.12106175287072095,0.019999992594401043,0.019999992594401043,0.0,0.019999992594401043,0.019999992594401043,0.0,0.019999992594401043,0.0,0.0
2007-07-20,0.0,0.0,0.0,0.28336463850468424,0.0,0.018023274844636557,0.07331484595912448,0.0,0.0,0.029364408903355153,0.10720759586125689,0.0,0.0,0.04884743372388282,0.0,0.0,0.10967900934907229,0.0,0.10720759586125689,0.0,0.0,0.0,0.0,0.0,0.0,0.12299123402072544,0.019999992594401043,0.019999992594401043,0.0,0.019999992594401043,0.019999992594401043,0.0,0.019999992594401043,0.0,0.0
2007-07-27,0.11999999999999988,0.0,0.0,0.120210192067631,0.0,0.018298737675873807,0.1192048137707056,0.0,0.0,0.0295597757208772,0.1192048137707056,0.0,0.0,0.0530542997745877,0.0,0.0,0.14947255650516716,0.0,0.1192048137707056,0.0,0.0,0.0,0.0,0.0,0.0,0.1077900132360641,0.00879999674153646,0.00879999674153646,0.0,0.00879999674153646,0.00879999674153646,0.00879999674153646,0.0,0.0,0.0
2007-08-03,0.12,0.0,0.0,0.13381024331565045,0.0,0.018298737675873807,0.1192048137707056,0.0,0.0,0.02913024210393521,0.1192048137707056,0.0,0.0,0.04316628631398685,0.0,0.0,0.1492046684722642,0.0,0.1192048137707056,0.0,0.0,0.0,0.0,0.0,0.0,0.10477539709849039,0.00879999674153646,0.00879999674153646,0.0,0.00879999674153646,0.00879999674153646,0.00879999674153646,0.0,0.0,0.0
2007-08-10,0.12,0.0,0.0,0.11884920426656556,0.0,0.018298737675873807,0.1192048137707056,0.0,0.0,0.02796813271919694,0.1192048137707056,0.0,0.0,0.05904152141799465,0.0,0.0,0.14921728221706504,0.0,0.1192048137707056,0.0,0.0,0.0,0.0,0.0,0.0,0.10501069668350492,0.00879999674153646,0.00879999674153646,0.0,0.00879999674153646,0.00879999674153646,0.00879999674153646,0.0,0.0,0.0
2007-08-17,0.12,0.0,0.0,0.12073825645539862,0.0,0.018298737675873807,0.1192048137707056,0.0,0.0,0.023014043263935458,0.1192048137707056,0.0,0.0,0.061571211939963295,0.0,0.0,0.14999060992470598,0.0,0.1192048137707056,0.0,0.0,0.0,0.0,0.0,0.0,0.10477271572032375,0.0,0.00879999674153646,0.0,0.00879999674153646,0.00879999674153646,0.00879999674153646,0.00879999674153646,0.0,0.0
2007-08-24,0.12,0.0,0.0,0.12235615738303393,0.0,0.018298737675873807,0.1192048137707056,0.0,0.0,0.003690030201639886,0.1192048137707056,0.0,0.0,0.06544813756948348,0.0,0.0,0.16085030295533873,0.0,0.1192048137707056,0.0,0.0,0.0,0.0,0.0,0.0,0.10774220919483113,0.00879999674153646,0.00879999674153646,0.0,0.00879999674153646,0.00879999674153646,0.00879999674153646,0.0,0.0,0.0
2007-08-31,0.6,0.0,0.0,0.051308383833375146,0.0,0.007031855735178231,0.06257564972560901,0.0,0.0,0.0,0.06257564972560901,0.0,0.0,0.0689163998498295,0.0,0.0,0.02562385314269191,0.0,0.06960750546078724,0.0,0.0,0.0,0.0,0.0,0.0,0.04236070622971945,0.0019999992594401045,0.0019999992594401045,0.0,0.0019999992594401045,0.0019999992594401045,0.0019999992594401045,0.0,0.0,0.0
2007-09-07,0.6,0.0,0.0,0.053194301640291694,0.0,0.018755544356175283,0.06257564972560901,0.0,0.0,0.0,0.06257564972560901,0.0,0.0,0.06636632913633005,0.0,0.0,0.016303525241231118,0.0,0.06960750546078724,0.0,0.0,0.0,0.0,0.0,0.0,0.0406214984167661,0.0,0.0019999992594401045,0.0,0.0019999992594401045,0.0019999992594401045,0.0019999992594401045,0.0019999992594401045,0.0,0.0
2007-09-14,0.6,0.0,0.0,0.04294871364633736,0.0,0.020659227901498357,0.06257564972560901,0.0,0.0,0.0,0.06257564972560901,0.0,0.0,0.070717061209865,0.0,0.0,0.016303525241231118,0.0,0.06960750546078724,0.0,0.0,0.0,0.0,0.0,0.0,0.044612670791862416,0.0019999992594401045,0.0019999992594401045,0.0,0.0019999992594401045,0.0019999992594401045,0.0019999992594401045,0.0,0.0,0.0
2007-09-21,0.6,0.0,0.0,0.03458883927010767,0.0,0.028687888861629,0.06257564972560901,0.0,0.0,0.0,0.06257564972560901,0.0,0.0,0.0690752484803909,0.0,0.0,0.016303525241231118,0.0,0.06960750546078724,0.0,0.0,0.0,0.0,0.0,0.0,0.04658569693743557,0.0019999992594401045,0.0019999992594401045,0.0,0.0019999992594401045,0.0019999992594401045,0.0,0.0019999992594401045,0.0,0.0
2007-09-28,0.01609404342737286,0.0,0.0,0.1116044261047853,0.0,0.024392853491487815,0.16107686824686673,0.0,0.0,0.0,0.1479017913642871,0.0,0.0,0.23123132249965372,0.0,0.0,0.04332480211456707,0.0,0.16107686824686673,0.0,0.0,0.0,0.0,0.0,0.0,0.09654302700498335,0.0013507994998258463,0.0013507994998258463,0.0,0.0013507994998258463,0.0013507994998258463,0.0013507994998258463,0.0,0.0,0.0
2007-10-05,0.016094043427373084,0.0,0.0,0.11073771506939695,0.0,0.0314944259809638,0.16107686824686673,0.0,0.0,0.0,0.1479017913642871,0.0,0.0,0.22853541729521376,0.0,0.0,0.04316257636212724,0.0,0.16107686824686673,0.0,0.0,0.0,0.0,0.0,0.0,0.09316629650777544,0.0013507994998258463,0.0013507994998258463,0.0,0.0013507994998258463,0.0013507994998258463,0.0,0.0,0.0013507994998258463,0.0
2007-10-12,0.016094043427372973,0.0,0.0,0.08038809180822226,0.0,0.06853308465703782,0.16107686824686673,0.0,0.0,0.0,0.1479017913642871,0.0,0.0,0.195687172484007,0.0,0.0,0.039048189912809006,0.0,0.20275058286855913,0.0,0.0,0.0,0.0,0.0,0.0,0.08176617773170874,0.0013507994998258463,0.0013507994998258463,0.0,0.0013507994998258463,0.0013507994998258463,0.0013507994998258463,0.0,0.0,0.0
2007-10-19,0.01609404342737286,0.0,0.0,0.08038809180822226,0.0,0.06582739425623221,0.16107686824686673,0.0,0.0,0.0,0.1479017913642871,0.0,0.0,0.19512312393011197,0.0,0.0,0.039048189912809006,0.0,0.20648467910331603,0.0,0.0,0.0,0.0,0.0,0.0,0.08130182045165249,0.0013507994998258463,0.0013507994998258463,0.0,0.0013507994998258463,0.0013507994998258463,0.0013507994998258463,0.0,0.0,0.0
2007-10-26,0.6473699470473566,0.0,0.0,0.01856432789921293,0.0,0.09653298495267647,0.06074983099482055,0.0,0.0,0.0,0.055015117799255484,0.0,0.0,0.01796642769469479,0.0,0.0,0.007320006158930559,0.0,0.06074983099482055,0.0,0.0,0.0,0.0,0.0,0.0,0.03435863152777413,0.00027457898609157107,0.00027457898609157107,0.0,0.0,0.00027457898609157107,0.00027457898609157107,0.00027457898609157107,0.0,0.0
2007-11-02,0.6473699470473566,0.0,0.0,0.02314975060756959,0.0,0.090581531532552,0.06074983099482055,0.0,0.0,0.0,0.055015117799255484,0.0,0.0,0.019217996275455416,0.0,0.0,0.007152968800587511,0.0,0.06074983099482055,0.0,0.0,0.0,0.0,0.0,0.0,0.034640131017124355,0.00027457898609157107,0.00027457898609157107,0.0,0.00027457898609157107,0.00027457898609157107,0.0,0.00027457898609157107,0.0,0.0
2007-11-09,0.6473699470473567,0.0,0.0,0.02368241322282129,0.0,0.08402379491124806,0.06074983099482055,0.0,0.0,0.0,0.055015117799255484,0.0,0.0,0.02090608758320284,0.0,0.0,0.010141531440865041,0.0,0.06074983099482055,0.0,0.0,0.0,0.0,0.0,0.0,0.03598855107515163,0.00027457898609157107,0.00027457898609157107,0.0,0.0,0.00027457898609157107,0.00027457898609157107,0.00027457898609157107,0.0,0.0
2007-11-16,0.6473699470473567,0.0,0.0,0.02501510123033291,0.0,0.08562265622474305,0.06074983099482055,0.0,0.0,0.0,0.055015117799255484,0.0,0.0,0.02083399048870765,0.0,0.0,0.009684669241481586,0.0,0.06074983099482055,0.0,0.0,0.0,0.0,0.0,0.0,0.03358596104802367,0.00027457898609157107,0.00027457898609157107,0.0,0.00027457898609157107,0.00027457898609157107,0.00027457898609157107,0.0,0.0,0.0
2007-11-23,0.6473699470473567,0.0,0.0,0.02579604093784878,0.0,0.09125056705487597,0.06074983099482055,0.0,0.0,0.0,0.055015117799255484,0.0,0.0,0.017633563038853786,0.0,0.0,0.005734713195565066,0.0,0.06074983099482055,0.0,0.0,0.0,0.0,0.0,0.0,0.03432749400614527,0.0,0.0003432237326144638,0.0,0.0,0.0003432237326144638,0.0003432237326144638,0.0003432237326144638,0.0,0.0
2007-11-30,0.6,0.0,0.0,0.05064671040895613,0.0,0.034784728460949196,0.09703351538698346,0.0,0.0,0.0,0.09703351538698346,0.0,0.0,0.033591266347766456,0.0,0.0,0.01873487347418089,0.0,0.03274264449260854,0.0,0.0,0.0,0.0,0.0,0.0,0.03474629857634292,0.00013728949304578553,0.00013728949304578553,0.0,0.0,0.0,0.00013728949304578553,0.00013728949304578553,0.00013728949304578553,0.0
2007-12-07,0.6,0.0,0.0,0.0500601163234553,0.0,0.03612503079251384,0.09703351538698346,0.0,0.0,0.0,0.09703351538698346,0.0,0.0,0.03421967648516396,0.0,0.0,0.01873487347418089,0.0,0.03274264449260854,0.0,0.0,0.0,0.0,0.0,0.0,0.03336418019288158,0.00013728949304578553,0.00013728949304578553,0.0,0.0,0.00013728949304578553,0.00013728949304578553,0.00013728949304578553,0.0,0.0
2007-12-14,0.6,0.0,0.0,0.048800454388806175,0.0,0.04148034128844704,0.09703351538698346,0.0,0.0,0.0,0.09703351538698346,0.0,0.0,0.02817569040295821,0.0,0.0,0.01873487347418089,0.0,0.03274264449260854,0.0,0.0,0.0,0.0,0.0,0.0,0.03531251771380328,0.00013728949304578553,0.00013728949304578553,0.0,0.0,0.00013728949304578553,0.00013728949304578553,0.00013728949304578553,0.0,0.0
2007-12-21,0.6000000000000001,0.0,0.0,0.042058744185813034,0.0,0.038836058010488325,0.09703351538698346,0.0,0.0,0.0,0.09703351538698346,0.0,0.0,0.03085020263352213,0.0,0.0,0.01873487347418089,0.0,0.04137723809190672,0.0,0.0,0.0,0.0,0.0,0.0,0.03338940536489301,0.00013728949304578553,0.00013728949304578553,0.0,0.0,0.00013728949304578553,0.00013728949304578553,0.00013728949304578553,0.0,0.0
2007-12-28,0.19384588928679858,0.0,0.0,0.032419151536463665,0.0,0.21204806984151425,0.15129591899150302,0.0,0.0,0.0,0.13721730391457776,0.0,0.0,0.00873308390165134,0.0,0.0,0.014078615076925262,0.0,0.19372404685236644,0.0,0.0,0.0,0.0,0.0,0.0,0.05588282838644791,0.00015101844235036407,0.00015101844235036407,0.0,0.0,0.00015101844235036407,0.00015101844235036407,0.00015101844235036407,0.0,0.0
2008-01-04,0.19384588928679847,0.0,0.0,0.032419151536463665,0.0,0.2022440849660882,0.15129591899150302,0.0,0.0,0.0,0.13721730391457776,0.0,0.0,0.016266784599579052,0.0,0.0,0.014078615076925262,0.0,0.1920452291460279,0.0,0.0,0.0,0.0,0.0,0.0,0.059831930270284835,0.0,0.0002516974039172734,0.0,0.0,0.0,0.0002516974039172734,0.0002516974039172734,0.0,0.0
2008-01-11,0.19384588928679847,0.0,0.0,0.032419151536463665,0.0,0.21325461852975441,0.15129591899150302,0.0,0.0,0.0,0.13721730391457776,0.0,0.0,0.014119675710731057,0.0,0.0,0.014078615076925262,0.0,0.17273888276337407,0.0,0.0,0.0,0.0,0.0,0.0,0.07027485197812043,0.0,0.00018877305293795506,0.0,0.0,0.0,0.00018877305293795506,0.00018877305293795506,0.00018877305293795506,0.0
2008-01-18,0.19460098149855032,0.0,0.0,0.032419151536463665,0.0,0.21918883481232665,0.15129591899150302,0.0,0.0,0.0,0.13721730391457776,0.0,0.0,0.005610986544237091,0.0,0.0,0.014078615076925262,0.0,0.18855519360347062,0.0,0.0,0.0,0.0,0.0,0.0,0.05703301402194562,0.0,0.0,0.0,0.0,0.0,0.0,0.0,0.0,0.0
2008-01-25,0.6001716118663072,0.02695737970428367,0.0,0.007928448821109822,0.0,0.04635894780894921,0.07678456377437595,0.0,0.0,0.0,0.07678456377437595,0.0,0.0,0.040909311080772615,0.0,0.0,0.0,0.0,0.09198736910094568,0.0,0.0,0.0,0.0,0.0,0.0,0.03211780406887992,0.0,0.0,0.0,0.0,0.0,0.0,0.0,0.0,0.0
2008-02-01,0.6,0.02695737970428367,0.0,0.007928448821109822,0.0,0.04388099932023068,0.07678456377437595,0.0,0.0,0.0,0.07678456377437595,0.0,0.0,0.03288758247021115,0.0,0.0,0.0,0.0,0.10480817067911,0.0,0.0,0.0,0.0,0.0,0.0,0.029796679589995587,5.7203955435743963e-05,5.7203955435743963e-05,0.0,0.0,0.0,5.7203955435743963e-05,0.0,0.0,0.0
2008-02-08,0.6001716118663072,0.02695737970428367,0.0,0.007928448821109822,0.0,0.041530150484688416,0.07678456377437595,0.0,0.0,0.0,0.07678456377437595,0.0,0.0,0.030699832079123635,0.0,0.0,0.0,0.0,0.10959950335658689,0.0,0.0,0.0,0.0,0.0,0.0,0.0295439461391485,0.0,0.0,0.0,0.0,0.0,0.0,0.0,0.0,0.0
2008-02-15,0.6001716118663072,0.02695737970428367,0.0,0.007928448821109822,0.0,0.04332304163795121,0.07678456377437595,0.0,0.0,0.0,0.07678456377437595,0.0,0.0,0.030699832079123635,0.0,0.0,0.0,0.0,0.10694500784962327,0.0,0.0,0.0,0.0,0.0,0.0,0.030405550492849317,0.0,0.0,0.0,0.0,0.0,0.0,0.0,0.0,0.0
2008-02-22,0.6,0.02695737970428367,0.0,0.007928448821109822,0.0,0.034979740132136145,0.07678456377437595,0.0,0.0,0.0,0.08796893709669895,0.0,0.0,0.030699832079123635,0.0,0.0,0.0,0.0,0.10911164674855584,0.0,0.0,0.0,0.0,0.0,0.0,0.025397839777408816,5.7203955435743963e-05,5.7203955435743963e-05,0.0,0.0,0.0,5.7203955435743963e-05,0.0,0.0,0.0
2008-02-29,0.6000858059331535,0.05611233619730797,0.0,0.0,0.0,0.033517484343210564,0.07798066118574302,0.0,0.0,0.0,0.09340846806157173,0.0,0.0,0.0,0.0,0.0,0.0,0.0,0.1156856594782015,0.0,0.0,0.0,0.0,0.0,0.0,0.023209584800811617,0.0,0.0,0.0,0.0,0.0,0.0,0.0,0.0,0.0
2008-03-07,0.6000858059331535,0.05611233619730797,0.0,0.0,0.0,0.03871735618570139,0.07798066118574302,0.0,0.0,0.0,0.08346331261540815,0.0,0.0,0.0,0.0,0.0,0.0,0.0,0.11716719675324308,0.0,0.0,0.0,0.0,0.0,0.0,0.026473331129442765,0.0,0.0,0.0,0.0,0.0,0.0,0.0,0.0,0.0
2008-03-14,0.6000858059331536,0.05611233619730797,0.0,0.0,0.0,0.03539312896389272,0.07798066118574302,0.0,0.0,0.0,0.09403194054052781,0.0,0.0,0.0,0.0,0.0,0.0,0.0,0.11292791520738045,0.0,0.0,0.0,0.0,0.0,0.0,0.023468211971994418,0.0,0.0,0.0,0.0,0.0,0.0,0.0,0.0,0.0
2008-03-21,0.6000858059331536,0.05611233619730797,0.0,0.0,0.0,0.03589317549577528,0.07798066118574302,0.0,0.0,0.0,0.08700693221103589,0.0,0.0,0.0,0.0,0.0,0.0,0.0,0.11508683274300423,0.0,0.0,0.0,0.0,0.0,0.0,0.027834256233979997,0.0,0.0,0.0,0.0,0.0,0.0,0.0,0.0,0.0
2008-03-28,0.6000429029665768,0.025056545210315185,0.0,0.0,0.0,0.06806618079099107,0.079579602242457,0.0,0.0,0.0,0.08869661961091548,0.0,0.0,0.0,0.0,0.0,0.0,0.0,0.12515386443266396,0.0,0.0,0.0,0.0,0.0,0.0,0.013404284746080557,0.0,0.0,0.0,0.0,0.0,0.0,0.0,0.0,0.0
2008-04-04,0.5999999999999999,0.025056545210315185,0.0,0.0,0.0,0.0675586517518601,0.079579602242457,0.0,0.0,0.0,0.09151964304315137,0.0,0.0,0.0,0.0,0.0,0.0,0.0,0.12467209286238312,0.0,0.0,0.0,0.0,0.0,0.0,0.011570561923256489,1.4300988858935994e-05,1.4300988858935994e-05,0.0,0.0,0.0,1.4300988858935994e-05,0.0,0.0,0.0
2008-04-11,0.6000429029665768,0.025056545210315185,0.0,0.0,0.0,0.06708948651052518,0.079579602242457,0.0,0.0,0.0,0.09429214779808517,0.0,0.0,0.0,0.0,0.0,0.0,0.0,0.12419343279062826,0.0,0.0,0.0,0.0,0.0,0.0,0.009745882481412432,0.0,0.0,0.0,0.0,0.0,0.0,0.0,0.0,0.0
2008-04-18,0.6,0.025056545210315185,0.0,0.0,0.0,0.06668621241944515,0.079579602242457,0.0,0.0,0.0,0.09572199113845259,0.0,0.0,0.0,0.0,0.0,0.0,0.0,0.12483707305311995,0.0,0.0,0.0,0.0,0.0,0.0,0.008075672969633366,1.0725741644201996e-05,1.0725741644201996e-05,0.0,0.0,0.0,1.0725741644201996e-05,1.0725741644201996e-05,0.0,0.0
2008-04-25,0.6000214514832884,0.023004471315349835,0.0,0.0,0.0,0.10828825486426825,0.03500168543955592,0.0,0.0,0.0,0.09274575244312938,0.0,0.0,0.0,0.0,0.0,0.0,0.0,0.1152161101598545,0.0,0.0,0.0,0.010057879846135598,0.0,0.0,0.01566439444841813,0.0,0.0,0.0,0.0,0.0,0.0,0.0,0.0,0.0
2008-05-02,0.6,0.023004471315349835,0.0,0.0,0.0,0.10762539759607062,0.03500168543955592,0.0,0.0,0.0,0.09294085865864296,0.0,0.0,0.0,0.0,0.0,0.0,0.0,0.11622972586718812,0.0,0.0,0.0,0.008034347421860244,0.0,0.0,0.017147425088866023,5.362870822100998e-06,5.362870822100998e-06,0.0,0.0,0.0,5.362870822100998e-06,0.0,0.0,0.0
2008-05-09,0.6000000000000001,0.023004471315349835,0.0,0.0,0.0,0.11384881598042706,0.03500168543955592,0.0,0.0,0.0,0.08306157270961219,0.0,0.0,0.0,0.0,0.0,0.0,0.0,0.11778690018653037,0.0,0.0,0.0,0.008034347421860244,0.0,0.0,0.019246118334198092,5.362870822100998e-06,5.362870822100998e-06,0.0,0.0,0.0,5.362870822100998e-06,0.0,0.0,0.0
2008-05-16,0.5999999999999999,0.023004471315349835,0.0,0.0,0.0,0.11137183253348429,0.03500168543955592,0.0,0.0,0.0,0.0826073909579251,0.0,0.0,0.0,0.0,0.0,0.0,0.0,0.11921282259177585,0.0,0.0,0.0,0.008033274847695825,0.0,0.0,0.020751361127582503,4.290296657680799e-06,4.290296657680799e-06,0.0,4.290296657680799e-06,0.0,4.290296657680799e-06,0.0,0.0,0.0
2008-05-23,0.5999999999999999,0.023004471315349835,0.0,0.0,0.0,0.11263324038875913,0.03500168543955592,0.0,0.0,0.0,0.08312764624019772,0.0,0.0,0.0,0.0,0.0,0.0,0.0,0.10853009314764807,0.0,0.0,0.0,0.011133907085841999,0.0,0.0,0.026554655393788415,7.150494429467997e-06,7.150494429467997e-06,0.0,0.0,0.0,0.0,0.0,0.0,0.0
2008-05-30,0.12,0.04956277290063246,0.0,0.014276831817315486,0.0,0.24771811252415565,0.1898280438787056,0.0,0.0,0.0,0.06682205868870336,0.0,0.0,0.0,0.0,0.0,0.0,0.0,0.22635088123422983,0.0,0.0,0.0,0.029272300293155303,0.0,0.0,0.05615326757535745,7.865543872414797e-06,7.865543872414797e-06,0.0,0.0,0.0,0.0,0.0,0.0,0.0
2008-06-06,0.12002359663161721,0.04956277290063246,0.0,0.014276831817315486,0.0,0.2467220082274956,0.1898280438787056,0.0,0.0,0.0,0.06127486867260175,0.0,0.0,0.002024487377755328,0.0,0.0,0.0,0.0,0.22016849446049402,0.0,0.0,0.0,0.027481893887378307,0.0,0.0,0.06863700214600423,0.0,0.0,0.0,0.0,0.0,0.0,0.0,0.0,0.0
2008-06-13,0.12002359663161721,0.04956277290063246,0.0,0.014276831817315486,0.0,0.23705717633126053,0.1898280438787056,0.0,0.0,0.0,0.08241829991618042,0.0,0.0,0.004318467052088372,0.0,0.0,0.0,0.0,0.23964054735365556,0.0,0.0,0.0,0.014276831817315486,0.0,0.0,0.04859743230122883,0.0,0.0,0.0,0.0,0.0,0.0,0.0,0.0,0.0
2008-06-20,0.12002359663161721,0.04956277290063246,0.0,0.014276831817315486,0.012187785175595049,0.231253499420073,0.1898280438787056,0.0,0.0,0.0,0.07619005732534578,0.0,0.0,0.014844851525995722,0.0,0.0,0.0,0.0,0.20738332745424592,0.0,0.0,0.0,0.027860503352328224,0.0,0.0,0.05658873051814549,0.0,0.0,0.0,0.0,0.0,0.0,0.0,0.0,0.0
2008-06-27,0.19350861897270577,0.0,0.0,0.0,0.0,0.2822753339903764,0.14083544606722337,0.0,0.0,0.0,0.15837164750420168,0.0,0.0,0.0,0.0,0.0,0.0,0.0,0.1849416957367423,0.0,0.0,0.0,0.0,0.0,0.0,0.040067257728750444,0.0,0.0,0.0,0.0,0.0,0.0,0.0,0.0,0.0
2008-07-04,0.19350861897270577,0.033008390035929855,0.0,0.0,0.0,0.2818361018393265,0.14083544606722337,0.0,0.0,0.0,0.14083544606722337,0.0,0.0,0.012552772845468234,0.0,0.0,0.0,0.0,0.15866720963576064,0.0,0.0,0.0,0.0,0.0,0.0,0.03875601453636228,0.0,0.0,0.0,0.0,0.0,0.0,0.0,0.0,0.0
2008-07-11,0.19350861897270577,0.02634087530561784,0.0,0.0,0.0,0.2683656576142755,0.14083544606722337,0.0,0.0,0.0,0.1659180681972015,0.0,0.0,0.0027565826558509183,0.0,0.0,0.0,0.0,0.18444298761858785,0.0,0.0,0.0,0.0,0.0,0.0,0.017831763568537242,0.0,0.0,0.0,0.0,0.0,0.0,0.0,0.0,0.0
2008-07-18,0.19350861897270577,0.05154114589123814,0.0,0.0,0.0,0.2860121829980132,0.14083544606722337,0.0,0.0,0.0,0.14083544606722337,0.0,0.0,0.0,0.0,0.0,0.0,0.0,0.16943539643505895,0.0,0.0,0.0,0.0,0.0,0.0,0.017831763568537242,0.0,0.0,0.0,0.0,0.0,0.0,0.0,0.0,0.0
2008-07-25,0.20000536287082205,0.10483395151360722,0.0,0.0,0.0,0.18875287453730638,0.1461871292766807,0.0,0.0,0.0,0.180621868950968,0.0,0.0,0.0,0.0,0.0,0.0,0.0,0.17959881285061574,0.0,0.0,0.0,0.0,0.0,0.0,0.0,0.0,0.0,0.0,0.0,0.0,0.0,0.0,0.0,0.0
2008-08-01,0.20000536287082205,0.10033994078958453,0.0,0.0,0.0,0.18124227982105853,0.1461871292766807,0.0,0.0,0.0,0.17721706128505077,0.0,0.0,0.0,0.0,0.0,0.0,0.0,0.1950082259568035,0.0,0.0,0.0,0.0,0.0,0.0,0.0,0.0,0.0,0.0,0.0,0.0,0.0,0.0,0.0,0.0
2008-08-08,0.19999999999999996,0.09922096230371742,0.0,0.0,0.0,0.17975227161320784,0.1461871292766807,0.0,0.0,0.0,0.18459587393221816,0.0,0.0,0.0,0.0,0.0,0.0,0.0,0.1902384000033539,0.0,0.0,0.0,1.7876236073669989e-06,0.0,0.0,0.0,0.0,0.0,0.0,0.0,0.0,1.7876236073669989e-06,0.0,1.7876236073669989e-06,0.0
2008-08-15,0.19999999999999984,0.09888498142210583,0.0,0.0,0.0,0.18207434536988654,0.1461871292766807,0.0,0.0,0.0,0.17721550473073616,0.0,0.0,0.0,0.0,0.0,0.0,0.0,0.19563267632976883,0.0,0.0,0.0,1.7876236073669989e-06,0.0,0.0,0.0,0.0,0.0,0.0,0.0,0.0,1.7876236073669989e-06,0.0,1.7876236073669989e-06,0.0
2008-08-22,0.20000536287082182,0.093340068465464,0.0,0.0,0.0,0.1830307943958655,0.1461871292766807,0.0,0.0,0.0,0.1855043438788414,0.0,0.0,0.0,0.0,0.0,0.0,0.0,0.19193230111232648,0.0,0.0,0.0,0.0,0.0,0.0,0.0,0.0,0.0,0.0,0.0,0.0,0.0,0.0,0.0,0.0
2008-08-29,0.12000294957895219,0.10042884324148138,0.0,0.0,0.0,0.20211583704978947,0.17917609662673684,0.0,0.0,0.00642177099105106,0.1082738602356873,0.0,0.0,0.0,0.0,0.0,0.0,0.0,0.28358064227630175,0.0,0.0,0.0,0.0,0.0,0.0,0.0,0.0,0.0,0.0,0.0,0.0,0.0,0.0,0.0,0.0
2008-09-05,0.12000294957895219,0.09968220487626,0.0,0.0,0.0,0.19933006302316145,0.17917609662673684,0.0,0.0,0.006379249221871312,0.1086644468090446,0.0,0.0,0.0,0.0,0.0,0.0,0.0,0.2867649898639736,0.0,0.0,0.0,0.0,0.0,0.0,0.0,0.0,0.0,0.0,0.0,0.0,0.0,0.0,0.0,0.0
2008-09-12,0.1200000000000001,0.09024504957831438,0.0,0.0,0.0,0.200614433922841,0.17917609662673684,0.0,0.0,0.01039523928786472,0.09164193120455585,0.0,0.0,0.0021230229089251587,0.0,0.0,0.0,0.0,0.30580127689180986,0.0,0.0,0.0,9.831929840518491e-07,0.0,0.0,0.0,0.0,0.0,0.0,0.0,0.0,9.831929840518491e-07,0.0,0.0,9.831929840518491e-07
2008-09-19,0.12000294957895208,0.08879396519913836,0.0,0.0,0.0,0.17917609662673684,0.17917609662673684,0.0,0.0,0.018983222031184965,0.0906830370054327,0.0,0.0,0.010674029659070189,0.0,0.0,0.0,0.0,0.3071698921579497,0.0,0.0,0.0,0.005340711114798189,0.0,0.0,0.0,0.0,0.0,0.0,0.0,0.0,0.0,0.0,0.0,0.0
2008-09-26,0.6000006703588527,0.04539078624545988,0.0,0.0,0.0,0.044581910392711886,0.07396688867400365,0.0,0.0,0.00347743003456531,0.08957149935476626,0.0,0.0,0.002335823858052981,0.0,0.0,0.0,0.0,0.12365234178085413,0.0,0.0,0.0,0.017022649300733144,0.0,0.0,0.0,0.0,0.0,0.0,0.0,0.0,0.0,0.0,0.0,0.0
2008-10-03,0.6000006703588527,0.0406218540123252,0.0,0.0,0.0,0.04469169218498615,0.07396688867400365,0.0,0.0,0.006008312972957749,0.08956501283549828,0.0,0.0,0.0,0.0,0.0,0.0,0.0,0.12581764204588247,0.0,0.0,0.0,0.01932792691549373,0.0,0.0,0.0,0.0,0.0,0.0,0.0,0.0,0.0,0.0,0.0,0.0
2008-10-10,0.6000006703588527,0.037734641925954465,0.0,0.0,0.0,0.04430801375304337,0.07728986366728846,0.0,0.0,0.0036608720152421365,0.0912528011233848,0.0,0.0,0.0,0.0,0.0,0.0,0.0,0.1254750082669028,0.0,0.0,0.0,0.020278128889331212,0.0,0.0,0.0,0.0,0.0,0.0,0.0,0.0,0.0,0.0,0.0,0.0
2008-10-17,0.6000006703588527,0.03699505407925223,0.0,0.0,0.0,0.04400910393570327,0.077334833546809,0.0,0.0,0.003851839666576105,0.08851704942342783,0.0,0.0,0.0,0.0,0.0,0.0,0.0,0.12730172276360574,0.0,0.0,0.0,0.02198972622577306,0.0,0.0,0.0,0.0,0.0,0.0,0.0,0.0,0.0,0.0,0.0,0.0
2008-10-24,0.6000006703588527,0.03699505407925223,0.0,0.0,0.0,0.047386921372076604,0.07437057351066423,0.0,0.0,0.00897543337333065,0.08241324825475613,0.0,0.0,0.0,0.0,0.0,0.0,0.0,0.12483912281605215,0.0,0.0,0.0,0.025018976235015252,0.0,0.0,0.0,0.0,0.0,0.0,0.0,0.0,0.0,0.0,0.0,0.0
2008-10-31,0.6097279520335658,0.03973572173434604,0.0,0.0,0.0,0.05028832391369723,0.07227239557912934,0.0,0.0,0.0030363837089040467,0.07174584112894263,0.0,0.0,0.0,0.0,0.0,0.0,0.0,0.15005001452908598,0.0,0.0,0.0,0.003143367372328962,0.0,0.0,0.0,0.0,0.0,0.0,0.0,0.0,0.0,0.0,0.0,0.0
2008-11-07,0.6097279520335658,0.037646808675077956,0.0,0.0,0.0,0.05070826131202815,0.0760702673886404,0.0,0.0,0.0015405600495042716,0.07638891899437578,0.0,0.0,0.0,0.0,0.0,0.0,0.0,0.14713109064094548,0.0,0.0,0.0,0.0007861409058622042,0.0,0.0,0.0,0.0,0.0,0.0,0.0,0.0,0.0,0.0,0.0,0.0
2008-11-14,0.6097279520335658,0.038803829918888345,0.0,0.0,0.0,0.05167801969594938,0.0730637388390463,0.0,0.0,0.0002755196095668947,0.07967970147545572,0.0,0.0,0.0,0.0,0.0,0.0,0.0,0.14477702392769964,0.0,0.0,0.0,0.0019942144998279804,0.0,0.0,0.0,0.0,0.0,0.0,0.0,0.0,0.0,0.0,0.0,0.0
2008-11-21,0.6097279520335658,0.03954073824968499,0.0,0.0,0.00035126021682830075,0.052706625349212,0.07574295737134593,0.0,0.0,0.0014453883573863802,0.08040904346778069,0.0,0.0,0.0,0.0,0.0,0.0,0.0,0.14007603495419596,0.0,0.0,0.0,0.0,0.0,0.0,0.0,0.0,0.0,0.0,0.0,0.0,0.0,0.0,0.0,0.0
2008-11-28,0.6598678601390563,0.0013588707089772288,0.0,0.0,0.0,0.06544679358395569,0.06268559671043102,0.0,0.0,0.0,0.07218865054239437,0.0,0.0,0.0,0.0,0.0,0.0,0.0,0.1384522283151854,0.0,0.0,0.0,0.0,0.0,0.0,0.0,0.0,0.0,0.0,0.0,0.0,0.0,0.0,0.0,0.0
2008-12-05,0.6598678601390563,0.0007745038288458306,0.0,0.0,0.0,0.06437426878503176,0.06328663166918357,0.0,0.0,0.0012935270786593512,0.07229014940677445,0.0,0.0,0.0,0.0,0.0,0.0,0.0,0.13811305909244875,0.0,0.0,0.0,0.0,0.0,0.0,0.0,0.0,0.0,0.0,0.0,0.0,0.0,0.0,0.0,0.0
2008-12-12,0.6598678601390563,0.0006925595908438733,0.0,0.0,0.001511607382464165,0.06362544955681904,0.06287728862549602,0.0,0.0,0.0,0.0723855522863204,0.0,0.0,0.0,0.0,0.0,0.0,0.0,0.13903968241900022,0.0,0.0,0.0,0.0,0.0,0.0,0.0,0.0,0.0,0.0,0.0,0.0,0.0,0.0,0.0,0.0
2008-12-19,0.6598678601390563,0.0007416549516455653,0.0,0.0,0.0016262049875816432,0.06573773025584242,0.06273277697268062,0.0,0.0,0.0,0.07270616993054803,0.0,0.0,0.0,0.0,0.0,0.0,0.0,0.1365876027626454,0.0,0.0,0.0,0.0,0.0,0.0,0.0,0.0,0.0,0.0,0.0,0.0,0.0,0.0,0.0,0.0
2008-12-26,0.6237966678912595,0.04038688126833388,0.0,0.0,0.0015776752390416085,0.03990884215004414,0.07057328052395581,0.0,0.0,0.0,0.08270299782991249,0.0,0.0,0.0,0.0,0.0,0.0,0.0,0.14105365509745246,0.0,0.0,0.0,0.0,0.0,0.0,0.0,0.0,0.0,0.0,0.0,0.0,0.0,0.0,0.0,0.0
2009-01-02,0.6237966678912595,0.03968887010146592,0.0,0.0,0.0015779225282709834,0.040910631499020994,0.0706259151810244,0.0,0.0,0.0,0.08304592715254334,0.0,0.0,0.0,0.0,0.0,0.0,0.0,0.14035406564641476,0.0,0.0,0.0,0.0,0.0,0.0,0.0,0.0,0.0,0.0,0.0,0.0,0.0,0.0,0.0,0.0
2009-01-09,0.6237966678912596,0.03968887010146592,0.0,0.0,0.0008550518318439322,0.03884831623218439,0.07083745969294364,0.0,0.0,0.0,0.0843327114209554,0.0,0.0,0.0,0.0,0.0,0.0,0.0,0.14164092282934712,0.0,0.0,0.0,0.0,0.0,0.0,0.0,0.0,0.0,0.0,0.0,0.0,0.0,0.0,0.0,0.0
2009-01-16,0.6237966678912596,0.03968887010146592,0.0,0.0,0.0024536323776949416,0.03952600260708651,0.06974595710038706,0.0,0.0,0.0,0.08371679494258155,0.0,0.0,0.0,0.0,0.0,0.0,0.0,0.14107207497952443,0.0,0.0,0.0,0.0,0.0,0.0,0.0,0.0,0.0,0.0,0.0,0.0,0.0,0.0,0.0,0.0
2009-01-23,0.6237966678912596,0.03968887010146592,0.0,0.0,0.0011242766319562963,0.04001042309009157,0.07175190795169376,0.0,0.0,0.0,0.08563982451759321,0.0,0.0,0.0,0.0,0.0,0.0,0.0,0.13798802981593963,0.0,0.0,0.0,0.0,0.0,0.0,0.0,0.0,0.0,0.0,0.0,0.0,0.0,0.0,0.0,0.0
2009-01-30,0.6245775142916888,0.002213133305378396,0.0,0.0,0.04215308845078616,0.0598793238629144,0.07237120294515392,0.0,0.0,0.0,0.08290161784947223,0.0,0.0,0.0,0.0,0.0,0.0,0.0,0.11590411929460606,0.0,0.0,0.0,0.0,0.0,0.0,0.0,0.0,0.0,0.0,0.0,0.0,0.0,0.0,0.0,0.0
2009-02-06,0.6245775142916888,0.0009791592380859965,0.0,0.0,0.0414720975842885,0.06163727459003177,0.07240276683961912,0.0,0.0,0.0,0.08298106355261303,0.0,0.0,0.0,0.0,0.0,0.0,0.0,0.11595012390367271,0.0,0.0,0.0,0.0,0.0,0.0,0.0,0.0,0.0,0.0,0.0,0.0,0.0,0.0,0.0,0.0
2009-02-13,0.6245775142916888,0.0033888280256790604,0.0,0.0,0.041443088052811175,0.05852972045499386,0.07285936722775371,0.0,0.0,0.0,0.08442935314380699,0.0,0.0,0.0,0.0,0.0,0.0,0.0,0.11477212880326634,0.0,0.0,0.0,0.0,0.0,0.0,0.0,0.0,0.0,0.0,0.0,0.0,0.0,0.0,0.0,0.0
2009-02-20,0.6245775142916888,0.001041428238874189,0.0,0.0,0.04146622247248335,0.05910088415031586,0.07320887535043868,0.0,0.0,0.0,0.0844418157780983,0.0,0.0,0.0,0.0,0.0,0.0,0.0,0.11616325971810076,0.0,0.0,0.0,0.0,0.0,0.0,0.0,0.0,0.0,0.0,0.0,0.0,0.0,0.0,0.0,0.0
2009-02-27,0.6255106792379929,0.0018614842361663626,0.0,0.0,0.04169370473451804,0.06024946214222824,0.07257707785884535,0.0,0.0,0.0,0.08101766612247813,0.0,0.0,0.0,0.0,0.0,0.0,0.0,0.11708992566777102,0.0,0.0,0.0,0.0,0.0,0.0,0.0,0.0,0.0,0.0,0.0,0.0,0.0,0.0,0.0,0.0
2009-03-06,0.625510679237993,0.0010627978600662245,0.0,0.0,0.04167059833964698,0.06239021921851948,0.07217577489171778,0.0,0.0,0.0,0.08144402245362266,0.0,0.0,0.0,0.0,0.0,0.0,0.0,0.11574590799843398,0.0,0.0,0.0,0.0,0.0,0.0,0.0,0.0,0.0,0.0,0.0,0.0,0.0,0.0,0.0,0.0
2009-03-13,0.6255106792379929,0.0026900305007568253,0.0,0.0,0.0413356976955928,0.06370799904788949,0.0715076034361579,0.0,0.0,0.0,0.07984641989886157,0.0,0.0,0.0,0.0,0.0,0.0,0.0,0.11540157018274855,0.0,0.0,0.0,0.0,0.0,0.0,0.0,0.0,0.0,0.0,0.0,0.0,0.0,0.0,0.0,0.0
2009-03-20,0.6255106792379929,0.0010773345520472212,0.0,0.0,0.0413356976955928,0.06531108021063992,0.07211726240822541,0.0,0.0,0.0,0.08081057123082855,0.0,0.0,0.00032165960254272873,0.0,0.0,0.0,0.0,0.11351571506213048,0.0,0.0,0.0,0.0,0.0,0.0,0.0,0.0,0.0,0.0,0.0,0.0,0.0,0.0,0.0,0.0
2009-03-27,0.6537604422865276,0.0018218478426401787,0.0,0.0,0.0,0.10448508505059095,0.06274233667658131,0.0,0.0,0.0,0.07277870280244227,0.0,0.0,0.0003235142993788054,0.0,0.0,0.0,0.0,0.10408807104183884,0.0,0.0,0.0,0.0,0.0,0.0,0.0,0.0,0.0,0.0,0.0,0.0,0.0,0.0,0.0,0.0
2009-04-03,0.6537604422865276,0.0018707292787046672,0.0,0.0,0.0,0.10364978138077832,0.06325154667720431,0.0,0.0,0.0,0.0719470760388503,0.0,0.0,0.0,0.0,0.0,0.0,0.0,0.10552042433793478,0.0,0.0,0.0,0.0,0.0,0.0,0.0,0.0,0.0,0.0,0.0,0.0,0.0,0.0,0.0,0.0
2009-04-10,0.6537604422865276,0.00415241473032412,0.0,0.0,0.0,0.10030749965375235,0.06309739800930081,0.0,0.0,0.0,0.07257157169031803,0.0,0.0,0.0003221321473552072,0.0,0.0,0.0,0.0,0.10578854148242185,0.0,0.0,0.0,0.0,0.0,0.0,0.0,0.0,0.0,0.0,0.0,0.0,0.0,0.0,0.0,0.0
2009-04-17,0.6537604422865276,0.0019199341271405447,0.0,0.0,0.0,0.10122656343611483,0.06313157203764215,0.0,0.0,0.0,0.0733956847532803,0.0,0.0,0.0003291851996380862,0.0,0.0,0.0,0.0,0.10623661815965645,0.0,0.0,0.0,0.0,0.0,0.0,0.0,0.0,0.0,0.0,0.0,0.0,0.0,0.0,0.0,0.0
2009-04-24,0.3105484956653659,0.008826838849888295,0.0,0.0,0.0,0.198061430305955,0.14646558065832427,0.0,0.0,0.0,0.13656651396549077,0.0,0.0,0.0,0.0,0.0,0.0,0.0,0.19953114055497576,0.0,0.0,0.0,0.0,0.0,0.0,0.0,0.0,0.0,0.0,0.0,0.0,0.0,0.0,0.0,0.0
2009-05-01,0.3105484956653659,0.0008518064190961372,0.0,0.0,0.0,0.194259901485473,0.14508546913764261,0.0,0.0,0.0,0.13821548090549488,0.0,0.0,0.0,0.0,0.0,0.0,0.0,0.2051667836874017,0.0,0.0,0.0,0.0,0.0,0.0,0.005872062699525748,0.0,0.0,0.0,0.0,0.0,0.0,0.0,0.0,0.0
2009-05-08,0.3105484956653659,0.007180011023731892,0.0,0.0,0.0,0.1904797811097898,0.14295685418306475,0.0,0.0,0.0,0.1421634126419387,0.0,0.0,0.0,0.0,0.0,0.0,0.0,0.2025153499516601,0.0,0.0,0.0,0.0,0.0,0.0,0.004156095424448817,0.0,0.0,0.0,0.0,0.0,0.0,0.0,0.0,0.0
2009-05-15,0.3105484956653659,0.006902682459457482,0.0,0.0,0.0,0.1897041343471493,0.14776015759764427,0.0,0.0,0.0,0.14122578334993902,0.0,0.0,0.0,0.0,0.0,0.0,0.0,0.2008524137202869,0.0,0.0,0.0,0.0,0.0,0.0,0.0030063328601571096,0.0,0.0,0.0,0.0,0.0,0.0,0.0,0.0,0.0
2009-05-22,0.310548495665366,0.002168159324759761,0.0,0.0,0.0,0.18696580732092688,0.1493808271104686,0.0,0.0,0.0,0.14568816470272114,0.0,0.0,0.0,0.0,0.0,0.0,0.0,0.2002394041040893,0.0,0.0,0.0,0.0,0.0,0.0,0.005009141771668367,0.0,0.0,0.0,0.0,0.0,0.0,0.0,0.0,0.0
2009-05-29,0.2833309420597453,0.0008564485030501163,0.0,0.02550713456371479,0.0,0.16700468897630874,0.15125274836957914,0.0,0.0,0.0,0.1519695529414687,0.0,0.0,0.0,0.0,0.0,0.0,0.0,0.18862772645513373,0.0,0.0,0.0,0.0,0.0,0.0,0.03145075237010303,1.4402240977322015e-09,1.4402240977322015e-09,0.0,0.0,1.4402240977322015e-09,0.0,0.0,0.0,1.4402240977322015e-09
2009-06-05,0.2833309420597454,0.0056337088330632315,0.0,0.02550713456371479,0.0,0.15817696275880977,0.1551689575420714,0.0,0.0,0.0,0.16261979977533816,0.0,0.0,0.0007414910893771987,0.0,0.0,0.0,0.0,0.17858358618280756,0.0,0.0,0.0,0.0,0.0,0.0,0.03023741143417613,1.1521792781857612e-09,1.1521792781857612e-09,0.0,1.1521792781857612e-09,1.1521792781857612e-09,0.0,0.0,0.0,1.1521792781857612e-09
2009-06-12,0.2833309420597453,0.024338598393847936,0.0,0.027740779813851427,0.0,0.17000042264253973,0.15970523681169133,0.0,0.0,0.0,0.13912128683058245,0.0,0.0,0.0,0.0,0.0,0.0,0.0,0.15152915734595215,0.0,0.0,0.0,0.0,0.0,0.0,0.044233570340893286,1.1521792781857612e-09,1.1521792781857612e-09,0.0,1.1521792781857612e-09,1.1521792781857612e-09,0.0,0.0,0.0,1.1521792781857612e-09
2009-06-19,0.2833309420597454,0.005957409195040295,0.0,0.02550713456371479,0.0,0.1674255135448594,0.14491758960676193,0.0,0.0,0.0,0.16469939842694187,0.0,0.0,0.0,0.0,0.0,0.0,0.0,0.17682711234166276,0.0,0.0,0.0,0.0,0.0,0.0,0.03133489450037724,1.4402240977322015e-09,0.0,0.0,0.0,1.4402240977322015e-09,0.0,0.0,1.4402240977322015e-09,1.4402240977322015e-09
2009-06-26,0.17527193960909915,0.015472043361942989,0.0,0.02765939116007861,0.0,0.20634339595248763,0.15189938924033958,0.0,0.0,0.0,0.20156817192523374,0.0,0.0,0.0,0.0,0.0,0.02765939116007861,0.0,0.15570327844900989,0.0,0.0,0.0,0.0,0.0,0.0,0.03842299737313468,3.537190384030287e-10,0.0,0.0,0.0,3.537190384030287e-10,0.0,3.537190384030287e-10,3.537190384030287e-10,3.537190384030287e-10
2009-07-03,0.17527194137769442,0.011974707914528886,0.0,0.02765939116007861,0.0,0.20695354500004348,0.15223114540678684,0.0,0.0,0.0,0.19859492983578655,0.0,0.0,0.0038026393719148843,0.0,0.0,0.02765939116007861,0.0,0.15361482466963186,0.0,0.0,0.0,0.0,0.0,0.0,0.04223748410345596,0.0,0.0,0.0,0.0,0.0,0.0,0.0,0.0,0.0
2009-07-10,0.17527193960909915,0.01218468712929258,0.0,0.02765939116007861,0.0,0.20034111796191761,0.15600037461128563,0.0,0.0,0.0,0.1953585386759924,0.0,0.0,0.011881229089442863,0.0,0.0,0.02765939116007861,0.0,0.1500260553195641,0.0,0.0,0.0,0.0,0.0,0.0,0.043617273514653346,4.421487980037858e-10,0.0,0.0,0.0,4.421487980037858e-10,4.421487980037858e-10,0.0,0.0,4.421487980037858e-10
2009-07-17,0.17527193960909915,0.0,0.0,0.033741157553087486,0.0022132940130536803,0.19434988069814513,0.15984415900910653,0.0,0.0,0.0,0.1969443098340644,0.0,0.0,0.012005970888327371,0.0,0.0,0.02765939116007861,0.0,0.1500260553195641,0.0,0.0,0.004995669842159806,0.0,0.0,0.0,0.04294817030471858,3.537190384030287e-10,0.0,3.537190384030287e-10,0.0,3.537190384030287e-10,3.537190384030287e-10,0.0,0.0,3.537190384030287e-10
2009-07-24,0.17527193960909915,0.0,0.0,0.029521577042263197,0.0,0.2015572598603349,0.1570219002306285,0.0,0.0,0.0,0.20185231001594517,0.0,0.0,0.011754257463455653,0.0,0.0,0.02765939116007861,0.0,0.1500260553195641,0.0,0.0,0.0006287124871245119,0.0,0.0,0.0,0.044706595042911086,3.537190384030287e-10,0.0,3.537190384030287e-10,0.0,3.537190384030287e-10,0.0,0.0,3.537190384030287e-10,3.537190384030287e-10
2009-07-31,0.015914495817657692,0.0,0.0,0.029421791009641964,0.0021344390182567556,0.21171553648667973,0.16725782091342078,0.0,0.0,0.0,0.20989635517421718,0.0,0.0,0.18743868700661362,0.0,0.0,0.023385199969389165,0.0,0.08374796947778146,0.0,0.0,0.007226656244759024,0.023385200066495367,0.0,0.0,0.038475848426662435,9.710620266032016e-11,0.0,9.710620266032016e-11,0.0,9.710620266032016e-11,0.0,0.0,0.0,9.710620266032016e-11
2009-08-07,0.015914495817657692,0.0,0.0,0.023385199969389165,0.000741894266237541,0.2162486771564472,0.1693245235791383,0.0,0.0,0.0,0.21394451663633796,0.0,0.0,0.1791686187085385,0.0,0.0,0.023385199969389165,0.0,0.0946459013501918,0.0,0.0,0.0,0.023385200066495367,0.0,0.0,0.03985577209175248,9.710620266032016e-11,0.0,9.710620266032016e-11,0.0,9.710620266032016e-11,0.0,0.0,0.0,9.710620266032016e-11
2009-08-14,0.015914495817657692,0.0,0.0,0.023385199969389165,0.0,0.2143670324119376,0.16337021096481855,0.0,0.0,0.0,0.2212175798839887,0.0,0.0,0.1789124300014028,0.0,0.0,0.023385199969389165,0.0,0.10365039138000051,0.0,0.0,0.0,0.023385200066495367,0.0,0.0,0.032412259146495585,9.710620266032016e-11,0.0,9.710620266032016e-11,0.0,9.710620266032016e-11,0.0,0.0,0.0,9.710620266032016e-11
2009-08-21,0.015914495817657692,0.0,0.0,0.027862870512217777,0.0,0.21679598810527376,0.1694183918403843,0.0,0.0,0.0,0.20236999871341932,0.0,0.0,0.1879090764023757,0.0,0.0,0.023385199969389165,0.0,0.08374796947778146,0.0,0.0,0.0070868321467739215,0.023385200066495367,0.0,0.0,0.04212397655980676,9.710620266032016e-11,0.0,9.710620266032016e-11,0.0,9.710620266032016e-11,0.0,0.0,0.0,9.710620266032016e-11
2009-08-28,0.1529454256468915,0.0,0.0,0.029816044819231537,0.002706502241855296,0.1666109528519777,0.13548259030941712,0.0,0.0,0.007210279307429547,0.16372464772243395,0.0,0.0,0.017721000630283392,0.0,0.0,0.01992308147956453,0.0,0.13610631468154813,0.0,0.0,0.011853241964664677,0.03930485853416352,0.0,0.0,0.036595059613185876,0.020000000049338298,0.0,0.020000000049338298,0.020000000049338298,0.0,0.0,0.0,0.0,0.020000000049338298
2009-09-04,0.15294542564689162,0.0,0.0,0.027119202648451197,0.006518305638626515,0.16359944718355024,0.13359830172585008,0.0,0.0,0.0021171953388675947,0.1814381771973207,0.0,0.0,0.014673878865519888,0.0,0.0,0.01930485848482522,0.0,0.13610631468154813,0.0,0.0,0.00998609808583157,0.03930485853416352,0.0,0.0,0.033287935771200636,0.020000000049338298,0.0,0.020000000049338298,0.020000000049338298,0.0,0.0,0.0,0.0,0.020000000049338298
2009-09-11,0.15294542564689162,0.0,0.0,0.03083345372512253,0.001018582278078298,0.16693695056517777,0.14243084776763895,0.0,0.0,0.0033738645190214567,0.1432754063380418,0.0,0.0,0.020123808213352076,0.0,0.0,0.01930485848482522,0.0,0.13610631468154813,0.0,0.0,0.014615171847842924,0.048424898435382197,0.0,0.0,0.0406104172997239,0.020000000049338298,0.0,0.020000000049338298,0.020000000049338298,0.0,0.0,0.0,0.0,0.020000000049338298
2009-09-18,0.1529454256468915,0.0,0.0,0.026735709257555224,0.0068455223426181966,0.17479401414293705,0.13602683373776608,0.0,0.0,0.002429694599244533,0.16523826089006494,0.0,0.0,0.014594975964373801,0.0,0.0,0.01930485848482522,0.0,0.13610631468154813,0.0,0.0,0.010897812325017155,0.03930485853416352,0.0,0.0,0.034775719195641444,0.020000000049338298,0.0,0.020000000049338298,0.020000000049338298,0.0,0.0,0.0,0.0,0.020000000049338298
2009-09-25,0.0,0.0,0.0,0.017643990482789966,0.00714051598901564,0.1828814262546617,0.16082782572537718,0.0,0.0,0.0,0.19842970750439803,0.0,0.0,0.013192491055639752,0.0,0.0,0.00982901367874459,0.0,0.10789097409807558,0.0,0.0,0.008715344704256075,0.04901605374619249,0.0,0.0,0.08843265675098133,0.03900000000246692,0.0,0.03900000000246692,0.03900000000246692,0.0,0.0,0.0,0.0,0.03900000000246692
2009-10-02,0.0,0.0,0.0,0.018473509653799618,0.003138792449534618,0.18079159712907764,0.15498066580604217,0.0,0.0,0.0,0.20048597577216637,0.0,0.0,0.016983761975716074,0.0,0.0,0.010358419811392048,0.0,0.10789097409807558,0.0,0.0,0.009601876137582734,0.05127247163123494,0.0,0.0,0.09002195552551055,0.03900000000246692,0.0,0.03900000000246692,0.03900000000246692,0.0,0.0,0.0,0.0,0.03900000000246692
2009-10-09,0.0,0.0,0.0,0.01838555650348417,0.0033934780607695154,0.18822534376601086,0.1503314729344018,0.0,0.0,0.0,0.1988427543367784,0.0,0.0,0.01735984290391032,0.0,0.0,0.00982901367874459,0.0,0.10789097409807558,0.0,0.0,0.009625988678347401,0.04882901368121151,0.0,0.0,0.09128656134839823,0.03900000000246692,0.0,0.03900000000246692,0.03900000000246692,0.0,0.0,0.0,0.0,0.03900000000246692
2009-10-16,0.0,0.0,0.0,0.026860803367363,0.002511680695296723,0.17875267972553613,0.15844764280950654,0.0,0.0,0.006093373008160656,0.16892366604679154,0.0,0.0,0.018530190607383867,0.0,0.0,0.01632320730287043,0.0,0.10789097409807558,0.0,0.0,0.01588331550477421,0.04882901368121151,0.0,0.0,0.09495345314316216,0.03900000000246692,0.03900000000246692,0.03900000000246692,0.03900000000246692,0.0,0.0,0.0,0.0,0.0
2009-10-23,0.0,0.0,0.0,0.027699756848755436,0.0,0.17875267972553613,0.15152212256039338,0.0,0.0,0.008043514239268771,0.16892366604679154,0.0,0.0,0.01739605183755296,0.0,0.0,0.010647375443569342,0.0,0.10789097409807558,0.0,0.0,0.01943371897579318,0.056338557540985754,0.0,0.0,0.09735158267341025,0.0,0.03900000000246692,0.03900000000246692,0.03900000000246692,0.0,0.0,0.0,0.0,0.03900000000246692
2009-10-30,0.0,0.0,0.0,0.13993747238190912,0.0,0.006782270794156595,0.22623300527833856,0.0,0.0,0.006861879521786875,0.1653094279715556,0.0,0.0,0.014359874535650291,0.0,0.0,0.008885575407484862,0.0,0.0,0.0,0.0,0.11909554341101572,0.05424795423395369,0.0,0.0,0.09848699646365526,0.0,0.03995000000012336,0.03995000000012336,0.0,0.03995000000012336,0.03995000000012336,0.0,0.0,0.0
2009-11-06,0.0,0.0,0.0,0.13968601986533108,0.0,0.01734806814440018,0.22530536496316556,0.0,0.0,0.002392773492343772,0.1653094279715556,0.0,0.0,0.015234530129257294,0.0,0.0,0.007438880202569326,0.0,0.0,0.0,0.0,0.11871312463040518,0.011306019731295698,0.0,0.0,0.09751579086905951,0.0,0.03995000000012336,0.0,0.03995000000012336,0.03995000000012336,0.03995000000012336,0.0,0.0,0.03995000000012336
2009-11-13,0.0,0.0,0.0,0.13748797911023358,0.0,0.01379863312193977,0.22244590785579565,0.0,0.0,0.0070073028838200145,0.1653094279715556,0.0,0.0,0.019102898792653814,0.0,0.0,0.007520563354452949,0.0,0.0,0.0,0.0,0.11799919800192743,0.050480563771625325,0.0,0.0,0.09904752513550244,0.0,0.03995000000012336,0.0,0.03995000000012336,0.03995000000012336,0.0,0.0,0.0,0.03995000000012336
2009-11-20,0.0,0.0,0.0,0.1387607076426361,0.0,0.006782270794156595,0.21713997122193074,0.0,0.0,0.008399012496761326,0.1653094279715556,0.0,0.0,0.012558605439077958,0.0,0.0,0.009433140906241904,0.0,0.0,0.0,0.0,0.11980484878203407,0.058566117088328325,0.0,0.0,0.10344589765678398,0.03995000000012336,0.0,0.0,0.03995000000012336,0.03995000000012336,0.0,0.0,0.0,0.03995000000012336
2009-11-27,1.1102230246251565e-16,0.0,0.0,0.0839884397574751,0.0,0.006642594721197806,0.2669479786516485,0.0,0.0,0.00866939996925206,0.07286969296115928,0.0,0.0,0.015220157191540152,0.0,0.0,0.007563082767748089,0.0,0.0,0.0,0.0,0.10863349553477307,0.10272922963616965,0.0,0.0,0.16674592880901165,0.0,0.0,0.0,0.039997500000006174,0.039997500000006174,0.0,0.0,0.039997500000006174,0.039997500000006174
2009-12-04,0.0,0.0,0.0,0.08161173286346261,0.0,0.006642594721197806,0.2882248391329616,0.0,0.0,0.0024445056964515844,0.07286969296115928,0.0,0.0,0.015259669109545433,0.0,0.0,0.008643223256610575,0.0,0.0,0.0,0.0,0.10411552997350597,0.09998160594944425,0.0,0.0,0.16021660633563625,0.0,0.0,0.0,0.039997500000006174,0.039997500000006174,0.0,0.0,0.039997500000006174,0.039997500000006174
2009-12-11,1.1102230246251565e-16,0.0,0.0,0.08827159301075241,0.0,0.006642594721197806,0.27824435939880554,0.0,0.0,0.0018142515678416643,0.07286969296115928,0.0,0.0,0.012317798626770933,0.0,0.0,0.006642594721197806,0.0,0.0,0.0,0.0,0.10805112862058908,0.10127442515171738,0.0,0.0,0.1638815612199435,0.0,0.0,0.0,0.039997500000006174,0.039997500000006174,0.0,0.0,0.039997500000006174,0.039997500000006174
2009-12-18,0.0,0.0,0.0,0.08279135128744204,0.0,0.011902091210954155,0.2709304942487742,0.0,0.0,0.0,0.07286969296115928,0.0,0.0,0.0192865776354377,0.0,0.0,0.007499818965239415,0.0,0.0,0.0,0.0,0.10704075762683368,0.1025334800088907,0.0,0.0,0.16515573605524422,0.0,0.0,0.0,0.039997500000006174,0.039997500000006174,0.0,0.0,0.039997500000006174,0.039997500000006174
2009-12-25,1.1102230246251565e-16,0.0,0.0,0.012580167330948702,0.0,0.1661181599956787,0.21890376169002768,0.0,0.0,0.0,0.07292765132860932,0.0,0.0,0.041630440881009714,0.0,0.0,0.009464724245511244,0.0,0.0,0.0,0.0,0.080542893659563,0.1332673054479612,0.0,0.0,0.10456539542068918,0.0399998750000003,0.0,0.0,0.0399998750000003,0.0399998750000003,0.0,0.0,0.0,0.0399998750000003
2010-01-01,0.0,0.0,0.0,0.012410222003755276,0.0,0.17682670060957584,0.21890376169002768,0.0,0.0,0.0,0.07292765132860932,0.0,0.0,0.04143296740412822,0.0,0.0,0.007506372858114749,0.0,0.0,0.0,0.0,0.07703467256796373,0.1290448042487601,0.0,0.0,0.10391334728906382,0.0399998750000003,0.0,0.0,0.0399998750000003,0.0399998750000003,0.0,0.0,0.0,0.0399998750000003
2010-01-08,0.0,0.0,0.0,0.015076203552720546,0.0,0.17168428185195236,0.21890376169002768,0.0,0.0,0.0,0.07292765132860932,0.0,0.0,0.0355134506348615,0.0,0.0,0.010982754029185257,0.0,0.0,0.0,0.0,0.08282905210876881,0.13187135120521973,0.0,0.0,0.10021199359865351,0.0399998750000003,0.0399998750000003,0.0,0.0399998750000003,0.0,0.0,0.0,0.0,0.0399998750000003
2010-01-15,0.0,0.0,0.0,0.00942457692416372,0.0,0.1684747593427207,0.21890376169002768,0.0,0.0,0.0,0.07292765132860932,0.0,0.0,0.04190534373747831,0.0,0.0,0.007710882079101874,0.0,0.0,0.0,0.0,0.07955849340751922,0.13388733409303705,0.0,0.0,0.10720769739734089,0.0399998750000003,0.0,0.0,0.0399998750000003,0.0,0.0,0.0,0.0399998750000003,0.0399998750000003
2010-01-22,0.0,0.0,0.0,0.00966888721726331,0.0,0.1674910392153075,0.21890376169002768,0.0,0.0,0.000909479537253833,0.07292765132860932,0.0,0.0,0.04320880932631046,0.0,0.0,0.012934924730952778,0.0,0.0,0.0,0.0,0.07292765132860932,0.1360654281462628,0.0,0.0,0.10496286747940174,0.0,0.0,0.0,0.0399998750000003,0.0399998750000003,0.0,0.0,0.0399998750000003,0.0399998750000003
2010-01-29,2.220446049250313e-16,0.0,0.0,0.05475280381777078,0.0,0.2642493511711416,0.0796014979547223,0.0,0.0,0.017208130741567164,0.0,0.0,0.0,0.03854738646007433,0.0,0.0,0.08087283355966139,0.0,0.0,0.0,0.0,0.005107765073366099,0.2017738951768282,0.0,0.0,0.09788636104486804,0.0,0.0,0.03999999375000002,0.03999999375000002,0.0,0.0,0.0,0.03999999375000002,0.03999999375000002
2010-02-05,0.0,0.0,0.0,0.05559140460672799,0.0,0.2642493511711416,0.0796014979547223,0.0,0.0,0.010510648042020256,0.0,0.0,0.0,0.03996460296951865,0.0,0.0,0.08653898396071623,0.0,0.0,0.0,0.0,0.008507187822956097,0.20115196201534927,0.0,0.0,0.09388438645684756,0.0,0.0,0.0,0.03999999375000002,0.0,0.03999999375000002,0.0,0.03999999375000002,0.03999999375000002
2010-02-12,0.0,0.0,0.0,0.05747078927598858,0.0,0.2642493511711416,0.0796014979547223,0.0,0.0,0.012417736031217198,0.0,0.0,0.0,0.035072366858156,0.0,0.0,0.08480884749204828,0.0,0.0,0.0,0.0,0.008878846214789562,0.2025018114636442,0.0,0.0,0.09499877853829218,0.0,0.0,0.0,0.03999999375000002,0.0,0.03999999375000002,0.0,0.03999999375000002,0.03999999375000002
2010-02-19,0.0,0.0,0.0,0.06405460491339907,0.0,0.2642493511711416,0.0796014979547223,0.0,0.0,0.015203492669487452,0.0,0.0,0.0,0.02717641902973551,0.0,0.0,0.08471282936155265,0.0,0.0,0.0,0.0,0.010466542742912237,0.20195853295938088,0.0,0.0,0.09257675419766821,0.0,0.0,0.0,0.03999999375000002,0.0,0.03999999375000002,0.0,0.03999999375000002,0.03999999375000002
2010-02-26,0.18195191357429108,0.0,0.0,0.14525480344071773,0.010897877906035563,0.0069683492789026046,0.0771375061853931,0.0,0.0,0.017240855965399454,0.0,0.0,0.0,0.013703473079203037,0.0,0.0,0.08783472162016194,0.0,0.0,0.0,0.0,0.017954007247546776,0.19604442489105273,0.0,0.0,0.08501206806129594,0.0,0.0,0.0,0.03999999968750001,0.0,0.03999999968750001,0.0,0.03999999968750001,0.03999999968750001
2010-03-05,0.18195191357429108,0.0,0.0,0.1418647861907563,0.003969616783987506,0.0069683492789026046,0.09706507519828428,0.0,0.0,0.015545702223334663,0.0,0.0,0.0,0.009201714939534896,0.0,0.0,0.08889996028939502,0.0,0.0,0.0,0.0,0.016341963605967152,0.1958121311129114,0.0,0.0,0.08237878805263504,0.0,0.03999999968750001,0.0,0.03999999968750001,0.0,0.0,0.0,0.03999999968750001,0.03999999968750001
2010-03-12,0.18195191357429108,0.0,0.0,0.13971042727881028,0.002268086169971926,0.0069683492789026046,0.10240152245108551,0.0,0.0,0.014985320592381592,0.0,0.0,0.0,0.010375571547403165,0.0,0.0,0.09190756021373941,0.0,0.0,0.0,0.0,0.01564544832997057,0.19545719508232723,0.0,0.0,0.07832860673111659,0.0,0.03999999968750001,0.03999999968750001,0.03999999968750001,0.0,0.0,0.0,0.0,0.03999999968750001
2010-03-19,0.18195191357429108,0.0,0.0,0.13971042727881028,0.0,0.014162990170762965,0.0771375061853931,0.0,0.0,0.018473824015244094,0.0,0.0,0.0,0.016491659713530938,0.0,0.0,0.09303215408716509,0.0,0.0,0.0,0.0,0.01564544832997057,0.20029540990820316,0.0,0.0,0.0830986679866287,0.0,0.0,0.0,0.03999999968750001,0.0,0.03999999968750001,0.0,0.03999999968750001,0.03999999968750001
2010-03-26,2.220446049250313e-16,0.0,0.0,0.054599385582469975,0.0,0.012656179398908608,0.2581185462395012,0.0,0.0,0.04157960684673294,0.07004447759998808,0.0,0.0,0.007568615444408288,0.0,0.0,0.11328050312657872,0.0,0.0,0.0,0.0,0.0,0.20939674878950937,0.0,0.0,0.07275593703440277,0.0,0.0,0.03999999998437499,0.03999999998437499,0.0,0.03999999998437499,0.0,0.0,0.03999999998437499
2010-04-02,1.1102230246251565e-16,0.0,0.0,0.054599385582469975,0.0,0.02770418568043572,0.2696946761962756,0.0,0.0,0.03769205440712735,0.07004447759998808,0.0,0.0,0.0043721974421659085,0.0,0.0,0.10838783110644382,0.0,0.0,0.0,0.0,0.0,0.2050399031589371,0.0,0.0,0.06246528888865642,0.03999999998437499,0.0,0.03999999998437499,0.03999999998437499,0.0,0.0,0.0,0.0,0.03999999998437499
2010-04-09,0.0,0.0,0.0,0.054599385582469975,0.0,0.027897042507846498,0.25632301294788984,0.0,0.0,0.04174074092154895,0.07004447759998808,0.0,0.0,0.007440680089073459,0.0,0.0,0.10880384641114202,0.0,0.0,0.0,0.0,0.0,0.2088466760794644,0.0,0.0,0.06430413792307671,0.0,0.0,0.03999999998437499,0.03999999998437499,0.0,0.03999999998437499,0.0,0.0,0.03999999998437499
2010-04-16,1.1102230246251565e-16,0.0,0.0,0.054599385582469975,0.0,0.007865450960340541,0.25632301294788984,0.0,0.0,0.04051293462471528,0.07004447759998808,0.0,0.0,0.021361457603223152,0.0,0.0,0.11823612609029079,0.0,0.0,0.0,0.0,0.0,0.2055036757657751,0.0,0.0,0.06555347888780719,0.0,0.0,0.03999999998437499,0.03999999998437499,0.03999999998437499,0.0,0.0,0.0,0.03999999998437499
2010-04-23,1.1102230246251565e-16,0.0,0.0,0.054599385582469975,0.0,0.011716639249551374,0.25632301294788984,0.0,0.0,0.039683246479070095,0.07004447759998808,0.0,0.0,0.021792433117409377,0.0,0.0,0.116481082894224,0.0,0.0,0.0,0.0,0.0,0.2048360502893672,0.0,0.0,0.06452367190253,0.0,0.0,0.03999999998437499,0.03999999998437499,0.03999999998437499,0.0,0.0,0.0,0.03999999998437499
2010-04-30,0.0,0.0,0.0,0.045184367535522185,0.0,0.3205433701496094,0.049809252990523516,0.0,0.0,0.0423368861429594,0.0422594971380527,0.0,0.0,0.022688060619544464,0.0,0.0,0.09395266105112135,0.0,0.0,0.0,0.0,0.0,0.16901575543244765,0.0,0.0,0.05421014894334434,0.03999999999921875,0.0,0.03999999999921875,0.03999999999921875,0.0,0.0,0.0,0.0,0.03999999999921875
2010-05-07,1.1102230246251565e-16,0.0,0.0,0.04781191484113032,0.0,0.3178389980400852,0.049809252990523516,0.0,0.0,0.0434297421621344,0.0422594971380527,0.0,0.0,0.015472595186036745,0.0,0.0,0.08595274257849042,0.0,0.0,0.0,0.0,0.000846996692377756,0.17285724198843128,0.0,0.0,0.06372101838586262,0.0,0.0,0.03999999999921875,0.03999999999921875,0.0,0.03999999999921875,0.0,0.0,0.03999999999921875
2010-05-14,0.0,0.0,0.0,0.045184367535522185,0.0,0.3215256998991087,0.049809252990523516,0.0,0.0,0.04468708283048008,0.0422594971380527,0.0,0.0,0.01707453774833941,0.0,0.0,0.0832425692274363,0.0,0.0,0.0,0.0,0.0,0.17303589415831505,0.0,0.0,0.06318109847534703,0.0,0.0,0.03999999999921875,0.03999999999921875,0.0,0.0,0.03999999999921875,0.0,0.03999999999921875
2010-05-21,0.0,0.0,0.0,0.04773695126053212,0.0,0.3178389980400852,0.05134427087702685,0.0,0.0,0.04288295601687579,0.0422594971380527,0.0,0.0,0.021676471699306997,0.0,0.0,0.08677544393243686,0.0,0.0,0.0,0.0,0.0,0.18179361657143076,0.0,0.0,0.057691794467182395,0.0,0.0,0.0,0.04999999999902344,0.0,0.04999999999902344,0.0,0.0,0.04999999999902344
2010-05-28,0.43379257130183346,0.0,0.0,0.0,0.0,0.015465380623488748,0.05584371998632058,0.0,0.0,0.036718326605780185,0.04347315399776631,0.0,0.0,0.03796858877262043,0.0,0.0,0.10939452981591441,0.0,0.012370565988554275,0.0,0.0,0.0,0.15617111167025896,0.0,0.0,0.04013538457194177,0.0,0.0,0.0,0.029333333332760413,0.0,0.0,0.0,0.0,0.029333333332760413
2010-06-04,0.43379257130183346,0.0,0.0,0.0,0.0,0.020823235962149952,0.0571390751098504,0.0,0.0,0.03493194506831542,0.04347315399776631,0.0,0.0,0.037617319723380185,0.0,0.0,0.1042106365057896,0.0,0.012370565988554275,0.0,0.0,0.0,0.15492195045303744,0.0,0.0,0.04205287922380209,0.0,0.0,0.0,0.029333333332760413,0.0,0.0,0.0,0.0,0.029333333332760413
2010-06-11,0.43379257130183346,0.0,0.0,0.0,0.0,0.037366982443373796,0.05584371998632058,0.0,0.0,0.02749513019841783,0.05497490533724463,0.0,0.0,0.024767599080833674,0.0,0.0,0.09507152886328851,0.0,0.029594880016587395,0.0,0.0,0.0,0.14968394593291712,0.0,0.0,0.032742070173662104,0.0,0.0,0.0,0.029333333332760413,0.0,0.0,0.0,0.0,0.029333333332760413
2010-06-18,0.43379257130183346,0.0,0.0,0.0,0.0,0.03861280053795278,0.05584371998632058,0.0,0.0,0.03112292465111071,0.04347315399776631,0.0,0.0,0.029813554378366587,0.0,0.0,0.09981608318875734,0.0,0.024105084704592755,0.0,0.0,0.0,0.14027803708101233,0.0,0.0,0.032742070173662104,0.0,0.0,0.017599999999656248,0.017599999999656248,0.0,0.017599999999656248,0.0,0.0,0.017599999999656248
2010-06-25,0.2107961908316922,0.0,0.0,0.0,0.0,0.35,0.05853649838572825,0.0,0.0,0.03259013191750363,0.06619619948305883,0.0,0.0,0.0005262283397818167,0.0,0.0,0.03586124378451194,0.0,0.03363922165127079,0.0,0.0,0.0,0.14082016837705905,0.0,0.0,0.04170078389663312,0.0,0.0,0.0,0.014666666666380206,0.0,0.0,0.0,0.0,0.014666666666380206
2010-07-02,0.2545517228341523,0.0,0.0,0.0,0.0,0.35,0.05866204962628762,0.0,0.0,0.034032002297596856,0.0669624283132739,0.0,0.0,0.0035411012864574854,0.0,0.0,0.03586124378451194,0.0,0.02879133183387037,0.0,0.0,0.0,0.12589733612721646,0.0,0.0,0.04170078389663312,0.0,0.0,0.0,0.0,0.0,0.0,0.0,0.0,0.0
2010-07-09,0.209308225676629,0.0,0.0,0.0,0.0,0.35,0.0583673824217534,0.0,0.0,0.03036848556397365,0.07383035815778019,0.0,0.0,0.0030265323687636634,0.0,0.0,0.03586124378451194,0.0,0.02969720677067675,0.0,0.0,0.0,0.13850644802651796,0.0,0.0,0.04170078389663312,0.0,0.0,0.0,0.0,0.0,0.014666666666380206,0.0,0.0,0.014666666666380206
2010-07-16,0.2508396848981036,0.0,0.0,0.0,0.0,0.35,0.058336842207494806,0.0,0.0,0.029601385790459844,0.07671716492530127,0.0,0.0,0.002134173682232318,0.0,0.0,0.03586124378451194,0.0,0.02952136185595773,0.0,0.0,0.0,0.12528735895930534,0.0,0.0,0.04170078389663312,0.0,0.0,0.0,0.0,0.0,0.0,0.0,0.0,0.0
2010-07-23,0.2108182642293145,0.0,0.0,0.0,0.0,0.35,0.05847747926512176,0.0,0.0,0.03095964885714471,0.06942865226840268,0.0,0.0,0.0031013714932182977,0.0,0.0,0.03586124378451194,0.0,0.03003294422262656,0.0,0.0,0.0,0.13441961198371385,0.0,0.0,0.04170078389663312,0.0,0.0,0.0,0.008799999999828124,0.0,0.008799999999828124,0.008799999999828124,0.0,0.008799999999828124
2010-07-30,0.1200000000000001,0.0,0.0,0.0,0.0,0.2786001494936949,0.06716764735572148,0.0,0.0,0.0425391349163323,0.08148370925083157,0.0,0.0,0.00038369841512705266,0.0,0.0,0.009624496002955755,0.0,0.2443050971202448,0.0,0.0,0.0,0.09602366543137206,0.0,0.0,0.04227240201406377,0.004399999999914062,0.0,0.0,0.004399999999914062,0.0,0.004399999999914062,0.004399999999914062,0.0,0.0
2010-08-06,0.1200000000000001,0.0,0.0,0.0,0.0,0.27844613636024557,0.06716782017609578,0.0,0.0,0.04109454917158783,0.08224198417453349,0.0,0.0,0.0,0.0,0.0,0.009624496002955755,0.0,0.24694636165933165,0.0,0.0,0.0,0.09427483305864326,0.0,0.0,0.042603819396950335,0.004399999999914062,0.0,0.0,0.004399999999914062,0.0,0.0,0.004399999999914062,0.0,0.004399999999914062
2010-08-13,0.1200000000000001,0.0,0.0,0.0,0.0,0.2769607722067638,0.07020702505709321,0.0,0.0,0.04335020677166156,0.07347812608193346,0.0,0.0,0.000991546093346076,0.0,0.0,0.009624496002955755,0.0,0.24289329706349752,0.0,0.0,0.0,0.095811775458809,0.0,0.0,0.0490827552642832,0.0,0.0,0.0,0.004399999999914062,0.0,0.004399999999914062,0.004399999999914062,0.0,0.004399999999914062
2010-08-20,0.1200000000000001,0.005897912038422167,0.0,0.0,0.0,0.27356802050030254,0.07206645497179967,0.0,0.0,0.04109454917158783,0.07789438097828158,0.0,0.0,0.00029243765816855394,0.0,0.0,0.009624496002955755,0.0,0.2440133840260639,0.0,0.0,0.0,0.09494856712130427,0.0,0.0,0.04409979753143589,0.0,0.0,0.0,0.005499999999892578,0.0,0.0,0.005499999999892578,0.0,0.005499999999892578
2010-08-27,0.1309999999997853,0.0,0.0,0.0,0.0,0.21906414379570105,0.19540093442192003,0.0,0.0,0.0019737826715551616,0.06924326273237492,0.0,0.0,0.0018437236409113017,0.0,0.0,0.0,0.0,0.1900125719120366,0.0,0.0,0.0,0.1358973127333072,0.0,0.0,0.055564268092408484,0.0,0.0,0.0,0.0,0.0,0.0,0.0,0.0,0.0
2010-09-03,0.1200000000000001,0.0,0.0,0.0,0.0,0.21329525716679565,0.19136569968981157,0.0,0.0,0.0037974092417067833,0.08174631883395864,0.0,0.0,0.0016055144382919652,0.0,0.0,0.0,0.0,0.1880320289529346,0.0,0.0,0.0,0.13683304264227983,0.0,0.0,0.054524729034392795,0.0,0.0,0.0,0.002199999999957031,0.0,0.002199999999957031,0.002199999999957031,0.0,0.002199999999957031
2010-09-10,0.12,0.0,0.0,0.006603091952600064,0.0,0.21187390566746775,0.19222867884614706,0.0,0.0,0.0,0.07206495871136477,0.0,0.0,0.0011046916908541789,0.0,0.0,0.0,0.0,0.188330546697594,0.0,0.0,0.005135622340469113,0.13797619216467366,0.0,0.0,0.055882311929001234,0.0,0.0,0.0,0.002199999999957031,0.0,0.002199999999957031,0.002199999999957031,0.0,0.002199999999957031
2010-09-17,0.1200000000000001,0.008583067662227065,0.0,0.0,0.0,0.2197154243009488,0.18683490143049755,0.0,0.0,0.0,0.08057472158064172,0.0,0.0,0.0,0.0,0.0,0.0,0.0,0.19068282174641063,0.0,0.0,0.0,0.1359116663248439,0.0,0.0,0.048897396954602206,0.002199999999957031,0.0,0.0,0.002199999999957031,0.0,0.002199999999957031,0.002199999999957031,0.0,0.0
2010-09-24,0.0,0.013971815038898081,0.0,0.0077376442229558804,0.0,0.2128626399871806,0.166121408052482,0.0,0.0,0.0,0.08839625320097177,0.0,0.0,0.0,0.0,0.0,0.0077376442229558804,0.0,0.216739174495956,0.0,0.0,0.0,0.18833172979913154,0.0,0.0,0.013101690979565896,0.021249999999975587,0.0,0.0,0.021249999999975587,0.0,0.0,0.021249999999975587,0.0,0.021249999999975587
2010-10-01,2.220446049250313e-16,0.01153310839324838,0.0,0.0077376442229558804,0.0,0.2158674719778921,0.1633446793131695,0.0,0.0,0.0,0.08785231450971895,0.0,0.0,0.0,0.0,0.0,0.0077376442229558804,0.0,0.22039445788714737,0.0,0.0,0.0,0.1893915330707394,0.0,0.0,0.011141146402270182,0.0,0.0,0.0,0.021249999999975587,0.021249999999975587,0.0,0.021249999999975587,0.0,0.021249999999975587
2010-10-08,0.0,0.014201608629781044,0.0,0.0077376442229558804,0.0,0.22403921822824072,0.15807006756350442,0.0,0.0,0.0,0.07023527202240487,0.0,0.0,0.0005341909877221691,0.0,0.0,0.0077376442229558804,0.0,0.2220175564375932,0.0,0.0,0.0,0.19596509046373434,0.0,0.0,0.01446170722120518,0.021249999999975587,0.0,0.0,0.021249999999975587,0.0,0.0,0.021249999999975587,0.0,0.021249999999975587
2010-10-15,2.220446049250313e-16,0.012281144749237966,0.0,0.0077376442229558804,0.0,0.21892103489818998,0.16428987327280728,0.0,0.0,0.0,0.08181719141254948,0.0,0.0,0.0,0.0,0.0,0.0077376442229558804,0.0,0.21922780593435937,0.0,0.0,0.0,0.19318630607218898,0.0,0.0,0.009801355214852843,0.021249999999975587,0.0,0.0,0.021249999999975587,0.0,0.0,0.021249999999975587,0.0,0.021249999999975587
2010-10-22,0.0,0.015619512876964649,0.0,0.0077376442229558804,0.0,0.2192863685065161,0.15985756969174666,0.0,0.0,0.0,0.06972993181600831,0.0,0.0,0.004372098502801105,0.0,0.0,0.0077376442229558804,0.0,0.2171549812013254,0.0,0.0,0.0,0.19566643222315613,0.0,0.0,0.017837816735667512,0.0,0.0,0.0,0.0,0.021249999999975587,0.021249999999975587,0.021249999999975587,0.021249999999975587,0.0
2010-10-29,0.0,0.05038443876139534,0.0,0.007870319068572974,0.0,0.258280179002898,0.04666869663996234,0.0,0.0,0.0,0.05955899817735545,0.0,0.0,0.007380781672562371,0.0,0.0,0.007870319068572974,0.0,0.2520002800488735,0.0,0.0,0.0,0.1366000524071764,0.0,0.0,0.01713593515263557,0.03906249999999878,0.0,0.0,0.0,0.03906249999999878,0.03906249999999878,0.0,0.0,0.03906249999999878
2010-11-05,0.0,0.034837163401907754,0.0,0.007870319068572974,0.0,0.2601613330067325,0.04666869663996234,0.0,0.0,0.0036796929968878826,0.054826650349967435,0.0,0.0,0.009914872595276791,0.0,0.0,0.007870319068572974,0.0,0.2530224404400334,0.0,0.0,0.0020468876138729723,0.13706579719680598,0.0,0.0,0.025785827621411923,0.03906249999999878,0.03906249999999878,0.0,0.0,0.03906249999999878,0.0,0.0,0.0,0.03906249999999878
2010-11-12,0.0,0.05249823598514164,0.0,0.010066933761403347,0.0,0.26211454359019043,0.04666869663996234,0.0,0.0,0.0077799957637316045,0.03879837757138937,0.0,0.0,0.007928623293703292,0.0,0.0,0.007870319068572974,0.0,0.24054163376881985,0.0,0.0,0.005064571374526758,0.1377849585493607,0.0,0.0,0.026633110633202606,0.03906249999999878,0.03906249999999878,0.0,0.0,0.03906249999999878,0.0,0.0,0.0,0.03906249999999878
2010-11-19,0.0,0.044616669325773434,0.0,0.017975079819369074,0.0,0.26011403929495813,0.04666869663996234,0.0,0.0,0.005204145301077529,0.03879837757138937,0.0,0.0,0.014364814937422171,0.0,0.0,0.007870319068572974,0.0,0.2301509625449975,0.0,0.0,0.011397024679991962,0.09776856770279596,0.0,0.0,0.029758803113695702,0.03906249999999878,0.03906249999999878,0.0,0.03906249999999878,0.03906249999999878,0.0,0.0,0.0,0.03906249999999878
2010-11-26,0.0,0.06503696190644374,0.0,0.019127716362575983,0.0,0.22671045285241556,0.04308693353436716,0.0,0.0,0.009743806219264689,0.036155200238772806,0.0,0.0,0.01921399215352592,0.0,0.0,0.006931733295594359,0.0,0.1293101668892646,0.0,0.0,0.015025907664227787,0.15683790712845894,0.0,0.0,0.07516297175509155,0.039531249999999386,0.039531249999999386,0.0,0.039531249999999386,0.039531249999999386,0.0,0.0,0.0,0.039531249999999386
2010-12-03,0.0,0.06946073853192886,0.0,0.013867384650646276,0.0,0.2317292174568829,0.04308693353436716,0.0,0.0,0.004954262633598709,0.036155200238772806,0.0,0.0,0.023728082611443213,0.0,0.0,0.006931733295594359,0.0,0.1293101668892646,0.0,0.0,0.009990843113195862,0.15473465574621745,0.0,0.0,0.07839453129809089,0.039531249999999386,0.039531249999999386,0.0,0.039531249999999386,0.039531249999999386,0.0,0.0,0.0,0.039531249999999386
2010-12-10,0.0,0.0706130060432614,0.0,0.012352814620046042,0.0,0.23302717943876847,0.04308693353436716,0.0,0.0,0.008954395663171301,0.036155200238772806,0.0,0.0,0.018377301161172827,0.0,0.0,0.006931733295594359,0.0,0.1293101668892646,0.0,0.0,0.008485963072452467,0.15690322468891185,0.0,0.0,0.0781458313542198,0.039531249999999386,0.039531249999999386,0.0,0.039531249999999386,0.039531249999999386,0.0,0.0,0.0,0.039531249999999386
2010-12-17,0.0,0.06500800948110738,0.0,0.009543395151398439,0.0,0.25178907714378285,0.04308693353436716,0.0,0.0,0.009973581386114382,0.036155200238772806,0.0,0.0,0.02250231488370889,0.0,0.0,0.006931733295594359,0.0,0.1293101668892646,0.0,0.0,0.004333520566153777,0.14700147478909745,0.0,0.0,0.07670834264064098,0.039531249999999386,0.039531249999999386,0.0,0.039531249999999386,0.039531249999999386,0.0,0.0,0.0,0.039531249999999386
2010-12-24,0.0,0.06792465965381053,0.0,0.013514988875978157,0.0,0.2543948752537166,0.04308693353436716,0.0,0.0,0.010958231095473812,0.036155200238772806,0.0,0.0,0.01711109897982929,0.0,0.0,0.008050643474599568,0.0,0.1293101668892646,0.0,0.0,0.008426382985586301,0.13881847752381335,0.0,0.0,0.07459209149479096,0.039531249999999386,0.039531249999999386,0.0,0.039531249999999386,0.039531249999999386,0.0,0.0,0.0,0.039531249999999386
2010-12-31,0.0,0.05418926118479245,0.0,0.009370761398013685,0.0,0.2687853412239549,0.0480572429415093,0.0,0.0,0.01560964832090413,0.03868648154349562,0.0,0.0,0.020911509409860477,0.0,0.0,0.012639783700782631,0.0,0.1793609896267265,0.0,0.0,0.0,0.13587893968335207,0.0,0.0,0.01662722846660831,0.03997656249999998,0.03997656249999998,0.0,0.03997656249999998,0.03997656249999998,0.0,0.0,0.0,0.03997656249999998
2011-01-07,0.0,0.05596057862680084,0.0,0.009370761398013685,0.0,0.26000710946278244,0.0480572429415093,0.0,0.0,0.018457992621055158,0.03868648154349562,0.0,0.0,0.02024055818595874,0.0,0.0,0.01355832326335301,0.0,0.1793609896267265,0.0,0.0,0.00102383345223173,0.13737755047250222,0.0,0.0,0.018015765905570868,0.03997656249999998,0.03997656249999998,0.0,0.03997656249999998,0.03997656249999998,0.0,0.0,0.0,0.03997656249999998
2011-01-14,0.0,0.053234583253084264,0.0,0.009370761398013685,0.0,0.2494033739704737,0.0480572429415093,0.0,0.0,0.028438369725543373,0.03868648154349562,0.0,0.0,0.026242640614755293,0.0,0.0,0.02058238606585435,0.0,0.1793609896267265,0.0,0.0,0.0,0.13299887396019633,0.0,0.0,0.013741484400347673,0.03997656249999998,0.03997656249999998,0.03997656249999998,0.03997656249999998,0.0,0.0,0.0,0.0,0.03997656249999998
2011-01-21,0.0,0.06149669828307982,0.0,0.009370761398013685,0.0,0.24521321164004883,0.0480572429415093,0.0,0.0,0.02711494082167927,0.03868648154349562,0.0,0.0,0.020559679469698777,0.0,0.0,0.024155909814275726,0.0,0.1793609896267265,0.0,0.0,0.0,0.13007779643106215,0.0,0.0,0.01602347553041049,0.03997656249999998,0.03997656249999998,0.03997656249999998,0.03997656249999998,0.0,0.0,0.0,0.0,0.03997656249999998
2011-01-28,0.00813873816220656,0.062106824179737646,0.0,0.008290639494335778,0.0,0.35,0.04402346183138829,0.0,0.0,0.055929519128316285,0.035732822337052515,0.0,0.0,0.020282989597294663,0.0,0.0,0.056752472180637815,0.0,0.0,0.0,0.0,0.0,0.09322253826628177,0.0,0.0,0.06557858857274863,0.03998828124999999,0.03998828124999999,0.0,0.03998828124999999,0.03998828124999999,0.0,0.0,0.0,0.03998828124999999
2011-02-04,0.011507824680950907,0.06296245609844821,0.0,0.008290639494335778,0.0,0.35,0.04402346183138829,0.0,0.0,0.05378000462599897,0.035732822337052515,0.0,0.0,0.017890673496644527,0.0,0.0,0.05084799026327901,0.0,0.0,0.0,0.0,0.0,0.09528367241940572,0.0,0.0,0.0697390485024962,0.03998828124999999,0.03998828124999999,0.0,0.03998828124999999,0.03998828124999999,0.0,0.0,0.0,0.03998828124999999
2011-02-11,1.1102230246251565e-16,0.05937773481703594,0.0,0.008290639494335776,0.0016127239481219617,0.3406219522875947,0.044023461831388284,0.0,0.0,0.06500700161121635,0.03573282233705251,0.0,0.0,0.03312788283200411,0.0,0.0,0.049471065852165604,0.0,0.0,0.0,0.0,0.0,0.09221413246752373,0.0,0.0,0.07057917627156093,0.039988281249999987,0.039988281249999987,0.0,0.039988281249999987,0.039988281249999987,0.0,0.0,0.0,0.039988281249999987
2011-02-18,1.1102230246251565e-16,0.05952075354652982,0.0,0.011910736342225985,0.0,0.3308489126394765,0.04402346183138829,0.0,0.0,0.06315104147200046,0.035732822337052515,0.0,0.0,0.031091279972249985,0.0,0.0,0.05591810855573296,0.0,0.0,0.0,0.0,0.006045912388150733,0.09221413246752375,0.0,0.0,0.06960143219766897,0.03998828124999999,0.03998828124999999,0.03998828124999999,0.03998828124999999,0.0,0.0,0.0,0.0,0.03998828124999999
2011-02-25,1.1102230246251565e-16,0.06632972572192816,0.0,0.013576284765711474,0.0,0.2807553431129005,0.042094804185249315,0.0,0.0,0.06152100255807144,0.03430805550536386,0.0,0.0,0.03328773574790662,0.0,0.0,0.09988745125642998,0.0,0.0,0.0,0.0,0.010434496479253354,0.0931547939507529,0.0,0.0,0.0646796035914323,0.039994140625,0.039994140625,0.039994140625,0.039994140625,0.0,0.0,0.0,0.0,0.039994140625
2011-03-04,1.1102230246251565e-16,0.06384518409745482,0.0,0.02206969517652031,0.0,0.2807553431129005,0.042094804185249315,0.0,0.0,0.060300373195245484,0.03430805550536386,0.0,0.0,0.029831562074465953,0.0,0.0,0.09629877402659884,0.0,0.0,0.0,0.0,0.01653532373497517,0.09528758725018834,0.0,0.0,0.05870259451603735,0.039994140625,0.039994140625,0.0,0.039994140625,0.039994140625,0.0,0.0,0.0,0.039994140625
2011-03-11,0.0,0.06090004561234448,0.0,0.02176052446712562,0.00763275160068396,0.2807553431129005,0.042094804185249315,0.0,0.0,0.060109142675209476,0.03430805550536386,0.0,0.0,0.028874105515698984,0.0,0.0,0.0963802238096238,0.0,0.0,0.0,0.0,0.016160158691490213,0.09324737362218108,0.0,0.0,0.057806768077128666,0.039994140625,0.039994140625,0.0,0.039994140625,0.039994140625,0.0,0.0,0.0,0.039994140625
2011-03-18,0.0,0.06571660266570392,0.0,0.01344525111322153,0.0032741686062984243,0.2807553431129005,0.042094804185249315,0.0,0.0,0.06194018607267354,0.03430805550536386,0.0,0.0,0.029497730303203747,0.0,0.0,0.10013500430652832,0.0,0.0,0.0,0.0,0.007923134776725056,0.14312638877500306,0.0,0.0,0.057806768077128666,0.039994140625,0.039994140625,0.039994140625,0.039994140625,0.0,0.0,0.0,0.0,0.0
2011-03-25,0.21484330196210277,0.057825420880975226,0.0,0.043553407832599415,0.0379852716366957,0.05849313379719436,0.04118067255987239,0.0,0.0,0.029036179880543685,0.03356397775257905,0.0,0.0,0.02804222011879969,0.0,0.0,0.1406376225082497,0.0,0.0,0.0,0.0,0.011225811577475696,0.09601093312311897,0.0,0.0,0.007616694807293341,0.0399970703125,0.0399970703125,0.0399970703125,0.0399970703125,0.0,0.0,0.0,0.0,0.0399970703125
2011-04-01,0.21484330196210277,0.057936257712862545,0.0,0.04075095577765557,0.03517901979639463,0.05849313379719436,0.04118067255987239,0.0,0.0,0.030975917663128894,0.03356397775257905,0.0,0.0,0.026355333755436004,0.0,0.0,0.14235089885528493,0.0,0.0,0.0,0.0,0.007938868867801785,0.1428266854423937,0.0,0.0,0.007616694807293341,0.0399970703125,0.0399970703125,0.0,0.0399970703125,0.0,0.0,0.0,0.0,0.0399970703125
2011-04-08,0.21484330196210277,0.0632231563418797,0.0,0.04080688497860709,0.0297527286384059,0.05849313379719436,0.04118067255987239,0.0,0.0,0.03083234978425677,0.03356397775257905,0.0,0.0,0.031102577837661426,0.0,0.0,0.1424118617269931,0.0,0.0,0.0,0.0,0.005778667380746093,0.14040571118240802,0.0,0.0,0.007616694807293341,0.0399970703125,0.0399970703125,0.0,0.0399970703125,0.0,0.0,0.0,0.0,0.0399970703125
2011-04-15,0.21484330196210288,0.06211785432353689,0.0,0.03736942344569924,0.0297527286384059,0.06978284230929388,0.04118067255987239,0.0,0.0,0.025588520539449072,0.03356397775257905,0.0,0.0,0.026734187123753,0.0,0.0,0.13873167501328648,0.0,0.0,0.0,0.0,0.0011333648272984728,0.15159647544742946,0.0,0.0,0.007616694807293341,0.0399970703125,0.0399970703125,0.0,0.0399970703125,0.0,0.0,0.0,0.0,0.0399970703125
2011-04-22,0.21484330196210277,0.06303321570623621,0.0,0.03736942344569924,0.0297527286384059,0.08716214041783261,0.043955360038643386,0.0,0.0,0.030750045751705497,0.03356397775257905,0.0,0.0,0.00628458139573315,0.0,0.0,0.13588731563698853,0.0,0.0,0.0,0.0,0.0,0.14979293319678028,0.0,0.0,0.007616694807293341,0.0399970703125,0.0399970703125,0.0,0.0399970703125,0.0,0.0,0.0,0.0,0.0399970703125
2011-04-29,0.0,0.06915866432426715,0.0,0.009388719623216222,0.0,0.24668156473762848,0.17699223553694265,0.0,0.0,0.028289440437315638,0.03894982737939081,0.0,0.0,0.015110152945026191,0.0,0.0,0.057840267712239074,0.0,0.0,0.0,0.0,0.0,0.14056697549395486,0.0,0.0,0.05702273774751887,0.039999853515625,0.039999853515625,0.0,0.039999853515625,0.0,0.0,0.0,0.039999853515625,0.0
2011-05-06,2.220446049250313e-16,0.06283801209230144,0.0,0.009388719623216222,0.0,0.227730661056078,0.17699223553694265,0.0,0.0,0.036647020080497396,0.03894982737939081,0.0,0.0,0.01861174020276585,0.0,0.0,0.06041573538925324,0.0,0.0,0.0,0.0,0.0,0.09653293020752629,0.0,0.0,0.07189385085390303,0.0,0.039999853515625,0.0,0.039999853515625,0.0,0.039999853515625,0.0,0.039999853515625,0.039999853515625
2011-05-13,0.0,0.06235376313578986,0.0,0.010670379495407896,0.0,0.2409858113857312,0.17699223553694265,0.0,0.0,0.03472182286226084,0.03894982737939081,0.0,0.0,0.010180919605622073,0.0,0.0,0.04784783113651003,0.0,0.0,0.0,0.0,0.0037840006542507153,0.13512441380530593,0.0,0.0,0.07838958094028795,0.0,0.039999853515625,0.0,0.0,0.0,0.039999853515625,0.039999853515625,0.039999853515625,0.0
2011-05-20,0.0,0.05363213157090873,0.0,0.017728771717146565,0.0,0.2423805115397074,0.17699223553694265,0.0,0.0,0.03202002625623451,0.03894982737939081,0.0,0.0,0.004010237058470614,0.0,0.0,0.04784783113651003,0.0,0.0,0.0,0.0,0.010559502584717826,0.13512441380530593,0.0,0.0,0.08075509735216485,0.0,0.039999853515625,0.0,0.0,0.0,0.039999853515625,0.039999853515625,0.039999853515625,0.0
2011-05-27,0.2585748290171339,0.06166141783639415,0.0,0.08005023213665059,0.0,0.023418335600583907,0.04738258422904235,0.0,0.0,0.03053660361094266,0.03925522488487078,0.0,0.0,0.021552133251358005,0.0,0.0,0.008127359344171576,0.0,0.008127359344171576,0.0,0.0,0.027654654439932806,0.13551720105251042,0.0,0.0,0.0981420945491123,0.0,0.03999999267578125,0.0,0.0,0.0,0.03999999267578125,0.03999999267578125,0.03999999267578125,0.0
2011-06-03,0.2585748290171339,0.05832596514602182,0.0,0.08923195070015441,0.0,0.01806289761290547,0.04738258422904235,0.0,0.0,0.026430528608048138,0.03925522488487078,0.0,0.0,0.01673112282397031,0.0,0.0,0.0096490449649248,0.0,0.008127359344171576,0.0,0.0,0.04089992634684978,0.13395708528767944,0.0,0.0,0.09337151033110216,0.0,0.03999999267578125,0.0,0.0,0.0,0.03999999267578125,0.03999999267578125,0.03999999267578125,0.0
2011-06-10,0.2585748290171339,0.05832596514602182,0.0,0.08503320524545485,0.0,0.008127359344171576,0.04738258422904235,0.0,0.0,0.02862154117353758,0.03925522488487078,0.0,0.0,0.024952373753580857,0.0,0.0,0.032521962799870165,0.0,0.008127359344171576,0.0,0.0,0.03233366764608405,0.13789189224071324,0.0,0.0,0.07885206447222226,0.0,0.03999999267578125,0.0,0.0,0.0,0.03999999267578125,0.03999999267578125,0.03999999267578125,0.0
2011-06-17,0.2585748290171339,0.05832596514602182,0.0,0.07377260798817845,0.0,0.012342004372012607,0.04738258422904235,0.0,0.0,0.03387759675458247,0.03925522488487078,0.0,0.0,0.027253425229723585,0.0,0.0,0.031435486275425584,0.0,0.008127359344171576,0.0,0.0,0.02039489565014522,0.1554854424173882,0.0,0.0,0.07377260798817845,0.0,0.03999999267578125,0.0,0.0,0.0,0.03999999267578125,0.03999999267578125,0.03999999267578125,0.0
2011-06-24,0.23274104276370533,0.026034780371847175,0.0,0.0829567061089717,0.0,0.02627283793632318,0.04469640095343594,0.0,0.0,0.031917877655501574,0.03617060538476115,0.0,0.0,0.02636761556830949,0.0,0.0,0.13866106625652172,0.0,0.008525795568674792,0.0,0.0,0.026034780371847175,0.15962050570853817,0.0,0.0,0.0,0.0,0.0,0.0,0.0,0.0,0.03999999633789062,0.03999999633789062,0.03999999633789062,0.03999999633789062
2011-07-01,0.23274104276370544,0.026034780371847175,0.0,0.0829567061089717,0.0,0.0328780735324362,0.04469640095343594,0.0,0.0,0.03338477033862502,0.03617060538476115,0.0,0.0,0.011501454200420957,0.0,0.0,0.13093159318954647,0.0,0.008525795568674792,0.0,0.0,0.027333289807952594,0.17284550242806004,0.0,0.0,0.0,0.0,0.0,0.0,0.0,0.0,0.03999999633789062,0.03999999633789062,0.03999999633789062,0.03999999633789062
2011-07-08,0.23274104276370533,0.026034780371847175,0.0,0.08407185959563122,0.0,0.04621070447897751,0.04469640095343594,0.0,0.0,0.019509177929161497,0.03617060538476115,0.0,0.0,0.018297287781509897,0.0,0.0,0.13184395893602444,0.0,0.008525795568674792,0.0,0.0,0.03142755735371003,0.16047084353099844,0.0,0.0,0.0,0.0,0.0,0.0,0.0,0.0,0.03999999633789062,0.03999999633789062,0.03999999633789062,0.03999999633789062
2011-07-15,0.23274104276370544,0.044538318494155,0.0,0.0829567061089717,0.0,0.05215357977531211,0.04469640095343594,0.0,0.0,0.014738633213309274,0.03617060538476115,0.0,0.0,0.01076855071142072,0.0,0.0,0.12689296333174366,0.0,0.008525795568674792,0.0,0.0,0.026034780371847175,0.15978263797110054,0.0,0.0,0.0,0.0,0.0,0.0,0.0,0.0,0.03999999633789062,0.03999999633789062,0.03999999633789062,0.03999999633789062
2011-07-22,0.23274104276370544,0.02789596680424176,0.0,0.0829567061089717,0.0,0.05571248756798613,0.04469640095343594,0.0,0.0,0.01915467868917745,0.03617060538476115,0.0,0.0,0.006299428543649343,0.0,0.0,0.13042287662840615,0.0,0.008525795568674792,0.0,0.0,0.026034780371847175,0.16938924526358046,0.0,0.0,0.0,0.0,0.03999999633789062,0.0,0.0,0.0,0.0,0.03999999633789062,0.03999999633789062,0.03999999633789062
2011-07-29,0.05807516235978194,0.027027273157900645,0.0,0.008598842593114327,0.0,0.35,0.04656775576462653,0.0,0.0,0.028169716033030676,0.0379689131715122,0.0,0.0,0.0,0.0,0.0,0.07983021086776947,0.0,0.008598842593114327,0.0,0.0,0.0,0.18656444159845745,0.0,0.0,0.008598842593114327,0.0,0.0,0.0,0.0,0.0,0.03999999981689453,0.03999999981689453,0.03999999981689453,0.03999999981689453
2011-08-05,0.2424919783115953,0.027027273157900645,0.0,0.008598842593114327,0.0,0.35,0.04656775576462653,0.0,0.0,0.0299809277410943,0.0379689131715122,0.0,0.0,0.01575369491882318,0.0,0.0,0.09086818449025774,0.0,0.008598842593114327,0.0,0.0,0.0,0.1335447446648471,0.0,0.0,0.008598842593114327,0.0,0.0,0.0,0.0,0.0,0.0,0.0,0.0,0.0
2011-08-12,0.24974783724593708,0.027027273157900645,0.0,0.008598842593114327,0.0,0.35,0.04656775576462653,0.0,0.0,0.020960837346469682,0.0379689131715122,0.0,0.0,0.020237523060208852,0.0,0.0,0.08683454542175198,0.0,0.008598842593114327,0.0,0.0,0.0,0.1348587870522501,0.0,0.0,0.008598842593114327,0.0,0.0,0.0,0.0,0.0,0.0,0.0,0.0,0.0
2011-08-19,0.24600871858503248,0.032374750788690766,0.0,0.008598842593114327,0.0,0.35,0.04656775576462653,0.0,0.0,0.021671972967386568,0.0379689131715122,0.0,0.0,0.01851607006759586,0.0,0.0,0.0864399248444577,0.0,0.008598842593114327,0.0,0.0,0.0,0.1346553660313549,0.0,0.0,0.008598842593114327,0.0,0.0,0.0,0.0,0.0,0.0,0.0,0.0,0.0
2011-08-26,0.6399999998168945,0.0,0.0,0.0,0.0,0.12812915403542338,0.08067702260655907,0.0,0.0,0.007336778932511086,0.0,0.0,0.0,0.00735687937108935,0.0,0.0,0.057821249474487205,0.0,0.015779256232264335,0.0,0.0,0.0,0.06289965953077106,0.0,0.0,0.0,0.0,0.0,0.0,0.0,0.0,0.0,0.0,0.0,0.0
2011-09-02,0.6399999998168946,0.0,0.0,0.0,0.0030487153438715645,0.127202183722672,0.08067702260655907,0.0,0.0,0.0046644127510573116,0.0,0.0,0.0,0.008612159536509446,0.0,0.0,0.05486062387290619,0.0,0.015779256232264335,0.0,0.0,0.0,0.060546616089315726,0.0,0.0,0.004609010027949843,0.0,0.0,0.0,0.0,0.0,0.0,0.0,0.0,0.0
2011-09-09,0.6399999998168946,0.005258052695789425,0.0,0.0,0.0,0.1211550931558088,0.08222452701270799,0.0,0.0,0.0,0.01760411021097898,0.0,0.0,0.0030032639855548304,0.0,0.0,0.05361293545679304,0.0,0.023529082208679365,0.0,0.0,0.0,0.05361293545679304,0.0,0.0,0.0,0.0,0.0,0.0,0.0,0.0,0.0,0.0,0.0,0.0
2011-09-16,0.6399999998168946,0.006574253280798832,0.0,0.0,0.0,0.12098964147773295,0.08067702260655907,0.0,0.0,0.0,0.017237515576311393,0.0,0.0,0.0029008652354539323,0.0,0.0,0.05361293545679304,0.0,0.02420520272844101,0.0,0.0,0.0,0.05380256382101527,0.0,0.0,0.0,0.0,0.0,0.0,0.0,0.0,0.0,0.0,0.0,0.0
2011-09-23,0.6399999998168946,0.007315970273535187,0.0,0.0,0.0,0.1195797441852036,0.08438404982707419,0.0,0.0,0.0,0.016920981703498338,0.0,0.0,0.00020474068096656238,0.0,0.0,0.05361293545679304,0.0,0.02347414248953262,0.0,0.0,0.0,0.05450743556650195,0.0,0.0,0.0,0.0,0.0,0.0,0.0,0.0,0.0,0.0,0.0,0.0
2011-09-30,0.6199999999084472,0.05265357740004506,0.0,0.0,0.0,0.10414342942190015,0.06631806510974331,0.0,0.0,0.0,0.07976350068315512,0.0,0.0,0.0016338955111231865,0.0,0.0,0.0,0.0,0.059543133037954596,0.0,0.0,0.0,0.015944398927631342,0.0,0.0,0.0,0.0,0.0,0.0,0.0,0.0,0.0,0.0,0.0,0.0
2011-10-07,0.6199999999084472,0.05187492728965045,0.0,0.0,0.0,0.1035969088703261,0.06819773121802264,0.0,0.0,0.0,0.08172549569767834,0.0,0.0,0.0006287478754622404,0.0,0.0,0.0,0.0,0.058884016531100605,0.0,0.0,0.0,0.01509217260931238,0.0,0.0,0.0,0.0,0.0,0.0,0.0,0.0,0.0,0.0,0.0,0.0
2011-10-14,0.6,0.050055961219357674,0.0,0.0,0.0,0.10449429950346618,0.06695463007267932,0.0,0.0,0.0,0.08428895156284956,0.0,0.0,0.000597774023898982,0.0,0.0,0.0,0.0,0.058706296530680865,0.0,0.0,0.0,0.014902087178620172,0.0,0.0,0.0,0.0,0.0,0.0,0.0,0.006666666636149088,0.006666666636149088,0.006666666636149088,0.0,0.0
2011-10-21,0.6199999999084472,0.04702713513256954,0.0,0.0,0.0,0.10556765844923728,0.0646126157359726,0.0,0.0,0.0,0.08475538432899395,0.0,0.0,0.0030165804653874005,0.0,0.0,0.0,0.0,0.059905094388716204,0.0,0.0,0.0,0.015115531590675788,0.0,0.0,0.0,0.0,0.0,0.0,0.0,0.0,0.0,0.0,0.0,0.0
2011-10-28,0.6099999999542236,0.047657869090852435,0.0,0.0,0.0,0.10039688322581869,0.035227388157312585,0.0,0.0,0.0,0.1013095715563962,0.0,0.0,0.002004501524153925,0.0,0.0,0.0,0.0,0.1034037864912426,0.0,0.0,0.0,0.0,0.0,0.0,0.0,0.0,0.0,0.0,0.0,0.0,0.0,0.0,0.0,0.0
2011-11-04,0.6099999999542236,0.047657869090852435,0.0,0.0,0.0,0.10184309716865911,0.03429974509436927,0.0,0.0,0.0,0.10132420235359638,0.0,0.0,0.0015987633719101372,0.0,0.0,0.0,0.0,0.10327632296638908,0.0,0.0,0.0,0.0,0.0,0.0,0.0,0.0,0.0,0.0,0.0,0.0,0.0,0.0,0.0,0.0
2011-11-11,0.6099999999542236,0.047657869090852435,0.0,0.0,0.0,0.10246461439833071,0.03237237851334767,0.0,0.0,0.0,0.10050912528502773,0.0,0.0,0.0018918740982430307,0.0,0.0,0.0,0.0,0.10510413865997484,0.0,0.0,0.0,0.0,0.0,0.0,0.0,0.0,0.0,0.0,0.0,0.0,0.0,0.0,0.0,0.0
2011-11-18,0.6099999999542236,0.047657869090852435,0.0,0.0,0.0,0.10257446394689806,0.033581375757813524,0.0,0.0,0.0,0.09430489643533149,0.0,0.0,0.006365495183944227,0.0,0.0,0.0,0.0,0.10551589963093666,0.0,0.0,0.0,0.0,0.0,0.0,0.0,0.0,0.0,0.0,0.0,0.0,0.0,0.0,0.0,0.0
2011-11-25,0.2099999999542238,0.0,0.0,0.0,0.0,0.22738386773252364,0.03800134898118317,0.0,0.0,0.0,0.16904461104916763,0.0,0.0,0.09138042885660605,0.0,0.0,0.003047220461672765,0.0,0.23497610023337842,0.0,0.0,0.0,0.026166422731244553,0.0,0.0,0.0,0.0,0.0,0.0,0.0,0.0,0.0,0.0,0.0,0.0
2011-12-02,0.2099999999542238,0.0,0.0,0.0,0.0,0.23009879620227355,0.037831655545117214,0.0,0.0,0.0,0.16810707649620732,0.0,0.0,0.09164228885038912,0.0,0.0,0.001684629289012807,0.0,0.23207917685949328,0.0,0.0,0.0,0.02855637680328291,0.0,0.0,0.0,0.0,0.0,0.0,0.0,0.0,0.0,0.0,0.0,0.0
2011-12-09,0.2099999999542237,0.0,0.0,0.0,0.0,0.22500418792031812,0.040958087250377515,0.0,0.0,0.0,0.17751303500795962,0.0,0.0,0.08617079801052747,0.0,0.0,0.0004729112197348483,0.0,0.2300588517756448,0.0,0.0,0.0,0.029822128861213822,0.0,0.0,0.0,0.0,0.0,0.0,0.0,0.0,0.0,0.0,0.0,0.0
2011-12-16,0.20999999995422391,0.0,0.0,0.0,0.0,0.23009462059553928,0.038038350691501674,0.0,0.0,0.0,0.16325624214758788,0.0,0.0,0.08927156011341435,0.0,0.0,0.0033549436190943444,0.0,0.23806274823429405,0.0,0.0,0.0,0.02792153464434462,0.0,0.0,0.0,0.0,0.0,0.0,0.0,0.0,0.0,0.0,0.0,0.0
2011-12-23,0.20000000000000007,0.0,0.0,0.0,0.0,0.22677539556233156,0.03782202098880151,0.0,0.0,0.0,0.18356716217012872,0.0,0.0,0.08334597520613253,0.0,0.0,0.0,0.0,0.23232302338713737,0.0,0.0,0.0,0.02816642272208928,0.0,0.0,0.0,0.0,0.0,0.0,0.0,0.0,0.0019999999908447267,0.0019999999908447267,0.0019999999908447267,0.0019999999908447267
2011-12-30,0.159924795828565,0.0,0.0,0.0,0.0,0.18968842113576906,0.16185218924370173,0.0,0.0,0.0,0.21414469003171271,0.0,0.0,0.0,0.0,0.0,0.025232321622538485,0.0,0.22392526051517456,0.0,0.0,0.0,0.025232321622538485,0.0,0.0,0.0,0.0,0.0,0.0,0.0,0.0,0.0,0.0,0.0,0.0
2012-01-06,0.159924795828565,0.0,0.0,0.0,0.0,0.18985302208332594,0.16601150526112946,0.0,0.0,0.0,0.20358170572401957,0.0,0.0,0.006737669816938662,0.0,0.0,0.025232321622538485,0.0,0.22342665804094441,0.0,0.0,0.0,0.025232321622538485,0.0,0.0,0.0,0.0,0.0,0.0,0.0,0.0,0.0,0.0,0.0,0.0
2012-01-13,0.15414354585502943,0.0,0.0,0.0,0.0,0.18846651393970054,0.1653677484420123,0.0,0.0,0.0,0.21219807474058344,0.0,0.0,0.0,0.0,0.0,0.025232321622538485,0.0,0.21831491497316277,0.0,0.0,0.0,0.03049563045343751,0.0,0.0,0.0,0.0,0.0,0.0,0.0,0.001156249994707108,0.001156249994707108,0.001156249994707108,0.001156249994707108,0.001156249994707108
2012-01-20,0.15414354585502943,0.0,0.0,0.0,0.0,0.18070847383739871,0.17589380638311033,0.0,0.0,0.0,0.21286653824279572,0.0,0.0,0.0,0.0,0.0,0.025232321622538485,0.0,0.21528961071770544,0.0,0.0,0.0,0.030084453367886354,0.0,0.0,0.0,0.0,0.0,0.0,0.0,0.001156249994707108,0.001156249994707108,0.001156249994707108,0.001156249994707108,0.001156249994707108
2012-01-27,0.14615377139168806,0.0,0.0,0.0,0.0,0.203278097700029,0.16438093432492598,0.0,0.0,0.0,0.1844695897546338,0.0,0.0,0.0,0.0,0.0,0.019432954287576656,0.0,0.2178400211723173,0.0,0.0,0.0,0.06306963137512345,0.0,0.0,0.0,0.0,0.0,0.0,0.0003437499984264374,0.0,0.0003437499984264374,0.0,0.0003437499984264374,0.0003437499984264374
2012-02-03,0.14615377139168806,0.0,0.0,0.0,0.0,0.19625534293576138,0.17120486122342551,0.0,0.0,0.0,0.18854668414585807,0.0,0.0,0.0,0.0,0.0,0.019432954287576656,0.0,0.2178582774546675,0.0,0.0,0.0,0.05917310856731709,0.0,0.0,0.0,0.0,0.0,0.0003437499984264374,0.0003437499984264374,0.0,0.0,0.0,0.0003437499984264374,0.0003437499984264374
2012-02-10,0.14615377139168806,0.0,0.0,0.0,0.0,0.20464706797538282,0.15872242810929638,0.0,0.0,0.0,0.17002382898062995,0.0,0.0,0.0032166300114004295,0.0,0.0,0.020605675942512836,0.0,0.2286714859298147,0.0,0.0,0.0,0.06658411166556907,0.0,0.0,0.0,0.0,0.0,0.0003437499984264374,0.0003437499984264374,0.0003437499984264374,0.0,0.0,0.0,0.0003437499984264374
2012-02-17,0.14615377139168806,0.0,0.0,0.0,0.0,0.19925220546320052,0.15947900413410543,0.0,0.0,0.0,0.18935408819415017,0.0,0.0,0.0,0.0,0.0,0.019432954287576656,0.0,0.22053414052639078,0.0,0.0,0.0,0.06441883600918258,0.0,0.0,0.0,0.0,0.0,0.0003437499984264374,0.0003437499984264374,0.0003437499984264374,0.0,0.0,0.0,0.0003437499984264374
2012-02-24,0.26265353441525896,0.0,0.0,0.009428540442996155,0.0,0.08112201154530413,0.07595672414989461,0.0,0.0,0.009985235026522876,0.07169347110230798,0.0,0.0,0.04994213378346063,0.0,0.0,0.0420483401995029,0.0,0.15138219709521958,0.0,0.0,0.0,0.04885530221257507,0.0,0.0,0.009428540442996155,0.0,0.03750079391679221,0.03750079391679221,0.03750079391679221,0.03750079391679221,0.0,0.0,0.0,0.03750079391679221
2012-03-02,0.26265353441525896,0.0,0.0,0.009428540442996155,0.0,0.10363482623509909,0.08885947978923806,0.0,0.0,0.022022770065030874,0.07169347110230798,0.0,0.0,0.03712382631789279,0.0,0.0,0.02227877547155236,0.0,0.13525267428146012,0.0,0.0,0.0,0.08762038576899867,0.0,0.0,0.009428540442996155,0.0,0.0,0.03750079391679221,0.03750079391679221,0.03750079391679221,0.0,0.0,0.0,0.03750079391679221
2012-03-09,0.26265353441525896,0.0,0.0,0.009428540442996155,0.0,0.0824037235466609,0.07293201992245343,0.0,0.0,0.027471006416350613,0.10457246128452156,0.0,0.0,0.042557465750028806,0.0,0.0,0.030334808529148403,0.0,0.12189190081343998,0.0,0.0,0.0,0.08632282276897624,0.0,0.0,0.009428540442996155,0.0,0.0,0.03750079391679221,0.03750079391679221,0.03750079391679221,0.0,0.0,0.0,0.03750079391679221
2012-03-16,0.26265353441525896,0.0,0.0,0.009428540442996155,0.0,0.09433469282374701,0.07293201992245343,0.0,0.0,0.022872152273296767,0.07684524291006992,0.0,0.0,0.05197478994859797,0.0,0.0,0.037764688593239774,0.0,0.12627875070738548,0.0,0.0,0.0,0.047983077935997376,0.0,0.0,0.009428540442996155,0.0,0.03750079391679221,0.03750079391679221,0.03750079391679221,0.03750079391679221,0.0,0.0,0.0,0.03750079391679221
2012-03-23,0.26265353441525885,0.0,0.0,0.009428540442996155,0.0,0.10757979714430312,0.07293201992245343,0.0,0.0,0.03429406272613463,0.07169347110230798,0.0,0.0,0.056110652891600624,0.0,0.0,0.046144806892230876,0.0,0.09640243581254355,0.0,0.0,0.0,0.04582816862321357,0.0,0.0,0.009428540442996155,0.03750079391679221,0.0,0.03750079391679221,0.03750079391679221,0.03750079391679221,0.0,0.0,0.0,0.03750079391679221
2012-03-30,0.0,0.0,0.0,0.010573630582286294,0.0,0.10590369913108276,0.03761617659870175,0.0,0.0,0.020327821458175604,0.14438376078489393,0.0,0.0,0.15861785109273843,0.0,0.0,0.03035319268013506,0.0,0.15742512025465819,0.0,0.0,0.0,0.1639528262235017,0.0,0.0,0.014811546193983546,0.0,0.0,0.03900859374996066,0.03900859374996066,0.03900859374996066,0.0,0.0,0.0,0.03900859374996066
2012-04-06,0.0,0.0,0.0,0.010573630582286294,0.0,0.09123755241310626,0.03761617659870175,0.0,0.0,0.0,0.14438376078489393,0.0,0.0,0.15582520731839183,0.0,0.0,0.04598052200497638,0.0,0.16674871201192124,0.0,0.0,0.0,0.15544147175328338,0.0,0.0,0.03615859153259622,0.0,0.0,0.03900859374996066,0.03900859374996066,0.03900859374996066,0.0,0.0,0.0,0.03900859374996066
2012-04-13,2.220446049250313e-16,0.0,0.0,0.010573630582286294,0.0,0.08086070419602148,0.03761617659870175,0.0,0.0,0.012682645648960137,0.1688190122237852,0.0,0.0,0.13569336440418095,0.0,0.0,0.03369025958544897,0.0,0.1825782979412651,0.0,0.0,0.0,0.16820168523583587,0.0,0.0,0.01324984858367148,0.0,0.0,0.03900859374996066,0.03900859374996066,0.03900859374996066,0.0,0.0,0.0,0.03900859374996066
2012-04-20,0.0,0.0,0.0,0.010573630582286294,0.0,0.05180092501171376,0.04723410548531772,0.0,0.0,0.0169761762334631,0.14438376078489393,0.0,0.0,0.16130501013372828,0.0,0.0,0.055790156521592686,0.0,0.15726338033384227,0.0,0.0,0.0,0.18806484933103296,0.0,0.0,0.010573630582286294,0.0,0.0,0.03900859374996066,0.0,0.03900859374996066,0.0,0.0,0.03900859374996066,0.03900859374996066
2012-04-27,0.0,0.0,0.0,0.010305401067022506,0.0,0.03311352695541048,0.10388492526211356,0.0,0.0,0.014597580754769591,0.13135370089731663,0.0,0.0,0.20684509699082143,0.0,0.0,0.04791158573035389,0.0,0.17275937497089414,0.0,0.0,0.0,0.11090621880435401,0.0,0.0,0.010305401067022506,0.0,0.0,0.03950429687498033,0.0,0.03950429687498033,0.03950429687498033,0.0,0.0,0.03950429687498033
2012-05-04,0.0,0.0,0.0,0.010305401067022506,0.0,0.03311352695541048,0.10388492526211356,0.0,0.0,0.008902113459713312,0.15040857057232687,0.0,0.0,0.20380803684268195,0.0,0.0,0.04727107220409766,0.0,0.16310491521690523,0.0,0.0,0.0,0.11087884985278466,0.0,0.0,0.010305401067022506,0.0,0.0,0.03950429687498033,0.0,0.03950429687498033,0.03950429687498033,0.0,0.0,0.03950429687498033
2012-05-11,0.0,0.0,0.0,0.010305401067022504,0.0,0.03311352695541047,0.11336543166962107,0.0,0.0,0.007488947171464356,0.1266930511505015,0.0,0.0,0.21291498791680652,0.0,0.0,0.05360415572321918,0.0,0.15353962956491515,0.0,0.0,0.0,0.12065228021409528,0.0,0.0,0.010305401067022504,0.0,0.0,0.039504296874980326,0.0,0.0,0.039504296874980326,0.0,0.039504296874980326,0.039504296874980326
2012-05-18,0.0,0.0,0.0,0.010305401067022506,0.0,0.03311352695541048,0.11963153951508945,0.0,0.0,0.0,0.15009375841025271,0.0,0.0,0.19611279858744574,0.0,0.0,0.036152738517019646,0.0,0.17347093041705663,0.0,0.0,0.0,0.11279671796375902,0.0,0.0,0.010305401067022506,0.0,0.0,0.0,0.0,0.03950429687498033,0.03950429687498033,0.0,0.03950429687498033,0.03950429687498033
2012-05-25,0.10685771592229854,0.0,0.0,0.0,0.0,0.0,0.07188617065820119,0.0,0.0,0.010238738331442463,0.1981248900587109,0.0,0.0,0.08543158216942542,0.0,0.0,0.09000218364026899,0.0,0.23036993599375805,0.0,0.0,0.0,0.1365228673422874,0.0,0.0,0.0,0.0,0.0,0.01764147897090177,0.0,0.0,0.01764147897090177,0.0,0.01764147897090177,0.01764147897090177
2012-06-01,0.10685771592229854,0.0,0.0,0.0,0.0,0.0,0.07459227180869314,0.0,0.0,0.010724527078352432,0.20147804134605113,0.0,0.0,0.08384912928884239,0.0,0.0,0.095194332005358,0.0,0.22344149056170354,0.0,0.0,0.0,0.13329657610509382,0.0,0.0,0.0,0.0,0.0,0.0,0.0,0.0,0.01764147897090177,0.01764147897090177,0.01764147897090177,0.01764147897090177
2012-06-08,0.10685771592229854,0.0,0.0,0.0,0.0,0.0,0.07337856432517864,0.0,0.0,0.004705055322216598,0.2079754165093565,0.0,0.0,0.07703385413998531,0.0,0.0,0.0889665795417385,0.0,0.23310728375218523,0.0,0.0,0.0,0.13740961460343365,0.0,0.0,0.0,0.0,0.0,0.0,0.0,0.0,0.01764147897090177,0.01764147897090177,0.01764147897090177,0.01764147897090177
2012-06-15,0.10685771592229854,0.0,0.0,0.0,0.0,0.0,0.07594547438208055,0.0,0.0,0.004416741304770632,0.207413226212219,0.0,0.0,0.078164964419266,0.0,0.0,0.08571515662234644,0.0,0.2365182910165834,0.0,0.0,0.0,0.13440251423682842,0.0,0.0,0.0,0.0,0.0,0.0,0.0,0.0,0.01764147897090177,0.01764147897090177,0.01764147897090177,0.01764147897090177
2012-06-22,0.10685771592229854,0.0,0.0,0.0,0.0,0.0,0.07911969024974333,0.0,0.0,0.0,0.23467753225485832,0.0,0.0,0.06435754525809327,0.0,0.0,0.07400741330052754,0.0,0.247334952392201,0.0,0.0,0.0,0.12307923473867097,0.0,0.0,0.0,0.0,0.0,0.0,0.0,0.01764147897090177,0.0,0.01764147897090177,0.01764147897090177,0.01764147897090177
2012-06-29,0.0,0.0,0.0,0.0,0.0,0.0,0.1550659970677305,0.0,0.0,0.0,0.18833034351938938,0.0,0.0,0.024003329229221427,0.0,0.0,0.0321494144783059,0.0,0.21161279642431624,0.0,0.0,0.0,0.2693338224060562,0.0,0.0,0.0,0.0,0.0,0.0,0.0,0.0,0.029876074218745087,0.029876074218745087,0.029876074218745087,0.029876074218745087
2012-07-06,0.0,0.0,0.0,0.0,0.0,0.00469541660491417,0.14615257169154638,0.0,0.0,0.0,0.22693580443262112,0.0,0.0,0.014308462132824313,0.0,0.0,0.018735287212829584,0.0,0.20805521163364238,0.0,0.0,0.0,0.2616129494166417,0.0,0.0,0.0,0.0,0.0,0.0,0.0,0.0,0.029876074218745087,0.029876074218745087,0.029876074218745087,0.029876074218745087
2012-07-13,0.0,0.0,0.0,0.0,0.0,0.0,0.16122778787992223,0.0,0.0,0.0,0.20114876977205454,0.0,0.0,0.016432162770392226,0.0,0.0,0.026501226605358908,0.0,0.2088147493590447,0.0,0.0,0.0,0.2663710067382471,0.0,0.0,0.0,0.0,0.0,0.0,0.0,0.0,0.029876074218745087,0.029876074218745087,0.029876074218745087,0.029876074218745087
2012-07-20,3.3306690738754696e-16,0.0,0.0,0.0,0.0,0.0,0.16213936045949415,0.0,0.0,0.0,0.19655676938045707,0.0,0.0,0.015430661116317062,0.0,0.0,0.029439183205583943,0.0,0.21192768028031989,0.0,0.0,0.0,0.2650020486828473,0.0,0.0,0.0,0.0,0.0,0.0,0.0,0.02987607421874508,0.02987607421874508,0.02987607421874508,0.02987607421874508,0.0
2012-07-27,2.220446049250313e-16,0.0,0.0,0.0,0.0,0.0,0.21167296986728532,0.0,0.0,0.0,0.19984695581104645,0.0,0.0,0.06259732829854918,0.0,0.0,0.02699464814143466,0.0,0.21994801942629677,0.0,0.0,0.0,0.12096486361163841,0.0,0.0,0.0,0.0,0.0,0.0,0.0,0.03949380371093726,0.03949380371093726,0.03949380371093726,0.03949380371093726,0.0
2012-08-03,2.220446049250313e-16,0.0,0.0,0.0,0.0,0.0,0.2154180865680796,0.0,0.0,0.0,0.19683923576279613,0.0,0.0,0.059891711161453615,0.0,0.0,0.0317397909370952,0.0,0.21739810491825035,0.0,0.0,0.0,0.12073785580857592,0.0,0.0,0.0,0.0,0.0,0.0,0.0,0.03949380371093726,0.03949380371093726,0.03949380371093726,0.03949380371093726,0.0
2012-08-10,1.1102230246251565e-16,0.0,0.0,0.0,0.0,0.0,0.20825336383039972,0.0,0.0,0.007548931423341826,0.17700538191667428,0.0,0.0,0.06389002743539748,0.0,0.0,0.03950248938953193,0.0,0.21895804357055793,0.0,0.0,0.0,0.12686654759034763,0.0,0.0,0.0,0.0,0.0,0.0,0.0,0.03949380371093726,0.03949380371093726,0.03949380371093726,0.03949380371093726,0.0
2012-08-17,2.220446049250313e-16,0.0,0.0,0.0,0.0,0.0,0.21138427672136834,0.0,0.0,0.006186914896362227,0.18066569421446443,0.0,0.0,0.05917395096280237,0.0,0.0,0.039729809171635835,0.0,0.21788626301313657,0.0,0.0,0.0,0.126997876176481,0.0,0.0,0.0,0.0,0.0,0.0,0.0,0.03949380371093726,0.03949380371093726,0.0,0.03949380371093726,0.03949380371093726
2012-08-24,2.220446049250313e-16,0.0,0.0,0.0,0.0,0.0,0.2036563280432968,0.0,0.0,0.007099109152543028,0.17734378385095473,0.0,0.0,0.07177403852246861,0.0,0.0,0.0462350354678218,0.0,0.2053541463968756,0.0,0.0,0.0,0.1305623437222902,0.0,0.0,0.0,0.0,0.0,0.03949380371093726,0.0,0.03949380371093726,0.03949380371093726,0.0,0.03949380371093726,0.0
2012-08-31,0.0,0.0,0.0,0.014413393643435047,0.0,0.014413393643435047,0.1630561780484592,0.0,0.0,0.006026224479530406,0.14643450389235435,0.0,0.0,0.02392417500916001,0.0,0.0,0.06620053574033746,0.0,0.193778740505316,0.0,0.0,0.0,0.19744070065234992,0.0,0.0,0.014413393643435047,0.0,0.0,0.03997469018554686,0.0,0.03997469018554686,0.03997469018554686,0.0,0.03997469018554686,0.0
2012-09-07,0.0,0.0,0.0,0.014413393643435047,0.0,0.014413393643435047,0.16682610351264032,0.0,0.0,0.007350734343930031,0.14636050470692125,0.0,0.0,0.02527874186074145,0.0,0.0,0.06546158775403742,0.0,0.1885165044536837,0.0,0.0,0.0,0.19706688169555314,0.0,0.0,0.014413393643435047,0.0,0.0,0.03997469018554686,0.0,0.03997469018554686,0.0,0.0,0.03997469018554686,0.03997469018554686
2012-09-14,1.1102230246251565e-16,0.0,0.0,0.014413393643435047,0.0,0.014413393643435047,0.16277335662248346,0.0,0.0,0.007216065507581362,0.1418887956733335,0.0,0.0,0.03035456423979827,0.0,0.0,0.06979790012469969,0.0,0.18998709138941983,0.0,0.0,0.0,0.1948432847701912,0.0,0.0,0.014413393643435047,0.0,0.03997469018554686,0.03997469018554686,0.0,0.03997469018554686,0.0,0.0,0.0,0.03997469018554686
2012-09-21,0.0,0.0,0.0,0.015205897432219291,0.0,0.014413393643435047,0.1663466639393909,0.0,0.0,0.008876877897705212,0.13921223392898147,0.0,0.0,0.03073050086193649,0.0,0.0,0.07009516291187724,0.0,0.18441529712981083,0.0,0.0,0.002402426322148204,0.15401470136132586,0.0,0.0,0.014413393643435047,0.0,0.03997469018554686,0.0,0.0,0.03997469018554686,0.03997469018554686,0.0,0.03997469018554686,0.03997469018554686
2012-09-28,0.0,0.0,0.0,0.01778329812864325,0.0,0.015346102091675936,0.24150154224961548,0.0,0.0,0.009197259289832668,0.1865508659794767,0.0,0.0,0.03155002586807651,0.0,0.0,0.09083944348715886,0.0,0.0557681273186556,0.0,0.0,0.0008213213212825728,0.13530223962751975,0.0,0.0,0.015346102091675936,0.0,0.03999873450927735,0.0,0.0,0.03999873450927735,0.03999873450927735,0.0,0.03999873450927735,0.03999873450927735
2012-10-05,1.1102230246251565e-16,0.0,0.0,0.015346102091675933,0.0,0.015346102091675933,0.2377565296532633,0.0,0.0,0.01590155791250654,0.18655086597947668,0.0,0.0,0.031316690397456,0.0,0.0,0.09055778165093807,0.0,0.05657593628041909,0.0,0.0,0.0,0.13530865930452565,0.0,0.0,0.015346102091675933,0.0,0.039998734509277344,0.039998734509277344,0.0,0.0,0.039998734509277344,0.0,0.039998734509277344,0.039998734509277344
2012-10-12,0.0,0.0,0.0,0.018035634777756295,0.0,0.015346102091675936,0.23214674650747194,0.0,0.0,0.017336998723670453,0.1865508659794767,0.0,0.0,0.033134323375064105,0.0,0.0,0.08758897189544192,0.0,0.0557681273186556,0.0,0.0,0.000908964296069726,0.13784349039665464,0.0,0.0,0.015346102091675936,0.0,0.03999873450927735,0.03999873450927735,0.0,0.0,0.03999873450927735,0.0,0.03999873450927735,0.03999873450927735
2012-10-19,0.0,0.0,0.0,0.02384983616798339,0.0,0.015346102091675936,0.2342820775723535,0.0,0.0,0.016296440644606783,0.1865508659794767,0.0,0.0,0.024810171267989244,0.0,0.0,0.08609637508222807,0.0,0.0557681273186556,0.0,0.0,0.006704382251086354,0.13495584698588176,0.0,0.0,0.015346102091675936,0.0,0.03999873450927735,0.03999873450927735,0.0,0.0,0.03999873450927735,0.0,0.03999873450927735,0.03999873450927735
2012-10-26,0.0,0.0,0.0,0.018630888874672537,0.0,0.030015681581383218,0.22633772908908534,0.0,0.0,0.04454751990100545,0.17890617801924208,0.0,0.0,0.0372180451662278,0.0,0.0,0.110061610971912,0.0,0.01564921747446801,0.0,0.0,0.0010068316790534434,0.1219773961411628,0.0,0.0,0.01564921747446801,0.0,0.03999993672546387,0.03999993672546387,0.0,0.0,0.03999993672546387,0.0,0.03999993672546387,0.03999993672546387
2012-11-02,0.0,0.0,0.0,0.01564921747446801,0.0,0.022759312920116896,0.23164061295962035,0.0,0.0,0.03450683373738448,0.21303566412437705,0.0,0.0,0.02658134855150057,0.0,0.0,0.10823337622883877,0.0,0.019505831583433268,0.0,0.0,0.0,0.11243890131847328,0.0,0.0,0.01564921747446801,0.03999993672546387,0.03999993672546387,0.03999993672546387,0.0,0.0,0.0,0.0,0.03999993672546387,0.03999993672546387
2012-11-09,0.0,0.0,0.0,0.020421770069368156,0.0,0.026640228511558804,0.22833334091413976,0.0,0.0,0.03774497602580926,0.1996981682798017,0.0,0.0,0.029772088940766002,0.0,0.0,0.11075159595729142,0.0,0.01564921747446801,0.0,0.0,0.002900811406536335,0.11243890131847328,0.0,0.0,0.01564921747446801,0.0,0.0,0.03999993672546387,0.03999993672546387,0.0,0.03999993672546387,0.0,0.03999993672546387,0.03999993672546387
2012-11-16,0.0,0.0,0.0,0.01564921747446801,0.0,0.02096940885032307,0.24134920428043355,0.0,0.0,0.028393656002138414,0.22940660891607073,0.0,0.0,0.01196943281519154,0.0,0.0,0.10581512351288315,0.0,0.01622467567891417,0.0,0.0,0.0,0.11457377136779011,0.0,0.0,0.01564921747446801,0.0,0.0,0.04999992090682984,0.0,0.0,0.04999992090682984,0.0,0.04999992090682984,0.04999992090682984
2012-11-23,0.0,0.0,0.0,0.02538395561083022,0.0,0.01564921747446801,0.2452591552934144,0.0,0.0,0.025491384965976038,0.2187459719211015,0.0,0.0,0.0029243860343918233,0.0,0.0,0.10233148081897048,0.0,0.01564921747446801,0.0,0.0,0.01092699298186941,0.12198933632272278,0.0,0.0,0.01564921747446801,0.03999993672546387,0.03999993672546387,0.03999993672546387,0.0,0.0,0.0,0.0,0.03999993672546387,0.03999993672546387
2012-11-30,0.0,0.0,0.0,0.0601796785208535,0.0,0.01594801566417947,0.21400160681960848,0.0,0.0,0.005749112543027216,0.2105486906596253,0.0,0.0,0.008641698049205828,0.0,0.0,0.12511550622030881,0.0,0.01594801566417947,0.0,0.0,0.03799575581386233,0.08937477362859056,0.0,0.0,0.016497162235193034,0.0399999968362732,0.0399999968362732,0.0399999968362732,0.0,0.0,0.0,0.0,0.0399999968362732,0.0399999968362732
2012-12-07,0.0,0.0,0.0,0.06184098016301548,0.0,0.01594801566417947,0.21457987156016964,0.0,0.0,0.0038999014569048077,0.20473394277540316,0.0,0.0,0.0030630330644094,0.0,0.0,0.12629351821075221,0.0,0.01594801566417947,0.0,0.0,0.03748788795018047,0.10025683364526042,0.0,0.0,0.01594801566417947,0.0,0.0399999968362732,0.0399999968362732,0.0399999968362732,0.0,0.0,0.0,0.0399999968362732,0.0399999968362732
2012-12-14,0.0,0.0,0.0,0.057984243121424625,0.0,0.01937159743987768,0.22120080843550902,0.0,0.0,0.0,0.21560194623879733,0.0,0.0,0.0,0.0,0.0,0.11438405369556523,0.0,0.0275321139211747,0.0,0.0,0.033761222706955675,0.0942160145951503,0.0,0.0,0.01594801566417947,0.0,0.0,0.0399999968362732,0.0399999968362732,0.0,0.0399999968362732,0.0,0.0399999968362732,0.0399999968362732
2012-12-21,0.0,0.0,0.0,0.05300988688002061,0.0,0.023522194916306405,0.2202593899158924,0.0,0.0,0.0,0.22605938778124945,0.0,0.0,0.0,0.0,0.0,0.11324192738109004,0.0,0.031683614194385756,0.0,0.0,0.02856301416000299,0.08771258492550692,0.0,0.0,0.01594801566417947,0.0399999968362732,0.0399999968362732,0.0399999968362732,0.0399999968362732,0.0,0.0,0.0,0.0,0.0399999968362732
2012-12-28,0.0,0.0,0.0,0.08869237256866384,0.0,0.010989560228903857,0.2137131874035651,0.0,0.0,0.0,0.2190098319215876,0.0,0.0,0.0,0.0,0.0,0.05598990487256897,0.0,0.025668123435482804,0.0,0.0,0.07574254757419797,0.08955258469569632,0.0,0.0,0.020641888090265174,0.03999999984181366,0.0,0.03999999984181366,0.03999999984181366,0.0,0.0,0.0,0.03999999984181366,0.03999999984181366
2013-01-04,0.0,0.0,0.0,0.09241305528458178,0.0,0.0,0.21995202040585152,0.0,0.0,0.0,0.21262304498001988,0.0,0.0,0.003986233647688718,0.0,0.0,0.059351244721780314,0.0,0.023370345466223186,0.0,0.0,0.07939719564526945,0.08955258469569632,0.0,0.0,0.01935427594382049,0.03999999984181366,0.03999999984181366,0.03999999984181366,0.03999999984181366,0.0,0.0,0.0,0.0,0.03999999984181366
2013-01-11,0.0,0.0,0.0,0.09380640650840588,0.0,0.0,0.21931604925007014,0.0,0.0,0.0,0.20885345951365344,0.0,0.0,0.0,0.0,0.0,0.052647878857620886,0.0,0.023287317095979608,0.0,0.0,0.08024595612720258,0.09272555179634921,0.0,0.0,0.029117381641649877,0.03999999984181366,0.0,0.03999999984181366,0.03999999984181366,0.0,0.0,0.0,0.03999999984181366,0.03999999984181366
2013-01-18,0.0,0.0,0.0,0.09661913853381318,0.0,0.0,0.222771483007735,0.0,0.0,0.0017303611968853107,0.19078038393847624,0.0,0.0,0.0,0.0,0.0,0.05737927219346531,0.0,0.018725070545659656,0.0,0.0,0.08480060266934503,0.08955258469569632,0.0,0.0,0.03764110400985564,0.03999999984181366,0.0,0.03999999984181366,0.03999999984181366,0.0,0.0,0.0,0.03999999984181366,0.03999999984181366
2013-01-25,0.0,0.0,0.0,0.13477091353813866,0.00990053915747572,0.019023208630377618,0.2144607840467068,0.0,0.0,0.012709874436815252,0.18176179220236138,0.0,0.0,0.0,0.0,0.0,0.05583489379380665,0.0,0.0,0.0,0.0,0.08400812472601063,0.05428123206388159,0.0,0.0,0.03324863744397214,0.03999999999209069,0.0,0.03999999999209069,0.03999999999209069,0.0,0.0,0.0,0.03999999999209069,0.03999999999209069
2013-02-01,1.1102230246251565e-16,0.0,0.0,0.12887184946313462,0.00902300698400206,0.019023208630377618,0.22030450083519407,0.0,0.0,0.006003306420846107,0.19886982090739744,0.0,0.0,0.0,0.0,0.0,0.05235391712035882,0.0,0.0,0.0,0.0,0.0780959547024907,0.05529596516696513,0.0,0.0,0.032158469808779885,0.03999999999209069,0.03999999999209069,0.03999999999209069,0.03999999999209069,0.0,0.0,0.0,0.0,0.03999999999209069
2013-02-08,2.220446049250313e-16,0.0,0.0,0.14124173465503037,0.00990042260896391,0.019023208630377618,0.19721613711155775,0.0,0.0,0.018663257488459192,0.17598101861378088,0.0,0.0,0.0,0.0,0.0,0.05943926110218402,0.0,0.0,0.0,0.0,0.08794819090680044,0.05080948204843506,0.0,0.0,0.03977728687395721,0.0,0.03999999999209069,0.03999999999209069,0.03999999999209069,0.0,0.0,0.0,0.03999999999209069,0.03999999999209069
2013-02-15,1.1102230246251565e-16,0.0,0.0,0.14016232657732935,0.0077037497851472955,0.019023208630377618,0.2013750565624432,0.0,0.0,0.01672623711860439,0.17598101861378088,0.0,0.0,0.0,0.0,0.0,0.06099011899465878,0.0,0.0,0.0,0.0,0.08695698588295865,0.055454982742395506,0.0,0.0,0.03562631513185076,0.03999999999209069,0.0,0.03999999999209069,0.03999999999209069,0.0,0.0,0.0,0.03999999999209069,0.03999999999209069
2013-02-22,0.015841929204805205,0.0,0.0,0.10767437220837431,0.0,0.0,0.35,0.0,0.0,0.020045708279258424,0.0397334491454069,0.0,0.0,0.0,0.0,0.0,0.06390921935434038,0.0,0.0,0.0,0.0,0.08214925662147791,0.061885872017046706,0.0,0.0,0.0587601931712675,0.0,0.03999999999960454,0.03999999999960454,0.03999999999960454,0.0,0.0,0.0,0.03999999999960454,0.03999999999960454
2013-03-01,0.013494769185884992,0.0,0.0,0.10896499033242245,0.0010054111454024107,0.0,0.35,0.0,0.0,0.020798805246972352,0.0397334491454069,0.0,0.0,0.0,0.0,0.0,0.06217347395984911,0.0,0.0,0.0,0.0,0.08322627366766266,0.0664030085628157,0.0,0.0,0.054199818755560736,0.0,0.03999999999960454,0.03999999999960454,0.03999999999960454,0.0,0.0,0.0,0.03999999999960454,0.03999999999960454
2013-03-08,0.013494769185884992,0.0,0.0,0.10972704586641815,0.0009981342125391422,0.0,0.35,0.0,0.0,0.022880442620200014,0.0397334491454069,0.0,0.0,0.0,0.0,0.0,0.06428595888437186,0.0,0.0,0.0,0.0,0.08383870398083555,0.06221073694139026,0.0,0.0,0.05283075916493047,0.0,0.03999999999960454,0.03999999999960454,0.03999999999960454,0.0,0.0,0.0,0.03999999999960454,0.03999999999960454
2013-03-15,0.01349476918588488,0.0,0.0,0.10407830950095213,0.00968714831041374,0.0,0.35,0.0,0.0,0.024611268865863418,0.0397334491454069,0.0,0.0,0.0,0.0,0.0,0.06856636153942651,0.0,0.0,0.0,0.0,0.08311807253974877,0.060044679387620654,0.0,0.0,0.0466659415266602,0.0,0.0,0.03999999999960454,0.03999999999960454,0.0,0.03999999999960454,0.0,0.03999999999960454,0.03999999999960454
2013-03-22,0.01349476918588488,0.0,0.0,0.1019513783296287,0.0013139001971775516,0.0,0.35,0.0,0.0,0.03275506922057162,0.0397334491454069,0.0,0.0,0.0,0.0,0.0,0.07136463406483926,0.0,0.0,0.0,0.0,0.07658380262670039,0.06735242287326941,0.0,0.0,0.04545057435849855,0.0,0.0,0.03999999999960454,0.03999999999960454,0.0,0.03999999999960454,0.0,0.03999999999960454,0.03999999999960454
2013-03-29,0.0034370073018141767,0.0,0.0,0.11810060777943719,0.0157697719188473,0.0,0.35,0.0,0.0,0.03316782690649055,0.03158370902551951,0.0,0.0,0.0,0.0,0.0,0.06390601636765807,0.0,0.0,0.0,0.0,0.04377376051232146,0.100895587600114,0.0,0.0,0.0393657125878965,0.0,0.0,0.03999999999998024,0.03999999999998024,0.0,0.03999999999998024,0.0,0.03999999999998024,0.03999999999998024
2013-04-05,0.008079238264171562,0.0,0.0,0.11685052593899316,0.02043504306856995,0.0,0.35,0.0,0.0,0.033298338238869594,0.03158370902551951,0.0,0.0,0.0,0.0,0.0,0.068422620122391,0.0,0.0,0.0,0.0,0.04281655464166398,0.13404909990248928,0.0,0.0,0.03446487079741088,0.0,0.0,0.0,0.0,0.0,0.03999999999998024,0.03999999999998024,0.03999999999998024,0.03999999999998024
2013-04-12,0.0034370073018140657,0.0,0.0,0.12194666755749121,0.02678079482861123,0.0,0.35,0.0,0.0,0.032271683769297226,0.03158370902551951,0.0,0.0,0.0,0.0,0.0,0.06429095782371308,0.0,0.0,0.0,0.0,0.047587073829221574,0.12602532732011668,0.0,0.0,0.036076778544294356,0.0,0.0,0.0,0.0,0.0,0.03999999999998024,0.03999999999998024,0.03999999999998024,0.03999999999998024
2013-04-19,0.007616702506720308,0.0,0.0,0.11374853640070164,0.03330718596986824,0.0,0.35,0.0,0.0,0.03807909517908779,0.03158370902551951,0.0,0.0,0.0,0.0,0.0,0.06619614359789293,0.0,0.0,0.0,0.0,0.0391383394279045,0.12586541709497318,0.0,0.0,0.03446487079741088,0.0,0.0,0.0,0.0,0.0,0.03999999999998024,0.03999999999998024,0.03999999999998024,0.03999999999998024
2013-04-26,1.1102230246251565e-16,0.0,0.0,0.1431648595849435,0.05812773700819204,0.0,0.3302811165792182,0.0,0.0,0.06663578845281845,0.03873026269541269,0.0,0.0,0.0013883477965536926,0.0,0.0,0.07083423339314072,0.0,0.01766164992845867,0.0,0.0,0.09627872770000669,0.07923562693283609,0.0,0.0,0.01766164992845867,0.0,0.0,0.0,0.0,0.0,0.01999999999999012,0.01999999999999012,0.01999999999999012,0.01999999999999012
2013-05-03,1.1102230246251565e-16,0.0,0.0,0.13882772971747345,0.06032538818956603,0.0,0.3302811165792182,0.0,0.0,0.06836313504392874,0.03873026269541269,0.0,0.0,0.0014883927310740733,0.0,0.0,0.08059875018793211,0.0,0.01766164992845867,0.0,0.0,0.08559629535453595,0.08046562964398082,0.0,0.0,0.01766164992845867,0.0,0.0,0.0,0.0,0.0,0.01999999999999012,0.01999999999999012,0.01999999999999012,0.01999999999999012
2013-05-10,0.0,0.0,0.0,0.13332781099500204,0.058544879520146524,0.0,0.3345118428865108,0.0,0.0,0.058560038757050126,0.03873026269541269,0.0,0.0,0.0,0.0,0.0,0.07093999858981112,0.0,0.01766164992845867,0.0,0.0,0.08662039652931679,0.10344147016987197,0.0,0.0,0.01766164992845867,0.0,0.0,0.01999999999999012,0.0,0.0,0.01999999999999012,0.0,0.01999999999999012,0.01999999999999012
2013-05-17,0.0,0.0,0.0,0.13551496599680754,0.05191919699599071,0.0,0.3302811165792182,0.0,0.0,0.055209049929306586,0.03873026269541269,0.0,0.0,0.003718166501998691,0.0,0.0,0.06963237570157951,0.0,0.01766164992845867,0.0,0.0,0.09150511483134117,0.10816645091146697,0.0,0.0,0.01766164992845867,0.0,0.0,0.01999999999999012,0.0,0.0,0.01999999999999012,0.0,0.01999999999999012,0.01999999999999012
2013-05-24,0.0013616254413016948,0.0,0.0,0.14254902867219105,0.037972725411827855,0.0,0.35,0.0,0.0,0.04658172043416064,0.03873026269541269,0.0,0.0,0.0,0.0,0.0,0.06761429323934788,0.0,0.01766164992845867,0.0,0.0,0.09585856785316146,0.08400847639572875,0.0,0.0,0.01766164992845867,0.0,0.0,0.01999999999999012,0.01999999999999012,0.0,0.01999999999999012,0.0,0.01999999999999012,0.01999999999999012
2013-05-31,2.220446049250313e-16,0.0,0.0,0.12013347534254439,0.07831201243290017,0.0,0.05259851035199253,0.0,0.0,0.021032135034331427,0.26082760095837965,0.0,0.0,0.001832640116174891,0.0,0.0,0.07732289879722226,0.0,0.0,0.0,0.0,0.10586711065215144,0.11456147903794853,0.0,0.0,0.01751213727637932,0.0,0.029999999999995055,0.029999999999995055,0.029999999999995055,0.0,0.0,0.0,0.029999999999995055,0.029999999999995055
2013-06-07,1.1102230246251565e-16,0.0,0.0,0.12909165526880928,0.07192555800132042,0.0,0.05259851035199253,0.0,0.0,0.020910409280681053,0.26082760095837965,0.0,0.0,0.001611868335431392,0.0,0.0,0.07399183280440622,0.0,0.0,0.0,0.0,0.10746045644955347,0.1140699712730713,0.0,0.0,0.01751213727637932,0.0,0.0,0.029999999999995055,0.029999999999995055,0.0,0.029999999999995055,0.0,0.029999999999995055,0.029999999999995055
2013-06-14,0.0,0.0,0.0,0.11683532357263139,0.07346417441323855,0.0,0.05259851035199253,0.0,0.0,0.021890068844107078,0.26082760095837965,0.0,0.0,0.004981631783197985,0.0,0.0,0.0747285249564132,0.0,0.0,0.0,0.0,0.1021106061384084,0.12505142170527658,0.0,0.0,0.01751213727637932,0.0,0.0,0.029999999999995055,0.029999999999995055,0.0,0.029999999999995055,0.0,0.029999999999995055,0.029999999999995055
2013-06-21,1.1102230246251565e-16,0.0,0.0,0.10260875727384114,0.07864301449458323,0.0,0.05259851035199253,0.0,0.0,0.029545010773314433,0.26082760095837965,0.0,0.0,0.011880707767959544,0.0,0.0,0.08280047434282653,0.0,0.0,0.0,0.0,0.08785839419946648,0.1257253925612818,0.0,0.0,0.01751213727637932,0.0,0.0,0.029999999999995055,0.029999999999995055,0.0,0.029999999999995055,0.0,0.029999999999995055,0.029999999999995055
2013-06-28,0.08248588911040233,0.0,0.0,0.16701717202734218,0.055328730652951755,0.0,0.29523552690053034,0.0,0.0,0.02734760547051385,0.04228247472556086,0.0,0.0,0.007890990367797661,0.0,0.0,0.11904491003851306,0.0,0.0,0.0,0.0,0.08260776309732591,0.05194537929235363,0.0,0.0,0.0,0.0,0.0,0.013762711663341698,0.013762711663341698,0.0,0.013762711663341698,0.0,0.013762711663341698,0.013762711663341698
2013-07-05,0.08248588911040233,0.0,0.0,0.16373062183604162,0.03902509522922366,0.0,0.29523552690053034,0.0,0.0,0.038675260841838345,0.04228247472556086,0.0,0.0,0.02174896681823886,0.0,0.0,0.1310883568435883,0.0,0.0,0.0,0.0,0.08249290316372272,0.034421346214144534,0.0,0.0,0.0,0.0,0.0,0.013762711663341698,0.013762711663341698,0.0,0.013762711663341698,0.0,0.013762711663341698,0.013762711663341698
2013-07-12,0.08248588911040233,0.0,0.0,0.16680654741505163,0.04220721401860694,0.0,0.29523552690053034,0.0,0.0,0.036377687470812325,0.04228247472556086,0.0,0.0,0.01798928774246542,0.0,0.0,0.1310532566703427,0.0,0.0,0.0,0.0,0.08230443308859306,0.034444124540926005,0.0,0.0,0.0,0.0,0.0,0.013762711663341698,0.013762711663341698,0.0,0.013762711663341698,0.0,0.013762711663341698,0.013762711663341698
2013-07-19,0.08248588911040233,0.0,0.0,0.16682676336450256,0.042440701204387976,0.0,0.29523552690053034,0.0,0.0,0.04310237416102139,0.04228247472556086,0.0,0.0,0.01801340443263812,0.0,0.0,0.13149518193822987,0.0,0.0,0.0,0.0,0.07610566891343513,0.03319845693258306,0.0,0.0,0.0,0.0,0.013762711663341698,0.013762711663341698,0.013762711663341698,0.0,0.0,0.0,0.013762711663341698,0.013762711663341698
2013-07-26,1.1102230246251565e-16,0.0,0.0,0.10833360645529855,0.026042758921107034,0.0,0.32783335992011076,0.0,0.0,0.050668117122009006,0.04084937009879211,0.0,0.0,0.019694707982794008,0.0,0.0,0.18412470754940827,0.0,0.0,0.0,0.0,0.07947210624828258,0.025481265702203774,0.0,0.0,0.0,0.0,0.027499999999998765,0.027499999999998765,0.027499999999998765,0.0,0.0,0.0,0.027499999999998765,0.027499999999998765
2013-08-02,1.1102230246251565e-16,0.0,0.0,0.10793057069595738,0.02696372907359508,0.0,0.32783335992011076,0.0,0.0,0.04866577300362894,0.04084937009879211,0.0,0.0,0.022014824175566206,0.0,0.0,0.18228658029129396,0.0,0.0,0.0,0.0,0.07922942627956686,0.026726366461494767,0.0,0.0,0.0,0.0,0.0,0.027499999999998765,0.027499999999998765,0.0,0.027499999999998765,0.0,0.027499999999998765,0.027499999999998765
2013-08-09,1.1102230246251565e-16,0.0,0.0,0.09963581883560366,0.032138259620844066,0.0,0.32783335992011076,0.0,0.0,0.05351523149853308,0.04084937009879211,0.0,0.0,0.02067421347372036,0.0,0.0,0.18620552484139652,0.0,0.0,0.0,0.0,0.07616695600880177,0.025481265702203774,0.0,0.0,0.0,0.0,0.0,0.027499999999998765,0.027499999999998765,0.0,0.027499999999998765,0.0,0.027499999999998765,0.027499999999998765
2013-08-16,2.220446049250313e-16,0.0,0.0,0.10144259123499375,0.03066676539451926,0.0,0.32783335992011076,0.0,0.0,0.04872928634344185,0.04084937009879211,0.0,0.0,0.026415652110080488,0.0,0.0,0.18141737246875506,0.0,0.0,0.0,0.0,0.079664336727109,0.025481265702203774,0.0,0.0,0.0,0.0,0.0,0.027499999999998765,0.027499999999998765,0.027499999999998765,0.0,0.0,0.027499999999998765,0.027499999999998765
2013-08-23,2.220446049250313e-16,0.0,0.0,0.10949691951899873,0.031056826173832586,0.0,0.32783335992011076,0.0,0.0,0.05345637462058003,0.04084937009879211,0.0,0.0,0.013544056993775075,0.0,0.0,0.1806247920409906,0.0,0.0,0.0,0.0,0.08015703493072239,0.025481265702203774,0.0,0.0,0.0,0.027499999999998765,0.0,0.027499999999998765,0.027499999999998765,0.0,0.0,0.0,0.027499999999998765,0.027499999999998765
2013-08-30,0.08067014502488612,0.0,0.0,0.08205005370272336,0.043292691132551006,0.0,0.33666113138508097,0.0,0.0,0.06949191875547374,0.04274625109460169,0.0,0.0,0.015936585059194697,0.0,0.0,0.18447461594694747,0.0,0.0,0.0,0.0,0.0469042576258444,0.03456842274316031,0.0,0.0,0.0,0.0,0.012640785505907248,0.012640785505907248,0.012640785505907248,0.0,0.0,0.0,0.012640785505907248,0.012640785505907248
2013-09-06,0.08067014502488612,0.0,0.0,0.08669114400352972,0.04935317014413941,0.0,0.33666113138508097,0.0,0.0,0.06222363133269247,0.04274625109460169,0.0,0.0,0.015326618865852367,0.0,0.0,0.17680178281515133,0.0,0.0,0.0,0.0,0.05175377506136936,0.03456842274316031,0.0,0.0,0.0,0.0,0.012640785505907248,0.012640785505907248,0.012640785505907248,0.0,0.0,0.0,0.012640785505907248,0.012640785505907248
2013-09-13,0.08067014502488634,0.0,0.0,0.08635855940947404,0.049212477218040326,0.0,0.33666113138508097,0.0,0.0,0.06422502483298452,0.04274625109460169,0.0,0.0,0.01807939421395108,0.0,0.0,0.17276196248143935,0.0,0.0,0.0,0.0,0.05151270406684537,0.03456842274316031,0.0,0.0,0.0,0.012640785505907248,0.0,0.012640785505907248,0.012640785505907248,0.0,0.0,0.0,0.012640785505907248,0.012640785505907248
2013-09-20,0.08067014502488612,0.0,0.0,0.08847900539302761,0.046857040206150696,0.0,0.33666113138508097,0.0,0.0,0.06102866434178571,0.04274625109460169,0.0,0.0,0.023178909060710275,0.0,0.0,0.1689133875728997,0.0,0.0,0.0,0.0,0.053693115648160705,0.03456842274316031,0.0,0.0,0.0,0.012640785505907248,0.0,0.012640785505907248,0.012640785505907248,0.0,0.0,0.0,0.012640785505907248,0.012640785505907248
2013-09-27,0.3606340808544036,0.0,0.0,0.09969145930332292,0.007263446813021887,0.0,0.11218580053769303,0.0,0.0,0.0521495746070594,0.045225512469244666,0.0,0.0,0.026094056736962412,0.0,0.0,0.15541356181356408,0.0,0.0,0.0,0.0,0.0758478774834418,0.0,0.0,0.0,0.033916711313889195,0.006315583613479398,0.0,0.006315583613479398,0.006315583613479398,0.0,0.0,0.0,0.006315583613479398,0.006315583613479398
2013-10-04,0.3606340808544036,0.0,0.0,0.09153192622856345,0.0008984098250012677,0.0,0.11218580053769303,0.0,0.0,0.05639888209679828,0.045225512469244666,0.0,0.0,0.036206908428966525,0.0,0.0,0.15905916052111002,0.0,0.0,0.0,0.0,0.07236468965693295,0.0,0.0,0.0,0.033916711313889195,0.006315583613479398,0.006315583613479398,0.0,0.006315583613479398,0.0,0.0,0.0,0.006315583613479398,0.006315583613479398
2013-10-11,0.3606340808544036,0.0,0.0,0.09282731298620067,0.0038597482063909864,0.0,0.11218580053769303,0.0,0.0,0.05310688069190859,0.045225512469244666,0.0,0.0,0.03152670672872835,0.0,0.0,0.15529102293415487,0.0,0.0,0.0,0.0,0.07984830520998902,0.0,0.0,0.0,0.033916711313889195,0.006315583613479398,0.006315583613479398,0.006315583613479398,0.006315583613479398,0.0,0.0,0.0,0.0,0.006315583613479398
2013-10-18,0.36063408085440374,0.0,0.0,0.09509877128998623,0.003853138648882193,0.0,0.11218580053769303,0.0,0.0,0.05966646671898134,0.045225512469244666,0.0,0.0,0.029309829476801254,0.0,0.0,0.1528179390671433,0.0,0.0,0.0,0.0,0.07571383155557816,0.0,0.0,0.0,0.033916711313889195,0.006315583613479398,0.006315583613479398,0.0,0.006315583613479398,0.006315583613479398,0.0,0.0,0.0,0.006315583613479398
2013-10-25,0.23645444130066873,0.0,0.0,0.12238045178715413,0.0065361449305348165,0.0,0.06534727599734612,0.0,0.0,0.06509622956394628,0.0,0.0,0.0,0.06426982321989862,0.0,0.0,0.14978741049086602,0.0,0.0,0.0,0.0,0.08600219559736191,0.06386990728119447,0.0,0.0,0.02306861983102962,0.023437499999999844,0.023437499999999844,0.0,0.023437499999999844,0.023437499999999844,0.0,0.0,0.0,0.023437499999999844
2013-11-01,0.23645444130066873,0.0,0.0,0.1225836171558122,0.01624334786336947,0.0,0.06534727599734612,0.0,0.0,0.05906938268291166,0.0,0.0,0.0,0.06221444021011989,0.0,0.0,0.14807283751404562,0.0,0.0,0.0,0.0,0.08588863016350291,0.06386990728119447,0.0,0.0,0.02306861983102962,0.023437499999999844,0.0,0.0,0.023437499999999844,0.023437499999999844,0.0,0.0,0.023437499999999844,0.023437499999999844
2013-11-08,0.23645444130066873,0.0,0.0,0.11922042534159281,0.011520367446772092,0.0,0.06534727599734612,0.0,0.0,0.06124544541335521,0.0,0.0,0.0,0.0637822162685324,0.0,0.0,0.15168218298725536,0.0,0.0,0.0,0.0,0.0866216181322539,0.06386990728119447,0.0,0.0,0.02306861983102962,0.023437499999999844,0.0,0.0,0.023437499999999844,0.023437499999999844,0.0,0.0,0.023437499999999844,0.023437499999999844
2013-11-15,0.23645444130066873,0.0,0.0,0.12052671856050909,0.014655224647246078,0.0,0.06534727599734612,0.0,0.0,0.060413623884566545,0.0,0.0,0.0,0.06225038309513441,0.0,0.0,0.1485854650948056,0.0,0.0,0.0,0.0,0.08764084030750001,0.06386990728119447,0.0,0.0,0.02306861983102962,0.023437499999999844,0.023437499999999844,0.0,0.023437499999999844,0.0,0.0,0.0,0.023437499999999844,0.023437499999999844
2013-11-22,0.23645444130066873,0.0,0.0,0.12289189164225227,0.0089360339610265,0.0,0.06534727599734612,0.0,0.0,0.060422070112401374,0.0,0.0,0.0,0.06235442588722104,0.0,0.0,0.15125859589312335,0.0,0.0,0.0,0.0,0.08820923809373724,0.06386990728119447,0.0,0.0,0.02306861983102962,0.023437499999999844,0.023437499999999844,0.0,0.023437499999999844,0.0,0.0,0.0,0.023437499999999844,0.023437499999999844
2013-11-29,0.20231917526632626,0.0,0.0,0.12579879034127045,0.007342777165942489,0.0,0.06351498544568399,0.0,0.0,0.0659067815218541,0.0,0.0,0.0,0.06384640936970938,0.0,0.0,0.15678997372554265,0.0,0.0,0.0,0.0,0.0877417884548716,0.043277785047285994,0.0,0.0,0.024867783661513532,0.03171874999999993,0.0,0.0,0.03171874999999993,0.03171874999999993,0.0,0.0,0.03171874999999993,0.03171874999999993
2013-12-06,0.20231917526632626,0.0,0.0,0.12696085857448688,0.010245761687222604,0.0,0.06351498544568399,0.0,0.0,0.056117399395066006,0.0,0.0,0.0,0.06638134287359647,0.0,0.0,0.15897032225129246,0.0,0.0,0.0,0.0,0.08875083579752625,0.043277785047285994,0.0,0.0,0.024867783661513532,0.03171874999999993,0.0,0.0,0.03171874999999993,0.03171874999999993,0.0,0.0,0.03171874999999993,0.03171874999999993
2013-12-13,0.20231917526632626,0.0,0.0,0.11633185158000499,0.00519460454362732,0.0,0.06351498544568399,0.0,0.0,0.06372270588723096,0.0,0.0,0.0,0.07099094921901944,0.0,0.0,0.169770717094319,0.0,0.0,0.0,0.0,0.08141569225498894,0.043277785047285994,0.0,0.0,0.024867783661513532,0.03171874999999993,0.0,0.0,0.03171874999999993,0.03171874999999993,0.0,0.0,0.03171874999999993,0.03171874999999993
2013-12-20,0.20231917526632626,0.0,0.0,0.11347484164947773,0.012695937888874602,0.0,0.06351498544568399,0.0,0.0,0.06056881598007996,0.0,0.0,0.0,0.07340211143278562,0.0,0.0,0.17145993672195342,0.0,0.0,0.0,0.0,0.07582487690601933,0.043277785047285994,0.0,0.0,0.024867783661513532,0.03171874999999993,0.0,0.0,0.03171874999999993,0.03171874999999993,0.0,0.0,0.03171874999999993,0.03171874999999993
2013-12-27,0.0,0.0,0.0,0.08480544320863337,0.003222488245325135,0.0,0.29844013428738014,0.0,0.0,0.07484539244468702,0.03678445954669529,0.0,0.0,0.08564095988499727,0.0,0.0,0.1868606506767524,0.0,0.0,0.0,0.0,0.050103596705529614,0.0,0.0,0.0,0.0,0.035859374999999964,0.0,0.0,0.035859374999999964,0.035859374999999964,0.0,0.0,0.035859374999999964,0.035859374999999964
2014-01-03,0.0,0.0,0.0,0.08410114561715692,0.0031543392423678067,0.0,0.29844013428738014,0.0,0.0,0.07409136388406586,0.03678445954669529,0.0,0.0,0.09018764507024635,0.0,0.0,0.18479775004328833,0.0,0.0,0.0,0.0,0.04914628730879955,0.0,0.0,0.0,0.0,0.035859374999999964,0.0,0.0,0.035859374999999964,0.035859374999999964,0.0,0.0,0.035859374999999964,0.035859374999999964
2014-01-10,0.0,0.0,0.0,0.08371509578497212,0.0029164561502600128,0.0,0.29844013428738014,0.0,0.0,0.07239889535583868,0.03678445954669529,0.0,0.0,0.09030318302282764,0.0,0.0,0.18739450202164573,0.0,0.0,0.0,0.0,0.0487503988303806,0.0,0.0,0.0,0.0,0.035859374999999964,0.0,0.0,0.035859374999999964,0.035859374999999964,0.0,0.0,0.035859374999999964,0.035859374999999964
2014-01-17,0.0,0.0,0.0,0.08132284041043172,0.002989522198676394,0.0,0.3020140089957424,0.0,0.0,0.07354810837797843,0.03678445954669529,0.0,0.0,0.09308428662334636,0.0,0.0,0.1846070676774543,0.0,0.0,0.0,0.0,0.0463528311696753,0.0,0.0,0.0,0.0,0.035859374999999964,0.0,0.0,0.035859374999999964,0.035859374999999964,0.0,0.0,0.035859374999999964,0.035859374999999964
2014-01-24,1.1102230246251565e-16,0.0,0.0,0.0837097228494916,0.003313900867019636,0.0,0.3023533231439587,0.0,0.0,0.07341657137580146,0.03678445954669529,0.0,0.0,0.09326480455711317,0.0,0.0,0.1792065013422898,0.0,0.0,0.0,0.0,0.04865384131763058,0.0,0.0,0.0,0.0,0.035859374999999964,0.0,0.0,0.035859374999999964,0.035859374999999964,0.0,0.0,0.035859374999999964,0.035859374999999964
2014-01-31,0.0,0.0,0.0,0.08742851570164725,0.0032167568910882365,0.0,0.33807829556008323,0.0,0.0,0.08375619332380677,0.0424644754741996,0.0,0.0,0.14416531338976973,0.0,0.0,0.19731441888274234,0.0,0.0,0.0,0.0,0.013927593276662877,0.0,0.0,0.0,0.0,0.017929687499999982,0.0,0.017929687499999982,0.017929687499999982,0.017929687499999982,0.0,0.0,0.017929687499999982,0.0
2014-02-07,0.0,0.0,0.0,0.09032787301906825,0.003479513949436457,0.0,0.3384561753780525,0.0,0.0,0.09319911102337879,0.0424644754741996,0.0,0.0,0.12830103667274734,0.0,0.0,0.19962745816124428,0.0,0.0,0.0,0.0,0.014495918821872926,0.0,0.0,0.0,0.0,0.017929687499999982,0.0,0.0,0.017929687499999982,0.017929687499999982,0.0,0.0,0.017929687499999982,0.017929687499999982
2014-02-14,0.0,0.0,0.0,0.08957015701749085,0.007753490786840134,0.0,0.3387679712073081,0.0,0.0,0.08691363372868985,0.0424644754741996,0.0,0.0,0.13268991276186262,0.0,0.0,0.1986579034657789,0.0,0.0,0.0,0.0,0.013534018057829998,0.017929687499999982,0.0,0.0,0.0,0.017929687499999982,0.0,0.0,0.017929687499999982,0.017929687499999982,0.0,0.0,0.017929687499999982,0.0
2014-02-21,0.0,0.0,0.0,0.09196280251817543,0.007707795046515641,0.0,0.33889784741024104,0.0,0.0,0.08689859008924458,0.0424644754741996,0.0,0.0,0.1363220016820717,0.0,0.0,0.19502726208598822,0.0,0.0,0.0,0.0,0.011070788193563823,0.0,0.0,0.0,0.0,0.017929687499999982,0.0,0.0,0.017929687499999982,0.017929687499999982,0.0,0.017929687499999982,0.017929687499999982,0.0
2014-02-28,1.1102230246251565e-16,0.0,0.0,0.07256643650523373,0.006826289181483352,0.014927765914995578,0.20639602659245926,0.0,0.0,0.03441078781654778,0.13479592755077047,0.0,0.0,0.1135046566551211,0.0,0.0,0.19355885334797054,0.0,0.014927765914995578,0.0,0.0,0.04833350585542707,0.04389260966499557,0.0,0.0,0.0,0.028964843749999993,0.0,0.0,0.028964843749999993,0.028964843749999993,0.0,0.0,0.028964843749999993,0.0
2014-03-07,0.0,0.0,0.0,0.0717775098553514,0.0,0.014927765914995578,0.2149726938550716,0.0,0.0,0.03461814339851845,0.13479592755077047,0.0,0.0,0.11314311355331333,0.0,0.0,0.19273845879800885,0.0,0.014927765914995578,0.0,0.0,0.04726393686076922,0.016010465548205517,0.0,0.0,0.0,0.028964843749999993,0.0,0.0,0.028964843749999993,0.028964843749999993,0.0,0.0,0.028964843749999993,0.028964843749999993
2014-03-14,0.0,0.0,0.0,0.07755824812632793,0.0,0.014927765914995578,0.21433451018125907,0.0,0.0,0.020967159138551007,0.13808079247363458,0.0,0.0,0.10875516311359894,0.0,0.0,0.1941327846238627,0.0,0.014927765914995578,0.0,0.0,0.05329581839712768,0.04716061711564691,0.0,0.0,0.0,0.028964843749999993,0.0,0.0,0.0,0.028964843749999993,0.0,0.028964843749999993,0.028964843749999993,0.0
2014-03-21,0.0,0.0,0.0,0.08030811101779793,0.0,0.014927765914995578,0.19532826167218287,0.0,0.0,0.026636894794527598,0.13479592755077047,0.0,0.0,0.11960964802647277,0.0,0.0,0.19433505651308905,0.0,0.014927765914995578,0.0,0.0,0.05305990557505331,0.021246444270114836,0.0,0.0,0.0,0.028964843749999993,0.0,0.028964843749999993,0.0,0.028964843749999993,0.0,0.028964843749999993,0.028964843749999993,0.0
2014-03-28,1.1102230246251565e-16,0.0039967241924025705,0.0,0.0811257997973083,0.0,0.01681316269208487,0.2129699734192026,0.0,0.0,0.02858783710341,0.15051387683169526,0.0,0.0,0.16716471949577166,0.0,0.0,0.21016887745481158,0.0,0.01681316269208487,0.0,0.0,0.01634326630550448,0.037572912515723714,0.0,0.0,0.0,0.014482421874999997,0.0,0.0,0.0,0.014482421874999997,0.0,0.014482421874999997,0.014482421874999997,0.0
2014-04-04,1.1102230246251565e-16,0.012072023394918831,0.0,0.0814432790935808,0.0,0.01681316269208487,0.2129699734192026,0.0,0.0,0.026460505786236165,0.15051387683169526,0.0,0.0,0.16258106306584108,0.0,0.0,0.21064274529416127,0.0,0.01681316269208487,0.0,0.0,0.016602170629288697,0.035158349600905414,0.0,0.0,0.0,0.014482421874999997,0.0,0.0,0.014482421874999997,0.0,0.0,0.014482421874999997,0.014482421874999997,0.0
2014-04-11,2.220446049250313e-16,0.03005726452428037,0.0,0.07441835214187512,0.0,0.01681316269208487,0.2129699734192026,0.0,0.0,0.03092397138664021,0.15051387683169526,0.0,0.0,0.15919560027970425,0.0,0.0,0.20964417352595305,0.0,0.01681316269208487,0.0,0.0,0.009425190439394413,0.031295584567084866,0.0,0.0,0.0,0.014482421874999997,0.0,0.0,0.014482421874999997,0.014482421874999997,0.0,0.014482421874999997,0.0,0.0
2014-04-18,2.220446049250313e-16,0.04397630742606699,0.0,0.06896922151259115,0.0,0.020015899967669393,0.2129699734192026,0.0,0.0,0.02779950339028399,0.15051387683169526,0.0,0.0,0.16015603793208574,0.0,0.0,0.20823994208133528,0.0,0.01681316269208487,0.0,0.0,0.001320802679899775,0.031295584567084866,0.0,0.0,0.0,0.014482421874999997,0.014482421874999997,0.0,0.014482421874999997,0.0,0.0,0.014482421874999997,0.0,0.0
2014-04-25,0.015091363927420165,0.13266984997249434,0.0,0.0676433675768533,0.0,0.0,0.35,0.0,0.0,0.03388569714308617,0.040055282675123795,0.0,0.0,0.09389391881658667,0.0,0.0,0.18273642956734473,0.0,0.020079437725790773,0.0,0.0,0.004149681195720306,0.024006656915390404,0.0,0.0,0.020079437725790773,0.003927219189599632,0.003927219189599632,0.0,0.003927219189599632,0.0,0.0,0.003927219189599632,0.0,0.0
2014-05-02,0.015091363927420276,0.14740858302159254,0.0,0.06787262517865876,0.0,0.0,0.35,0.0,0.0,0.014631650393425078,0.040055282675123795,0.0,0.0,0.08121688025315311,0.0,0.0,0.19384159430805942,0.0,0.020079437725790773,0.0,0.0,0.010007611117196596,0.024006656915390404,0.0,0.0,0.020079437725790773,0.003927219189599632,0.003927219189599632,0.0,0.003927219189599632,0.0,0.0,0.003927219189599632,0.0,0.0
2014-05-09,0.015091363927420276,0.14723832340770435,0.0,0.0739463550502599,0.0,0.0,0.35,0.0,0.0,0.017479453236441303,0.040055282675123795,0.0,0.0,0.06146284433173823,0.0,0.0,0.19859341336386716,0.0,0.020079437725790773,0.0,0.0,0.016258554882074578,0.024006656915390404,0.0,0.0,0.020079437725790773,0.003927219189599632,0.003927219189599632,0.0,0.0,0.0,0.003927219189599632,0.003927219189599632,0.0,0.0
2014-05-16,0.015091363927420165,0.15489154010966213,0.0,0.07946111730094532,0.0,0.0,0.35,0.0,0.0,0.0046862211997514705,0.040055282675123795,0.0,0.0,0.05637163085989799,0.0,0.0,0.19720347682755296,0.0,0.020079437725790773,0.0,0.0,0.022364957974275637,0.024006656915390404,0.0,0.0,0.020079437725790773,0.003927219189599632,0.003927219189599632,0.0,0.003927219189599632,0.0,0.0,0.003927219189599632,0.0,0.0
2014-05-23,0.015091363927420276,0.1513510551534854,0.0,0.07531260264701531,0.0,0.0,0.35,0.0,0.0,0.001451215526388702,0.040055282675123795,0.0,0.0,0.05637163085989799,0.0,0.0,0.1948293794655152,0.0,0.020079437725790773,0.0,0.0,0.01797455042753943,0.04169516710763388,0.0,0.0,0.020079437725790773,0.003927219189599632,0.003927219189599632,0.0,0.0,0.003927219189599632,0.0,0.003927219189599632,0.0,0.0
2014-05-30,2.220446049250313e-16,0.08533571913134502,0.0,0.035453667021039276,0.0,0.0,0.12189518499362846,0.0,0.0,0.0,0.10079223803982744,0.0,0.0,0.006991835851105592,0.0,0.0,0.3254146229312957,0.0,0.03225414687136034,0.0,0.0,0.018721927715310314,0.1077650882045082,0.0,0.0,0.012580133505948143,0.03819885893365784,0.03819885893365784,0.0,0.0,0.03819885893365784,0.0,0.03819885893365784,0.0,0.0
2014-06-06,3.3306690738754696e-16,0.19961259399801354,0.0,0.055424038785359925,0.0,0.0,0.12189518499362846,0.0,0.0,0.0,0.10079223803982744,0.0,0.0,0.009036982410912943,0.0,0.0,0.17483979936573205,0.0,0.03164070059328819,0.0,0.0,0.0315517614050695,0.10983113116758819,0.0,0.0,0.012580133505948143,0.03819885893365784,0.03819885893365784,0.0,0.0,0.03819885893365784,0.0,0.03819885893365784,0.0,0.0
2014-06-13,3.3306690738754696e-16,0.1828742379947623,0.0,0.04859201525180313,0.0,0.0,0.12189518499362846,0.0,0.0,0.0,0.11742740434736595,0.0,0.0,0.0017645705544076188,0.0,0.0,0.17063167125263623,0.0,0.039126457435959903,0.0,0.0,0.02132853300726822,0.13098435592158844,0.0,0.0,0.012580133505948143,0.03819885893365784,0.03819885893365784,0.0,0.0,0.03819885893365784,0.0,0.03819885893365784,0.0,0.0
2014-06-20,2.220446049250313e-16,0.15775260078011355,0.0,0.058842063896776445,0.0,0.0,0.12189518499362846,0.0,0.0,0.0,0.10079223803982744,0.0,0.0,0.0019694732121009,0.0,0.0,0.16889464058985176,0.0,0.029667576703282482,0.0,0.0,0.03458898179584213,0.1380272007282437,0.0,0.0,0.034774603525701574,0.03819885893365784,0.03819885893365784,0.0,0.0,0.0,0.0,0.03819885893365784,0.03819885893365784,0.0
2014-06-27,1.1102230246251565e-16,0.037434921230300046,0.0,0.0665740295572856,0.0,0.017463464052488345,0.051596573805794244,0.0,0.0,0.0,0.15510821073388198,0.0,0.0,0.013292639938736939,0.0,0.0,0.06125062270299303,0.0,0.17257167478637034,0.0,0.0,0.017194000682558462,0.17672097472895115,0.0,0.0,0.07115311599390815,0.0,0.0399099429466829,0.0,0.0,0.0399099429466829,0.0,0.0399099429466829,0.0399099429466829,0.0
2014-07-04,1.1102230246251565e-16,0.0356391644737351,0.0,0.06610477477226542,0.0,0.017463464052488345,0.051596573805794244,0.0,0.0,0.0,0.15510821073388198,0.0,0.0,0.028722852596463982,0.0,0.0,0.07476404772842615,0.0,0.17966382328290928,0.0,0.0,0.011830085958831189,0.16647353437307372,0.0,0.0,0.052993696435398835,0.0,0.0399099429466829,0.0,0.0,0.0399099429466829,0.0,0.0399099429466829,0.0399099429466829,0.0
2014-07-11,0.0,0.0320247428855335,0.0,0.066937057965455,0.0,0.017463464052488345,0.051596573805794244,0.0,0.0,0.0,0.15510821073388198,0.0,0.0,0.029488773663999136,0.0,0.0,0.07317374223597127,0.0,0.17257167478637034,0.0,0.0,0.012952456427563281,0.172030737061099,0.0,0.0,0.05701279459511219,0.0399099429466829,0.0399099429466829,0.0,0.0,0.0399099429466829,0.0,0.0,0.0399099429466829,0.0
2014-07-18,0.0,0.03202474288553351,0.0,0.06572468677820946,0.0,0.01746346405248835,0.05159657380579426,0.0,0.0,0.0,0.155108210733882,0.0,0.0,0.04456246969086236,0.0,0.0,0.08130620705856191,0.0,0.17257167478637037,0.0,0.0,0.011512296605677456,0.14869552531967814,0.0,0.0,0.05979437649621064,0.0,0.03990994294668291,0.0,0.0,0.03990994294668291,0.0,0.03990994294668291,0.03990994294668291,0.0
2014-07-25,0.0,0.034078722684105806,0.0,0.10743129119255265,0.0,0.02397693608238658,0.05543575573627383,0.0,0.0,0.0,0.03145881965388725,0.0,0.0,0.05061538481994736,0.0,0.0,0.09418977260054567,0.0,0.2051181929746695,0.0,0.0,0.011924920944839596,0.1596061276355113,0.0,0.0,0.06618208708594385,0.03999549714733415,0.03999549714733415,0.0,0.0,0.03999549714733415,0.0,0.0,0.03999549714733415,0.0
2014-08-01,0.0,0.034078722684105806,0.0,0.09751683589507343,0.0,0.02397693608238658,0.05543575573627383,0.0,0.0,0.0,0.03145881965388725,0.0,0.0,0.0553135982244177,0.0,0.0,0.0919179951400606,0.0,0.2051181929746695,0.0,0.0,0.012097777203221263,0.15442928448688575,0.0,0.0,0.07867409332968164,0.03999549714733415,0.03999549714733415,0.0,0.0,0.03999549714733415,0.0,0.0,0.03999549714733415,0.0
2014-08-08,0.0,0.034078722684105806,0.0,0.10272564213304161,0.0,0.02397693608238658,0.05543575573627383,0.0,0.0,0.012203675867310458,0.03145881965388725,0.0,0.0,0.04747431848635974,0.0,0.0,0.09384189405835505,0.0,0.2051181929746695,0.0,0.0,0.013503788176809276,0.13919787812525902,0.0,0.0,0.08100238743220525,0.03999549714733415,0.03999549714733415,0.0,0.0,0.03999549714733415,0.0,0.0,0.03999549714733415,0.0
2014-08-15,0.0,0.034078722684105806,0.0,0.09249004648534828,0.0,0.02397693608238658,0.05543575573627383,0.0,0.0,0.0,0.03145881965388725,0.0,0.0,0.048181790995889894,0.0,0.0,0.08845478037425317,0.0,0.20669823075247357,0.0,0.0,0.0,0.16724762109618907,0.0,0.0,0.09199530754985591,0.03999549714733415,0.03999549714733415,0.0,0.0,0.03999549714733415,0.0,0.0,0.03999549714733415,0.0
2014-08-22,0.0,0.034078722684105806,0.0,0.09249004648534828,0.0,0.02397693608238658,0.05543575573627383,0.0,0.0,0.0,0.03145881965388725,0.0,0.0,0.04496734771816579,0.0,0.0,0.08945595634077222,0.0,0.20660700256678427,0.0,0.0,0.0,0.184007341438156,0.0,0.0,0.07754008270478327,0.0,0.03999549714733415,0.03999549714733415,0.0,0.03999549714733415,0.0,0.0,0.03999549714733415,0.0
2014-08-29,0.0,0.0,0.0,0.02250338748413011,0.0007234778735172626,0.0,0.053608740750919606,0.0,0.0,0.0,0.15702595149309606,0.0,0.0,0.034755936168952,0.0,0.0,0.07560295627362715,0.0,0.1899464536301,0.0,0.0,0.0,0.19598750924840627,0.0,0.0,0.10984648764778467,0.0,0.039999774857366714,0.039999774857366714,0.0,0.039999774857366714,0.0,0.0,0.039999774857366714,0.0
2014-09-05,0.0,0.0,0.0,0.02250338748413011,0.004494020411065576,0.0,0.053608740750919606,0.0,0.0,0.0,0.15702595149309606,0.0,0.0,0.027941311469371073,0.0,0.0,0.07356613545287215,0.0,0.1886043969090791,0.0,0.0,0.0010055201999007038,0.19855284693137182,0.0,0.0,0.11269858946872692,0.0,0.039999774857366714,0.0,0.0,0.039999774857366714,0.0,0.039999774857366714,0.039999774857366714,0.0
2014-09-12,0.0,0.0,0.0,0.02250338748413011,0.0,0.0,0.053608740750919606,0.0,0.0,0.0,0.1741354463132238,0.0,0.0,0.02885353725025696,0.0,0.0,0.069308033804623,0.0,0.20406049571977297,0.0,0.0,0.0,0.14532779970438348,0.0,0.0,0.10220368468585647,0.039999774857366714,0.0,0.039999774857366714,0.0,0.039999774857366714,0.0,0.0,0.039999774857366714,0.039999774857366714
2014-09-19,1.1102230246251565e-16,0.0,0.0,0.02250338748413011,0.0008109258544421981,0.0,0.053608740750919606,0.0,0.0,0.0,0.15702595149309606,0.0,0.0,0.03555817570464583,0.0,0.0,0.07342066487623101,0.0,0.20247263141077476,0.0,0.0,0.0,0.1487606603986279,0.0,0.0,0.10583998774029892,0.039999774857366714,0.0,0.039999774857366714,0.0,0.039999774857366714,0.039999774857366714,0.0,0.039999774857366714,0.0
2014-09-26,1.1102230246251565e-16,0.0,0.0,0.02349535538657328,0.0,0.0,0.06359574969266188,0.0,0.0,0.0,0.19657466436337742,0.0,0.0,0.0344225961816134,0.0,0.0,0.07677247819995994,0.0,0.27500621553657284,0.0,0.0,0.0,0.1554504874433556,0.0,0.0,0.0746830160524688,0.019999887428683357,0.0,0.019999887428683357,0.0,0.019999887428683357,0.019999887428683357,0.0,0.019999887428683357,0.0
2014-10-03,2.220446049250313e-16,0.0,0.0,0.02349535538657328,0.0,0.0,0.06359574969266188,0.0,0.0,0.0,0.19657466436337742,0.0,0.0,0.034738193537403914,0.0,0.0,0.07666498691183422,0.0,0.2749105975466623,0.0,0.0,0.0,0.1559307494319987,0.0,0.0,0.07409026598607141,0.0,0.0,0.019999887428683357,0.0,0.019999887428683357,0.019999887428683357,0.019999887428683357,0.019999887428683357,0.0
2014-10-10,2.220446049250313e-16,0.0,0.0,0.02349535538657328,0.0,0.0,0.06359574969266188,0.0,0.0,0.0,0.19657466436337742,0.0,0.0,0.035356160550461514,0.0,0.0,0.08048499345986226,0.0,0.2658882573656159,0.0,0.0,0.0,0.15846377091818703,0.0,0.0,0.07614161111984391,0.0,0.0,0.019999887428683357,0.0,0.019999887428683357,0.019999887428683357,0.019999887428683357,0.019999887428683357,0.0
2014-10-17,2.220446049250313e-16,0.0,0.0,0.023495355386573272,0.0,0.0,0.06359574969266187,0.0,0.0,0.0,0.19657466436337737,0.0,0.0,0.046746152300730294,0.0,0.0,0.1027977331584038,0.0,0.2558317446854966,0.0,0.0,0.0,0.1571268781843137,0.0,0.0,0.0738321725137095,0.0,0.0,0.0,0.0,0.019999887428683354,0.019999887428683354,0.019999887428683354,0.019999887428683354,0.0
2014-10-24,2.220446049250313e-16,0.0,0.0,0.023495355386573272,0.0,0.0,0.06359574969266187,0.0,0.0,0.0,0.19657466436337737,0.0,0.0,0.048962376290538116,0.0,0.0,0.10711660209640285,0.0,0.26157144980771035,0.0,0.0,0.0,0.15020952614504202,0.0,0.0,0.06847472650296053,0.0,0.0,0.0,0.0,0.019999887428683354,0.019999887428683354,0.019999887428683354,0.019999887428683354,0.0
2014-10-31,0.0,0.0,0.0,0.0,0.0,0.0,0.06456284217953123,0.0,0.0,0.0,0.19302956998412912,0.0,0.0,0.04977179824371312,0.0,0.0,0.17974084597074078,0.0,0.2673262139744198,0.0,0.0,0.0,0.11176596696307158,0.0,0.0,0.11180288651284265,0.0,0.0,0.005499969042887923,0.0,0.005499969042887923,0.0,0.005499969042887923,0.005499969042887923,0.0
2014-11-07,1.1102230246251565e-16,0.0,0.0,0.0,0.0,0.0,0.06456284217953123,0.0,0.0,0.0,0.19760732784209936,0.0,0.0,0.04510452597785047,0.0,0.0,0.1717864803896109,0.0,0.28125865154142393,0.0,0.0,0.0,0.11095873458832452,0.0,0.0,0.10122159226671994,0.0,0.0,0.005499969042887923,0.0,0.005499969042887923,0.005499969042887923,0.005499969042887923,0.005499969042887923,0.0
2014-11-14,0.0,0.0010035522414471676,0.0,0.0,0.0,0.0,0.06456284217953123,0.0,0.0,0.0,0.2133150266006823,0.0,0.0,0.023931829374092346,0.0,0.0,0.15212360396299496,0.0,0.29560800217375893,0.0,0.0,0.0,0.12493472466200278,0.0,0.0,0.09702057359105057,0.0,0.0,0.005499969042887923,0.0,0.005499969042887923,0.005499969042887923,0.005499969042887923,0.005499969042887923,0.0
2014-11-21,1.1102230246251565e-16,0.0,0.0,0.0,0.0,0.0,0.06456284217953123,0.0,0.0,0.0,0.22839355502400088,0.0,0.0,0.019445143882874667,0.0,0.0,0.1430114121110921,0.0,0.29350891849483784,0.0,0.0,0.0,0.12933424611882557,0.0,0.0,0.094244036974398,0.0,0.0,0.005499969042887923,0.0,0.005499969042887923,0.005499969042887923,0.005499969042887923,0.005499969042887923,0.0
2014-11-28,1.1102230246251565e-16,0.0,0.0,0.0,0.0,0.0,0.13832893702548613,0.0,0.0,0.0,0.13739671417296015,0.0,0.0,0.03049177799773582,0.0,0.0,0.0785135960649595,0.0,0.21529577590957877,0.0,0.0,0.0,0.2920031984887729,0.0,0.0,0.016970062254730803,0.0,0.0,0.0,0.0,0.022749984521443962,0.022749984521443962,0.022749984521443962,0.022749984521443962,0.0
2014-12-05,1.1102230246251565e-16,0.0,0.0,0.0,0.006546990244108944,0.0,0.13832893702548613,0.0,0.0,0.0,0.12135887477075533,0.0,0.0,0.034660922781337714,0.0,0.0,0.08683053745303357,0.0,0.20141548649629548,0.0,0.0,0.0,0.2740481774657844,0.0,0.0,0.023060151155978488,0.0,0.0,0.022749984521443962,0.0,0.022749984521443962,0.022749984521443962,0.022749984521443962,0.022749984521443962,0.0
2014-12-12,1.1102230246251565e-16,0.0,0.0,0.0,0.0,0.0,0.13832893702548613,0.0,0.0,0.0,0.13167703004593012,0.0,0.0,0.033276653160614414,0.0,0.0,0.0792942402313135,0.0,0.2134948384052439,0.0,0.0,0.0,0.2959583007909052,0.0,0.0,0.016970062254730803,0.0,0.0,0.022749984521443962,0.0,0.0,0.022749984521443962,0.022749984521443962,0.022749984521443962,0.0
2014-12-19,2.220446049250313e-16,0.0,0.0,0.0,0.0,0.0,0.13832893702548613,0.0,0.0,0.0,0.12135887477075533,0.0,0.0,0.037808440884183926,0.0,0.0,0.08426091223381688,0.0,0.21174585304513743,0.0,0.0,0.0,0.2974948500512925,0.0,0.0,0.01800219390355185,0.0,0.0,0.022749984521443962,0.0,0.0,0.022749984521443962,0.022749984521443962,0.022749984521443962,0.0
2014-12-26,0.0821401563576456,0.0,0.0,0.0,0.0,0.0,0.1424986890175797,0.0,0.0,0.0,0.1424986890175797,0.0,0.0,0.02615638049690928,0.0,0.0,0.08315872489986913,0.0,0.22969718519395918,0.0,0.0,0.0,0.24714537242551135,0.0,0.0,0.004942208119508947,0.0,0.0,0.0,0.0,0.01044064861785927,0.01044064861785927,0.01044064861785927,0.01044064861785927,0.0
2015-01-02,0.0821401563576456,0.0,0.0,0.0,0.0,0.0,0.1424986890175797,0.0,0.0,0.0,0.1499062894764264,0.0,0.0,0.024452322792938023,0.0,0.0,0.08220294543053507,0.0,0.23117250352264898,0.0,0.0,0.0,0.24586449893078913,0.0,0.0,0.0,0.0,0.0,0.01044064861785927,0.0,0.0,0.01044064861785927,0.01044064861785927,0.01044064861785927,0.0
2015-01-09,0.0821401563576456,0.0,0.0,0.0,0.0,0.0,0.1424986890175797,0.0,0.0,0.0025089714250482605,0.1424986890175797,0.0,0.0,0.028370421193968102,0.0,0.0,0.08453602198174026,0.0,0.2273780509065603,0.0,0.0,0.0,0.24830640562844097,0.0,0.0,0.0,0.0,0.0,0.0,0.0,0.0,0.01044064861785927,0.01044064861785927,0.01044064861785927,0.01044064861785927
2015-01-16,0.08214015635764549,0.0,0.0,0.0,0.0,0.0,0.1424986890175797,0.0,0.0,0.003873623751038389,0.1424986890175797,0.0,0.0,0.02579749817549066,0.0,0.0,0.0795141799717709,0.0,0.23646450165437302,0.0,0.0,0.0,0.2454500675830849,0.0,0.0,0.0,0.0,0.0,0.0,0.0,0.0,0.01044064861785927,0.01044064861785927,0.01044064861785927,0.01044064861785927
2015-01-23,0.0821401563576456,0.0,0.0,0.0,0.0,0.0,0.1424986890175797,0.0,0.0,0.004308750289334762,0.1424986890175797,0.0,0.0,0.027516177648853266,0.0,0.0,0.08466203147849917,0.0,0.22778542245957042,0.0,0.0,0.0,0.24682748925950027,0.0,0.0,0.0,0.0,0.0,0.0,0.0,0.0,0.01044064861785927,0.01044064861785927,0.01044064861785927,0.01044064861785927
2015-01-30,1.1102230246251565e-16,0.0,0.0,0.0,0.0,0.02835999907245241,0.0404621692373124,0.0,0.0,0.006496715131286807,0.19058069758671875,0.0,0.08394278036966106,0.036338995592258685,0.0,0.0,0.09182246511057296,0.0,0.2757144469051105,0.0,0.0,0.0,0.23376923950783235,0.0,0.0,0.0,0.0,0.0,0.0,0.0,0.0,0.0031281228716985455,0.0031281228716985455,0.0031281228716985455,0.0031281228716985455
2015-02-06,1.1102230246251565e-16,0.0,0.0,0.0,0.0,0.02835999907245241,0.0404621692373124,0.0,0.0,0.005760874688596282,0.19058069758671875,0.0,0.08394278036966106,0.028611400474169258,0.0,0.0,0.08403889625379424,0.0,0.2872189460507471,0.0,0.0,0.0,0.2385117447797544,0.0,0.0,0.0,0.0,0.0,0.0,0.0,0.0,0.0031281228716985455,0.0031281228716985455,0.0031281228716985455,0.0031281228716985455
2015-02-13,1.1102230246251565e-16,0.0,0.0,0.0,0.0,0.02835999907245241,0.0404621692373124,0.0,0.0,0.005124998532439233,0.19345678626874746,0.0,0.08394278036966106,0.022961796793133107,0.0,0.0,0.0823554236336846,0.0,0.29270449894989176,0.0,0.0,0.0,0.23811905565588382,0.0,0.0,0.0,0.0,0.0,0.0,0.0,0.0031281228716985455,0.0031281228716985455,0.0,0.0031281228716985455,0.0031281228716985455
2015-02-20,1.1102230246251565e-16,0.0,0.0,0.0,0.0,0.02835999907245241,0.0404621692373124,0.0,0.0,0.0029162243115145713,0.20413822294606776,0.0,0.08394278036966106,0.01980656353998507,0.0,0.0,0.0839441684995595,0.0,0.2884138489967054,0.0,0.0,0.0,0.23550353153994769,0.0,0.0,0.0,0.0,0.0,0.0,0.0,0.0031281228716985455,0.0031281228716985455,0.0,0.0031281228716985455,0.0031281228716985455
2015-02-27,0.0,0.0,0.0,0.01464746774690244,0.0,0.0,0.03200951772024851,0.0,0.0,0.0016550239587430544,0.1264943481840153,0.0,0.0,0.03360206037070527,0.0,0.0,0.18260840077871876,0.0,0.18262651431876817,0.0,0.0,0.0,0.2737310423475587,0.0,0.0,0.0,0.0,0.0,0.0,0.0,0.03815640614358492,0.03815640614358492,0.0,0.03815640614358492,0.03815640614358492
2015-03-06,1.1102230246251565e-16,0.0,0.0,0.01464746774690244,0.0,0.004126735477150218,0.03200951772024851,0.0,0.0,0.0,0.1676306112374485,0.0,0.0,0.02696799233284502,0.0,0.0,0.166150879359583,0.0,0.17347070951518367,0.0,0.0,0.0,0.2623704620362988,0.0,0.0,0.0,0.0,0.0,0.0,0.0,0.03815640614358492,0.03815640614358492,0.0,0.03815640614358492,0.03815640614358492
2015-03-13,0.0,0.0,0.0,0.014647467746902443,0.0,0.0,0.032009517720248515,0.0,0.0,0.005043837219635487,0.12593259707879845,0.0,0.0,0.03355200255339183,0.0,0.0,0.17533821618363107,0.0,0.18050817941379954,0.0,0.0,0.0,0.28034255750925297,0.0,0.0,0.0,0.038156406143584926,0.0,0.0,0.0,0.0,0.038156406143584926,0.0,0.038156406143584926,0.038156406143584926
2015-03-20,0.0,0.0,0.0,0.014647467746902443,0.001736891190851218,0.0,0.032009517720248515,0.0,0.0,0.006018059783503874,0.10357889569799134,0.0,0.0,0.05431750615559554,0.0,0.0,0.18787773458322618,0.0,0.16381776508748713,0.0,0.0,0.0,0.2833705374598541,0.0,0.0,0.0,0.0,0.0,0.0,0.0,0.038156406143584926,0.038156406143584926,0.0,0.038156406143584926,0.038156406143584926
2015-03-27,1.1102230246251565e-16,0.0,0.0,0.01470787524439769,0.015088042658906859,0.0,0.04088567801769291,0.0,0.0,0.0047859209636854595,0.11402968739955414,0.0,0.0,0.04190905427944167,0.0,0.0,0.06951894700829832,0.0,0.1839261657626111,0.0,0.0,0.0,0.2611957824941065,0.0,0.0,0.09764003388413542,0.0,0.0,0.0,0.0,0.03907820307179247,0.03907820307179247,0.0,0.03907820307179247,0.03907820307179247
2015-04-03,2.220446049250313e-16,0.0,0.0,0.01470787524439769,0.011384112087393356,0.0,0.04088567801769291,0.0,0.0,0.01849600776964197,0.11402968739955414,0.0,0.0,0.04083317990257494,0.0,0.0,0.06656020519144001,0.0,0.1918527252148348,0.0,0.0,0.0,0.24729768300116478,0.0,0.0,0.09764003388413542,0.0,0.0,0.0,0.0,0.03907820307179247,0.03907820307179247,0.0,0.03907820307179247,0.03907820307179247
2015-04-10,1.1102230246251565e-16,0.0,0.0,0.01470787524439769,0.025468079949555984,0.0,0.04088567801769291,0.0,0.0,0.019528541854042743,0.11402968739955414,0.0,0.0,0.04721842959935435,0.0,0.0,0.07012006242348148,0.0,0.17733915545742238,0.0,0.0,0.0,0.23674964388319297,0.0,0.0,0.09764003388413542,0.0,0.0,0.0,0.03907820307179247,0.03907820307179247,0.0,0.0,0.03907820307179247,0.03907820307179247
2015-04-17,2.220446049250313e-16,0.0,0.0,0.016388471003384645,0.03591837087713431,0.0,0.04088567801769291,0.0,0.0,0.03577810384445369,0.11402968739955414,0.0,0.0,0.03794723202089758,0.0,0.0,0.06220588479215695,0.0,0.17063532099654297,0.0,0.0,0.0,0.19318020180508497,0.0,0.0,0.09764003388413542,0.0,0.0,0.03907820307179247,0.03907820307179247,0.03907820307179247,0.0,0.0,0.03907820307179247,0.03907820307179247
2015-04-24,0.0047468524774072485,0.0,0.0,0.021355898599823966,0.018636842088796506,0.0,0.054156647854499335,0.0,0.0,0.027904205132651586,0.1610479986027631,0.0,0.0,0.12488855476993517,0.0,0.0,0.07236179883784669,0.0,0.22800669204692156,0.0,0.0,0.0011818575820301445,0.21438149447500945,0.0,0.0,0.017878774708265013,0.01069047656481005,0.0,0.01069047656481005,0.0,0.01069047656481005,0.0,0.0,0.01069047656481005,0.01069047656481005
2015-05-01,0.0047468524774072485,0.0,0.0,0.019007691043899214,0.03163859518854494,0.0,0.054156647854499335,0.0,0.0,0.025415060176935705,0.1610479986027631,0.0,0.0,0.12157424417390808,0.0,0.0,0.06954270753186095,0.0,0.23721799351720527,0.0,0.0,0.0,0.2043210519006609,0.0,0.0,0.017878774708265013,0.01069047656481005,0.0,0.01069047656481005,0.0,0.01069047656481005,0.0,0.0,0.01069047656481005,0.01069047656481005
2015-05-08,0.0047468524774073595,0.0,0.0,0.017878774708265013,0.019127842610761545,0.0,0.054156647854499335,0.0,0.0,0.036306118915839174,0.1610479986027631,0.0,0.0,0.1204334997971508,0.0,0.0,0.06753897212673923,0.0,0.23245840888501093,0.0,0.0,0.0,0.21497372648924837,0.0,0.0,0.017878774708265013,0.01069047656481005,0.0,0.01069047656481005,0.0,0.01069047656481005,0.0,0.0,0.01069047656481005,0.01069047656481005
2015-05-15,0.0047468524774072485,0.0,0.0,0.017878774708265013,0.0327990446472569,0.0,0.054156647854499335,0.0,0.0,0.027140429695450254,0.1610479986027631,0.0,0.0,0.12301053408860399,0.0,0.0,0.0692734764491739,0.0,0.23325786633063555,0.0,0.0,0.0,0.2001444550073006,0.0,0.0,0.02309153731459386,0.01069047656481005,0.0,0.0,0.0,0.01069047656481005,0.01069047656481005,0.0,0.01069047656481005,0.01069047656481005
2015-05-22,0.0047468524774072485,0.0,0.0,0.017878774708265013,0.03556465566454918,0.0,0.054156647854499335,0.0,0.0,0.024434917646176297,0.1708448291299366,0.0,0.0,0.11331067223736699,0.0,0.0,0.06805721357332073,0.0,0.23913702677211232,0.0,0.0,0.0,0.200537252404051,0.0,0.0,0.017878774708265013,0.0,0.0,0.01069047656481005,0.0,0.01069047656481005,0.01069047656481005,0.0,0.01069047656481005,0.01069047656481005
2015-05-29,0.0,0.0,0.0,0.017245948311488124,0.09123640936013572,0.0,0.0519772387017519,0.0,0.0,0.08068575633507034,0.03473129039026378,0.0,0.0,0.024708273439866608,0.0,0.0,0.07153465399749799,0.0,0.3162549912293378,0.0,0.0,0.0,0.16268989944767673,0.0,0.0,0.022081877003923826,0.025370732356597432,0.0,0.025370732356597432,0.0,0.025370732356597432,0.0,0.0,0.025370732356597432,0.025370732356597432
2015-06-05,0.0,0.0,0.0,0.017245948311488124,0.09457941361080391,0.0,0.0519772387017519,0.0,0.0,0.07582863117468225,0.03473129039026378,0.0,0.0,0.027138377207714337,0.0,0.0,0.08244615168959377,0.0,0.29904982832955224,0.0,0.0,0.0056106466918362345,0.15596847753307114,0.0,0.0,0.028570334576255154,0.025370732356597432,0.0,0.025370732356597432,0.0,0.025370732356597432,0.0,0.0,0.025370732356597432,0.025370732356597432
2015-06-12,0.0,0.0,0.0,0.020762858510024695,0.09494038133415997,0.0,0.0519772387017519,0.0,0.0,0.07269462794739237,0.03473129039026378,0.0,0.0,0.02548478864102606,0.0,0.0,0.07991115601789105,0.0,0.3069359124029668,0.0,0.0,0.00593102762266397,0.15709443761232195,0.0,0.0,0.022682619036550264,0.025370732356597432,0.0,0.025370732356597432,0.0,0.025370732356597432,0.0,0.0,0.025370732356597432,0.025370732356597432
2015-06-19,0.0,0.0,0.0,0.033456388887208005,0.09105504337186546,0.0,0.0519772387017519,0.0,0.0,0.058593018195262705,0.03473129039026378,0.0,0.0,0.024875010339680863,0.0,0.0,0.07472664478920862,0.0,0.2965743329915103,0.0,0.0,0.018628067925221613,0.15785523977695115,0.0,0.0,0.030674062848088456,0.025370732356597432,0.0,0.025370732356597432,0.0,0.025370732356597432,0.0,0.0,0.025370732356597432,0.025370732356597432
2015-06-26,0.35921235824233166,0.0,0.0,0.04069261081032136,0.06124985183020716,0.0,0.07061167504077498,0.0,0.0,0.012985923074994013,0.036466320854583234,0.0,0.0,0.052509100805587294,0.0,0.0,0.11467113283041364,0.0,0.07054143945853167,0.0,0.0,0.03947411014869006,0.07054143945853167,0.0,0.0,0.01295091190769655,0.011618625107467341,0.0,0.011618625107467341,0.0,0.011618625107467341,0.0,0.0,0.011618625107467341,0.011618625107467341
2015-07-03,0.35921235824233166,0.0,0.0,0.03709180199236125,0.061304786802767484,0.0,0.07061167504077498,0.0,0.0,0.01911727984361409,0.036466320854583234,0.0,0.0,0.056299131754884255,0.0,0.0,0.11774932260987914,0.0,0.07054143945853167,0.0,0.0,0.03599527100481896,0.07686621326367099,0.0,0.0,0.0006512735944455706,0.0,0.0,0.011618625107467341,0.0,0.011618625107467341,0.011618625107467341,0.0,0.011618625107467341,0.011618625107467341
2015-07-10,0.35921235824233166,0.0,0.0,0.04098489317194069,0.06257439355821884,0.0,0.07061167504077498,0.0,0.0,0.020761113904648895,0.036466320854583234,0.0,0.0,0.05318334393844433,0.0,0.0,0.11510059717795573,0.0,0.07054143945853167,0.0,0.0,0.041929299656701606,0.07054143945853167,0.0,0.0,0.0,0.0,0.0,0.011618625107467341,0.0,0.011618625107467341,0.011618625107467341,0.0,0.011618625107467341,0.011618625107467341
2015-07-17,0.35921235824233166,0.0,0.0,0.045717216934232405,0.05901374314942627,0.0,0.07061167504077498,0.0,0.0,0.022321414014978957,0.036466320854583234,0.0,0.0,0.047861343036617404,0.0,0.0,0.11504523465787758,0.0,0.07054143945853167,0.0,0.0,0.04457468961477745,0.07054143945853167,0.0,0.0,0.0,0.0,0.0,0.011618625107467341,0.0,0.011618625107467341,0.011618625107467341,0.0,0.011618625107467341,0.011618625107467341
2015-07-24,0.35921235824233166,0.0,0.0,0.03943521576125602,0.05717091774613131,0.0,0.07061167504077498,0.0,0.0,0.027374813341596565,0.036466320854583234,0.0,0.0,0.0537343477014922,0.0,0.0,0.11836087593051209,0.0,0.07054143945853167,0.0,0.0,0.03845747092692192,0.07054143945853167,0.0,0.0,0.0,0.0,0.0,0.011618625107467341,0.0,0.011618625107467341,0.011618625107467341,0.0,0.011618625107467341,0.011618625107467341
2015-07-31,0.092154816060666,0.0,0.0,0.073763881568908,0.05881524126796628,0.0,0.33659743746231285,0.0,0.0,0.05720163068446335,0.038254475436421326,0.0,0.0,0.015255343138637623,0.0,0.0,0.188203652482542,0.0,0.07076038478245465,0.0,0.0,0.007696356290906096,0.032505909346033326,0.0,0.0,0.0,0.0,0.0,0.005758174295737702,0.0,0.005758174295737702,0.005758174295737702,0.0,0.005758174295737702,0.005758174295737702
2015-08-07,0.09215481606066611,0.0,0.0,0.07086308051605991,0.05849444995078851,0.0,0.33659743746231285,0.0,0.0,0.06108396632438343,0.038254475436421326,0.0,0.0,0.01603564597276595,0.0,0.0,0.1861907046496363,0.0,0.07076038478245465,0.0,0.0,0.008268258019789239,0.032505909346033326,0.0,0.0,0.0,0.0,0.0,0.005758174295737702,0.0,0.005758174295737702,0.005758174295737702,0.0,0.005758174295737702,0.005758174295737702
2015-08-14,0.09215481606066622,0.0,0.0,0.07248881729581198,0.05810018850694318,0.0,0.33659743746231285,0.0,0.0,0.060285548214223536,0.038254475436421326,0.0,0.0,0.01763867678829257,0.0,0.0,0.18613401417148234,0.0,0.07076038478245465,0.0,0.0,0.006288860456669732,0.032505909346033326,0.0,0.0,0.0,0.0,0.0,0.005758174295737702,0.0,0.0,0.005758174295737702,0.005758174295737702,0.005758174295737702,0.005758174295737702
2015-08-21,0.12094568753935442,0.0,0.0,0.07311904876315153,0.054801306509708894,0.0,0.33659743746231285,0.0,0.0,0.05678837238106804,0.038254475436421326,0.0,0.0,0.022444572249055956,0.0,0.0,0.18448350565560806,0.0,0.07076038478245465,0.0,0.0,0.006665433146602774,0.03513977607426145,0.0,0.0,0.0,0.0,0.0,0.0,0.0,0.0,0.0,0.0,0.0,0.0
2015-08-28,0.6063426830891493,0.0,0.0,0.0,0.008233941882038224,0.0,0.16353206934572553,0.0,0.0,0.03891086939727002,0.018217421946497576,0.0,0.01232644907478023,0.010097225177962533,0.0,0.0,0.03144309357885904,0.0,0.09608994831662387,0.0,0.0,0.0,0.014806298191093652,0.0,0.0,0.0,0.0,0.0,0.0,0.0,0.0,0.0,0.0,0.0,0.0
2015-09-04,0.6063426830891493,0.0,0.0,0.0011015257204810595,0.008764342870419667,0.0,0.16353206934572553,0.0,0.0,0.037844267114338484,0.018217421946497576,0.0,0.01232644907478023,0.008159022329296436,0.0,0.0,0.03336612712068098,0.0,0.09284643480884888,0.0,0.0,0.0,0.017499656579781836,0.0,0.0,0.0,0.0,0.0,0.0,0.0,0.0,0.0,0.0,0.0,0.0
2015-09-11,0.6063426830891493,0.0,0.0,0.0011752649815170027,0.009022039924823866,0.0,0.16353206934572553,0.0,0.0,0.030543871021277806,0.018217421946497576,0.0,0.01232644907478023,0.007581362611103501,0.0,0.0,0.031039223613043156,0.0,0.10120486444082522,0.0,0.0,0.00038970664509961167,0.018625043306157194,0.0,0.0,0.0,0.0,0.0,0.0,0.0,0.0,0.0,0.0,0.0,0.0
2015-09-18,0.6063426830891493,0.0,0.0,0.0012054640261251156,0.008708581509565718,0.0,0.16353206934572553,0.0,0.0,0.030543871021277806,0.018217421946497576,0.0,0.01232644907478023,0.0074246125963052835,0.0,0.0,0.032946485782654994,0.0,0.09790110037865114,0.0,0.0,0.0003991537825976508,0.020452107446669646,0.0,0.0,0.0,0.0,0.0,0.0,0.0,0.0,0.0,0.0,0.0,0.0
2015-09-25,0.6620234051738891,0.0,0.0,0.011133008378992868,0.002424969393117231,0.0,0.018938849342484926,0.0,0.0,0.0,0.04453355525232243,0.0,0.0,0.00035057379092095917,0.0,0.0,0.011133008378992868,0.0,0.19901648653975113,0.0,0.0,0.0,0.05044614374952851,0.0,0.0,0.0,0.0,0.0,0.0,0.0,0.0,0.0,0.0,0.0,0.0
2015-10-02,0.6620234051738891,0.0,0.0,0.011133008378992868,0.006298734498176679,0.0,0.022180819312299836,0.0,0.0,0.0,0.03928622211206621,0.0,0.0,0.007031451006434378,0.0,0.0,0.011133008378992868,0.0,0.19631836155878774,0.0,0.0,0.0,0.04459498958036032,0.0,0.0,0.0,0.0,0.0,0.0,0.0,0.0,0.0,0.0,0.0,0.0
2015-10-09,0.662023405173889,0.0,0.0,0.011133008378992868,0.0006860143565749276,0.0,0.02430696872012981,0.0,0.0,0.00029799322521463506,0.049282958486116954,0.0,0.0,0.0040682009875725,0.0,0.0,0.011133008378992868,0.0,0.19247345271215605,0.0,0.0,0.0,0.04459498958036032,0.0,0.0,0.0,0.0,0.0,0.0,0.0,0.0,0.0,0.0,0.0,0.0
2015-10-16,0.6620234051738891,0.0,0.0,0.011133008378992868,0.0039140224305041224,0.0,0.022870172406901847,0.0,0.0,0.0035507892879158053,0.04106892733507163,0.0,0.0,0.010140049473909684,0.0,0.0,0.011133008378992868,0.0,0.1895716275534618,0.0,0.0,0.0,0.04459498958036032,0.0,0.0,0.0,0.0,0.0,0.0,0.0,0.0,0.0,0.0,0.0,0.0
2015-10-23,0.6588520636293145,0.0,0.0,0.011133008378992868,0.0,0.0,0.022767462296763387,0.0,0.0,0.0027303841843941265,0.04736827959682123,0.0,0.0,0.009940372939444646,0.0,0.0,0.011567560055958897,0.0,0.18787453779337543,0.0,0.0,0.0,0.04459498958036032,0.0,0.0,0.0,0.0,0.0,0.0006342683089149358,0.0,0.0006342683089149358,0.0006342683089149358,0.0006342683089149358,0.0,0.0006342683089149358
2015-10-30,0.09495861173343723,0.0,0.0,0.0,0.005527091738992362,0.0,0.15938277125907782,0.0,0.0,0.07415793415206799,0.20235477454129536,0.0,0.0,0.008333898373307325,0.0,0.0,0.10058074684007673,0.0,0.2051728954747244,0.0,0.0,0.0,0.14666108053285154,0.0,0.0,0.0,0.0,0.0,0.0,0.0,0.0007175488385423234,0.0007175488385423234,0.0007175488385423234,0.0,0.0007175488385423234
2015-11-06,0.09495861173343723,0.0,0.0,0.0,0.0,0.000847080536777154,0.15467614201910584,0.0,0.0,0.07415793415206799,0.19841760665341238,0.0,0.0,0.008999133526742193,0.0,0.0,0.10058074684007673,0.0,0.21346412027309317,0.0,0.0,0.0,0.1503108800725757,0.0,0.0,0.0,0.0,0.0,0.0008969360481779042,0.0,0.0008969360481779042,0.0008969360481779042,0.0,0.0,0.0008969360481779042
2015-11-13,0.0985463559261488,0.0,0.0,0.0,0.006066384919883747,0.0,0.15467614201910584,0.0,0.0,0.07415793415206799,0.1831681086168768,0.0,0.0,0.016553435429043487,0.0,0.0,0.10058074684007673,0.0,0.20210383566062823,0.0,0.0,0.0,0.16414705643616834,0.0,0.0,0.0,0.0,0.0,0.0,0.0,0.0,0.0,0.0,0.0,0.0
2015-11-20,0.09495861173343723,0.0,0.0,0.0,0.0036396487639864944,0.0,0.15467614201910584,0.0,0.0,0.07415793415206799,0.18954909309707596,0.0,0.0,0.009402682747867876,0.0,0.0,0.10058074684007673,0.0,0.2100379773396862,0.0,0.0,0.0,0.1601269679525264,0.0,0.0,0.0,0.0,0.0,0.0007175488385423234,0.0,0.0007175488385423234,0.0007175488385423234,0.0,0.0,0.0007175488385423234
2015-11-27,0.1573032877410343,0.0,0.0,0.0,0.013273172257183628,0.08321290207624449,0.12922146093983083,0.0,0.0,0.0,0.14807277009857672,0.0,0.0,0.016106649795717187,0.0,0.0,0.11201140637506271,0.0,0.1761801783240315,0.0,0.0,0.0,0.16316837672875067,0.0,0.0,0.0,0.0,0.0,0.000362448915892008,0.0,0.000362448915892008,0.000362448915892008,0.0,0.0,0.000362448915892008
2015-12-04,0.1573032877410343,0.0,0.0,0.0,0.011121568858610228,0.08321290207624449,0.12922146093983083,0.0,0.0,0.0,0.13259840315789206,0.0,0.0,0.022513636788824738,0.0,0.0,0.11992826608683638,0.0,0.17118649192372232,0.0,0.0,0.0,0.17146418676343675,0.0,0.0,0.0,0.0,0.0,0.000362448915892008,0.0,0.000362448915892008,0.000362448915892008,0.0,0.0,0.000362448915892008
2015-12-11,0.15730328774103408,0.0,0.0,0.0,0.01141134994887771,0.08321290207624449,0.12922146093983083,0.0,0.0,0.00580535184382337,0.12922146093983083,0.0,0.0,0.022857463565650448,0.0,0.0,0.12360069465974921,0.0,0.16747322034759007,0.0,0.0,0.0,0.1680805633579088,0.0,0.0,0.0,0.0,0.0,0.0,0.0,0.0006040815264866799,0.0006040815264866799,0.0,0.0,0.0006040815264866799
2015-12-18,0.1573032877410342,0.0,0.0,0.0,0.02272402267748033,0.08321290207624449,0.12922146093983083,0.0,0.0,0.0,0.12922146093983083,0.0,0.0,0.027409009019432686,0.0,0.0,0.12114684206156455,0.0,0.16747322034759007,0.0,0.0,0.0,0.16092861076239698,0.0,0.0,0.0,0.0,0.0,0.0,0.0,0.00045306114486500995,0.00045306114486500995,0.0,0.0,0.00045306114486500995
2015-12-25,0.6,0.0,0.0,0.015442461179929772,0.025867827350108466,0.0,0.09411035480735445,0.0,0.0,0.0,0.09411035480735445,0.0,0.0,0.011080750001838958,0.0,0.0,0.040460607701294185,0.0,0.04887761472488285,0.0,0.0,0.0,0.06973289527277945,0.0,0.0,0.0,0.0,0.0,0.0,0.0,7.928353861436701e-05,7.928353861436701e-05,7.928353861436701e-05,0.0,7.928353861436701e-05
2016-01-01,0.6003964176930717,0.0,0.0,0.015442461179929772,0.02205521999330187,0.0,0.09411035480735445,0.0,0.0,0.001044296757933878,0.09583810024045938,0.0,0.0,0.009698154351172848,0.0,0.0,0.04017791689441261,0.0,0.04887761472488285,0.0,0.0,0.0,0.07235946335748056,0.0,0.0,0.0,0.0,0.0,0.0,0.0,0.0,0.0,0.0,0.0,0.0
2016-01-08,0.5999999999999999,0.0,0.0,0.016582739849561656,0.02340986318093048,0.0,0.09411035480735445,0.0,0.0,0.0,0.09411035480735445,0.0,0.0,0.010377984637770453,0.0,0.0,0.04149714335464616,0.0,0.04887761472488285,0.0,0.0,0.0018999825603453113,0.06886968361510636,0.0,0.0,0.0,0.0,0.0,0.0,0.0,0.0,0.00013213923102394499,0.00013213923102394499,0.0,0.0
2016-01-15,0.6003964176930718,0.0,0.0,0.015442461179929772,0.019149089085423898,0.0,0.09411035480735445,0.0,0.0,0.0,0.10614242271852359,0.0,0.0,0.007228478519763866,0.0,0.0,0.03328588336639677,0.0,0.05992481672472326,0.0,0.0,0.0,0.06432007590481262,0.0,0.0,0.0,0.0,0.0,0.0,0.0,0.0,0.0,0.0,0.0,0.0
2016-01-22,0.6003964176930717,0.0,0.0,0.015442461179929772,0.021661583637438496,0.0,0.09411035480735445,0.0,0.0,0.0,0.09971816483029565,0.0,0.0,0.010087297180456999,0.0,0.0,0.03386772319023638,0.0,0.05725616913050807,0.0,0.0,0.0,0.0674598283507084,0.0,0.0,0.0,0.0,0.0,0.0,0.0,0.0,0.0,0.0,0.0,0.0
2016-01-29,0.6284874836843455,0.0,0.0,0.009916593162969342,0.0015309592989756085,0.0,0.019009722062163347,0.0,0.0,0.0,0.17606955141437275,0.0,0.0,0.013477623252359986,0.0,0.0,0.0362774921494218,0.0,0.08166558277834374,0.0,0.0,0.02892631522513269,0.004638676971915308,0.0,0.0,0.0,0.0,0.0,0.0,0.0,0.0,0.0,0.0,0.0,0.0
2016-02-05,0.6284874836843455,0.0,0.0,0.009916593162969342,0.003646777605194669,0.0,0.019009722062163347,0.0,0.0,0.0,0.17606955141437275,0.0,0.0,0.010571565555618907,0.0,0.0,0.029258837968893697,0.0,0.08166558277834374,0.0,0.0,0.02892631522513269,0.012447570542965431,0.0,0.0,0.0,0.0,0.0,0.0,0.0,0.0,0.0,0.0,0.0,0.0
2016-02-12,0.6284874836843455,0.0,0.0,0.009916593162969342,0.0,0.0018159687022415484,0.019009722062163347,0.0,0.0,0.0,0.1920528060243823,0.0,0.0,0.0007561115013970669,0.0,0.0,0.024061230581874128,0.0,0.09178958907746704,0.0,0.0,0.02892631522513269,0.003184179978027113,0.0,0.0,0.0,0.0,0.0,0.0,0.0,0.0,0.0,0.0,0.0,0.0
2016-02-19,0.6284874836843454,0.0,0.0,0.009916593162969342,0.0,0.001103458778349499,0.019009722062163347,0.0,0.0,0.0,0.19307837431467323,0.0,0.0,0.00017025141708671912,0.0,0.0,0.024061230581874128,0.0,0.09250857322936842,0.0,0.0,0.02892631522513269,0.0027379975440372114,0.0,0.0,0.0,0.0,0.0,0.0,0.0,0.0,0.0,0.0,0.0,0.0
2016-02-26,0.6267537068457805,0.014037575387793585,0.0,0.0,0.0,0.03246563205082065,0.09940874828757339,0.0,0.0,0.0,0.11424895301736422,0.0,0.0,0.0014193038601442902,0.0,0.0,0.0,0.0,0.07580386294665668,0.0,0.0,0.0,0.035796147988354655,0.0,0.0,0.0,0.0,0.0,0.0,0.0,0.0,3.303480775598625e-05,3.303480775598625e-05,0.0,0.0
2016-03-04,0.6267537068457805,0.014037575387793585,0.0,0.0,0.0,0.03427926714453548,0.09940874828757339,0.0,0.0,0.0,0.1126381835927078,0.0,0.0,0.0005321437270567363,0.0,0.0,0.0,0.0,0.07561423889721194,0.0,0.0,0.0,0.036656852578726154,0.0,0.0,0.0,0.0,0.0,0.0,1.9820884653591752e-05,1.9820884653591752e-05,1.9820884653591752e-05,1.9820884653591752e-05,0.0,0.0
2016-03-11,0.6267537068457806,0.014037575387793585,0.0,0.0,0.0,0.03736338016191539,0.09940874828757339,0.0,0.0,0.0,0.10958455660577697,0.0,0.0,0.0,0.0,0.0,0.0,0.0,0.07658598040943101,0.0,0.0,0.0,0.03618676876311472,0.0,0.0,0.0,0.0,0.0,0.0,1.9820884653591752e-05,1.9820884653591752e-05,1.9820884653591752e-05,1.9820884653591752e-05,0.0,0.0
2016-03-18,0.6267537068457806,0.014037575387793585,0.0,0.0,0.0,0.03943116606727703,0.09940874828757339,0.0,0.0,0.0,0.1097624440390399,0.0,0.0,0.0,0.0,0.0,0.0,0.0,0.07553456995293933,0.0,0.0,0.0,0.03499250588098184,0.0,0.0,0.0,1.9820884653591752e-05,0.0,0.0,1.9820884653591752e-05,0.0,1.9820884653591752e-05,1.9820884653591752e-05,0.0,0.0
2016-03-25,0.13959696945962152,0.06393554398755139,0.0,0.0,0.0,0.22698042141891106,0.08286122653026662,0.0,0.0,0.0,0.16779060623152386,0.0,0.0,0.0,0.0,0.0,0.037454199231732606,0.0,0.24105542667092245,0.0,0.0,0.0,0.04023728256836795,0.0,0.0,0.0,2.208097527563472e-05,0.0,0.0,2.208097527563472e-05,0.0,2.208097527563472e-05,2.208097527563472e-05,0.0,0.0
2016-04-01,0.13959696945962152,0.06393554398755139,0.0,0.0,0.0,0.22595015355120676,0.08286122653026662,0.0,0.0,0.0,0.17094521454161382,0.0,0.0,0.0,0.0,0.0,0.037454199231732606,0.0,0.23845410586665572,0.0,0.0,0.0,0.04071426293024903,0.0,0.0,0.0,0.0,0.0,0.0,2.208097527563472e-05,2.208097527563472e-05,2.208097527563472e-05,2.208097527563472e-05,0.0,0.0
2016-04-08,0.13959696945962152,0.06393554398755139,0.0,0.0,0.0,0.22909439563902126,0.08286122653026662,0.0,0.0,0.0,0.1597101158683139,0.0,0.0,0.0,0.0,0.0,0.037454199231732606,0.0,0.2386498509981277,0.0,0.0,0.0,0.04860937438426242,0.0,0.0,0.0,0.0,0.0,0.0,2.208097527563472e-05,2.208097527563472e-05,2.208097527563472e-05,2.208097527563472e-05,0.0,0.0
2016-04-15,0.13959696945962152,0.06393554398755139,0.0,0.0,0.0,0.22570861686561045,0.08286122653026662,0.0,0.0,0.0,0.16371120952454965,0.0,0.0,0.0018215915865015739,0.0,0.0,0.04160155990841289,0.0,0.23343353620761267,0.0,0.0,0.0,0.04721934105349504,0.0,0.0,0.0,2.208097527563472e-05,0.0,0.0,2.208097527563472e-05,2.208097527563472e-05,2.208097527563472e-05,2.208097527563472e-05,0.0,0.0
2016-04-22,0.13959696945962152,0.06393554398755139,0.0,0.0,0.0,0.22939404120692083,0.08286122653026662,0.0,0.0,0.0,0.15645582438925135,0.0,0.0,0.0,0.0,0.0,0.04194362310198642,0.0,0.23252939076315624,0.0,0.0,0.0,0.05319505666014307,0.0,0.0,0.0,2.208097527563472e-05,0.0,0.0,2.208097527563472e-05,0.0,0.0,2.208097527563472e-05,2.208097527563472e-05,0.0
2016-04-29,0.015723313998984856,0.0,0.0,0.028565210348326004,0.0,0.20890053096168268,0.028565210348326004,0.0,0.0,0.0,0.16649360908362398,0.0,0.0,0.0,0.0,0.0,0.030515657512678596,0.0,0.2160047136679892,0.0,0.0,0.0,0.27663976967907267,0.0,0.0,0.028565210348326004,6.693512747517936e-06,6.693512747517936e-06,0.0,6.693512747517936e-06,0.0,0.0,6.693512747517936e-06,0.0,0.0
2016-05-06,0.015723313998984856,0.0,0.0,0.028565210348326004,0.0,0.2059972412075707,0.028565210348326004,0.0,0.0,0.0,0.16635780537061642,0.0,0.0,0.0,0.0,0.0,0.032960934109877535,0.0,0.2155588555387072,0.0,0.0,0.0,0.2776794446782752,0.0,0.0,0.028565210348326004,6.693512747517936e-06,0.0,0.0,6.693512747517936e-06,0.0,6.693512747517936e-06,6.693512747517936e-06,0.0,0.0
2016-05-13,0.015723313998984856,0.0,0.0,0.028565210348326004,0.0,0.20457414463337706,0.028565210348326004,0.0,0.0,0.0,0.17112741667219003,0.0,0.0,0.0016740812386897613,0.0,0.0,0.0317207591486741,0.0,0.2131153671443553,0.0,0.0,0.0,0.2763425120677609,0.0,0.0,0.028565210348326004,6.693512747517936e-06,6.693512747517936e-06,0.0,0.0,0.0,6.693512747517936e-06,6.693512747517936e-06,0.0,0.0
2016-05-20,0.015723313998984856,0.0,0.0,0.028565210348326004,0.0,0.2025096519157766,0.028565210348326004,0.0,0.0,0.0,0.15909489265017418,0.0,0.0,0.005873383615610345,0.0,0.0,0.03469614292534331,0.0,0.21824243783306538,0.0,0.0,0.0,0.2781377719650773,0.0,0.0,0.028565210348326004,6.693512747517936e-06,6.693512747517936e-06,0.0,0.0,0.0,6.693512747517936e-06,6.693512747517936e-06,0.0,0.0
2016-05-27,0.028701472856027754,0.0,0.0,0.0,0.0,0.11452650487251959,0.012843265901487886,0.0,0.0,0.0,0.17992280434046148,0.0,0.012843265901487886,0.0,0.0,0.0,0.024238077188291428,0.0,0.12492324885208955,0.0,0.0,0.0,0.35,0.0,0.0,0.0,0.038000340021908614,0.038000340021908614,0.0,0.0,0.0,0.038000340021908614,0.038000340021908614,0.0,0.0
2016-06-03,0.014585152517893496,0.0034227338534083603,0.0,0.0,0.0,0.12078794577457924,0.019923415610012783,0.0,0.0,0.0,0.17673136568722128,0.0,0.012843265901487886,0.0,0.0,0.0,0.01996413027059729,0.0,0.1297406302971652,0.0,0.0,0.0,0.35,0.0,0.0,0.0,0.038000340021908614,0.038000340021908614,0.0,0.0,0.0,0.038000340021908614,0.038000340021908614,0.0,0.0
2016-06-10,0.020855562425700302,0.0,0.0,0.0,0.0,0.11774437814226514,0.012843265901487886,0.0,0.0,0.0,0.17231905534691888,0.0,0.012843265901487886,0.0,0.0,0.0,0.020831231946741156,0.0,0.1405618802477644,0.0,0.0,0.0,0.35,0.0,0.0,0.0,0.038000340021908614,0.038000340021908614,0.0,0.0,0.0,0.038000340021908614,0.038000340021908614,0.0,0.0
2016-06-17,0.01969598038699849,0.0,0.0,0.0,0.0,0.11679991529928889,0.017089443093435717,0.0,0.0,0.0,0.17195669330290658,0.0,0.012843265901487886,0.0,0.0,0.0,0.020452461216519627,0.0,0.13916088071172839,0.0,0.0,0.0,0.35,0.0,0.0,0.0,0.038000340021908614,0.038000340021908614,0.0,0.0,0.0,0.038000340021908614,0.038000340021908614,0.0,0.0
2016-06-24,0.0,0.0,0.0,0.0,0.0,0.13667677226105568,0.021584888335404222,0.0,0.0,0.0,0.19131226644073057,0.0,0.0181286235657502,0.0,0.0,0.0,0.026321935327621324,0.0,0.1801640338331986,0.0,0.0,0.0,0.33168217662667204,0.0,0.0,0.0181286235657502,0.019000170010954307,0.019000170010954307,0.0,0.0,0.0,0.019000170010954307,0.019000170010954307,0.0,0.0
2016-07-01,0.0,0.0,0.0,0.0,0.0,0.12290074942942786,0.021785703136275043,0.0,0.0,0.0,0.18489281956330267,0.0,0.0181286235657502,0.0,0.0,0.0,0.028897318486552838,0.0,0.18700216858342136,0.0,0.0,0.0,0.34226331362570267,0.0,0.0,0.0181286235657502,0.019000170010954307,0.019000170010954307,0.0,0.0,0.0,0.019000170010954307,0.019000170010954307,0.0,0.0
2016-07-08,0.0,0.006527810836403141,0.0,0.0,0.0,0.13497764317694097,0.02506673153717018,0.0,0.0,0.0,0.17258702716419289,0.0,0.0181286235657502,0.0,0.0,0.0,0.028054148903316926,0.0,0.1837057331279587,0.0,0.0,0.0,0.33682297807869954,0.0,0.0,0.0181286235657502,0.019000170010954307,0.019000170010954307,0.0,0.019000170010954307,0.0,0.0,0.019000170010954307,0.0,0.0
2016-07-15,0.0,0.02526769666006658,0.0,0.0,0.0,0.13583882416610932,0.0181286235657502,0.0,0.0,0.006130642234168807,0.1566250976084237,0.0,0.0181286235657502,0.0,0.0,0.0,0.030174021296331493,0.0,0.18425863210898716,0.0,0.0,0.0,0.3313185351848452,0.0,0.0,0.0181286235657502,0.019000170010954307,0.019000170010954307,0.0,0.019000170010954307,0.0,0.0,0.019000170010954307,0.0,0.0
2016-07-22,0.0,0.022081822360459597,0.0,0.0,0.0,0.13743632459222768,0.0181286235657502,0.0,0.0,0.0,0.16781390232285365,0.0,0.029344341285930615,0.0,0.0,0.0,0.020911098901298397,0.0,0.172862659446025,0.0,0.0,0.0,0.33729192391588747,0.0,0.0,0.0181286235657502,0.019000170010954307,0.019000170010954307,0.0,0.019000170010954307,0.0,0.0,0.019000170010954307,0.0,0.0
2016-07-29,0.0,0.006404772464735868,0.0,0.0136931843702024,0.0,0.194207700309742,0.015994155702981006,0.0,0.0,0.0,0.1610701917017197,0.0,0.015850734855500617,0.0,0.0,0.0,0.0136931843702024,0.0,0.1992984213456255,0.0,0.0,0.0,0.21029443650689725,0.0,0.0,0.0136931843702024,0.038950008500547716,0.0,0.0,0.0,0.038950008500547716,0.0,0.038950008500547716,0.038950008500547716,0.0
2016-08-05,1.1102230246251565e-16,0.003701125264772349,0.0,0.0136931843702024,0.0,0.19472269905849288,0.0136931843702024,0.0,0.0,0.0,0.16183273438384035,0.0,0.020099477341096503,0.0,0.0,0.0,0.015474446909486255,0.0,0.19641059010389744,0.0,0.0,0.0,0.21087933982561616,0.0,0.0,0.0136931843702024,0.038950008500547716,0.038950008500547716,0.0,0.0,0.038950008500547716,0.0,0.0,0.038950008500547716,0.0
2016-08-12,0.0,0.0,0.0,0.0136931843702024,0.0,0.19876438371508892,0.016413819795739863,0.0,0.0,0.0,0.15959551002697397,0.0,0.0136931843702024,0.0,0.0,0.0,0.01751190797067654,0.0,0.19758440254250262,0.0,0.0,0.0,0.21325038883622008,0.0,0.0,0.0136931843702024,0.038950008500547716,0.038950008500547716,0.0,0.038950008500547716,0.038950008500547716,0.0,0.0,0.0,0.0
2016-08-19,1.1102230246251565e-16,0.0,0.0,0.0136931843702024,0.0,0.20296066042048255,0.0136931843702024,0.0,0.0,0.01737987496083108,0.1273991633447178,0.0,0.0136931843702024,0.0,0.0,0.0,0.01933693529540559,0.0,0.18564278269030737,0.0,0.0,0.0,0.2263561289010444,0.0,0.0,0.024044867274413143,0.038950008500547716,0.038950008500547716,0.0,0.038950008500547716,0.038950008500547716,0.0,0.0,0.0,0.0
2016-08-26,2.220446049250313e-16,0.0,0.0,0.01406312072087927,0.0,0.17536495881112457,0.01406312072087927,0.0,0.0,0.008727298630806807,0.10654245032892162,0.0,0.01406312072087927,0.0,0.0,0.0,0.02344756281701514,0.0,0.1641557372690715,0.0,0.0,0.0,0.2860684924364169,0.0,0.0,0.03371413584389599,0.03994750042502739,0.03994750042502739,0.0,0.03994750042502739,0.03994750042502739,0.0,0.0,0.0,0.0
2016-09-02,2.220446049250313e-16,0.0,0.0,0.01406312072087927,0.0,0.17794143798431522,0.01406312072087927,0.0,0.0,0.004582801777184509,0.11359561566524166,0.0,0.01406312072087927,0.0,0.0,0.0,0.022664726977957447,0.0,0.17621096513161952,0.0,0.0,0.0,0.27534688850648026,0.0,0.0,0.027678200094453875,0.03994750042502739,0.03994750042502739,0.0,0.03994750042502739,0.03994750042502739,0.0,0.0,0.0,0.0
2016-09-09,1.1102230246251565e-16,0.0,0.0,0.01406312072087927,0.0,0.17935118087867413,0.01406312072087927,0.0,0.0,0.004928404282112969,0.10654245032892162,0.0,0.01406312072087927,0.0033479154783286435,0.0,0.0,0.02773469811891504,0.0,0.16624428906055572,0.0,0.0,0.0,0.2766352860769962,0.0,0.0,0.033236411912748204,0.0,0.03994750042502739,0.03994750042502739,0.03994750042502739,0.03994750042502739,0.0,0.0,0.0,0.0
2016-09-16,0.0,0.0,0.0,0.01406312072087927,0.0,0.1779602685111704,0.01406312072087927,0.0,0.0,0.0036742028533217662,0.10654245032892162,0.0,0.01406312072087927,0.0017956339693279463,0.0,0.0,0.0217768167734348,0.0,0.17270237450712608,0.0,0.0,0.0,0.27568105097219253,0.0,0.0,0.03788783822175741,0.0,0.03994750042502739,0.03994750042502739,0.0,0.03994750042502739,0.0,0.0,0.03994750042502739,0.0
2016-09-23,1.1102230246251565e-16,0.0,0.0,0.01406312072087927,0.0,0.17722067478790207,0.01406312072087927,0.0,0.0,0.013279873399967453,0.10654245032892162,0.0,0.01406312072087927,0.009126672128070699,0.0,0.0,0.0244901746227324,0.0,0.16327697511491857,0.0,0.0,0.0,0.265736534086038,0.0,0.0,0.038347281668701765,0.0,0.03994750042502739,0.03994750042502739,0.0,0.03994750042502739,0.0,0.0,0.03994750042502739,0.0
2016-09-30,0.0,0.0,0.0,0.015010625587841043,0.0,0.1513996481493785,0.020488822293174135,0.0,0.0,0.03031303440299405,0.03883748170774475,0.0,0.015010625587841043,0.016620904795270723,0.0,0.0,0.028481500228661735,0.0,0.18868320946905678,0.0,0.0,0.0,0.16028511889096927,0.0,0.0,0.13488215378081123,0.03999737502125137,0.03999737502125137,0.03999737502125137,0.03999737502125137,0.03999737502125137,0.0,0.0,0.0,0.0
2016-10-07,0.0,0.0,0.0,0.015010625587841043,0.007266713440704568,0.1555039441036285,0.041407144230489815,0.0,0.0,0.03227700885495345,0.03883748170774475,0.0,0.015010625587841043,0.006957500180359181,0.0,0.0,0.021609548522986917,0.0,0.181535355911295,0.0,0.0,0.0,0.15452390777249433,0.0,0.0,0.13007326899340463,0.03999737502125137,0.03999737502125137,0.03999737502125137,0.03999737502125137,0.03999737502125137,0.0,0.0,0.0,0.0
2016-10-14,0.0,0.0,0.0,0.015010625587841043,0.01625312844541765,0.15444506127001822,0.02633183984148673,0.0,0.0,0.03200300916230231,0.03883748170774475,0.0,0.015010625587841043,0.012259449695272593,0.0,0.0,0.02563822797025752,0.0,0.181535355911295,0.0,0.0,0.0022794398730314525,0.14288193080874945,0.0,0.0,0.1375269490324855,0.03999737502125137,0.03999737502125137,0.03999737502125137,0.03999737502125137,0.03999737502125137,0.0,0.0,0.0,0.0
2016-10-21,1.1102230246251565e-16,0.0,0.0,0.01501062558784104,0.0,0.1563060386928681,0.03346341954602767,0.0,0.0,0.030128596799228427,0.038837481707744745,0.0,0.01501062558784104,0.029953193590559427,0.0,0.0,0.032004590578503335,0.0,0.18153535591129497,0.0,0.0,0.0,0.14288193080874942,0.0,0.0,0.12488126608308493,0.0,0.03999737502125136,0.03999737502125136,0.03999737502125136,0.03999737502125136,0.0,0.0,0.0,0.03999737502125136
2016-10-28,0.09510156410580817,0.0,0.0,0.015228656905068997,0.013365095401887083,0.15629343274150934,0.11277355720849802,0.0,0.0,0.029921595179599306,0.08107126236736653,0.0,0.015228656905068997,0.020697575326217844,0.0,0.0,0.020786159764305798,0.0,0.13759254254562636,0.0,0.0,0.0,0.06697777789657991,0.0,0.0,0.034962779897150686,0.0,0.039999868751062574,0.039999868751062574,0.039999868751062574,0.039999868751062574,0.039999868751062574,0.0,0.0,0.0
2016-11-04,0.09510156410580839,0.0,0.0,0.015228656905068997,0.017310716303103556,0.1405721309285612,0.12613655433562712,0.0,0.0,0.029200920888148522,0.08107126236736653,0.0,0.015228656905068997,0.02063959472751505,0.0,0.0,0.027092911809524292,0.0,0.13759254254562636,0.0,0.0,0.0,0.05777606714827292,0.0,0.0,0.03704907727499529,0.039999868751062574,0.039999868751062574,0.039999868751062574,0.039999868751062574,0.039999868751062574,0.0,0.0,0.0,0.0
2016-11-11,0.09510156410580839,0.0,0.0,0.015228656905068997,0.015797555992758353,0.13759254254562636,0.12674702458829532,0.0,0.0,0.01271588574013812,0.08968672205125672,0.0,0.029311461371789176,0.020098011042643783,0.0,0.0,0.024615223300670834,0.0,0.13759254254562636,0.0,0.0,0.0029632520255635886,0.05652128017825983,0.0,0.0,0.0360289338511814,0.039999868751062574,0.039999868751062574,0.039999868751062574,0.039999868751062574,0.039999868751062574,0.0,0.0,0.0,0.0
2016-11-18,0.09510156410580839,0.0,0.0,0.015228656905068997,0.0174804157001277,0.13759254254562636,0.1288003950416011,0.0,0.0,0.013873957378785258,0.08107126236736653,0.0,0.030723933427150588,0.02216108580233955,0.0,0.0,0.025570218807856725,0.0,0.13759254254562636,0.0,0.0,0.0,0.05652128017825983,0.0,0.0,0.03828280143906984,0.0,0.039999868751062574,0.039999868751062574,0.039999868751062574,0.039999868751062574,0.0,0.0,0.0,0.039999868751062574
2016-11-25,0.0,0.0,0.0,0.0,0.015941655865281776,0.14069863633947538,0.21466230521076382,0.0,0.0,0.010686795072361793,0.10220625419335526,0.0,0.05730888641614845,0.021454702829844928,0.0,0.0,0.053821158711643065,0.0,0.08990160656847257,0.0,0.0,0.0,0.0,0.0,0.0,0.19331832691499656,0.019999934375531287,0.019999934375531287,0.019999934375531287,0.019999934375531287,0.019999934375531287,0.0,0.0,0.0,0.0
2016-12-02,0.0,0.0,0.0,0.0,0.02701076232377603,0.15104700299021795,0.21336785455203142,0.0,0.0,0.0,0.097134032133367,0.0,0.05903442843272609,0.018260100113322672,0.0,0.0,0.046680854570340796,0.0,0.08990160656847257,0.0,0.0,0.0,0.0,0.0,0.0,0.19756368643808905,0.019999934375531287,0.019999934375531287,0.019999934375531287,0.019999934375531287,0.019999934375531287,0.0,0.0,0.0,0.0
2016-12-09,0.0,0.0,0.0,0.0,0.015482327763309088,0.16174858623752342,0.21561145628792824,0.0,0.0,0.0,0.11796773886717442,0.0,0.05498359251492699,0.005191156065674195,0.0,0.0,0.042179771914212315,0.0,0.08990160656847257,0.0,0.0,0.0,0.0,0.0,0.0,0.1969340919031224,0.019999934375531287,0.019999934375531287,0.019999934375531287,0.019999934375531287,0.019999934375531287,0.0,0.0,0.0,0.0
2016-12-16,0.0,0.0,0.0,0.0,0.0232382459071248,0.14069863633947538,0.1929524441516505,0.0,0.0,0.025732350463963615,0.09366004488462948,0.0,0.042179771914212315,0.03001077823617446,0.0,0.0,0.07426931301571946,0.0,0.08990160656847257,0.0,0.0,0.0,0.0,0.0,0.0,0.18735713664092102,0.019999934375531287,0.019999934375531287,0.019999934375531287,0.019999934375531287,0.019999934375531287,0.0,0.0,0.0,0.0
2016-12-23,0.0,0.0,0.0,0.0,0.02129087081544103,0.14069863633947538,0.20566833049391944,0.0,0.0,0.02624688763820134,0.09366004488462948,0.0,0.048179294525246594,0.028775629452624095,0.0,0.0,0.06963476601498732,0.0,0.08990160656847257,0.0,0.0,0.0,0.0,0.0,0.0,0.1759442613893463,0.019999934375531287,0.019999934375531287,0.019999934375531287,0.019999934375531287,0.019999934375531287,0.0,0.0,0.0,0.0
2016-12-30,0.0,0.0,0.0,0.050517440593523394,0.004292630119040697,0.08088453314659369,0.2047925602808521,0.0,0.0,0.021843281951546122,0.08088453314659369,0.0,0.11168988074911815,0.02276599938453062,0.0,0.0,0.0749723066684912,0.0,0.0,0.0,0.0,0.0,0.0,0.0,0.0,0.15235685036582747,0.03899999671877657,0.03899999671877657,0.03899999671877657,0.03899999671877657,0.03899999671877657,0.0,0.0,0.0,0.0
2017-01-06,0.0,0.0,0.0,0.050517440593523394,0.01487839531890593,0.08088453314659369,0.20223186133514748,0.0,0.0,0.0208719867516132,0.08088453314659369,0.0,0.12140073318826324,0.0069594209969299076,0.0,0.0,0.07590295404113814,0.0,0.0,0.0,0.0,0.0,0.0,0.0,0.0,0.15046815788740847,0.03899999671877657,0.03899999671877657,0.03899999671877657,0.03899999671877657,0.03899999671877657,0.0,0.0,0.0,0.0
2017-01-13,0.0,0.0,0.0,0.050517440593523394,0.01851951371398463,0.08088453314659369,0.1805310295292125,0.0,0.0,0.02441247693922006,0.08088453314659369,0.0,0.11838846805395618,0.012264003374313225,0.0,0.0,0.08068287565756146,0.0,0.0,0.0,0.0,0.0027250386742741256,0.0,0.0,0.0,0.15519010357688418,0.03899999671877657,0.03899999671877657,0.03899999671877657,0.03899999671877657,0.03899999671877657,0.0,0.0,0.0,0.0
2017-01-20,0.0,0.0,0.0,0.050517440593523394,0.009997963624332223,0.08088453314659369,0.19050228545797174,0.0,0.0,0.02628210758396713,0.08088453314659369,0.0,0.12079522632342414,0.01888365017533671,0.0,0.0,0.07675859574432353,0.0,0.0,0.0,0.0,0.00295224589896648,0.0,0.0,0.0,0.1465414347110844,0.03899999671877657,0.03899999671877657,0.03899999671877657,0.03899999671877657,0.03899999671877657,0.0,0.0,0.0,0.0
2017-01-27,1.1102230246251565e-16,0.0,0.0,0.034363633788926325,0.009678276269309968,0.0,0.2097830230841451,0.0,0.0,0.04293413860912919,0.03874154513716648,0.0,0.15693279954127615,0.020341341395040263,0.0,0.0,0.16888714759601905,0.0,0.0,0.0,0.0,0.0,0.034363633788926325,0.0,0.0,0.08422446161036687,0.03994999983593883,0.03994999983593883,0.03994999983593883,0.03994999983593883,0.03994999983593883,0.0,0.0,0.0,0.0
2017-02-03,1.1102230246251565e-16,0.0,0.0,0.034363633788926325,0.004258780609255748,0.0,0.2210842618995006,0.0,0.0,0.0399449942297851,0.03874154513716648,0.0,0.16307180506311453,0.015763633707222172,0.0,0.0,0.16279148404132918,0.0,0.0,0.0,0.0,0.0,0.0360054007336387,0.0,0.0,0.08422446161036687,0.03994999983593883,0.03994999983593883,0.03994999983593883,0.03994999983593883,0.03994999983593883,0.0,0.0,0.0,0.0
2017-02-10,1.1102230246251565e-16,0.0,0.0,0.034363633788926325,0.008905167751337711,0.0,0.20862836112688385,0.0,0.0,0.040553386367134535,0.03874154513716648,0.0,0.15969368301996809,0.022940114147459917,0.0,0.0,0.16045626209727507,0.0,0.0,0.0,0.0,0.00540453701520476,0.034363633788926325,0.0,0.0,0.08619967658002267,0.03994999983593883,0.03994999983593883,0.03994999983593883,0.03994999983593883,0.03994999983593883,0.0,0.0,0.0,0.0
2017-02-17,1.1102230246251565e-16,0.0,0.0,0.034363633788926325,0.012997064282680435,0.0,0.19507473040568685,0.0,0.0,0.039955374878387455,0.03874154513716648,0.0,0.16420400873199337,0.026377571920380014,0.0,0.0,0.15963262429510855,0.0,0.0,0.0,0.0,0.002628877630387995,0.034363633788926325,0.0,0.0,0.09191093596066188,0.03994999983593883,0.0,0.03994999983593883,0.03994999983593883,0.03994999983593883,0.0,0.0,0.0,0.03994999983593883
2017-02-24,2.220446049250313e-16,0.0,0.0,0.03434542363143947,0.007062228685694219,0.0,0.193836740336054,0.0,0.0,0.041704838240226486,0.0386831662083665,0.0,0.1642223038857867,0.028689702098882722,0.0,0.0,0.12265343376543691,0.0,0.0,0.0,0.0,0.041549382680044517,0.03434542363143947,0.0,0.0,0.09291985687764415,0.03999749999179694,0.0,0.03999749999179694,0.03999749999179694,0.03999749999179694,0.0,0.03999749999179694,0.0,0.0
2017-03-03,1.1102230246251565e-16,0.0,0.0,0.03434542363143947,0.007230860736975705,0.0,0.193836740336054,0.0,0.0,0.04179469274327759,0.0386831662083665,0.0,0.153508237155913,0.028783799799015294,0.0,0.0,0.11975863215665797,0.0,0.0,0.0,0.0,0.04162238660810628,0.03434542363143947,0.0,0.0,0.10610313703376992,0.0,0.0,0.03999749999179694,0.03999749999179694,0.03999749999179694,0.0,0.03999749999179694,0.03999749999179694,0.0
2017-03-10,2.220446049250313e-16,0.0,0.0,0.03434542363143947,0.008515680048672591,0.0,0.193836740336054,0.0,0.0,0.038979950215630485,0.0386831662083665,0.0,0.15231081117069312,0.031400503273945286,0.0,0.0,0.12449362117531051,0.0,0.0,0.0,0.0,0.04132274931465195,0.03434542363143947,0.0,0.0,0.10177843103481184,0.0,0.0,0.03999749999179694,0.03999749999179694,0.03999749999179694,0.0,0.0,0.03999749999179694,0.03999749999179694
2017-03-17,2.220446049250313e-16,0.0,0.0,0.03668560514853673,0.008049071168178391,0.0,0.193836740336054,0.0,0.0,0.03296479450105877,0.0386831662083665,0.0,0.14967222354866244,0.035502363955647445,0.0,0.0,0.11996933164014727,0.0,0.0,0.0,0.0,0.04605603293500421,0.03434542363143947,0.0,0.0,0.10424774696791994,0.03999749999179694,0.0,0.03999749999179694,0.03999749999179694,0.03999749999179694,0.0,0.0,0.0,0.03999749999179694
2017-03-24,2.220446049250313e-16,0.0,0.0,0.041714929285984234,0.011548012413798358,0.0,0.193836740336054,0.0,0.0,0.03211277739214608,0.0386831662083665,0.0,0.14080880627878165,0.03052068684481578,0.0,0.0,0.1234481705578245,0.0,0.0,0.0,0.0,0.04911285312469986,0.03434542363143947,0.0,0.0,0.10388093396710475,0.03999749999179694,0.0,0.03999749999179694,0.03999749999179694,0.03999749999179694,0.0,0.0,0.0,0.03999749999179694
2017-03-31,1.1102230246251565e-16,0.0,0.0,0.05351358064777138,0.026637986278500253,0.0,0.20657041387973374,0.0,0.0,0.035573247086954224,0.03836794762232325,0.0,0.10780343593351993,0.03489475013445377,0.0,0.0,0.12810327962302537,0.0,0.0,0.0,0.0,0.04481305190705454,0.0,0.0,0.0,0.12372293188871421,0.03999987499958985,0.0,0.03999987499958985,0.03999987499958985,0.03999987499958985,0.0,0.0,0.0,0.03999987499958985
2017-04-07,1.1102230246251565e-16,0.0,0.0,0.056314813592237556,0.028960131767551505,0.0,0.20657041387973374,0.0,0.0,0.03346935941614933,0.03836794762232325,0.0,0.10780343593351993,0.03568926271339134,0.0,0.0,0.12992585380536206,0.0,0.0,0.0,0.0,0.04773691643858073,0.0,0.0,0.0,0.11516248983320124,0.03999987499958985,0.0,0.03999987499958985,0.03999987499958985,0.03999987499958985,0.0,0.03999987499958985,0.0,0.0
2017-04-14,0.0,0.0,0.0,0.05969244479809136,0.02356699840092875,0.0,0.20657041387973374,0.0,0.0,0.029812522713980143,0.03836794762232325,0.0,0.10780343593351993,0.0335676685321914,0.0,0.0,0.13557390620959547,0.0,0.0,0.0,0.0,0.05147644562220781,0.0,0.0,0.0,0.11356884128947879,0.0,0.0,0.03999987499958985,0.03999987499958985,0.03999987499958985,0.0,0.03999987499958985,0.0,0.03999987499958985
2017-04-21,1.1102230246251565e-16,0.0,0.0,0.06449512889850392,0.020587915106998082,0.0,0.20657041387973374,0.0,0.0,0.0333100265789948,0.03836794762232325,0.0,0.10780343593351993,0.03232822611596525,0.0,0.0,0.12986211142122578,0.0,0.0,0.0,0.0,0.05035989800291804,0.0,0.0,0.0,0.11631552144186785,0.0,0.0,0.03999987499958985,0.03999987499958985,0.03999987499958985,0.0,0.03999987499958985,0.0,0.03999987499958985
2017-04-28,0.11707928414913904,0.0,0.0,0.09651912427560772,0.01905733760016339,0.03330913551849967,0.12373226783477612,0.0,0.0,0.010290647794535299,0.0,0.0,0.03839649509341894,0.033988994909713945,0.0,0.0,0.1181634507016073,0.0,0.0,0.0,0.0,0.06730171067916746,0.03330913551849967,0.0,0.0,0.10885244717497392,0.0,0.0,0.0399999937499795,0.0399999937499795,0.0399999937499795,0.0,0.0,0.0399999937499795,0.0399999937499795
2017-05-05,0.11707928414913893,0.0,0.0,0.09549088267119843,0.016137151726250826,0.03330913551849967,0.12373226783477612,0.0,0.0,0.016272022143138207,0.0,0.0,0.03839649509341894,0.03412453951337606,0.0,0.0,0.1278355693650812,0.0,0.0,0.0,0.0,0.06622460067165602,0.03330913551849967,0.0,0.0,0.09808894704506829,0.0,0.0,0.0399999937499795,0.0399999937499795,0.0399999937499795,0.0,0.0,0.0399999937499795,0.0399999937499795
2017-05-12,0.11707928414913893,0.0,0.0,0.09721232652232148,0.013692477758910932,0.03330913551849967,0.12373226783477612,0.0,0.0,0.020155129688041857,0.0,0.0,0.03839649509341894,0.03293064045795384,0.0,0.0,0.12262353642818291,0.0,0.0,0.0,0.0,0.06274104559513796,0.03330913551849967,0.0,0.0,0.10481855668522011,0.0,0.0,0.0,0.0,0.0399999937499795,0.0399999937499795,0.0399999937499795,0.0399999937499795,0.0399999937499795
2017-05-19,0.11707928414913904,0.0,0.0,0.0983561874153954,0.013692477758910932,0.03330913551849967,0.12760399900869077,0.0,0.0,0.005525741360101466,0.0,0.0,0.03839649509341894,0.03100429439534566,0.0,0.0,0.11941261651522114,0.0,0.0,0.0,0.0,0.07361069044208332,0.03330913551849967,0.0,0.0,0.10869997407479651,0.0,0.0,0.0,0.0,0.0399999937499795,0.0399999937499795,0.0399999937499795,0.0399999937499795,0.0399999937499795
2017-05-26,0.0,0.0,0.0,0.14794619934821682,0.0,0.04012666164009327,0.19583127851849408,0.0,0.0,0.008729723256503789,0.038046584992276276,0.0,0.0,0.04929325259039677,0.0,0.0,0.10530571199670527,0.0,0.0,0.0,0.0,0.07846111221875667,0.001483021848353998,0.0,0.0,0.1347764551527081,0.0,0.0,0.0,0.0,0.039999999687498976,0.039999999687498976,0.039999999687498976,0.039999999687498976,0.039999999687498976
2017-06-02,1.1102230246251565e-16,0.0,0.0,0.15347735723248554,0.00151429086146104,0.040126661640093264,0.19583127851849402,0.0,0.0,0.006096457816553428,0.03804658499227627,0.0,0.0,0.04688982326480141,0.0,0.0,0.10750522054575293,0.0,0.0,0.0,0.0,0.08005697908917175,0.0,0.0,0.0,0.13045534760141525,0.0,0.0,0.0,0.0,0.03999999968749897,0.03999999968749897,0.03999999968749897,0.03999999968749897,0.03999999968749897
2017-06-09,0.0,0.0,0.0,0.1563597914821046,0.005810313267887466,0.04012666164009327,0.19583127851849408,0.0,0.0,0.008369760367677693,0.038046584992276276,0.0,0.0,0.043092709160200124,0.0,0.0,0.10866152485134933,0.0,0.0,0.0,0.0,0.08118823187008747,0.0,0.0,0.0,0.12251314541233474,0.0,0.0,0.0,0.0,0.039999999687498976,0.039999999687498976,0.039999999687498976,0.039999999687498976,0.039999999687498976
2017-06-16,0.0,0.0,0.0,0.15410572126774258,0.001592859655835397,0.04012666164009327,0.19583127851849408,0.0,0.0,0.005804604067519897,0.038046584992276276,0.0,0.0,0.042730709290403304,0.0,0.0,0.11138717957178193,0.0,0.0,0.0,0.0,0.07877589223955585,0.0,0.0,0.0,0.13159851031880246,0.0,0.0,0.0,0.039999999687498976,0.039999999687498976,0.0,0.039999999687498976,0.039999999687498976,0.039999999687498976
2017-06-23,0.0,0.0,0.0,0.15460883108052711,0.009159165784343296,0.04012666164009327,0.19583127851849408,0.0,0.0,0.002781083381435406,0.038046584992276276,0.0,0.0,0.041054854991717224,0.0,0.0,0.10828441850114134,0.0,0.0,0.0,0.0,0.0815392125840507,0.0,0.0,0.0,0.12856791008842636,0.0,0.0,0.0,0.039999999687498976,0.039999999687498976,0.0,0.039999999687498976,0.039999999687498976,0.039999999687498976
2017-06-30,0.11932275922842694,0.0,0.0,0.15826139150861038,0.0018022071443478498,0.02849875762084351,0.0664256352368301,0.0,0.0,0.003166152178951555,0.03792687761598658,0.0,0.0,0.037720118022325416,0.0,0.0,0.09988751871299144,0.0,0.02849875762084351,0.0,0.0,0.07767340305864336,0.02849875762084351,0.0,0.0,0.11231766450848112,0.03999999998437495,0.0,0.0,0.03999999998437495,0.03999999998437495,0.0,0.0,0.03999999998437495,0.03999999998437495
2017-07-07,0.11932275922842694,0.0,0.0,0.15707777492913344,0.015295710359753306,0.02849875762084351,0.0664256352368301,0.0,0.0,0.002703501490861676,0.03792687761598658,0.0,0.0,0.03527385832898704,0.0,0.0,0.09807520978222957,0.0,0.02849875762084351,0.0,0.0,0.07500278220384007,0.02849875762084351,0.0,0.0,0.10739961803954605,0.03999999998437495,0.0,0.03999999998437495,0.03999999998437495,0.03999999998437495,0.0,0.0,0.03999999998437495,0.0
2017-07-14,0.11932275922842683,0.0,0.0,0.15683739964656124,0.007570638612679652,0.02849875762084351,0.0664256352368301,0.0,0.0,0.012112655221378787,0.03792687761598658,0.0,0.0,0.03644729817838885,0.0,0.0,0.09689958653999163,0.0,0.02849875762084351,0.0,0.0,0.0760216409197774,0.02849875762084351,0.0,0.0,0.1049392360155736,0.03999999998437495,0.0,0.03999999998437495,0.03999999998437495,0.03999999998437495,0.0,0.0,0.03999999998437495,0.0
2017-07-21,0.11932275922842694,0.0,0.0,0.16051891484320469,0.004313343645573565,0.02849875762084351,0.0664256352368301,0.0,0.0,0.007090796474014526,0.03792687761598658,0.0,0.0,0.03721756011657172,0.0,0.0,0.10518282366623362,0.0,0.02849875762084351,0.0,0.0,0.07995113100059714,0.02849875762084351,0.0,0.0,0.09655388538815592,0.03999999998437495,0.0,0.03999999998437495,0.0,0.03999999998437495,0.0,0.03999999998437495,0.03999999998437495,0.0
2017-07-28,0.12048487863709034,0.0,0.0,0.15317448344509438,0.021724228668019225,0.028489142728021652,0.06628487804059852,0.0,0.0,0.010275665636639226,0.037795735312576864,0.0,0.0,0.038704126672033615,0.0,0.0,0.10454955222921779,0.0,0.028489142728021652,0.0,0.0,0.07176724905978908,0.028489142728021652,0.0,0.0,0.08977177411878223,0.0,0.0,0.03999999999921875,0.03999999999921875,0.03999999999921875,0.0,0.03999999999921875,0.03999999999921875,0.0
2017-08-04,0.12048487863709034,0.0,0.0,0.1573469001415692,0.01757708047810263,0.028489142728021652,0.06628487804059852,0.0,0.0,0.013503919446475615,0.037795735312576864,0.0,0.0,0.02884863304047742,0.0,0.0,0.10180642471390143,0.0,0.028489142728021652,0.0,0.0,0.08105523288001419,0.028489142728021652,0.0,0.0,0.08982888912903506,0.0,0.0,0.03999999999921875,0.03999999999921875,0.03999999999921875,0.0,0.03999999999921875,0.03999999999921875,0.0
2017-08-11,0.12048487863709034,0.0,0.0,0.15027194635441038,0.01800594820507112,0.028489142728021652,0.06628487804059852,0.0,0.0,0.018673878970017037,0.037795735312576864,0.0,0.0,0.0368881456092241,0.0,0.0,0.10407450337677475,0.0,0.028489142728021652,0.0,0.0,0.07297295915113426,0.028489142728021652,0.0,0.0,0.08907969816294388,0.0,0.0,0.03999999999921875,0.03999999999921875,0.03999999999921875,0.0,0.03999999999921875,0.03999999999921875,0.0
2017-08-18,0.12048487863709034,0.0,0.0,0.15258721857458502,0.015513717991357897,0.028489142728021652,0.06628487804059852,0.0,0.0,0.006733662935289203,0.037795735312576864,0.0,0.0,0.03655612918427098,0.0,0.0,0.0996521464009869,0.0,0.028489142728021652,0.0,0.0,0.07528750310039542,0.028489142728021652,0.0,0.0,0.10363670164269013,0.03999999999921875,0.0,0.03999999999921875,0.0,0.03999999999921875,0.0,0.03999999999921875,0.03999999999921875,0.0
2017-08-25,0.12027614202125803,0.0,0.0,0.1534867107474464,0.00426048320177195,0.023558717217902668,0.059398658782216694,0.0,0.0,0.005094093383611353,0.035839941564314026,0.0,0.0,0.04941982024933032,0.0,0.0,0.11580196263323603,0.0,0.023558717217902668,0.0,0.0,0.08655856207032893,0.023558717217902668,0.0,0.0,0.09918747369473147,0.039999999999609376,0.0,0.039999999999609376,0.0,0.039999999999609376,0.0,0.039999999999609376,0.039999999999609376,0.0
2017-09-01,0.12027614202125791,0.0,0.0,0.15538738608476776,0.009713078088345414,0.023558717217902668,0.059398658782216694,0.0,0.0,0.0014519778656548422,0.035839941564314026,0.0,0.0,0.04188640317516777,0.0,0.0,0.11627795859965048,0.0,0.023558717217902668,0.0,0.0,0.08797940521699164,0.023558717217902668,0.0,0.0,0.10111289694987854,0.039999999999609376,0.0,0.0,0.039999999999609376,0.039999999999609376,0.0,0.039999999999609376,0.039999999999609376,0.0
2017-09-08,0.12027614202125791,0.0,0.0,0.1551806506751031,0.010466201059089481,0.023558717217902668,0.059398658782216694,0.0,0.0,0.0016126314975979468,0.035839941564314026,0.0,0.0,0.04152566991296931,0.0,0.0,0.1176975168327013,0.0,0.023558717217902668,0.0,0.0,0.0838482995332685,0.06355871721751205,0.0,0.0,0.10347813646972681,0.039999999999609376,0.0,0.0,0.0,0.039999999999609376,0.0,0.039999999999609376,0.039999999999609376,0.0
2017-09-15,0.12027614202125803,0.0,0.0,0.15422463770199593,0.00860890992558199,0.025132322468247537,0.059398658782216694,0.0,0.0,0.0,0.035839941564314026,0.0,0.0,0.0434180355735518,0.0,0.0,0.11426088439671894,0.0,0.023558717217902668,0.0,0.0,0.08761084667754777,0.023558717217902668,0.0,0.0,0.10411218645471518,0.039999999999609376,0.0,0.0,0.039999999999609376,0.039999999999609376,0.0,0.039999999999609376,0.039999999999609376,0.0
2017-09-22,0.12027614202125791,0.0,0.0,0.15628361226742285,0.013712938185505107,0.026371709307606895,0.059398658782216694,0.0,0.0,0.0,0.035839941564314026,0.0,0.0,0.041357728145506,0.0,0.0,0.11106915825036995,0.0,0.023558717217902668,0.0,0.0,0.08495065259793373,0.023558717217902668,0.0,0.0,0.10362202444401461,0.039999999999609376,0.0,0.039999999999609376,0.039999999999609376,0.039999999999609376,0.0,0.0,0.039999999999609376,0.0
2017-09-29,0.16795253616188766,0.0,0.0,0.12921190398860544,0.006729399585111387,0.02321335553707707,0.05710385773020001,0.0,0.0,0.0,0.033890502193122944,0.0,0.02321335553707707,0.028628935987729122,0.0,0.0,0.08743733268419542,0.0,0.02321335553707707,0.0,0.0,0.07199237338693645,0.02321335553707707,0.0,0.0,0.08619973613400096,0.04759999999998048,0.0,0.04759999999998048,0.04759999999998048,0.04759999999998048,0.0,0.0,0.04759999999998048,0.0
2017-10-06,0.16795253616188766,0.0,0.0,0.12631648564729575,0.003845129421797833,0.02714147978876099,0.05710385773020001,0.0,0.0,0.0,0.033890502193122944,0.0,0.02321335553707707,0.031750051682341095,0.0,0.0,0.08860666517989355,0.0,0.02321335553707707,0.0,0.0,0.06730851700079976,0.02321335553707707,0.0,0.0,0.08844470858276683,0.04759999999998048,0.0,0.04759999999998048,0.04759999999998048,0.04759999999998048,0.0,0.0,0.04759999999998048,0.0
2017-10-13,0.16795253616188766,0.0,0.0,0.12671232249223802,0.010347674649991461,0.03184814898438468,0.05710385773020001,0.0,0.0,0.0,0.033890502193122944,0.0,0.02321335553707707,0.02825738179686552,0.0,0.0,0.08079351569562263,0.0,0.024780269171712003,0.0,0.0,0.067384076933785,0.02321335553707707,0.0,0.0,0.08650300311613356,0.04759999999998048,0.0,0.04759999999998048,0.04759999999998048,0.04759999999998048,0.0,0.0,0.04759999999998048,0.0
2017-10-20,0.16795253616188777,0.0,0.0,0.12542610418512173,0.007317272830170366,0.02321335553707707,0.05710385773020001,0.0,0.0,0.0030549142806653197,0.033890502193122944,0.0,0.02321335553707707,0.030377502258108882,0.0,0.0,0.08911068831151588,0.0,0.02321335553707707,0.0,0.0,0.06784261261111456,0.02321335553707707,0.0,0.0,0.08707058728988203,0.04759999999998048,0.0,0.04759999999998048,0.04759999999998048,0.04759999999998048,0.0,0.0,0.04759999999998048,0.0
2017-10-27,0.0,0.0,0.0,0.11697244139084156,0.0064985043364819955,0.19612648758496423,0.05336696691396374,0.0,0.0,0.0037095937873085245,0.03348436542818324,0.0,0.0198826014857805,0.01333007988776183,0.0,0.0,0.08579221790647955,0.0,0.0198826014857805,0.0,0.0,0.0889982001451462,0.0198826014857805,0.0,0.0,0.12307333816157642,0.043799999999990236,0.0,0.043799999999990236,0.043799999999990236,0.043799999999990236,0.0,0.043799999999990236,0.0,0.0
2017-11-03,0.0,0.0,0.0,0.11652703757353589,0.004277666629064431,0.19612648758496423,0.05336696691396374,0.0,0.0,0.01784963865277848,0.03348436542818324,0.0,0.0198826014857805,0.011323778410347665,0.0,0.0,0.08201604503405696,0.0,0.0198826014857805,0.0,0.0,0.09016064182588177,0.0198826014857805,0.0,0.0,0.1162195674899309,0.043799999999990236,0.0,0.043799999999990236,0.043799999999990236,0.043799999999990236,0.0,0.043799999999990236,0.0,0.0
2017-11-10,0.0,0.0,0.0,0.10482119470329919,0.002421238583568059,0.19612648758496423,0.05336696691396374,0.0,0.0,0.021633415046744275,0.03348436542818324,0.0,0.0198826014857805,0.016212212912524733,0.0,0.0,0.09145834705203672,0.0,0.0198826014857805,0.0,0.0,0.0787006862717407,0.0198826014857805,0.0,0.0,0.12312728104568241,0.043799999999990236,0.043799999999990236,0.043799999999990236,0.043799999999990236,0.043799999999990236,0.0,0.0,0.0,0.0
2017-11-17,0.0,0.0,0.0,0.11834246336488072,0.009498286134797865,0.19612648758496423,0.05336696691396374,0.0,0.0,0.009443480976143408,0.03348436542818324,0.0,0.0198826014857805,0.014371439040622283,0.0,0.0,0.07430613497012285,0.0,0.0198826014857805,0.0,0.0,0.0911108189620885,0.021609435571368314,0.0,0.0,0.11957491808135268,0.043799999999990236,0.0,0.043799999999990236,0.043799999999990236,0.043799999999990236,0.0,0.0,0.043799999999990236,0.0
2017-11-24,0.0,0.0,0.0,0.14908038280701696,0.009050918468234713,0.017700461147790295,0.05108696637415722,0.0,0.0,0.01558483884683604,0.16772689402282343,0.0,0.017700461147790295,0.018504306788845293,0.0,0.0,0.08538796731401331,0.0,0.017700461147790295,0.0,0.0,0.09121259384509092,0.017700461147790295,0.0,0.0,0.13206328694184533,0.04189999999999512,0.04189999999999512,0.04189999999999512,0.04189999999999512,0.04189999999999512,0.0,0.0,0.0,0.0
2017-12-01,0.0,0.0,0.0,0.15125104581318272,0.026242369588241946,0.017700461147790295,0.05108696637415722,0.0,0.0,0.00931567167689457,0.16772689402282343,0.0,0.017700461147790295,0.02092855036330694,0.0,0.0,0.08017439982776327,0.0,0.017700461147790295,0.0,0.0,0.0904238215730383,0.017700461147790295,0.0,0.0,0.12254843616945485,0.04189999999999512,0.04189999999999512,0.04189999999999512,0.04189999999999512,0.04189999999999512,0.0,0.0,0.0,0.0
2017-12-08,0.0,0.0,0.0,0.1514187466133427,0.02544549384507197,0.017700461147790295,0.05108696637415722,0.0,0.0,0.007708769842444081,0.16772689402282343,0.0,0.017700461147790295,0.0205194631179868,0.0,0.0,0.08702672969006202,0.0,0.017700461147790295,0.0,0.0,0.08981474656120436,0.017700461147790295,0.0,0.0,0.11895034534177071,0.04189999999999512,0.0,0.04189999999999512,0.04189999999999512,0.04189999999999512,0.0,0.0,0.0,0.04189999999999512
2017-12-15,0.0,0.0,0.0,0.14500899516749055,0.026385001347556152,0.017700461147790295,0.05108696637415722,0.0,0.0,0.0,0.16772689402282343,0.0,0.03070803571805388,0.024597354288089963,0.0,0.0,0.08761945029220373,0.0,0.017700461147790295,0.0,0.0,0.0859127316519093,0.017700461147790295,0.0,0.0,0.11835318769436935,0.04189999999999512,0.0,0.04189999999999512,0.04189999999999512,0.04189999999999512,0.0,0.0,0.0,0.04189999999999512
2017-12-22,0.0,0.0,0.0,0.14488201950762247,0.02855059176317212,0.017700461147790295,0.05108696637415722,0.0,0.0,0.003248075482093131,0.16772689402282343,0.0,0.027118293769882482,0.025467243016168758,0.0,0.0,0.08462836114179113,0.0,0.017700461147790295,0.0,0.0,0.08567768421986424,0.017700461147790295,0.0,0.0,0.11901248725907851,0.04189999999999512,0.04189999999999512,0.04189999999999512,0.0,0.04189999999999512,0.0,0.0,0.0,0.04189999999999512
2017-12-29,0.0,0.0,0.0,0.1528140109111339,0.026123993356571257,0.14270033900042198,0.05085949962053062,0.0,0.0,0.004697964332114405,0.033640303852589926,0.0,0.02870952329313607,0.025185560118557843,0.0,0.0,0.08511524436669138,0.0,0.017219195767940697,0.0,0.0,0.09040866391979449,0.017219195767940697,0.0,0.0,0.12055650569258897,0.040949999999997565,0.040949999999997565,0.040949999999997565,0.0,0.040949999999997565,0.0,0.0,0.0,0.040949999999997565
2018-01-05,0.0,0.0,0.0,0.13693590920137247,0.03823551591852645,0.14270033900042198,0.05085949962053062,0.0,0.0,0.0021500772734833,0.033640303852589926,0.0,0.017219195767940697,0.0360350595231968,0.0,0.0,0.107543007374578,0.0,0.017219195767940697,0.0,0.0,0.07859471467085014,0.017219195767940697,0.0,0.0,0.11689798626064044,0.040949999999997565,0.040949999999997565,0.040949999999997565,0.0,0.040949999999997565,0.0,0.0,0.0,0.040949999999997565
2018-01-12,0.0,0.0,0.0,0.1427467295884508,0.03630583549233419,0.14270033900042198,0.05085949962053062,0.0,0.0,0.0020597368469471695,0.033640303852589926,0.0,0.017219195767940697,0.03782561101195869,0.0,0.0,0.10282771690328332,0.0,0.017219195767940697,0.0,0.0,0.08191753763579365,0.017219195767940697,0.0,0.0,0.11270910274387977,0.0,0.040949999999997565,0.040949999999997565,0.040949999999997565,0.040949999999997565,0.0,0.0,0.0,0.040949999999997565
2018-01-19,0.0,0.0,0.0,0.13693590920137247,0.03787959144599821,0.14270033900042198,0.05085949962053062,0.0,0.0,0.008531446472561688,0.033640303852589926,0.0,0.017219195767940697,0.03935209297834943,0.0,0.0,0.10766586630801137,0.0,0.017219195767940697,0.0,0.0,0.07312238165161149,0.017219195767940697,0.0,0.0,0.11290498216474296,0.0,0.040949999999997565,0.040949999999997565,0.040949999999997565,0.040949999999997565,0.0,0.0,0.0,0.040949999999997565
2018-01-26,0.0,0.0,0.0,0.08159360423973609,0.09090641307282128,0.022712850952840962,0.05692020510630898,0.0,0.0,0.004519304302928043,0.0946913398537289,0.0,0.022712850952840962,0.03597761540847485,0.0,0.0,0.10522289438502207,0.0,0.0946913398537289,0.0,0.0,0.10375317716322309,0.0,0.0,0.0,0.08392340470835188,0.0,0.04047499999999879,0.04047499999999879,0.04047499999999879,0.04047499999999879,0.0,0.0,0.0,0.04047499999999879
2018-02-02,0.0,0.0,0.0,0.0822437091285998,0.09060490399577995,0.022712850952840962,0.05692020510630898,0.0,0.0,0.0,0.0946913398537289,0.0,0.02866903358305488,0.032703861351353086,0.0,0.0,0.09662876201842382,0.0,0.0946913398537289,0.0,0.0,0.10428512317062691,0.0,0.0,0.0,0.09347387098555983,0.0,0.04047499999999879,0.04047499999999879,0.04047499999999879,0.04047499999999879,0.0,0.0,0.0,0.04047499999999879
2018-02-09,0.0,0.0,0.0,0.075904003049356,0.0877264796804629,0.022712850952840962,0.05692020510630898,0.0,0.0,0.0,0.0946913398537289,0.0,0.022712850952840962,0.037288873548959156,0.0,0.0,0.09445216636594375,0.0,0.0946913398537289,0.0,0.0,0.10198979743302189,0.0,0.0,0.0,0.10853509320281361,0.04047499999999879,0.0,0.04047499999999879,0.04047499999999879,0.04047499999999879,0.0,0.0,0.0,0.04047499999999879
2018-02-16,0.0,0.0,0.0,0.07605666517984827,0.09652979333083389,0.022712850952840962,0.05692020510630898,0.0,0.0,0.00709844247832366,0.0946913398537289,0.0,0.022712850952840962,0.025296548373643268,0.0,0.0,0.09903741059736136,0.0,0.0946913398537289,0.0,0.0,0.10253574548289335,0.0,0.0,0.0,0.09934180783765349,0.04047499999999879,0.0,0.04047499999999879,0.04047499999999879,0.04047499999999879,0.0,0.0,0.0,0.04047499999999879
2018-02-23,0.6000000000000001,0.0,0.0,0.048430593170945814,0.010924193773621704,0.014424206432164957,0.02993175150851163,0.0,0.0,0.0,0.05787377396964795,0.0,0.02993175150851163,0.011421805848760961,0.0,0.0,0.03829833079476806,0.0,0.04236622889330127,0.0,0.0,0.03491257095434925,0.0,0.0,0.0,0.04100979314541796,0.008094999999999759,0.0,0.008094999999999759,0.008094999999999759,0.008094999999999759,0.0,0.0,0.0,0.008094999999999759
2018-03-02,0.6000000000000001,0.0,0.0,0.048441065800639845,0.008780254056061152,0.014424206432164957,0.02993175150851163,0.0,0.0,0.0,0.05787377396964795,0.0,0.02993175150851163,0.01217463097984562,0.0,0.0,0.038512893844691275,0.0,0.04236622889330127,0.0,0.0,0.03492319506257191,0.0,0.0,0.0,0.04216524794405395,0.008094999999999759,0.0,0.008094999999999759,0.008094999999999759,0.008094999999999759,0.0,0.0,0.0,0.008094999999999759
2018-03-09,0.6000000000000001,0.0,0.0,0.049254341330038594,0.008558188341144518,0.014424206432164957,0.02993175150851163,0.0,0.0,0.0,0.05787377396964795,0.0,0.03291952251465031,0.010137402661752205,0.0,0.0,0.037051660385537616,0.0,0.04236622889330127,0.0,0.0,0.03655060897093592,0.0,0.0,0.0,0.04045731499231622,0.008094999999999759,0.0,0.008094999999999759,0.008094999999999759,0.008094999999999759,0.0,0.0,0.0,0.008094999999999759
2018-03-16,0.6000000000000001,0.0,0.0,0.04920701450568626,0.008351132258484707,0.014424206432164957,0.02993175150851163,0.0,0.0,0.0,0.05787377396964795,0.0,0.03681767171218085,0.011395271880132639,0.0,0.0,0.034928937405421,0.0,0.04236622889330127,0.0,0.0,0.035491993620344484,0.0,0.0,0.0,0.038737017814125446,0.008094999999999759,0.0,0.008094999999999759,0.008094999999999759,0.008094999999999759,0.0,0.0,0.0,0.008094999999999759
2018-03-23,0.6000000000000001,0.0,0.0,0.04919632798062692,0.008163269629729757,0.014424206432164957,0.02993175150851163,0.0,0.0,0.0008868741246996758,0.05787377396964795,0.0,0.03609880056673949,0.010117454222192773,0.0,0.0,0.03615991840760886,0.0,0.04236622889330127,0.0,0.0,0.035478226286889625,0.0,0.0,0.0,0.03882816797788829,0.0,0.0,0.010118749999999697,0.010118749999999697,0.010118749999999697,0.0,0.0,0.0,0.010118749999999697
2018-03-30,0.6,0.0,0.0,0.014181915521490797,0.00448873305177865,0.0778703406247914,0.016589125156151657,0.0,0.0,0.00238723940537291,0.06882946831422934,0.0,0.06355841380528778,0.00882927277539267,0.0,0.0,0.044158559399761634,0.0,0.0,0.0,0.0,0.0323808352025809,0.0,0.0,0.0,0.04648859674316291,0.0,0.0,0.005059374999999849,0.005059374999999849,0.005059374999999849,0.0,0.0,0.0,0.005059374999999849
2018-04-06,0.6,0.0,0.0,0.013374381943525183,0.005266246139737774,0.0778703406247914,0.016589125156151657,0.0,0.0,0.0024412651216803066,0.06882946831422934,0.0,0.06095174134012574,0.010491570721762352,0.0,0.0,0.0457477139119468,0.0,0.0,0.0,0.0,0.031583574876615485,0.0,0.0,0.0,0.046617071849434616,0.0,0.004047499999999879,0.004047499999999879,0.004047499999999879,0.004047499999999879,0.0,0.0,0.0,0.004047499999999879
2018-04-13,0.6,0.0,0.0,0.013374381943525183,0.004248492688131307,0.0778703406247914,0.016589125156151657,0.0,0.0,0.0053188230236533,0.06882946831422934,0.0,0.059325461535602475,0.011449722757602724,0.0,0.0,0.04640388581964762,0.0,0.0,0.0,0.0,0.03167390899429126,0.0,0.0,0.0,0.04467888914237438,0.0,0.004047499999999879,0.004047499999999879,0.004047499999999879,0.004047499999999879,0.0,0.0,0.0,0.004047499999999879
2018-04-20,0.6,0.0,0.0,0.013374381943525183,0.00417281698653913,0.0778703406247914,0.016589125156151657,0.0,0.0,0.005214639540681823,0.06882946831422934,0.0,0.05830845929844508,0.011256398650146967,0.0,0.0,0.047904987703053535,0.0,0.0,0.0,0.0,0.031659736474872066,0.0,0.0,0.0,0.044582145307564464,0.0,0.004047499999999879,0.004047499999999879,0.004047499999999879,0.004047499999999879,0.0,0.0,0.0,0.004047499999999879
2018-04-27,0.6000000000000001,0.025253096480841227,0.0,0.030396366483627608,0.002697228768283262,0.0813688779411182,0.07392873035141656,0.0,0.0,0.0016711812239761327,0.055667386239278624,0.0,0.05783630300907419,0.005717071249017695,0.0,0.0,0.020339229660585,0.0,0.0,0.0,0.0,0.0005816909161201646,0.0,0.0,0.0,0.034424087676661635,0.0,0.0020237499999999392,0.0020237499999999392,0.0,0.0020237499999999392,0.0,0.0,0.0020237499999999392,0.0020237499999999392
2018-05-04,0.6,0.025253096480841227,0.0,0.03159529455892218,0.0067519633624811,0.07392873035141656,0.07392873035141656,0.0,0.0,0.0023203057076055106,0.055667386239278624,0.0,0.05665872738684587,0.005921981294353106,0.0,0.0,0.02149556661123161,0.0,0.0,0.0,0.0,0.001816897995231177,0.0,0.0,0.0,0.034542569660376804,0.0,0.002529687499999924,0.002529687499999924,0.0,0.002529687499999924,0.0,0.0,0.0,0.002529687499999924
2018-05-11,0.6,0.025253096480841227,0.0,0.030396366483627608,0.005029313049022864,0.0799354056388213,0.07392873035141656,0.0,0.0,0.0025692832937058456,0.055667386239278624,0.0,0.05634081992996827,0.0048250165451086515,0.0,0.0,0.019682731252222575,0.0,0.0,0.0,0.0,0.0005412275462807511,0.0,0.0,0.0,0.03571187318970605,0.0,0.0020237499999999392,0.0020237499999999392,0.0020237499999999392,0.0020237499999999392,0.0,0.0,0.0,0.0020237499999999392
2018-05-18,0.6000000000000001,0.025253096480841227,0.0,0.030968525797552104,0.004838930157436671,0.07392873035141656,0.07392873035141656,0.0,0.0,0.006584455382969617,0.055667386239278624,0.0,0.05789661826631673,0.005548067192252496,0.0,0.0,0.02028110155135446,0.0,0.0,0.0,0.0,0.0011544896305992467,0.0,0.0,0.0,0.03383111859856602,0.0,0.0020237499999999392,0.0020237499999999392,0.0020237499999999392,0.0020237499999999392,0.0,0.0,0.0,0.0020237499999999392
2018-05-25,0.6,0.0,0.0,0.03852114238321645,0.00497293403664294,0.0795093100410158,0.01736233338129012,0.0,0.0,0.005694984787926306,0.01736233338129012,0.0,0.08756733021930999,0.004893977615572591,0.0,0.0,0.051457334765829185,0.0,0.062146976659725676,0.0,0.0,0.0019959744285347344,0.0,0.0,0.0,0.023455993299646247,0.0,0.0010118749999999694,0.0010118749999999694,0.0010118749999999694,0.0010118749999999694,0.0,0.0,0.0,0.0010118749999999694
2018-06-01,0.6,0.0,0.0,0.03892129735039643,0.0048636269782428585,0.0795093100410158,0.01736233338129012,0.0,0.0,0.0054922996816504635,0.01736233338129012,0.0,0.0862128063829765,0.004676721108995116,0.0,0.0,0.05209966634906273,0.0,0.062146976659725676,0.0,0.0,0.0028894602182882984,0.0,0.0,0.0,0.02340379346706604,0.0010118749999999694,0.0010118749999999694,0.0,0.0010118749999999694,0.0010118749999999694,0.0,0.0,0.0,0.0010118749999999694
2018-06-08,0.6,0.0,0.0,0.03973618047702715,0.005243730795540865,0.0795093100410158,0.01736233338129012,0.0,0.0,0.004872134121776706,0.01736233338129012,0.0,0.08609825067919581,0.004517812902187951,0.0,0.0,0.05167295700431043,0.0,0.062146976659725676,0.0,0.0,0.0030654064947707995,0.0,0.0,0.0,0.023353199061868724,0.0010118749999999694,0.0010118749999999694,0.0,0.0,0.0010118749999999694,0.0,0.0,0.0010118749999999694,0.0010118749999999694
2018-06-15,0.6,0.0,0.0,0.03933433099787076,0.004506890945399108,0.0795093100410158,0.01736233338129012,0.0,0.0,0.00513075103643237,0.01736233338129012,0.0,0.08597669012325873,0.004771891412688777,0.0,0.0,0.05184423752807748,0.0,0.062146976659725676,0.0,0.0,0.0032163634000691365,0.0,0.0,0.0,0.02377851609288207,0.0010118749999999694,0.0010118749999999694,0.0,0.0,0.0010118749999999694,0.0,0.0,0.0010118749999999694,0.0010118749999999694
2018-06-22,0.6,0.0,0.0,0.03832020428925357,0.0046840541924718275,0.0795093100410158,0.01736233338129012,0.0,0.0,0.005917435686510484,0.01736233338129012,0.0,0.08653699512585156,0.004983927867524984,0.0,0.0,0.05247819101177289,0.0,0.062146976659725676,0.0,0.0,0.0022478219583143646,0.0010118749999999694,0.0,0.0,0.02339104140497875,0.0,0.0010118749999999694,0.0,0.0,0.0010118749999999694,0.0,0.0,0.0010118749999999694,0.0010118749999999694
2018-06-29,0.1131277119775651,0.0,0.0,0.0029893776556317157,0.025340416948006643,0.3004622635055743,0.10211295782255969,0.0,0.0,0.03390796819959509,0.042176023713307656,0.0,0.171478918462983,0.014394627148915831,0.0,0.0,0.09783828343644826,0.0,0.0,0.0,0.0,0.004527444134529427,0.061058688979805376,0.0,0.0,0.026098298532864467,0.0,0.0011217548705533427,0.0,0.0,0.0011217548705533427,0.0,0.0,0.0011217548705533427,0.0011217548705533427
2018-07-06,0.1131277119775651,0.0,0.0,0.0,0.029296150562212055,0.3004622635055743,0.10211295782255969,0.0,0.0,0.03311214867681064,0.042176023713307656,0.0,0.1676550331516184,0.019943337419039857,0.0,0.0,0.09879193195288591,0.0,0.0,0.0,0.0,0.0016784342235431089,0.061058688979805376,0.0,0.0,0.026098298532864467,0.0,0.0011217548705533427,0.0,0.0,0.0011217548705533427,0.0,0.0011217548705533427,0.0,0.0011217548705533427
2018-07-13,0.1131277119775651,0.0,0.0,0.00171253216723054,0.02816665210981697,0.3004622635055743,0.10211295782255969,0.0,0.0,0.03660609923922607,0.042176023713307656,0.0,0.16427561341587893,0.017180835379690243,0.0,0.0,0.0990728692261354,0.0,0.0,0.0,0.0,0.0034624344481318345,0.061058688979805376,0.0,0.0,0.026098298532864467,0.0,0.0,0.0,0.0,0.0011217548705533427,0.0,0.0011217548705533427,0.0011217548705533427,0.0011217548705533427
2018-07-20,0.1131277119775651,0.0,0.0,0.0,0.026660754041760902,0.3004622635055743,0.10211295782255969,0.0,0.0,0.040057906182546135,0.042176023713307656,0.0,0.1610449056289105,0.018781797067119108,0.0,0.0,0.10232867790460592,0.0,0.0,0.0,0.0,0.0,0.06294212285861112,0.0,0.0,0.026098298532864467,0.0,0.0,0.0,0.0,0.0014021935881916782,0.0,0.0014021935881916782,0.0,0.0014021935881916782
2018-07-27,0.11815333452932408,0.0,0.0,0.026308139003211262,0.006283757945991502,0.16637634588700934,0.22549288320454092,0.0,0.0,0.04784012008219396,0.04347474897456062,0.0,0.1735353761868979,0.018331328895293254,0.0,0.0,0.09991823267067479,0.0,0.0,0.0,0.0,0.0,0.07205493613374467,0.0,0.0,0.0,0.0,0.0005576991216394457,0.0,0.0,0.0005576991216394457,0.0,0.0005576991216394457,0.0,0.0005576991216394457
2018-08-03,0.11815333452932397,0.0,0.0,0.026308139003211262,0.0,0.16637634588700934,0.22549288320454092,0.0,0.0,0.04637802446690684,0.04347474897456062,0.0,0.1733301876452503,0.015510694986408377,0.0,0.0,0.09746741276534762,0.0,0.014618144486126146,0.0,0.0,0.0,0.07065928756475676,0.0,0.0,0.0,0.0,0.0,0.0,0.0,0.0005576991216394457,0.0,0.0005576991216394457,0.0005576991216394457,0.0005576991216394457
2018-08-10,0.11815333452932397,0.0,0.0,0.026308139003211262,0.0,0.16637634588700934,0.22549288320454092,0.0,0.0,0.052376067901834425,0.04347474897456062,0.0,0.1673169354482028,0.017677191728327126,0.0,0.0,0.10114671549554521,0.0,0.006165587461017668,0.0,0.0,0.0,0.0732812538798688,0.0,0.0,0.0,0.0,0.0,0.0,0.0,0.0005576991216394457,0.0,0.0005576991216394457,0.0005576991216394457,0.0005576991216394457
2018-08-17,0.11815333452932386,0.0,0.0,0.026308139003211262,0.0,0.16637634588700934,0.22549288320454092,0.0,0.0,0.05258675106334393,0.04347474897456062,0.0,0.15982276025565695,0.02437788866760731,0.0,0.0,0.10384616519659881,0.0,0.00660179816174718,0.0,0.0,0.0,0.07072838856984186,0.0,0.0,0.0,0.0,0.0,0.0,0.0,0.0005576991216394457,0.0,0.0005576991216394457,0.0005576991216394457,0.0005576991216394457
2018-08-24,0.11815333452932386,0.0,0.0,0.026308139003211262,0.0,0.16637634588700934,0.23201350533135506,0.0,0.0,0.054295927701410965,0.04347474897456062,0.0,0.15766822056916097,0.024715323031925543,0.0,0.0,0.10397345740595645,0.0,0.0,0.0,0.0,0.0,0.07079020107952796,0.0,0.0,0.0,0.0,0.0,0.0,0.0,0.0005576991216394457,0.0,0.0005576991216394457,0.0005576991216394457,0.0005576991216394457
2018-08-31,0.013560083953565227,0.0,0.0,0.035533147397550355,0.0,0.0,0.31162354008312,0.0,0.0,0.08669374906277841,0.044916058403872174,0.0,0.17494611733744386,0.03569659967041457,0.0,0.0,0.11011973461250686,0.0,0.08686230490031485,0.0,0.0,0.0,0.09936359851604336,0.0,0.0,0.0,0.0,0.0,0.0,0.0,0.00017126651559758147,0.0,0.00017126651559758147,0.00017126651559758147,0.00017126651559758147
2018-09-07,0.013560083953565227,0.0,0.0,0.035533147397550355,0.0,0.0,0.31162354008312,0.0,0.0,0.08352768744105288,0.044916058403872174,0.0,0.1712536569326889,0.036095910363761426,0.0,0.0,0.10664998238307904,0.0,0.08686230490031485,0.0,0.0,0.0,0.10929256207860483,0.0,0.0,0.0,0.0,0.0,0.0,0.0,0.0,0.00017126651559758147,0.00017126651559758147,0.00017126651559758147,0.00017126651559758147
2018-09-14,0.013560083953565116,0.0,0.0,0.035533147397550355,0.0,0.0,0.3201682566142096,0.0,0.0,0.08348667061987369,0.044916058403872174,0.0,0.17970812167339717,0.030342616992154552,0.0,0.0,0.10494956700586172,0.0,0.08686230490031485,0.0,0.0,0.0,0.09978810637681032,0.0,0.0,0.0,0.0,0.0,0.0,0.0,0.00017126651559758147,0.0,0.00017126651559758147,0.00017126651559758147,0.00017126651559758147
2018-09-21,0.013560083953565227,0.0,0.0,0.035533147397550355,0.0,0.0,0.31162354008312,0.0,0.0,0.08457833617745987,0.044916058403872174,0.0,0.17360998545441392,0.032253608623871964,0.0,0.0,0.11313972587524711,0.0,0.08686230490031485,0.0,0.0,0.0,0.10323814306819423,0.0,0.0,0.0,0.0,0.0,0.0,0.00017126651559758147,0.00017126651559758147,0.0,0.0,0.00017126651559758147,0.00017126651559758147
2018-09-28,0.12,0.0,0.0,0.0,0.0,0.0,0.30706749015943413,0.0,0.0,0.060281249795337485,0.04514489669589411,0.0,0.16113048883654685,0.027949276258453493,0.0,0.0,0.10820038531959322,0.0,0.0,0.0,0.0,0.0,0.16984424711179963,0.0,0.0,0.0,0.0,7.639316458823079e-05,0.0,7.639316458823079e-05,7.639316458823079e-05,0.0,0.0,7.639316458823079e-05,7.639316458823079e-05
2018-10-05,0.1200000000000001,0.0,0.0,0.0,0.0,0.0,0.30706749015943413,0.0,0.0,0.057277128960441695,0.04514489669589411,0.0,0.16123716733444843,0.030282909645374896,0.0,0.0,0.11269728282014088,0.0,0.0,0.0,0.0,0.0,0.1659111585613248,0.0,0.0,0.0,0.0,7.639316458823079e-05,0.0,7.639316458823079e-05,7.639316458823079e-05,0.0,0.0,7.639316458823079e-05,7.639316458823079e-05
2018-10-12,0.12038196582294103,0.0,0.0,0.0,0.0,0.0,0.30706749015943413,0.0,0.0,0.056173488897916936,0.04514489669589411,0.0,0.16231172127348886,0.03558899466339194,0.0,0.0,0.10798122069493535,0.0,0.0,0.0,0.0,0.0,0.16535022179199763,0.0,0.0,0.0,0.0,0.0,0.0,0.0,0.0,0.0,0.0,0.0,0.0
2018-10-19,0.12,0.0,0.0,0.0,0.0,0.0,0.3149416968285444,0.0,0.0,0.05591525101346043,0.04514489669589411,0.0,0.1618438137971832,0.028943861536415275,0.0,0.0,0.10508751546125183,0.0,0.0,0.0,0.0,0.0,0.1678173920088979,0.0,0.0,0.0,0.0,0.0,0.0,0.0,7.639316458823079e-05,7.639316458823079e-05,7.639316458823079e-05,7.639316458823079e-05,0.0
2018-10-26,0.6000000000000001,0.0,0.0,0.0,0.0,0.0,0.1484490412493255,0.0,0.0,0.019878769961862226,0.020303332875631,0.0,0.07349008459528908,0.01160370134960697,0.0,0.0,0.04988974875929542,0.0,0.0,0.0,0.0,0.0,0.07629851079468497,0.0,0.0,0.0,0.0,0.0,0.0,0.0,0.0,2.8936804768269232e-05,2.8936804768269232e-05,2.8936804768269232e-05,0.0
2018-11-02,0.6,0.0,0.0,0.0,0.0,0.0,0.15406664884478277,0.0,0.0,0.017955834895271937,0.020303332875631,0.0,0.07581579599221777,0.009656165810267976,0.0,0.0,0.04748495152168236,0.0,0.0,0.0,0.0,0.0,0.07464782172870235,0.0,0.0,0.0,0.0,0.0,0.0,0.0,0.0,1.736208286096154e-05,1.736208286096154e-05,1.736208286096154e-05,1.736208286096154e-05
2018-11-09,0.6,0.0,0.0,0.0,0.0,0.0,0.1551219622055504,0.0,0.0,0.01631175773938935,0.020303332875631,0.0,0.07750051071013048,0.010910219431610095,0.0,0.0,0.04927863868244468,0.0,0.0,0.0,0.0,0.0,0.07050413002380015,0.0,0.0,0.0,0.0,0.0,0.0,0.0,0.0,1.736208286096154e-05,1.736208286096154e-05,1.736208286096154e-05,1.736208286096154e-05
2018-11-16,0.6,0.0,0.0,0.0,0.0,0.0,0.1611290581298116,0.0,0.0,0.012526840596974351,0.020303332875631,0.0,0.07964737307989439,0.00989545104691265,0.0,0.0,0.04592436591553204,0.0,0.0,0.0,0.0,0.0,0.0705084705445154,0.0,0.0,0.0,0.0,0.0,0.0,0.0,0.0,2.1702603576201924e-05,2.1702603576201924e-05,2.1702603576201924e-05,0.0
2018-11-23,0.6000000000000001,0.0,0.0,0.0,0.0,0.0,0.1600080439246472,0.0,0.0,0.01188972243168215,0.020303332875631,0.0,0.08128977981268018,0.00967265464511149,0.0,0.0,0.04455800894204824,0.0,0.0,0.0,0.0,0.0,0.07221334955747113,0.0,0.0,0.0,0.0,0.0,0.0,0.0,0.0,2.1702603576201924e-05,2.1702603576201924e-05,2.1702603576201924e-05,0.0
2018-11-30,0.5999999999999999,0.0,0.0,0.0,0.0,0.0,0.09332441511708994,0.0,0.0,0.0,0.057053253704994485,0.0,0.07577322726507932,0.0012580606293954874,0.0,0.0,0.012562505119523035,0.0,0.057053253704994485,0.0,0.0,0.0,0.1029405602932014,0.0,0.0,0.0,0.0,0.0,0.0,0.0,0.0,8.68104143048077e-06,8.68104143048077e-06,8.68104143048077e-06,8.68104143048077e-06
2018-12-07,0.5999999999999999,0.0,0.0,0.0,0.0,0.0,0.09350712988462542,0.0,0.0,0.0,0.057053253704994485,0.0,0.06669179525555717,0.0032023141501668468,0.0,0.0,0.018401352621264196,0.0,0.057053253704994485,0.0,0.0,0.0,0.10405834677303316,0.0,0.0,0.0,0.0,0.0,0.0,0.0,0.0,1.085130178810096e-05,1.085130178810096e-05,1.085130178810096e-05,0.0
2018-12-14,0.5999999999999999,0.0,0.0,0.0,0.0,0.0,0.08612252425262612,0.0,0.0,0.0,0.059549579447728464,0.0,0.06669179525555717,0.004217702841731308,0.0,0.0,0.018888100822675148,0.0,0.057053253704994485,0.0,0.0,0.0,0.10744448976932305,0.0,0.0,0.0,0.0,0.0,0.0,0.0,0.0,1.085130178810096e-05,1.085130178810096e-05,1.085130178810096e-05,0.0
2018-12-21,0.6000434052071524,0.0,0.0,0.0,0.0,0.00314069050555987,0.07991896117626379,0.0,0.0,0.0,0.06666886496406385,0.0,0.06669179525555717,0.0005639388346388665,0.0,0.0,0.01727749656663925,0.0,0.057053253704994485,0.0,0.0,0.0,0.10864159378513037,0.0,0.0,0.0,0.0,0.0,0.0,0.0,0.0,0.0,0.0,0.0,0.0
2018-12-28,0.6247946253845477,0.0,0.0,0.0,0.0,0.039319273506141,0.06851535471461738,0.0,0.0,0.0,0.07004932867166316,0.0,0.06424383111693277,0.0,0.0,0.0,0.0019662507454018974,0.0,0.09050787985245436,0.0,0.0,0.0,0.040603456008241716,0.0,0.0,0.0,0.0,0.0,0.0,0.0,0.0,0.0,0.0,0.0,0.0
2019-01-04,0.6247946253845478,0.0,0.0,0.0,0.0,0.0370255234825062,0.06781846665397914,0.0,0.0,0.0,0.05781553178507961,0.0,0.06424383111693277,0.005701691793126658,0.0,0.0,0.008514994649860158,0.0,0.08774243619285259,0.0,0.0,0.0,0.04634289894111515,0.0,0.0,0.0,0.0,0.0,0.0,0.0,0.0,0.0,0.0,0.0,0.0
2019-01-11,0.6247946253845478,0.0,0.0,0.0,0.0,0.04298711562436152,0.06597168459148868,0.0,0.0,0.0,0.06545350882255503,0.0,0.06424383111693277,0.0,0.0,0.0,0.0,0.0,0.09520441907482897,0.0,0.0,0.0,0.04134481538528529,0.0,0.0,0.0,0.0,0.0,0.0,0.0,0.0,0.0,0.0,0.0,0.0
2019-01-18,0.6247729227809715,0.0,0.0,0.0,0.0,0.0400322222928732,0.0656744956827892,0.0,0.0,0.0,0.07060476137556693,0.0,0.06424383111693277,0.0,0.0,0.0,0.0,0.0,0.09404926978715246,0.0,0.0,0.0,0.040606220011031785,0.0,0.0,0.0,0.0,0.0,0.0,0.0,0.0,5.425650894050479e-06,5.425650894050479e-06,5.425650894050479e-06,0.0
2019-01-25,0.6249132358661756,0.0013221309562073144,0.0,0.0,0.0,0.02571689125949289,0.0827559821339579,0.0,0.0,0.0,0.07376728230395546,0.0,0.0,0.0,0.0,0.0,0.0,0.0,0.10003193219166491,0.0,0.0,0.0,0.09148531108735382,0.0,0.0,0.0,0.0,0.0,0.0,0.0,0.0,0.0,3.6171005960336527e-06,3.6171005960336527e-06,0.0
2019-02-01,0.6249132358661756,0.0007771569494437869,0.0,0.0,0.0,0.02847227027155983,0.08249925069053564,0.0,0.0,0.0,0.07017939851350491,0.0,0.0,0.0,0.0,0.0,0.0,0.0,0.10168729471878213,0.0,0.0,0.0,0.09146415878880602,0.0,0.0,0.0,0.0,0.0,0.0,0.0,0.0,0.0,3.6171005960336527e-06,3.6171005960336527e-06,0.0
2019-02-08,0.6249240871679637,0.0,0.0,0.0,0.0,0.0296866389890294,0.08264869468510015,0.0,0.0,0.0,0.06882833817670797,0.0,0.0,0.0,0.0,0.0,0.0,0.0,0.10321630469333237,0.0,0.0,0.0,0.09069593628786642,0.0,0.0,0.0,0.0,0.0,0.0,0.0,0.0,0.0,0.0,0.0,0.0
2019-02-15,0.6249132358661755,0.0,0.0,0.0,0.0,0.029196767243534663,0.08454812072612827,0.0,0.0,0.0,0.06562699331528626,0.0,0.0,0.0,0.0,0.0,0.0,0.0,0.10119766531176015,0.0,0.0,0.0,0.09450853649568455,0.0,0.0,0.0,0.0,0.0,0.0,2.170260357620192e-06,0.0,2.170260357620192e-06,2.170260357620192e-06,2.170260357620192e-06,0.0
2019-02-22,0.12000000000000022,0.0,0.0,0.0,0.0,0.08877284327139458,0.2025878762831941,0.0,0.0,0.0,0.15406681546327797,0.0,0.0,0.0,0.0,0.0,0.025750006338940635,0.0,0.200202664271008,0.0,0.0,0.0,0.18286023888767033,0.0,0.0,0.025750006338940635,0.0,0.0,0.0,2.3872863933822097e-06,0.0,2.3872863933822097e-06,2.3872863933822097e-06,2.3872863933822097e-06,0.0
2019-03-01,0.12000000000000022,0.0,0.0,0.0,0.0,0.09407250039293202,0.1989531564676472,0.0,0.0,0.0,0.1544076883657066,0.0,0.0,0.0,0.0,0.0,0.025750006338940635,0.0,0.19835274046480786,0.0,0.0,0.0,0.1827043524854513,0.0,0.0,0.025750006338940635,0.0,0.0,0.0,2.3872863933822097e-06,0.0,2.3872863933822097e-06,2.3872863933822097e-06,2.3872863933822097e-06,0.0
2019-03-08,0.1200000000000001,0.0,0.0,0.0,0.0,0.09311242577278987,0.19723278464546878,0.0,0.0,0.0,0.16250397114300635,0.0,0.0,0.0,0.0,0.0,0.025750006338940635,0.0,0.19425326354682407,0.0,0.0,0.0,0.18138958459271817,0.0,0.0,0.025750006338940635,0.0,0.0,0.0,0.0,0.0,3.9788106556370155e-06,3.9788106556370155e-06,0.0,0.0
2019-03-15,0.1200000000000001,0.0,0.0,0.0,0.0,0.08757031050041475,0.1946088127524403,0.0,0.0,0.0,0.16702808198270205,0.0,0.0,0.0,0.0,0.0,0.025750006338940635,0.0,0.19908344857245003,0.0,0.0,0.0,0.1802013758928001,0.0,0.0,0.025750006338940635,0.0,0.0,0.0,0.0,0.0,3.9788106556370155e-06,3.9788106556370155e-06,0.0,0.0
2019-03-22,0.12000000000000022,0.0,0.0,0.0,0.0,0.09455769170574752,0.195586412117207,0.0,0.0,0.0,0.15576864295635795,0.0,0.0,0.0,0.0,0.0,0.026375398801843378,0.0,0.19902735418861378,0.0,0.0,0.0,0.18292653626997823,0.0,0.0,0.025750006338940635,0.0,0.0,0.0,0.0,0.0,3.9788106556370155e-06,3.9788106556370155e-06,0.0,0.0
2019-03-29,0.1200000000000001,0.0,0.0,0.02260418996245623,0.0,0.17095292432276502,0.05834578463945101,0.0,0.0,0.006355335549301372,0.1355828042880122,0.0,0.0,0.008008242405365426,0.0,0.0,0.05758473714085525,0.0,0.15818699425046842,0.0,0.0,0.0,0.2381807329598843,0.0,0.0,0.024194275670785016,0.0,0.0,0.0,0.0,0.0,1.9894053278185078e-06,1.9894053278185078e-06,0.0,0.0
2019-04-05,0.1200000000000001,0.0,0.0,0.02260418996245623,0.0,0.15818699425046842,0.06466943479962572,0.0,0.0,0.005897906119344477,0.14223418826488607,0.0,0.0,0.007407804158835849,0.0,0.0,0.057875905102773365,0.0,0.15818699425046842,0.0,0.0,0.0,0.23723742556362612,0.0,0.0,0.025694382954728406,1.1936431966911049e-06,0.0,0.0,0.0,1.1936431966911049e-06,0.0,1.1936431966911049e-06,0.0,1.1936431966911049e-06
2019-04-12,0.1200000000000001,0.0,0.0,0.02260418996245623,0.0,0.15818699425046842,0.06441057970634445,0.0,0.0,0.0,0.17163957941101723,0.0,0.0,0.0032051564952051306,0.0,0.0,0.04901076048699536,0.0,0.16303183256005654,0.0,0.0,0.0,0.2253019425922135,0.0,0.0,0.02260418996245623,1.1936431966911049e-06,0.0,0.0,0.0,1.1936431966911049e-06,0.0,1.1936431966911049e-06,0.0,1.1936431966911049e-06
2019-04-19,0.1200000000000001,0.0,0.0,0.02260418996245623,0.0,0.15818699425046842,0.05614897551468049,0.0,0.0,0.0,0.16171441575170595,0.0,0.0,0.008368104945626708,0.0,0.0,0.055173103756945036,0.0,0.15818699425046842,0.0,0.0,0.0,0.22881600439728567,0.0,0.0,0.030796442597576176,1.1936431966911049e-06,0.0,0.0,1.1936431966911049e-06,1.1936431966911049e-06,0.0,0.0,0.0,1.1936431966911049e-06
2019-04-26,0.02005787623505617,0.0,0.0,0.011282363576462628,0.0,0.014406242433741891,0.1100111783653485,0.0,0.0,0.0,0.1606364942216368,0.0,0.0,0.013225725922605513,0.0,0.0,0.024755757695749423,0.0,0.13234172669039174,0.0,0.0,0.0,0.35,0.0,0.0,0.011282363576462628,0.03800006782063619,0.0,0.0,0.03800006782063619,0.03800006782063619,0.0,0.0,0.0,0.03800006782063619
2019-05-03,0.025199929787779185,0.0,0.0,0.011282363576462628,0.0,0.011282363576462628,0.10520598842281371,0.0,0.0,0.0,0.14645732791704133,0.0,0.0,0.014283690706068736,0.0,0.0,0.030934480885685674,0.0,0.1397973233204093,0.0,0.0,0.0,0.35,0.0,0.0,0.013556260524732152,0.0,0.0,0.0,0.03800006782063619,0.03800006782063619,0.0,0.03800006782063619,0.0,0.03800006782063619
2019-05-10,0.03345850784425708,0.0,0.0,0.011282363576462628,0.0,0.011282363576462628,0.09804326052931002,0.0,0.0,0.0,0.12913663097618017,0.0,0.0,0.02207404422415628,0.0,0.0,0.03754345512686612,0.0,0.12877936174159713,0.0,0.0,0.0,0.35,0.0,0.0,0.026399741122163256,0.0,0.0,0.0,0.03800006782063619,0.03800006782063619,0.0,0.03800006782063619,0.0,0.03800006782063619
2019-05-17,0.033943592431389,0.0,0.0,0.011282363576462628,0.0,0.011282363576462628,0.10451786998626036,0.0,0.0,0.0,0.14349933487226296,0.0,0.0,0.022632600764890407,0.0,0.0,0.035817764173687545,0.0,0.09920878717542096,0.0,0.0,0.0,0.35,0.0,0.0,0.03581505216061877,0.0,0.0,0.0,0.0,0.03800006782063619,0.03800006782063619,0.03800006782063619,0.0,0.03800006782063619
2019-05-24,0.01854732960097294,0.0,0.0,0.011282363576462628,0.0,0.011282363576462628,0.11131379614375136,0.0,0.0,0.0,0.13473743978198274,0.0,0.0,0.028038703080987878,0.0,0.0,0.03488765738813769,0.0,0.1080523807051321,0.0,0.0,0.0,0.35,0.0,0.0,0.0398576948635653,0.0,0.0,0.0,0.0,0.03800006782063619,0.03800006782063619,0.03800006782063619,0.0,0.03800006782063619
2019-05-31,0.1200000000000001,0.0,0.0,0.01588027148709167,0.0,0.01588027148709167,0.15027183767612845,0.0,0.0,0.0,0.18377596074033062,0.0,0.0,0.015728267484917766,0.0,0.0,0.04406430172259175,0.0,0.1430397067185439,0.0,0.0,0.0,0.23619228499999717,0.0,0.0,0.00828697831898728,0.0,0.0,0.0,0.0,0.016720029841079922,0.016720029841079922,0.016720029841079922,0.0,0.016720029841079922
2019-06-07,0.1200000000000001,0.0,0.0,0.01588027148709167,0.0,0.01588027148709167,0.14503100303066224,0.0,0.0,0.0,0.1876277352707718,0.0,0.0,0.014205562869352577,0.0,0.0,0.04158111231567886,0.0,0.14641565554643585,0.0,0.0,0.0,0.23643486652455042,0.0,0.0,0.010063402104045173,0.016720029841079922,0.0,0.0,0.0,0.016720029841079922,0.016720029841079922,0.0,0.0,0.016720029841079922
2019-06-14,0.12,0.0,0.0,0.01588027148709167,0.0,0.01588027148709167,0.15301336719909067,0.0,0.0,0.0,0.1830574620915167,0.0,0.0,0.013364618273985633,0.0,0.0,0.04063936061226418,0.0,0.15438223593037229,0.0,0.0,0.0,0.23690229355426756,0.0,0.0,0.0,0.016720029841079922,0.0,0.0,0.0,0.016720029841079922,0.016720029841079922,0.0,0.0,0.016720029841079922
2019-06-21,0.12,0.0,0.0,0.01588027148709167,0.0,0.01588027148709167,0.14770939123139,0.0,0.0,0.0,0.18009602224045929,0.0,0.0,0.009307886887393766,0.0,0.0,0.03849361948151113,0.0,0.1591442300167358,0.0,0.0,0.0,0.24660818780400695,0.0,0.0,0.0,0.0,0.0,0.016720029841079922,0.016720029841079922,0.016720029841079922,0.0,0.0,0.0,0.016720029841079922
2019-06-28,3.3306690738754696e-16,0.0,0.0,0.009599521188232875,0.0,0.009599521188232875,0.11386708978055289,0.0,0.0,0.0,0.158058775867999,0.0,0.0,0.015302099000589953,0.0,0.0,0.02264241848460683,0.0,0.1369149164718518,0.0,0.0,0.0,0.3296661283521212,0.0,0.0,0.009599521188232875,0.03895000169551591,0.0,0.03895000169551591,0.03895000169551591,0.03895000169551591,0.0,0.0,0.0,0.03895000169551591
2019-07-05,0.012944728450917653,0.0,0.0,0.009599521188232875,0.0,0.030941308178880966,0.11208315166560047,0.0,0.0,0.0,0.17158923159011114,0.0,0.0,0.0,0.0,0.0,0.009599521188232875,0.0,0.13784300976772756,0.0,0.0,0.0,0.35,0.0,0.0,0.009599521188232875,0.0,0.0,0.03895000169551591,0.0,0.03895000169551591,0.03895000169551591,0.0,0.0,0.03895000169551591
2019-07-12,3.3306690738754696e-16,0.0,0.0,0.009599521188232875,0.0,0.031734954775560764,0.11045002748304977,0.0,0.0,0.0,0.1574861450256509,0.0,0.0,0.0052845838469500915,0.0,0.0,0.019684784563809038,0.0,0.13183182777321198,0.0,0.0,0.0,0.329578625677722,0.0,0.0,0.009599521188232875,0.0,0.0,0.03895000169551591,0.0,0.03895000169551591,0.03895000169551591,0.03895000169551591,0.0,0.03895000169551591
2019-07-19,0.022047333728986374,0.0,0.0,0.009599521188232875,0.0,0.0323181949763976,0.09414437785312169,0.0,0.0,0.0,0.16076077464299116,0.0,0.0,0.004044213039599659,0.0,0.0,0.023689001473106736,0.0,0.1379970551272675,0.0,0.0,0.0,0.35,0.0,0.0,0.009599521188232875,0.0,0.0,0.0,0.0,0.03895000169551591,0.03895000169551591,0.03895000169551591,0.0,0.03895000169551591
2019-07-26,3.3306690738754696e-16,0.0,0.0,0.008795445112632534,0.0,0.1570731837272189,0.008795445112632534,0.0,0.0,0.0,0.14299735169791242,0.0,0.0,0.011664460516748677,0.0,0.0,0.01658385980853968,0.0,0.16191714044292121,0.0,0.0,0.0,0.28600266422997156,0.0,0.0,0.008795445112632534,0.03947500084775794,0.0,0.0,0.0,0.03947500084775794,0.03947500084775794,0.03947500084775794,0.0,0.03947500084775794
2019-08-02,2.220446049250313e-16,0.0,0.0,0.008795445112632534,0.0,0.16280599231573778,0.008795445112632534,0.0,0.0,0.0,0.1458517239308484,0.0,0.0,0.0062561544304372664,0.0,0.0,0.018153914626473193,0.0,0.16423580077990843,0.0,0.0,0.0,0.31841007518766534,0.0,0.0,0.008795445112632534,0.03947500084775794,0.0,0.0,0.0,0.03947500084775794,0.03947500084775794,0.03947500084775794,0.0,0.0
2019-08-09,2.220446049250313e-16,0.0,0.0,0.008795445112632534,0.0,0.15705760317161888,0.008795445112632534,0.0,0.0,0.0,0.13721540311852895,0.0,0.0,0.013570159649768963,0.0,0.0,0.020982829460247758,0.0,0.16618759904345926,0.0,0.0,0.0,0.3207000668274466,0.0,0.0,0.008795445112632534,0.03947500084775794,0.0,0.0,0.0,0.03947500084775794,0.03947500084775794,0.03947500084775794,0.0,0.0
2019-08-16,2.220446049250313e-16,0.0,0.0,0.008795445112632534,0.0,0.16740326271696254,0.008795445112632534,0.0,0.0,0.0,0.1343606138154646,0.0,0.0,0.021817742131547704,0.0,0.0,0.025679329321263707,0.0,0.14657304221379694,0.0,0.0,0.0,0.3198796710720349,0.0,0.0,0.008795445112632534,0.03947500084775794,0.0,0.0,0.0,0.03947500084775794,0.03947500084775794,0.03947500084775794,0.0,0.0
2019-08-23,3.3306690738754696e-16,0.0,0.0,0.008795445112632534,0.0,0.16645047594224316,0.008795445112632534,0.0,0.0,0.0,0.1407367133658678,0.0,0.0,0.02094685503861566,0.0,0.0,0.022759679318738187,0.0,0.15619253126258426,0.0,0.0,0.0,0.29923898774649077,0.0,0.0,0.018183863709163053,0.0,0.0,0.0,0.0,0.03947500084775794,0.03947500084775794,0.03947500084775794,0.0,0.03947500084775794
2019-08-30,0.18345541725779746,0.0,0.0,0.0,0.0,0.1803500370511873,0.07151440582134597,0.0,0.0,0.0,0.17502728769618647,0.0,0.0,0.028713945095595023,0.0,0.0,0.034883143846962936,0.0,0.1328669619816407,0.0,0.0,0.0,0.11423879955376814,0.0,0.0,0.0,0.0,0.0,0.0,0.0,0.01973750042387898,0.01973750042387898,0.01973750042387898,0.0,0.01973750042387898
2019-09-06,0.18345541725779746,0.0,0.0,0.0,0.0,0.17760956450271664,0.08051290965698654,0.0,0.0,0.0,0.18490515285190484,0.0,0.0,0.008483430019162436,0.0,0.0,0.019747501370064365,0.0,0.1388227497463877,0.0,0.0,0.0,0.12751327289946401,0.0,0.0,0.0,0.0,0.0,0.0,0.0,0.01973750042387898,0.01973750042387898,0.01973750042387898,0.0,0.01973750042387898
2019-09-13,0.18345541725779746,0.0,0.0,0.0,0.0,0.18341206073187383,0.07712472431463979,0.0,0.0,0.0,0.17250795848364675,0.0,0.0,0.012594870067429726,0.0,0.0,0.021361156208003794,0.0,0.13488257037250725,0.0,0.0,0.0,0.1159737404447064,0.0,0.0,0.0,0.0,0.0,0.0,0.01973750042387898,0.01973750042387898,0.01973750042387898,0.01973750042387898,0.0,0.01973750042387898
2019-09-20,0.18345541725779757,0.0,0.0,0.0,0.0,0.17840649454608037,0.07693196172849562,0.0,0.0,0.0,0.18064012183354075,0.0,0.0,0.009076640937556973,0.0,0.0,0.02113615234434051,0.0,0.13717217101746118,0.0,0.0,0.0,0.13423103863921115,0.0,0.0,0.0,0.0,0.0,0.01973750042387898,0.0,0.01973750042387898,0.01973750042387898,0.01973750042387898,0.0,0.0
2019-09-27,0.0,0.0,0.0,0.00937863784001504,0.0,0.1838931866689674,0.05806825216575601,0.0,0.0,0.0,0.18089861038028784,0.0,0.0,0.007068646436407288,0.0,0.0,0.014581467535828799,0.0,0.17886006469107454,0.0,0.0,0.0,0.23839749559389012,0.0,0.0,0.00937863784001504,0.0,0.0,0.02986875021193949,0.0,0.02986875021193949,0.02986875021193949,0.02986875021193949,0.0,0.0
2019-10-04,0.0,0.0,0.0,0.00937863784001504,0.0,0.18588690221412243,0.05795226171120864,0.0,0.0,0.0,0.17686632316362644,0.0,0.0,0.00723725530697773,0.0,0.0,0.01645602125862324,0.0,0.17895385499985417,0.0,0.0,0.0,0.23841510481779934,0.0,0.0,0.00937863784001504,0.0,0.0,0.02986875021193949,0.0,0.02986875021193949,0.02986875021193949,0.02986875021193949,0.0,0.0
2019-10-11,0.0,0.0,0.0,0.00937863784001504,0.0,0.18300584416231616,0.05880224639201451,0.0,0.0,0.0,0.17016146033072838,0.0,0.0,0.009276737482616778,0.0,0.0,0.016965295482424897,0.0,0.17898996178859314,0.0,0.0,0.0,0.24456617783351814,0.0,0.0,0.00937863784001504,0.0,0.0,0.02986875021193949,0.0,0.02986875021193949,0.02986875021193949,0.02986875021193949,0.0,0.0
2019-10-18,0.0,0.0,0.0,0.00937863784001504,0.0,0.1948848584535192,0.04779315287412361,0.0,0.0,0.0,0.1510012478351164,0.0,0.0,0.015127676745390194,0.0,0.0,0.025235351259994314,0.0,0.1792129912471301,0.0,0.0,0.0,0.24851244505693817,0.0,0.0,0.00937863784001504,0.0,0.0,0.0,0.0,0.02986875021193949,0.02986875021193949,0.02986875021193949,0.02986875021193949,0.0
2019-10-25,0.0,0.0,0.0,0.013849778054250975,0.0,0.1921616280002872,0.013849778054250975,0.0,0.0,0.0,0.15310575689067812,0.0,0.0,0.006663037225282155,0.0,0.0,0.019695868007448755,0.0,0.18907965725952736,0.0,0.0,0.0,0.2397709684116356,0.0,0.0,0.013849778054250975,0.0,0.0,0.039493437510596974,0.0,0.039493437510596974,0.039493437510596974,0.039493437510596974,0.0,0.0
2019-11-01,0.0,0.0,0.0,0.013849778054250975,0.0,0.1915715191931972,0.013849778054250975,0.0,0.0,0.0,0.15381367400436532,0.0,0.0,0.001946589110759913,0.0,0.0,0.01862269921971247,0.0,0.18948918043979154,0.0,0.0,0.0,0.24503325382703273,0.0,0.0,0.013849778054250975,0.0,0.0,0.039493437510596974,0.0,0.039493437510596974,0.039493437510596974,0.039493437510596974,0.0,0.0
2019-11-08,0.0,0.0,0.0,0.013849778054250975,0.002799640804767852,0.18877381894393347,0.017267331450847904,0.0,0.0,0.0,0.15407555059526523,0.0,0.0,0.005899579840856324,0.0,0.0,0.01857824313268406,0.0,0.18793649291694586,0.0,0.0,0.0,0.19950259865321252,0.0,0.0,0.013849778054250975,0.039493437510596974,0.0,0.039493437510596974,0.039493437510596974,0.039493437510596974,0.0,0.0,0.039493437510596974,0.0
2019-11-15,0.0,0.0,0.0,0.017819561039894093,0.008570242477827434,0.18787658982257968,0.013849778054250975,0.0,0.0,0.0,0.14603585763080695,0.0,0.0,0.00903801333292618,0.0,0.0,0.01866624184403449,0.0,0.18597656655850014,0.0,0.0,0.0013372786631795802,0.19951290496876461,0.0,0.0,0.013849778054250975,0.039493437510596974,0.0,0.039493437510596974,0.039493437510596974,0.039493437510596974,0.0,0.0,0.039493437510596974,0.0
2019-11-22,0.0,0.0,0.0,0.01822944239953493,0.007872335595788519,0.18659421453056674,0.013849778054250975,0.0,0.0,0.0,0.14039054816102844,0.0,0.0,0.013991619902089478,0.0,0.0,0.021958949165861052,0.0,0.18185906434774762,0.0,0.0,0.001471831155760922,0.20246525108013547,0.0,0.0,0.013849778054250975,0.039493437510596974,0.0,0.039493437510596974,0.039493437510596974,0.039493437510596974,0.0,0.0,0.039493437510596974,0.0
2019-11-29,2.220446049250313e-16,0.0,0.0,0.016216990848345977,0.008371428828602492,0.18920538118154656,0.013112890226725751,0.0,0.0,0.0,0.14274424372789934,0.0,0.0,0.020232926405002523,0.0,0.0,0.02778601574880822,0.0,0.17985915777039496,0.0,0.0,0.0,0.15148471565829902,0.0,0.0,0.013112890226725751,0.047574671875529856,0.0,0.047574671875529856,0.047574671875529856,0.047574671875529856,0.0,0.0,0.047574671875529856,0.0
2019-12-06,2.220446049250313e-16,0.0,0.0,0.017635855212905557,0.012440835418751496,0.19202724188428438,0.013112890226725751,0.0,0.0,0.0,0.14274424372789934,0.0,0.0,0.01746262679467921,0.0,0.0,0.0237362639168636,0.0,0.17985915777039496,0.0,0.0,0.0,0.14999463544312053,0.0,0.0,0.013112890226725751,0.047574671875529856,0.0,0.047574671875529856,0.047574671875529856,0.047574671875529856,0.0,0.0,0.047574671875529856,0.0
2019-12-13,1.1102230246251565e-16,0.0,0.0,0.023381917608723553,0.016213193303487562,0.17985915777039496,0.013112890226725751,0.0,0.0,0.004679753056637293,0.14274424372789934,0.0,0.0,0.016406217183947965,0.0,0.0,0.027367990487255377,0.0,0.17985915777039496,0.0,0.0,0.007629858877039081,0.1341472067556595,0.0,0.0,0.016725053854185296,0.0,0.0,0.047574671875529856,0.047574671875529856,0.047574671875529856,0.047574671875529856,0.0,0.047574671875529856,0.0
2019-12-20,0.0,0.0,0.0,0.01752509241558766,0.01630334503440502,0.17985915777039496,0.013112890226725751,0.0,0.0,0.0,0.14274424372789934,0.0,0.0,0.01834975411106637,0.0,0.0,0.030260096239414048,0.0,0.18059064879028713,0.0,0.0,0.007332123708883483,0.14293639837096112,0.0,0.0,0.013112890226725751,0.0,0.0,0.047574671875529856,0.047574671875529856,0.047574671875529856,0.047574671875529856,0.0,0.047574671875529856,0.0
2019-12-27,0.0,0.0,0.0,0.09883333653479226,0.015662470397662033,0.1546024738197345,0.04998275748526749,0.0,0.0,0.0064594941322244645,0.1432677054918189,0.0,0.011334768327915598,0.01972974261952736,0.0,0.0,0.05338605783386249,0.0,0.11595448466238259,0.0,0.0,0.004675597854188514,0.07488267454382579,0.0,0.0,0.011334768327915598,0.0,0.0,0.0479787335937765,0.0479787335937765,0.0479787335937765,0.0479787335937765,0.0,0.0479787335937765,0.0
2020-01-03,0.0,0.0,0.0,0.09576757977335919,0.008099683002744688,0.1546024738197345,0.04998275748526749,0.0,0.0,0.009929172844110417,0.1432677054918189,0.0,0.011334768327915598,0.020758807506717897,0.0,0.0,0.05595313292905155,0.0,0.11595448466238259,0.0,0.0,0.0015870130714683572,0.08153398478863082,0.0,0.0,0.011334768327915598,0.0,0.0,0.0479787335937765,0.0479787335937765,0.0479787335937765,0.0,0.0,0.0479787335937765,0.0479787335937765
2020-01-10,1.1102230246251565e-16,0.0,0.0,0.09841804733675072,0.013388196572058295,0.1546024738197345,0.04998275748526749,0.0,0.0,0.007015323677940722,0.1432677054918189,0.0,0.011334768327915598,0.016906537356763163,0.0,0.0,0.053933032924987974,0.0,0.11595448466238259,0.0,0.0,0.0043503670406793505,0.07961786900690268,0.0,0.0,0.011334768327915598,0.0,0.0,0.0479787335937765,0.0479787335937765,0.0479787335937765,0.0479787335937765,0.0,0.0479787335937765,0.0
2020-01-17,0.0,0.0,0.0,0.10136044010216146,0.01528672287951386,0.1546024738197345,0.04998275748526749,0.0,0.0,0.004006994476213646,0.1432677054918189,0.0,0.011334768327915598,0.017145554063391775,0.0,0.0,0.05268962305421299,0.0,0.1181747762363869,0.0,0.0,0.007260757885194702,0.07365898988139015,0.0,0.0,0.011334768327915598,0.0,0.0,0.0479787335937765,0.0479787335937765,0.0479787335937765,0.0,0.0479787335937765,0.0479787335937765,0.0
2020-01-24,0.0,0.0,0.0,0.09719759106854878,0.011516439754554016,0.1546024738197345,0.04998275748526749,0.0,0.0,0.00854785152970992,0.1432677054918189,0.0,0.011334768327915598,0.018880378138492776,0.0,0.0,0.05247873358830749,0.0,0.11595448466238259,0.0,0.0,0.007664108346337423,0.07629726457721102,0.0,0.0,0.012381775240837079,0.0,0.0,0.0479787335937765,0.0479787335937765,0.0479787335937765,0.0,0.0479787335937765,0.0479787335937765,0.0
2020-01-31,3.3306690738754696e-16,0.0,0.0,0.08389432093239658,0.023072284077216558,0.020344716561450208,0.05755153418635063,0.0,0.0,0.0011455884547708808,0.2030153607708619,0.0,0.0,0.023705232301770116,0.0,0.0,0.0562930096084472,0.0,0.19127055802243456,0.0,0.0,0.008035873225820485,0.07999541129579912,0.0,0.0,0.011681427164237384,0.0,0.0,0.047998936679688825,0.0,0.047998936679688825,0.047998936679688825,0.047998936679688825,0.047998936679688825,0.0
2020-02-07,0.0,0.0,0.0,0.08062381826356721,0.02307228407721656,0.027852189008208086,0.057551534186350645,0.0,0.0,0.0,0.20301536077086196,0.0,0.0,0.0250926943740673,0.0,0.0,0.05625768197012326,0.0,0.19127055802243462,0.0,0.0,0.0,0.07999541129579914,0.0,0.0,0.015273784632927065,0.0,0.0,0.04799893667968884,0.0,0.04799893667968884,0.04799893667968884,0.04799893667968884,0.04799893667968884,0.0
2020-02-14,0.0,0.0,0.0,0.08062381826356721,0.02307228407721656,0.021104253671460356,0.057551534186350645,0.0,0.0,0.0,0.20301536077086196,0.0,0.0,0.02179003222999179,0.0,0.0,0.05533998685297489,0.0,0.19127055802243462,0.0,0.0,0.003129937611261318,0.07999541129579914,0.0,0.0,0.023112139619637356,0.0,0.0,0.04799893667968884,0.0,0.04799893667968884,0.0,0.04799893667968884,0.04799893667968884,0.04799893667968884
2020-02-21,0.0,0.0,0.0,0.08062381826356721,0.02307228407721656,0.013197716283326723,0.057551534186350645,0.0,0.0,0.0024741708202601323,0.20301536077086196,0.0,0.0,0.023933375887693103,0.0,0.0,0.05222066036488829,0.0,0.19127055802243462,0.0,0.0,0.004992848623308043,0.12799434797548798,0.0,0.0,0.027657578005849427,0.0,0.0,0.04799893667968884,0.0,0.04799893667968884,0.0,0.04799893667968884,0.04799893667968884,0.0
2020-02-28,0.30278277431699374,0.0,0.0,0.0746433106824246,0.0,0.35,0.056613534575283085,0.0,0.0,0.0,0.04401032510781022,0.0,0.0,0.01597085017142154,0.0,0.0,0.04623632229294197,0.0,0.0330815446459355,0.0,0.0,0.01920031671763662,0.014336861868180725,0.0,0.0,0.04312415962137202,0.0,0.0,0.0,0.0,0.0,0.0,0.0,0.0,0.0
2020-03-06,0.2000876448156782,0.0,0.0,0.0746433106824246,0.0,0.35,0.056613534575283085,0.0,0.0,0.0,0.04702311411171136,0.0,0.0,0.017581642978905895,0.0,0.0,0.04536042970250923,0.0,0.03906462485718838,0.0,0.0,0.01802977610714151,0.015365275899227952,0.0,0.0,0.03063298557461437,0.0,0.0,0.0,0.0,0.02639941517382886,0.02639941517382886,0.02639941517382886,0.02639941517382886,0.0
2020-03-13,0.3020751869849527,0.0,0.0,0.0746433106824246,0.0,0.35,0.056613534575283085,0.0,0.0,0.0018065122466994026,0.04401032510781022,0.0,0.0,0.02138804809555907,0.0,0.0,0.0496025423205556,0.0,0.034418130752460474,0.0,0.0,0.01802977610714151,0.01677964755249894,0.0,0.0,0.03063298557461437,0.0,0.0,0.0,0.0,0.0,0.0,0.0,0.0,0.0
2020-03-20,0.3021403237627118,0.0,0.0,0.0746433106824246,0.0,0.35,0.056613534575283085,0.0,0.0,0.0007711201597659836,0.04401032510781022,0.0,0.0,0.01752259091290687,0.0,0.0,0.044601853229721496,0.0,0.03985395107742973,0.0,0.0,0.01802977610714151,0.021180228810190355,0.0,0.0,0.03063298557461437,0.0,0.0,0.0,0.0,0.0,0.0,0.0,0.0,0.0
2020-03-27,0.6239994683398444,0.0,0.0,0.01348856620762411,0.0,0.11766514188532659,0.02032675649520463,0.0,0.0,0.00037864189082044306,0.09694707523840689,0.0,0.0,0.008666937539541007,0.0,0.0,0.0162240145112979,0.0,0.0650999870336596,0.0,0.0,0.01348856620762411,0.023714844650650338,0.0,0.0,0.0,0.0,0.0,0.0,0.0,0.0,0.0,0.0,0.0,0.0
2020-04-03,0.6239994683398444,0.0,0.0,0.01348856620762411,0.0,0.11828610145931653,0.021888543838909418,0.0,0.0,0.0,0.10216781423310911,0.0,0.0,0.00497138506452247,0.0,0.0,0.012547312922057971,0.0,0.06883548523178726,0.0,0.0,0.01348856620762411,0.02032675649520463,0.0,0.0,0.0,0.0,0.0,0.0,0.0,0.0,0.0,0.0,0.0,0.0
2020-04-10,0.6239994683398444,0.0,0.0,0.01348856620762411,0.0,0.11900744461979298,0.02032675649520463,0.0,0.0,0.0,0.10229295349503219,0.0,0.0,0.004092220401811747,0.0,0.0,0.012547312922057971,0.0,0.07018738298417825,0.0,0.0,0.01348856620762411,0.02056932832682964,0.0,0.0,0.0,0.0,0.0,0.0,0.0,0.0,0.0,0.0,0.0,0.0
2020-04-17,0.5999999999999999,0.0,0.0,0.01348856620762411,0.0,0.11922943538858148,0.02088810666145493,0.0,0.0,0.0,0.10115170610035668,0.0,0.0,0.0025770190390203376,0.0,0.0,0.012547312922057971,0.0,0.07230306263823137,0.0,0.0,0.01348856620762411,0.02032675649520463,0.0,0.0,0.0,0.0,0.0,0.0,0.0,0.007999822779948138,0.007999822779948138,0.0,0.007999822779948138,0.0
2020-04-24,0.6553921446194486,0.007410229210030558,0.0,0.0,0.0,0.10615751018076833,0.057823771265380616,0.0,0.0,0.0,0.060582826419011554,0.0,0.0,0.0023015702754024415,0.0,0.0,0.0,0.0,0.11033194802995783,0.0,0.0,0.0,0.0,0.0,0.0,0.0,0.0,0.0,0.0,0.0,0.0,0.0,0.0,0.0,0.0
2020-05-01,0.6553921446194486,0.0,0.0,0.0,0.0005980937873775301,0.10906732260642626,0.05858708577209002,0.0,0.0,0.0,0.0612584801966837,0.0,0.0,0.0027208646735644563,0.0,0.0,0.0,0.0,0.11237600834440936,0.0,0.0,0.0,0.0,0.0,0.0,0.0,0.0,0.0,0.0,0.0,0.0,0.0,0.0,0.0,0.0
2020-05-08,0.6553921446194486,0.0,0.0,0.0,0.0,0.10957722046296373,0.05801523528444427,0.0,0.0,0.0,0.06131909245032889,0.0,0.0,0.0026948671957695257,0.0,0.0,0.0,0.0,0.11300143998704491,0.0,0.0,0.0,0.0,0.0,0.0,0.0,0.0,0.0,0.0,0.0,0.0,0.0,0.0,0.0,0.0
2020-05-15,0.6553921446194486,0.0,0.0,0.0,0.0,0.10992298218194797,0.05786969222016594,0.0,0.0,0.0,0.06322726936891027,0.0,0.0,0.002363337935107909,0.0,0.0,0.0,0.0,0.11122457367441925,0.0,0.0,0.0,0.0,0.0,0.0,0.0,0.0,0.0,0.0,0.0,0.0,0.0,0.0,0.0,0.0
2020-05-22,0.6433924104495264,0.0,0.0,0.0,0.0,0.10936211210226764,0.05732111466103651,0.0,0.0,0.0,0.06197753975250025,0.0,0.0,0.005384742123516171,0.0,0.0,0.0,0.0,0.11056234674123078,0.0,0.0,0.0,0.0,0.0,0.0,0.0,0.0,0.0,0.0,0.0,0.003999911389974069,0.0,0.0,0.003999911389974069,0.003999911389974069
2020-05-29,0.6300992846534407,0.0,0.0,0.0,0.0,0.11107405430477525,0.05605940575306814,0.0,0.0,0.0,0.07608216889627788,0.0,0.0,0.006404177617381025,0.0,0.0,0.0008730135779807128,0.0,0.11340802811211527,0.0,0.0,0.0,0.0,0.0,0.0,0.0,0.0,0.0,0.0,0.0,0.001999955694987034,0.0,0.0,0.001999955694987034,0.001999955694987034
2020-06-05,0.6300992846534406,0.0,0.0,0.0,0.0,0.11143588812329938,0.05605940575306814,0.0,0.0,0.0,0.074717642115941,0.0,0.0,0.007267321692262124,0.0,0.0,0.0009092139921333301,0.0,0.11351137658489432,0.0,0.0,0.0,0.0,0.0,0.0,0.0,0.0014999667712402756,0.0,0.0,0.0,0.0014999667712402756,0.0,0.0,0.0014999667712402756,0.0014999667712402756
2020-06-12,0.6360991517384017,0.0,0.0,0.0,0.0,0.11031419199440502,0.05605940575306814,0.0,0.0,0.0,0.07374301592591029,0.0,0.0,0.008962867108922027,0.0,0.0,0.0009415156298312125,0.0,0.11387985184946159,0.0,0.0,0.0,0.0,0.0,0.0,0.0,0.0,0.0,0.0,0.0,0.0,0.0,0.0,0.0,0.0
2020-06-19,0.6360991517384017,0.0,0.0,0.0,0.0,0.11124826222589317,0.05605940575306814,0.0,0.0,0.0,0.07576831702159818,0.0,0.0,0.007148260678468703,0.0,0.0,0.0004443552397540127,0.0,0.11323224734281609,0.0,0.0,0.0,0.0,0.0,0.0,0.0,0.0,0.0,0.0,0.0,0.0,0.0,0.0,0.0,0.0
2020-06-26,0.6029999335424805,0.0,0.0,0.0,0.0,0.10851367988460833,0.03276000217926551,0.0,0.0,0.0,0.08908764403379543,0.0,0.0,0.03878061175417597,0.0,0.0,0.01712748575537384,0.0,0.11073064285030038,0.0,0.0,0.0,0.0,0.0,0.0,0.0,0.0,0.0,0.0,0.0,0.0,0.0,0.0,0.0,0.0
2020-07-03,0.6,0.0,0.0,0.0,0.0,0.10960906903623129,0.03276000217926551,0.0,0.0,0.0,0.08841522050725323,0.0,0.0,0.03952931438541619,0.0,0.0,0.017377504738060767,0.0,0.10930895561129249,0.0,0.0,0.0,0.0,0.0,0.0,0.0,0.0,0.0,0.0,0.0,0.000999977847493517,0.0,0.0,0.000999977847493517,0.000999977847493517
2020-07-10,0.6029999335424806,0.0,0.0,0.0,0.002449784299791956,0.10636630543994964,0.03276000217926551,0.0,0.0,0.0017941853008759416,0.08786953634396165,0.0,0.0,0.03954163018384226,0.0,0.0,0.019829368471199055,0.0,0.1059001217810158,0.0,0.0,0.00048913245761765,0.0,0.0,0.0,0.0,0.0,0.0,0.0,0.0,0.0,0.0,0.0,0.0,0.0
2020-07-17,0.5999999999999999,0.0,0.0,0.0,0.001106535745139062,0.1086873587158076,0.03276000217926551,0.0,0.0,0.0,0.08913618210699562,0.0,0.0,0.038642802246516714,0.0,0.0,0.015817559643892077,0.0,0.11084962581990289,0.0,0.0,0.0,0.0,0.0,0.0,0.0,0.0007499833856201378,0.0,0.0,0.0,0.0007499833856201378,0.0,0.0,0.0007499833856201378,0.0007499833856201378
2020-07-24,0.6,0.0,0.0,0.0,0.0011066512546694693,0.10763681812093802,0.03276000217926551,0.0,0.0,0.0,0.08967554399047126,0.0,0.0,0.03862162847305595,0.0,0.0,0.016257085407552278,0.0,0.11094233703156696,0.0,0.0,0.0,0.0,0.0,0.0,0.0,0.0007499833856201378,0.0,0.0,0.0,0.0007499833856201378,0.0,0.0,0.0007499833856201378,0.0007499833856201378
2020-07-31,0.04145981303398005,0.0,0.0,0.01970475609998272,0.0781508190201829,0.2769147454508529,0.05883285501530075,0.0,0.0,0.0,0.09673482840767011,0.0,0.0,0.09691665494834657,0.0,0.0,0.020982444078424235,0.0,0.28862138250492425,0.0,0.0,0.0,0.0,0.0,0.0,0.01970475609998272,0.00039538906807055457,0.0,0.0,0.0,0.00039538906807055457,0.00039538906807055457,0.0,0.00039538906807055457,0.00039538906807055457
2020-08-07,0.04145981303398005,0.0,0.0,0.01970475609998272,0.07331383759757204,0.27876201207866014,0.05883285501530075,0.0,0.0,0.0,0.09444555564139706,0.0,0.0,0.0987361953427283,0.0,0.0,0.026537012000885006,0.0,0.27989922870673,0.0,0.0,0.0,0.0,0.0,0.0,0.026331789142411122,0.00039538906807055457,0.0,0.0,0.0,0.00039538906807055457,0.00039538906807055457,0.0,0.00039538906807055457,0.00039538906807055457
2020-08-14,0.04145981303398005,0.0,0.0,0.01970475609998272,0.07331383759757204,0.2744336439097922,0.05883285501530075,0.0,0.0,0.0,0.09548304577759861,0.0,0.0,0.09787819974820709,0.0,0.0,0.023662810990453184,0.0,0.2823349097023605,0.0,0.0,0.0,0.0,0.0,0.0,0.030919182784400062,0.00039538906807055457,0.0,0.0,0.0,0.00039538906807055457,0.00039538906807055457,0.0,0.00039538906807055457,0.00039538906807055457
2020-08-21,0.04145981303398005,0.0,0.0,0.01970475609998272,0.07331383759757204,0.27867279449037646,0.05883285501530075,0.0,0.0,0.0,0.09473208465068354,0.0,0.0,0.09950174713828,0.0,0.0,0.02393022522482725,0.0,0.2796143441258088,0.0,0.0,0.0,0.0,0.0,0.0,0.02826059728283555,0.00039538906807055457,0.0,0.0,0.0,0.00039538906807055457,0.00039538906807055457,0.0,0.00039538906807055457,0.00039538906807055457
2020-08-28,0.14100448584117764,0.0,0.0,0.013914083778304722,0.0,0.18913753974521247,0.013914083778304722,0.0,0.0,0.0,0.0375511702829075,0.0,0.0,0.19625739129106684,0.0,0.0,0.02846749242950622,0.0,0.18210906010092848,0.0,0.0,0.0,0.0,0.0,0.0,0.19755611080254945,1.7716390008386996e-05,0.0,0.0,1.7716390008386996e-05,1.7716390008386996e-05,1.7716390008386996e-05,0.0,0.0,1.7716390008386996e-05
2020-09-04,0.14100448584117764,0.0,0.0,0.013914083778304722,0.0,0.185708063815184,0.013914083778304722,0.0,0.0,0.0,0.029276353636842375,0.0,0.0,0.19372763332350934,0.0,0.0,0.0395027549284206,0.0,0.18589865793611782,0.0,0.0,0.0,0.0,0.0,0.0,0.1969653010120968,1.7716390008386996e-05,0.0,0.0,1.7716390008386996e-05,1.7716390008386996e-05,1.7716390008386996e-05,0.0,0.0,1.7716390008386996e-05
2020-09-11,0.14100448584117764,0.0,0.0,0.013914083778304722,0.0,0.19551407031259269,0.013914083778304722,0.0,0.0,0.0,0.03294899586855947,0.0,0.0,0.18860692573486942,0.0,0.0,0.03783085499896561,0.0,0.1822433980607966,0.0,0.0,0.0,0.0,0.0,0.0,0.19393451967638717,1.7716390008386996e-05,0.0,0.0,1.7716390008386996e-05,1.7716390008386996e-05,1.7716390008386996e-05,0.0,0.0,1.7716390008386996e-05
2020-09-18,0.14100448584117775,0.0,0.0,0.013914083778304722,0.0,0.18701874780087102,0.013914083778304722,0.0,0.0,0.011082646771153282,0.02219941638534578,0.0,0.0,0.19810468829979472,0.0,0.0,0.046158671750563145,0.0,0.1714605299822561,0.0,0.0,0.0,0.0,0.0,0.0,0.19505406366218686,1.7716390008386996e-05,0.0,0.0,1.7716390008386996e-05,1.7716390008386996e-05,0.0,0.0,1.7716390008386996e-05,1.7716390008386996e-05
2020-09-25,0.11203451803329967,0.0,0.0,0.01282837315919227,0.0,0.21288403399693367,0.043150855447803275,0.0,0.0,0.0014594490734621088,0.03830979210425017,0.0,0.01282837315919227,0.15473498824154147,0.0,0.0,0.06388118125873819,0.0,0.19930419605959745,0.0,0.0,0.0,0.0,0.0,0.0,0.14853845476009397,9.156941179089056e-06,0.0,0.0,9.156941179089056e-06,9.156941179089056e-06,9.156941179089056e-06,0.0,0.0,9.156941179089056e-06
2020-10-02,0.11203451803329967,0.0,0.0,0.01282837315919227,0.0,0.21777241068803305,0.043150855447803275,0.0,0.0,0.005210438964073474,0.030322482288611008,0.0,0.01282837315919227,0.1606412303168142,0.0,0.0,0.06770893191189777,0.0,0.17994482280373858,0.0,0.0,0.006120006961186948,9.156941179089056e-06,0.0,0.0,0.151391771560262,9.156941179089056e-06,0.0,0.0,9.156941179089056e-06,9.156941179089056e-06,0.0,0.0,0.0,9.156941179089056e-06
2020-10-09,0.11203451803329967,0.0,0.0,0.01282837315919227,0.0,0.21392496024694804,0.043150855447803275,0.0,0.0,0.006358389643125495,0.030322482288611008,0.0,0.01282837315919227,0.16411390144375657,0.0,0.0,0.07154947060170481,0.0,0.18412387302383673,0.0,0.0,0.0035103393870337413,0.0,0.0,0.0,0.14520867885960065,9.156941179089056e-06,0.0,0.0,9.156941179089056e-06,9.156941179089056e-06,9.156941179089056e-06,0.0,0.0,9.156941179089056e-06
2020-10-16,0.11203451803329956,0.0,0.0,0.01282837315919227,0.0,0.21411624425256487,0.043150855447803275,0.0,0.0,0.0,0.030322482288611008,0.0,0.01282837315919227,0.16454914346709343,0.0,0.0,0.06636619295472619,0.0,0.21195568591580172,0.0,0.0,0.0,0.0,0.0,0.0,0.13180234661581988,9.156941179089056e-06,0.0,0.0,9.156941179089056e-06,9.156941179089056e-06,9.156941179089056e-06,0.0,0.0,9.156941179089056e-06
2020-10-23,0.11203451803329967,0.0,0.0,0.01282837315919227,0.007610459349443403,0.21447367420308855,0.043150855447803275,0.0,0.0,0.0,0.030322482288611008,0.0,0.01282837315919227,0.1564401885278484,0.0,0.0,0.06234385154449373,0.0,0.20612867073579175,0.0,0.0,0.0,0.0,0.0,0.0,0.14179276884534026,9.156941179089056e-06,0.0,9.156941179089056e-06,9.156941179089056e-06,9.156941179089056e-06,0.0,0.0,0.0,9.156941179089056e-06
2020-10-30,0.09937538967525694,0.0,0.0,0.011189432471333966,0.10295306392921094,0.20343586242210293,0.0417897925761073,0.0,0.0,0.0,0.03716016796171134,0.0,0.011189432471333966,0.12005164976512772,0.0,0.0,0.06705207541176994,0.0,0.1933385886270319,0.0,0.0,0.0,0.011189432471333966,0.0,0.0,0.011189432471333966,0.018017135949269025,0.0,0.0,0.018017135949269025,0.018017135949269025,0.0,0.018017135949269025,0.0,0.018017135949269025
2020-11-06,0.09937538967525694,0.0,0.0,0.011189432471333966,0.0960581144163276,0.20800543749429917,0.0417897925761073,0.0,0.0,0.0,0.030600360104773332,0.0,0.011189432471333966,0.1201718630471332,0.0,0.0,0.06957883203634457,0.0,0.18289733381049963,0.0,0.0,0.0,0.011189432471333966,0.0,0.0,0.02786889967891125,0.018017135949269025,0.0,0.0,0.018017135949269025,0.018017135949269025,0.0,0.018017135949269025,0.0,0.018017135949269025
2020-11-13,0.09937538967525694,0.0,0.0,0.011189432471333966,0.08589936244236504,0.20834183522155597,0.0417897925761073,0.0,0.0,0.0036923579860118206,0.030600360104773332,0.0,0.011189432471333966,0.12493386448037656,0.0,0.0,0.07295199297156563,0.0,0.17805082329199468,0.0,0.0,0.0,0.011189432471333966,0.0,0.0,0.03071024408964569,0.018017135949269025,0.0,0.018017135949269025,0.018017135949269025,0.018017135949269025,0.0,0.0,0.0,0.018017135949269025
2020-11-20,0.09937538967525705,0.0,0.0,0.011189432471333966,0.08589936244236504,0.2075583478164923,0.0417897925761073,0.0,0.0,0.0037985993017907276,0.030600360104773332,0.0,0.011189432471333966,0.12430283113757035,0.0,0.0,0.07263400442624376,0.0,0.17733409732390404,0.0,0.0,0.0,0.011189432471333966,0.0,0.0,0.033053238035149174,0.018017135949269025,0.0,0.018017135949269025,0.018017135949269025,0.018017135949269025,0.0,0.0,0.0,0.018017135949269025
2020-11-27,0.13416824713715392,0.0,0.0,0.00770865129779209,0.006397464390926093,0.1487083426194185,0.022400152333144227,0.0,0.0,0.005887720541858567,0.014691501035352139,0.0,0.00770865129779209,0.1730616811679261,0.0,0.0,0.04429214574568731,0.0,0.10262729837387029,0.0,0.0,0.0,0.00770865129779209,0.0,0.0,0.15580118486651226,0.033767661578954854,0.0,0.033767661578954854,0.033767661578954854,0.033767661578954854,0.0,0.0,0.0,0.033767661578954854
2020-12-04,0.13416824713715392,0.0,0.0,0.00770865129779209,0.02164360770786733,0.14499898608879708,0.022400152333144227,0.0,0.0,0.0,0.025413807040488734,0.0,0.00770865129779209,0.1627617443680326,0.0,0.0,0.040203467728989306,0.0,0.10262729837387029,0.0,0.0,0.0,0.00770865129779209,0.0,0.0,0.15381842743350596,0.033767661578954854,0.0,0.033767661578954854,0.033767661578954854,0.033767661578954854,0.0,0.0,0.0,0.033767661578954854
2020-12-11,0.13416824713715403,0.0,0.0,0.00770865129779209,0.026184940432942196,0.13967800919052642,0.022400152333144227,0.0,0.0,0.01102020532590858,0.014691501035352139,0.0,0.00770865129779209,0.16007940834979795,0.0,0.0,0.04059804532802022,0.0,0.10262729837387029,0.0,0.0,0.00374919552622541,0.00770865129779209,0.0,0.0,0.1528387351789081,0.033767661578954854,0.033767661578954854,0.033767661578954854,0.033767661578954854,0.033767661578954854,0.0,0.0,0.0,0.0
2020-12-18,0.13416824713715414,0.0,0.0,0.017839299741505114,0.028657231159933114,0.10932671678058276,0.022400152333144227,0.0,0.0,0.02762989042352219,0.014691501035352139,0.0,0.00770865129779209,0.15637557204827096,0.0,0.0,0.04183399524088739,0.0,0.10262729837387029,0.0,0.0,0.013690770980292047,0.00770865129779209,0.0,0.0,0.14650371425512737,0.033767661578954854,0.0,0.033767661578954854,0.033767661578954854,0.033767661578954854,0.0,0.0,0.0,0.033767661578954854
2020-12-25,0.13293444136268584,0.0,0.0,0.02571717155306573,0.019105671324213123,0.10074209420743555,0.022651389955841997,0.0,0.0,0.03132469979596944,0.013936937859751405,0.0,0.008714452096090593,0.15866947177202484,0.0,0.0,0.039056632699571825,0.0,0.09202764211134495,0.0,0.0,0.020775702813793314,0.008714452096090593,0.0,0.0,0.1524328391304706,0.03463928024433007,0.0,0.03463928024433007,0.03463928024433007,0.03463928024433007,0.0,0.0,0.0,0.03463928024433007
2021-01-01,0.13293444136268584,0.0,0.0,0.018745782626559376,0.01845914569153026,0.10074209420743555,0.022651389955841997,0.0,0.0,0.042038468392964906,0.013936937859751405,0.0,0.008714452096090593,0.1590086406072475,0.0,0.0,0.03935484735876179,0.0,0.09202764211134495,0.0,0.0,0.017033697475216762,0.008714452096090593,0.0,0.0,0.15244160693682826,0.03463928024433007,0.03463928024433007,0.03463928024433007,0.03463928024433007,0.03463928024433007,0.0,0.0,0.0,0.0
2021-01-08,0.13293444136268562,0.0,0.0,0.018517987323843688,0.018242085824925407,0.10074209420743555,0.022651389955841997,0.0,0.0,0.041113427190916776,0.013936937859751405,0.0,0.008714452096090593,0.16049851969690496,0.0,0.0,0.03943529258003682,0.0,0.09202764211134495,0.0,0.0,0.016562977161198512,0.008714452096090593,0.0,0.0,0.15271189931128273,0.03463928024433007,0.03463928024433007,0.03463928024433007,0.03463928024433007,0.0,0.0,0.0,0.0,0.03463928024433007
2021-01-15,0.13293444136268584,0.0,0.0,0.02102448751216751,0.030034488463635076,0.10074209420743555,0.022651389955841997,0.0,0.0,0.03962714694682442,0.013936937859751405,0.0,0.008714452096090593,0.15434534831918068,0.0,0.0,0.03465689540519941,0.0,0.09202764211134495,0.0,0.0,0.015530104043075704,0.008714452096090593,0.0,0.0,0.15186371839902604,0.03463928024433007,0.03463928024433007,0.03463928024433007,0.03463928024433007,0.0,0.0,0.0,0.0,0.03463928024433007
2021-01-22,0.13293444136268562,0.0,0.0,0.020594210340717622,0.03340077521758576,0.10074209420743555,0.022651389955841997,0.0,0.0,0.03834164818449709,0.013936937859751405,0.0,0.008714452096090593,0.15236977960313863,0.0,0.0,0.03066487921364261,0.0,0.09202764211134495,0.0,0.0,0.017966017891527568,0.008714452096090593,0.0,0.0,0.1537448786379996,0.03463928024433007,0.03463928024433007,0.03463928024433007,0.0,0.03463928024433007,0.0,0.0,0.0,0.03463928024433007
2021-01-29,0.08429263363819006,0.0,0.0,0.019840520467796306,0.0810348761139093,0.06029600319446607,0.03235243696820887,0.0,0.0,0.03322978353495306,0.1810959958839747,0.0,0.012277026444794411,0.08980155331094886,0.0,0.0,0.05124068241997763,0.0,0.023045265576281348,0.0,0.0,0.018385124353228425,0.009307171391927523,0.0,0.0,0.12077388734032962,0.0,0.03660540787220274,0.03660540787220274,0.03660540787220274,0.03660540787220274,0.0,0.0,0.0,0.03660540787220274
2021-02-05,0.08429263363819006,0.0,0.0,0.019795709700271263,0.08839052819644641,0.06029600319446607,0.03235243696820887,0.0,0.0,0.03231827687741981,0.1810959958839747,0.0,0.009307171391927523,0.09096731258294352,0.0,0.0,0.05072491162480802,0.0,0.023045265576281348,0.0,0.0,0.01565741826050644,0.009307171391927523,0.0,0.0,0.11942212535161467,0.0,0.03660540787220274,0.03660540787220274,0.03660540787220274,0.03660540787220274,0.0,0.0,0.0,0.03660540787220274
2021-02-12,0.08429263363819006,0.0,0.0,0.02180237551369052,0.08348171749281971,0.06029600319446607,0.03235243696820887,0.0,0.0,0.030852064005236216,0.1810959958839747,0.0,0.014666724447447422,0.08538395562323813,0.0,0.0,0.04496334713356846,0.0,0.023045265576281348,0.0,0.0,0.019890357331663694,0.009307171391927523,0.0,0.0,0.12554291243827354,0.03660540787220274,0.03660540787220274,0.03660540787220274,0.0,0.03660540787220274,0.0,0.0,0.0,0.03660540787220274
2021-02-19,0.08429263363819006,0.0,0.0,0.021546006270020693,0.08641903982104418,0.06029600319446607,0.03235243696820887,0.0,0.0,0.030301875397321102,0.1810959958839747,0.0,0.014543193067182212,0.08485791893928532,0.0,0.0,0.044748709707255634,0.0,0.023045265576281348,0.0,0.0,0.014611480827598245,0.009307171391927523,0.0,0.0,0.12955522995623026,0.03660540787220274,0.03660540787220274,0.03660540787220274,0.0,0.03660540787220274,0.0,0.0,0.0,0.03660540787220274
2021-02-26,0.22147490910550038,0.0,0.0,0.09887071314470851,0.05894611095379884,0.0,0.03922793848742133,0.0,0.0,0.026973650915756917,0.027918687189538195,0.0,0.011309251297883136,0.025012454027685257,0.0,0.0,0.06525852217621973,0.0,0.027918687189538195,0.0,0.0,0.05158168534208118,0.04905420055792848,0.0,0.0,0.14547339257175843,0.037744949260045346,0.037744949260045346,0.037744949260045346,0.037744949260045346,0.0,0.0,0.0,0.0,0.0
2021-03-05,0.22147490910550038,0.0,0.0,0.09671651226158079,0.05876606913527113,0.0,0.03922793848742133,0.0,0.0,0.02732832335491187,0.027918687189538195,0.0,0.018612986547407583,0.025126814099851267,0.0,0.0,0.06543234329308786,0.0,0.027918687189538195,0.0,0.0,0.051616359525928426,0.011309251297883136,0.0,0.0,0.13982637221185307,0.037744949260045346,0.037744949260045346,0.037744949260045346,0.037744949260045346,0.037744949260045346,0.0,0.0,0.0,0.0
2021-03-12,0.22147490910550038,0.0,0.0,0.0944196355171904,0.05849095383718855,0.0,0.03922793848742133,0.0,0.0,0.026408903475588837,0.027918687189538195,0.0,0.023760786866233154,0.02778611888746409,0.0,0.0,0.06779915872566972,0.0,0.027918687189538195,0.0,0.0,0.04496778307617426,0.04905420055792848,0.0,0.0,0.139792440044383,0.037744949260045346,0.037744949260045346,0.037744949260045346,0.037744949260045346,0.0,0.0,0.0,0.0,0.0
2021-03-19,0.22147490910550038,0.0,0.0,0.09290110015656204,0.05515781312034949,0.0,0.03922793848742133,0.0,0.0,0.029464232252303785,0.027918687189538195,0.0,0.01952265749936276,0.02771852323297839,0.0,0.0,0.06217676605981943,0.0,0.027918687189538195,0.0,0.0,0.048658169688122185,0.04905420055792848,0.0,0.0,0.1478265184203939,0.037744949260045346,0.037744949260045346,0.037744949260045346,0.037744949260045346,0.0,0.0,0.0,0.0,0.0
2021-03-26,0.2388154901122157,0.0,0.0,0.07219667092564096,0.05184970369703069,0.0,0.05264405071430507,0.0,0.0,0.04320577378158744,0.037237665546378654,0.0,0.018177813885170913,0.03491744774399066,0.0,0.0,0.07746306935097833,0.0,0.0,0.0,0.0,0.012113355915235175,0.05540576032905567,0.0,0.0,0.14597569735389368,0.03999937516112925,0.03999937516112925,0.03999937516112925,0.03999937516112925,0.0,0.0,0.0,0.0,0.0
2021-04-02,0.2388154901122158,0.0,0.0,0.0673348715113388,0.05184970369703069,0.0,0.05264405071430507,0.0,0.0,0.042245814480732814,0.037237665546378654,0.0,0.05102036327325085,0.026169478595365926,0.0,0.0,0.0721825236583582,0.0,0.0,0.0,0.0,0.0023183264330126994,0.05540576032905567,0.0,0.0,0.14277845100443787,0.03999937516112925,0.03999937516112925,0.03999937516112925,0.03999937516112925,0.0,0.0,0.0,0.0,0.0
2021-04-09,0.2388154901122158,0.0,0.0,0.07143506341334772,0.05184970369703069,0.0,0.05264405071430507,0.0,0.0,0.03951742643049792,0.037237665546378654,0.0,0.050693279041764884,0.01967659460566038,0.0,0.0,0.07595912386325947,0.0,0.0,0.0,0.0,0.012271777304642515,0.05540576032905567,0.0,0.0,0.1344965642973242,0.0,0.03999937516112925,0.03999937516112925,0.03999937516112925,0.03999937516112925,0.0,0.0,0.0,0.0
2021-04-16,0.2388154901122157,0.0,0.0,0.07165357592068297,0.05184970369703069,0.0,0.05264405071430507,0.0,0.0,0.040620630121609894,0.037237665546378654,0.0,0.05097490750944362,0.01636747910251307,0.0,0.0,0.07630945928582314,0.0,0.0,0.0,0.0,0.01297153011391826,0.05540576032905567,0.0,0.0,0.13515224690250618,0.03999937516112925,0.03999937516112925,0.03999937516112925,0.03999937516112925,0.0,0.0,0.0,0.0,0.0
2021-04-23,0.2388154901122157,0.0,0.0,0.0756571290403575,0.0640668100143349,0.0,0.05264405071430507,0.0,0.0,0.039749393627058364,0.037237665546378654,0.0,0.04271340330250774,0.014612038150652035,0.0,0.0,0.07168011958076538,0.0,0.0,0.0,0.0,0.01665219852123744,0.05540576032905567,0.0,0.0,0.1307684404166145,0.03999937516112925,0.03999937516112925,0.03999937516112925,0.03999937516112925,0.0,0.0,0.0,0.0,0.0
2021-04-30,0.24362332898280725,0.013421424914414455,0.0,0.02309804715095122,0.005803590276092075,0.0,0.05316439070731451,0.0,0.0,0.03216612399392814,0.03758976968558234,0.0,0.14583077443632636,0.00295259121935806,0.0,0.0,0.07965570772567031,0.0,0.0,0.0,0.0,0.05265465026567939,0.06910083319232309,0.0,0.0,0.08093889241732694,0.03999996875805647,0.03999996875805647,0.03999996875805647,0.03999996875805647,0.0,0.0,0.0,0.0,0.0
2021-05-07,0.24362332898280725,0.013421424914414455,0.0,0.026718893199134987,0.0,0.0,0.05316439070731451,0.0,0.0,0.03275481426746811,0.03758976968558234,0.0,0.14221942186307615,0.010480152325506076,0.0,0.0,0.08452199199180084,0.0,0.0,0.0,0.0,0.05509395259043701,0.05947309202290543,0.0,0.0,0.08093889241732694,0.03999996875805647,0.03999996875805647,0.03999996875805647,0.03999996875805647,0.0,0.0,0.0,0.0,0.0
2021-05-14,0.24362332898280725,0.015708025295796693,0.0,0.023577057160826014,0.0,0.0,0.05316439070731451,0.0,0.0,0.03389489502904927,0.03758976968558234,0.0,0.13925381072047005,0.015210337778055734,0.0,0.0,0.08614413613223681,0.0,0.0,0.0,0.0,0.0502799402787292,0.0606155407795793,0.0,0.0,0.08093889241732694,0.03999996875805647,0.03999996875805647,0.03999996875805647,0.03999996875805647,0.0,0.0,0.0,0.0,0.0
2021-05-21,0.24362332898280714,0.01586526701318698,0.0,0.02123368223354842,0.0,0.0,0.05316439070731451,0.0,0.0,0.0333706277169861,0.03758976968558234,0.0,0.1444460843733771,0.01608075911203957,0.0,0.0,0.08164878517382028,0.0,0.0,0.0,0.0,0.04567749396926665,0.06636104358251799,0.0,0.0,0.08093889241732694,0.03999996875805647,0.03999996875805647,0.03999996875805647,0.03999996875805647,0.0,0.0,0.0,0.0,0.0
2021-05-28,0.2190366759959339,0.020223362746587783,0.0,0.011858876652851732,0.0,0.011858876652851732,0.049597127042928416,0.0,0.0,0.03230095535018502,0.03773825039007668,0.0,0.13859095209260797,0.013360927940022707,0.0,0.0,0.0764152714703888,0.0,0.0,0.0,0.0,0.05617573091654319,0.07951837098143555,0.0,0.0,0.06292462801597526,0.047599998437902837,0.047599998437902837,0.047599998437902837,0.047599998437902837,0.0,0.0,0.0,0.0,0.0
2021-06-04,0.2190366759959338,0.020181019925313924,0.0,0.011858876652851732,0.0,0.011858876652851732,0.049597127042928416,0.0,0.0,0.03159136393530113,0.03773825039007668,0.0,0.13750212971213827,0.01479373231131145,0.0,0.0,0.0733625723722194,0.0,0.0,0.0,0.0,0.0559849050493935,0.08316984819209336,0.0,0.0,0.06292462801597526,0.047599998437902837,0.047599998437902837,0.047599998437902837,0.047599998437902837,0.0,0.0,0.0,0.0,0.0
2021-06-11,0.2190366759959339,0.03689976197665715,0.0,0.011858876652851732,0.0,0.011858876652851732,0.049597127042928416,0.0,0.0,0.02740947487825849,0.03773825039007668,0.0,0.14262636464414827,0.00957919701271074,0.0,0.0,0.07933563267731335,0.0,0.0,0.0,0.0,0.053610060385868574,0.06712507992281447,0.0,0.0,0.06292462801597526,0.047599998437902837,0.047599998437902837,0.047599998437902837,0.047599998437902837,0.0,0.0,0.0,0.0,0.0
2021-06-18,0.2190366759959338,0.018330894892039876,0.0,0.011858876652851732,0.0,0.011858876652851732,0.049597127042928416,0.0,0.0,0.028347064226303047,0.03773825039007668,0.0,0.14295544502969698,0.012159278488956628,0.0,0.0,0.0925338774104047,0.0,0.0,0.0,0.0,0.05403764000562423,0.0682213714447456,0.0,0.0,0.06292462801597526,0.0,0.047599998437902837,0.047599998437902837,0.0,0.047599998437902837,0.0,0.0,0.047599998437902837,0.0
2021-06-25,1.1102230246251565e-16,0.06958756155883522,0.0,0.01366574970854018,0.0,0.0,0.272160787771472,0.0,0.0,0.025004648338422815,0.03788618990371367,0.0,0.147720993374697,0.00775336599353557,0.0,0.0,0.08488297731164975,0.0,0.0,0.0,0.0,0.0023740979683908397,0.08270195705939314,0.0,0.0,0.06434167132376918,0.0,0.04797999992189514,0.04797999992189514,0.04797999992189514,0.04797999992189514,0.0,0.0,0.0,0.0
2021-07-02,0.0,0.0688099427304577,0.0,0.01366574970854018,0.0,0.0,0.272160787771472,0.0,0.0,0.0331483356005807,0.03788618990371367,0.0,0.14424869794877063,0.010994868678110998,0.0,0.0,0.07658772299464056,0.0,0.0,0.0,0.0,0.006780603040817723,0.079455430611546,0.0,0.0,0.06434167132376918,0.0,0.04797999992189514,0.04797999992189514,0.0,0.04797999992189514,0.0,0.0,0.04797999992189514,0.0
2021-07-09,1.1102230246251565e-16,0.071345024222719,0.0,0.021793412896407082,0.0,0.0,0.272160787771472,0.0,0.0,0.029533872759696538,0.03788618990371367,0.0,0.14254388730315434,0.0029388936126595825,0.0,0.0,0.07027552349385476,0.0,0.0,0.0,0.0,0.011678077825499513,0.07638094821166264,0.0,0.0,0.07154338231158022,0.0,0.04797999992189514,0.04797999992189514,0.0,0.04797999992189514,0.0,0.0,0.04797999992189514,0.0
2021-07-16,0.0,0.06881346411943498,0.0,0.023282709061812054,0.0,0.0,0.272160787771472,0.0,0.0,0.029297485599998938,0.03788618990371367,0.0,0.14259646478546653,0.004232486612416456,0.0,0.0,0.0718759009075903,0.0,0.0,0.0,0.0,0.011090964883491105,0.08250187534325412,0.0,0.0,0.06434167132376918,0.0,0.04797999992189514,0.04797999992189514,0.0,0.04797999992189514,0.0,0.0,0.04797999992189514,0.0
2021-07-23,0.0,0.06395160619700663,0.0,0.01710980624737825,0.0,0.0,0.272160787771472,0.0,0.0,0.028084814530805607,0.03788618990371367,0.0,0.14062674296908595,0.015659862499882476,0.0,0.0,0.07446053752597044,0.0,0.0,0.0,0.0,0.006623634224119618,0.08347183312441721,0.0,0.0,0.0680441853185675,0.0,0.04797999992189514,0.04797999992189514,0.04797999992189514,0.04797999992189514,0.0,0.0,0.0,0.0
2021-07-30,0.22358854553253305,0.013266713900975936,0.0,0.020222466133898692,0.0,0.0,0.050156082425623895,0.0,0.0,0.013162009439604886,0.03785724218645934,0.0,0.13322272732865673,0.014031750839999121,0.0,0.0,0.07429824192487239,0.0,0.012298840239164556,0.0,0.0,0.02275771177041481,0.17950958904540054,0.0,0.0,0.013632079248016965,0.0,0.04799899999609476,0.04799899999609476,0.0,0.04799899999609476,0.0,0.0,0.04799899999609476,0.0
2021-08-06,0.22358854553253305,0.013266713900975936,0.0,0.014653691499480157,0.0,0.0,0.050156082425623895,0.0,0.0,0.012971789913046558,0.03785724218645934,0.0,0.13596104376087229,0.020817381688650848,0.0,0.0,0.08071685346132092,0.0,0.012298840239164556,0.0,0.0,0.020145412406392192,0.17327156276193661,0.0,0.0,0.012298840239164556,0.0,0.0,0.04799899999609476,0.04799899999609476,0.04799899999609476,0.0,0.0,0.04799899999609476,0.0
2021-08-13,0.22358854553253305,0.013266713900975936,0.0,0.014493736286680818,0.0,0.0,0.050156082425623895,0.0,0.0,0.008417213963335364,0.03785724218645934,0.0,0.13125258528692313,0.01912384414384656,0.0,0.0,0.08135375856420354,0.0,0.012298840239164556,0.0,0.0,0.01970515275451716,0.184191444492193,0.0,0.0,0.012298840239164556,0.0,0.0,0.04799899999609476,0.04799899999609476,0.04799899999609476,0.0,0.0,0.04799899999609476,0.0
2021-08-20,0.22358854553253305,0.021029413084232833,0.0,0.012298840239164556,0.0,0.0,0.050156082425623895,0.0,0.0,0.0,0.03785724218645934,0.0,0.1281277462525791,0.024364032005789408,0.0,0.0,0.08042737025078686,0.0,0.012298840239164556,0.0,0.0,0.01754600222629248,0.18801104533383028,0.0,0.0,0.012298840239164556,0.0,0.0,0.04799899999609476,0.0,0.04799899999609476,0.0,0.04799899999609476,0.04799899999609476,0.0
2021-08-27,2.220446049250313e-16,0.006138953113597799,0.0,0.014314109635151203,0.0,0.0,0.2790305001282671,0.0,0.0,0.002331342142295352,0.0378076853063378,0.0,0.13107406512425193,0.028177099377802675,0.0,0.0,0.0879720462699525,0.0,0.014314109635151203,0.0,0.0,0.01754857020818874,0.18929171905978462,0.0,0.0,0.0,0.0,0.0,0.04799994999980473,0.0,0.04799994999980473,0.0,0.04799994999980473,0.04799994999980473,0.0
2021-09-03,0.0,0.0012481534029670294,0.0,0.014314109635151206,0.0,0.0,0.27903050012826713,0.0,0.0,0.0,0.03780768530633781,0.0,0.13412735745335652,0.028054907422791202,0.0,0.0,0.0885600559904914,0.0,0.014314109635151206,0.0,0.0,0.017548570208188743,0.19299475081807882,0.0,0.0,0.0,0.0,0.0,0.0,0.0,0.047999949999804746,0.0,0.047999949999804746,0.047999949999804746,0.047999949999804746
2021-09-10,0.0,0.0035752689739343294,0.0,0.014314109635151206,0.0,0.0,0.27903050012826713,0.0,0.0,0.002660520014202774,0.03780768530633781,0.0,0.12678366088010873,0.031033298188946835,0.0,0.0,0.09030557857667035,0.0,0.014314109635151206,0.0,0.0,0.01972128783264363,0.18845418082936707,0.0,0.0,0.0,0.0,0.0,0.0,0.0,0.047999949999804746,0.0,0.047999949999804746,0.047999949999804746,0.047999949999804746
2021-09-17,0.0,0.006014489701359919,0.0,0.014314109635151206,0.0,0.0,0.27903050012826713,0.0,0.0,0.0,0.03780768530633781,0.0,0.12714729341757713,0.033848519977865685,0.0,0.0,0.09284031215903298,0.0,0.014314109635151206,0.0,0.0,0.017548570208188743,0.18513460983184926,0.0,0.0,0.0,0.0,0.0,0.047999949999804746,0.0,0.047999949999804746,0.0,0.0,0.047999949999804746,0.047999949999804746
2021-09-24,0.22787214445010973,0.023848000138215007,0.0,0.020927505669086854,0.0,0.0,0.05202958004859903,0.0,0.0,0.0,0.03772920234746288,0.0,0.0775700417128499,0.030295836696782538,0.0,0.0,0.10090864463762826,0.0,0.01430037770113615,0.0,0.0,0.03983046313104211,0.1826882134671265,0.0,0.0,0.0,0.0,0.0,0.047999997499990246,0.0,0.047999997499990246,0.0,0.0,0.047999997499990246,0.047999997499990246
2021-10-01,0.22787214445010973,0.028554567996515512,0.0,0.01430037770113615,0.0,0.0,0.05202958004859903,0.0,0.0,0.0015175784210400955,0.03772920234746288,0.0,0.0868270902328503,0.030540869947177883,0.0,0.0,0.09621237055943754,0.0,0.01430037770113615,0.0,0.0,0.03772920234746288,0.18038664824711081,0.0,0.0,0.0,0.0,0.047999997499990246,0.047999997499990246,0.0,0.047999997499990246,0.0,0.0,0.047999997499990246,0.0
2021-10-08,0.22787214445010973,0.020462783422263084,0.0,0.018015766650461673,0.0,0.0,0.05202958004859903,0.0,0.0,0.001226653149846255,0.03772920234746288,0.0,0.08562598422981235,0.025251337429999125,0.0,0.0,0.09562378656493088,0.0,0.01430037770113615,0.0,0.0,0.04310389764561673,0.18675849635980107,0.0,0.0,0.0,0.0,0.047999997499990246,0.047999997499990246,0.0,0.047999997499990246,0.0,0.0,0.047999997499990246,0.0
2021-10-15,0.22787214445010973,0.02144114793457092,0.0,0.019685756042256572,0.007778917246835188,0.0,0.05202958004859903,0.0,0.0,0.0,0.03772920234746288,0.0,0.0925856362009961,0.02650956085630964,0.0,0.0,0.09080183771349834,0.0,0.01430037770113615,0.0,0.0,0.04117894960651514,0.17608689985174925,0.0,0.0,0.0,0.0,0.047999997499990246,0.047999997499990246,0.0,0.047999997499990246,0.0,0.0,0.0,0.047999997499990246
2021-10-22,0.22787214445010973,0.018456777589621158,0.0,0.019612455432709393,0.010273049540388636,0.0,0.05202958004859903,0.0,0.0,0.007178555454107427,0.03772920234746288,0.0,0.09070101543642946,0.022712991323286878,0.0,0.0,0.09032100533077048,0.0,0.01430037770113615,0.0,0.0,0.041133772085297234,0.1756790832601205,0.0,0.0,0.0,0.0,0.047999997499990246,0.047999997499990246,0.0,0.047999997499990246,0.0,0.0,0.0,0.047999997499990246
2021-10-29,0.2532251022649341,0.004494923798450184,0.0,0.07128203598278146,0.014066540677090603,0.0,0.05245744437298841,0.0,0.0,0.0063799172189826945,0.03719183124341645,0.0,0.09470900188793975,0.02123088179153171,0.0,0.0,0.08121646089885572,0.0,0.015265613129571965,0.0,0.0,0.016748850207305238,0.1701313970261536,0.0,0.0,0.0,0.0,0.040399999874999516,0.040399999874999516,0.0,0.040399999874999516,0.0,0.0,0.0,0.040399999874999516
2021-11-05,0.2532251022649341,0.014638078845466886,0.0,0.06755677311968407,0.008405344292145907,0.0,0.05245744437298841,0.0,0.0,0.010313446944211518,0.03719183124341645,0.0,0.09541154136358693,0.017325698049751415,0.0,0.0,0.08093494649478561,0.0,0.015265613129571965,0.0,0.0,0.016967339361503193,0.16870684101795538,0.0,0.0,0.0,0.0,0.040399999874999516,0.040399999874999516,0.0,0.040399999874999516,0.0,0.0,0.0,0.040399999874999516
2021-11-12,0.2532251022649341,0.01771348174624959,0.0,0.06553276538549876,0.0,0.0,0.05245744437298841,0.0,0.0,0.007776044225761424,0.03719183124341645,0.0,0.09763343196611349,0.02030798066048779,0.0,0.0,0.08592470474260376,0.0,0.015265613129571965,0.0,0.0,0.01307532101251035,0.1722962797498658,0.0,0.0,0.0,0.0,0.040399999874999516,0.040399999874999516,0.0,0.040399999874999516,0.0,0.0,0.0,0.040399999874999516
2021-11-19,0.2532251022649341,0.010625565448870668,0.0,0.06553276538549876,0.0,0.0,0.05245744437298841,0.0,0.0,0.006524501039279447,0.03719183124341645,0.0,0.09813430452912335,0.020700869110456946,0.0,0.0,0.08684558614516928,0.0,0.015265613129571965,0.0,0.0,0.015323617477483686,0.17657280035320877,0.0,0.0,0.0,0.040399999874999516,0.040399999874999516,0.0,0.0,0.040399999874999516,0.0,0.0,0.0,0.040399999874999516
2021-11-26,0.01016820147383568,0.024126052438945424,0.0,0.015948103109218622,0.0,0.015948103109218622,0.35,0.0,0.0,0.007284854161678983,0.043809598580819654,0.0,0.10784770381895109,0.019768886565607095,0.0,0.0,0.08854131744736275,0.0,0.015948103109218622,0.0,0.0,0.046151978627731585,0.1736570978074129,0.0,0.0,0.0,0.0,0.020199999937499758,0.0,0.0,0.020199999937499758,0.0,0.0,0.020199999937499758,0.020199999937499758
2021-12-03,0.01016820147383557,0.028407597505442625,0.0,0.015948103109218622,0.0,0.015948103109218622,0.35,0.0,0.0,0.003104954639608637,0.043809598580819654,0.0,0.10982638875790798,0.02317270154893843,0.0,0.0,0.08710267835486626,0.0,0.015948103109218622,0.0,0.0,0.043809598580819654,0.17195397148010622,0.0,0.0,0.0,0.0,0.020199999937499758,0.0,0.0,0.020199999937499758,0.0,0.0,0.020199999937499758,0.020199999937499758
2021-12-10,0.01016820147383557,0.0225244123364502,0.0,0.015948103109218622,0.0,0.015948103109218622,0.35,0.0,0.0,0.01063527706645435,0.043809598580819654,0.0,0.10543475900983149,0.025959657980261744,0.0,0.0,0.09002601141837958,0.0,0.015948103109218622,0.0,0.0,0.043809598580819654,0.16898817447549278,0.0,0.0,0.0,0.0,0.020199999937499758,0.0,0.0,0.020199999937499758,0.0,0.0,0.020199999937499758,0.020199999937499758
2021-12-17,0.010168201473835792,0.03158783864351623,0.0,0.015948103109218622,0.0,0.015948103109218622,0.35,0.0,0.0,0.006270081439403641,0.043809598580819654,0.0,0.10574092270518212,0.022143310112670775,0.0,0.0,0.08989382810643767,0.0,0.015948103109218622,0.0,0.0,0.043809598580819654,0.14773231134215992,0.0,0.0,0.0,0.020199999937499758,0.020199999937499758,0.0,0.0,0.020199999937499758,0.0,0.020199999937499758,0.0,0.020199999937499758
2021-12-24,0.01016820147383568,0.04090191388882616,0.0,0.015948103109218622,0.0,0.015948103109218622,0.35,0.0,0.0,0.001491274339256274,0.043809598580819654,0.0,0.10119866475243833,0.027292047326981584,0.0,0.0,0.08840070975675242,0.0,0.015948103109218622,0.0,0.0,0.043809598580819654,0.16428368222261538,0.0,0.0,0.0,0.020199999937499758,0.0,0.0,0.0,0.020199999937499758,0.0,0.020199999937499758,0.0,0.020199999937499758
2021-12-31,0.23996598573553207,0.052042619815116764,0.0,0.01297561320613537,0.0,0.01297561320613537,0.05130229471709927,0.0,0.0,0.0,0.0383266815109639,0.0,0.14241530667553387,0.024673388807621967,0.0,0.0,0.11212686267155723,0.0,0.01297561320613537,0.0,0.0,0.0,0.1798200205731693,0.0,0.0,0.0,0.0,0.0,0.0,0.0,0.03009999996874988,0.03009999996874988,0.03009999996874988,0.0,0.03009999996874988
2022-01-07,0.23996598573553207,0.049066701041864266,0.0,0.01297561320613537,0.0,0.01297561320613537,0.05130229471709927,0.0,0.0,0.0,0.0383266815109639,0.0,0.13203565996207667,0.023224138927542024,0.0,0.0,0.11269992712319364,0.0,0.024389655165139155,0.0,0.0,0.0,0.15253772956056888,0.0,0.0,0.0,0.03009999996874988,0.03009999996874988,0.0,0.0,0.03009999996874988,0.03009999996874988,0.03009999996874988,0.0,0.0
2022-01-14,0.23996598573553207,0.04743983079470104,0.0,0.01297561320613537,0.0,0.01297561320613537,0.05130229471709927,0.0,0.0,0.0,0.0383266815109639,0.0,0.1394666604818997,0.024299351860373377,0.0,0.0,0.11655643475777512,0.0,0.01297561320613537,0.0,0.0,0.0,0.15321592067949996,0.0,0.0,0.0,0.03009999996874988,0.03009999996874988,0.03009999996874988,0.0,0.03009999996874988,0.03009999996874988,0.0,0.0,0.0
2022-01-21,0.23996598573553207,0.046252286059527914,0.0,0.01297561320613537,0.0,0.01297561320613537,0.05130229471709927,0.0,0.0,0.0,0.0383266815109639,0.0,0.13476058032486704,0.0223131872984648,0.0,0.0,0.11224440419472219,0.0,0.015714967736036943,0.0,0.0,0.0,0.19276838613551558,0.0,0.0,0.0,0.0,0.03009999996874988,0.03009999996874988,0.0,0.0,0.03009999996874988,0.03009999996874988,0.0,0.0
2022-01-28,0.09399562483854074,0.04128738995641908,0.0,0.0,0.0,0.033858416848870115,0.04041410096319465,0.0,0.0,0.0,0.04041410096319465,0.0,0.13781137517821143,0.019120279804108502,0.0,0.0,0.08650665469733732,0.0,0.26271498025160595,0.0,0.0,0.0,0.17570024733839956,0.0,0.0,0.0,0.0,0.013635365832023589,0.013635365832023589,0.0,0.013635365832023589,0.013635365832023589,0.013635365832023589,0.0,0.0
2022-02-04,0.09399562483854074,0.031888330099308144,0.0,0.0,0.0,0.033858416848870115,0.04041410096319465,0.0,0.0,0.0,0.04041410096319465,0.0,0.13792496795267362,0.015039336239783816,0.0,0.0,0.08891796432241222,0.0,0.26271498025160595,0.0,0.0,0.0,0.1866553483602981,0.0,0.0,0.0,0.0,0.013635365832023589,0.013635365832023589,0.0,0.0,0.013635365832023589,0.013635365832023589,0.013635365832023589,0.0
2022-02-11,0.09399562483854074,0.041975654884929,0.0,0.0,0.0,0.033858416848870115,0.04041410096319465,0.0,0.0,0.0,0.04041410096319465,0.0,0.15095617400751235,0.0039477577324319715,0.0,0.0,0.08756526323078355,0.0,0.26271498025160595,0.0,0.0,0.0,0.17598109711881904,0.0,0.0,0.0,0.0,0.017044207290029485,0.017044207290029485,0.0,0.017044207290029485,0.017044207290029485,0.0,0.0,0.0
2022-02-18,0.09399562483854085,0.047930139803774086,0.0,0.0,0.0,0.033858416848870115,0.04041410096319465,0.0,0.0,0.0,0.04041410096319465,0.0,0.1521794595550989,0.006993159751016744,0.0,0.0,0.08315811344921985,0.0,0.26271498025160595,0.0,0.0,0.0,0.17016507441536632,0.0,0.0,0.0,0.0,0.022725609720039314,0.022725609720039314,0.0,0.0,0.022725609720039314,0.0,0.0,0.0
2022-02-25,0.1200000000000001,0.033757795231432665,0.0,0.0,0.0,0.05600419281671817,0.18391850374302227,0.0,0.0,0.0,0.042448083290636776,0.0,0.20016980883900692,0.0,0.0,0.0,0.0518783875395625,0.0,0.1414704204523855,0.0,0.0,0.0,0.13724280812161033,0.0,0.0,0.0,0.0,0.008277499991406218,0.008277499991406218,0.0,0.0,0.008277499991406218,0.008277499991406218,0.0,0.0
2022-03-04,0.1531099999656247,0.031394527501413805,0.0,0.0,0.0,0.05127272257667397,0.19555379447913115,0.0,0.0,0.0,0.042448083290636776,0.0,0.18947200727001381,0.0,0.0,0.0,0.05487701202419235,0.0,0.1414704204523855,0.0,0.0,0.0,0.1404014324399278,0.0,0.0,0.0,0.0,0.0,0.0,0.0,0.0,0.0,0.0,0.0,0.0
2022-03-11,0.1531099999656249,0.03971344997081439,0.0,0.0,0.0,0.05402511062061039,0.18391850374302227,0.0,0.0,0.0,0.042448083290636776,0.0,0.19049071675636076,0.0,0.0,0.0,0.05795137323168266,0.0,0.1414704204523855,0.0,0.0,0.0,0.13687234196886244,0.0,0.0,0.0,0.0,0.0,0.0,0.0,0.0,0.0,0.0,0.0,0.0
2022-03-18,0.12,0.038979527259782966,0.0,0.0,0.0,0.07229466190891033,0.18391850374302227,0.0,0.0,0.0,0.042448083290636776,0.0,0.19025490157456634,0.0,0.0,0.0,0.04817468578175279,0.0,0.1414704204523855,0.0,0.0,0.0,0.12934921602331817,0.0,0.0,0.0,0.0066219999931249746,0.0066219999931249746,0.0066219999931249746,0.0,0.0,0.0066219999931249746,0.0066219999931249746,0.0,0.0
2022-03-25,0.6000000000000001,0.06440199064299622,0.0,0.0,0.0,0.024620005113686293,0.06609586636936006,0.0,0.0,0.0,0.04654065654330649,0.0,0.05886716506688661,0.0,0.0,0.0,0.03142720264797437,0.0,0.04654065654330649,0.0,0.0,0.0,0.05398145708029598,0.0,0.0,0.0,0.001504999998437494,0.001504999998437494,0.001504999998437494,0.0,0.0,0.001504999998437494,0.001504999998437494,0.0,0.0
2022-04-01,0.6,0.0642142641200877,0.0,0.0,0.0,0.024291632976395555,0.06609586636936006,0.0,0.0,0.0,0.04654065654330649,0.0,0.05860185354594927,0.0,0.0,0.0,0.03142720264797437,0.0,0.04654065654330649,0.0,0.0,0.0,0.054762867261432605,0.0,0.0,0.0,0.001504999998437494,0.001504999998437494,0.0,0.0,0.0,0.001504999998437494,0.001504999998437494,0.001504999998437494,0.0
2022-04-08,0.6,0.06347455335312988,0.0,0.0,0.0,0.025190858167488502,0.06609586636936006,0.0,0.0,0.0,0.04654065654330649,0.0,0.058502109966231466,0.0,0.0,0.0,0.03142720264797437,0.0,0.04654065654330649,0.0,0.0,0.0,0.05470309641701527,0.0,0.0,0.0,0.001504999998437494,0.001504999998437494,0.0,0.0,0.0,0.001504999998437494,0.001504999998437494,0.001504999998437494,0.0
2022-04-15,0.6000000000000001,0.06293184778338394,0.0,0.0,0.0,0.024451945652676967,0.06609586636936006,0.0,0.0,0.0,0.04654065654330649,0.0,0.057983690007779636,0.0,0.0,0.0,0.03142720264797437,0.0,0.04654065654330649,0.0,0.0,0.0,0.056503134460024564,0.0,0.0,0.0,0.001504999998437494,0.001504999998437494,0.0,0.0,0.0,0.001504999998437494,0.001504999998437494,0.001504999998437494,0.0
2022-04-22,0.6000000000000001,0.06353159928611456,0.0,0.0,0.0,0.02356130901488076,0.06609586636936006,0.0,0.0,0.0,0.04654065654330649,0.0,0.05809719803451841,0.0,0.0,0.0,0.03222706420713819,0.0,0.04654065654330649,0.0,0.0,0.0,0.05738565000762505,0.0,0.0,0.0,0.0,0.001504999998437494,0.0,0.0,0.0,0.001504999998437494,0.001504999998437494,0.001504999998437494,0.0
2022-04-29,0.6,0.049275858370817216,0.0,0.0,0.0,0.11951027879876676,0.020010084295097565,0.0,0.0,0.0,0.0,0.0,0.07664978537563995,0.0,0.0,0.0,0.021931327365110508,0.0,0.0716454283309071,0.0,0.0,0.0,0.03721473746756722,0.0,0.0,0.0,0.000940624999023434,0.000940624999023434,0.0,0.0,0.0,0.000940624999023434,0.000940624999023434,0.0,0.0
2022-05-06,0.5999999999999999,0.04766893001179972,0.0,0.0,0.0,0.11735745737294981,0.020010084295097565,0.0,0.0,0.0,0.0,0.0,0.07648419429795111,0.0,0.0,0.0,0.02113418427890804,0.0,0.0716454283309071,0.0,0.0,0.0,0.04193722141629296,0.0,0.0,0.0,0.0,0.0012541666653645787,0.0,0.0,0.0,0.0012541666653645787,0.0012541666653645787,0.0,0.0
2022-05-13,0.6,0.04804327377394649,0.0,0.0,0.0,0.11709581322983531,0.020010084295097565,0.0,0.0,0.0,0.0,0.0,0.07649602531356575,0.0,0.0,0.0,0.02112805508144836,0.0,0.0716454283309071,0.0,0.0,0.0,0.041818819979105734,0.0,0.0,0.0,0.0,0.0012541666653645787,0.0,0.0,0.0,0.0012541666653645787,0.0012541666653645787,0.0,0.0
2022-05-20,0.6037624999960937,0.04846247533965525,0.0,0.0,0.0,0.11714694784701447,0.020010084295097565,0.0,0.0,0.0,0.0,0.0,0.07672322218950102,0.0,0.0,0.0,0.02035373314905626,0.0,0.0716454283309071,0.0,0.0,0.0,0.041895608852674626,0.0,0.0,0.0,0.0,0.0,0.0,0.0,0.0,0.0,0.0,0.0,0.0
2022-05-27,0.6000000000000001,0.0494320818084716,0.0,0.0,0.0,0.1263280415251879,0.0930084378221632,0.0,0.0,0.0,0.0,0.0,0.07109894141810094,0.0,0.0,0.0,0.018321789348770254,0.0,0.0,0.0,0.0,0.0,0.039929458079259225,0.0,0.0,0.0,0.0003762499996093735,0.0003762499996093735,0.0,0.0,0.0,0.0003762499996093735,0.0003762499996093735,0.0003762499996093735,0.0
2022-06-03,0.6,0.0494641369254753,0.0,0.0,0.0,0.1276961688094837,0.0930084378221632,0.0,0.0,0.0,0.0,0.0,0.07233547224868106,0.0,0.0,0.0,0.018321789348770254,0.0,0.0,0.0,0.0,0.0,0.037292744847379614,0.0,0.0,0.0,0.0004703124995117169,0.0004703124995117169,0.0,0.0,0.0,0.0004703124995117169,0.0004703124995117169,0.0,0.0
2022-06-10,0.6018812499980468,0.05164979751486534,0.0,0.0,0.0,0.12779006863297548,0.0930084378221632,0.0,0.0,0.0,0.0,0.0,0.07273425131319872,0.0,0.0,0.0,0.018321789348770254,0.0,0.0,0.0,0.0,0.0,0.03461440536998012,0.0,0.0,0.0,0.0,0.0,0.0,0.0,0.0,0.0,0.0,0.0,0.0
2022-06-17,0.6018812499980468,0.05598578766116452,0.0,0.0,0.0,0.12411517109813486,0.0930084378221632,0.0,0.0,0.0,0.0,0.0,0.0744229615973498,0.0,0.0,0.0,0.018321789348770254,0.0,0.0,0.0,0.0,0.0,0.03226460247437049,0.0,0.0,0.0,0.0,0.0,0.0,0.0,0.0,0.0,0.0,0.0,0.0
2022-06-24,0.6186836147113673,0.051019737076422184,0.0,0.0,0.0,0.12441444593230204,0.0940528636576092,0.0,0.0,0.0,0.0,0.0,0.11182933862229923,0.0,0.0,0.0,0.0,0.0,0.0,0.0,0.0,0.0,0.0,0.0,0.0,0.0,0.0,0.0,0.0,0.0,0.0,0.0,0.0,0.0,0.0
2022-07-01,0.6186836147113673,0.050384797910540687,0.0,0.0,0.0,0.12208735158794347,0.0970588797612925,0.0,0.0,0.0,0.0,0.0,0.11178535602885598,0.0,0.0,0.0,0.0,0.0,0.0,0.0,0.0,0.0,0.0,0.0,0.0,0.0,0.0,0.0,0.0,0.0,0.0,0.0,0.0,0.0,0.0
2022-07-08,0.6186836147113673,0.049335399427125295,0.0,0.0,0.0,0.1230707189950519,0.09707107668233098,0.0,0.0,0.0,0.0,0.0,0.1118391901841245,0.0,0.0,0.0,0.0,0.0,0.0,0.0,0.0,0.0,0.0,0.0,0.0,0.0,0.0,0.0,0.0,0.0,0.0,0.0,0.0,0.0,0.0
2022-07-15,0.6186836147113673,0.05039141362943427,0.0,0.0,0.0,0.1247881842394797,0.0940528636576092,0.0,0.0,0.0,0.0,0.0,0.11208392376210949,0.0,0.0,0.0,0.0,0.0,0.0,0.0,0.0,0.0,0.0,0.0,0.0,0.0,0.0,0.0,0.0,0.0,0.0,0.0,0.0,0.0,0.0
2022-07-22,0.6186836147113673,0.04886371266988474,0.0,0.0,0.0,0.12357520413046155,0.09681166583881859,0.0,0.0,0.0,0.0,0.0,0.11206580264946778,0.0,0.0,0.0,0.0,0.0,0.0,0.0,0.0,0.0,0.0,0.0,0.0,0.0,0.0,0.0,0.0,0.0,0.0,0.0,0.0,0.0,0.0
2022-07-29,0.6175166207928869,0.04973073317150447,0.0,0.0,0.0,0.12302820948787259,0.09709525518927879,0.0,0.0,0.0,0.0,0.0,0.11215886885894555,0.0,0.0,0.0,0.0,0.0,0.0,0.0,0.0,0.0,0.0,0.0,0.0,0.0,0.0,0.00015677083317057233,0.0,0.0,0.0,0.0,0.00015677083317057233,0.00015677083317057233,0.0
2022-08-05,0.6175166207928868,0.047985716603284816,0.0,0.0,0.0,0.12445691694103402,0.09732555885458863,0.0,0.0,0.0,0.0,0.0,0.11224487430869395,0.0,0.0,0.0,0.0,0.0,0.0,0.0,0.0,0.0,0.0,0.0,0.0,0.0,0.0,0.00015677083317057233,0.0,0.0,0.0,0.0,0.00015677083317057233,0.00015677083317057233,0.0
2022-08-12,0.6175166207928868,0.048927950205991895,0.0,0.0,0.0,0.12220696083163168,0.0988602356895471,0.0,0.0,0.0,0.0,0.0,0.11201791998043076,0.0,0.0,0.0,0.0,0.0,0.0,0.0,0.0,0.0,0.0,0.0,0.0,0.0,0.0,9.40624999023434e-05,0.0,9.40624999023434e-05,0.0,9.40624999023434e-05,9.40624999023434e-05,9.40624999023434e-05,0.0
2022-08-19,0.6175166207928868,0.04457620041994176,0.0,0.0,0.0,0.11510914465517423,0.1071640252195939,0.0,0.0,0.0,0.0,0.0,0.11516369641289152,0.0,0.0,0.0,0.0,0.0,0.0,0.0,0.0,0.0,0.0,0.0,0.0,0.0,0.0,9.40624999023434e-05,0.0,9.40624999023434e-05,0.0,9.40624999023434e-05,9.40624999023434e-05,9.40624999023434e-05,0.0
2022-08-26,0.6353895651899717,0.013670473158241651,0.0,0.0,0.0,0.09633383545519561,0.11171755914130845,0.0,0.0,0.0,0.020589064107347996,0.0,0.11551153639106879,0.0,0.0,0.0,0.001369977900500743,0.0,0.0,0.0,0.0,0.0,0.005417988656365105,0.0,0.0,0.0,0.0,0.0,0.0,0.0,0.0,0.0,0.0,0.0,0.0
2022-09-02,0.6353895651899717,0.0253261982659544,0.0,0.0,0.0,0.09633383545519561,0.10071127592020773,0.0,0.0,0.0,0.020589064107347996,0.0,0.11705841986612876,0.0,0.0,0.0,0.0011617123600207696,0.0,0.0,0.0,0.0,0.0,0.003429928835173062,0.0,0.0,0.0,0.0,0.0,0.0,0.0,0.0,0.0,0.0,0.0,0.0
2022-09-09,0.6353895651899717,0.01846537949028955,0.0,0.0,0.0,0.09633383545519561,0.10471591761970267,0.0,0.0,0.002048991405749023,0.020589064107347996,0.0,0.11690186567675213,0.0,0.0,0.0,0.005555381054991365,0.0,0.0,0.0,0.0,0.0,0.0,0.0,0.0,0.0,0.0,0.0,0.0,0.0,0.0,0.0,0.0,0.0,0.0
2022-09-16,0.6353895651899717,0.013670473158241651,0.0,0.0,0.0,0.09633383545519561,0.09633383545519561,0.0,0.0,0.006324622210632745,0.020589064107347996,0.0,0.11700584862416159,0.000976998051992749,0.0,0.0,0.008113798933499545,0.0,0.0,0.0,0.0,0.0,0.005261958813760836,0.0,0.0,0.0,0.0,0.0,0.0,0.0,0.0,0.0,0.0,0.0,0.0
2022-09-23,0.6353895651899717,0.013670473158241651,0.0,0.0,0.0,0.09633383545519561,0.09633383545519561,0.0,0.0,0.00423192087148658,0.020589064107347996,0.0,0.11751102200298809,0.0,0.0,0.0,0.00959402875552597,0.0,0.0,0.0,0.0,0.0,0.006346255004046849,0.0,0.0,0.0,0.0,0.0,0.0,0.0,0.0,0.0,0.0,0.0,0.0
2022-09-30,0.6835217103225185,0.014090374685746632,0.0,0.0,0.0,0.09727006770560702,0.10365680696307836,0.0,0.0,0.0007680432103162519,0.020642528082885442,0.0,0.0783253243868273,0.0,0.0,0.0,0.0017251446430204772,0.0,0.0,0.0,0.0,0.0,0.0,0.0,0.0,0.0,0.0,0.0,0.0,0.0,0.0,0.0,0.0,0.0,0.0
2022-10-07,0.6835217103225185,0.016512805964376417,0.0,0.0,0.0,0.09902152584365197,0.10389604595345496,0.0,0.0,0.0,0.020642528082885442,0.0,0.07640538383311268,0.0,0.0,0.0,0.0,0.0,0.0,0.0,0.0,0.0,0.0,0.0,0.0,0.0,0.0,0.0,0.0,0.0,0.0,0.0,0.0,0.0,0.0
2022-10-14,0.6835217103225185,0.01605224180883,0.0,0.0,0.0,0.09727006770560702,0.10525524496460319,0.0,0.0,0.0,0.020642528082885442,0.0,0.07639679258056253,0.0,0.0,0.0,0.0008614145349932897,0.0,0.0,0.0,0.0,0.0,0.0,0.0,0.0,0.0,0.0,0.0,0.0,0.0,0.0,0.0,0.0,0.0,0.0
2022-10-21,0.6835217103225185,0.0168066706271715,0.0,0.0,0.0,0.09727006770560702,0.10553829079632392,0.0,0.0,0.0,0.020642528082885442,0.0,0.07622073246549359,0.0,0.0,0.0,0.0,0.0,0.0,0.0,0.0,0.0,0.0,0.0,0.0,0.0,0.0,0.0,0.0,0.0,0.0,0.0,0.0,0.0,0.0
2022-10-28,0.6833327835866805,0.042392013377949955,0.0,0.0,0.0,0.0737834194324913,0.07806364589624079,0.0,0.0,0.0,0.07213240535043114,0.0,0.05023694329376746,0.0,0.0,0.0,0.0,0.0,0.0,0.0,0.0,0.0,0.0,0.0,0.0,0.0,0.0,1.9596354146321542e-05,0.0,1.9596354146321542e-05,0.0,0.0,0.0,1.9596354146321542e-05,0.0
2022-11-04,0.6833327835866804,0.03877319894593805,0.0,0.0,0.0,0.08108758738986771,0.07685930550875936,0.0,0.0,0.0,0.07213240535043114,0.0,0.04775593015588439,0.0,0.0,0.0,0.0,0.0,0.0,0.0,0.0,0.0,0.0,0.0,0.0,0.0,0.0,1.9596354146321542e-05,0.0,1.9596354146321542e-05,0.0,0.0,0.0,1.9596354146321542e-05,0.0
2022-11-11,0.6833327835866804,0.03733137276200579,0.0,0.0,0.0,0.08106967252261368,0.07876897286954773,0.0,0.0,0.0,0.07213240535043114,0.0,0.0473060038462823,0.0,0.0,0.0,0.0,0.0,0.0,0.0,0.0,0.0,0.0,0.0,0.0,0.0,0.0,1.4697265609741156e-05,1.4697265609741156e-05,1.4697265609741156e-05,0.0,0.0,0.0,1.4697265609741156e-05,0.0
2022-11-18,0.6833327835866805,0.038070417464157305,0.0,0.0,0.0,0.07476329473150659,0.08239056884300539,0.0,0.0,0.0,0.07213240535043114,0.0,0.04925174096178023,0.0,0.0,0.0,0.0,0.0,0.0,0.0,0.0,0.0,0.0,0.0,0.0,0.0,0.0,1.1757812487792926e-05,1.1757812487792926e-05,1.1757812487792926e-05,0.0,1.1757812487792926e-05,0.0,1.1757812487792926e-05,0.0
2022-11-25,0.6841482291877852,0.02525421617587032,0.0,0.0,0.0,0.09877604311695794,0.10840674050208376,0.0,0.0,0.0,0.020666864650436347,0.0,0.06271851183564697,0.0,0.0,0.0,0.0,0.0,0.0,0.0,0.0,0.0,0.0,0.0,0.0,0.0,0.0,5.878906243896463e-06,5.878906243896463e-06,5.878906243896463e-06,0.0,5.878906243896463e-06,0.0,5.878906243896463e-06,0.0
2022-12-02,0.6841482291877852,0.0177333231670314,0.0,0.0,0.0,0.0973391358756522,0.10774974679068905,0.0,0.0,0.0038421794023595648,0.020666864650436347,0.0,0.06640873526216495,0.0,0.0,0.0,0.0020823911326618323,0.0,0.0,0.0,0.0,0.0,0.0,0.0,0.0,0.0,0.0,5.878906243896463e-06,5.878906243896463e-06,5.878906243896463e-06,0.0,5.878906243896463e-06,0.0,5.878906243896463e-06,0.0
2022-12-09,0.6841482291877852,0.023566626429289625,0.0,0.0,0.0,0.0973391358756522,0.10477308894354426,0.0,0.0,0.001030785204850226,0.020666864650436347,0.0,0.0684458751772227,0.0,0.0,0.0,0.0,0.0,0.0,0.0,0.0,0.0,0.0,0.0,0.0,0.0,5.878906243896463e-06,0.0,5.878906243896463e-06,5.878906243896463e-06,0.0,5.878906243896463e-06,0.0,5.878906243896463e-06,0.0
2022-12-16,0.6841482291877852,0.012720652306734909,0.0,0.007652425232689124,0.0,0.0973391358756522,0.0973391358756522,0.0,0.0,0.0042963811098058885,0.020666864650436347,0.0,0.0683717276047646,0.0,0.0,0.0,0.001171896405997031,0.0,0.0,0.0,0.0,0.00626415721926306,0.0,0.0,0.0,0.0,5.878906243896463e-06,5.878906243896463e-06,0.0,5.878906243896463e-06,0.0,5.878906243896463e-06,0.0,5.878906243896463e-06,0.0
2022-12-23,0.6841482291877852,0.012720652306734909,0.0,0.007592463402279836,0.0,0.0973391358756522,0.0973391358756522,0.0,0.0,0.0026264902655732942,0.020666864650436347,0.0,0.06720103998182572,0.0,0.0,0.0,0.004416591467177318,0.0,0.0,0.0,0.0,0.005920002455663536,0.0,0.0,0.0,0.0,5.878906243896463e-06,5.878906243896463e-06,5.878906243896463e-06,5.878906243896463e-06,0.0,0.0,0.0,5.878906243896463e-06,0.0
2022-12-30,0.2733342850155007,0.0,0.0,0.14499872315153653,0.005214186759986609,0.19400647045477057,0.19847478881323105,0.0,0.0,0.0,0.04138297040893232,0.0,0.11972305679758333,0.0,0.0,0.0,0.0068474343669300795,0.0,0.0,0.0,0.0,0.015988689700309297,0.0,0.0,0.0,0.0,0.0,5.878906243896463e-06,5.878906243896463e-06,5.878906243896463e-06,0.0,5.878906243896463e-06,0.0,5.878906243896463e-06,0.0
2023-01-06,0.2733342850155007,0.0,0.0,0.14045945912784796,0.0,0.19400647045477057,0.19909173217793624,0.0,0.0,0.0,0.04138297040893232,0.0,0.1223597524087678,0.0,0.0,0.0,0.013519916695386039,0.0,0.0,0.0,0.0,0.015816019179638843,0.0,0.0,0.0,0.0,5.878906243896463e-06,5.878906243896463e-06,5.878906243896463e-06,5.878906243896463e-06,0.0,5.878906243896463e-06,0.0,0.0,0.0
2023-01-13,0.2733342850155007,0.0,0.0,0.14996484838414137,0.0,0.2076168716785244,0.20471191511938372,0.0,0.0,0.0,0.04138297040893232,0.0,0.10348956007667422,0.0,0.0,0.0,0.0,0.0,0.0,0.0,0.0,0.01947015478562372,0.0,0.0,0.0,0.0,5.878906243896463e-06,5.878906243896463e-06,5.878906243896463e-06,5.878906243896463e-06,0.0,0.0,5.878906243896463e-06,0.0,0.0
2023-01-20,0.27333428501550083,0.0,0.0,0.1435569639246373,0.0,0.2209725726031352,0.20324286135029868,0.0,0.0,0.0,0.04577131250236366,0.0,0.10348956007667422,0.0,0.0,0.0,0.0,0.0,0.0,0.0,0.0,0.009603049996170742,0.0,0.0,0.0,0.0,5.878906243896463e-06,5.878906243896463e-06,5.878906243896463e-06,5.878906243896463e-06,0.0,0.0,0.0,5.878906243896463e-06,0.0
2023-01-27,0.20295265268259,0.006678580844238313,0.0,0.18200405208024345,0.0,0.18310509796159888,0.1525180277187542,0.0,0.0,0.0,0.1342625803869364,0.0,0.09427958630641649,0.0,0.0,0.0,0.018255447331817796,0.0,0.0,0.0,0.0,0.007679626481548103,0.0,0.0,0.0,0.018255447331817796,1.7801748077429564e-06,1.7801748077429564e-06,1.7801748077429564e-06,1.7801748077429564e-06,0.0,0.0,0.0,1.7801748077429564e-06,0.0
2023-02-03,0.20295265268258988,0.023294526685946,0.0,0.15927768616568413,0.0,0.20059998484781086,0.1525180277187542,0.0,0.0,0.0,0.1342625803869364,0.0,0.08789396615143107,0.0,0.0,0.0,0.018255447331817796,0.0,0.0,0.0,0.0,0.002680779823173157,0.0,0.0,0.0,0.018255447331817796,1.7801748077429564e-06,1.7801748077429564e-06,1.7801748077429564e-06,1.7801748077429564e-06,0.0,0.0,0.0,1.7801748077429564e-06,0.0
2023-02-10,0.20295265268258977,0.0,0.0,0.16732469954064416,0.0,0.19914491288124625,0.1569530114525469,0.0,0.0,0.0,0.1342625803869364,0.0,0.0809490574334961,0.0,0.0,0.0,0.018255447331817796,0.0,0.0,0.0,0.0,0.0168389387392285,0.0,0.0,0.0,0.023309798677455324,2.2252185096786953e-06,2.2252185096786953e-06,2.2252185096786953e-06,2.2252185096786953e-06,0.0,0.0,0.0,0.0,0.0
2023-02-17,0.20295265268258988,0.0,0.0,0.16631780224863055,0.0,0.19038098330524508,0.1633607408804329,0.0,0.0,0.0,0.1342625803869364,0.0,0.0809490574334961,0.0,0.0,0.0,0.018255447331817796,0.0,0.0,0.0,0.0,0.01730864142903473,0.0,0.0,0.0,0.026203193427777882,1.7801748077429564e-06,1.7801748077429564e-06,1.7801748077429564e-06,1.7801748077429564e-06,0.0,0.0,0.0,1.7801748077429564e-06,0.0
2023-02-24,0.15675521636860557,0.0,0.0,0.12964701002760354,0.003456468934237037,0.23488300514482152,0.16689001215447338,0.0,0.0,0.0,0.14209287571882612,0.0,0.08747457355434453,0.0,0.0,0.0,0.01606494189102578,0.0,0.0,0.0,0.0,0.018282667315044184,0.01606494189102578,0.0,0.0,0.028383799869560855,1.1217826079287247e-06,1.1217826079287247e-06,1.1217826079287247e-06,1.1217826079287247e-06,0.0,0.0,0.0,0.0,0.0
2023-03-03,0.15675521636860568,0.0,0.0,0.12945236750725747,0.011903487191874309,0.23335837354121305,0.1581578176098519,0.0,0.0,0.0012968521141470577,0.14209287571882612,0.0,0.08747457355434453,0.0,0.0,0.0,0.01606494189102578,0.0,0.0,0.0,0.0,0.018046872620099182,0.01606494189102578,0.0,0.0,0.029327192861297542,8.974260863429798e-07,8.974260863429798e-07,8.974260863429798e-07,8.974260863429798e-07,8.974260863429798e-07,0.0,0.0,0.0,0.0
2023-03-10,0.15675521636860557,0.0,0.0,0.13261033336453817,0.014138825355443843,0.20907679617711375,0.1634043742820568,0.0,0.0,0.014374353872082583,0.14209287571882612,0.0,0.08747457355434453,0.0010748871560483412,0.0,0.0,0.024319598003583794,0.0,0.0,0.0,0.0,0.022543795234873196,0.01606494189102578,0.0,0.0,0.01606494189102578,1.4957101439049662e-06,1.4957101439049662e-06,0.0,1.4957101439049662e-06,0.0,0.0,0.0,0.0,0.0
2023-03-17,0.15675970349903734,0.0,0.0,0.13715046474593012,0.022447555654491205,0.20306942261685215,0.1581578176098519,0.0,0.0,0.011909008599665902,0.14209287571882612,0.0,0.08747457355434453,0.0012645457269200655,0.0,0.0,0.02627804035557316,0.0,0.0,0.0,0.0,0.021266108136455995,0.01606494189102578,0.0,0.0,0.01606494189102578,0.0,0.0,0.0,0.0,0.0,0.0,0.0,0.0,0.0
2023-03-24,0.15675521636860545,0.0,0.0,0.13600746693121335,0.007194833788614021,0.20306942261685215,0.1581578176098519,0.0,0.0,0.016018637517274014,0.14209287571882612,0.0,0.08747457355434453,0.007356859291291291,0.0,0.0,0.02961380224413466,0.0,0.0,0.0,0.0,0.024124123446509126,0.01606494189102578,0.0,0.0,0.01606494189102578,0.0,0.0,0.0,1.4957101439049662e-06,1.4957101439049662e-06,1.4957101439049662e-06,0.0,0.0,0.0
2023-03-31,0.18833924901347265,0.0,0.0,0.1418676678663842,0.009638239424454367,0.01395557414476119,0.35,0.0,0.0,0.01517118334058642,0.05315015114982752,0.0,0.0,0.002613128285183287,0.0,0.0,0.024754156921312862,0.0,0.01395557414476119,0.0,0.0,0.12547290042017287,0.0,0.0,0.0,0.061080810390769534,2.7297966280252734e-07,0.0,0.0,2.7297966280252734e-07,2.7297966280252734e-07,2.7297966280252734e-07,0.0,0.0,2.7297966280252734e-07
2023-04-07,0.18456616497550982,0.0,0.0,0.1380566249717299,0.015851396193364287,0.01597904803482649,0.35,0.0,0.0,0.012641188196286337,0.05315015114982752,0.0,0.0,0.007207848192393568,0.0,0.0,0.025612118400362212,0.0,0.01395557414476119,0.0,0.0,0.12189771045185518,0.0,0.0,0.0,0.061080810390769534,2.7297966280252734e-07,0.0,0.0,2.7297966280252734e-07,2.7297966280252734e-07,2.7297966280252734e-07,2.7297966280252734e-07,0.0,0.0
2023-04-14,0.19075795125289874,0.0,0.0,0.13681555254365713,0.02173168753291454,0.03105583831636377,0.35,0.0,0.0,0.0,0.057731868540187796,0.0,0.0,0.0038887801409737874,0.0,0.0,0.01395557414476119,0.0,0.01395557414476119,0.0,0.0,0.11902499809439843,0.0,0.0,0.0,0.061080810390769534,2.7297966280252734e-07,0.0,0.0,2.7297966280252734e-07,2.7297966280252734e-07,2.7297966280252734e-07,0.0,0.0,2.7297966280252734e-07
2023-04-21,0.17837936605843785,0.0,0.0,0.13387680767930704,0.01532999029219218,0.04348531843132086,0.35,0.0,0.0,0.0,0.058576348882461646,0.0,0.0,0.016573477652393115,0.0,0.0,0.015604671850824101,0.0,0.01395557414476119,0.0,0.0,0.11313626971921861,0.0,0.0,0.0,0.061080810390769534,2.7297966280252734e-07,0.0,0.0,2.7297966280252734e-07,2.7297966280252734e-07,2.7297966280252734e-07,2.7297966280252734e-07,0.0,0.0
2023-04-28,0.056283126600343625,0.0,0.0,0.19194241761101402,0.07929546074813858,0.13879367328893358,0.18761711378326468,0.0,0.0,0.0,0.1927567840110715,0.0,0.0,0.014081624592269106,0.0,0.0,0.012894363027291317,0.0,0.0,0.0,0.0,0.013440379605052535,0.0,0.0,0.0,0.012894363027291317,0.02000013874106594,0.0,0.0,0.02000013874106594,0.02000013874106594,0.02000013874106594,0.02000013874106594,0.0,0.0
2023-05-05,0.056283126600343625,0.0025092486463400357,0.0,0.19420488298161864,0.07474659153059485,0.13293807440756983,0.193102810951341,0.0,0.0,0.0,0.1838906807831529,0.0,0.0,0.012704059719143509,0.0,0.0,0.02328787991064006,0.0,0.0,0.0,0.0,0.013437587736634499,0.0,0.0,0.0,0.012894363027291317,0.0,0.0,0.0,0.0,0.02000013874106594,0.02000013874106594,0.02000013874106594,0.02000013874106594,0.02000013874106594
2023-05-12,0.056283126600343514,0.0,0.0,0.19350156080241454,0.07754358822720604,0.13477740332434932,0.18761711378326468,0.0,0.0,0.0,0.18969433066224478,0.0,0.0,0.01153278210747523,0.0,0.0,0.0172420833181984,0.0,0.002275159113870825,0.0,0.0,0.01663779532801152,0.0,0.0,0.0,0.012894363027291317,0.0,0.0,0.0,0.0,0.02000013874106594,0.02000013874106594,0.02000013874106594,0.02000013874106594,0.02000013874106594
2023-05-19,0.056283126600343736,0.004335729483560377,0.0,0.19419502613039227,0.07662411434929192,0.1351272758486786,0.19511714132345195,0.0,0.0,0.0,0.17472275075597335,0.0,0.0,0.01168563299359361,0.0,0.0,0.020296484535011167,0.0,0.0,0.0,0.0,0.01871766124708206,0.0,0.0,0.0,0.012894363027291317,0.0,0.0,0.0,0.02500017342633242,0.02500017342633242,0.02500017342633242,0.0,0.0,0.02500017342633242
2023-05-26,0.005000034685266552,0.0029439068761158136,0.0,0.17730000005395088,0.011525455067081317,0.33848305415785546,0.06881184882473068,0.0,0.0,0.0,0.2374939149050131,0.0,0.0,0.00788628468592889,0.0,0.0,0.09235441193256745,0.0,0.0,0.0,0.0,0.041057884363758956,0.0,0.0,0.0,0.017143204447730865,0.0,0.0,0.0,0.0,0.0,0.0,0.0,0.0,0.0
2023-06-02,0.005000034685266663,0.0029272553470461138,0.0,0.17512112276268413,0.00895450812907816,0.340189919714317,0.0653367769436836,0.0,0.0,0.0,0.24391914413804602,0.0,0.0,0.008726961249103184,0.0,0.0,0.09340494825027652,0.0,0.0,0.0,0.0,0.03927612433276778,0.0,0.0,0.0,0.017143204447730865,0.0,0.0,0.0,0.0,0.0,0.0,0.0,0.0,0.0
2023-06-09,1.1102230246251565e-16,0.007649238469647181,0.0,0.17460473181089833,0.011655838508358954,0.3406174613174812,0.06357187630808081,0.0,0.0,0.0,0.2374939149050131,0.0,0.0,0.009449820093910577,0.0,0.0,0.09305818453693052,0.0,0.0,0.0,0.0,0.0397556949166819,0.0,0.0,0.0,0.017143204447730865,0.0,0.0,0.0,0.001666678228422163,0.001666678228422163,0.0,0.0,0.0,0.001666678228422163
2023-06-16,1.1102230246251565e-16,0.005339318474289867,0.0,0.1753696428831164,0.010387722091998407,0.33581274161502617,0.06892850511237836,0.0,0.0,0.0,0.2374939149050131,0.0,0.0,0.011808447807331767,0.0,0.0,0.09413959073507991,0.0,0.0,0.0,0.0,0.038576877242768565,0.0,0.0,0.0,0.017143204447730865,0.001000006937053298,0.0,0.001000006937053298,0.001000006937053298,0.001000006937053298,0.0,0.0,0.0,0.001000006937053298
2023-06-23,1.1102230246251565e-16,0.0,0.0,0.17577764725893227,0.013862734858843904,0.33077499321290904,0.06357187630808081,0.0,0.0,0.0,0.2374939149050131,0.0,0.0,0.014626873890480507,0.0,0.0,0.09970571527969009,0.0,0.0,0.0,0.0,0.042043005153052815,0.0,0.0,0.0,0.017143204447730865,0.0012500086713166222,0.0,0.0,0.0012500086713166222,0.0012500086713166222,0.0,0.0,0.0,0.0012500086713166222
2023-06-30,0.09014742418347643,0.0,0.0,0.12498738063086431,0.024976954666823523,0.35,0.04912506488710234,0.0,0.0,0.0012668741850739545,0.03354309267545886,0.0,0.0,0.012677535808023941,0.0,0.0,0.07717577699365268,0.0,0.01055810710562008,0.0,0.0,0.024733680024020516,0.038050000346852665,0.0,0.0,0.01055810710562008,0.038050000346852665,0.0,0.0,0.038050000346852665,0.038050000346852665,0.0,0.0,0.0,0.038050000346852665
2023-07-07,0.09063069930274414,0.0,0.0,0.12492697022755067,0.027521925795112097,0.35,0.04600038959032859,0.0,0.0,0.0026469999082139465,0.03354309267545886,0.0,0.0,0.013057926234099293,0.0,0.0,0.07756127743721172,0.0,0.01055810710562008,0.0,0.0,0.022744502883777287,0.038050000346852665,0.0,0.0,0.01055810710562008,0.038050000346852665,0.0,0.0,0.038050000346852665,0.038050000346852665,0.0,0.0,0.0,0.038050000346852665
2023-07-14,0.08965517360813802,0.00398944303648198,0.0,0.12353338676969386,0.027061962253480572,0.35,0.04410119978107894,0.0,0.0,0.004720780901340195,0.03354309267545886,0.0,0.0,0.013116385492961707,0.0,0.0,0.07745874154210433,0.0,0.01055810710562008,0.0,0.0,0.02145361799375807,0.0,0.0,0.0,0.01055810710562008,0.038050000346852665,0.0,0.0,0.038050000346852665,0.038050000346852665,0.038050000346852665,0.0,0.0,0.038050000346852665
2023-07-21,0.0885385454514862,0.009252824920622259,0.0,0.1217159879080279,0.027323213053767663,0.35,0.04410119978107894,0.0,0.0,0.0,0.03354309267545886,0.0,0.0,0.013000971980429264,0.0,0.0,0.0786963956415391,0.0,0.01055810710562008,0.0,0.0,0.020564554044098775,0.0,0.0,0.0,0.01245510570360763,0.038050000346852665,0.0,0.038050000346852665,0.038050000346852665,0.038050000346852665,0.0,0.0,0.0,0.038050000346852665
2023-07-28,0.08408341209752668,0.012852828833270066,0.0,0.08250985448580875,0.0574622676274446,0.35,0.04108874449968104,0.0,0.0,0.0,0.03326899450127593,0.0,0.007819749998405116,0.012788196758675626,0.0,0.0,0.07515243771277702,0.0,0.007819749998405116,0.0,0.0,0.020001763403206762,0.007819749998405116,0.0,0.0,0.007819749998405116,0.039902500017342635,0.0,0.0,0.039902500017342635,0.039902500017342635,0.039902500017342635,0.0,0.0,0.039902500017342635
2023-08-04,0.08379742169063342,0.00794149564287825,0.0,0.08353321038110725,0.058624280326577766,0.35,0.04108874449968104,0.0,0.0,0.0007087968782542368,0.03326899450127593,0.0,0.007819749998405116,0.013174669462795127,0.0,0.0,0.07339160360380698,0.0,0.007819749998405116,0.0,0.0,0.021027779820678605,0.007819749998405116,0.0,0.0,0.01047125311038289,0.039902500017342635,0.039902500017342635,0.0,0.039902500017342635,0.039902500017342635,0.0,0.0,0.0,0.039902500017342635
2023-08-11,0.08360022719215043,0.009002253682304106,0.0,0.08346719026343849,0.059416995859916284,0.35,0.04108874449968104,0.0,0.0,0.0,0.03326899450127593,0.0,0.007819749998405116,0.013130395725832376,0.0,0.0,0.07441516312895363,0.0,0.007819749998405116,0.0,0.0,0.020957256948203988,0.007819749998405116,0.0,0.0,0.008681028116315399,0.039902500017342635,0.039902500017342635,0.0,0.039902500017342635,0.039902500017342635,0.0,0.0,0.0,0.039902500017342635
2023-08-18,0.08024806893682968,0.009970522859995123,0.0,0.08294763248485454,0.05683098434756195,0.35,0.04108874449968104,0.0,0.0,0.0007652598241482492,0.03326899450127593,0.0,0.007819749998405116,0.013939004971104325,0.0,0.0,0.0751567234900041,0.0,0.007819749998405116,0.0,0.0,0.020382723803500206,0.007819749998405116,0.0,0.0,0.012429590199116356,0.0,0.039902500017342635,0.0,0.039902500017342635,0.039902500017342635,0.0,0.0,0.039902500017342635,0.039902500017342635
2023-08-25,0.08045971587678435,0.008699140862838812,0.0,0.06971585744557174,0.021562150304935995,0.35,0.06308430322421257,0.0,0.0,0.0013578723341582468,0.04805318758944664,0.0,0.015031115634765925,0.012711315561797836,0.0,0.0,0.06261156881973931,0.0,0.0,0.0,0.0,0.06673814734141298,0.0,0.0,0.0,0.0,0.0,0.03999512500086714,0.0,0.03999512500086714,0.03999512500086714,0.0,0.0,0.03999512500086714,0.03999512500086714
2023-09-01,0.07472426687797085,0.005289518842034595,0.0,0.07034256385700935,0.022101199230725,0.35,0.06308430322421257,0.0,0.0,0.0021175833709556465,0.04805318758944664,0.0,0.015031115634765925,0.013325836023417009,0.0,0.0,0.0632584913768203,0.0,0.0,0.0,0.0,0.06725427039414203,0.0,0.0,0.0,0.005442038574164519,0.0,0.03999512500086714,0.0,0.03999512500086714,0.03999512500086714,0.0,0.0,0.03999512500086714,0.03999512500086714
2023-09-08,0.07849746073971164,0.0068584793577397786,0.0,0.06976315260436242,0.021202812478992687,0.35,0.06308430322421257,0.0,0.0,0.0008361360938523432,0.04805318758944664,0.0,0.015031115634765925,0.014283419037877148,0.0,0.0,0.06573940238192953,0.0,0.0,0.0,0.0,0.06667490585277361,0.0,0.0,0.0,0.0,0.03999512500086714,0.03999512500086714,0.0,0.03999512500086714,0.03999512500086714,0.0,0.0,0.0,0.03999512500086714
2023-09-15,0.07472426687797085,0.0015353849473785034,0.0,0.07206765856424718,0.019042927960070642,0.35,0.06308430322421257,0.0,0.0,0.004914176939832837,0.04805318758944664,0.0,0.015031115634765925,0.017854646910025702,0.0,0.0,0.0649305454115198,0.0,0.0,0.0,0.0,0.06878616093619379,0.0,0.0,0.0,0.0,0.03999512500086714,0.03999512500086714,0.03999512500086714,0.0,0.03999512500086714,0.0,0.0,0.0,0.03999512500086714
2023-09-22,0.07472426687797074,0.0,0.0,0.06943770574809799,0.016636395125794762,0.35,0.06308430322421257,0.0,0.0,0.007361500766713276,0.04805318758944664,0.0,0.01667961793204953,0.020144373242566543,0.0,0.0,0.06813858177786197,0.0,0.0,0.0,0.0,0.0657644427109503,0.0,0.0,0.0,0.0,0.0,0.04999390625108392,0.0,0.04999390625108392,0.04999390625108392,0.0,0.0,0.0,0.04999390625108392
2023-09-29,0.15066035760748775,0.0,0.0,0.058727300991110565,0.016906370633246022,0.35,0.07424014984018858,0.0,0.0,0.003558276575954422,0.056687071328552,0.0,0.019148841004800052,0.02098621022760973,0.0,0.0,0.0699459983724357,0.0,0.0,0.0,0.0,0.07915161091644747,0.0,0.0,0.0,0.0,0.0,0.033329270834055943,0.0,0.0,0.033329270834055943,0.0,0.0,0.0,0.033329270834055943
2023-10-06,0.15066035760748775,0.001524833831432881,0.0,0.053724952758899075,0.023935948920625644,0.35,0.07424014984018858,0.0,0.0,0.0072941942249349434,0.056687071328552,0.0,0.01755307851163658,0.018324365152354857,0.0,0.0,0.06922087774284086,0.0,0.0,0.0,0.0,0.07684635757887913,0.0,0.0,0.0,0.0,0.0,0.033329270834055943,0.0,0.0,0.033329270834055943,0.0,0.0,0.0,0.033329270834055943
2023-10-13,0.15066035760748764,0.01022915235823702,0.0,0.054030810212615826,0.02334353225324458,0.35,0.07424014984018858,0.0,0.0,0.0008661605182374149,0.056687071328552,0.0,0.023409687175585094,0.015235005122008193,0.0,0.0,0.06638945136077007,0.0,0.0,0.0,0.0,0.07492080972090576,0.0,0.0,0.0,0.0,0.0,0.033329270834055943,0.0,0.0,0.033329270834055943,0.0,0.0,0.0,0.033329270834055943
2023-10-20,0.25064817010965545,0.012139234505828525,0.0,0.050919405563594325,0.026807406723958115,0.35,0.07424014984018858,0.0,0.0,0.0,0.056687071328552,0.0,0.023972836794950013,0.015444234507982223,0.0,0.0,0.06516881425480445,0.0,0.0,0.0,0.0,0.07397267637048631,0.0,0.0,0.0,0.0,0.0,0.0,0.0,0.0,0.0,0.0,0.0,0.0,0.0
2023-10-27,0.16399463750095378,0.010527855649628728,0.0,0.030762294514416387,0.03228705470385024,0.288883766525317,0.060429094003509924,0.0,0.0,0.0,0.23215547704828202,0.0,0.029459738592925964,0.013051250938276337,0.0,0.0,0.0622983467607356,0.0,0.0,0.0,0.0,0.07615048376210395,0.0,0.0,0.0,0.0,0.0,0.0,0.0,0.0,0.0,0.0,0.0,0.0,0.0
2023-11-03,0.12,0.01162307064231651,0.0,0.03276949937440236,0.028790265954163896,0.28584287739344966,0.06244699391643784,0.0,0.0,0.0,0.23215547704828202,0.0,0.03127721730396706,0.01452012496575593,0.0,0.0,0.060429352138166886,0.0,0.0,0.0,0.0,0.07615048376210395,0.0,0.0,0.0,0.0,0.0,0.010998659375238461,0.010998659375238461,0.0,0.010998659375238461,0.0,0.0,0.0,0.010998659375238461
2023-11-10,0.12,0.013738475207142555,0.0,0.03172792925396081,0.026529444442421075,0.28584287739344966,0.06430784009768731,0.0,0.0,0.0,0.23215547704828202,0.0,0.02630566856639168,0.013733229927869467,0.0,0.0,0.06551393679973759,0.0,0.0,0.0,0.0,0.07615048376210395,0.0,0.0,0.0,0.0,0.0,0.0,0.010998659375238461,0.010998659375238461,0.010998659375238461,0.0,0.0,0.0,0.010998659375238461
2023-11-17,0.1200000000000001,0.01491237203780493,0.0,0.030762294514416387,0.022881543875232748,0.2915717632766808,0.05789214850561191,0.0,0.0,0.0,0.23215547704828202,0.0,0.034013061971044395,0.01254092514735317,0.0,0.0,0.06312529236051583,0.0,0.0,0.0,0.0,0.07615048376210395,0.0,0.0,0.0,0.0,0.0,0.008798927500190769,0.008798927500190769,0.008798927500190769,0.008798927500190769,0.0,0.0,0.0,0.008798927500190769
2023-11-24,1.1102230246251565e-16,0.03469455150227831,0.0,0.04711502919202652,0.0028486121580995087,0.2717414031919847,0.22519653579528767,0.0,0.0,0.0,0.05177233008550464,0.0,0.024891447133998497,0.03319683485375764,0.0,0.0,0.05291944990681535,0.0,0.0,0.0,0.0,0.0,0.0,0.0,0.0,0.06312411086769297,0.03849993906251084,0.0,0.03849993906251084,0.03849993906251084,0.03849993906251084,0.0,0.0,0.0,0.03849993906251084
2023-12-01,1.1102230246251565e-16,0.03850981959518415,0.0,0.04711502919202652,0.00260489048877409,0.2725480223525257,0.22861145866469348,0.0,0.0,0.0,0.05177233008550464,0.0,0.02558131753696237,0.02842076772340677,0.0,0.0,0.04921255818067508,0.0,0.0,0.0,0.0,0.0,0.0,0.0,0.0,0.06312411086769297,0.03849993906251084,0.0,0.03849993906251084,0.03849993906251084,0.03849993906251084,0.0,0.0,0.0,0.03849993906251084
2023-12-08,1.1102230246251565e-16,0.038763584253735495,0.0,0.04711502919202652,0.007367491976224972,0.26786406677592334,0.2300117166657487,0.0,0.0,0.0,0.05177233008550464,0.0,0.015259718035477448,0.03318016322387013,0.0,0.0,0.05304209361124157,0.0,0.0,0.0,0.0,0.0,0.03849993906251084,0.0,0.0,0.06312411086769297,0.0,0.0,0.03849993906251084,0.03849993906251084,0.03849993906251084,0.0,0.0,0.0,0.03849993906251084
2023-12-15,1.1102230246251565e-16,0.038444811079875366,0.0,0.04711502919202652,0.0017940203016106131,0.2636653610753514,0.2323289371428697,0.0,0.0,0.0,0.05177233008550464,0.0,0.01248555390783247,0.03451211535740434,0.0,0.0,0.062258035677277786,0.0,0.0,0.0,0.0,0.0,0.03849993906251084,0.0,0.0,0.06312411086769297,0.0,0.0,0.03849993906251084,0.03849993906251084,0.03849993906251084,0.0,0.0,0.0,0.03849993906251084
2023-12-22,3.3306690738754696e-16,0.023601789421550827,0.0,0.056142098290024776,0.006476435121347493,0.26246464886875764,0.22755536900732684,0.0,0.0,0.0,0.05177233008550463,0.0,0.01135178078218832,0.03701758549674985,0.0,0.0,0.06364561197299985,0.0,0.0,0.0,0.0,0.004348544773302412,0.038499939062510834,0.0,0.0,0.06312411086769296,0.0,0.0,0.038499939062510834,0.038499939062510834,0.038499939062510834,0.0,0.0,0.0,0.038499939062510834
2023-12-29,1.1102230246251565e-16,0.020238660279335234,0.0,0.05646246103923621,0.009311147959155242,0.2594797093962065,0.22109565031861692,0.0,0.0,0.0,0.04897809804237433,0.0,0.04897809804237433,0.03676010984045552,0.0,0.0,0.06164758074991187,0.0,0.009668279535169839,0.0,0.0,0.008418660961196499,0.04959327648829539,0.0,0.0,0.009668279535169839,0.0,0.0,0.03992499695312555,0.03992499695312555,0.03992499695312555,0.0,0.0,0.0,0.03992499695312555
2024-01-05,1.1102230246251565e-16,0.02560153542722466,0.0,0.05186599020527723,0.006891685483504686,0.26576077672962733,0.22524342607783265,0.0,0.0,0.0,0.04897809804237433,0.0,0.04897809804237433,0.03546299556884756,0.0,0.0,0.05609935729810006,0.0,0.009668279535169839,0.0,0.0,0.00504203673434996,0.051039453507645244,0.0,0.0,0.009668279535169839,0.0,0.0,0.03992499695312555,0.03992499695312555,0.03992499695312555,0.0,0.0,0.03992499695312555,0.0
2024-01-12,1.1102230246251565e-16,0.020238660279335234,0.0,0.05359918078068523,0.008290284635482087,0.2564682185587462,0.22641575202693862,0.0,0.0,0.00604115955606277,0.05036951536203067,0.0,0.04897809804237433,0.03392306066367147,0.0,0.0,0.059333140008165586,0.0,0.009668279535169839,0.0,0.0,0.005746753825652063,0.05155962937801381,0.0,0.0,0.009668279535169839,0.0,0.0,0.03992499695312555,0.03992499695312555,0.03992499695312555,0.0,0.0,0.03992499695312555,0.0
2024-01-19,1.1102230246251565e-16,0.020238660279335234,0.0,0.04855514150791507,0.005012409437099271,0.25247564691538943,0.23224832676490562,0.0,0.0,0.006815506758669143,0.05588426849694383,0.0,0.04897809804237433,0.033897512445728875,0.0,0.0,0.059436595170670826,0.0,0.009668279535169839,0.0,0.0,0.0019121926784077961,0.0555090946197186,0.0,0.0,0.009668279535169839,0.0,0.0,0.03992499695312555,0.03992499695312555,0.03992499695312555,0.0,0.0,0.0,0.03992499695312555
2024-01-26,1.1102230246251565e-16,0.09598972373082745,0.0,0.06745833780667143,0.00947676293973839,0.05702912037185611,0.26982625886021244,0.0,0.0,0.0105004274683231,0.2023013413292035,0.0,0.0,0.06885215674908071,0.0,0.0,0.07999801986583233,0.0,0.0,0.0,0.0,0.009367744755895815,0.03884345633608034,0.0,0.0,0.010506655880027256,0.0,0.0,0.019962498476562774,0.019962498476562774,0.019962498476562774,0.0,0.0,0.019962498476562774,0.0
2024-02-02,2.220446049250313e-16,0.09598972373082745,0.0,0.06938680334436984,0.008624896660555643,0.05702912037185611,0.2672108065224555,0.0,0.0,0.00965758324809283,0.20239355879620857,0.0,0.0,0.0698247154477147,0.0,0.0,0.07922952763101712,0.0,0.0,0.0,0.0,0.01130168562627154,0.019032430357789523,0.0,0.0,0.010506655880027256,0.0,0.0,0.019962498476562774,0.019962498476562774,0.019962498476562774,0.0,0.0,0.019962498476562774,0.019962498476562774
2024-02-09,2.220446049250313e-16,0.09598972373082745,0.0,0.06896903622471551,0.009899579776579757,0.05702912037185611,0.2716079609940368,0.0,0.0,0.002197804869667565,0.19840388062376368,0.0,0.0,0.07303014112928119,0.0,0.0,0.08368097810906064,0.0,0.0,0.0,0.0,0.009698903390353545,0.019173722517016576,0.0,0.0,0.010506655880027256,0.0,0.0,0.019962498476562774,0.019962498476562774,0.019962498476562774,0.0,0.0,0.019962498476562774,0.019962498476562774
2024-02-16,2.220446049250313e-16,0.09598972373082745,0.0,0.07179459089960549,0.016255249218748786,0.05702912037185611,0.26896489405853746,0.0,0.0,0.002645990763987086,0.20194179888331779,0.0,0.0,0.06812444022662802,0.0,0.0,0.07922050449094278,0.0,0.0,0.0,0.0,0.009369337430441188,0.01834520166226663,0.0,0.0,0.010506655880027256,0.0,0.0,0.019962498476562774,0.019962498476562774,0.019962498476562774,0.0,0.0,0.019962498476562774,0.019962498476562774
2024-02-23,0.0,0.03144653180593341,0.0,0.013511420925937807,0.012566025743475935,0.1921516581066574,0.20597956447777896,0.0,0.0,0.003995570402708656,0.1336715280975772,0.0,0.0,0.06320147847813881,0.0,0.0,0.08317800168475603,0.0,0.0,0.0,0.0,0.0024124192825859545,0.015216307804265534,0.0,0.0,0.009678868571043575,0.0,0.0,0.046598124923828144,0.046598124923828144,0.046598124923828144,0.0,0.0,0.046598124923828144,0.046598124923828144
2024-03-01,0.0,0.03144653180593341,0.0,0.017688610044876634,0.01221789319328245,0.1921516581066574,0.20181354871271276,0.0,0.0,0.007511980283649585,0.12889671393141494,0.0,0.0,0.0642794995930628,0.0,0.0,0.08285879178620005,0.0,0.0,0.0,0.0,0.006333448726341486,0.012131830625684195,0.0,0.0,0.009678868571043575,0.0,0.0,0.046598124923828144,0.046598124923828144,0.046598124923828144,0.0,0.0,0.046598124923828144,0.046598124923828144
2024-03-08,0.0,0.03781990279112991,0.0,0.018215984969186555,0.011044914511973493,0.1921516581066574,0.20316229638100247,0.0,0.0,0.0015606119814049113,0.1317124668555559,0.0,0.0,0.06242400222465515,0.0,0.0,0.08258779915338725,0.0,0.0,0.0,0.0,0.00697200126381907,0.009678868571043575,0.0,0.0,0.009678868571043575,0.046598124923828144,0.0,0.046598124923828144,0.046598124923828144,0.046598124923828144,0.0,0.0,0.046598124923828144,0.0
2024-03-15,0.0,0.04074656714753848,0.0,0.01669387389083162,0.010194061332744812,0.1921516581066574,0.19969329029424862,0.0,0.0,0.007072921010837216,0.12722998829154542,0.0,0.0,0.06303872428758497,0.0,0.0,0.08380846253131034,0.0,0.0,0.0,0.0,0.0053624992898750525,0.011338460626641761,0.0,0.0,0.009678868571043575,0.046598124923828144,0.0,0.046598124923828144,0.046598124923828144,0.046598124923828144,0.0,0.0,0.046598124923828144,0.0
2024-03-22,0.0,0.03144653180593341,0.0,0.01936944624735739,0.012474284310871274,0.1921516581066574,0.19782243491168353,0.0,0.0,0.009193454869968323,0.12722998829154542,0.0,0.0,0.06441744593337041,0.0,0.0,0.0873742643215314,0.0,0.0,0.0,0.0,0.006172129439853551,0.009678868571043575,0.0,0.0,0.009678868571043575,0.046598124923828144,0.0,0.046598124923828144,0.046598124923828144,0.046598124923828144,0.0,0.0,0.046598124923828144,0.0
2024-03-29,1.1102230246251565e-16,0.0559808058324396,0.0,0.07361397776643955,0.044224204276532585,0.008188121013327674,0.1984587644961795,0.0,0.0,0.007775600597199216,0.18752704726771444,0.0,0.008188121013327674,0.01734978955125491,0.0,0.0,0.10614210950735627,0.0,0.008188121013327674,0.0,0.0,0.00760555258859691,0.0669201328320192,0.0,0.0,0.008188121013327674,0.04032990624619141,0.0,0.04032990624619141,0.04032990624619141,0.04032990624619141,0.0,0.0,0.04032990624619141,0.0
2024-04-05,0.0,0.06102392458427308,0.0,0.07335894028438691,0.04384838884520689,0.008188121013327674,0.1957151682810421,0.0,0.0,0.009459245661372025,0.18752704726771444,0.0,0.008188121013327674,0.01816031719274977,0.0,0.0,0.10703431622571502,0.0,0.008188121013327674,0.0,0.0,0.0044804366597213825,0.06499019971355059,0.0,0.0,0.008188121013327674,0.04032990624619141,0.04032990624619141,0.04032990624619141,0.04032990624619141,0.04032990624619141,0.0,0.0,0.0,0.0
2024-04-12,1.1102230246251565e-16,0.05251031064114926,0.0,0.07640846531492851,0.045466871087773565,0.011044134484701788,0.1957151682810421,0.0,0.0,0.009688801768097699,0.18752704726771444,0.0,0.008188121013327674,0.017577942612783698,0.0,0.0,0.10393593321191835,0.0,0.008188121013327674,0.0,0.0,0.00890170468542756,0.0650097263735229,0.0,0.0,0.008188121013327674,0.04032990624619141,0.04032990624619141,0.04032990624619141,0.04032990624619141,0.04032990624619141,0.0,0.0,0.0,0.0
2024-04-19,0.0,0.06965972943869107,0.0,0.07331756887056258,0.042059844309446856,0.008188121013327674,0.1957151682810421,0.0,0.0,0.007365389188620413,0.18752704726771444,0.0,0.008188121013327674,0.014325256703452364,0.0,0.0,0.10418048568748928,0.0,0.008188121013327674,0.0,0.0,0.007376035046127578,0.06407145992258556,0.0,0.0,0.008188121013327674,0.04032990624619141,0.04032990624619141,0.04032990624619141,0.04032990624619141,0.0,0.0,0.04032990624619141,0.0,0.0
2024-04-26,0.008374922736402834,0.07625268429765145,0.0,0.0786219570710889,0.07327962995929313,0.009083290148921093,0.35,0.0,0.0,0.008537468076886112,0.030812469480240943,0.0,0.009083290148921093,0.01875955166755061,0.0,0.0,0.11950916492395339,0.0,0.0,0.0,0.0,0.007777515724690755,0.0,0.0,0.0,0.009083290148921093,0.040164953123095704,0.040164953123095704,0.040164953123095704,0.040164953123095704,0.0,0.0,0.040164953123095704,0.0,0.0
2024-05-03,0.008374922736402945,0.07175955820361907,0.0,0.07336963739299057,0.0720353835861034,0.009083290148921093,0.35,0.0,0.0,0.013310716343106101,0.030812469480240943,0.0,0.009083290148921093,0.02044691206612549,0.0,0.0,0.12464043185142432,0.0,0.0,0.0,0.0,0.007175332277745393,0.0,0.0,0.0,0.009083290148921093,0.040164953123095704,0.040164953123095704,0.040164953123095704,0.040164953123095704,0.0,0.0,0.040164953123095704,0.0,0.0
2024-05-10,0.008374922736402945,0.08529701912252304,0.0,0.06858768390375387,0.06339076920217958,0.024454708570376245,0.35,0.0,0.0,0.003553044139335133,0.030812469480240943,0.0,0.009083290148921093,0.02043753879791657,0.0,0.0,0.12302551609248424,0.0,0.0,0.0,0.0,0.00307498204146677,0.0,0.0,0.0,0.009083290148921093,0.040164953123095704,0.040164953123095704,0.040164953123095704,0.040164953123095704,0.0,0.0,0.040164953123095704,0.0,0.0
2024-05-17,0.008374922736402945,0.08311790186104497,0.0,0.06858768390375387,0.06592375239649492,0.039973230429830864,0.35,0.0,0.0,0.0038532175229593364,0.030812469480240943,0.0,0.009083290148921093,0.01637678985696671,0.0,0.0,0.11398868589898475,0.0,0.0,0.0,0.0,0.0,0.0,0.0,0.0,0.009083290148921093,0.040164953123095704,0.040164953123095704,0.040164953123095704,0.040164953123095704,0.0,0.0,0.040164953123095704,0.0,0.0
2024-05-24,0.008374922736402945,0.08493162859991434,0.0,0.06858768390375387,0.06438992533533927,0.04073727391681713,0.35,0.0,0.0,0.0021144155075959255,0.030812469480240943,0.0,0.009083290148921093,0.011366582270938546,0.0,0.0,0.11969375233567636,0.0,0.0,0.0,0.0,0.0,0.0,0.0,0.0,0.009083290148921093,0.040164953123095704,0.0,0.040164953123095704,0.040164953123095704,0.040164953123095704,0.0,0.040164953123095704,0.0,0.0
2024-05-31,0.0,0.07515014625634099,0.0,0.06558366075573151,0.0036155789700082854,0.2572065891370064,0.17656588467322265,0.0,0.0,0.004662818034942269,0.03158488000625226,0.0,0.030923764670779133,0.011165675080580872,0.0,0.0,0.08319789085229864,0.0,0.007433957760687683,0.0,0.0,0.0,0.007433957760687683,0.0,0.0,0.007433957760687683,0.04760824765615479,0.04760824765615479,0.04760824765615479,0.04760824765615479,0.0,0.0,0.04760824765615479,0.0,0.0
2024-06-07,0.0,0.07049580951890243,0.0,0.06286845451170216,0.004566716365164143,0.2564169140021048,0.17656588467322265,0.0,0.0,0.0,0.03158488000625226,0.0,0.030923764670779133,0.013143338112286677,0.0,0.0,0.08624340563812226,0.0,0.007433957760687683,0.0,0.0,0.0,0.007433957760687683,0.0,0.0,0.01428167869931414,0.0,0.04760824765615479,0.04760824765615479,0.0,0.04760824765615479,0.04760824765615479,0.04760824765615479,0.0,0.0
2024-06-14,0.0,0.0704231773279482,0.0,0.0695995220380095,0.0,0.25543268417967757,0.17656588467322265,0.0,0.0,0.0,0.03158488000625226,0.0,0.030923764670779133,0.012571913739021709,0.0,0.0,0.08607631558870099,0.0,0.007433957760687683,0.0,0.0,0.004621934003238277,0.007433957760687683,0.0,0.0,0.009290769971000416,0.0,0.0,0.04760824765615479,0.0,0.04760824765615479,0.04760824765615479,0.04760824765615479,0.04760824765615479,0.0
2024-06-21,0.0,0.05507468691634371,0.0,0.07020654509940756,0.0,0.2569887969143717,0.17656588467322265,0.0,0.0,0.0,0.03158488000625226,0.0,0.030923764670779133,0.016330159027604686,0.0,0.0,0.08757893002362127,0.0,0.007433957760687683,0.0,0.0,0.0025709316125580133,0.007433957760687683,0.0,0.0,0.019266267253689684,0.0,0.0,0.04760824765615479,0.0,0.04760824765615479,0.04760824765615479,0.04760824765615479,0.04760824765615479,0.0
2024-06-28,0.0,0.06411594873015689,0.0,0.07057333593889908,0.0,0.24797185142625378,0.17382630221821843,0.0,0.0,0.0,0.03155920204507703,0.0,0.0075020848931431575,0.0182159966245474,0.0,0.0,0.0878826214833422,0.0,0.0075020848931431575,0.0,0.0,0.002261697720114201,0.0075020848931431575,0.0,0.0,0.04118472721992284,0.0,0.047980412382807744,0.047980412382807744,0.0,0.047980412382807744,0.047980412382807744,0.047980412382807744,0.0,0.0
2024-07-05,1.1102230246251565e-16,0.06863673513967022,0.0,0.07677503700675752,0.00272749771531608,0.24744751851155158,0.1738263022182184,0.0,0.0,0.0,0.03155920204507702,0.0,0.007502084893143156,0.01319697718618831,0.0,0.0,0.08393594182510183,0.0,0.007502084893143156,0.0,0.0,0.008887286531438538,0.007502084893143156,0.0,0.0,0.03059918522721221,0.0,0.0,0.04798041238280773,0.0,0.04798041238280773,0.04798041238280773,0.04798041238280773,0.0,0.04798041238280773
2024-07-12,0.0,0.06555458984517687,0.0,0.0753099390629726,0.0026397130939734685,0.24318317102619844,0.17382630221821843,0.0,0.0,0.0,0.03155920204507703,0.0,0.0075020848931431575,0.016947863235050677,0.0,0.0,0.08827460870919278,0.0,0.0075020848931431575,0.0,0.0,0.009697108943459366,0.0075020848931431575,0.0,0.0,0.030599185227212215,0.0,0.0,0.047980412382807744,0.0,0.047980412382807744,0.047980412382807744,0.047980412382807744,0.0,0.047980412382807744
2024-07-19,0.0,0.06627407213921913,0.0,0.06831620406124778,0.0,0.24558829993133252,0.17382630221821843,0.0,0.0,0.0,0.03155920204507703,0.0,0.0075020848931431575,0.02005934102698354,0.0,0.0,0.09293139379964815,0.0,0.0075020848931431575,0.0,0.0,0.0,0.0554824972759509,0.0,0.0,0.039036868184805264,0.0,0.0,0.047980412382807744,0.0,0.047980412382807744,0.0,0.047980412382807744,0.0,0.047980412382807744
2024-07-26,2.220446049250313e-16,0.08130855477691067,0.0,0.013946249580006431,0.0,0.20909431110952126,0.14182335096906692,0.0,0.0,0.0,0.1322360517999542,0.0,0.0,0.019842201211914334,0.0,0.0,0.09728802368952039,0.0,0.009587299169112721,0.0,0.0,0.0,0.0499863197882531,0.0,0.0,0.08329155542917822,0.0,0.0,0.040399020619140386,0.0,0.040399020619140386,0.0,0.040399020619140386,0.040399020619140386,0.0
2024-08-02,1.1102230246251565e-16,0.07732394328059107,0.0,0.015952565081380172,0.010018505129686694,0.21470361576695401,0.14182335096906692,0.0,0.0,0.0024853466845931207,0.1322360517999542,0.0,0.0,0.02050505959723313,0.0,0.0,0.09557031320864551,0.0,0.009587299169112721,0.0,0.0,0.00221687340394952,0.0499863197882531,0.0,0.0,0.06599467364401808,0.0,0.0,0.040399020619140386,0.0,0.0,0.040399020619140386,0.040399020619140386,0.040399020619140386,0.0
2024-08-09,3.3306690738754696e-16,0.08169714370153452,0.0,0.022189406915914575,0.004838341998782187,0.2136517226096719,0.14182335096906692,0.0,0.0,0.0,0.1322360517999542,0.0,0.0,0.01641151633254591,0.0,0.0,0.09137799442314518,0.0,0.009587299169112721,0.0,0.0,0.00376428268354368,0.0499863197882531,0.0,0.0,0.07084048713191335,0.0,0.0,0.040399020619140386,0.0,0.0,0.040399020619140386,0.040399020619140386,0.040399020619140386,0.0
2024-08-16,2.220446049250313e-16,0.07732394328059107,0.0,0.01717834781075285,0.009968547439589309,0.21218980540377277,0.14182335096906692,0.0,0.0,0.007723326719916997,0.1322360517999542,0.0,0.0,0.014046995921905281,0.0,0.0,0.08698612964957561,0.0,0.009587299169112721,0.0,0.0,0.004687640191670336,0.0499863197882531,0.0,0.0,0.07466615937927706,0.0,0.0,0.040399020619140386,0.0,0.040399020619140386,0.040399020619140386,0.040399020619140386,0.0,0.0
2024-08-23,3.3306690738754696e-16,0.07902790986968751,0.0,0.009587299169112721,0.006192823158607738,0.2143626070796854,0.14182335096906692,0.0,0.0,0.009993991213660989,0.1322360517999542,0.0,0.0,0.017618463750767057,0.0,0.0,0.09011265260306434,0.0,0.009587299169112721,0.0,0.0,0.001596848982787126,0.060269946113913425,0.0,0.0,0.06599467364401808,0.0,0.0,0.040399020619140386,0.0,0.0,0.040399020619140386,0.040399020619140386,0.040399020619140386,0.0
2024-08-30,0.0,0.1157097409306001,0.0,0.0683796469110498,0.0,0.20727507585898355,0.12272870845877852,0.0,0.0,0.02025005637368715,0.11444775622166327,0.0,0.0,0.01423320192974466,0.0,0.0,0.09545941899543262,0.0,0.008280952237115256,0.0,0.0,0.0,0.06415644860754906,0.0,0.0,0.008280952237115256,0.0,0.0,0.0401995103095702,0.0,0.0,0.0401995103095702,0.0401995103095702,0.0401995103095702,0.0
2024-09-06,0.0,0.1115990241825233,0.0,0.0683796469110498,0.0,0.2153139662013346,0.12272870845877852,0.0,0.0,0.003800615245086011,0.11818127180829543,0.0,0.0,0.007938360035209285,0.0,0.0,0.09287067288139081,0.0,0.016979750250833828,0.0,0.0,0.0,0.07312899055010236,0.0,0.0,0.008280952237115256,0.0,0.0,0.0401995103095702,0.0,0.0,0.0401995103095702,0.0401995103095702,0.0401995103095702,0.0
2024-09-13,0.0,0.12018890069892534,0.0,0.0683796469110498,0.0,0.2163094725432149,0.12272870845877852,0.0,0.0,0.003940148385171515,0.11444775622166327,0.0,0.0,0.005242752334523945,0.0,0.0,0.0925495096123495,0.0,0.008280952237115256,0.0,0.0,0.0,0.07475756774086402,0.0,0.0,0.012376543618063158,0.0,0.0,0.0401995103095702,0.0,0.0,0.0401995103095702,0.0401995103095702,0.0,0.0401995103095702
2024-09-20,0.0,0.1115990241825233,0.0,0.0683796469110498,0.0,0.22036824554104495,0.12272870845877852,0.0,0.0,0.004408675284953878,0.11444775622166327,0.0,0.0,0.014913206872115496,0.0,0.0,0.09816087944544254,0.0,0.008280952237115256,0.0,0.0,0.0,0.063111166812043,0.0,0.0,0.012803696794989246,0.0,0.0,0.0401995103095702,0.0,0.0,0.0401995103095702,0.0401995103095702,0.0,0.0401995103095702
2024-09-27,0.0,0.0,0.0,0.011827239449845388,0.0014897155502756488,0.21118587051656018,0.11331237220972687,0.0,0.0,0.011198426428476217,0.10568566274556361,0.0,0.0,0.012661388065325851,0.0,0.0,0.09316855080686945,0.0,0.007626709464163266,0.0,0.0,0.0,0.2638183346798898,0.0,0.0,0.007626709464163266,0.0,0.0,0.0,0.0400997551547851,0.0,0.0400997551547851,0.0400997551547851,0.0,0.0400997551547851
2024-10-04,0.0,0.005467093211025586,0.0,0.01222725635240058,0.0,0.21482565447305424,0.11331237220972687,0.0,0.0,0.004731820282143383,0.10568566274556361,0.0,0.0,0.009352974520369381,0.0,0.0,0.09347842845597484,0.0,0.007626709464163266,0.0,0.0,0.0,0.26526629820227454,0.0,0.0,0.007626709464163266,0.0,0.0,0.0400997551547851,0.0400997551547851,0.0,0.0400997551547851,0.0400997551547851,0.0,0.0
2024-10-11,2.220446049250313e-16,0.0031333689520718047,0.0,0.009446417570317823,0.0,0.20357807078485712,0.11331237220972687,0.0,0.0,0.0024815457149385952,0.1208163799298101,0.0,0.0,0.0,0.0,0.0,0.08447442548179349,0.0,0.02646318015061388,0.0,0.0,0.0,0.26826850912256656,0.0,0.0,0.007626709464163266,0.0,0.0,0.0400997551547851,0.0400997551547851,0.0,0.0400997551547851,0.0400997551547851,0.0,0.0
2024-10-18,0.0,0.006320246035790031,0.0,0.007626709464163266,0.0,0.20606395248108703,0.11331237220972687,0.0,0.0,0.009008563395864179,0.10568566274556361,0.0,0.0,0.004646394352984138,0.0,0.0,0.09114555937513871,0.0,0.011720405982888982,0.0,0.0,0.0,0.27644440387348945,0.0,0.0,0.007626709464163266,0.0,0.0,0.0400997551547851,0.0400997551547851,0.0400997551547851,0.0,0.0400997551547851,0.0,0.0
2024-10-25,0.0,0.0,0.0,0.01152519644498718,0.0,0.20034069692248982,0.00733672636961206,0.0,0.0,0.010057976274310947,0.10124568300209473,0.0,0.0,0.01245999622960956,0.0,0.0,0.09617692990953948,0.0,0.1085824093717068,0.0,0.0,0.0021191806013569382,0.2826189681951102,0.0,0.0,0.00733672636961206,0.0,0.0,0.040049877577392555,0.0,0.040049877577392555,0.0,0.040049877577392555,0.0,0.040049877577392555
2024-11-01,2.220446049250313e-16,0.007311101033307972,0.0,0.009543748580468739,0.0,0.20282428824947787,0.00733672636961206,0.0,0.0,0.0,0.10124568300209473,0.0,0.0,0.00969964203725936,0.0,0.0,0.08952859894258051,0.0,0.1085824093717068,0.0,0.0,0.0,0.2789623406949397,0.0,0.0,0.024765951408982016,0.0,0.0,0.040049877577392555,0.0,0.040049877577392555,0.0,0.040049877577392555,0.0,0.040049877577392555
2024-11-08,1.1102230246251565e-16,0.0032487790761629256,0.0,0.00733672636961206,0.0,0.21116229652615331,0.00733672636961206,0.0,0.0,0.0014348178140724359,0.10124568300209473,0.0,0.0,0.009961356504226408,0.0,0.0,0.0918428645612788,0.0,0.1085824093717068,0.0,0.0,0.0,0.26275868288345344,0.0,0.0,0.03489014721205676,0.0,0.0,0.040049877577392555,0.040049877577392555,0.040049877577392555,0.0,0.0,0.0,0.040049877577392555
2024-11-15,0.0,0.0037230860136378456,0.0,0.00733672636961206,0.0,0.21173882194221819,0.00733672636961206,0.0,0.0,0.004499709997785214,0.10124568300209473,0.0,0.0,0.010457236136378235,0.0,0.0,0.09556044269520227,0.0,0.1085824093717068,0.0,0.0,0.0,0.2662180656060033,0.0,0.0,0.02310158218617908,0.0,0.0,0.040049877577392555,0.040049877577392555,0.0,0.0,0.040049877577392555,0.0,0.040049877577392555
2024-11-22,0.0,0.0115852316089724,0.0,0.00733672636961206,0.0,0.2061083754608348,0.00733672636961206,0.0,0.0,0.004331178620820642,0.10124568300209473,0.0,0.0,0.013667263930558586,0.0,0.0,0.09246680959519989,0.0,0.1085824093717068,0.0,0.0,0.0,0.27756842893141015,0.0,0.0,0.009571656429607635,0.0,0.0,0.040049877577392555,0.040049877577392555,0.0,0.0,0.040049877577392555,0.0,0.040049877577392555
2024-11-29,1.1102230246251565e-16,0.003882953009155663,0.0,0.0,0.0,0.24075180646938607,0.04186794932073569,0.0,0.0,0.0043276046849414305,0.12761674679061952,0.0,0.0,0.012068484752117553,0.0,0.0,0.10159219421931313,0.0,0.0,0.0,0.0,0.0,0.232088116811774,0.0,0.0,0.07570438878717169,0.0,0.0,0.04002493878869627,0.04002493878869627,0.0,0.0,0.04002493878869627,0.0,0.04002493878869627
2024-12-06,0.0,0.013919976117095513,0.0,0.0,0.0,0.24231051910172355,0.04186794932073569,0.0,0.0,0.001498356023688033,0.12761674679061952,0.0,0.0,0.015880312233670795,0.0,0.0,0.10239986536269562,0.0,0.0,0.0,0.0,0.0,0.17378419541142257,0.0,0.0,0.08059738569486721,0.0,0.0,0.04002493878869627,0.04002493878869627,0.04002493878869627,0.0,0.04002493878869627,0.0,0.04002493878869627
2024-12-13,1.1102230246251565e-16,0.0044881795032689804,0.0,0.0,0.0,0.22741216732603772,0.04186794932073569,0.0,0.0,0.023446433589645398,0.12761674679061952,0.0,0.0,0.022435357996804735,0.0,0.0,0.10581172461585847,0.0,0.0,0.0,0.0,0.0,0.1722969658596332,0.0,0.0,0.0744997810539148,0.0,0.0,0.04002493878869627,0.04002493878869627,0.04002493878869627,0.0,0.04002493878869627,0.0,0.04002493878869627
2024-12-20,1.1102230246251565e-16,0.02006075100212686,0.0,0.0,0.0,0.22242953351807046,0.04186794932073569,0.0,0.0,0.01862335525974376,0.12761674679061952,0.0,0.0,0.021124194908164057,0.0,0.0,0.11263563748806636,0.0,0.0,0.0,0.0,0.0,0.16902623223510727,0.0,0.0,0.06649090553388451,0.0,0.0,0.04002493878869627,0.04002493878869627,0.04002493878869627,0.0,0.04002493878869627,0.0,0.04002493878869627
2024-12-27,3.3306690738754696e-16,0.05351267566414704,0.0,0.0,0.0,0.33172262944269626,0.0422649353641796,0.0,0.0,0.022102052307082634,0.029555797056899105,0.0,0.0,0.007870027728619779,0.0,0.0,0.10369236470947985,0.0,0.0,0.0,0.0,0.0,0.0938558074929437,0.0,0.0,0.11536136326221119,0.0,0.0,0.04001246939434813,0.04001246939434813,0.04001246939434813,0.0,0.04001246939434813,0.0,0.04001246939434813
2025-01-03,0.0,0.05961791868229638,0.0,0.0,0.0,0.3173753022803606,0.04226493536417961,0.0,0.0,0.019878558090408185,0.029555797056899112,0.0,0.0,0.011663462203366073,0.0,0.0,0.1084917502650326,0.0,0.0,0.0,0.0,0.0,0.0957285658235055,0.0,0.0,0.11536136326221122,0.0,0.0,0.04001246939434814,0.04001246939434814,0.04001246939434814,0.0,0.04001246939434814,0.0,0.04001246939434814
2025-01-10,1.1102230246251565e-16,0.060252412665275805,0.0,0.0,0.0,0.304460752910797,0.05087842249570077,0.0,0.0,0.018935967550466122,0.029555797056899112,0.0,0.0,0.021387397780055765,0.0,0.0,0.10370547698363475,0.0,0.0,0.0,0.0,0.0,0.09540006232321877,0.0,0.0,0.11536136326221122,0.0,0.0,0.05001558674293517,0.05001558674293517,0.0,0.0,0.05001558674293517,0.0,0.05001558674293517
2025-01-17,1.1102230246251565e-16,0.06407282343581176,0.0,0.0,0.0,0.31213814310268906,0.04226493536417961,0.0,0.0,0.014976645984813875,0.029555797056899112,0.0,0.0,0.024297793088858485,0.0,0.0,0.10644540901645697,0.0,0.0,0.0,0.0,0.0,0.09082474271633922,0.0,0.0,0.11536136326221122,0.0,0.04001246939434814,0.04001246939434814,0.04001246939434814,0.0,0.0,0.04001246939434814,0.0,0.04001246939434814
2025-01-24,1.1102230246251565e-16,0.058464599667892206,0.0,0.0,0.0,0.31251092820802695,0.06907966327775215,0.0,0.0,0.00779891821696737,0.029555797056899112,0.0,0.0,0.02004027740506998,0.0,0.0,0.10102742705616308,0.0,0.0,0.0,0.0,0.0,0.08072814849921123,0.0,0.0,0.12073189364027717,0.0,0.0,0.04001246939434814,0.04001246939434814,0.04001246939434814,0.0,0.04001246939434814,0.0,0.04001246939434814
2025-01-31,0.0,0.11014370574559904,0.0,0.009367678580392088,0.0,0.21809221049253205,0.13815132582213446,0.0,0.0,0.008900428213055502,0.029200690596006582,0.0,0.009367678580392088,0.025139475545856205,0.0,0.0,0.10637382211981047,0.0,0.0,0.0,0.0,0.0,0.009367678580392088,0.0,0.0,0.13586413223795912,0.0,0.0,0.04000623469717407,0.04000623469717407,0.04000623469717407,0.0,0.04000623469717407,0.0,0.04000623469717407
2025-02-07,0.0,0.1196263047838253,0.0,0.009367678580392088,0.0,0.21920949786802477,0.1298958930416399,0.0,0.0,0.0126092571903144,0.029200690596006582,0.0,0.009367678580392088,0.024689458406075112,0.0,0.0,0.1031520481430738,0.0,0.0,0.0,0.0,0.0,0.011406034390907833,0.0,0.0,0.1314442849334778,0.0,0.0,0.04000623469717407,0.04000623469717407,0.04000623469717407,0.0,0.04000623469717407,0.0,0.04000623469717407
2025-02-14,0.0,0.11642909489678238,0.0,0.009367678580392088,0.0,0.2242978657187473,0.1597654500146218,0.0,0.0,0.0,0.029200690596006582,0.0,0.011242320914516709,0.017988627030909227,0.0,0.0,0.09086513524828371,0.0,0.0,0.0,0.0,0.0,0.009367678580392088,0.0,0.0,0.1314442849334778,0.0,0.0,0.04000623469717407,0.04000623469717407,0.04000623469717407,0.0,0.04000623469717407,0.0,0.04000623469717407
2025-02-21,0.0,0.1249962144720011,0.0,0.009367678580392088,0.0,0.2263645808652847,0.1298958930416399,0.0,0.0,0.003306610288799193,0.029200690596006582,0.0,0.009367678580392088,0.026539156802893635,0.0,0.0,0.10011835977285054,0.0,0.0,0.0,0.0,0.0,0.009367678580392088,0.0,0.0,0.1314442849334778,0.0,0.0,0.04000623469717407,0.0,0.04000623469717407,0.04000623469717407,0.04000623469717407,0.0,0.04000623469717407
2025-02-28,0.0,0.12089177539637365,0.0,0.010190600474676311,0.0,0.2237599022327232,0.13643524116979347,0.0,0.0,0.003179397653037959,0.029081277559975742,0.0,0.06598178491683798,0.02089451763203525,0.0,0.0,0.10260330545993288,0.0,0.0,0.0,0.0,0.0,0.07677601028700205,0.0,0.0,0.010190600474676311,0.0,0.0,0.04000311734858704,0.04000311734858704,0.0,0.04000311734858704,0.04000311734858704,0.0,0.04000311734858704
2025-03-07,0.0,0.1197050187012537,0.0,0.010190600474676311,0.0,0.22389080783376372,0.14413247654500036,0.0,0.0,0.0015250517048223423,0.029081277559975742,0.0,0.06598178491683798,0.019081387596317678,0.0,0.0,0.09942939716273856,0.0,0.0,0.0,0.0,0.0,0.07677601028700205,0.0,0.0,0.010190600474676311,0.0,0.0,0.04000311734858704,0.04000311734858704,0.0,0.04000311734858704,0.04000311734858704,0.0,0.04000311734858704
2025-03-14,0.0,0.11646064713471938,0.0,0.010190600474676311,0.0,0.23262885100874114,0.1271962599972254,0.0,0.0,0.003460085654615995,0.029081277559975742,0.0,0.06598178491683798,0.022810661584848253,0.0,0.0,0.10286994207436627,0.0,0.0,0.0,0.0,0.0,0.07677601028700205,0.0,0.0,0.012528292564056263,0.0,0.06667186224764506,0.06667186224764506,0.0,0.0,0.0,0.06667186224764506,0.0,0.0
2025-03-21,0.0,0.11387344055136878,0.0,0.010190600474676311,0.0,0.22952539319201395,0.1271962599972254,0.0,0.0,0.006424310528082028,0.029081277559975742,0.0,0.06598178491683798,0.023219069022234213,0.0,0.0,0.1009894648044236,0.0,0.0,0.0,0.0,0.0,0.07677601028700205,0.0,0.0,0.016726801923224763,0.0,0.06667186224764506,0.06667186224764506,0.06667186224764506,0.0,0.0,0.0,0.0,0.0
2025-03-28,0.6400031173485871,0.04330967455341115,0.0,0.010125041838184592,0.0,0.11087394180074737,0.07366374702790465,0.0,0.0,0.0,0.014931013560263127,0.0,0.027529590917978596,0.005624417299909689,0.0,0.0,0.03188648026598599,0.0,0.0,0.0,0.0,0.0,0.0024356420135305907,0.0,0.0,0.0396173333734972,0.0,0.0,0.0,0.0,0.0,0.0,0.0,0.0,0.0
2025-04-04,0.6400031173485871,0.04582857444518826,0.0,0.009154723276394043,0.0,0.11091804758338006,0.08051958525600543,0.0,0.0,0.0,0.014931013560263127,0.0,0.026832167084904397,0.0010812649358058956,0.0,0.0,0.02934060681888898,0.0,0.0,0.0,0.0,0.0,0.0074006382704825775,0.0,0.0,0.03399026142010021,0.0,0.0,0.0,0.0,0.0,0.0,0.0,0.0,0.0
2025-04-11,0.640003117348587,0.04308288179069074,0.0,0.013945402161654508,0.0,0.10773944364155501,0.08238149845550082,0.0,0.0,0.0,0.014931013560263127,0.0,0.026832167084904397,0.0,0.0,0.0,0.025483802873952126,0.0,0.0,0.0,0.0,0.004789058030445489,0.00517428680012862,0.0,0.0,0.03563732825231817,0.0,0.0,0.0,0.0,0.0,0.0,0.0,0.0,0.0
2025-04-18,0.6400031173485871,0.04092986843509051,0.0,0.013636784866632182,0.001389557498079451,0.10736702715690614,0.08308862498109766,0.0,0.0,0.0,0.014931013560263127,0.0,0.026832167084904397,0.0,0.0,0.0,0.025483802873952126,0.0,0.0,0.0,0.0,0.004503706876435673,0.0031017543918521132,0.0,0.0,0.03873257492619958,0.0,0.0,0.0,0.0,0.0,0.0,0.0,0.0,0.0
2025-04-25,0.6200015586742935,0.008460476997012373,0.0,0.021006432745137932,0.0024234058088828726,0.06479065732604215,0.09930694910177813,0.0,0.0,0.0,0.07565676288333326,0.0,0.0,0.0,0.0,0.0,0.0,0.0,0.0,0.0,0.0,0.004256993165589168,0.059018494410570166,0.0,0.0,0.04507826888736041,0.0,0.0,0.0,0.0,0.0,0.0,0.0,0.0,0.0
2025-05-02,0.6,0.01062243757417393,0.0,0.022718504670398813,0.001271417608208696,0.06738533568375028,0.09326763671612906,0.0,0.0,0.0,0.07479910700296358,0.0,0.0,0.0,0.0,0.0,0.0,0.0,0.0,0.0,0.0,0.005378436067188843,0.058544916111982,0.0,0.0,0.04601064989091127,0.0,0.0,0.00500038966857338,0.00500038966857338,0.0,0.00500038966857338,0.00500038966857338,0.0,0.0
2025-05-09,0.6,0.010396626037175954,0.0,0.016623609629372833,0.0,0.06596022402981111,0.09803358877159084,0.0,0.0,0.0,0.08440426754961405,0.0,0.0005855695341349901,0.0,0.0,0.0,0.0,0.0,0.005802671158405064,0.0,0.0,0.0,0.057474102853698035,0.0,0.0,0.040717781761903604,0.0,0.0,0.006667186224764506,0.0,0.0,0.006667186224764506,0.006667186224764506,0.0,0.0
2025-05-16,0.6000000000000001,0.013388771910866267,0.0,0.020215111629487973,0.0,0.06912123056868967,0.09806806704878397,0.0,0.0,0.0,0.07779119446098907,0.0,0.0,0.0,0.0,0.0,0.0,0.0,0.0,0.0,0.0,0.0025317748228011415,0.057474102853698035,0.0,0.0,0.041408188030390314,0.0,0.0,0.004000311734858704,0.004000311734858704,0.004000311734858704,0.004000311734858704,0.004000311734858704,0.0,0.0
2025-05-23,0.6200015586742935,0.012554261666483362,0.0,0.02180317668547751,0.0008657960502141088,0.06769198380658933,0.09897547235906952,0.0,0.0,0.0,0.07608099801659413,0.0,0.0,0.0,0.0,0.0,0.0,0.0,0.0,0.0,0.0,0.00383486812567687,0.057474102853698035,0.0,0.0,0.040717781761903604,0.0,0.0,0.0,0.0,0.0,0.0,0.0,0.0,0.0
2025-05-30,0.6368188480622612,0.02726471624152605,0.0,0.01584588056363039,0.0033351369952820064,0.0885443909394309,0.08813934805995272,0.0,0.0,0.0,0.05122326803109164,0.0,0.0,0.0,0.0,0.0,0.010671757788053711,0.0,0.031362655801584725,0.0,0.0,0.005046693162626388,0.02107476722935974,0.0,0.0,0.010671757788053711,0.0,0.0,0.003333593112382253,0.0,0.0,0.003333593112382253,0.003333593112382253,0.0,0.0
2025-06-06,0.6368188480622612,0.02632389460727201,0.0,0.016615612439364692,0.0026644768119961732,0.08860082526551474,0.08524112396181827,0.0,0.0,0.0,0.04919635923334183,0.0,0.0,0.0,0.0,0.0,0.010671757788053711,0.0,0.031362655801584725,0.0,0.0,0.005428955204799058,0.02107476722935974,0.0,0.0,0.015999944257487034,0.0,0.0,0.00250019483428669,0.00250019483428669,0.0,0.00250019483428669,0.00250019483428669,0.0,0.0
2025-06-13,0.6368188480622612,0.027944174390451375,0.0,0.015980717406374887,0.002441420311863587,0.08997445533882645,0.08446833821157224,0.0,0.0,0.0,0.04919635923334183,0.0,0.0,0.0,0.0,0.0,0.010671757788053711,0.0,0.031362655801584725,0.0,0.0,0.005100309734537979,0.02107476722935974,0.0,0.0,0.01496541715462548,0.0,0.002000155867429352,0.002000155867429352,0.002000155867429352,0.002000155867429352,0.0,0.002000155867429352,0.0,0.0
2025-06-20,0.6368188480622612,0.024683300252828017,0.0,0.017143018757442802,0.00178991853518161,0.0905348911754954,0.08286582781648884,0.0,0.0,0.0,0.04919635923334183,0.0,0.0,0.001939947487164898,0.0,0.0,0.012094075706552963,0.0,0.031362655801584725,0.0,0.0,0.0057255895103747205,0.02107476722935974,0.0,0.0,0.014770021094776441,0.0,0.0,0.002000155867429352,0.002000155867429352,0.002000155867429352,0.002000155867429352,0.002000155867429352,0.0,0.0
2025-06-27,0.015944463921561347,0.05473701314628729,0.0,0.0876889790834532,0.00703112250413545,0.2729795795818887,0.20733939340950064,0.0,0.0,0.0,0.039784859581551736,0.0,0.020352850756414465,0.0030774394964527617,0.0,0.0,0.020352850756414465,0.0,0.0,0.0,0.0,0.10259189103853243,0.0,0.0,0.0,0.16136503035949856,0.001350905272861784,0.0,0.001350905272861784,0.001350905272861784,0.001350905272861784,0.0,0.001350905272861784,0.0,0.0
2025-07-04,0.015944463921561347,0.051557467236015245,0.0,0.08948859590360388,0.012640374563135536,0.2748748135722305,0.20218334789840742,0.0,0.0,0.0,0.039784859581551736,0.0,0.020352850756414465,0.007751495288391186,0.0,0.0,0.02170004026187383,0.0,0.0,0.0,0.0,0.1043518490913111,0.0,0.0,0.0,0.15261531556119481,0.001350905272861784,0.0,0.001350905272861784,0.001350905272861784,0.001350905272861784,0.0,0.001350905272861784,0.0,0.0
2025-07-11,0.015944463921561458,0.051726775105652836,0.0,0.088305786877872,0.010270978661938067,0.2753678433362482,0.20218334789840742,0.0,0.0,0.0,0.039784859581551736,0.0,0.020352850756414465,0.010207145622453555,0.0,0.0,0.023115846423353834,0.0,0.0,0.0,0.0,0.1031154760431475,0.0,0.0,0.0,0.15287009940709007,0.001350905272861784,0.0,0.001350905272861784,0.001350905272861784,0.001350905272861784,0.0,0.001350905272861784,0.0,0.0
2025-07-18,0.015944463921561347,0.042237199387310624,0.0,0.08742168503105875,0.010588604747011617,0.27614528100336966,0.20218334789840742,0.0,0.0,0.0,0.039784859581551736,0.0,0.020352850756414465,0.005896527715533323,0.0,0.0,0.023246434652763444,0.0,0.0,0.0,0.0,0.10559656329605958,0.0,0.0,0.0,0.1638476556446491,0.001350905272861784,0.0,0.001350905272861784,0.001350905272861784,0.001350905272861784,0.0,0.001350905272861784,0.0,0.0
2025-07-25,0.0,0.0173443015985211,0.0,0.19428556403917574,0.007639612474529305,0.17755743529410475,0.11301267581982155,0.0,0.0,0.0,0.0173443015985211,0.0,0.014387472502291675,0.018684276227823367,0.0,0.0,0.016636201969885644,0.0,0.0,0.0,0.0,0.18072424674985843,0.010906690170733995,0.0,0.0,0.04113402312148097,0.038068639686650474,0.0,0.038068639686650474,0.038068639686650474,0.038068639686650474,0.0,0.038068639686650474,0.0,0.0
2025-08-01,0.0,0.0173443015985211,0.0,0.18813907538442104,0.013574618407779479,0.17188258358965322,0.12383127256768568,0.0,0.0,0.0,0.0173443015985211,0.0,0.010906690170733995,0.01877729559028883,0.0,0.0,0.018532307834945548,0.0,0.0,0.0,0.0,0.17378073920800696,0.010906690170733995,0.0,0.0,0.0446369254454567,0.0,0.0,0.038068639686650474,0.038068639686650474,0.038068639686650474,0.038068639686650474,0.038068639686650474,0.0,0.0
2025-08-08,0.0,0.0173443015985211,0.0,0.18136506488060603,0.010457425744077518,0.18210441726840013,0.11301267581982155,0.0,0.0,0.0,0.0173443015985211,0.0,0.010906690170733995,0.027067599791035173,0.0,0.0,0.01995173496327176,0.0,0.0,0.0,0.0,0.177296037578006,0.010906690170733995,0.0,0.0,0.041899861983019294,0.038068639686650474,0.0,0.0,0.038068639686650474,0.038068639686650474,0.038068639686650474,0.038068639686650474,0.0,0.0
2025-08-15,0.0,0.0173443015985211,0.0,0.1913634529439668,0.005185983438404115,0.17559530149390976,0.11301267581982155,0.0,0.0,0.0,0.0173443015985211,0.0,0.010906690170733995,0.02232096622498492,0.0,0.0,0.025995415780390906,0.0,0.0,0.0,0.0,0.17764095286471077,0.010906690170733995,0.0,0.0,0.04204006946204865,0.038068639686650474,0.0,0.0,0.038068639686650474,0.038068639686650474,0.0,0.038068639686650474,0.0,0.038068639686650474
2025-08-22,0.0,0.0173443015985211,0.0,0.1795062682959244,0.005415290248848211,0.1781026976260461,0.11301267581982155,0.0,0.0,0.0,0.0173443015985211,0.0,0.010906690170733995,0.018250402925943987,0.0,0.0,0.020427647392145712,0.0,0.0,0.0,0.0,0.17610818376332396,0.010906690170733995,0.0,0.0,0.06233165195618354,0.038068639686650474,0.0,0.0,0.038068639686650474,0.038068639686650474,0.0,0.038068639686650474,0.0,0.038068639686650474
2025-08-29,0.0,0.0,0.0,0.030058393434909982,0.0039988107859713524,0.3325071599968025,0.05562492361881791,0.0,0.0,0.0,0.04059749363266895,0.0,0.08488440805742502,0.010580142475058766,0.0,0.0,0.061314505185,0.0,0.015027429986148965,0.0,0.0,0.05249206334475158,0.015027429986148965,0.0,0.0,0.0983700795746333,0.03990343198433253,0.03990343198433253,0.0,0.03990343198433253,0.03990343198433253,0.0,0.0,0.0,0.03990343198433253
2025-09-05,0.0,0.0,0.0,0.024466860826699965,0.0037026691304370175,0.33205611010146824,0.061923782655347516,0.0,0.0,0.0,0.04059749363266895,0.0,0.05562492361881791,0.012459954933824856,0.0,0.0,0.06097958389433987,0.0,0.015027429986148965,0.0,0.0,0.0589444838616457,0.015027429986148965,0.0,0.0,0.11967211745078941,0.0,0.0,0.03990343198433253,0.03990343198433253,0.03990343198433253,0.0,0.03990343198433253,0.0,0.03990343198433253
2025-09-12,0.0,0.0,0.0,0.02251241926848374,0.009343624136404301,0.3308397271952626,0.06181497575535592,0.0,0.0,0.0,0.04059749363266895,0.0,0.05562492361881791,0.01440322767783319,0.0,0.0,0.06077104108587145,0.0,0.015027429986148965,0.0,0.0,0.05980399274616827,0.015027429986148965,0.0,0.0,0.11471655498917312,0.0,0.0,0.03990343198433253,0.03990343198433253,0.03990343198433253,0.0,0.03990343198433253,0.0,0.03990343198433253
2025-09-19,0.0,0.0,0.0,0.027400836395015872,0.013277645350612575,0.32750247322311177,0.05562492361881791,0.0,0.0,0.0014189420281117704,0.04059749363266895,0.0,0.08488440805742502,0.01608593180985063,0.0,0.0,0.06095774591477453,0.0,0.015027429986148965,0.0,0.0,0.04570001690551924,0.015027429986148965,0.0,0.0,0.09697756317013113,0.0,0.0,0.03990343198433253,0.03990343198433253,0.03990343198433253,0.0,0.03990343198433253,0.0,0.03990343198433253
2025-09-26,0.0,0.02140649209765421,0.0,0.05180494494709245,0.021711439995960577,0.1647462440160285,0.11152338571940214,0.0,0.0,0.005051350708078188,0.02140649209765421,0.0,0.010320216468777687,0.015519154878471643,0.0,0.0,0.020955299848269937,0.0,0.010320216468777687,0.0,0.0,0.16565417682483144,0.010320216468777687,0.0,0.0,0.16928451146414047,0.0,0.0,0.03999517159921663,0.03999517159921663,0.03999517159921663,0.0,0.03999517159921663,0.0,0.03999517159921663
2025-10-03,0.0,0.02140649209765421,0.0,0.04842840899307481,0.017977284742299995,0.15880067721896032,0.11152338571940214,0.0,0.0,0.006097571178456471,0.02140649209765421,0.0,0.010320216468777687,0.027482192550953414,0.0,0.0,0.02309789068160046,0.0,0.010320216468777687,0.0,0.0,0.16715839316765352,0.010320216468777687,0.0,0.0,0.16568470414987418,0.0,0.0,0.03999517159921663,0.03999517159921663,0.03999517159921663,0.0,0.03999517159921663,0.0,0.03999517159921663
2025-10-10,0.0,0.02140649209765421,0.0,0.04753614700076972,0.027602905793747818,0.16002542397463598,0.11152338571940214,0.0,0.0,0.008033544622518301,0.02140649209765421,0.0,0.010320216468777687,0.03084564934301573,0.0,0.0,0.023051099899630566,0.0,0.010320216468777687,0.0,0.0,0.15882362287805318,0.010320216468777687,0.0,0.0,0.1588087291705019,0.0,0.0,0.03999517159921663,0.03999517159921663,0.03999517159921663,0.0,0.03999517159921663,0.0,0.03999517159921663
2025-10-17,0.0,0.02140649209765421,0.0,0.03833271870901486,0.029812456595842845,0.15838220082266466,0.11152338571940214,0.0,0.0,0.010807199289990027,0.02140649209765421,0.0,0.010320216468777687,0.024302376388535434,0.0,0.0,0.02686301405964886,0.0,0.010320216468777687,0.0,0.0,0.1524689481891694,0.010320216468777687,0.0,0.0,0.17375820862800712,0.0,0.0,0.0,0.03999517159921663,0.03999517159921663,0.0,0.03999517159921663,0.03999517159921663,0.03999517159921663
2025-10-24,0.0,0.02140649209765421,0.0,0.03928288567566425,0.025529927844323376,0.15664258046536533,0.11152338571940214,0.0,0.0,0.011035717913574179,0.02140649209765421,0.0,0.010320216468777687,0.03284180522600826,0.0,0.0,0.028024064787159714,0.0,0.010320216468777687,0.0,0.0,0.14988311073928334,0.010320216468777687,0.0,0.0,0.1714870300314948,0.0,0.0,0.0,0.03999517159921663,0.03999517159921663,0.0,0.03999517159921663,0.03999517159921663,0.03999517159921663
2025-10-31,0.0,0.033576750839802,0.0,0.05264318477715469,0.017259612474876482,0.1504465135972182,0.09757167420094308,0.0,0.0,0.008292557405064408,0.08604448134067437,0.0,0.011527192860268704,0.02518487480465709,0.0,0.0,0.025193262094175183,0.0,0.011527192860268704,0.0,0.0,0.20315569036414635,0.011527192860268704,0.0,0.0,0.06606189052244046,0.0,0.0,0.0,0.039997585799608326,0.039997585799608326,0.0,0.039997585799608326,0.039997585799608326,0.039997585799608326
2025-11-07,0.0,0.033576750839802,0.0,0.05429821951646766,0.014530607919807615,0.14936777830870684,0.09757167420094308,0.0,0.0,0.011505347064141528,0.08604448134067437,0.0,0.011527192860268704,0.020350536635102643,0.0,0.0,0.024142533103073727,0.0,0.011527192860268704,0.0,0.0,0.2096091633784471,0.011527192860268704,0.0,0.0,0.06443340011398575,0.0,0.039997585799608326,0.0,0.0,0.039997585799608326,0.0,0.039997585799608326,0.039997585799608326,0.039997585799608326
2025-11-14,0.0,0.033576750839802,0.0,0.0562591375614083,0.010571368369504551,0.1505791503241572,0.09757167420094308,0.0,0.0,0.007707895811087412,0.08604448134067437,0.0,0.011527192860268704,0.023584909280752055,0.0,0.0,0.025883439587386356,0.0,0.011527192860268704,0.0,0.0,0.21138201823791453,0.011527192860268704,0.0,0.0,0.06226966686752247,0.0,0.039997585799608326,0.0,0.039997585799608326,0.039997585799608326,0.0,0.039997585799608326,0.039997585799608326,0.0
2025-11-21,0.0,0.033576750839802,0.0,0.05509420145004366,0.016655919236775025,0.1521836908159695,0.09757167420094308,0.0,0.0,0.008105562036130652,0.08604448134067437,0.0,0.011527192860268704,0.0204463843538509,0.0,0.0,0.02618266917969151,0.0,0.011527192860268704,0.0,0.0,0.20716350959393548,0.011527192860268704,0.0,0.0,0.06240564937333614,0.0,0.039997585799608326,0.0,0.039997585799608326,0.039997585799608326,0.0,0.039997585799608326,0.039997585799608326,0.0
2025-11-28,0.0,0.0,0.0,0.06214344515231579,0.012176868369552148,0.1849510063432493,0.06260286982373972,0.0,0.0,0.006786289424636644,0.11011515800530827,0.0,0.014297591149788888,0.0230240286452188,0.0,0.0,0.029355899644767043,0.0,0.12441274915509716,0.0,0.0,0.18625368460323655,0.014297591149788888,0.0,0.0,0.06958885403428003,0.0,0.019998792899804163,0.0,0.0,0.019998792899804163,0.0,0.019998792899804163,0.019998792899804163,0.019998792899804163
2025-12-05,2.220446049250313e-16,0.0,0.0,0.06010475936281534,0.013671943684065753,0.18467097730000284,0.0626028698237397,0.0,0.0,0.008660386416524392,0.11011515800530824,0.0,0.014297591149788885,0.023125873577937935,0.0,0.0,0.031946239119761015,0.0,0.12441274915509713,0.0,0.0,0.18414427090566915,0.014297591149788885,0.0,0.0,0.06795562585047982,0.0,0.01999879289980416,0.0,0.0,0.01999879289980416,0.0,0.01999879289980416,0.01999879289980416,0.01999879289980416
2025-12-12,3.3306690738754696e-16,0.0,0.0,0.058925638981412023,0.014774791323098505,0.18738975888574647,0.0626028698237397,0.0,0.0,0.005702269476187707,0.11011515800530824,0.0,0.014297591149788885,0.024368879158095418,0.0,0.0,0.030553985488702244,0.0,0.12441274915509713,0.0,0.0,0.1832351485215387,0.014297591149788885,0.0,0.0,0.06932960438247514,0.0,0.0,0.01999879289980416,0.01999879289980416,0.01999879289980416,0.0,0.0,0.01999879289980416,0.01999879289980416
2025-12-19,2.220446049250313e-16,0.0,0.0,0.06072722630039945,0.015814623112163768,0.18698868788777065,0.0626028698237397,0.0,0.0,0.003580161347463613,0.11011515800530824,0.0,0.014297591149788885,0.023229318868201607,0.0,0.0,0.032389339290137965,0.0,0.12441274915509713,0.0,0.0,0.18493869274433564,0.014297591149788885,0.0,0.0,0.06661202666678354,0.0,0.0,0.01999879289980416,0.01999879289980416,0.01999879289980416,0.0,0.0,0.01999879289980416,0.01999879289980416
2025-12-26,0.0,0.0,0.0,0.06240348119721856,0.013544517619520687,0.21528290918690693,0.06273441385790175,0.0,0.0,0.0036777131677930707,0.1321171273777274,0.0,0.015530884816359194,0.02274508462852092,0.0,0.0,0.02946109290052156,0.0,0.06273441385790175,0.0,0.0,0.09081729134943549,0.0,0.0,0.0,0.13895408779068225,0.0,0.0,0.02999939644990209,0.02999939644990209,0.02999939644990209,0.0,0.0,0.02999939644990209,0.02999939644990209
2026-01-02,0.0,0.0,0.0,0.05975817906585901,0.007998253886236727,0.21016376784100774,0.06273441385790175,0.0,0.0,0.01240026520330639,0.1321171273777274,0.0,0.015530884816359194,0.024758424561813926,0.0,0.0,0.03635183554742742,0.0,0.06273441385790175,0.0,0.0,0.08955334962841607,0.0,0.0,0.0,0.13590210210653214,0.0,0.02999939644990209,0.0,0.02999939644990209,0.02999939644990209,0.0,0.0,0.02999939644990209,0.02999939644990209
2026-01-09,0.0,0.0,0.0,0.06141167922106863,0.015307508268986903,0.2082623846687549,0.06273441385790175,0.0,0.0,0.011111728167916774,0.1321171273777274,0.0,0.015530884816359194,0.023275875581557196,0.0,0.0,0.03762131162905885,0.0,0.06273441385790175,0.0,0.0,0.0864413056468007,0.0,0.0,0.0,0.13345438465645548,0.02999939644990209,0.0,0.0,0.02999939644990209,0.02999939644990209,0.0,0.0,0.02999939644990209,0.02999939644990209
2026-01-16,0.0,0.0,0.0,0.061102153925029976,0.01766201997732228,0.2073446080494352,0.06273441385790175,0.0,0.0,0.01953719426353114,0.1321171273777274,0.0,0.015530884816359194,0.018678442721507756,0.0,0.0,0.03182910489454509,0.0,0.06273441385790175,0.0,0.0,0.08577171392899949,0.0,0.0,0.0,0.13496094008022852,0.02999939644990209,0.02999939644990209,0.0,0.02999939644990209,0.0,0.0,0.0,0.02999939644990209,0.02999939644990209
2026-01-23,0.0,0.0,0.0,0.0658411158234511,0.013256488648945318,0.20521444581109605,0.06273441385790175,0.0,0.0,0.0141201448785169,0.1321171273777274,0.0,0.015530884816359194,0.023163797221300502,0.0,0.0,0.03273722385261958,0.0,0.06273441385790175,0.0,0.0,0.09103490130277933,0.0,0.0,0.0,0.13151806030189064,0.02999939644990209,0.02999939644990209,0.0,0.02999939644990209,0.0,0.0,0.0,0.02999939644990209,0.02999939644990209
2026-01-30,0.0,0.0,0.0,0.06574516179114732,0.07104320207004632,0.19578631739078226,0.06046786651377286,0.0,0.0,0.010314411511387216,0.12604379190407822,0.0,0.013687152573962448,0.020991603966815285,0.0,0.0,0.0346421861519554,0.0,0.06046786651377286,0.0,0.0,0.08427472262883429,0.013687152573962448,0.0,0.0,0.06785007328472784,0.03499969822495105,0.03499969822495105,0.0,0.03499969822495105,0.0,0.03499969822495105,0.0,0.03499969822495105,0.0
2026-02-06,0.0,0.0,0.0,0.07464490743658303,0.07402761890277465,0.1951923136712526,0.06046786651377286,0.0,0.0,0.007155453545078662,0.12604379190407822,0.0,0.013687152573962448,0.014475469253794612,0.0,0.0,0.023092012826499995,0.0,0.06046786651377286,0.0,0.0,0.08913372389206656,0.013687152573962448,0.0,0.0,0.07292617926764586,0.03499969822495105,0.03499969822495105,0.0,0.03499969822495105,0.0,0.03499969822495105,0.0,0.03499969822495105,0.0
2026-02-13,0.0,0.0,0.0,0.06836722999919907,0.07622228361787045,0.19560667115907548,0.06046786651377286,0.0,0.0,0.017425583682508915,0.12604379190407822,0.0,0.013687152573962448,0.01587868234051525,0.0,0.0,0.02286618481548452,0.0,0.06046786651377286,0.0,0.0,0.08668690507611868,0.013687152573962448,0.0,0.0,0.06759413810492357,0.03499969822495105,0.03499969822495105,0.0,0.03499969822495105,0.0,0.03499969822495105,0.0,0.03499969822495105,0.0
2026-02-20,0.0,0.0,0.0,0.06935251813982807,0.0779220654077274,0.19662426992340026,0.06046786651377286,0.0,0.0,0.022396587858562193,0.12604379190407822,0.0,0.013687152573962448,0.0067619803774261016,0.0,0.0,0.020938282052401454,0.0,0.06046786651377286,0.0,0.0,0.08813064061088843,0.013687152573962448,0.0,0.0,0.06852133442546203,0.03499969822495105,0.03499969822495105,0.0,0.03499969822495105,0.0,0.03499969822495105,0.0,0.03499969822495105,0.0
2026-02-27,0.0,0.0,0.0,0.06580625618429377,0.010201630976668537,0.1180293776042183,0.11162925079376394,0.0,0.0,0.02012803085550844,0.09759513203481246,0.0,0.015807737924808194,0.006630274604065359,0.0,0.0,0.02110455699132458,0.0,0.11162925079376394,0.0,0.0,0.14720964202826328,0.014034118758951487,0.0,0.0,0.07269549488718005,0.037499849112475524,0.037499849112475524,0.0,0.037499849112475524,0.0,0.037499849112475524,0.037499849112475524,0.0,0.0
2026-03-06,1.1102230246251565e-16,0.0,0.0,0.065175845444931,0.010562632248392894,0.12042348419920552,0.11162925079376394,0.0,0.0,0.018261512704737574,0.09759513203481246,0.0,0.021429939187173598,0.007635612705051579,0.0,0.0,0.02184582521171797,0.0,0.11162925079376394,0.0,0.0,0.14120969255324106,0.014034118758951487,0.0,0.0,0.07106845780187933,0.037499849112475524,0.037499849112475524,0.0,0.037499849112475524,0.0,0.037499849112475524,0.037499849112475524,0.0,0.0
2026-03-13,1.1102230246251565e-16,0.0,0.0,0.06525553872137549,0.017864060418985566,0.12408170706808401,0.11162925079376394,0.0,0.0,0.02020086125873854,0.09759513203481246,0.0,0.015795065043405422,0.00475486934583877,0.0,0.0,0.0236306992723051,0.0,0.11162925079376394,0.0,0.0,0.13908839898787514,0.014034118758951487,0.0,0.0,0.06694180193972248,0.037499849112475524,0.037499849112475524,0.0,0.037499849112475524,0.0,0.037499849112475524,0.037499849112475524,0.0,0.0
2026-03-20,0.0,0.0,0.0,0.07121494111016603,0.025259894447217407,0.12189639957182145,0.11162925079376394,0.0,0.0,0.01842642261991731,0.09759513203481246,0.0,0.014034118758951487,0.0,0.0,0.0,0.017599155878482056,0.0,0.11162925079376394,0.0,0.0,0.140889041721448,0.014034118758951487,0.0,0.0,0.06829302794832676,0.037499849112475524,0.037499849112475524,0.0,0.037499849112475524,0.0,0.037499849112475524,0.037499849112475524,0.0,0.0
2026-03-27,0.11999999999999988,0.0,0.0,0.11968796034060913,0.06247909383766767,0.12054534490697225,0.16602874061181927,0.0,0.0,0.014112269015446887,0.14008955014321092,0.0,0.027480816210316835,0.0,0.0,0.0,0.007851434563766533,0.0,0.0,0.0,0.0,0.06893827512240738,0.0,0.0,0.0,0.07028684720033701,0.01649993360948923,0.01649993360948923,0.0,0.01649993360948923,0.0,0.01649993360948923,0.01649993360948923,0.0,0.0
2026-04-03,0.12,0.0,0.0,0.12449694154927547,0.06517131045831406,0.12247392733089454,0.16602874061181927,0.0,0.0,0.011564187271130167,0.14008955014321092,0.0,0.029497280209233187,0.0,0.0,0.0,0.0,0.0,0.0,0.0,0.0,0.07048398885779097,0.0,0.0,0.0,0.06769440552088529,0.01649993360948923,0.01649993360948923,0.0,0.01649993360948923,0.0,0.01649993360948923,0.01649993360948923,0.0,0.0
2026-04-10,0.0,0.0,0.0,0.19722656432806066,0.05377003549329963,0.1687772173584895,0.04107539732919771,0.0,0.0,0.03087440427943449,0.1318898039568996,0.0,0.06292419605002016,0.026964287962803486,0.0,0.0,0.014189531789838065,0.0,0.04107539732919771,0.0,0.0,0.1953710694036284,0.01652480301784748,0.0,0.0,0.015587306790035591,0.0009374962278118888,0.0009374962278118888,0.0,0.0009374962278118888,0.0,0.0,0.0009374962278118888,0.0,0.0
