,gross_return,net_return,turnover,cost,wealth,drawdown
2005-01-07,0.0,0.0,,0.0,1.0,0.0
2005-01-14,0.0,0.0,0.0,0.0,1.0,0.0
2005-01-21,0.0,0.0,0.0,0.0,1.0,0.0
2005-01-28,0.0,0.0,0.0,0.0,1.0,0.0
2005-02-04,0.0,0.0,0.0,0.0,1.0,0.0
2005-02-11,0.0,0.0,0.0,0.0,1.0,0.0
2005-02-18,0.0,0.0,0.0,0.0,1.0,0.0
2005-02-25,0.0,0.0,0.0,0.0,1.0,0.0
2005-03-04,0.0,0.0,0.0,0.0,1.0,0.0
2005-03-11,0.0,0.0,0.0,0.0,1.0,0.0
2005-03-18,0.0,0.0,0.0,0.0,1.0,0.0
2005-03-25,0.0,0.0,0.0,0.0,1.0,0.0
2005-04-01,0.0,0.0,0.0,0.0,1.0,0.0
2005-04-08,0.0,0.0,0.0,0.0,1.0,0.0
2005-04-15,0.0,0.0,0.0,0.0,1.0,0.0
2005-04-22,0.0,0.0,0.0,0.0,1.0,0.0
2005-04-29,0.0,0.0,0.0,0.0,1.0,0.0
2005-05-06,0.0,0.0,0.0,0.0,1.0,0.0
2005-05-13,0.0,0.0,0.0,0.0,1.0,0.0
2005-05-20,0.0,0.0,0.0,0.0,1.0,0.0
2005-05-27,0.0,0.0,0.0,0.0,1.0,0.0
2005-06-03,0.0,0.0,0.0,0.0,1.0,0.0
2005-06-10,0.0,0.0,0.0,0.0,1.0,0.0
2005-06-17,0.0,0.0,0.0,0.0,1.0,0.0
2005-06-24,0.0,0.0,0.0,0.0,1.0,0.0
2005-07-01,0.0,0.0,0.0,0.0,1.0,0.0
2005-07-08,0.0,0.0,0.0,0.0,1.0,0.0
2005-07-15,0.0,0.0,0.0,0.0,1.0,0.0
2005-07-22,0.0,0.0,0.0,0.0,1.0,0.0
2005-07-29,0.0,0.0,0.0,0.0,1.0,0.0
2005-08-05,0.0,0.0,0.0,0.0,1.0,0.0
2005-08-12,0.0,0.0,0.0,0.0,1.0,0.0
2005-08-19,0.0,0.0,0.0,0.0,1.0,0.0
2005-08-26,0.0,0.0,0.0,0.0,1.0,0.0
2005-09-02,0.0,0.0,0.0,0.0,1.0,0.0
2005-09-09,0.0,0.0,0.0,0.0,1.0,0.0
2005-09-16,0.0,0.0,0.0,0.0,1.0,0.0
2005-09-23,0.0,0.0,0.0,0.0,1.0,0.0
2005-09-30,0.0,0.0,0.0,0.0,1.0,0.0
2005-10-07,0.0,0.0,0.0,0.0,1.0,0.0
2005-10-14,0.0,0.0,0.0,0.0,1.0,0.0
2005-10-21,0.0,0.0,0.0,0.0,1.0,0.0
2005-10-28,0.0,0.0,0.0,0.0,1.0,0.0
2005-11-04,0.0,0.0,0.0,0.0,1.0,0.0
2005-11-11,0.0,0.0,0.0,0.0,1.0,0.0
2005-11-18,0.0,0.0,0.0,0.0,1.0,0.0
2005-11-25,0.0,0.0,0.0,0.0,1.0,0.0
2005-12-02,0.0,0.0,0.0,0.0,1.0,0.0
2005-12-09,0.0,0.0,0.0,0.0,1.0,0.0
2005-12-16,0.0,0.0,0.0,0.0,1.0,0.0
2005-12-23,0.0,0.0,0.0,0.0,1.0,0.0
2005-12-30,0.0,0.0,0.0,0.0,1.0,0.0
2006-01-06,0.0,0.0,0.0,0.0,1.0,0.0
2006-01-13,0.0,0.0,0.0,0.0,1.0,0.0
2006-01-20,0.0,0.0,0.0,0.0,1.0,0.0
2006-01-27,0.0,0.0,0.0,0.0,1.0,0.0
2006-02-03,0.0,0.0,0.0,0.0,1.0,0.0
2006-02-10,0.0,0.0,0.0,0.0,1.0,0.0
2006-02-17,0.0,0.0,0.0,0.0,1.0,0.0
2006-02-24,0.0,0.0,0.0,0.0,1.0,0.0
2006-03-03,0.0,0.0,0.0,0.0,1.0,0.0
2006-03-10,0.0,0.0,0.0,0.0,1.0,0.0
2006-03-17,0.0,0.0,0.0,0.0,1.0,0.0
2006-03-24,0.0,0.0,0.0,0.0,1.0,0.0
2006-03-31,0.0,0.0,0.0,0.0,1.0,0.0
2006-04-07,0.0,0.0,0.0,0.0,1.0,0.0
2006-04-14,0.0,0.0,0.0,0.0,1.0,0.0
2006-04-21,0.0,0.0,0.0,0.0,1.0,0.0
2006-04-28,0.0,0.0,0.0,0.0,1.0,0.0
2006-05-05,0.0,0.0,0.0,0.0,1.0,0.0
2006-05-12,0.0,0.0,0.0,0.0,1.0,0.0
2006-05-19,0.0,0.0,0.0,0.0,1.0,0.0
2006-05-26,0.0,0.0,0.0,0.0,1.0,0.0
2006-06-02,0.0,0.0,0.0,0.0,1.0,0.0
2006-06-09,0.0,0.0,0.0,0.0,1.0,0.0
2006-06-16,0.0,0.0,0.0,0.0,1.0,0.0
2006-06-23,0.0,0.0,0.0,0.0,1.0,0.0
2006-06-30,0.005633810761298214,0.004833810761298214,0.8,0.0008,1.0048338107612982,0.0
2006-07-07,0.003552188418530695,0.003552188418530695,0.0,0.0,1.0084031697864326,0.0
2006-07-14,-0.012688229993200186,-0.012688229993200186,0.0,0.0,0.9956083184423102,-0.012688229993200184
2006-07-21,0.022989160592696227,0.022989160592696227,0.0,0.0,1.0184965179624048,0.0
2006-07-28,0.00830101036409323,0.008068089491015841,0.23292087307738998,0.00023292087307739,1.0267138390156136,0.0
2006-08-04,-0.016382702027043946,-0.01638824857952016,0.005546552476212097,5.546552476212097e-06,1.0098877974017924,-0.016388248579520148
2006-08-11,0.005585042745105828,0.005581692864333168,0.0033498807726599217,3.3498807726599217e-06,1.015524680914327,-0.010898029885342275
2006-08-18,0.0018223666333145637,0.001797268864898882,0.025097768415681756,2.5097768415681756e-05,1.0173498518048707,-0.009120347710245058
2006-08-25,0.009042772745236485,0.008972074958083302,0.07069778715318212,7.069778715318212e-05,1.0264775909338588,-0.0002301011954619625
2006-09-01,-0.010605126844044157,-0.010624539274103251,0.01941243005909478,1.941243005909478e-05,1.0155717394549952,-0.01085219575037688
2006-09-08,-0.010844014102603808,-0.010860546387070413,0.01653228446660448,1.6532284466604478e-05,1.0045420754692465,-0.02159488136209875
2006-09-15,0.0030077905475865705,0.002964894016512709,0.04289653107386112,4.289653107386112e-05,1.0075204362581405,-0.018694013880123928
2006-09-22,0.010530444738748788,0.010507079797084677,0.023364941664110947,2.3364941664110947e-05,1.0181065338790984,-0.008383353578605313
2006-09-29,-0.0023393019932390242,-0.0024634524772757793,0.12415048403675526,0.00012415048403675527,1.0155984768160833,-0.010826154062740123
2006-10-06,0.013670856486036637,0.013642574216335614,0.028282269701023467,2.8282269701023468e-05,1.029453854410044,0.0
2006-10-13,0.002615052831672832,0.0025831969152253806,0.03185591644745128,3.1855916447451285e-05,1.032113136431123,0.0
2006-10-20,0.007051194189038797,0.006976545384731112,0.07464880430768481,7.46488043076848e-05,1.0393137205696117,0.0
2006-10-27,-0.00040332291432925793,-0.0005662499592104955,0.16292704488123755,0.00016292704488123755,1.0387252092177321,-0.0005662499592106185
2006-11-03,0.009544559579997312,0.00952514265083383,0.019416929163482345,1.9416929163482346e-05,1.0486192150105482,0.0
2006-11-10,0.005285664496785828,0.005251923039817865,0.03374145696796256,3.374145696796256e-05,1.0541264824258578,0.0
2006-11-17,0.023895920297251946,0.0238404322970357,0.05548800021624719,5.548800021624719e-05,1.079257313462644,0.0
2006-11-24,0.004079046230719274,0.003839255348413289,0.23979088230598483,0.00023979088230598484,1.0834008578756695,0.0
2006-12-01,0.003234879364164628,0.0031962759249320404,0.038603439232587605,3.860343923258761e-05,1.0868637059547481,0.0
2006-12-08,0.0012621251960669069,0.0011887643672085784,0.07336082885832843,7.336082885832842e-05,1.0881557308003995,0.0
2006-12-15,-0.006224254900107867,-0.0062854526303171895,0.061197730209322676,6.119773020932267e-05,1.0813161795000454,-0.006285452630317212
2006-12-22,0.012877833518497677,0.012808682989545758,0.06915052895191925,6.915052895191925e-05,1.0951664156547283,0.0
2006-12-29,-0.022156996870502793,-0.022386539482989885,0.2295426124870921,0.0002295426124870921,1.0706494294502291,-0.022386539482989964
2007-01-05,0.022554823040613615,0.022479231657982362,0.0755913826312546,7.55913826312546e-05,1.0947168059993273,-0.00041054003206641987
2007-01-12,0.011264472371066637,0.011212936905756634,0.051535465310002575,5.153546531000258e-05,1.1069917964746692,0.0
2007-01-19,0.005503916977487454,0.005476869854239557,0.027047123247896515,2.7047123247896515e-05,1.1130546464736717,0.0
2007-01-26,0.016183028121527075,0.0159953720492859,0.1876560722411747,0.0001876560722411747,1.1308583696552044,0.0
2007-02-02,0.0032736753777922695,0.0032591025473772254,0.014572830415044188,1.4572830415044188e-05,1.1345439530484704,0.0
2007-02-09,0.012742098667228715,0.012693242521487538,0.04885614574117752,4.885614574117752e-05,1.148944994595802,0.0
2007-02-16,-0.0012085309629893467,-0.0012835091125568301,0.07497814956748353,7.497814956748353e-05,1.1474703132254116,-0.0012835091125568132
2007-02-23,-0.03767645672343216,-0.037866072689963795,0.18961596653163806,0.00018961596653163806,1.1040201189352425,-0.03910098035316645
2007-03-02,0.011557407499004078,0.011527761840012732,0.029645658991346233,2.9645658991346235e-05,1.1167469999329105,-0.028023965302376053
2007-03-09,-0.009047948891057736,-0.009055174138242344,0.007225247184606688,7.225247184606688e-06,1.1066346613801583,-0.03682537755476134
2007-03-16,0.02572698794451707,0.025660420363119784,0.06656758139728387,6.656758139728387e-05,1.135031371979572,-0.012109911859727207
2007-03-23,-0.004782507546684758,-0.004823402621601835,0.04089507491707681,4.089507491707681e-05,1.1295566586843653,-0.01687490350071752
2007-03-30,0.011156720147690972,0.010985387945030642,0.17133220266033172,0.00017133220266033172,1.1419652767859054,-0.0060748929171774435
2007-04-06,0.002126557788093031,0.0019872359143302755,0.1393218737627555,0.0001393218737627555,1.1442346311968525,-0.004099729248227879
2007-04-13,0.011988927425619179,0.01186253825148965,0.12638917412952888,0.00012638917412952888,1.1578081582781043,0.0
2007-04-20,-0.00279078800592441,-0.0028739770749715344,0.0831890690471244,8.31890690471244e-05,1.154480644173998,-0.002873977074971501
2007-04-27,0.0011078151233327588,0.0009631096879330766,0.14470543539968214,0.00014470543539968215,1.1555925356669332,-0.0019136353422023467
2007-05-04,8.846730255721133e-05,6.123796269125345e-05,0.027229339865957883,2.7229339865957883e-05,1.1556633017995186,-0.0018525145666408172
2007-05-11,-0.01713457253118554,-0.01717549651127709,0.04092398009154888,4.092398009154888e-05,1.13581421079125,-0.01899619322044155
2007-05-18,-0.0022165201943399084,-0.0022648390296269813,0.04831883528707283,4.8318835287072827e-05,1.1332417744362449,-0.02121800893024861
2007-05-25,0.018732506204541952,0.01861494515462246,0.11756104991948975,0.00011756104991948975,1.1543370079143027,-0.0029980358481529468
2007-06-01,-0.02080145692934697,-0.020855545971313803,0.05408904196683331,5.408904196683331e-05,1.130262679379357,-0.02379105614501198
2007-06-08,0.008729447481676367,0.008719749878681052,0.00969760299531466,9.697602995314661e-06,1.140118287240753,-0.01527875832526504
2007-06-15,-0.00895635167957641,-0.008966330232486303,0.009978552909892574,9.978552909892575e-06,1.1298956101732558,-0.024108094165064653
2007-06-22,0.005877915898361726,0.005852592681239409,0.02532321712231748,2.532321712231748e-05,1.1365084289519203,-0.018396596339294358
2007-06-29,0.01347705062656401,0.01325628189389976,0.22076873266424954,0.00022076873266424954,1.1515743050609,-0.005384184912356593
2007-07-06,0.01198347184645342,0.011963917617915574,0.019554228537846902,1.9554228537846904e-05,1.165351645177557,0.0
2007-07-13,-0.0034709925966366195,-0.0034855144008892943,0.01452180425267467,1.4521804252674671e-05,1.1612897952361905,-0.0034855144008894
2007-07-20,-0.03734760425923815,-0.03735441903288039,0.0068147736422444136,6.814773642244413e-06,1.1179104896063299,-0.04070973406829381
2007-07-27,0.0007237124806736002,0.0005132718269111233,0.2104406537624769,0.0002104406537624769,1.1184842815656533,-0.040217357400960996
2007-08-03,-0.0012077927239773111,-0.0012196490936559284,0.011856369678617277,1.1856369678617277e-05,1.1171201232253734,-0.04138795543111362
2007-08-10,-0.006203709873160855,-0.006217765850210387,0.014055977049532434,1.4055977049532435e-05,1.1101741318725997,-0.04734838066543445
2007-08-17,0.021645128982707793,0.021640602594890878,0.004526387816916052,4.526387816916052e-06,1.1341989690715828,-0.026732425560035633
2007-08-24,0.008070928106665005,0.008054081652312535,0.016846454352469495,1.6846454352469494e-05,1.143333900178454,-0.018893649045948147
2007-08-31,-0.0001420039535313442,-0.0005534857323875141,0.4114817788561699,0.0004114817788561699,1.1427010811773501,-0.019436677413156023
2007-09-07,0.00515804051735919,0.0051449569248168256,0.013083592542364896,1.3083592542364896e-05,1.1485802290179492,-0.01439172135639144
2007-09-14,0.005152963891000586,0.005143114296937755,0.009849594062830948,9.849594062830949e-06,1.1544875084149915,-0.009322625327319312
2007-09-21,0.005486543291032737,0.005476928171042283,0.00961511999045469,9.615119990454691e-06,1.160810553572946,-0.003896756505560206
2007-09-28,0.014540237694440173,0.013968094623613151,0.5721430708270212,0.0005721430708270212,1.1770248652253417,0.0
2007-10-05,0.005626214237173768,0.005619629448713549,0.006584788460218347,6.584788460218347e-06,1.1836393088198303,0.0
2007-10-12,-0.0037385166768717157,-0.0038115011219556206,0.07298444508390481,7.298444508390481e-05,1.1791278662662728,-0.003811501121955607
2007-10-19,0.016285734930723033,0.01628227256603797,0.003462364685062339,3.4623646850623393e-06,1.1983267475750308,0.0
2007-10-26,0.004053752693474926,0.0034052275154518342,0.6485251780230913,0.0006485251780230913,1.2024073227883754,0.0
2007-11-02,-0.0006608513210478052,-0.000666598350466526,0.0057470294187209284,5.747029418720928e-06,1.2016058000504157,-0.0006665983504665629
2007-11-09,-0.003903970390812957,-0.003910129998900541,0.006159608087584104,6.159608087584103e-06,1.1969073651647857,-0.0045741218631597524
2007-11-16,0.0022421869478157323,0.0022394333765838287,0.0027535712319037096,2.7535712319037097e-06,1.1995877594670148,-0.0023449319277447644
2007-11-23,0.0009717443895074338,0.0009650281148911596,0.00671627461627417,6.71627461627417e-06,1.2007453953811797,-0.0013821667380914393
2007-11-30,0.0017945782840268463,0.0016638807408136552,0.1306975432131911,0.0001306975432131911,1.202743292519175,0.0
2007-12-07,-0.006605201963628522,-0.0066075508195691125,0.002348855940590259,2.348855940590259e-06,1.1947961050909588,-0.006607550819568986
2007-12-14,0.005041241766453026,0.005032527839303769,0.008713927149256853,8.713927149256853e-06,1.2008089497521208,-0.0016082756637142426
2007-12-21,0.0019949217129807285,0.0019814289044421413,0.013492808538587111,1.3492808538587112e-05,1.2031882673138725,0.0
2007-12-28,0.005004511853220245,0.004625341169904425,0.3791706833158198,0.00037917068331581985,1.2087534235418254,0.0
2008-01-04,0.005562428843941534,0.0055482074880324915,0.01422135590904297,1.4221355909042972e-05,1.215459838337505,0.0
2008-01-11,-0.008264190491123764,-0.008290760417822606,0.026569926698842207,2.6569926698842208e-05,1.2053827520203633,-0.008290760417822729
2008-01-18,0.0071473109036261796,0.007120373055899703,0.026937847726476425,2.6937847726476425e-05,1.2139655268898955,-0.0012294206690148801
2008-01-25,0.005215755571409273,0.004817440763209654,0.39831480819961884,0.00039831480819961886,1.219813733904266,0.0
2008-02-01,-0.005296857408781405,-0.005315805140448005,0.01894773166659997,1.894773166659997e-05,1.2133294417871887,-0.005315805140447938
2008-02-08,-0.0019163411893159566,-0.0019234222509285834,0.007081061612626718,7.081061612626718e-06,1.2109956969411484,-0.007229002853487931
2008-02-15,0.0045955967229319465,0.0045916736711422825,0.003923051789663779,3.923051789663779e-06,1.2165561939986596,-0.0026705224044166753
2008-02-22,0.005448843365237658,0.005429112040678615,0.01973132455904271,1.973132455904271e-05,1.2231610138796598,0.0
2008-02-29,-0.005399188595020373,-0.0054406012849088255,0.041412689888451815,4.1412689888451816e-05,1.2165062824958957,-0.005440601284908864
2008-03-07,0.004056939585702235,0.004041733902680797,0.015205683021437905,1.5205683021437905e-05,1.2214230771806835,-0.0014208568448922376
2008-03-14,-0.0015307102625877031,-0.0015468692062131524,0.016158943625449226,1.6158943625449226e-05,1.2195336954348346,-0.002965528171405607
2008-03-21,0.0009249691835081523,0.0009142282704616477,0.010740913046504716,1.0740913046504716e-05,1.2206486276159818,-0.0020540110706350756
2008-03-28,0.002245544922263307,0.0022052762841464285,0.04026863811687817,4.026863811687817e-05,1.2233404950857392,0.0
2008-04-04,0.0010364228045578719,0.0010320817798343787,0.004341024723493164,4.341024723493163e-06,1.2246030825212508,0.0
2008-04-11,-0.0039123304457438285,-0.003916593786795035,0.0042633410512067805,4.2633410512067805e-06,1.219806809696958,-0.003916593786794986
2008-04-18,-0.002830245164593467,-0.0028334336055681275,0.003188440974660942,3.188440974660942e-06,1.216350568090062,-0.006738929983908237
2008-04-25,-0.0016346330508035503,-0.0016888479144649689,0.05421486366141848,5.421486366141848e-05,1.2142963369698847,-0.008416396870524201
2008-05-02,0.00431772982961587,0.004313595891776452,0.0041339378394181,4.1339378394181e-06,1.2195343206604372,-0.004139105913712027
2008-05-09,0.0023926695355041086,0.0023774971327476177,0.015172402756490974,1.5172402756490974e-05,1.2224337600110948,-0.0017714494934062408
2008-05-16,0.00040868343300024977,0.00040418181019381756,0.004501622806432201,4.501622806432201e-06,1.2229278455010582,-0.0013679836708753168
2008-05-23,-0.006533199229196625,-0.006549605543833244,0.016406314636619325,1.6406314636619325e-05,1.2149181505044564,-0.007908629461273908
2008-05-30,0.0014271964492632745,0.0010392460219873522,0.3879504272759222,0.00038795042727592224,1.2161807493594086,-0.0068776024509934475
2008-06-06,-0.014024350890335546,-0.014044064442175121,0.019713551839575717,1.9713551839575716e-05,1.1991006285420722,-0.020825077401139147
2008-06-13,0.005083323960739448,0.005025019232409788,0.0583047283296598,5.83047283296598e-05,1.2051261322620908,-0.01590470458318649
2008-06-20,0.005423766183942126,0.005363586773355119,0.060179410587007355,6.0179410587007354e-05,1.2115899308453162,-0.010626424072967988
2008-06-27,-0.0014414466556243346,-0.0015713828337711006,0.12993617814676595,0.00012993617814676596,1.209686059226416,-0.012181108726366352
2008-07-04,0.006159260095153921,0.006097780129267828,0.06147996588609278,6.147996588609279e-05,1.2170624588410193,-0.0061576063198426345
2008-07-11,-0.00972429666510723,-0.009792924691834641,0.06862802672741142,6.862802672741142e-05,1.20514385783633,-0.01589023003670509
2008-07-18,-0.007669363420620462,-0.007727180635720562,0.05781721510010035,5.781721510010035e-05,1.1958314935547996,-0.023494623994588903
2008-07-25,0.000554865092152807,0.00042748161079412443,0.1273834813586825,0.0001273834813586825,1.1963426895279026,-0.02307718590350505
2008-08-01,-0.010883452092622863,-0.010906327977013875,0.02287588439101261,2.287588439101261e-05,1.1832949837830085,-0.03373182652226869
2008-08-08,-0.008863602661138791,-0.008874556800916623,0.010954139777832394,1.0954139777832394e-05,1.1727937652371865,-0.04230702831271482
2008-08-15,0.007921372939702234,0.00790991771222504,0.011455227477193679,1.1455227477193679e-05,1.182070467413623,-0.03473175571309217
2008-08-22,0.0033128757720176667,0.003299150775356566,0.01372499666110057,1.372499666110057e-05,1.1859702961127168,-0.03154719023652597
2008-08-29,-0.0004901124458637236,-0.0005955349001140901,0.1054224542503666,0.0001054224542503666,1.185264009410883,-0.03212393768385369
2008-09-05,-0.011118082390119768,-0.011122799943653528,0.004717553533759687,4.717553533759687e-06,1.1720805549537932,-0.04288942949524732
2008-09-12,0.012765015313836694,0.012730098610942238,0.03491670289445627,3.4916702894456265e-05,1.1870012559983227,-0.030705317551146694
2008-09-19,-0.0055180728563618345,-0.0055495435637258885,0.03147070736405398,3.1470707364053984e-05,1.1804139408179628,-0.03608446061748438
2008-09-26,-0.005231015905778962,-0.005637256392921414,0.40624048714245276,0.0004062404871424528,1.1737596447837932,-0.041518299654104696
2008-10-03,-0.025184641681141165,-0.025194704926958737,0.010063245817570905,1.0063245817570905e-05,1.1441871168782936,-0.06566696327220933
2008-10-10,-0.004231161398364373,-0.004239596866250528,0.008435467886154594,8.435467886154594e-06,1.1393362247631722,-0.06962815868675476
2008-10-17,0.0017707799647082908,0.0017654389573475108,0.005341007360779942,5.341007360779943e-06,1.1413476533198865,-0.067985643993281
2008-10-24,0.002711681336917275,0.0026953640933676305,0.016317243549644672,1.631724354964467e-05,1.1444240008026942,-0.06547352596359746
2008-10-31,0.008409041584628733,0.008361924752092215,0.0471168325365189,4.7116832536518905e-05,1.1539935881818948,-0.057659085908866925
2008-11-07,-0.0011814371137911666,-0.001194447036150063,0.013009922358896217,1.3009922358896217e-05,1.152615203960755,-0.058784662220745854
2008-11-14,0.009217833595915251,0.009208105562439749,0.00972803347550211,9.72803347550211e-06,1.1632286064316986,-0.050117852033487065
2008-11-21,0.005921267062557609,0.005911436886792502,0.009830175765106811,9.830175765106812e-06,1.170104958923531,-0.04450268366589227
2008-11-28,0.003591830044918241,0.003548309799390788,0.04352024552745293,4.3520245527452926e-05,1.174256853815595,-0.041112283175052444
2008-12-05,0.009901700880175002,0.009899486804564232,0.002214075610770581,2.214075610770581e-06,1.1858813940451118,-0.031619786875284994
2008-12-12,0.021359516890192606,0.02135670652687652,0.002810363316082802,2.8103633160828023e-06,1.2112079149534165,-0.010938374857146327
2008-12-19,0.007085076561202462,0.007082196363767799,0.002880197434663092,2.8801974346630923e-06,1.2197859272444662,-0.0039336462120174165
2008-12-26,-0.004773692060579367,-0.004799241495983656,0.0255494354042888,2.55494354042888e-05,1.2139318800062178,-0.008714009189869754
2009-01-02,-0.0002574193396782964,-0.0002588496478225212,0.0014303081442247978,1.4303081442247979e-06,1.2136176541665977,-0.008970603219482287
2009-01-09,-0.0012246175918896643,-0.001227467958521876,0.002850366632211579,2.850366632211579e-06,1.2121279773822118,-0.010187060049983598
2009-01-16,-0.009461471059082505,-0.00946380059662955,0.0023295375470436803,2.3295375470436805e-06,1.2006566399066707,-0.01955445234163422
2009-01-23,-0.0008864819841896817,-0.0008909986702754348,0.004516686085753046,4.516686085753046e-06,1.1995868564370564,-0.02042802802087529
2009-01-30,-0.00269189640620064,-0.0027832874116841253,0.09139100548348522,9.139100548348523e-05,1.1962480614403135,-0.023154458359323393
2009-02-06,-0.0013811360182012407,-0.0013830646091094645,0.0019285909082237878,1.928590908223788e-06,1.1945935730828197,-0.02450549885653286
2009-02-13,-0.0019484578023697876,-0.0019528030614729991,0.0043452591032115805,4.3452591032115805e-06,1.1922607670960874,-0.026410447504816026
2009-02-20,-0.013611840781522874,-0.013614204884283668,0.0023641027607947947,2.3641027607947945e-06,1.176029084737348,-0.039665095145683615
2009-02-27,-0.004448846129018614,-0.004467195330119568,0.018349201100954032,1.834920110095403e-05,1.1707755331019245,-0.04395509874799963
2009-03-06,0.0040608350606182765,0.004058493684737918,0.002341375880358307,2.3413758803583067e-06,1.1755271182092644,-0.04007499655394253
2009-03-13,0.008439582243568665,0.008436896198945634,0.002686044623031304,2.6860446230313038e-06,1.1854449184846416,-0.03197620894109554
2009-03-20,0.006403226623958654,0.006400035715810148,0.003190908148505865,3.1909081485058647e-06,1.1930318083020688,-0.025780822104564782
2009-03-27,-0.003662631484007771,-0.0037654838559931215,0.10285237198535052,0.00010285237198535052,1.1885394662882212,-0.02944922869112887
2009-04-03,9.99324545910497e-05,9.822100864116543e-05,0.0017114459498842776,1.7114459498842776e-06,1.1886562058334098,-0.029353900215433493
2009-04-10,0.001609887578679231,0.0016068812396737332,0.0030063390054977314,3.0063390054977317e-06,1.1905662351909851,-0.027794187207327292
2009-04-17,0.004110250679711235,0.004108331123833303,0.0019195558779322762,1.9195558779322764e-06,1.1954574755100051,-0.023800043807859605
2009-04-24,-0.007946034932097197,-0.008256195967957534,0.3101610358603372,0.0003101610358603372,1.1855875443208348,-0.031859741950093445
2009-05-01,0.004822509330143852,0.004807845864001237,0.014663466142615413,1.4663466142615413e-05,1.1912876664922092,-0.027205072814655007
2009-05-08,0.004815087941224264,0.004803634910513071,0.011453030711192523,1.1453030711192523e-05,1.197010177515435,-0.02253212114165737
2009-05-15,0.00235955689100726,0.002354203479988136,0.0053534110191238975,5.353411019123898e-06,1.199828183040923,-0.02023096285967252
2009-05-22,0.007981199794411621,0.007972187885919952,0.009011908491669203,9.011908491669203e-06,1.2093934387469472,-0.012420060010782885
2009-05-29,-0.00770970098905936,-0.007776035207569556,0.06633421851019532,6.633421851019532e-05,1.1999891527874473,-0.02009951639442842
2009-06-05,0.002051606341332265,0.0020287034632452345,0.022902878087030745,2.2902878087030745e-05,1.2024235749375638,-0.018111588889702213
2009-06-12,-0.004847440829856883,-0.004905931146520547,0.058490316663664825,5.8490316663664824e-05,1.1965245676699672,-0.022928665828175765
2009-06-19,0.008716901779556857,0.008658888520046683,0.05801325951017453,5.8013259510174534e-05,1.2068851405129184,-0.014468314069448707
2009-06-26,-0.0041567682388084426,-0.004341982078984135,0.18521384017569198,0.00018521384017569198,1.201644866861419,-0.0187474749880302
2009-07-03,-0.003348339798328246,-0.0033586256472069977,0.010285848878751443,1.0285848878751443e-05,1.1976089915927437,-0.022043134884921933
2009-07-10,0.007975233400478652,0.007959084727841906,0.01614867263674473,1.614867263674473e-05,1.2071408630276557,-0.014259493335296414
2009-07-17,0.016777853285118043,0.016755206200549887,0.022647084568154688,2.264708456815469e-05,1.2273667571007938,0.0
2009-07-24,0.01590211186948047,0.015885438971942077,0.01667289753839389,1.667289753839389e-05,1.246864016816909,0.0
2009-07-31,0.0007338439602123511,0.0004507530172871266,0.2830909429252245,0.0002830909429252245,1.247426044534636,0.0
2009-08-07,-0.0026280723449275314,-0.002654875460656491,0.02680311572895956,2.6803115728959558e-05,1.2441142837400172,-0.0026548754606564584
2009-08-14,0.008397996942621173,0.008378966505468419,0.019030437152753897,1.90304371527539e-05,1.2545386756524495,0.0
2009-08-21,0.006607180413968988,0.0065618769530878685,0.045303460881119376,4.530346088111938e-05,1.2627708040749708,0.0
2009-08-28,0.0044350394540367075,0.004120150440798996,0.31488901323771207,0.0003148890132377121,1.2679736097600085,0.0
2009-09-04,0.015244242295452062,0.015220320532918146,0.0239217625339151,2.39217625339151e-05,1.2872725745278373,0.0
2009-09-11,0.0064736945055401405,0.006425171036723526,0.048523468816614575,4.8523468816614574e-05,1.295543520990062,0.0
2009-09-18,-0.0010611818666084755,-0.00110079731329583,0.039615446687354394,3.9615446687354395e-05,1.2941173901628984,-0.0011007973132958204
2009-09-25,-0.007631936466931262,-0.007948433060543525,0.31649659361226307,0.00031649659361226306,1.2838311847147033,-0.00904048076008146
2009-10-02,0.029141170278964443,0.029129183159841244,0.011987119123197993,1.1987119123197992e-05,1.3212281384405737,0.0
2009-10-09,0.006780841704530531,0.0067714505495073745,0.009391155023156331,9.391155023156332e-06,1.3301747694446417,0.0
2009-10-16,0.0022057038607448546,0.0021652670184717595,0.04043684227309499,4.043684227309499e-05,1.3330549530017235,0.0
2009-10-23,-0.028233224971944287,-0.02824953801907481,0.016313047130522673,1.6313047130522674e-05,1.2953967664253854,-0.028249538019074816
2009-10-30,0.02568487466399843,0.025306658988219148,0.3782156757792798,0.0003782156757792798,1.3281789306477543,-0.0036577804560791183
2009-11-06,0.01779326360204487,0.01778280325174264,0.010460350302227882,1.0460350302227882e-05,1.3517976752545733,0.0
2009-11-13,-0.006520159000092002,-0.006529390365067655,0.009231364975652974,9.231364975652973e-06,1.3429712605382453,-0.006529390365067611
2009-11-20,-0.004545060732432455,-0.004562311025370607,0.01725029293815171,1.725029293815171e-05,1.3368442079495357,-0.01106191228078679
2009-11-27,0.027419052525104414,0.027259216610253493,0.15983591485092175,0.00015983591485092176,1.3732855337881948,0.0
2009-12-04,-0.007065537551904909,-0.00708517120017868,0.019633648273771252,1.9633648273771253e-05,1.3635555706745768,-0.007085171200178597
2009-12-11,-0.004410310468795101,-0.004423945033489582,0.013634564694481426,1.3634564694481425e-05,1.357523275779804,-0.011477771825725736
2009-12-18,0.01961588407374723,0.01960219209224369,0.013691981503540814,1.3691981503540814e-05,1.3841337078013316,0.0
2009-12-25,-0.004176507726846905,-0.004482791823470688,0.30628409662378314,0.0003062840966237831,1.3779289245334096,-0.0044827918234706665
2010-01-01,0.02645128064512643,0.02644195563263769,0.009325012488741118,9.325012488741118e-06,1.4143640600208502,0.0
2010-01-08,-0.009028870987934468,-0.00904172688130873,0.01285589337426275,1.285589337426275e-05,1.4015757664794026,-0.009041726881308776
2010-01-15,-0.03725733056429835,-0.037270744023618706,0.01341345932035493,1.3413459320354929e-05,1.3493379948572415,-0.04597547901680288
2010-01-22,-0.01553664509671968,-0.015545230669488656,0.008585572768975255,8.585572768975254e-06,1.3283622244760804,-0.06080601025983512
2010-01-29,-0.009652421052506181,-0.010019963537063432,0.3675424845572499,0.0003675424845572499,1.3150520834228177,-0.07021669979126066
2010-02-05,0.01231624611311885,0.012306451012067409,0.009795101051441338,9.795101051441337e-06,1.3312357074657777,-0.05877436715540352
2010-02-12,0.031242447426704564,0.031236717847028497,0.005729579676068632,5.729579676068632e-06,1.3728191416477755,-0.029373567631845954
2010-02-19,-0.0002407917054119634,-0.00025027177375375447,0.009480068341791067,9.480068341791067e-06,1.372475563766152,-0.02961648803072714
2010-02-26,0.031014072599086534,0.030604379323865238,0.4096932752212965,0.0004096932752212965,1.4144793265323872,0.0
2010-03-05,0.01210103122485881,0.012083140556163668,0.01789066869514278,1.789066869514278e-05,1.4315706790486658,0.0
2010-03-12,0.0031384473570320527,0.003130335928305207,0.008111428726845702,8.111428726845702e-06,1.4360519761792,0.0
2010-03-19,0.004091650945641628,0.004068187303683119,0.023463641958509193,2.3463641958509194e-05,1.4418941045961216,0.0
2010-03-26,0.005584957630130635,0.00512232564125972,0.46263198887091456,0.0004626319888709146,1.4492799557400755,0.0
2010-04-02,0.017951877097067838,0.01792911855511139,0.02275854195644523,2.2758541956445228e-05,1.475264267886086,0.0
2010-04-09,-0.007682342252294101,-0.007693772465704294,0.01143021341019314,1.143021341019314e-05,1.4639139202821867,-0.0076937724657041295
2010-04-16,0.026696642300289286,0.02667561195753198,0.02103034275730524,2.1030342757305242e-05,1.5029647199588638,0.0
2010-04-23,-0.013087897336638957,-0.013091557767299006,0.0036604306600484023,3.6604306600484024e-06,1.48328857050531,-0.013091557767298978
2010-04-30,-0.041923661434141224,-0.042169284108127876,0.24562267398664867,0.0002456226739866487,1.4207393533613326,-0.05470878025651971
2010-05-07,0.027714173305843665,0.02769923506780895,0.014938238034717615,1.4938238034717617e-05,1.460092746680175,-0.028524936553309344
2010-05-14,-0.04215483844335587,-0.04216044422459489,0.005605781239017445,5.6057812390174455e-06,1.39853458787103,-0.0694827567813382
2010-05-21,0.01639881501544516,0.01638862618956081,0.010188825884349547,1.0188825884349548e-05,1.4214546484448196,-0.05423285751928708
2010-05-28,-0.016457729637086468,-0.016906650608471938,0.4489209713854695,0.0004489209713854695,1.3974226113477748,-0.07022261215418135
2010-06-04,0.01987738522806078,0.01987072969137156,0.006655536689219161,6.655536689219161e-06,1.425190418322477,-0.05174725700714744
2010-06-11,0.013655984108920506,0.013620830070873,0.03515403804750508,3.5154038047505084e-05,1.4446026948290838,-0.03883126753060273
2010-06-18,-0.012657010437480434,-0.012670205135074223,0.013194697593790163,1.3194697593790163e-05,1.4262992823469183,-0.05100947254040922
2010-06-25,-0.031646253958162465,-0.031959535657742684,0.31328169958021573,0.00031328169958021575,1.3807154195741391,-0.08133876914161409
2010-07-02,0.01849435210306613,0.018490147987452892,0.004204115613237333,4.204115613237333e-06,1.406245052010623,-0.06435258703270685
2010-07-09,-0.009151133502138996,-0.009157243968827875,0.006110466688878393,6.110466688878393e-06,1.3933677229894048,-0.07292053866205106
2010-07-16,0.018557544664397956,0.01855413769547675,0.003406968921204938,3.4069689212049383e-06,1.4192204595821831,-0.05571937868173826
2010-07-23,0.002201075219962486,0.0021953462088727675,0.005729011089718579,5.729011089718579e-06,1.4223361398376817,-0.053646355799615075
2010-07-30,0.007686749329052181,0.007503155663612508,0.18359366543967298,0.000183593665439673,1.4330081493008655,-0.046545717094352734
2010-08-06,-0.006361040214558228,-0.006363738739236157,0.0026985246779297075,2.6985246779297077e-06,1.4238888598275186,-0.05261325105056991
2010-08-13,0.009796347803309551,0.009786003731286292,0.010344072023259734,1.0344072023259735e-05,1.4378230415227276,-0.04334212079037969
2010-08-20,0.0020916501333464394,0.002082035529449445,0.00961460389699443,9.61460389699443e-06,1.4408166401802391,-0.041350325096337404
2010-08-27,0.015592347668265902,0.015433185442492909,0.15916222577299385,0.00015916222577299385,1.4630530305767704,-0.026555306889163632
2010-09-03,-0.0046881186447753674,-0.004698005427288496,0.009886782513128366,9.886782513128367e-06,1.45617959949871,-0.03112855534056347
2010-09-10,0.009440310694801043,0.009429682569402555,0.010628125398489303,1.0628125398489304e-05,1.4699109108860224,-0.021992405166866513
2010-09-17,0.007004207309963551,0.006985376927152633,0.01883038281091794,1.8830382810917942e-05,1.4801787926478955,-0.015160653479339148
2010-09-24,0.006648924372570073,0.006465773610908009,0.1831507616620644,0.0001831507616620644,1.4897492936248238,-0.008792905221622016
2010-10-01,0.012775407887677049,0.012769534994085773,0.005872893591276377,5.872893591276378e-06,1.5087726993621804,0.0
2010-10-08,-0.0017723244834895258,-0.0017897392070761443,0.01741472358661835,1.741472358661835e-05,1.5060723897075659,-0.0017897392070761464
2010-10-15,0.0029865055065612586,0.0029729629238032574,0.013542582758001423,1.3542582758001423e-05,1.5105498870827303,0.0
2010-10-22,-0.0007793169412544253,-0.0007934610172101013,0.01414407595567601,1.414407595567601e-05,1.509351324632779,-0.0007934610172101175
2010-10-29,0.019115854105055022,0.018970442646855032,0.14541145819998852,0.00014541145819998852,1.53798438737068,0.0
2010-11-05,-0.029075164234692655,-0.0290935107457629,0.018346511070245087,1.8346511070245087e-05,1.4932390220698954,-0.02909351074576294
2010-11-12,-0.006150530483761703,-0.006178118909906118,0.027588426144415028,2.7588426144415027e-05,1.4840136138306357,-0.03509188648677519
2010-11-19,0.0021450671605936127,0.0021235335984173694,0.0215335621762431,2.15335621762431e-05,1.4871649666001137,-0.03304287168834441
2010-11-26,0.018949720536628592,0.018788018017465907,0.1617025191626844,0.00016170251916268442,1.5151058487875408,-0.014875663739507772
2010-12-03,-0.011821376001864977,-0.011835908238738193,0.014532236873217332,1.4532236873217332e-05,1.4971731949893161,-0.02653550498723478
2010-12-10,-0.0037094870849365595,-0.0037167742015370257,0.0072871166004663205,7.287116600466321e-06,1.491608540282947,-0.030153652708410417
2010-12-17,0.010501734267559284,0.010481522189287709,0.02021207827157457,2.021207827157457e-05,1.507242868295654,-0.019988186699073873
2010-12-24,0.018629458828490153,0.01861619288671572,0.013265941774433812,1.3265941774433813e-05,1.5353019922589726,-0.001744097751403828
2010-12-31,-0.015399419460446715,-0.015511093038424685,0.11167357797797145,0.00011167357797797146,1.5114877802149649,-0.01722813792733835
2011-01-07,0.004184597658429283,0.004175786644163531,0.008811014265753116,8.811014265753117e-06,1.517799430700403,-0.013124292311435526
2011-01-14,-0.007536405317069179,-0.0075578580497367735,0.021452732667594343,2.1452732667594343e-05,1.5063281180551982,-0.020582958822879194
2011-01-21,0.003985541150052225,0.00397237698139143,0.013164168660795663,1.3164168660795663e-05,1.5123118211977835,-0.016692345113324625
2011-01-28,0.015074889750201605,0.014699524014943096,0.3753657352585091,0.0003753657352585091,1.5345420851315625,-0.0022381906262406437
2011-02-04,0.008309834003420571,0.008300852933458176,0.008981069962395812,8.981069962395812e-06,1.547280093300442,0.0
2011-02-11,0.014346587517162293,0.014321726484062002,0.024861033100290954,2.4861033100290956e-05,1.569439815590925,0.0
2011-02-18,-0.0015697869928073408,-0.0015837629204572918,0.013975927649950991,1.3975927649950991e-05,1.566954195005103,-0.0015837629204572545
2011-02-25,0.006909569162456962,0.006850749155288549,0.058820007168412944,5.882000716841295e-05,1.5776890051329098,0.0
2011-03-04,-0.012255049617928714,-0.012269376098343995,0.014326480415279912,1.4326480415279913e-05,1.558331745362712,-0.012269376098343998
2011-03-11,-0.00829227395764534,-0.008298881068929351,0.006607111284010766,6.607111284010766e-06,1.5453993355420097,-0.020466435074243172
2011-03-18,0.016863770110127973,0.016845860218219214,0.017909891908759003,1.7909891908759004e-05,1.5714329167298795,-0.003965349560449805
2011-03-25,0.009464765021546574,0.009084934538538302,0.3798304830082708,0.00037983048300827086,1.5857092819100747,0.0
2011-04-01,-0.001121435786074602,-0.0011305730870210637,0.009137300946461648,9.137300946461649e-06,1.5839165216721076,-0.001130573087021025
2011-04-08,0.0014720563728660282,0.0014632916413961135,0.008764731469914619,8.764731469914618e-06,1.5862342534789398,0.0
2011-04-15,0.010572958174570237,0.010553547807902923,0.01941036666731305,1.941036666731305e-05,1.6029746525075628,0.0
2011-04-22,0.015833797298427352,0.015811148715716965,0.022648582710385414,2.2648582710385414e-05,1.6283195231258845,0.0
2011-04-29,-0.02401082651380564,-0.024409044454921883,0.3982179411162443,0.0003982179411162443,1.5885737994990876,-0.02440904445492187
2011-05-06,-0.002670267551218937,-0.0026983095290657455,0.028041977846808504,2.8041977846808504e-05,1.584287335678275,-0.027041490826739567
2011-05-13,0.0043565728619429575,0.004332826500006053,0.02374636193690434,2.374636193690434e-05,1.5911517778299258,-0.02282583041478725
2011-05-20,0.0070658838483990604,0.007049048459372147,0.01683538902691388,1.683538902691388e-05,1.602367883818065,-0.015937682340134374
2011-05-27,-0.0030182512821895283,-0.0035466583270888064,0.5284070448992783,0.0005284070448992782,1.5966848324198621,-0.019427815153436945
2011-06-03,-0.01846523306942258,-0.018487833872209005,0.02260080278642681,2.260080278642681e-05,1.5671655884918079,-0.03755647080658919
2011-06-10,-0.002350824837623628,-0.0023859500199801174,0.03512518235648948,3.512518235648948e-05,1.5634264097246338,-0.03985281296429799
2011-06-17,-0.0012059221604127093,-0.0012336347321913708,0.02771257177866164,2.771257177866164e-05,1.561497712604372,-0.04103728388224115
2011-06-24,0.033293754843998685,0.033104289912239904,0.189464931758781,0.00018946493175878103,1.6131899855797265,-0.009291504112849958
2011-07-01,0.005079897931747658,0.005059166563945182,0.020731367802476672,2.0731367802476672e-05,1.6213513824160628,-0.004279344815841135
2011-07-08,-0.011566612423353422,-0.011590696881628395,0.024084458274972884,2.4084458274972886e-05,1.6025587900038691,-0.015820441108857053
2011-07-15,0.016631849397957928,0.01660941995082316,0.022429447134766096,2.2429447134766097e-05,1.6291763619429263,0.0
2011-07-22,-0.01748208442070169,-0.017501454079502717,0.019369658801026285,1.9369658801026285e-05,1.6006634066569707,-0.017501454079502765
2011-07-29,-0.031300807413106146,-0.03165409861860602,0.3532912054998696,0.0003532912054998696,1.549995849327457,-0.04860155994470727
2011-08-05,0.017798043689491692,0.01777058612314113,0.02745756635056238,2.745756635056238e-05,1.577540184058442,-0.03169465202828248
2011-08-12,0.007034307428793579,0.007021776395564363,0.012531033229215588,1.2531033229215589e-05,1.588617318485918,-0.02489542839219583
2011-08-19,0.008876038828564635,0.00887022281374722,0.0058160148174159505,5.8160148174159505e-06,1.6027087080666658,-0.016246033575331054
2011-08-26,0.008154269357291554,0.007662378403104806,0.49189095418674855,0.0004918909541867485,1.614989268657824,-0.008708138429029844
2011-09-02,-0.004710368035511092,-0.004718848538021197,0.008480502510105308,8.480502510105308e-06,1.607368378908498,-0.013385894580756341
2011-09-09,0.0016789749220513322,0.0016483759661296352,0.030598955921697105,3.0598955921697106e-05,1.6100179263130077,-0.011759583601538726
2011-09-16,-0.02076421593897149,-0.020766292009481196,0.0020760705097067587,2.0760705097067588e-06,1.5765838239146923,-0.03228167266404047
2011-09-23,-0.005248493856772285,-0.005253397393844217,0.004903537071931854,4.903537071931854e-06,1.5683014025629618,-0.03736548160284259
2011-09-30,-0.0004418157887388385,-0.0005797275194482177,0.1379117307093792,0.0001379117307093792,1.5673922150811068,-0.03792354732432823
2011-10-07,0.004855988751322141,0.004852222303117439,0.0037664482047021918,3.766448204702192e-06,1.5749975505448561,-0.03325533850335116
2011-10-14,-0.0006950928105984622,-0.0006984858998542905,0.003393089255828259,3.393089255828259e-06,1.5738974369634955,-0.03393059601816595
2011-10-21,0.010498704555819992,0.010493438866935894,0.005265688884098333,5.265688884098333e-06,1.590413033501099,-0.023793205786265315
2011-10-28,0.0071353465533084606,0.007079977445600995,0.05536910770746557,5.536910770746557e-05,1.6016731219074767,-0.016881683700989636
2011-11-04,-0.0011101204089113811,-0.0011115931370801297,0.0014727281687486023,1.4727281687486024e-06,1.5998927130573186,-0.017974511274325478
2011-11-11,-0.002430169450931763,-0.002432934203340595,0.002764752408832221,2.7647524088322212e-06,1.5960002793540462,-0.020363714674398348
2011-11-18,-0.004739319154624797,-0.004745573852568985,0.006254697944188214,6.254697944188214e-06,1.5884263421596507,-0.025012651015067333
2011-11-25,0.01660190188215127,0.01616793493710273,0.4339669450485389,0.0004339669450485389,1.614107915912068,-0.009249118992180838
2011-12-02,-0.0077592493334110455,-0.007764833576505751,0.005584243094705366,5.584243094705366e-06,1.6015746365704902,-0.01694213469898298
2011-12-09,-0.004458235507906465,-0.0044725928541379835,0.014357346231518499,1.4357346231518499e-05,1.5944114452955962,-0.021338952282532575
2011-12-16,-0.0031837657856194886,-0.0032036160570319376,0.019850271412448862,1.9850271412448863e-05,1.5893035631879318,-0.024474206529391918
2011-12-23,0.001917363738701743,0.0018962296682425738,0.021134070459169332,2.1134070459169333e-05,1.5923172477562924,-0.022624385577677097
2011-12-30,0.0009331193785461983,0.000755349133859229,0.17777024468696928,0.00017777024468696928,1.5935200032102141,-0.021886125753868058
2012-01-06,0.008176966354135264,0.00816744806338926,0.009518290746004065,9.518290746004064e-06,1.6065349950744054,-0.013897431485882294
2012-01-13,-0.0013237187593824595,-0.0013356619653453615,0.011943205962902003,1.1943205962902003e-05,1.6043892073854882,-0.01521453118057603
2012-01-20,0.015173768853882373,0.015164136175320024,0.009632678562349815,9.632678562349815e-06,1.6287183838044956,-0.0002811102279218769
2012-01-27,-6.73452787901648e-05,-0.00016297766635410354,0.09563238756393874,9.563238756393874e-05,1.6284529390831552,-0.000444042079586926
2012-02-03,-0.002371602629667824,-0.00238114378009258,0.009541150424755902,9.541150424755902e-06,1.6245753584960838,-0.0028241285316437104
2012-02-10,0.0006817529925529529,0.0006546608962596192,0.02709209629333375,2.709209629333375e-05,1.6256389044563182,-0.002171316481899721
2012-02-17,0.010820114179176384,0.01080256251284121,0.017551666335173556,1.7551666335173557e-05,1.6431999703450142,0.0
2012-02-24,-0.003307308778009056,-0.003602613884328705,0.29530510631964907,0.0002953051063196491,1.6372801553171208,-0.003602613884328698
2012-03-02,-0.0026596462558579432,-0.0027017349776562905,0.04208872179834741,4.208872179834741e-05,1.632856658253278,-0.0062946155540426485
2012-03-09,-0.00842754356262532,-0.008472310058188506,0.04476649556318582,4.476649556318582e-05,1.6190225903639788,-0.014713595677560143
2012-03-16,0.0023895418130622454,0.0023608893482798443,0.028652464782400876,2.8652464782400876e-05,1.6228449235521936,-0.0123874435005904
2012-03-23,0.0021017389182706398,0.002069615181468068,0.03212373680257171,3.212373680257171e-05,1.6262035880431456,-0.010343465560250675
2012-03-30,-0.004184991963360128,-0.004590857393437986,0.4058654300778583,0.0004058654300778583,1.6187379192777422,-0.014886837578347634
2012-04-06,0.003632468964739467,0.0035915572183451566,0.04091174639431047,4.0911746394310475e-05,1.6245517091363333,-0.011348747288965289
2012-04-13,0.004275988101753352,0.004217924717480191,0.05806338427316107,5.806338427316107e-05,1.6314039459451242,-0.007178690733187665
2012-04-20,0.012637526467171391,0.012565520251234513,0.07200621593687836,7.200621593687837e-05,1.6519033852658414,0.0
2012-04-27,-0.010756100673034778,-0.010922138631639596,0.16603795860481854,0.00016603795860481855,1.633861067485893,-0.0109221386316396
2012-05-04,-0.0014606328064724057,-0.0014775286144714328,0.016895807999027124,1.6895807999027125e-05,1.6314469910066118,-0.012383529473751542
2012-05-11,-0.025007057896668045,-0.025037820777173387,0.03076288050534101,3.076288050534101e-05,1.5905991136383295,-0.03711129365937227
2012-05-18,0.008186151452841583,0.008142173180692701,0.04397827214888082,4.397827214888082e-05,1.6035500470826292,-0.029271287058613704
2012-05-25,0.005036545075309561,0.004738591330779975,0.2979537445295858,0.00029795374452958577,1.6111486154342067,-0.02467140039493043
2012-06-01,0.006255096198390162,0.0062443442017166145,0.01075199667354693,1.075199667354693e-05,1.621209181949097,-0.018581112909218156
2012-06-08,0.00538941833413012,0.005370844065758579,0.018574268371541608,1.857426837154161e-05,1.6299164436633216,-0.013310065103463331
2012-06-15,-0.002176476045294346,-0.0021829883573592644,0.00651231206491824,6.5123120649182405e-06,1.626358355043336,-0.015463997743666025
2012-06-22,0.009570505233458457,0.009532712916006861,0.03779231745159623,3.779231745159623e-05,1.641861962340513,-0.006078698678683492
2012-06-29,0.010358987273870534,0.010060522180398698,0.29846509347183514,0.0002984650934718351,1.6583799510297927,0.0
2012-07-06,0.007223684170930605,0.007182111778200996,0.04157239272960836,4.157239272960836e-05,1.6702906212088162,0.0
2012-07-13,0.0015403952621493517,0.0015111296096267518,0.029265652522599835,2.9265652522599835e-05,1.6728146468232068,0.0
2012-07-20,0.0007294060044532938,0.0007227214718923842,0.006684532560909576,6.684532560909576e-06,1.6740236258869619,0.0
2012-07-27,0.002898026212066867,0.002647644868153892,0.250381343912975,0.000250381343912975,1.6784558459492098,0.0
2012-08-03,-0.0042532395112687225,-0.004262582914714039,0.009343403445316503,9.343403445316502e-06,1.6713012887371648,-0.0042625829147140415
2012-08-10,-0.005987212019112427,-0.006016923548374527,0.029711529262099367,2.9711529262099368e-05,1.6612451966565334,-0.010253858827572238
2012-08-17,0.010327180512792527,0.010319312184003058,0.007868328789468583,7.868328789468584e-06,1.6783881044550077,-4.0359413901458474e-05
2012-08-24,0.008035125829159646,0.008009174218057434,0.02595161110221136,2.595161110221136e-05,1.6918306071891032,0.0
2012-08-31,0.002359740087694702,0.0021630445534756644,0.19669553421903763,0.00019669553421903762,1.695490112169387,0.0
2012-09-07,-0.0003082122021634253,-0.00031507415123257067,0.006861949069145378,6.861949069145378e-06,1.694955907061372,-0.0003150741512326638
2012-09-14,-0.0020238134348120294,-0.0020353930063260525,0.011579571514022852,1.1579571514022853e-05,1.6915060056621083,-0.0023498258578347198
2012-09-21,-0.0021000209481996258,-0.0021097060388333973,0.009685090633771362,9.685090633771362e-06,1.6879374252272399,-0.004454574454865745
2012-09-28,0.004317148294772682,0.0041177336236280886,0.1994146711445931,0.0001994146711445931,1.6948879019176781,-0.0003551835822495075
2012-10-05,-0.002315436724172581,-0.0023233364144866356,0.007899690314054422,7.899690314054422e-06,1.69095010713668,-0.0026776947857857225
2012-10-12,0.002356932765136457,0.0023470705055072846,0.009862259629172653,9.862259629172653e-06,1.6949188862594249,-0.00033690901873284496
2012-10-19,-0.008678315701033544,-0.008692757472386672,0.014441771353128035,1.4441771353128034e-05,1.680185367445804,-0.009026737822729336
2012-10-26,0.0013995345677750765,0.0013004948768609817,0.09903969091409484,9.903969091409484e-05,1.682370439908344,-0.007737982172161706
2012-11-02,-0.010508868438036154,-0.010557100104368134,0.04823166633198049,4.823166633198049e-05,1.6646094867616017,-0.01821339162413249
2012-11-09,-0.00859333205419772,-0.008616174258440443,0.022842204242723887,2.2842204242723888e-05,1.6502669213514107,-0.02667263612650217
2012-11-16,0.01735719416841057,0.017306571866472994,0.050622301937576414,5.062230193757641e-05,1.678827384424642,-0.009827676154020804
2012-11-23,0.004745912254866485,0.004710272743776985,0.03563951108950049,3.563951108950049e-05,1.6867351192950035,-0.0051636944453669065
2012-11-30,0.0055582829500648925,0.005458332589129379,0.09995036093551339,9.995036093551339e-05,1.6959418805658804,0.0
2012-12-07,-0.0019147540142832706,-0.0019278688777212697,0.013114863437999124,1.3114863437999123e-05,1.6926723269959134,-0.0019278688777212283
2012-12-14,0.007317884339940656,0.007288080177992709,0.02980416194794698,2.980416194794698e-05,1.705008658630129,0.0
2012-12-21,-0.002521204927848552,-0.0025384101738322846,0.017205245983732697,1.7205245983732697e-05,1.7006806473045901,-0.002538410173832273
2012-12-28,0.01167948864484342,0.01155187914741271,0.12760949743071037,0.00012760949743071038,1.7203267046105963,0.0
2013-01-04,0.0057306777060699005,0.00571220011229122,0.018477593778679878,1.8477593778679877e-05,1.7301535550058504,0.0
2013-01-11,0.002496724998276516,0.0024833455572627144,0.013379441013801471,1.3379441013801472e-05,1.7344501241500567,0.0
2013-01-18,0.004023829588849934,0.004001079800608003,0.02274978824193059,2.274978824193059e-05,1.7413897975069557,0.0
2013-01-25,-0.0019100866205993144,-0.0020255962256196937,0.11550960502037928,0.00011550960502037929,1.737862444905793,-0.002025596225619708
2013-02-01,-0.003961344682529215,-0.003982439413618604,0.021094731089389133,2.1094731089389133e-05,1.7309415130097523,-0.005999968824993429
2013-02-08,-7.060668228797359e-05,-0.00011502360002654113,0.04441691773856754,4.4416917738567544e-05,1.7307424138854905,-0.006114302287005713
2013-02-15,0.0014348468730811608,0.0014257324007704868,0.009114472310674138,9.114472310674139e-06,1.7332099894223547,-0.004697287245113979
2013-02-22,0.00013010737364336112,-0.00013988474579321836,0.26999211943657947,0.0002699921194365795,1.7329675397835782,-0.0048365149120749296
2013-03-01,0.01074216339627564,0.010732640046983337,0.00952334929230212,9.52334929230212e-06,1.7515668566011817,0.0
2013-03-08,0.0023790246508015585,0.002372889040074556,0.006135610727002552,6.135610727002552e-06,1.7557231303981684,0.0
2013-03-15,-0.003839425158470553,-0.003855622198428196,0.016197039957642857,1.6197039957642857e-05,1.7489537253223115,-0.0038556221984281658
2013-03-22,0.0012663510754728586,0.0012462430401890667,0.020108035283791927,2.0108035283791928e-05,1.7511333467301073,-0.0026141842005693583
2013-03-29,0.0006024770193111127,0.0005190371017844426,0.0834399175266701,8.34399175266701e-05,1.7520422499072323,-0.002096503957375817
2013-04-05,0.015163268939903659,0.015151434336722662,0.011834603180996748,1.1834603180996748e-05,1.7785882030118658,0.0
2013-04-12,-0.008644915221014349,-0.008660031634088534,0.015116413074184187,1.5116413074184188e-05,1.7631855729097663,-0.008660031634088572
2013-04-19,0.013982101671387692,0.013966481191973315,0.015620479414377064,1.5620479414377062e-05,1.7878110710517692,0.0
2013-04-26,0.015012354602557981,0.014881162087656706,0.13119251490127465,0.00013119251490127464,1.8144157773821978,0.0
2013-05-03,0.0013359198614361404,0.0013239445000772499,0.01197536135889046,1.1975361358890459e-05,1.8168179631715162,0.0
2013-05-10,0.006612787631143624,0.006590278822564173,0.02250880857945127,2.250880857945127e-05,1.8287913001186598,0.0
2013-05-17,-0.016883925795974603,-0.016896296194985696,0.01237039901109269,1.2370399011092691e-05,1.797891500633042,-0.01689629619498567
2013-05-24,-0.020671968256632287,-0.020697855584185135,0.025887327552849275,2.5887327552849276e-05,1.7606790019969054,-0.03724443468061933
2013-05-31,0.00012589168599404254,-0.0002947487622537243,0.4206404482477668,0.0004206404482477668,1.7601600440403407,-0.037528205691850114
2013-06-07,-0.005367023311811945,-0.005375787109903034,0.008763798091089226,8.763798091089227e-06,1.7506977983642222,-0.04270224915733711
2013-06-14,-0.031042232913998644,-0.031056856109573202,0.014623195574556666,1.4623195574556667e-05,1.696326628749078,-0.07243290765927579
2013-06-21,0.015952480556517348,0.015928826890792343,0.02365366572500331,2.365366572500331e-05,1.7233471219686636,-0.05765785201578466
2013-06-28,0.0049057997049909334,0.004458077795350811,0.44772190964012226,0.0004477219096401223,1.731029937506794,-0.053456817410233004
2013-07-05,0.02520463712491714,0.025174129204271718,0.030507920645424368,3.050792064542437e-05,1.7746071088100523,-0.02962841703429564
2013-07-12,0.01076712999160899,0.01076198307829714,0.005146913311849275,5.146913311849275e-06,1.793705400485692,-0.019185294478758275
2013-07-19,-0.005641092572905412,-0.005647193022942807,0.006100450037395745,6.100450037395745e-06,1.7835759998628544,-0.024724144440577578
2013-07-26,0.005188997847239658,0.005001220158567336,0.1877776886723212,0.0001877776886723212,1.7924960561077055,-0.01984657517158972
2013-08-02,-0.004940910139977495,-0.00494500916562142,0.004099025643924623,4.099025643924623e-06,1.7836321466809126,-0.024693442841081437
2013-08-09,-0.013536002812791088,-0.013548742460294468,0.012739647503380363,1.2739647503380364e-05,1.7594661740816309,-0.03790762020386407
2013-08-16,0.005598582015588728,0.0055884896670537615,0.010092348534966461,1.0092348534966461e-05,1.7692989326150166,-0.03253097688062223
2013-08-23,-0.01484337399188873,-0.014855858938381802,0.012484946493071417,1.2484946493071418e-05,1.7430144772522584,-0.0469035602153377
2013-08-30,0.009333175205970818,0.009166096036487721,0.16707916948309628,0.00016707916948309628,1.758991115343741,-0.038167386716236984
2013-09-06,0.013018004182237064,0.01300381399034907,0.014190191887993208,1.4190191887993208e-05,1.7818647086183474,-0.02565989432324367
2013-09-13,0.014040197568807637,0.014035859443162779,0.0043381256448594184,4.3381256448594186e-06,1.806874711215247,-0.011984193550128253
2013-09-20,-0.002724786443088765,-0.0027333641772691398,0.008577734180374483,8.577734180374483e-06,1.8019358646067978,-0.014684800562054012
2013-09-27,0.00032752926291135665,6.240510728501775e-06,0.32128875218285485,0.0003212887521828549,1.8019471096068926,-0.014678651691981126
2013-10-04,0.0040474764962099815,0.00403056939021689,0.016907105993090952,1.690710599309095e-05,1.8092099824696641,-0.01070724562596348
2013-10-11,0.013312961457542035,0.013301938698034917,0.011022759507118432,1.1022759507118432e-05,1.8332759827483482,0.0
2013-10-18,0.002658798251513099,0.002650506969308538,0.008291282204561181,8.291282204561181e-06,1.8381350935172889,0.0
2013-10-25,-0.006460943483827726,-0.006650700660394016,0.18975717656629001,0.00018975717656629002,1.8259102072369402,-0.006650700660393971
2013-11-01,-0.003642036127665656,-0.003651626234743518,0.00959010707786224,9.59010707786224e-06,1.8192426656219078,-0.010278041022126483
2013-11-08,0.010619323355694547,0.010611498494379161,0.007824861315385094,7.824861315385093e-06,1.8385475564290652,0.0
2013-11-15,-0.000313480078108528,-0.00031876399453570044,0.005283916427172478,5.283916427172479e-06,1.8379614936658342,-0.0003187639945355647
2013-11-22,0.0027267494699962378,0.002721215099384472,0.005534370611765957,5.534370611765957e-06,1.8429629822344848,0.0
2013-11-29,-0.0036853491558696714,-0.003729870667581998,0.04452151171232682,4.4521511712326825e-05,1.836088968665609,-0.0037298706675820137
2013-12-06,-0.011883139016070198,-0.011892567182354812,0.00942816628461292,9.42816628461292e-06,1.8142531572529728,-0.015578080112441106
2013-12-13,0.015356774124418956,0.015334608052536792,0.02216607188216445,2.2166071882164454e-05,1.8420740183275244,-0.00048235581263966765
2013-12-20,0.010683609577643964,0.010672435951101476,0.011173626542487741,1.1173626542487742e-05,1.861733435305313,0.0
2013-12-27,-0.0027479027604914914,-0.0031273017729888074,0.37939901249731606,0.00037939901249731605,1.85591123303225,-0.003127301772988922
2014-01-03,0.007084302631408683,0.007079944346577837,0.0043582848308455395,4.358284830845539e-06,1.869050981274307,0.0
2014-01-10,0.0013236431656917628,0.0013210432645371333,0.0025999011546293787,2.5999011546293786e-06,1.871520078484196,0.0
2014-01-17,-0.016131316434982015,-0.016138579714613372,0.0072632796313572,7.2632796313572005e-06,1.8413164025100794,-0.01613857971461341
2014-01-24,-0.004036013955176832,-0.004041316825526428,0.005302870349596032,5.302870349596032e-06,1.8338750595514977,-0.020114675426398998
2014-01-31,0.007287446255393252,0.00724109763301858,0.046348622374671515,4.634862237467152e-05,1.8471543279044678,-0.013019230121999459
2014-02-07,0.016398942182973365,0.01638378826400625,0.015153918967116055,1.5153918967116054e-05,1.8774177133037975,0.0
2014-02-14,0.00324491154929476,0.0032363387601011995,0.008572789193560228,8.572789193560227e-06,1.883493673018263,0.0
2014-02-21,0.009713946854625267,0.009708067830177369,0.005879024447899554,5.879024447899554e-06,1.901778757353634,0.0
2014-02-28,0.0007443529554761435,0.0005160614938193018,0.22829146165684172,0.00022829146165684173,1.9027601921400679,0.0
2014-03-07,-0.010851132808658966,-0.010860472149046459,0.009339340387492349,9.339340387492349e-06,1.8820953180670164,-0.010860472149046507
2014-03-14,0.003430989278819945,0.003413310463353092,0.01767881546685294,1.7678815466852938e-05,1.8885194937092025,-0.007484231848916667
2014-03-21,-0.00023320905068845935,-0.0002545319942067087,0.021322943518249392,2.1322943518249394e-05,1.8880388050763706,-0.007736858866665641
2014-03-28,0.00220280254498697,0.0021567953729306004,0.0460071720563692,4.60071720563692e-05,1.8921109184350728,-0.00559675031513962
2014-04-04,-0.012294236763223526,-0.012302918133391303,0.008681370167775957,8.681370167775957e-06,1.8688324327062702,-0.01783081208759074
2014-04-11,0.013120507688634219,0.013099151658721183,0.021356029913035084,2.1356029913035086e-05,1.8933125521670264,-0.004965228940603139
2014-04-18,0.0010666838883109527,0.0010494818111706165,0.017202077140336253,1.7202077140336252e-05,1.8952995492533866,-0.003920958046894074
2014-04-25,0.0070939808594314094,0.0069019392471088995,0.1920416123225097,0.00019204161232250973,1.9083807915974063,0.0
2014-05-02,-0.0022647666728010584,-0.002296291474153238,0.03152480135217982,3.1524801352179816e-05,1.9039985930562233,-0.0022962914741532225
2014-05-09,0.004024585387258446,0.004004914603986479,0.019670783271966405,1.9670783271966404e-05,1.9116239448275238,0.0
2014-05-16,0.005182033953033537,0.005163004813898683,0.01902913913485292,1.902913913485292e-05,1.9214936684570323,0.0
2014-05-23,0.00553907552139378,0.005521612075834108,0.01746344555967241,1.746344555967241e-05,1.9321034111004234,0.0
2014-05-30,0.006001414210883969,0.005682163479993662,0.31925073089030787,0.0003192507308903079,1.9430819385425495,0.0
2014-06-06,-0.0037901721384443745,-0.00382328781814224,0.03311567969786563,3.311567969786563e-05,1.9356529770372677,-0.003823287818142229
2014-06-13,0.00802290307850935,0.007982284614169945,0.04061846433940483,4.0618464339404834e-05,1.9511039100142444,0.0
2014-06-20,0.0005569199979866672,0.0005094125779219556,0.04750742006471159,4.7507420064711596e-05,1.9520978268868383,0.0
2014-06-27,-0.0038063682032690345,-0.004294097528432484,0.48772932516344947,0.0004877293251634495,1.9437153284331452,-0.004294097528432461
2014-07-04,0.0077590089051844165,0.007718996681075785,0.040012224108631284,4.0012224108631286e-05,1.9587188606022767,0.0
2014-07-11,0.006433215792757244,0.006419561994863752,0.013653797893491923,1.3653797893491923e-05,1.9712929777584218,0.0
2014-07-18,0.0020186240495667423,0.001989768639507773,0.028855410058969282,2.8855410058969284e-05,1.9752153947048476,0.0
2014-07-25,-0.01563782918943823,-0.01586962768245622,0.23179849301798996,0.00023179849301798998,1.9438694617982257,-0.015869627682456255
2014-08-01,0.0026674791497357346,0.002651557299568816,0.015921850166918494,1.5921850166918495e-05,1.9490237430590658,-0.013260149610010319
2014-08-08,0.015792084028407753,0.015770928329423117,0.021155698984635322,2.1155698984635322e-05,1.9797616568231944,0.0
2014-08-15,0.003302451791039227,0.00326455223733087,0.0378995537083569,3.7899553708356906e-05,1.9862246921693585,0.0
2014-08-22,0.00881914869127507,0.008802862041871749,0.01628664940332173,1.628664940332173e-05,2.003709154118684,0.0
2014-08-29,-0.0021739085298900576,-0.0024229121254637385,0.249003595573681,0.000249003595573681,1.9988543429132672,-0.00242291212546375
2014-09-05,-0.027275768068068133,-0.02728619303142672,0.010424963358587287,1.0424963358587288e-05,1.9443132174708302,-0.02964299310893692
2014-09-12,0.003195785281449774,0.003161547290185449,0.0342379912643251,3.42379912643251e-05,1.9504602556547967,-0.02657516354328804
2014-09-19,-0.005359141344929893,-0.005378263259970306,0.019121915040413204,1.9121915040413204e-05,1.9399701669217764,-0.03181049857754581
2014-09-26,0.0028304541075375037,0.0027836175359069945,0.04683657163050908,4.6836571630509085e-05,1.9453703018975563,-0.02911542930330513
2014-10-03,0.0025838986840074326,0.002583069929646324,0.0008287543611086925,8.287543611086926e-07,1.950395329426415,-0.026607566563580876
2014-10-10,0.006213884227340923,0.0062044889694668455,0.009395257874077686,9.395257874077686e-06,1.9624965357339406,-0.020568163947362272
2014-10-17,0.012111928232575616,0.012076832476189977,0.03509575638563801,3.509575638563802e-05,1.9861972776311025,-0.008739729741507385
2014-10-24,0.0105565643492176,0.01054378220060449,0.012782148613110042,1.2782148613110042e-05,2.0071393091338785,0.0
2014-10-31,0.001104961111302539,0.0009912697027842717,0.11369140851826724,0.00011369140851826725,2.00912892552029,0.0
2014-11-07,-0.0003520147570501721,-0.00037510630435303604,0.023091547302863932,2.3091547302863934e-05,2.0083752885940696,-0.0003751063043530012
2014-11-14,0.008015285265309688,0.007970464870043848,0.044820395265840085,4.4820395265840086e-05,2.024382973277673,0.0
2014-11-21,0.008426307040213512,0.008406922493968674,0.019384546244838027,1.9384546244838027e-05,2.041401804032128,0.0
2014-11-28,-0.004634082524783359,-0.004942093621451784,0.3080110966684251,0.00030801109666842507,2.0313130051976005,-0.004942093621451815
2014-12-05,-0.0007025807119862681,-0.000733060337329433,0.03047962534316482,3.047962534316482e-05,2.0298239302007888,-0.005671531105963967
2014-12-12,0.01357837953682576,0.01355556167840276,0.022817858423001103,2.2817858423001104e-05,2.0573393336829233,0.0
2014-12-19,0.003696130558660977,0.0036838369447189097,0.012293613942067363,1.2293613942067363e-05,2.064918236328168,0.0
2014-12-26,0.004189519366063637,0.004048317908246467,0.14120145781716992,0.00014120145781716992,2.07327768180336,0.0
2015-01-02,0.01660583873079085,0.016596780912972987,0.00905781781786292,9.057817817862921e-06,2.107687417260007,0.0
2015-01-09,0.008151635929634067,0.008140213315247322,0.011422614386744367,1.1422614386744367e-05,2.124844442438366,0.0
2015-01-16,0.008151196188585955,0.008140539309929017,0.010656878656938295,1.0656878656938296e-05,2.1421418221495196,0.0
2015-01-23,0.00016625576362584195,0.00015740579887285687,0.00884996475298509,8.84996475298509e-06,2.1424790076943343,0.0
2015-01-30,-0.01920541641380894,-0.019448877785365273,0.24346137155632952,0.00024346137155632953,2.1008101953159763,-0.019448877785365304
2015-02-06,-0.0040276500239878965,-0.004045317799757327,0.017667775769430568,1.766777576943057e-05,2.092311750438953,-0.023415518693632342
2015-02-13,-0.0051684875471762065,-0.005177580399293663,0.009092852117456201,9.092852117456201e-06,2.0814786381306685,-0.028471863362298455
2015-02-20,0.003728181191934416,0.0037148380050561576,0.013343186878258582,1.3343186878258583e-05,2.089210994082309,-0.02486279371733524
2015-02-27,-0.02675301095577821,-0.026956064490198526,0.2030535344203141,0.0002030535344203141,2.0328940877921946,-0.051148655136682764
2015-03-06,0.01069467527570206,0.010652638992196567,0.042036283505494085,4.203628350549409e-05,2.0545497746188155,-0.04104088430259367
2015-03-13,0.03338757233743819,0.03334501434901952,0.04255798841866864,4.255798841866864e-05,2.1230587663342546,-0.009064378829540587
2015-03-20,-0.015997852720336735,-0.016034113453614864,0.03626073327812808,3.626073327812808e-05,2.0890174012061595,-0.02495315300461609
2015-03-27,0.010253778545395682,0.01007547004050644,0.1783085048892422,0.0001783085048892422,2.1100652334461087,-0.015129097709623895
2015-04-03,0.00020844880993567405,0.00018625183925421394,0.02219697068146012,2.2196970681460123e-05,2.1104582369767844,-0.014945663692644384
2015-04-10,-0.001296759495329171,-0.0013224701249156213,0.02571062958645013,2.5710629586450132e-05,2.1076672190085004,-0.0162483686238295
2015-04-17,0.006513316158629404,0.0064842007412170884,0.029115417412315162,2.9115417412315163e-05,2.1213337563522345,-0.009869525566486459
2015-04-24,-0.022524025993558548,-0.022663035256310023,0.13900926275147443,0.00013900926275147444,2.0732578946416234,-0.03230888741692006
2015-05-01,-0.0007527330671656927,-0.0007773035158636988,0.024570448698006113,2.4570448698006112e-05,2.0716463439908264,-0.033061077121000926
2015-05-08,0.0018735109649033156,0.0018496808701805134,0.02383009472280223,2.383009472280223e-05,2.0754782286030853,-0.03127254869271889
2015-05-15,-0.004806793957345029,-0.004833335419667947,0.02654146232291831,2.654146232291831e-05,2.0654467461680284,-0.035954733395127
2015-05-22,-0.0005555748737171569,-0.0005764081023184382,0.02083322860128126,2.083322860128126e-05,2.06425620592863,-0.03651041689779966
2015-05-29,-0.02058938581706125,-0.02083768892785708,0.24830311079582898,0.000248303110795829,2.021241877242091,-0.056587313115713966
2015-06-05,0.0020041555356286643,0.0019745097656556315,0.02964576997303279,2.964576997303279e-05,2.025232839067457,-0.05472453555241763
2015-06-12,0.007995475610619748,0.007981869664599763,0.013605946019984308,1.3605946019984308e-05,2.041397983629361,-0.047179469998053
2015-06-19,-0.013605452193149726,-0.01364061757279326,0.03516537964353399,3.516537964353399e-05,2.013552054420802,-0.060176530463315614
2015-06-26,-0.003760529514712411,-0.004223879589840199,0.46335007512778814,0.0004633500751277882,2.005047052995053,-0.06414623163434452
2015-07-03,0.0005995092375636469,0.0005801652194880274,0.019344018075619564,1.9344018075619563e-05,2.006210311558638,-0.06360328182741193
2015-07-10,0.01130582273221165,0.01129310535800245,0.012717374209200211,1.2717374209200211e-05,2.0288666559773807,-0.053028455032200994
2015-07-17,-0.007079113041200459,-0.0070880347888152544,0.00892174761479545,8.92174761479545e-06,2.014485978537946,-0.05974062228695087
2015-07-24,0.00643679490316694,0.006422578776880736,0.014216126286203772,1.4216126286203772e-05,2.0274241734300276,-0.05370173236288789
2015-07-31,-0.005958804935715663,-0.006310024644666802,0.35121970895113896,0.00035121970895113895,2.014631076930491,-0.059672897752883536
2015-08-07,-0.00041296463429099694,-0.0004182250563009291,0.005260422009932125,5.260422009932125e-06,2.013788507734916,-0.06006616610816229
2015-08-14,-0.02628884998552174,-0.026292094717525832,0.003244732004092216,3.244732004092216e-06,1.9608417895484844,-0.08477899549705359
2015-08-21,0.004617596889656145,0.00460910855987097,0.008488329785174921,8.488329785174921e-06,1.969879522225245,-0.08056064253102546
2015-08-28,-0.0033743119347140944,-0.0038505537187105967,0.4762417839965023,0.0004762417839965023,1.9622943953055287,-0.08410099316805641
2015-09-04,0.002401510557830085,0.002394947059093887,0.00656349873619818,6.56349873619818e-06,1.966993986496642,-0.08190746353521738
2015-09-11,4.2348912097379824e-05,3.162919028767023e-05,0.010719721809709598,1.0719721809709598e-05,1.9670562009237358,-0.08187842501167975
2015-09-18,-0.005729462392815084,-0.005733426733482205,0.003964340667121978,3.9643406671219775e-06,1.9557782283150977,-0.08714240779430449
2015-09-25,0.006152936012122566,0.005942518052678112,0.21041795944445446,0.00021041795944445446,1.9674004757438952,-0.08171773507309776
2015-10-02,-6.958993515451166e-05,-8.330430374120943e-05,0.013714368586697761,1.3714368586697762e-05,1.9672365828170832,-0.08179423193781543
2015-10-09,0.003506123891429608,0.0034937770551709156,0.012346836258692491,1.2346836258692492e-05,1.9741096688522222,-0.07858622569343432
2015-10-16,0.0004869749899490995,0.00047449716559709576,0.012477824352003737,1.2477824352003737e-05,1.9750463782946701,-0.07814901746918379
2015-10-23,-0.0016340025165976198,-0.0016406962787110413,0.006693762113421455,6.693762113421455e-06,1.9718059270515205,-0.07966149494574826
2015-10-30,-0.0077299485630239785,-0.008252951841328616,0.5230032783046372,0.0005230032783046372,1.955532707695118,-0.08725700430568128
2015-11-06,-0.011690333170644465,-0.0117024359000668,0.012102729422335475,1.2102729422335475e-05,1.9326482115328318,-0.09793832070602904
2015-11-13,0.013929864715656465,0.013906415023188621,0.02344969246784302,2.344969246784302e-05,1.9595244196562307,-0.0853938766172525
2015-11-20,0.004742303513783725,0.004730077597669359,0.012225916114366433,1.2225916114366432e-05,1.9687931222157327,-0.08106771868234863
2015-11-27,-0.0004951160260506561,-0.0006435292914076293,0.14841326535697322,0.00014841326535697323,1.9675261461728648,-0.08165907852219656
2015-12-04,-0.010336019309034526,-0.010355256649606698,0.019237340572173346,1.9237340572173347e-05,1.9471519079644333,-0.09116873445593554
2015-12-11,0.0007556047206821873,0.0007470052877945408,0.008599432887646537,8.599432887646537e-06,1.948606440735822,-0.0904898326948611
2015-12-18,0.009425471187665999,0.009411979145253527,0.013492042412472167,1.3492042412472167e-05,1.9669466839183343,-0.08192954196778901
2015-12-25,-0.0013259763926860742,-0.0017217572568302537,0.39578086414417946,0.0003957808641441795,1.9635600791914998,-0.08351023644118749
2016-01-01,-0.00706132636453085,-0.007068347947347334,0.007021582816484776,7.021582816484776e-06,1.9496809533362534,-0.08998830498020327
2016-01-08,-0.005379536219182292,-0.0053877320202260865,0.008195801043794724,8.195801043794724e-06,1.9391765948347386,-0.0948912041282417
2016-01-15,0.0022460005721219836,0.002216417485900138,0.02958308622184591,2.958308622184591e-05,1.9434746197477784,-0.09288510516642956
2016-01-22,0.00409983774512456,0.004088182428126604,0.011655316997956317,1.1655316997956318e-05,1.9514198985377413,-0.08917665399307906
2016-01-29,-0.0028230235636149577,-0.00298261013805288,0.1595865744379225,0.00015958657443792252,1.9455995737647644,-0.09189328493885462
2016-02-05,-4.448595361421833e-06,-1.6004424810025842e-05,0.011555829448604008,1.1555829448604009e-05,1.945568435562676,-0.09190781866449516
2016-02-12,0.0023984071165289653,0.0023658947289620993,0.03251238756686586,3.251238756686586e-05,1.950171445669209,-0.08975936815926167
2016-02-19,0.0018152934879191078,0.0018132622198344097,0.0020312680846980226,2.0312680846980227e-06,1.9537076178738406,-0.08810886321058675
2016-02-26,0.004642032136826929,0.004485445221640141,0.15658691518678758,0.00015658691518678758,1.9624708663729147,-0.08401862546841865
2016-03-04,0.0016398901805730033,0.0016368334461704741,0.003056734402529326,3.056734402529326e-06,1.965683104324129,-0.08251931651851618
2016-03-11,0.004123885740099146,0.004119272745575384,0.00461299452376243,4.61299452376243e-06,1.9737802891622094,-0.0787399633444591
2016-03-18,-0.0027496899053504435,-0.002752244059780203,0.0025541544297592762,2.5541544297592763e-06,1.9683479640860513,-0.0812754958078572
2016-03-25,0.007343762000454715,0.006999631105632209,0.3441308948225055,0.0003441308948225055,1.9821256737221757,-0.07484476319080746
2016-04-01,0.004391459446874569,0.004387897882162986,0.0035615647115834204,3.5615647115834205e-06,1.990823038768082,-0.07078527648654043
2016-04-08,0.0010517045479160833,0.0010406860833870966,0.0110184645289867,1.10184645289867e-05,1.9928948605990144,-0.06981825565530153
2016-04-15,-0.0049741078281043865,-0.004983885632510906,0.009777804406519342,9.777804406519342e-06,1.9829625005361702,-0.07445417508656504
2016-04-22,0.011754323992060417,0.011744535324978237,0.00978866708218029,9.78866708218029e-06,2.0062514736718247,-0.06358406945098294
2016-04-29,0.011546225487506546,0.011210776456299629,0.33544903120691777,0.0003354490312069178,2.028743110458281,-0.05308611978348021
2016-05-06,-0.003961903325560346,-0.003964914125175412,0.003010799615065559,3.010799615065559e-06,2.0206993182432726,-0.0568405520024754
2016-05-13,-0.015335937123531896,-0.015341504106740459,0.005566983208564151,5.566983208564151e-06,1.9896987513539557,-0.07131003654724055
2016-05-20,0.0015492055108641636,0.0015370264916155071,0.012179019248656374,1.2179019248656374e-05,1.992756971045121,-0.06988261547091623
2016-05-27,0.014263975116526339,0.014066502036607552,0.19747307991878754,0.00019747307991878756,2.020788091036791,-0.05679911738715382
2016-06-03,0.007613481920549404,0.007595581281315308,0.017900639234095315,1.7900639234095315e-05,2.036137151234575,-0.0496349584186595
2016-06-10,0.0065200106487808785,0.006505115009266764,0.01489563951411473,1.489563951411473e-05,2.049382457577997,-0.043452724522386243
2016-06-17,0.002235625830022875,0.002232103898700237,0.003521931322637754,3.521931322637754e-06,2.0539568921514846,-0.04131761161950165
2016-06-24,0.031857768039799075,0.03180473413974582,0.053033900053254646,5.303390005325465e-05,2.119282445040861,-0.01082697313260328
2016-07-01,0.012286739357860819,0.01226918536623334,0.017553991627478255,1.7553991627478254e-05,2.145284314202472,0.0
2016-07-08,-0.010145085051221348,-0.01016410822716681,0.01902317594546146,1.9023175945461458e-05,2.1234794122548744,-0.010164108227166846
2016-07-15,0.006075779823161267,0.006051090523101547,0.02468930005972042,2.468930005972042e-05,2.136328778402371,-0.004174521643034668
2016-07-22,0.009052492522566978,0.009026437762182959,0.026054760384019222,2.6054760384019223e-05,2.15561221716018,0.0
2016-07-29,-0.014037203138223014,-0.014196547212275012,0.1593440740519984,0.0001593440740519984,2.1250099665479087,-0.014196547212275035
2016-08-05,0.006394439471334762,0.006387189778681642,0.007249692653120041,7.249692653120041e-06,2.13858280848584,-0.007900033474840251
2016-08-12,-0.0051757669072792535,-0.0051871062084171546,0.011339301137901263,1.1339301137901263e-05,2.127489752322729,-0.01304616137057324
2016-08-19,-0.006510119257510219,-0.006553161718605591,0.04304246109537163,4.3042461095371634e-05,2.1135479679210825,-0.01951382948391034
2016-08-26,0.006659058111854846,0.006628364014228367,0.03069409762647965,3.069409762647965e-05,2.1275573332139963,-0.013014810234812768
2016-09-02,-0.017642425450962045,-0.01765989288015251,0.0174674291904635,1.74674291904635e-05,2.0899848986130545,-0.030444862960362862
2016-09-09,-0.006506677034976858,-0.0065203867248249505,0.013709689848092543,1.3709689848092543e-05,2.0763573888250533,-0.036766737404901995
2016-09-16,0.022455547805860933,0.022446598958636852,0.00894884722407912,8.948847224079119e-06,2.1229645504268118,-0.015145426655810423
2016-09-23,-0.005717406967420998,-0.005733605423007068,0.01619845558607042,1.619845558607042e-05,2.110792309367633,-0.02079219417840994
2016-09-30,-0.02393211874660931,-0.024095216532670903,0.16309778606159037,0.00016309778606159037,2.0599323116179233,-0.044386418290162655
2016-10-07,-0.006636635103491924,-0.006674138675139251,0.037503571647326886,3.750357164732689e-05,2.046184037708785,-0.0507643158543406
2016-10-14,0.010883060762481063,0.010852348943383005,0.030711819098057057,3.071181909805706e-05,2.0683899408883812,-0.040462878980481065
2016-10-21,-0.014712231069215983,-0.014748420070838946,0.03618900162296312,3.618900162296312e-05,2.0378844571698616,-0.05461453551484041
2016-10-28,-0.000566734687350448,-0.0008129025672221203,0.24616787987167238,0.00024616787987167236,2.036227855662926,-0.055383041785934894
2016-11-04,-0.029261395580295536,-0.029279902072323144,0.018506492027606215,1.8506492027606214e-05,1.9766073034521792,-0.08304133381829848
2016-11-11,-0.0026494570821931087,-0.0026683742325419703,0.018917150348861787,1.8917150348861787e-05,1.9713329754557931,-0.0854881226954437
2016-11-18,0.0022527666030001713,0.0022444293487599134,0.008337254240257953,8.337254240257953e-06,1.9757574930420845,-0.08343556539823183
2016-11-25,-0.0007024894942247739,-0.0009489505398796042,0.24646104565483026,0.00024646104565483024,1.973882596902391,-0.08430533971328158
2016-12-02,0.0062604978837085155,0.0062380815850423535,0.022416298666162147,2.241629866616215e-05,1.9861958375811632,-0.07859316171542552
2016-12-09,-0.01108625255701761,-0.011113899240511867,0.027646683494256166,2.7646683494256167e-05,1.964121457170362,-0.08883358447563894
2016-12-16,0.002078111431448312,0.002004124717828115,0.07398671362019696,7.398671362019696e-05,1.9680578015314938,-0.08700749334023161
2016-12-23,0.006997280407255155,0.00698154145884164,0.01573894841351492,1.573894841351492e-05,1.9817978786662827,-0.08063339830337468
2016-12-30,0.013147916166112193,0.012971321262082764,0.17659490402942796,0.00017659490402942797,2.0075044156269772,-0.06870799875513844
2017-01-06,0.0069718742907839415,0.006952834822970962,0.0190394678129799,1.90394678129799e-05,2.0214622622352167,-0.06223287929852872
2017-01-13,-0.0018301954206302467,-0.001852361451604769,0.02216603097452231,2.2166030974522312e-05,2.0177177834647786,-0.06396996296349844
2017-01-20,0.004927151235690896,0.004908230850421253,0.018920385269642837,1.8920385269642837e-05,2.0276212081370244,-0.05937571145879483
2017-01-27,0.003913953332708678,0.0035924615427520993,0.32149178995657857,0.0003214917899565786,2.034905359350525,-0.055996554876032056
2017-02-03,0.005903591005195849,0.005886698382004896,0.016892623190953374,1.6892623190953374e-05,2.046884233436947,-0.05043949132301362
2017-02-10,0.0029098619976795485,0.0028923240164462224,0.01753798123332605,1.7537981233326052e-05,2.052804485864202,-0.04769305465869833
2017-02-17,0.004100450177934688,0.004084735905152443,0.0157142727822445,1.57142727822445e-05,2.061189650053869,-0.0438031322863367
2017-02-24,-0.0003225826375557,-0.0003718708414981001,0.04928820394240011,4.928820394240011e-05,2.060423153724216,-0.04415871402017135
2017-03-03,-0.017553209414200407,-0.017565195344221563,0.011985930021156475,1.1985930021156474e-05,2.024231418537293,-0.060948252926479096
2017-03-10,0.01184442166989175,0.011836815113376618,0.007606556515133381,7.606556515133381e-06,2.048191871585207,-0.04983287101447653
2017-03-17,-0.0036924544402208237,-0.0037044718774637006,0.012017437242877054,1.2017437242877054e-05,2.0406044023972703,-0.053352738422693724
2017-03-24,0.008166835162336907,0.008153567700245766,0.013267462091140936,1.3267462091140936e-05,2.0572426085416358,-0.04563418588717094
2017-03-31,-0.0004241564497905716,-0.0005227610474080334,0.09860459761746176,9.860459761746176e-05,2.056167162240822,-0.04613309115976705
2017-04-07,-0.003183238820483914,-0.003192614328046561,0.00937550756264694,9.375507562646939e-06,2.049602613497793,-0.049178420319979876
2017-04-14,0.002471655731195838,0.002460433239754026,0.011222491441812235,1.1222491441812236e-05,2.0546455238963297,-0.046838987300259705
2017-04-21,0.010445958696639836,0.01043624688181039,0.009711814829445473,9.711814829445473e-06,2.0760883118383187,-0.036891563653608794
2017-04-28,0.0030398210060429507,0.0026575341129414023,0.38228689310154834,0.00038228689310154836,2.0816055873485078,-0.034332070129556636
2017-05-05,0.000960461063528522,0.0009465835628299738,0.013877500698548215,1.3877500698548216e-05,2.083576000981787,-0.03341798473998925
2017-05-12,0.004575594142281216,0.004564753245415852,0.010840896865363697,1.0840896865363696e-05,2.093087011294339,-0.029005776348870582
2017-05-19,0.004283881313525829,0.004266507755644665,0.017373557881164587,1.737355788116459e-05,2.1020171832612653,-0.02486302196297685
2017-05-26,0.008658359043792523,0.008289570859158355,0.3687881846341674,0.00036878818463416743,2.119442003649078,-0.016779554886153347
2017-06-02,-0.006906390532913061,-0.006915926106578103,0.009535573665042063,9.535573665042064e-06,2.104784099364663,-0.023579434831037638
2017-06-09,-0.0015005282033207187,-0.0015108540893963409,0.010325886075622251,1.0325886075622252e-05,2.101604077700842,-0.025054663834893742
2017-06-16,0.001674370898279019,0.0016639819420525008,0.010388956226518111,1.038895622651811e-05,2.10510110893548,-0.02343237240102669
2017-06-23,-0.001143405490277062,-0.0011529339498547717,0.009528459577709926,9.528459577709926e-06,2.1026740663991115,-0.024558290373214664
2017-06-30,-0.004453900660032192,-0.004786936901581723,0.33303624154953015,0.00033303624154953015,2.0926086983186667,-0.02922766828836898
2017-07-07,0.015449998096412815,0.015438071805649206,0.011926290763609083,1.1926290763609083e-05,2.1249145416644364,-0.014240815324467415
2017-07-14,0.00471617475762718,0.004705920764194062,0.010253993433117798,1.0253993433117798e-05,2.134914221128193,-0.009601910708807782
2017-07-21,0.001621440471293212,0.0016067114775663734,0.014728993726838528,1.4728993726838528e-05,2.1383444123108992,-0.008010626731383863
2017-07-28,0.0030418534132279807,0.003015349497781431,0.02650391544654951,2.650391544654951e-05,2.1447922680606446,-0.0050194320728937925
2017-08-04,-0.009771373425613048,-0.009786215364457198,0.014841938844150037,1.4841938844150037e-05,2.1238028690133803,-0.014756526194078523
2017-08-11,0.001293739210058864,0.0012796411960713803,0.014098013987483785,1.4098013987483785e-05,2.1265205746569045,-0.013495768056835944
2017-08-18,0.007774871788256371,0.007757866322689538,0.017005465566833113,1.7005465566833113e-05,2.143017837007542,-0.005842600098653228
2017-08-25,0.006404341419698096,0.006349432153727747,0.054909265970348474,5.490926597034847e-05,2.15662478336785,0.0
2017-09-01,0.0018230247426352431,0.0018140148672419732,0.009009875393270016,9.009875393270016e-06,2.1605369327879416,0.0
2017-09-08,0.005084194127477408,0.0050804060691346945,0.0037880583427137627,3.788058342713763e-06,2.171513337733867,0.0
2017-09-15,-0.001316748082365152,-0.0013230869980033401,0.006338915638188071,6.338915638188071e-06,2.1686402366707207,-0.00132308699800332
2017-09-22,6.990897014057685e-05,6.313484253093446e-05,0.006774127609642388,6.774127609642389e-06,2.168777153430569,-0.0012600356883616382
2017-09-29,0.002553084482058265,0.002451764807400635,0.10131967465762998,0.00010131967465762998,2.174094484930445,0.0
2017-10-06,0.010246100055083798,0.010236827303350415,0.009272751733383815,9.272751733383816e-06,2.1963503147138446,0.0
2017-10-13,-0.0024094721229664853,-0.0024212120266197935,0.011739903653308183,1.1739903653308183e-05,2.1910324849171894,-0.0024212120266197124
2017-10-20,-0.0004206670096051587,-0.00043353309325056455,0.012866083645405847,1.2866083645405847e-05,2.190082599826591,-0.002853695444330895
2017-10-27,0.003371633711853515,0.0031223051246891745,0.2493285871643404,0.0002493285871643404,2.196920705951522,0.0
2017-11-03,-0.0017776504182887803,-0.0017898146626189413,0.012164244330161028,1.2164244330161029e-05,2.192988625059399,-0.0017898146626188494
2017-11-10,0.004263073565429699,0.0042431829106955735,0.019890654734125202,1.9890654734125204e-05,2.2022938769166007,0.0
2017-11-17,0.008227427868958947,0.008199816116589384,0.027611752369563352,2.7611752369563352e-05,2.2203522817420076,0.0
2017-11-24,-0.006157300915534769,-0.006380704066742763,0.22340315120799425,0.00022340315120799426,2.2061848709082947,-0.006380704066742848
2017-12-01,-0.0007612842368947034,-0.0007783550746952137,0.017070837800510236,1.7070837800510236e-05,2.2044676757183073,-0.007154092688047564
2017-12-08,0.004505924129908138,0.0045004235406660015,0.0055005892421361845,5.500589242136184e-06,2.2143887139407474,-0.0026858655945268817
2017-12-15,0.0063029726080118895,0.006288384596733704,0.014588011278184864,1.4588011278184864e-05,2.228313641820673,0.0
2017-12-22,0.0063061805277109025,0.0063007404105794775,0.00544011713142468,5.44011713142468e-06,2.242353667631138,0.0
2017-12-29,0.019792361450578864,0.01964576671675915,0.1465947338197125,0.0001465947338197125,2.2864064246818887,0.0
2018-01-05,0.009775679616580471,0.009740127165390132,0.035552451190340575,3.5552451190340577e-05,2.308676314010055,0.0
2018-01-12,0.004322308213993862,0.004313751432751776,0.008556781242086486,8.556781242086486e-06,2.3186353697673763,0.0
2018-01-19,0.015503134962348203,0.01549169428901186,0.011440673336342152,1.1440673336342153e-05,2.3545549600835023,0.0
2018-01-26,-0.02961956109875767,-0.029894846883772443,0.2752857850147722,0.0002752857850147722,2.284165900072379,-0.02989484688377242
2018-02-02,-0.0356398003902869,-0.035652957674410894,0.013157284123992532,1.3157284123992532e-05,2.202728629915766,-0.0644819648475532
2018-02-09,0.030009756796954445,0.02999426780792573,0.01548898902871543,1.548898902871543e-05,2.2687978623496443,-0.036421786362046404
2018-02-16,0.0007536687272291585,0.0007369661020696077,0.01670262515955086,1.670262515955086e-05,2.2704698894666437,-0.03571166188190256
2018-02-23,-0.00619423503616323,-0.006760646927836348,0.5664118916731188,0.0005664118916731188,2.255120044183676,-0.04223087487254906
2018-03-02,0.0053403820308739,0.005338519736068885,0.0018622948050159393,1.8622948050159393e-06,2.2671590470467553,-0.03711780549545873
2018-03-09,-0.0008872978674266748,-0.0008920132022847906,0.004715334858115798,4.715334858115798e-06,2.26513671124511,-0.03797670912520179
2018-03-16,-0.007828988159580295,-0.007833466842554386,0.004478682974091762,4.478682974091762e-06,2.247392837923719,-0.045512686676034475
2018-03-23,0.006519694563959761,0.006517775751110997,0.0019188128487641328,1.9188128487641327e-06,2.262040840465959,-0.03929155241050841
2018-03-30,-0.0023974722079825187,-0.0024945211512684483,0.09704894328592953,9.704894328592953e-05,2.2563981317443833,-0.04168805995322278
2018-04-06,0.006004543094093705,0.006000671996149489,0.0038710979442156904,3.87109794421569e-06,2.269938036825706,-0.035937544331008375
2018-04-13,-0.00047928016393658317,-0.00048349204769403955,0.004211883757456387,4.211883757456387e-06,2.2688405398361424,-0.03640366086180469
2018-04-20,-0.0006943887530488413,-0.0006957685366932165,0.0013797836443752306,1.3797836443752306e-06,2.2672619519737505,-0.03707410087664975
2018-04-27,-0.0005096839135809868,-0.0006264042615678832,0.11672034798689643,0.00011672034798689643,2.2658417294249436,-0.037677281763434656
2018-05-04,0.003336812543994665,0.003328705599898527,0.008106944096138186,8.106944096138186e-06,2.273384049478164,-0.034473992742331094
2018-05-11,-0.0025894260493101885,-0.0025964109228079485,0.006984873497759973,6.984873497759973e-06,2.2674814103003613,-0.03698089501383017
2018-05-18,0.0008678288906004301,0.0008602298560368847,0.007599034563545331,7.599034563545331e-06,2.2694319655075104,-0.03615247722778703
2018-05-25,-0.0003057009818671683,-0.00043166521400314563,0.1259642321359773,0.0001259642321359773,2.2684523306724538,-0.036568536674971064
2018-06-01,0.0011238219299303752,0.0011219905629368536,0.0018313669935216613,1.8313669935216613e-06,2.2709975127799407,-0.03548757566508376
2018-06-08,-0.0036702571522505383,-0.0036715540105775363,0.0012968583269979837,1.2968583269979838e-06,2.262659422753882,-0.03902883512490252
2018-06-15,-0.0018172683624308073,-0.0018184605179154306,0.0011921554846233311,1.1921554846233312e-06,2.2585448659281147,-0.040776323247083024
2018-06-22,-0.0011394683040334328,-0.0011417103822253013,0.0022420781918684202,2.2420781918684204e-06,2.2559662618059626,-0.04187147887770826
2018-06-29,0.003124201255804939,0.00260799144853424,0.5162098072706989,0.0005162098072706989,2.2618498025249343,-0.039372687888024616
2018-07-06,-0.004008084103755809,-0.004015510158889681,0.007426055133871518,7.426055133871518e-06,2.252767321665013,-0.04323009661871713
2018-07-13,-0.003668658330477597,-0.0036738216016977752,0.005163271220178322,5.163271220178322e-06,2.244491056415081,-0.04674509855761355
2018-07-20,0.0017168623718350137,0.0017098243881561682,0.007037983678845423,7.037983678845423e-06,2.248328741962338,-0.04511520007899794
2018-07-27,0.0019132709104561938,0.0017374625021987955,0.17580840825739844,0.00017580840825739844,2.252235128844114,-0.04345612354521544
2018-08-03,-0.0025516796259139746,-0.002561072975192254,0.00939334927827952,9.39334927827952e-06,2.2464669903218524,-0.045905902216789474
2018-08-10,-0.0023145507759641053,-0.00232384623741926,0.009295461455154645,9.295461455154644e-06,2.2412465464589064,-0.048123070196066875
2018-08-17,0.009085883138900177,0.00907942709649731,0.00645604240286835,6.45604240286835e-06,2.2615957810827565,-0.039480573007074415
2018-08-24,0.0022687529892694335,0.002263126328520169,0.005626660749264689,5.626660749264689e-06,2.266714058039395,-0.03730679620279165
2018-08-31,-0.009930761390127442,-0.010259266342691479,0.3285049525640368,0.0003285049525640368,2.243459234795246,-0.047183322186846066
2018-09-07,0.005573205546444587,0.005565395845898432,0.00780970054615507,7.80970054615507e-06,2.2559449735010175,-0.04188052020624211
2018-09-14,0.0011537422800544134,0.0011408883886904612,0.012853891363952158,1.2853891363952157e-05,2.2585187549268095,-0.04078741281676723
2018-09-21,0.0021376658892750147,0.002126593730239918,0.011072159035096733,1.1072159035096732e-05,2.2633217067506664,-0.038747557342896144
2018-09-28,-0.00956652198251682,-0.009795733435280219,0.22921145276339933,0.00022921145276339933,2.2411508106330533,-0.048163730035177044
2018-10-05,-0.01638142163437853,-0.016386282356090617,0.004860721712089325,4.8607217120893254e-06,2.2044266806474386,-0.06376078791158879
2018-10-12,0.0030765849972090222,0.003072114249882154,0.0044707473268684305,4.470747326868431e-06,2.211198931265876,-0.060884554086833576
2018-10-19,-0.012856275575899623,-0.01286346798230935,0.007192406409727388,7.192406409727388e-06,2.182755244611021,-0.0729648355570297
2018-10-26,0.0016178344065358157,0.001217834406535816,0.39999999999999986,0.00039999999999999986,2.1854134790489548,-0.07183586023770239
2018-11-02,0.0028221707790464803,0.0028157976454664777,0.006373133580002778,6.3731335800027785e-06,2.1915671611776317,-0.0692223378383533
2018-11-09,-0.004071283465318515,-0.004075927144379537,0.0046436790610221365,4.643679061022137e-06,2.182634493096657,-0.07301611977694
2018-11-16,-0.008479276980145934,-0.008485819115173295,0.006542135027361436,6.542135027361436e-06,2.164113051593701,-0.08088233730719441
2018-11-23,0.006916990067461713,0.006914304452140397,0.0026856153213157844,2.6856153213157846e-06,2.1790763881012705,-0.07452727795999659
2018-11-30,0.0024761864607758884,0.002325196662959388,0.15098979781650013,0.00015098979781650012,2.1841431692472173,-0.07237537187504917
2018-12-07,-0.0017076793462640193,-0.0017147002729927128,0.007020926728693412,7.020926728693412e-06,2.180398018358654,-0.07396597007812977
2018-12-14,-0.011695531689116134,-0.011701240785986342,0.005709096870207411,5.709096870207411e-06,2.154884656136552,-0.08480171723826291
2018-12-21,0.001623179879842302,0.0016143139316548546,0.008865948187447526,8.865948187447526e-06,2.1583633164580625,-0.08332429990017398
2018-12-28,0.003410897471368252,0.0033028589823338827,0.1080384890343695,0.0001080384890343695,2.165492086124966,-0.08029664933021208
2019-01-04,0.004441945677541501,0.00442068748899735,0.021258188544151305,2.1258188544151305e-05,2.175065049897621,-0.07623092823431721
2019-01-11,0.0008934581069289147,0.0008685701989030272,0.024887908025887445,2.4887908025887446e-05,2.176954246580638,-0.07542856994791314
2019-01-18,0.0025900069900564654,0.0025839198840642624,0.006087105992202975,6.087105992202975e-06,2.182579321945076,-0.07303955144556373
2019-01-25,0.005294250761062125,0.005218453948571174,0.07579681249095091,7.57968124909509e-05,2.1939690116257498,-0.06820225103263566
2019-02-01,0.003067154864129522,0.0030608589209939778,0.006295943135544493,6.2959431355444936e-06,2.2006844412473687,-0.06535014958014684
2019-02-08,0.0015207783087673472,0.0015166490604370728,0.004129248330274381,4.129248330274381e-06,2.204022107237505,-0.06393261376267001
2019-02-15,0.00048477184528144304,0.000476621531259116,0.008150314022327007,8.150314022327008e-06,2.205072591629185,-0.06348646389167989
2019-02-22,-0.008719266727801335,-0.009143995905914562,0.42472917811322813,0.00042472917811322815,2.1849094168790835,-0.07204993983168795
2019-03-01,0.004548461307153282,0.004542316286236254,0.006145020917028711,6.145020917028711e-06,2.1948339665073244,-0.06783489716057145
2019-03-08,0.007772384338951843,0.0077635639219333545,0.008820417018488617,8.820417018488618e-06,2.2118737003043347,-0.06059797379888199
2019-03-15,0.007846080041128932,0.007835889093910808,0.01019094721812306,1.019094721812306e-05,2.2292056973096575,-0.05323692370697497
2019-03-22,0.006052875268608944,0.006040547670103582,0.012327598505362272,1.2327598505362272e-05,2.242671320590723,-0.04751795621233301
2019-03-29,0.0027827434450983265,0.0026027649190598526,0.17997852603847386,0.00017997852603847387,2.2485084668289383,-0.04503886936272794
2019-04-05,9.113588683997906e-05,7.634387328209093e-05,0.014792013557888128,1.4792013557888128e-05,2.2486801266744036,-0.04496596393118124
2019-04-12,-0.007843352115738238,-0.00787766196563588,0.03430984989764139,3.4309849897641386e-05,2.230965784767619,-0.05248939923300844
2019-04-19,0.007261459666586664,0.00723838796859141,0.023071697995254367,2.307169799525437e-05,2.24711438066242,-0.04563094990030381
2019-04-26,0.0033777044676699714,0.0031122055461992996,0.26549892147067167,0.00026549892147067166,2.254107862500862,-0.0426607572494625
2019-05-03,-0.004736262437146213,-0.004755367747530238,0.019105310384025152,1.9105310384025154e-05,2.243388750672071,-0.04721325740788351
2019-05-10,0.003664466507731348,0.003633787215454794,0.030679292276554276,3.067929227655428e-05,2.2515407480335585,-0.043751033123597405
2019-05-17,0.0017755283615661665,0.0017484830156222527,0.027045345943913723,2.7045345943913723e-05,2.2554775287904767,-0.04207904804630758
2019-05-24,-0.0010479658704619496,-0.0010696464379946248,0.021680567532675245,2.1680567532675246e-05,2.253064965285829,-0.04310368478044546
2019-05-31,0.014907136957506926,0.014779447657123254,0.12768930038367204,0.00012768930038367204,2.286364021008369,-0.02896128577636381
2019-06-07,0.0027380160180624988,0.0027298538715415754,0.008162146520923477,8.162146520923477e-06,2.2926054606828723,-0.026310491982923567
2019-06-14,0.00837931455928977,0.008364823723124176,0.014490836165593513,1.4490836165593513e-05,2.3117827012281564,-0.01816575088730521
2019-06-21,-0.004027268425512855,-0.004040039323058168,0.012770897545313766,1.2770897545313767e-05,2.302443008208829,-0.022132399862445862
2019-06-28,0.009733968164398792,0.009625539076178927,0.1084290882198648,0.0001084290882198648,2.3246052633550183,-0.012719897065992414
2019-07-05,-0.003932590846401371,-0.003962885357895025,0.030294511493652983,3.0294511493652983e-05,2.315393119193983,-0.016632374930050653
2019-07-12,-0.005960262832807448,-0.005978665638837152,0.01840280602970417,1.840280602970417e-05,2.3015501579118576,-0.022511601160401407
2019-07-19,0.005002545936205878,0.0049876983627731375,0.014847573432740364,1.4847573432740364e-05,2.313029595866315,-0.01763618387387922
2019-07-26,0.013171004614253017,0.01300348358160664,0.16752103264637652,0.00016752103264637653,2.343107038239933,-0.004862032119718918
2019-08-02,0.01817089431788914,0.018159560672400286,0.011333645488850415,1.1333645488850414e-05,2.385656832662779,0.0
2019-08-09,0.012605374456306662,0.012592306761335902,0.013067694970760066,1.3067694970760065e-05,2.4156977553269456,0.0
2019-08-16,-0.0005938973985846184,-0.00061505481113333,0.02115741254871158,2.115741254871158e-05,2.414211968800288,-0.0006150548111333309
2019-08-23,0.00968489201353516,0.0096618320794681,0.02305993406706072,2.305993406706072e-05,2.4375376794470784,0.0
2019-08-30,-0.0008071869172891404,-0.0011254140554697743,0.318227138180634,0.00031822713818063396,2.4347944402818915,-0.0011254140554697312
2019-09-06,-0.017613568953348653,-0.017647864678938106,0.03429572558945477,3.429572558945477e-05,2.391825517478766,-0.01875341757944915
2019-09-13,0.014824728460344548,0.014806975582179966,0.017752878164582087,1.7752878164582087e-05,2.427241219512909,-0.004224123393450463
2019-09-20,-0.0018326548558973614,-0.0018420343774444127,0.009379521547051309,9.379521547051309e-06,2.4227701577442162,-0.0060583767903895636
2019-09-27,0.008490609210668302,0.008237555037228023,0.2530541734402779,0.00025305417344027793,2.4427278602611877,0.0
2019-10-04,-0.011776702741643838,-0.011780502104261485,0.003799362617646047,3.799362617646047e-06,2.4139512995632426,-0.011780502104261514
2019-10-11,0.005405979419658975,0.005397199778479737,0.008779641179237938,8.779641179237938e-06,2.426979876982506,-0.006446884049129409
2019-10-18,0.0008037927839479135,0.0007761610431260356,0.02763174082187803,2.7631740821878028e-05,2.4288636042154708,-0.005675726826251726
2019-10-25,0.007060236058022512,0.006972477129085973,0.08775892893653914,8.775892893653914e-05,2.4457988001455324,0.0
2019-11-01,-0.02803880523228337,-0.028045328028552453,0.006522796269085433,6.522796269085433e-06,2.377205570503611,-0.02804532802855242
2019-11-08,0.012197349750100842,0.012186683741078352,0.01066600902249064,1.066600902249064e-05,2.4061758229788683,-0.016200423830572852
2019-11-15,-0.0006826018319998554,-0.0006972372459934222,0.014635413993566743,1.4635413993566743e-05,2.4044981475746785,-0.016886365537670756
2019-11-22,0.007167949031791643,0.007155942589466082,0.012006442325561206,1.2006442325561205e-05,2.4217045982752006,-0.009851260810536888
2019-11-29,-0.002618826250683946,-0.0026453632968709796,0.02653704618703341,2.6537046187033412e-05,2.4152983098150598,-0.012470563943631774
2019-12-06,-0.0015372436157792082,-0.0015449445399995192,0.007700924220311012,7.700924220311011e-06,2.411566807878841,-0.013996242153955896
2019-12-13,0.005452583592032881,0.005425642903165022,0.026940688867858303,2.6940688867858304e-05,2.424651108215517,-0.008646537862704529
2019-12-20,0.008242646373091739,0.008229258952824179,0.013387420267560925,1.3387420267560926e-05,2.444604190055274,-0.0004884335089979652
2019-12-27,0.007517580839550052,0.007288833732921952,0.22874710662810022,0.0002287471066281002,2.4624225035393916,0.0
2020-01-03,0.0021355680552792838,0.0021233619893412125,0.012206065938071192,1.2206065938071192e-05,2.4676511178851057,0.0
2020-01-10,0.005920185327205641,0.005910661948915215,0.009523378290426252,9.523378290426252e-06,2.4822365694507877,0.0
2020-01-17,0.0038564566891193626,0.0038473708607694923,0.00908582834987046,9.085828349870459e-06,2.4917866540976292,0.0
2020-01-24,-0.0025879760962018925,-0.002597198688689389,0.009222592487496758,9.222592487496759e-06,2.4853149890671133,-0.0025971986886893506
2020-01-31,0.007437962568161943,0.007218138787261486,0.2198237809004569,0.00021982378090045691,2.503254337588261,0.0
2020-02-07,0.007565906836394423,0.007554469755004649,0.011437081389773656,1.1437081389773656e-05,2.5221650967706557,0.0
2020-02-14,0.004604686978722554,0.00459464114530463,0.010045833417923403,1.0045833417923403e-05,2.5337535402995295,0.0
2020-02-21,-0.02693434151960825,-0.026944440082424644,0.010098562816394199,1.00985628163942e-05,2.4654829698492975,-0.026944440082424692
2020-02-28,0.02492018556251051,0.02430030560518332,0.6198799573271885,0.0006198799573271885,2.5253949594810106,-0.0032988926056046752
2020-03-06,-0.0692811201813859,-0.06929269211895804,0.01157193757214741,1.157193757214741e-05,2.3504035440749242,-0.0723629955749091
2020-03-13,-0.052216295935112775,-0.052225266380521704,0.008970445408931988,8.970445408931989e-06,2.227653092883889,-0.12080908523543865
2020-03-20,0.07107645481000066,0.07106857318396531,0.007881626035346518,7.88162603534652e-06,2.3859692197439943,-0.05832624136681608
2020-03-27,-0.003818460696247824,-0.004248212585908857,0.4297518896610335,0.0004297518896610335,2.3758331152750864,-0.062326671680061785
2020-04-03,0.023340662007706618,0.023331038990247695,0.009623017458924575,9.623017458924574e-06,2.431263770321891,-0.04044977869691402
2020-04-10,0.00037234519132089603,0.00037023644212608035,0.002108749194815689,2.1087491948156887e-06,2.432163912770085,-0.04009451823693755
2020-04-17,0.0024238756428952247,0.002421371166233277,0.002504476661947547,2.504476661947547e-06,2.4380530843400194,-0.03777023078108721
2020-04-24,-0.003795658553262134,-0.003911838516345308,0.11617996308317391,0.0001161799630831739,2.4285158143798036,-0.041534318253891866
2020-05-01,-0.0022392239618774703,-0.002245551323611484,0.006327361734013841,6.3273617340138414e-06,2.4230624574784114,-0.04368660213417308
2020-05-08,0.004746565809394318,0.004745544632333743,0.0010211770605757313,1.0211770605757313e-06,2.4345612085173074,-0.039148374222102156
2020-05-15,0.0014919419846499797,0.0014900174173144859,0.001924567335493947,1.924567335493947e-06,2.4381887471215165,-0.03771668856423804
2020-05-22,-0.0001500428407528524,-0.00015262272279197286,0.002579882039120453,2.579882039120453e-06,2.43781662411625,-0.03786355486332671
2020-05-29,-0.0070981836702182066,-0.007116233719321524,0.018050049103317284,1.8050049103317283e-05,2.4204685512541912,-0.04471034267679652
2020-06-05,0.007132188366759663,0.007131012539672863,0.0011758270867996239,1.175827086799624e-06,2.4377289428450686,-0.037898160151405014
2020-06-12,0.002468927884514349,0.0024671214615105833,0.0018064230037655332,1.8064230037655332e-06,2.4437431162373073,-0.03552453805415556
2020-06-19,0.0026435503415800903,0.002641000220163248,0.0025501214168421214,2.5501214168421216e-06,2.4501970423453128,-0.03297735814681446
2020-06-26,0.0037387184724354244,0.0036732506707584894,0.06546780167693504,6.546780167693504e-05,2.459197230274598,-0.029425241578988626
2020-07-03,0.006072272014000131,0.006070439289592181,0.0018327244079493384,1.8327244079493384e-06,2.4741256377621137,-0.023533426431983084
2020-07-10,0.0020184893755061484,0.0020121904567203808,0.0062989187857677405,6.29891878576774e-06,2.4791040497591457,-0.021568589711343233
2020-07-17,0.007852449782678366,0.007844978191054054,0.007471591624311836,7.471591624311837e-06,2.4985525669628603,-0.013892816636186245
2020-07-24,0.007270644630508985,0.007269706687247577,0.0009379432614076637,9.379432614076638e-07,2.51671631126735,-0.006724106650943473
2020-07-31,0.013007269519177881,0.01244087063970608,0.5663988794718021,0.0005663988794718021,2.5480264533326653,0.0
2020-08-07,-0.02248634864403431,-0.02250218655367903,0.015837909644721322,1.583790964472132e-05,2.4906902867360645,-0.022502186553679082
2020-08-14,0.00896411715725711,0.00895606193198292,0.008055225274190912,8.055225274190913e-06,2.512997063197461,-0.013747655598075892
2020-08-21,0.0011646357586460598,0.0011585097071654033,0.006126051480656605,6.126051480656605e-06,2.5159083946892533,-0.012605072683371632
2020-08-28,-0.012138844307653381,-0.012475390943634068,0.3365466359806872,0.0003365466359806872,2.484521453887134,-0.02492321041740775
2020-09-04,-0.009264865641975586,-0.009279430493955923,0.01456485198033644,1.456485198033644e-05,2.461466509745046,-0.033971367712609224
2020-09-11,-3.424530730833245e-05,-4.748755844664878e-05,0.013242251138316334,1.3242251138316334e-05,2.4613496207103,-0.03401724205374612
2020-09-18,-0.012382404047703244,-0.012411905170584898,0.02950112288165386,2.950112288165386e-05,2.4307995826263884,-0.0460069284417951
2020-09-25,0.008823733555598573,0.008737891722052332,0.08584183354624039,8.584183354624039e-05,2.452039646177388,-0.03767104027893131
2020-10-02,0.018725086129695936,0.018696505999512135,0.028580130183803048,2.858013018380305e-05,2.497884220133185,-0.019678851110002116
2020-10-09,-0.0009351182693408508,-0.000948328605192793,0.013210335851942276,1.3210335851942276e-05,2.495515405074773,-0.020608517697769946
2020-10-16,-0.004592471176412205,-0.004622213102665132,0.029741926252926335,2.9741926252926334e-05,2.4839806010715337,-0.025135473839905997
2020-10-23,-0.023353455396543446,-0.023372223701279057,0.018768304735610704,1.8768304735610705e-05,2.4259244507936524,-0.04792022562376108
2020-10-30,0.04091705469999657,0.04075420876135828,0.16284593863828864,0.00016284593863828865,2.5247910823005806,-0.00911896774136478
2020-11-06,-0.0027424853139420132,-0.0027676780952939875,0.025192781351974156,2.5192781351974155e-05,2.5178032733269036,-0.011861407469389351
2020-11-13,0.004985662200619064,0.004969842644864168,0.015819555754896696,1.5819555754896698e-05,2.5303163594060623,-0.006950514153194698
2020-11-20,-0.0005759124942666327,-0.0005784946426157313,0.0025821483490985836,2.582148349098584e-06,2.528852584948023,-0.007524987960609297
2020-11-27,0.008870899043703022,0.008622901815994214,0.24799722770880867,0.0002479972277088087,2.550658632495153,0.0
2020-12-04,-0.0002105738166972705,-0.00023567679604728255,0.025102979350012038,2.5102979350012038e-05,2.550057501440836,-0.00023567679604730163
2020-12-11,0.012159744056285251,0.012140695478782312,0.019048577502937678,1.9048577502937677e-05,2.581016973019214,0.0
2020-12-18,-0.001948500161788989,-0.001987544198637797,0.03904403684880811,3.904403684880811e-05,2.575887087707904,-0.0019875441986378917
2020-12-25,0.010439098097162284,0.010389088374287933,0.05000972287435077,5.000972287435077e-05,2.602648206304288,0.0
2021-01-01,0.009581670583189327,0.009570494040541448,0.01117654264788044,1.117654264788044e-05,2.6275568354523493,0.0
2021-01-08,-0.006142024381304667,-0.0061438352858768615,0.0018109045721945074,1.8109045721945075e-06,2.6114135590510505,-0.006143835285876698
2021-01-15,0.01795217344601429,0.017938105362902572,0.01406808311171891,1.4068083111718911e-05,2.658257370619421,0.0
2021-01-22,-0.021041569351882988,-0.021049128684245848,0.007559332362861437,7.559332362861438e-06,2.6023033691494075,-0.02104912868424591
2021-01-29,0.024146123414428816,0.023838983906191855,0.30713950823695957,0.00030713950823695957,2.664339637285589,0.0
2021-02-05,0.013387759439082842,0.013378907755889912,0.008851683192929956,8.851683192929955e-06,2.6999855915231943,0.0
2021-02-12,-0.007403765520254246,-0.007422172252783307,0.018406732529061477,1.8406732529061477e-05,2.679945833382876,-0.007422172252783299
2021-02-19,-0.027849315234751086,-0.027856534227904215,0.007218993153128781,7.218993153128781e-06,2.6052918305463164,-0.035071950485282555
2021-02-26,0.0016361410997998223,0.0012675816380572419,0.36855946174258036,0.0003685594617425804,2.6085942506324975,-0.03384882540767131
2021-03-05,0.01074640100390305,0.010737978642568145,0.008422361334905829,8.422361334905829e-06,2.6366052799829154,-0.023474314729406753
2021-03-12,-0.0013030298229955441,-0.001313766022806441,0.010736199810896916,1.0736199810896915e-05,2.633141397550522,-0.024757240995112895
2021-03-19,-0.0008185367500645929,-0.0008341333746315731,0.015596624566980145,1.5596624566980146e-05,2.630945006430701,-0.02557072352876677
2021-03-26,0.0057988759224769735,0.005676132004943426,0.12274391753354719,0.0001227439175335472,2.6458785975849484,-0.020039734326034453
2021-04-02,0.004428245424457076,0.004395491119117875,0.03275430533920165,3.275430533920165e-05,2.6575085334628974,-0.01573232768117605
2021-04-09,0.009107449327230458,0.009089666992007627,0.01778233522283208,1.7782335222832078e-05,2.6816644010604933,-0.006785662308799623
2021-04-16,0.00156149040701989,0.0015581901827190288,0.0033002243008611373,3.300224300861137e-06,2.685842944203573,-0.0052380454784732855
2021-04-23,-0.0032916875075163247,-0.003311535362844641,0.019847855328316157,1.9847855328316157e-05,2.6769486803147964,-0.008532234868483757
2021-04-30,0.011998349690653854,0.01181589514374005,0.18245454691380492,0.00018245454691380493,2.7085792252265697,0.0
2021-05-07,-0.01078773550197423,-0.010805160774789267,0.017425272815037328,1.742527281503733e-05,2.6793125912267426,-0.010805160774789213
2021-05-14,-0.001599344304413289,-0.0016093381377935965,0.009993833380307569,9.993833380307569e-06,2.675000671290611,-0.01239710975526287
2021-05-21,0.013123912664743206,0.013112963522933169,0.010949141810037227,1.0949141810037227e-05,2.7100778575170668,0.0
2021-05-28,0.009567526335263324,0.009501584542035837,0.06594179322748686,6.594179322748687e-05,2.7358278913957648,0.0
2021-06-04,0.003674214626346613,0.0036696665024705385,0.004548123876074379,4.548123876074379e-06,2.7458674673653443,0.0
2021-06-11,-0.01576151728847868,-0.0157864000140497,0.024882725571018893,2.4882725571018893e-05,2.7025201051399494,-0.01578640001404963
2021-06-18,0.013768389376562327,0.013751778670334119,0.016610706228207362,1.6610706228207362e-05,2.739684563477962,-0.0022517124227101615
2021-06-25,0.007079590321425943,0.006690604469933801,0.38898585149214215,0.00038898585149214215,2.758014709264576,0.0
2021-07-02,-0.006120656634165512,-0.006134729591976351,0.01407295781083914,1.407295781083914e-05,2.7410950348125445,-0.006134729591976473
2021-07-09,-0.006238162550110865,-0.006258447116559517,0.02028456644865133,2.028456644865133e-05,2.7239400364957063,-0.012354782827810218
2021-07-16,0.006370070687733894,0.006360662894876021,0.009407792857873576,9.407792857873576e-06,2.7412661008137116,-0.006072704541641327
2021-07-23,0.0006227343223010589,0.0006060834207546364,0.016650901546422472,1.665090154642247e-05,2.7429275367492916,-0.00547030168642848
2021-07-30,-0.000874088094160204,-0.0013814318079961798,0.5073437138359757,0.0005073437138359756,2.7391383694029976,-0.006844176645675604
2021-08-06,0.002009176924433444,0.0019944957378478442,0.014681186585599727,1.4681186585599727e-05,2.7446015692061474,-0.0048633315889766715
2021-08-13,-0.01178309683865654,-0.011793739254706028,0.010642416049488455,1.0642416049488456e-05,2.712232453940873,-0.016599713979013164
2021-08-20,0.014834509296831114,0.014819017800997184,0.015491495833930828,1.5491495833930827e-05,2.7524250749562653,-0.0020266876349623875
2021-08-27,0.010335015065012531,0.010016451509307227,0.31856355570530304,0.00031856355570530307,2.7799946072525663,0.0
2021-09-03,-0.010636897661614263,-0.010643682831534673,0.00678516992041031,6.78516992041031e-06,2.750405226379593,-0.010643682831534718
2021-09-10,0.0005846092868682412,0.000573629833848936,0.010979453019305235,1.0979453019305235e-05,2.751982940872619,-0.010076158531699853
2021-09-17,0.000575496185012058,0.0005679640938283413,0.007532091183716685,7.532091183716686e-06,2.7535459683698624,-0.009513917334121325
2021-09-24,-0.006569195168987534,-0.006896038032008449,0.32684286302091503,0.000326842863020915,2.7345574106491,-0.01634434703036025
2021-10-01,0.0006836075397195756,0.0006690628622195422,0.014544677500033359,1.454467750003336e-05,2.7363870014571727,-0.01568621956374605
2021-10-08,0.015198973282128195,0.015184673043126526,0.01430023900167007,1.430023900167007e-05,2.777938143393761,-0.0007397366359777058
2021-10-15,0.005330141151596185,0.005312896861189729,0.017244290406455885,1.7244290406455885e-05,2.792697042236377,0.0
2021-10-22,0.0024711588837784356,0.002462212929071222,0.008945954707213474,8.945954707213474e-06,2.7995732570007505,0.0
2021-10-29,0.006866413276881032,0.006804800916840775,0.06161236004025747,6.161236004025747e-05,2.8186237956667526,0.0
2021-11-05,-0.001256792610364784,-0.0012702641533007257,0.013471542935941692,1.3471542935941692e-05,2.815043398897477,-0.0012702641533005599
2021-11-12,-0.0031773424122689955,-0.003192485633071469,0.015143220802473668,1.5143220802473668e-05,2.806056413290024,-0.004458694486312531
2021-11-19,-0.014279229465831943,-0.014286720300166977,0.007490834335033891,7.4908343350338915e-06,2.7659670701668597,-0.018681714665449656
2021-11-26,-0.0011139628891207675,-0.001485534291348461,0.37157140222769336,0.0003715714022276934,2.7618581312353863,-0.020139496629041354
2021-12-03,0.018107332747591333,0.018098496563211487,0.008836184379846459,8.836184379846458e-06,2.811843611131627,-0.002405494676355535
2021-12-10,-0.002739388463573709,-0.0027514948319088883,0.012106368335179158,1.2106368335179157e-05,2.8041068379674625,-0.00515037080209424
2021-12-17,0.013617952739774198,0.013609385786193064,0.008566953581134537,8.566953581134537e-06,2.8422690097110634,0.0
2021-12-24,0.008299998286288081,0.008286774415984017,0.013223870304065185,1.3223870304065186e-05,2.8658222518240812,0.0
2021-12-31,-0.011217607239034266,-0.011586703337073467,0.36909609803920085,0.00036909609803920085,2.832616819575412,-0.011586703337073456
2022-01-07,0.00034852978773668023,0.00033567398282521047,0.01285580491146978,1.285580491146978e-05,2.8335676553450564,-0.011254918709105222
2022-01-14,-0.017348321010085592,-0.01735964512450624,0.01132411442064765,1.132411442064765e-05,2.784377926411987,-0.02841918243891628
2022-01-21,0.0013521690789823182,0.001341582276258115,0.010586802724203273,1.0586802724203274e-05,2.7881133984884654,-0.027115726834124
2022-01-28,-0.0024726988620696936,-0.00275815997972649,0.28546111765679655,0.00028546111765679656,2.7804233356938153,-0.02979909730127539
2022-02-04,-0.004596665404757819,-0.0046080036445093715,0.011338239751552655,1.1338239751552655e-05,2.767611134829659,-0.03426978659681745
2022-02-11,-0.003081189458868241,-0.003100634813381725,0.019445354513484153,1.9445354513484152e-05,2.7590297833951034,-0.03726416331682991
2022-02-18,0.003482343218440065,0.0034737443496540028,0.008598868786062062,8.598868786062061e-06,2.768613947515699,-0.03391986514394241
2022-02-25,0.031722121025519724,0.03152351925284598,0.1986017726737454,0.0001986017726737454,2.855890402593908,-0.003465619413015486
2022-03-04,-0.019425713898383042,-0.019440629481710162,0.014915583327119786,1.4915583327119786e-05,2.8003700954367075,-0.02283887507179272
2022-03-11,0.006859918110973572,0.006847205727167802,0.012712383805769814,1.2712383805769814e-05,2.819544805592371,-0.016148051820818576
2022-03-18,0.005206891675186872,0.005191576210298256,0.01531546488861599,1.531546488861599e-05,2.8341826873289544,-0.011040309452195918
2022-03-25,0.002082473198980206,0.0016280533690462454,0.45441982993396074,0.00045441982993396076,2.838796888001553,-0.009430230296148534
2022-04-01,-0.004219822231293409,-0.004220545028458929,0.0007227971655203898,7.227971655203898e-07,2.8268156179090935,-0.01361097461301386
2022-04-08,1.1780077074710193e-05,1.0948302118385579e-05,0.0008317749563246137,8.317749563246136e-07,2.8268465667405116,-0.013600175327957542
2022-04-15,-0.005281040406364734,-0.005282705424848911,0.001665018484176271,1.665018484176271e-06,2.811913169047176,-0.018811035032822554
2022-04-22,-0.005524725330986578,-0.005526124953950745,0.0013996229641676655,1.3996229641676655e-06,2.7963741855153614,-0.024233207856668826
2022-04-29,-0.004605810583496648,-0.004724754179344266,0.11894359584761853,0.00011894359584761854,2.7831620048953374,-0.028843466085913372
2022-05-06,-0.005535005709395011,-0.005539354512771281,0.004348803376270031,4.348803376270031e-06,2.7677450838837467,-0.03422304641465779
2022-05-13,0.0016983536394993802,0.0016979980219481946,0.0003556175511855962,3.556175511855962e-07,2.772444709561438,-0.032583159057826716
2022-05-20,0.00926705281068164,0.009266339759272579,0.0007130514090609736,7.130514090609736e-07,2.798135124204032,-0.023618745920814366
2022-05-27,-0.0018243577792048488,-0.0019296792254536994,0.10532144624885062,0.00010532144624885062,2.7927356209848435,-0.025502848542933387
2022-06-03,-0.006140051755067112,-0.0061424742949543285,0.0024225398872167424,2.4225398872167422e-06,2.7755813142203407,-0.031488672246264615
2022-06-10,-0.01315159914419767,-0.01315405992913896,0.0024607849412893006,2.4607849412893004e-06,2.739071151274888,-0.044228528293587144
2022-06-17,0.002350715150299475,0.0023451798205848767,0.005535329714598299,5.535329714598299e-06,2.7454947656660043,-0.04198707232505061
2022-06-24,-0.0061670555303224945,-0.006261125239849536,0.09406970952704143,9.406970952704143e-05,2.728304879092818,-0.04798531124661831
2022-07-01,-0.005644219983701879,-0.0056469942275649415,0.002774243863061923,2.7742438630619232e-06,2.7128981571895436,-0.05336133269856569
2022-07-08,-0.006363706080755928,-0.006364674567684176,0.0009684869282484583,9.684869282484584e-07,2.6956314432837623,-0.05938637974912553
2022-07-15,0.002100458430836088,0.0020976729304686787,0.0027855003674092417,2.785500367409242e-06,2.701285996392859,-0.0574132800198951
2022-07-22,0.010085117723451404,0.01008257163262666,0.0025460908247443986,2.5460908247443986e-06,2.7285219059517014,-0.04790958189573302
2022-07-29,-0.0035247684613104006,-0.003525911297815439,0.0011428365050386007,1.1428365050386008e-06,2.7189013797371695,-0.05126656825746867
2022-08-05,0.009180171678583787,0.009178566160934421,0.0016055176493663982,1.6055176493663982e-06,2.743856995936143,-0.04255855568512945
2022-08-12,-0.007137957517347744,-0.0071402364203083215,0.002278902960577098,2.278902960577098e-06,2.7242652082816416,-0.04939491395613915
2022-08-19,0.0011703811065408186,0.0011598468339355187,0.010534272605299821,1.0534272605299822e-05,2.727424938658268,-0.04829235765676809
2022-08-26,-0.007886821580471097,-0.007939036121778471,0.05221454130737404,5.221454130737404e-05,2.7057718135508204,-0.055847999006703786
2022-09-02,0.003073375073656572,0.003061244676740421,0.012130396916150987,1.2130396916150987e-05,2.7140548431115272,-0.05295771871962918
2022-09-09,-0.006485693014923036,-0.006495291869327065,0.009598854404029158,9.598854404029157e-06,2.696426264756157,-0.059109034749138534
2022-09-16,-0.008732960519520114,-0.008745067377011242,0.012106857491127571,1.2106857491127572e-05,2.672845835393722,-0.06733718963467838
2022-09-23,-0.0006983852076797785,-0.0007012056103141768,0.0028204026343983234,2.8204026343983233e-06,2.670971620898439,-0.0679911780298379
2022-09-30,0.008505352248714036,0.008442088794088157,0.06326345462587879,6.32634546258788e-05,2.6935202004885532,-0.060123076797892305
2022-10-07,-0.0053385196618782015,-0.0053425761147474545,0.004056452869253132,4.056452869253132e-06,2.679129863800833,-0.06514444079859427
2022-10-14,0.0016638877006642995,0.00166184656037562,0.002041140288679384,2.0411402886793842e-06,2.6835821665497903,-0.06359085430308742
2022-10-21,0.0033689629932335333,0.0033680093688127485,0.0009536244207845717,9.536244207845717e-07,2.6926204964287086,-0.060437019527338265
2022-10-28,0.0034427589518733906,0.0033896383598809644,0.05312059199242628,5.3120591992426284e-05,2.7017475061520053,-0.057252240807204036
2022-11-04,0.0070071479723600155,0.007000451095281317,0.006696877078698449,6.696877078698449e-06,2.7206609574406206,-0.050652581223788795
2022-11-11,-0.0016222603757532243,-0.0016240112675250224,0.0017508917717981706,1.7508917717981705e-06,2.716242573390622,-0.05219433212867708
2022-11-18,0.0017517574395225777,0.0017459753932819477,0.0057820462406299586,5.782046240629959e-06,2.720985066085947,-0.05053948675496045
2022-11-25,0.004956298822248849,0.004903276738260292,0.05302208398855724,5.302208398855724e-05,2.7343268088656396,-0.045884019106469554
2022-12-02,-0.0031308059031134377,-0.0031395403844306485,0.00873448131721068,8.73448131721068e-06,2.7257422794249746,-0.048879504759915426
2022-12-09,0.0009767534917931048,0.000969603651748126,0.007149840044978807,7.149840044978807e-06,2.7283851690928294,-0.04795729485447808
2022-12-16,0.001856273041524693,0.0018395994316946168,0.016673609830076305,1.6673609830076307e-05,2.7334043048993366,-0.04620591763514337
2022-12-23,0.0009847650085823576,0.0009818173917633915,0.002947616818965928,2.947616818965928e-06,2.7360880087846073,-0.045269466016916726
2022-12-30,0.012737521436569702,0.012322545162392383,0.4149762741773189,0.00041497627417731893,2.7698035768411358,-0.03350475589399515
2023-01-06,0.020764065112014653,0.02075505558591025,0.009009526104403545,9.009526104403545e-06,2.8272910040405264,-0.013445093379057194
2023-01-13,0.001851577835215366,0.0018221786848463496,0.029399150369016438,2.9399150369016437e-05,2.8324428334439467,-0.011647414056782046
2023-01-20,0.000548376878768627,0.0005322713513559486,0.016105527412678455,1.6105527412678454e-05,2.8339504616185427,-0.01112134229024575
2023-01-27,-0.009675521399080077,-0.009856808636581633,0.18128723750155568,0.00018128723750155567,2.8060167542328163,-0.02086852998409061
2023-02-03,-0.005538639055654621,-0.0055707031102789194,0.032064054624298476,3.2064054624298476e-05,2.7903852679725167,-0.026322980709480248
2023-02-10,-0.0047709677119047115,-0.004800760429770095,0.029792717865383355,2.9792717865383357e-05,2.776989296794221,-0.030997370815066594
2023-02-17,-0.012405364840976563,-0.01241454938152764,0.009184540551077185,9.184540551077185e-06,2.7425142260371955,-0.04302710180591307
2023-02-24,0.016559641115678356,0.016476431881660033,0.08320923401832185,8.320923401832185e-05,2.787701074866981,-0.027259603036223434
2023-03-03,-0.010230373771557152,-0.010239163666848218,0.00878989529106633,8.78989529106633e-06,2.7591573473071693,-0.037219651166090384
2023-03-10,0.00452634076886033,0.004495462300850333,0.030878468009996496,3.08784680099965e-05,2.771561035144103,-0.032891508403907976
2023-03-17,0.008293425204478688,0.008281090734326394,0.012334470152293397,1.2334470152293397e-05,2.794512583551855,-0.024882795235063204
2023-03-24,0.015308090374467764,0.015294605476200355,0.013484898267409777,1.3484898267409777e-05,2.837253551015558,-0.009968762295128109
2023-03-31,0.0002681435506660494,-0.00013584141296978016,0.4039849636358296,0.0004039849636358296,2.836868134484235,-0.010103249537342096
2023-04-07,0.007062018863984201,0.007049828578145454,0.01219028583874674,1.219028583874674e-05,2.856867568531152,-0.003124647136517056
2023-04-14,-0.0017485530560947893,-0.0017768090344247082,0.02825597832991885,2.825597832991885e-05,2.8517914604252312,-0.004895904269680229
2023-04-21,0.0033679672024840416,0.003343382589909724,0.024584612574317564,2.4584612574317566e-05,2.86132609034407,-0.0015688905608676196
2023-04-28,0.0013446356697255143,0.0009200092304960277,0.42462643922948656,0.00042462643922948655,2.8639585367586453,-0.000650324724169371
2023-05-05,-0.003071836079569927,-0.0030889671017243557,0.0171310221544285,1.7131022154428502e-05,2.8551118630578953,-0.003737282994215274
2023-05-12,-0.002148263097128063,-0.0021614657037558123,0.013202606627749146,1.3202606627749147e-05,2.848940636685509,-0.005890670688953992
2023-05-19,-0.008080771971448861,-0.008095841792746401,0.015069821297539136,1.5069821297539137e-05,2.825876064013977,-0.013938822543749452
2023-05-26,0.008156276721616555,0.007830804919184113,0.3254718024324418,0.0003254718024324418,2.848004948197062,-0.006217169824708546
2023-06-02,0.002043199755350069,0.0020343673851925094,0.008832370157559302,8.832370157559302e-06,2.853798836576541,-0.00419545044703562
2023-06-09,0.012094380151770064,0.012086402549687644,0.007977602082419889,7.977602082419889e-06,2.8882909981112355,0.0
2023-06-16,-0.01848324860233303,-0.018491674100358475,0.00842549802544478,8.42549802544478e-06,2.8348816622671635,-0.018491674100358457
2023-06-23,0.011035143649146343,0.011021279381105458,0.013864268040884717,1.3864268040884716e-05,2.866125685079383,-0.007674196625737317
2023-06-30,-0.008248295800061914,-0.008464637277706188,0.21634147764427578,0.00021634147764427577,2.8418649707628685,-0.016073874612608896
2023-07-07,0.021983239500380683,0.021978771007429933,0.004468492950750901,4.468492950750901e-06,2.9043256701893023,0.0
2023-07-14,0.0029135311352770695,0.0029082444501075328,0.005286685169536646,5.286685169536647e-06,2.9127721592009355,0.0
2023-07-21,0.003312271526152649,0.0033047933680301557,0.007478158122493529,7.478158122493529e-06,2.9223982693152455,0.0
2023-07-28,-0.013766246256766087,-0.01390338422812717,0.13713797136108274,0.00013713797136108275,2.881767043309342,-0.013903384228127091
2023-08-04,-0.006742076758070567,-0.0067479628941970096,0.005886136126443073,5.886136126443073e-06,2.8623209862313708,-0.02055752760144891
2023-08-11,-0.015602031154827646,-0.015604464932440843,0.0024337776131982593,2.4337776131982594e-06,2.817655998776334,-0.035841203315335246
2023-08-18,0.008810699089429075,0.008804750267132847,0.005948822296228106,5.948822296228106e-06,2.842464756184248,-0.027352025892667498
2023-08-25,0.013830681589280469,0.013731249035528347,0.09943255375212263,9.943255375212264e-05,2.8814953476261267,-0.013996354336297534
2023-09-01,-0.008984807708133907,-0.008993224500293965,0.008416792160059035,8.416792160059036e-06,2.8555814130683723,-0.02286370647985947
2023-09-08,0.00438381639614886,0.004375735005372376,0.00808139077648451,8.08139077648451e-06,2.868076680618226,-0.018588016995283674
2023-09-15,-0.008092660452863235,-0.00810376466929732,0.011104216434085223,1.1104216434085222e-05,2.8448344621449966,-0.02654114874918234
2023-09-22,-0.019478936751413198,-0.019487766343115595,0.008829591702397464,8.829591702397465e-06,2.789394992861872,-0.04551168738699596
2023-09-29,-0.006673268851014405,-0.00672295221378767,0.04968336277326445,4.968336277326445e-05,2.770642023619483,-0.05192866670131202
2023-10-06,0.020693489643406535,0.020682991187938145,0.01049845546838961,1.049845546838961e-05,2.8279471881789355,-0.03231971566915859
2023-10-13,0.0004921642097177143,0.00047946493480020103,0.012699274917513333,1.2699274917513333e-05,2.8293030896931337,-0.03185574690472459
2023-10-20,0.002095862107333808,0.0020906118795484072,0.005250227785400634,5.250227785400634e-06,2.8352180643432896,-0.02983173302808695
2023-10-27,0.020300307816284203,0.020139292571442903,0.16101524484129937,0.00016101524484129936,2.8923173504449395,-0.010293230456009828
2023-11-03,-0.008698068760277476,-0.008705193569211471,0.0071248089339959785,7.124808933995979e-06,2.8671391680457274,-0.01890881946164924
2023-11-10,0.018967531098745403,0.018959851874768233,0.00767922397716911,7.679223977169111e-06,2.9214997019762206,-0.0003074760030006285
2023-11-17,0.005526926218639636,0.005514543826761561,0.012382391878073901,1.2382391878073902e-05,2.9376104401226395,0.0
2023-11-24,0.019487849263391265,0.01902237510186527,0.4654741615259955,0.00046547416152599555,2.9934907678178075,0.0
2023-12-01,-0.012663540655464179,-0.012671663890514072,0.008123235049893398,8.123235049893398e-06,2.9555582589486633,-0.012671663890514107
2023-12-08,0.01744356657611558,0.017429598647463577,0.013967928652002425,1.3967928652002426e-05,3.0070724531813346,0.0
2023-12-15,0.010021711068628463,0.010009735570023532,0.01197549860493134,1.1975498604931341e-05,3.0371724532775817,0.0
2023-12-22,0.004303869178098061,0.004283436008541812,0.020433169556248416,2.0433169556248418e-05,3.050181987128102,0.0
2023-12-29,-0.012319112915110852,-0.01240096502570433,0.0818521105934769,8.18521105934769e-05,3.0123567869836934,-0.012400965025704314
2024-01-05,0.01055314860240373,0.01053725682233854,0.01589178006519001,1.589178006519001e-05,3.044098764088655,-0.0019943803566864204
2024-01-12,-0.004313725549865106,-0.004328656214311641,0.01493066444653524,1.4930664446535242e-05,3.0309219070565043,-0.006314403584073425
2024-01-19,0.004499119151276864,0.004484207637421395,0.014911513855468576,1.4911513855468576e-05,3.044513190220555,-0.0018585110434293783
2024-01-26,0.005465017218257099,0.0051437847308825595,0.3212324873745397,0.00032123248737453967,3.0601735106813823,0.0
2024-02-02,0.002908722311772219,0.002904237759468968,0.00448455230325101,4.48455230325101e-06,3.06906098214163,0.0
2024-02-09,-0.005724851788569959,-0.0057367460686808015,0.011894280110842297,1.1894280110842297e-05,3.0514545586177877,-0.005736746068680687
2024-02-16,0.009918215111154389,0.009906588101348032,0.011627009806356543,1.1627009806356543e-05,3.081684062039995,0.0
2024-02-23,0.011046541103623787,0.010848405765526082,0.19813533809770384,0.00019813533809770383,3.1151154211861596,0.0
2024-03-01,0.01277312751834574,0.012760390391598486,0.012737126747253264,1.2737126747253264e-05,3.1548655100753837,0.0
2024-03-08,-0.005185719983627581,-0.005197464794756388,0.011744811128806236,1.1744811128806235e-05,3.138468207654576,-0.005197464794756357
2024-03-15,0.011402855862858276,0.011390880093395646,0.011975769462629175,1.1975769462629175e-05,3.1742181226849038,0.0
2024-03-22,0.008588426231248026,0.008575550788288666,0.012875442959358656,1.2875442959358656e-05,3.2014387914090947,0.0
2024-03-29,-0.008877068154537687,-0.009196219722415879,0.31915156787819293,0.0003191515678781929,3.171997656855431,-0.00919621972241591
2024-04-05,-0.01023631157874952,-0.010244620788128591,0.008309209379070323,8.309209379070323e-06,3.139501743720115,-0.019346628726803927
2024-04-12,-0.014253615093673466,-0.014265635451734203,0.012020358060737004,1.2020358060737005e-05,3.09471475634412,-0.03333627222590152
2024-04-19,0.010419693593775883,0.010402547834179455,0.0171457595964286,1.7145759596428603e-05,3.1269076746301305,-0.02328050655816527
2024-04-26,0.005940238511422419,0.005649618886499358,0.2906196249230608,0.0002906196249230608,3.144573511285061,-0.017762413661204235
2024-05-03,0.004169913070629086,0.0041592336427959,0.010679427833186164,1.0679427833186165e-05,3.157652527225442,-0.013677058046885349
2024-05-10,0.00648563917285697,0.006459005839174572,0.026633333682397144,2.6633333682397144e-05,3.1780478233368754,-0.007306392405498352
2024-05-17,-0.0006536034701790728,-0.0006705106068999629,0.016907136720890226,1.6907136720890227e-05,3.1759169085620926,-0.007972003998792276
2024-05-24,0.0006078353327009133,0.000600204474718728,0.0076308579821853465,7.630857982185347e-06,3.177823108101946,-0.007376584356546201
2024-05-31,-0.0028223238455677255,-0.003123548379756835,0.3012245341891096,0.0003012245341891096,3.1678970238814803,-0.010477091618188106
2024-06-07,0.009481019881754729,0.009468033032707312,0.012986849047416442,1.2986849047416443e-05,3.1978907775478054,-0.0011082560350084147
2024-06-14,-0.0017557240298626971,-0.0017672229614956588,0.011498931632961678,1.1498931632961678e-05,3.1922393915373677,-0.002873520460991874
2024-06-21,-0.0021293641690543898,-0.0021469873128248714,0.017623143770481697,1.7623143770481696e-05,3.185385694064237,-0.005014338361843951
2024-06-28,0.019052368879389874,0.018944551392680576,0.10781748670929675,0.00010781748670929675,3.245731397050946,0.0
2024-07-05,0.011210369902127905,0.011190517565276602,0.019852336851302756,1.9852336851302757e-05,3.282052811261815,0.0
2024-07-12,-0.01305687374471784,-0.013065674160440912,0.008800415723072065,8.800415723072065e-06,3.2391705786525087,-0.013065674160441021
2024-07-19,-0.002001536587261222,-0.002020652191616444,0.019115604355222072,1.9115604355222072e-05,3.232625341523735,-0.015059925168930066
2024-07-26,0.004163068424329406,0.003938821129053578,0.22424729527582782,0.00022424729527582783,3.245358074521243,-0.011180422391333877
2024-08-02,0.0007523482605203748,0.0007297366318870143,0.022611628633360466,2.2611628633360466e-05,3.2477263311918114,-0.010458844523225763
2024-08-09,0.020415753035082043,0.020399036303571396,0.016716731510646964,1.6716731510646965e-05,3.3139768185258576,0.0
2024-08-16,0.009113284200466597,0.009095978271219747,0.0173059292468492,1.7305929246849198e-05,3.3441206796584946,0.0
2024-08-23,-0.0025233028137920284,-0.002546042100405323,0.022739286613294475,2.2739286613294476e-05,3.335606407619248,-0.0025460421004053213
2024-08-30,-0.007449886197667144,-0.00757903023297339,0.12914403530624574,0.00012914403530624576,3.310325745810602,-0.010105775803325279
2024-09-06,0.01995085386812368,0.019923821908324885,0.0270319597987959,2.70319597987959e-05,3.376280086428675,0.0
2024-09-13,0.007566294665238645,0.007552111040822987,0.014183624415657868,1.4183624415657868e-05,3.4017781285463036,0.0
2024-09-20,0.007997997262067133,0.007979418571688934,0.01857869037819982,1.857869037819982e-05,3.4289223401219915,0.0
2024-09-27,-0.007005946378010454,-0.0072608555447801265,0.25490916676967246,0.00025490916676967245,3.404025430336096,-0.007260855544780176
2024-10-04,-0.0008191757094803229,-0.0008295422641095445,0.010366554629221605,1.0366554629221605e-05,3.4012016473735285,-0.008084374622341794
2024-10-11,0.014375457524861397,0.014341435838247568,0.034021686613828026,3.402168661382803e-05,3.449979762572278,0.0
2024-10-18,-0.008424762313602573,-0.008453928492523955,0.02916617892138185,2.9166178921381852e-05,3.4208138803588373,-0.008453928492524021
2024-10-25,-0.013364824003086653,-0.013511973443118105,0.14714944003145164,0.00014714944003145163,3.374591934053579,-0.021851672678360967
2024-11-01,0.014648655105181848,0.014623384080321792,0.02527102486005573,2.527102486005573e-05,3.4239398880196004,-0.007547834000412368
2024-11-08,-0.026288607941530096,-0.026309468855239403,0.020860913709306643,2.0860913709306645e-05,3.333857848173537,-0.03365872335209341
2024-11-15,0.023317241937314888,0.023306299018430003,0.01094291888488454,1.094291888488454e-05,3.411557736068009,-0.01113688460468587
2024-11-22,0.011967261307213269,0.011946447238670905,0.020814068542363985,2.0814068542363985e-05,3.4523137305636253,0.0
2024-11-29,-0.004463685496265775,-0.004693753043372099,0.23006754710632304,0.00023006754710632306,3.436109422484117,-0.004693753043372051
2024-12-06,-0.0057418113599143165,-0.005760999645017221,0.01918828510290436,1.9188285102904362e-05,3.416313997320946,-0.01042771197877257
2024-12-13,-0.02080385016420146,-0.020832862248488623,0.029012084287161257,2.9012084287161258e-05,3.3451423984171753,-0.03104333514004043
2024-12-20,0.00025359526190600525,0.00023323589963360517,0.020359362272400094,2.0359362272400093e-05,3.3459226057138722,-0.030817339660605958
2024-12-27,0.0032962183975298103,0.0031206594633393743,0.1755589341904359,0.0001755589341904359,3.356364090756994,-0.027792850619913545
2025-01-03,-0.009983868151827526,-0.009998811261308652,0.014943109481124815,1.4943109481124815e-05,3.322804439689281,-0.03751376641345994
2025-01-10,0.019735591357739692,0.019718483006759435,0.017108350980256048,1.7108350980256048e-05,3.388325102568079,-0.018534997972243894
2025-01-17,0.017393764958603578,0.01737830124966707,0.015463708936505723,1.5463708936505723e-05,3.4472084369323164,-0.0014788035010002698
2025-01-24,0.0018343278798875447,0.0018049679347258345,0.029359945161710234,2.9359945161710234e-05,3.4534305376252954,0.0
2025-01-31,0.008139828350538473,0.007879518833284933,0.2603095172535409,0.0002603095172535409,3.4806419085859552,0.0
2025-02-07,0.013660410243038002,0.013645838287952069,0.014571955085933947,1.4571955085933948e-05,3.528138185208788,0.0
2025-02-14,0.0039007667558804675,0.003867933809372319,0.03283294650814816,3.283294650814816e-05,3.5417847901794945,0.0
2025-02-21,-0.019586673115482525,-0.019614970236161846,0.028297120679319353,2.8297120679319355e-05,3.4723127869372328,-0.019614970236161877
2025-02-28,0.000249618486313238,-1.3418108349328166e-05,0.2630365946625662,0.00026303659466256617,3.472266195068035,-0.01962812514871537
2025-03-07,0.00035198265135462847,0.00034473498519697394,0.007247666157654548,7.247666157654548e-06,3.473463206703392,-0.01929015666495093
2025-03-14,0.0055314770604958825,0.005512792909819312,0.01868415067657075,1.868415067657075e-05,3.4926116900418247,-0.013883706394023365
2025-03-21,0.0011860372602045532,0.001179027536258202,0.0070097239463512775,7.0097239463512775e-06,3.496729575397841,-0.012721048129909152
2025-03-28,-0.010943074576761577,-0.011391671360831466,0.44859678406989023,0.00044859678406989023,3.4568959812372095,-0.02396780549107924
2025-04-04,0.01012780672962777,0.010113978157528437,0.013828572099331075,1.3828572099331076e-05,3.49185895168429,-0.0140962371947716
2025-04-11,0.0059327792577380835,0.005920195812428032,0.01258344531005183,1.258344531005183e-05,3.5125314404276406,-0.008259493866755063
2025-04-18,0.005235539100618905,0.005230547597154604,0.00499150346430086,4.9915034643008604e-06,3.530903903313299,-0.0030721479453990064
2025-04-25,0.003751386887231935,0.0035904674374792125,0.16091944975272252,0.00016091944975272251,3.5435814988030137,0.0
2025-05-02,0.0016765445058924064,0.0016685550490392587,0.00798945685314775,7.98945685314775e-06,3.549494159604523,0.0
2025-05-09,0.002155191316153774,0.002135730444240111,0.01946087191366294,1.9460871913662943e-05,3.557074922342843,0.0
2025-05-16,0.000990274232948609,0.000978086141218903,0.012188091729705825,1.2188091729705826e-05,3.5605540480276643,0.0
2025-05-23,0.0016119608273431497,0.0016075882196915812,0.004372607651568442,4.372607651568442e-06,3.5662779527708484,0.0
2025-05-30,0.002482429706164104,0.0023455381947205694,0.13689151144353495,0.00013689151144353494,3.574642793922062,0.0
2025-06-06,0.003637544758140289,0.0036316427536109354,0.005902004529353724,5.902004529353724e-06,3.587624619521357,0.0
2025-06-13,-0.0017872335471445285,-0.001789936791913904,0.0027032447693755455,2.7032447693755455e-06,3.5812029982192994,-0.0017899367919138598
2025-06-20,0.00148277263966591,0.0014776167426328605,0.005155897033049318,5.155897033049318e-06,3.5864946437282357,-0.00031496488985294224
2025-06-27,0.009393501212100818,0.008712477974263938,0.6810232378368792,0.0006810232378368792,3.617741899316534,0.0
2025-07-04,-0.002681301396494633,-0.002695084902929747,0.013783506435113843,1.3783506435113843e-05,3.607991777740989,-0.0026950849029298007
2025-07-11,0.002871370870910748,0.002867507703667146,0.003863167243602169,3.863167243602169e-06,3.618337721958429,0.0
2025-07-18,0.007052027623068796,0.007040181123010081,0.011846500058714848,1.184650005871485e-05,3.643811474885236,0.0
2025-07-25,-0.017131274339087593,-0.01740228533546282,0.27101099637522613,0.00027101099637522616,3.5804008278906494,-0.01740228533546284
2025-08-01,0.020585639892697752,0.02056764135429817,0.017998538399584624,1.7998538399584623e-05,3.6540412280233365,0.0
2025-08-08,0.006097518329789892,0.006078547895307134,0.018970434482757613,1.8970434482757613e-05,3.6762524926393034,0.0
2025-08-15,0.009498339313482668,0.00948496746065714,0.013371852825529334,1.3371852825529334e-05,3.7111216279091472,0.0
2025-08-22,-0.0024796208538160683,-0.002498252624432377,0.018631770616308888,1.863177061630889e-05,3.7018503085626353,-0.0024982526244323733
2025-08-29,0.0172429380987491,0.01684597213304046,0.3969659657086363,0.0003969659657086363,3.7642115757013688,0.0
2025-09-05,0.01493431884227651,0.014920379196727366,0.013939645549142541,1.3939645549142542e-05,3.820375039787544,0.0
2025-09-12,0.006560258649491098,0.00655233305820877,0.007925591282328597,7.925591282328597e-06,3.845407409455499,0.0
2025-09-19,0.006844503624322434,0.006832642504051086,0.011861120271348035,1.1861120271348035e-05,3.8716817035667375,0.0
2025-09-26,0.0181626271620444,0.01787841153362684,0.2842156284175585,0.0002842156284175585,3.940901222390317,0.0
2025-10-03,-0.013975435394025987,-0.013989977990523922,0.014542596497935848,1.454259649793585e-05,3.8857681010262475,-0.013989977990523927
2025-10-10,0.027548047753925192,0.02753394718503525,0.014100568889941488,1.4100568889941488e-05,3.992758634693199,0.0
2025-10-17,0.002304120564283938,0.0022833888898509225,0.02073167443301542,2.0731674433015422e-05,4.001875655399514,0.0
2025-10-24,-0.007182176151215089,-0.00719167487171459,0.009498720499500665,9.498720499500666e-06,3.9730954668088514,-0.007191674871714571
2025-10-31,-0.0038096978214025457,-0.004003177832985628,0.19348001158308173,0.00019348001158308174,3.957190459107786,-0.011166063151271777
2025-11-07,0.006661927975570338,0.0066510685771744805,0.010859398395857669,1.0859398395857669e-05,3.983510004224253,-0.004589260825853425
2025-11-14,-0.012682377949341888,-0.012691893628780896,0.009515679439009056,9.515679439009055e-06,3.932951718981454,-0.017222908044397855
2025-11-21,0.023846803635880535,0.02383862935509597,0.008174280784566225,8.174280784566225e-06,4.0267078972817405,0.0
2025-11-28,-0.0008379562617074944,-0.0009814388557304779,0.1434825940229834,0.00014348259402298342,4.022755929690671,-0.0009814388557305431
2025-12-05,0.002898055730446631,0.002892003300028802,0.0060524304178294665,6.052430417829467e-06,4.034389753114547,0.0
2025-12-12,0.0050834373879243494,0.005077008256453118,0.0064291314712314526,6.429131471231453e-06,4.054872383200859,0.0
2025-12-19,0.01617212450662598,0.016165753585509108,0.006370921116871455,6.370921116871455e-06,4.12042245096837,0.0
2025-12-26,-0.00839084797406236,-0.008582880911157859,0.19203293709549912,0.00019203293709549912,4.085057355768047,-0.008582880911157886
2026-01-02,0.018289297129668678,0.018271556542105084,0.017740587563594746,1.7740587563594746e-05,4.159697712221705,0.0
2026-01-09,0.0070335232838559135,0.00702322490374903,0.010298380106883477,1.0298380106883477e-05,4.188912204786249,0.0
2026-01-16,0.023918925091020324,0.023906559127617126,0.012365963403197597,1.2365963403197599e-05,4.289054682090367,0.0
2026-01-23,-0.006504376997030837,-0.006519872149627657,0.01549515259681972,1.5495152596819722e-05,4.261090593920376,-0.006519872149627681
2026-01-30,0.014376197578164033,0.01427024860405727,0.1059489741067613,0.0001059489741067613,4.321897416020031,0.0
2026-02-06,0.015515003824158689,0.015493221406607714,0.021782417550974483,2.1782417550974485e-05,4.388857529583075,0.0
2026-02-13,0.003995899870016698,0.003981641627129616,0.014258242887082218,1.4258242887082218e-05,4.406332387418404,0.0
2026-02-20,0.010131113151545152,0.010120087200866204,0.011025950678947814,1.1025950678947815e-05,4.450924855415079,0.0
2026-02-27,-0.03176328688539426,-0.0319842510771836,0.22096419178933502,0.00022096419178933502,4.308565357313806,-0.03198425107718361
2026-03-06,-0.015509954769597791,-0.015519966069854934,0.010011300257142584,1.0011300257142584e-05,4.2416965691585435,-0.04700782265555081
2026-03-13,-0.026077269241114323,-0.026091868582854286,0.014599341739961679,1.4599341739961679e-05,4.131022779707715,-0.07187316930731036
2026-03-20,-0.0007813296113493725,-0.0007976530967571374,0.016323485407764925,1.6323485407764926e-05,4.127727656594707,-0.07261349254799576
2026-03-27,0.02330281507825909,0.022993461391884944,0.30935368637414684,0.00030935368637414687,4.222638403102833,-0.05128966669354318
2026-04-03,0.017081214649117375,0.017069925742190198,0.011288906927176125,1.1288906927176126e-05,4.294718527079919,-0.03509525175315342
2026-04-10,0.0,-0.0003251453783359358,0.3251453783359358,0.0003251453783359358,4.293322119199585,-0.03540898607258025
