,gross_return,net_return,turnover,cost,wealth,drawdown
2005-01-14,0.0,0.0,,0.0,1.0,0.0
2005-01-21,0.0,0.0,0.0,0.0,1.0,0.0
2005-01-28,0.0,0.0,0.0,0.0,1.0,0.0
2005-02-04,0.0,0.0,0.0,0.0,1.0,0.0
2005-02-11,0.0,0.0,0.0,0.0,1.0,0.0
2005-02-18,0.0,0.0,0.0,0.0,1.0,0.0
2005-02-25,0.0,0.0,0.0,0.0,1.0,0.0
2005-03-04,0.0,0.0,0.0,0.0,1.0,0.0
2005-03-11,0.0,0.0,0.0,0.0,1.0,0.0
2005-03-18,0.0,0.0,0.0,0.0,1.0,0.0
2005-03-25,0.0,0.0,0.0,0.0,1.0,0.0
2005-04-01,0.0,0.0,0.0,0.0,1.0,0.0
2005-04-08,0.0,0.0,0.0,0.0,1.0,0.0
2005-04-15,0.0,0.0,0.0,0.0,1.0,0.0
2005-04-22,0.0,0.0,0.0,0.0,1.0,0.0
2005-04-29,0.0,0.0,0.0,0.0,1.0,0.0
2005-05-06,0.0,0.0,0.0,0.0,1.0,0.0
2005-05-13,0.0,0.0,0.0,0.0,1.0,0.0
2005-05-20,0.0,0.0,0.0,0.0,1.0,0.0
2005-05-27,0.0,0.0,0.0,0.0,1.0,0.0
2005-06-03,0.0,0.0,0.0,0.0,1.0,0.0
2005-06-10,0.0,0.0,0.0,0.0,1.0,0.0
2005-06-17,0.0,0.0,0.0,0.0,1.0,0.0
2005-06-24,0.0,0.0,0.0,0.0,1.0,0.0
2005-07-01,0.0,0.0,0.0,0.0,1.0,0.0
2005-07-08,0.0,0.0,0.0,0.0,1.0,0.0
2005-07-15,0.0,0.0,0.0,0.0,1.0,0.0
2005-07-22,0.0,0.0,0.0,0.0,1.0,0.0
2005-07-29,0.0,0.0,0.0,0.0,1.0,0.0
2005-08-05,0.0,0.0,0.0,0.0,1.0,0.0
2005-08-12,0.0,0.0,0.0,0.0,1.0,0.0
2005-08-19,0.0,0.0,0.0,0.0,1.0,0.0
2005-08-26,0.0,0.0,0.0,0.0,1.0,0.0
2005-09-02,0.0,0.0,0.0,0.0,1.0,0.0
2005-09-09,0.0,0.0,0.0,0.0,1.0,0.0
2005-09-16,0.0,0.0,0.0,0.0,1.0,0.0
2005-09-23,0.0,0.0,0.0,0.0,1.0,0.0
2005-09-30,0.0,0.0,0.0,0.0,1.0,0.0
2005-10-07,0.0,0.0,0.0,0.0,1.0,0.0
2005-10-14,0.0,0.0,0.0,0.0,1.0,0.0
2005-10-21,0.0,0.0,0.0,0.0,1.0,0.0
2005-10-28,0.0,0.0,0.0,0.0,1.0,0.0
2005-11-04,0.0,0.0,0.0,0.0,1.0,0.0
2005-11-11,0.0,0.0,0.0,0.0,1.0,0.0
2005-11-18,0.0,0.0,0.0,0.0,1.0,0.0
2005-11-25,0.0,0.0,0.0,0.0,1.0,0.0
2005-12-02,0.0,0.0,0.0,0.0,1.0,0.0
2005-12-09,0.0,0.0,0.0,0.0,1.0,0.0
2005-12-16,0.0,0.0,0.0,0.0,1.0,0.0
2005-12-23,0.0,0.0,0.0,0.0,1.0,0.0
2005-12-30,0.0,0.0,0.0,0.0,1.0,0.0
2006-01-06,0.0,0.0,0.0,0.0,1.0,0.0
2006-01-13,0.0,0.0,0.0,0.0,1.0,0.0
2006-01-20,0.0,0.0,0.0,0.0,1.0,0.0
2006-01-27,0.0,0.0,0.0,0.0,1.0,0.0
2006-02-03,0.0,0.0,0.0,0.0,1.0,0.0
2006-02-10,0.0,0.0,0.0,0.0,1.0,0.0
2006-02-17,0.0,0.0,0.0,0.0,1.0,0.0
2006-02-24,0.0,0.0,0.0,0.0,1.0,0.0
2006-03-03,0.0,0.0,0.0,0.0,1.0,0.0
2006-03-10,0.0,0.0,0.0,0.0,1.0,0.0
2006-03-17,0.0,0.0,0.0,0.0,1.0,0.0
2006-03-24,0.0,0.0,0.0,0.0,1.0,0.0
2006-03-31,0.0,0.0,0.0,0.0,1.0,0.0
2006-04-07,0.0,0.0,0.0,0.0,1.0,0.0
2006-04-14,0.0,0.0,0.0,0.0,1.0,0.0
2006-04-21,0.0,0.0,0.0,0.0,1.0,0.0
2006-04-28,0.0,0.0,0.0,0.0,1.0,0.0
2006-05-05,0.0,0.0,0.0,0.0,1.0,0.0
2006-05-12,0.0,0.0,0.0,0.0,1.0,0.0
2006-05-19,0.0,0.0,0.0,0.0,1.0,0.0
2006-05-26,0.0,0.0,0.0,0.0,1.0,0.0
2006-06-02,0.0,0.0,0.0,0.0,1.0,0.0
2006-06-09,0.0,0.0,0.0,0.0,1.0,0.0
2006-06-16,0.0,0.0,0.0,0.0,1.0,0.0
2006-06-23,0.0,0.0,0.0,0.0,1.0,0.0
2006-06-30,0.0024765992379719897,0.0018384506087317197,0.6381486292402699,0.00063814862924027,1.0018384506087317,0.0
2006-07-07,-0.005304543732315173,-0.005306444640178861,0.0019009078636874552,1.9009078636874552e-06,0.9965222503321739,-0.00530644464017882
2006-07-14,-0.010753233498881909,-0.010753233498881909,0.0,0.0,0.9858064138875208,-0.016002616700796057
2006-07-21,0.0288881170309132,0.0288881170309132,0.0,0.0,1.0142845049417284,0.0
2006-07-28,0.005460318429125354,0.0052625569446476195,0.19776148447773428,0.0001977614844777343,1.019622234907058,0.0
2006-08-04,-0.014332793520903567,-0.014338632910864154,0.005839389960587013,5.839389960587013e-06,1.0050022459729708,-0.014338632910864124
2006-08-11,0.012265417816653818,0.012261435230583389,0.003982586070429988,3.982586070429988e-06,1.0173250159185594,-0.002253009899012337
2006-08-18,-0.002000727260153436,-0.0020265608902282077,0.025833630074771536,2.5833630074771537e-05,1.015263344828648,-0.004275004927493886
2006-08-25,0.010533823624222826,0.010417094560036371,0.1167290641864535,0.0001167290641864535,1.025839439095067,0.0
2006-09-01,-0.009662326897714308,-0.009683819900424802,0.02149300271049407,2.149300271049407e-05,1.0159053947201175,-0.009683819900424773
2006-09-08,-0.005630342082326921,-0.005654329150831526,0.02398706850460453,2.398706850460453e-05,1.0101611312322645,-0.015283393546101975
2006-09-15,-0.0006250028772497916,-0.000665852138251307,0.040849261001515313,4.084926100151532e-05,1.0094885132830551,-0.015939069204080947
2006-09-22,0.011527236863251635,0.011504256919622393,0.02297994362924119,2.297994362924119e-05,1.021101928497271,-0.004618179431641778
2006-09-29,3.6283424026111333e-05,-6.379274390828876e-05,0.10007616793440009,0.00010007616793440009,1.0210367896034422,-0.004681677569212228
2006-10-06,0.014917610567922296,0.014885840996101752,0.0317695718205434,3.1769571820543404e-05,1.0362357809046492,0.0
2006-10-13,0.00228309913787658,0.0022490475958906507,0.03405154198592934,3.4051541985929345e-05,1.0385663244964687,0.0
2006-10-20,0.00667370036094532,0.006595086714033156,0.0786136469121633,7.86136469121633e-05,1.0454157594647977,0.0
2006-10-27,-0.0033514476182966864,-0.0035211348842963267,0.1696872659996404,0.0001696872659996404,1.0417347095655531,-0.003521134884296284
2006-11-03,0.010684905459337474,0.010663706109677706,0.02119934965976831,2.1199349659768307e-05,1.0528434623526106,0.0
2006-11-10,0.007042060920375151,0.00699874594745261,0.04331497292254153,4.331497292254153e-05,1.0602120462680529,0.0
2006-11-17,0.025574186952935354,0.02550541250226545,0.06877445066990412,6.877445066990412e-05,1.0872531918479904,0.0
2006-11-24,0.004094738866201423,0.003909719821657356,0.1850190445440668,0.0001850190445440668,1.0915040472033186,0.0
2006-12-01,0.004114756974540807,0.004074335822523845,0.040421152016961955,4.042115201696196e-05,1.0959512012432688,0.0
2006-12-08,0.0016802248737654165,0.0016033671442235021,0.07685772954191432,7.685772954191432e-05,1.0977084133910147,0.0
2006-12-15,-0.006744985197170915,-0.0068066346363189,0.061649439147984604,6.164943914798461e-05,1.0902367132838486,-0.00680663463631892
2006-12-22,0.01568037659670939,0.01561169116116566,0.06868543554372974,6.868543554372974e-05,1.1072571521442005,0.0
2006-12-29,-0.023348653893009785,-0.023535143192340766,0.1864892993309829,0.0001864892993309829,1.0811976965177434,-0.023535143192340624
2007-01-05,0.023425128112933187,0.023353295660293115,0.07183245264007337,7.183245264007337e-05,1.1064472259917502,-0.000731470689425584
2007-01-12,0.01162599828560287,0.011579127842348696,0.04687044325417402,4.6870443254174024e-05,1.1192589198723206,0.0
2007-01-19,0.005577797651373639,0.005552179203679295,0.025618447694343665,2.5618447694343665e-05,1.1254732459707681,0.0
2007-01-26,0.017710700272221568,0.017560199896155444,0.1505003760661226,0.0001505003760661226,1.1452367811477897,0.0
2007-02-02,0.002714431210072683,0.002698549689657986,0.015881520414697238,1.588152041469724e-05,1.1483272595081409,0.0
2007-02-09,0.013770662466485005,0.013716562398050539,0.05410006843446556,5.410006843446556e-05,1.1640783620165667,0.0
2007-02-16,-0.0012492048479361912,-0.0013310826537477971,0.08187780581160595,8.187780581160595e-05,1.1625288775012832,-0.001331082653747817
2007-02-23,-0.05087028282118494,-0.05105267492920776,0.18239210802281772,0.0001823921080228177,1.1031786686223934,-0.052315802252929866
2007-03-02,0.016397138064871253,0.01635593049535987,0.041207569511382276,4.1207569511382274e-05,1.1212221822503448,-0.036815545383028114
2007-03-09,-0.010600080589826446,-0.010609876035077655,0.009795445251208838,9.795445251208838e-06,1.1093261538888892,-0.047034813045428114
2007-03-16,0.03305429891423298,0.032982263783220805,0.07203513101216957,7.203513101216958e-05,1.1459142417180785,-0.015603863873066004
2007-03-23,-0.004963916138725008,-0.00501007377426456,0.046157635539551836,4.615763553955184e-05,1.1401731268280906,-0.02053576113816291
2007-03-30,0.012663926599851986,0.012451971897190429,0.21195470266155858,0.0002119547026615586,1.1543705305612857,-0.008339499961552255
2007-04-06,0.003770837660040574,0.003614787685253658,0.15604997478691576,0.00015604997478691577,1.1585433349393783,-0.004754857798060841
2007-04-13,0.010953262197699752,0.01080264734075742,0.1506148569423324,0.0001506148569423324,1.1710586700157135,0.0
2007-04-20,-0.0030028940579033448,-0.0030982128533405236,0.0953187954371787,9.53187954371787e-05,1.1674304809922549,-0.003098212853340554
2007-04-27,0.0037755806156527577,0.00356514159346333,0.21043902218942745,0.00021043902218942744,1.1715925359575174,0.0
2007-05-04,-0.0006520629437913178,-0.0006965978489310377,0.0445349051397199,4.45349051397199e-05,1.1707764071171458,-0.0006965978489310576
2007-05-11,-0.011383178403959773,-0.011441614823015398,0.058436419055626306,5.843641905562631e-05,1.1573808344230376,-0.012130242467672359
2007-05-18,-0.0001828880838751711,-0.00025234581181609185,0.06945772794092073,6.945772794092073e-05,1.1570887742167948,-0.012379527263605361
2007-05-25,0.023770626166700993,0.023629152849994103,0.14147331670689103,0.00014147331670689102,1.1844298017237758,0.0
2007-06-01,-0.020187508678982894,-0.020275052125472887,0.08754344648999404,8.754344648999405e-05,1.1604154257548627,-0.02027505212547287
2007-06-08,0.015602123237093717,0.015586725673696298,0.0153975633974201,1.53975633974201e-05,1.1785025026636293,-0.005004348127276126
2007-06-15,-0.008853696302986228,-0.008869671229990366,0.015974927004138075,1.5974927004138077e-05,1.168049572921282,-0.01382963243465718
2007-06-22,0.0038965813479997463,0.003853899178561801,0.04268216943794535,4.268216943794535e-05,1.1725511182108828,-0.010029031265175181
2007-06-29,0.023056132951733824,0.022922494430063944,0.13363852166987844,0.00013363852166987843,1.199428914687037,0.0
2007-07-06,0.015372903737236484,0.01533897262785185,0.033931109384633534,3.393110938463354e-05,1.2178269219784754,0.0
2007-07-13,-0.0053739184132248876,-0.005399117102480567,0.0251986892556793,2.51986892556793e-05,1.2112517318161602,-0.005399117102480533
2007-07-20,-0.04518584519576259,-0.04519851458323543,0.012669387472841506,1.2669387472841507e-05,1.1565049527516984,-0.05035359961262287
2007-07-27,-0.00484576567756995,-0.004999115593915651,0.15334991634570164,0.00015334991634570163,1.1507234508079567,-0.05510099174150529
2007-08-03,0.00016314930358353447,0.0001391833287874807,0.023965974796053786,2.3965974796053788e-05,1.150883612328354,-0.054969477552167856
2007-08-10,-0.01473068435274455,-0.014754945152953662,0.02426080020911164,2.426080020911164e-05,1.133902387751016,-0.06891335107875274
2007-08-17,0.029049005590605984,0.02903541736843305,0.01358822217293365,1.3588222172933652e-05,1.1668257168344296,-0.04187886162114851
2007-08-24,0.008510375310606513,0.008467922001183731,0.04245330942278229,4.245330942278229e-05,1.1767063059935587,-0.033765566553671134
2007-08-31,-0.0016257900997289983,-0.0020498769740099473,0.4240868742809491,0.00042408687428094913,1.1742942028317302,-0.03574622827028828
2007-09-07,0.006283029248863466,0.006258896024915139,0.024133223948326798,2.41332239483268e-05,1.1816439881499146,-0.029711064171399904
2007-09-14,0.008952585443397866,0.008935429237157363,0.01715620624050227,1.7156206240502273e-05,1.1922024843895405,-0.021041116045706798
2007-09-21,0.006084507291794338,0.006065759880640236,0.018747411154102445,1.8747411154102445e-05,1.19943409838895,-0.015102986522620543
2007-09-28,0.019298941076265598,0.018736551051839728,0.5623900244258719,0.000562390024425872,1.221907356606732,0.0
2007-10-05,0.007846833458998035,0.00783687950668207,0.00995395231596501,9.95395231596501e-06,1.2314832973287875,0.0
2007-10-12,-0.010248120559498641,-0.010349283441783364,0.10116288228472362,0.00010116288228472361,1.2187383276309098,-0.01034928344178343
2007-10-19,0.023637743106882284,0.023629804670254224,0.007938436628057377,7.938436628057377e-06,1.2475368762569807,0.0
2007-10-26,0.0031088460206257903,0.002516119781389317,0.5927262392364736,0.0005927262392364736,1.2506758284693433,0.0
2007-11-02,-0.0046136750028235776,-0.0046204515869716955,0.006776584148117883,6.776584148117883e-06,1.244897141352905,-0.004620451586971663
2007-11-09,-0.0032518332157774033,-0.0032590815185188538,0.007248302741450646,7.248302741450646e-06,1.2408399200870648,-0.007864474677116262
2007-11-16,0.0006458468321491493,0.000639985725014202,0.005861107134947327,5.861107134947327e-06,1.2416340399229482,-0.007229522103630259
2007-11-23,0.002215416476045346,0.002207312493817852,0.008103982227494156,8.103982227494157e-06,1.2443747142520196,-0.0050381674242760965
2007-11-30,0.005563617350969463,0.005534672362754429,0.028944988215034724,2.8944988215034725e-05,1.251261920591901,0.0
2007-12-07,-0.007151789522541748,-0.0071582849196572505,0.0064953971155024635,6.495397115502464e-06,1.2423050312551867,-0.0071582849196570875
2007-12-14,0.005088794485413157,0.005078950967352537,0.009843518060620577,9.843518060620577e-06,1.2486146375954272,-0.002115690530421821
2007-12-21,0.003462369246094678,0.0034483534400291268,0.014015806065551119,1.401580606555112e-05,1.25292030217625,0.0
2007-12-28,0.00020655459551222706,-0.00022495336017739725,0.4315079556896243,0.0004315079556896243,1.252638453544241,-0.00022495336017747114
2008-01-04,0.006439510223375816,0.006426728720626443,0.012781502749373317,1.2781502749373318e-05,1.260688821070195,0.0
2008-01-11,-0.013913433366846474,-0.013937090650821,0.023657283974525538,2.365728397452554e-05,1.243118486688463,-0.013937090650820938
2008-01-18,0.0033734271622100805,0.0033507062623137195,0.022720899896361096,2.2720899896361095e-05,1.247283811586608,-0.010633083485429351
2008-01-25,0.005749628763906281,0.0053171261154859395,0.43250264842034103,0.00043250264842034105,1.2539157769146179,-0.0053724948158321295
2008-02-01,-0.004088232834469803,-0.004103251595498824,0.015018761029021081,1.5018761029021081e-05,1.2487706450023717,-0.009453701713406204
2008-02-08,0.0002153203765004933,0.00020970763223837765,0.005612744262115636,5.6127442621156356e-06,1.249032521737544,-0.009245976594569938
2008-02-15,0.005739959128215048,0.005736354349125274,0.0036047790897744004,3.6047790897744003e-06,1.2561974148758122,-0.003562660443494736
2008-02-22,0.004017466662086609,0.004002306646043783,0.015160016042826427,1.5160016042826427e-05,1.2612251021381127,0.0
2008-02-29,-0.0047849175497671715,-0.0048206480495717975,0.035730499804626115,3.573049980462612e-05,1.2551451798094195,-0.00482064804957183
2008-03-07,0.00459203150052398,0.004580455003143232,0.011576497380748053,1.1576497380748052e-05,1.2608943158279486,-0.00026227380790566635
2008-03-14,-0.00713912920905991,-0.007152146175652636,0.01301696659272638,1.301696659272638e-05,1.2518762153690977,-0.007412544162946122
2008-03-21,0.002572994712084139,0.0025644608556163948,0.008533856467744384,8.533856467744385e-06,1.255086602919489,-0.004867092486676161
2008-03-28,0.0017259907223962534,0.0016962324237426907,0.029758298653562817,2.9758298653562816e-05,1.2572155215099658,-0.003179115783018882
2008-04-04,0.0013760038728955228,0.0013718758528455833,0.00412802004993941,4.12802004993941e-06,1.258940265125748,-0.0018116012823494732
2008-04-11,-0.0029721893384908127,-0.002975523338474768,0.0033339999839555566,3.3339999839555567e-06,1.2551942589851208,-0.004781734158928463
2008-04-18,-0.004433256767658539,-0.004440781519022904,0.0075247513643645104,7.524751364364511e-06,1.249620215517036,-0.009201281041269604
2008-04-25,-0.002250141300168842,-0.002327640513462449,0.07749921329360712,7.749921329360713e-05,1.246711548876957,-0.011507504280204528
2008-05-02,0.004123795932187266,0.0041200477330901155,0.0037481990971510257,3.748199097151026e-06,1.2518480599677246,-0.007434868014037699
2008-05-09,0.0028237011584499147,0.0028110032579592376,0.012697900490677278,1.2697900490677278e-05,1.2553670089427638,-0.004644764194288498
2008-05-16,-0.0017659081954959086,-0.0017698389279473673,0.003930732451458651,3.930732451458651e-06,1.253145211541476,-0.006406382637753616
2008-05-23,-0.005454181164836321,-0.005467837545398642,0.01365638056232154,1.365638056232154e-05,1.2462932171039731,-0.011839191123635295
2008-05-30,0.003989554062784213,0.003594456307607005,0.39509775517720785,0.00039509775517720784,1.25077296361932,-0.008287290271239756
2008-06-06,-0.004777628682505851,-0.0047985594574291406,0.020930774923289378,2.0930774923289377e-05,1.244771055185648,-0.013046082673561443
2008-06-13,0.000639567491187933,0.000596607025237834,0.04296046595009895,4.296046595009895e-05,1.2455136943419844,-0.012457259032898405
2008-06-20,0.007556412692509562,0.0075129133927569645,0.04349929975259719,4.349929975259719e-05,1.2548711308570686,-0.005037935948366767
2008-06-27,-0.0014402671258456463,-0.0016623754361553404,0.22210831030969408,0.0002221083103096941,1.2527850639135913,-0.006691936443552593
2008-07-04,0.007880426098901988,0.007837514295892105,0.04291180300988321,4.2911803009883214e-05,1.2626037847616944,0.0
2008-07-11,-0.009957329414191371,-0.010005230422616456,0.04790100842508514,4.790100842508514e-05,1.249971142962686,-0.010005230422616473
2008-07-18,-0.010581789145515675,-0.010621984769634331,0.0401956241186556,4.01956241186556e-05,1.2366939685196539,-0.020520939787085135
2008-07-25,-0.002812010904089441,-0.0030121484551962107,0.20013755110676956,0.00020013755110676957,1.2329688626928268,-0.02347127612520261
2008-08-01,-0.01786996213828685,-0.017886227979798944,0.01626584151209455,1.626584151209455e-05,1.2109157005227094,-0.04093769150924953
2008-08-08,-0.012669596462638183,-0.012677840209734732,0.008243747096549101,8.243747096549102e-06,1.1955639047640234,-0.05309653020747451
2008-08-15,0.015207092721014875,0.015199010046299345,0.008082674715530376,8.082674715530376e-06,1.2137352925635245,-0.03870453485722236
2008-08-22,-0.00014387868514798637,-0.00015543410067054688,0.011555415522560505,1.1555415522560504e-05,1.2135466367098728,-0.0388539529533255
2008-08-29,-0.007458459330724259,-0.007810079961956179,0.35162063123191967,0.0003516206312319197,1.2040687404396058,-0.046360580435878096
2008-09-05,-0.009671921203064279,-0.009677707177376399,0.005785974312119555,5.7859743121195555e-06,1.192416115748199,-0.05558962349122276
2008-09-12,0.012097829026170577,0.012071982389333798,0.025846636836779267,2.5846636836779267e-05,1.2068109420982691,-0.044188718057704635
2008-09-19,-0.0026544756231577675,-0.0026777714064593577,0.02329578330159017,2.3295783301590172e-05,1.203579378264516,-0.046748162178461006
2008-09-26,-0.00986631116621451,-0.010432789342428759,0.5664781762142483,0.0005664781762142483,1.191022688154191,-0.05669323779273616
2008-10-03,-0.017501839246658473,-0.017510385579970304,0.00854633331182966,8.54633331182966e-06,1.1701674216501183,-0.07321090291917876
2008-10-10,-0.006946587608023217,-0.006953553050943735,0.006965442920518041,6.965442920518041e-06,1.1620306004051881,-0.07965538007276651
2008-10-17,-0.004070061488460373,-0.004073259263517386,0.0031977750570135006,3.1977750570135006e-06,1.157297348497597,-0.08340418232151359
2008-10-24,0.007102977965658125,0.00708934553132133,0.013632434336794867,1.3632434336794867e-05,1.1655018292835784,-0.07690611785742685
2008-10-31,0.0035010746847192443,0.0034408976284231907,0.06017705629605338,6.017705629605339e-05,1.1695122017638833,-0.07372984630755042
2008-11-07,-0.002547735758648917,-0.0025574184900429638,0.009682731394046728,9.682731394046728e-06,1.1665212696347613,-0.07609870672537855
2008-11-14,0.00550012958218152,0.005493110826867294,0.007018755314226645,7.018755314226646e-06,1.172929100250763,-0.07102361452833506
2008-11-21,0.009057504917828686,0.009050095802024252,0.007409115804433123,7.409115804433124e-06,1.1835442209770144,-0.06261628924199836
2008-11-28,0.004934448002726329,0.004886495951186946,0.04795205153938219,4.795205153938219e-05,1.1893276050208692,-0.05803576753467077
2008-12-05,0.006556905436789898,0.006550541618414236,0.0063638183756617025,6.363818375661702e-06,1.1971183449954872,-0.05186539162684911
2008-12-12,0.016481648640218522,0.016477752356174262,0.0038962840442594475,3.8962840442594475e-06,1.216844164625356,-0.03624226434975808
2008-12-19,0.004212719934968257,0.004209915864637327,0.0028040703309298916,2.8040703309298915e-06,1.2219669761788037,-0.03218492536877715
2008-12-26,-0.004948104844379661,-0.0049702279441928175,0.02212309981315625,2.212309981315625e-05,1.2158935217669191,-0.03699518689752024
2009-01-02,-0.0011254477603382077,-0.0011271987907776433,0.0017510304394357046,1.7510304394357047e-06,1.2145229680594691,-0.03808068475836235
2009-01-09,-0.0005770024264740072,-0.0005834871921455315,0.0064847656715243404,6.48476567152434e-06,1.2138143094630398,-0.038641952358683285
2009-01-16,-0.00812305082830424,-0.008126988200716362,0.003937372412123088,3.937372412123088e-06,1.203949654892173,-0.04645489786852797
2009-01-23,-0.002497198358817149,-0.0025029063916848938,0.0057080328677448,5.7080328677448e-06,1.2009362816056766,-0.04884153199941266
2009-01-30,-0.0033775174429889637,-0.0034746408001454874,0.09712335715652363,9.712335715652363e-05,1.1967634594032344,-0.0521464660197315
2009-02-06,0.0006978092450034888,0.0006942123583799645,0.0035968866235243143,3.5968866235243143e-06,1.1975942673868096,-0.051488454382508264
2009-02-13,-0.00042012178815864325,-0.00042614216276290137,0.0060203746042581455,6.020374604258146e-06,1.1970839219755929,-0.05189265514396335
2009-02-20,-0.01161389994423774,-0.011618373252733806,0.004473308496064423,4.473308496064423e-06,1.183175754155234,-0.06290812016015923
2009-02-27,-0.0011056364744537325,-0.0011752599350204167,0.0696234605666841,6.96234605666841e-05,1.1817852150952877,-0.06400944670196806
2009-03-06,0.0009929213516354958,0.0009893757636375944,0.0035455879979013677,3.5455879979013675e-06,1.1829544447449283,-0.0630834003335411
2009-03-13,0.004919893526106497,0.004916010979537324,0.00388254656917278,3.88254656917278e-06,1.188769861783587,-0.058477508042669935
2009-03-20,0.0012000979090977136,0.0011954856069124483,0.004612302185265212,4.612302185265212e-06,1.1901910190432805,-0.057351931454950655
2009-03-27,-0.0036453466045375943,-0.003675204159408246,0.029857554870651865,2.9857554870651866e-05,1.1858168240596023,-0.06081635555732556
2009-04-03,-0.0002333372077940218,-0.0002358694133618536,0.002532205567831789,2.532205567831789e-06,1.1855371261409569,-0.06103788025257917
2009-04-10,0.0010293712177514847,0.0010249231261427335,0.0044480916087510924,4.448091608751093e-06,1.1867522105584396,-0.060075516261478
2009-04-17,0.0039196985749661295,0.003914894042670918,0.004804532295210812,4.8045322952108115e-06,1.1913982197176816,-0.056395811499529325
2009-04-24,-0.008989275614816392,-0.009394609208157155,0.4053335933407631,0.0004053335933407631,1.1802054990321398,-0.06526060409767154
2009-05-01,0.005421937869105717,0.005407336879704816,0.01460098940090105,1.4600989400901051e-05,1.1865872677526865,-0.060206153289296016
2009-05-08,0.005358434522945648,0.005346783296647941,0.011651226297706478,1.165122629770648e-05,1.1929316927359215,-0.0551812792474109
2009-05-15,0.0024828209582895447,0.0024750159881856268,0.007804970103917831,7.80497010391783e-06,1.1958842177482563,-0.05284283780761112
2009-05-22,0.008707807393154767,0.0086936695283893,0.014137864765466307,1.4137864765466307e-05,1.2062808399315759,-0.04460856644806355
2009-05-29,-0.008327345065264485,-0.008390213167576942,0.06286810231245751,6.286810231245752e-05,1.1961598865445862,-0.05262450423404119
2009-06-05,0.002166465476712143,0.002147439401267101,0.019026075445042416,1.9026075445042416e-05,1.198728567415167,-0.050590072766638516
2009-06-12,-0.004312523829475593,-0.004359791246380995,0.047267416905402176,4.7267416905402175e-05,1.1935023611001636,-0.05472930185661773
2009-06-19,0.009552901488794617,0.009504237025327662,0.04866446346695356,4.8664463466953557e-05,1.204845690430348,-0.04574522508836598
2009-06-26,-0.004831894904612731,-0.005168388887131634,0.3364939825189032,0.00033649398251890325,1.1986185793532194,-0.05067718486251149
2009-07-03,-0.003947990530479591,-0.0039564187078746085,0.008428177395017552,8.428177395017553e-06,1.1938763423822603,-0.054433103408133565
2009-07-10,0.009444885837689813,0.009431111410344932,0.013774427344881093,1.3774427344881093e-05,1.2051359231774426,-0.045515356660441486
2009-07-17,0.02133771566279016,0.021315206093591537,0.022509569198624308,2.2509569198624307e-05,1.2308236437507605,-0.02517031977449058
2009-07-24,0.020333816596560344,0.020319364575224572,0.014452021335772343,1.4452021335772343e-05,1.2558331980959385,-0.005362400103238851
2009-07-31,0.00037162599272274515,0.00019007833097035346,0.18154766175239168,0.00018154766175239168,1.2560719047742097,-0.005173341048330227
2009-08-07,-0.004353798932551001,-0.00437875814884397,0.024959216292969186,2.4959216292969188e-05,1.2505718696856458,-0.009529446387901874
2009-08-14,0.00769297741805889,0.007675497625302637,0.017479792756252655,1.7479792756252655e-05,1.2601706311016883,-0.0019270920057200547
2009-08-21,0.0048773343961292445,0.0048383369854773884,0.0389974106518559,3.8997410651855896e-05,1.26626776127416,0.0
2009-08-28,0.006970595527366601,0.0068061956351366856,0.16439989222991538,0.00016439989222991538,1.2748862273838584,0.0
2009-09-04,0.019990684656046826,0.019969972014305344,0.020712641741483243,2.0712641741483244e-05,1.3003456696661375,0.0
2009-09-11,0.008421866408961788,0.008379100146922412,0.042766262039375336,4.2766262039375336e-05,1.311241396257887,0.0
2009-09-18,-0.001294475566696863,-0.0013274024930041398,0.03292692630727667,3.2926926307276674e-05,1.309500851159564,-0.001327402493004226
2009-09-25,-0.010649198109909585,-0.010820195472447855,0.17099736253826872,0.00017099736253826874,1.2953317959786808,-0.012133235211007065
2009-10-02,0.030087176323695577,0.0300670980740073,0.020078249688275963,2.0078249688275965e-05,1.3342786641267517,0.0
2009-10-09,0.006509318293453489,0.0064897124007981845,0.019605892655304342,1.9605892655304342e-05,1.3429377489194554,0.0
2009-10-16,0.003227395594014189,0.0031509038804466757,0.07649171356751355,7.649171356751356e-05,1.3471692166837241,0.0
2009-10-23,-0.028388912510071695,-0.028419504261758946,0.030591751687250836,3.0591751687250834e-05,1.3088833353888705,-0.028419504261758988
2009-10-30,0.03025176614530769,0.02997186552929461,0.2799006160130809,0.0002799006160130809,1.3481130107106805,0.0
2009-11-06,0.021121833150054715,0.0211009073409111,0.020925809143613756,2.0925809143613755e-05,1.3765594184347634,0.0
2009-11-13,-0.007315703778816129,-0.007335896401336608,0.02019262252047846,2.019262252047846e-05,1.3664611211508417,-0.0073358964013366945
2009-11-20,-0.005890834462261421,-0.005925211355740265,0.034376893478844234,3.437689347884423e-05,1.358364550198621,-0.013217641020415338
2009-11-27,0.031928314285812796,0.031762093046714915,0.1662212390978808,0.00016622123909788082,1.4015090514333886,0.0
2009-12-04,-0.01112740062365196,-0.011168729518900303,0.041328895248343385,4.132889524834339e-05,1.3858559759196385,-0.011168729518900355
2009-12-11,-0.007911115080132203,-0.007939017839308218,0.02790275917601481,2.790275917601481e-05,1.3748536406041008,-0.019019078615315488
2009-12-18,0.024557661851247727,0.024534276236735195,0.02338561451253197,2.3385614512531973e-05,1.4085846796077628,0.0
2009-12-25,-0.003589147302612037,-0.003937751555321783,0.34860425270974565,0.0003486042527097457,1.4030380230948347,-0.003937751555321944
2010-01-01,0.02895787354736495,0.028937296662784672,0.0205768845802778,2.0576884580277802e-05,1.443638150598297,0.0
2010-01-08,-0.011141820060343848,-0.011176169221431012,0.034349161087164605,3.43491610871646e-05,1.4275038063326966,-0.011176169221431054
2010-01-15,-0.041992538528677466,-0.04202136692495847,0.028828396281001166,2.8828396281001167e-05,1.3675181451000153,-0.05272789823872048
2010-01-22,-0.01855840593497805,-0.018581192188811654,0.02278625383360451,2.278625383360451e-05,1.3421080276242248,-0.0703293432166463
2010-01-29,-0.009006838075853183,-0.009346462387006732,0.33962431115354863,0.00033962431115354863,1.3295640654247352,-0.07901847504257575
2010-02-05,0.011770675781389687,0.011745590727898696,0.02508505349099103,2.508505349099103e-05,1.3451805807837351,-0.0682010029824699
2010-02-12,0.0279359024834212,0.027922025493773796,0.013876989647406081,1.3876989647406082e-05,1.382740747254108,-0.04218328763267354
2010-02-19,-0.0013199498188526267,-0.0013478327650870397,0.027882946234412925,2.7882946234412925e-05,1.380877043969338,-0.04347426438055013
2010-02-26,0.04465339666230225,0.0443943430992827,0.2590535630195527,0.00025905356301955267,1.4421801732372364,-0.0010099326901663597
2010-03-05,0.01599007479481298,0.015948071091654158,0.04200370315881994,4.200370315881994e-05,1.465180165166998,0.0
2010-03-12,0.00329010216431734,0.003269865690208076,0.020236474109264425,2.0236474109264425e-05,1.4699711075190511,0.0
2010-03-19,0.004800280707882372,0.004740924855448381,0.05935585243399133,5.935585243399133e-05,1.4769401300794793,0.0
2010-03-26,0.010095682697155356,0.009730006000247772,0.36567669690758464,0.00036567669690758465,1.4913107664071594,0.0
2010-04-02,0.02204849662921399,0.021989967374385133,0.05852925482885891,5.852925482885891e-05,1.5241046415055222,0.0
2010-04-09,-0.009248132433810561,-0.009278144677785803,0.03001224397524195,3.0012243975241953e-05,1.5099637781375492,-0.009278144677785649
2010-04-16,0.0321343971281676,0.0320818218338055,0.05257529436209404,5.257529436209404e-05,1.5584061670432579,0.0
2010-04-23,-0.019459373684784002,-0.019474945253517638,0.015571568733636618,1.557156873363662e-05,1.5280562922573462,-0.01947494525351756
2010-04-30,-0.061153605683318554,-0.06129014762016475,0.13654193684619575,0.00013654193684619576,1.4344014965329719,-0.07957147060419956
2010-05-07,0.035701529082852346,0.03565832194049426,0.043207142358085114,4.320714235808511e-05,1.4855498468882713,-0.04675053377978855
2010-05-14,-0.050175872081420325,-0.05019667657325629,0.02080449183596678,2.080449183596678e-05,1.4109801816905703,-0.09460048892927375
2010-05-21,0.017505106194513304,0.01747769856393799,0.027407630575314576,2.7407630575314577e-05,1.4356408679858486,-0.07877618919484264
2010-05-28,-0.02247049972663164,-0.022830234740880216,0.3597350142485754,0.00035973501424857543,1.4028648499661307,-0.0998079450444126
2010-06-04,0.024329568789866165,0.02431184020919932,0.017728580666844317,1.7728580666844316e-05,1.4369710760336096,-0.07792261964674163
2010-06-11,0.017680444463554868,0.01759506505860677,0.08537940494809876,8.537940494809876e-05,1.462254675603757,-0.06169860815035633
2010-06-18,-0.017274847287686416,-0.017308685480177687,0.03383819249126914,3.383819249126914e-05,1.4369449693318124,-0.07793937182749477
2010-06-25,-0.0383496184693339,-0.0385628717701009,0.21325330076699672,0.00021325330076699673,1.3815322447387781,-0.11349667759596982
2010-07-02,0.025088009064396906,0.025072102473239963,0.01590659115694082,1.590659115694082e-05,1.4161701627489538,-0.09127017545378846
2010-07-09,-0.010774619135459698,-0.010790166197120421,0.015547061660723269,1.554706166072327e-05,1.4008894513294896,-0.10107552128892205
2010-07-16,0.024833700113279806,0.02480293748813565,0.030762625144156223,3.076262514415622e-05,1.4356356248186035,-0.07877955363689637
2010-07-23,0.0031524286552846864,0.0031290682265777683,0.0233604287069183,2.3360428706918303e-05,1.4401278266371664,-0.07589699200850786
2010-07-30,0.008207298015124737,0.008087883626292251,0.11941438883248562,0.00011941438883248562,1.4517754129059932,-0.06842295442116586
2010-08-06,-0.011618593665391374,-0.011629107345397372,0.010513680005998734,1.0513680005998734e-05,1.4348925607879008,-0.07925636388471025
2010-08-13,0.007569449920257554,0.007545706211483921,0.023743708773632924,2.3743708773632924e-05,1.44571983849665,-0.07230870291049085
2010-08-20,0.003229448216246625,0.0032076017257706307,0.021846490475994212,2.1846490475994214e-05,1.450357131945593,-0.06933303870496399
2010-08-27,0.015997882643440667,0.015834187293552494,0.16369534988817372,0.00016369534988817372,1.4733223584153592,-0.05459668373189708
2010-09-03,-0.004100751592843152,-0.004130238517424389,0.029486924581237636,2.9486924581237637e-05,1.4672371856620494,-0.05850142492324839
2010-09-10,0.009743881179677647,0.009714288953284453,0.029592226393194962,2.9592226393194963e-05,1.4814903516465743,-0.04935543571584733
2010-09-17,0.007771549645662715,0.007718962388040751,0.05258725762196441,5.258725762196441e-05,1.4929259199491793,-0.04201744607974267
2010-09-24,0.007243223999474473,0.007039445764027903,0.20377823544657053,0.00020377823544657052,1.5034352909923732,-0.03527377984853597
2010-10-01,0.012771578231457529,0.012756855510137074,0.014722721320455146,1.4722721320455147e-05,1.522614397768404,-0.022966906851222935
2010-10-08,-0.0022991666124099353,-0.0023345137083123934,0.03534709590245808,3.5347095902458086e-05,1.5190598335843397,-0.02524780400065363
2010-10-15,0.00165059764003941,0.0016305304252341808,0.0200672148052293,2.00672148052293e-05,1.5215367068607502,-0.023658440888012944
2010-10-22,0.0003437050627575427,0.000317582060304735,0.026123002452807666,2.6123002452807665e-05,1.5220199196229443,-0.023348372324109024
2010-10-29,0.01733575404771894,0.01719266523935273,0.14308880836620808,0.00014308880836620807,1.5481874985886481,-0.006557127834008414
2010-11-05,-0.027215269963924874,-0.02724191845887579,0.026648494950913107,2.6648494950913106e-05,1.5060119009930453,-0.033620417551105786
2010-11-12,-0.005434993345652692,-0.0054738696366645285,0.038876291011835956,3.887629101183596e-05,1.497768188175744,-0.038910253404965234
2010-11-19,0.002444687700155424,0.0024175287750399367,0.027158925115487273,2.7158925115487274e-05,1.5013890858689982,-0.03658679128717601
2010-11-26,0.02601131439081758,0.025777797818498985,0.23351657231859535,0.00023351657231859537,1.5400915901714303,-0.011752120377305442
2010-12-03,-0.008880456385968108,-0.008897016577592775,0.016560191624666404,1.6560191624666405e-05,1.5263893697626638,-0.020544578145079484
2010-12-10,-0.0017922592519684674,-0.001803915049971032,0.011655798002564539,1.1655798002564539e-05,1.523635893006433,-0.02231143252133938
2010-12-17,0.01084075214907446,0.010810329372341311,0.030422776733149512,3.0422776733149514e-05,1.5401068988533542,-0.011742297083322417
2010-12-24,0.01689798185400552,0.016882711517665055,0.015270336340463066,1.5270336340463067e-05,1.566108079333061,0.0
2010-12-31,-0.01330088042990289,-0.013428369202056247,0.12748877215335633,0.00012748877215335632,1.5450778018334534,-0.013428369202056256
2011-01-07,0.007885626508315195,0.00787049641355993,0.015130094755265118,1.5130094755265118e-05,1.5572383311314546,-0.005663560720141181
2011-01-14,-0.00763745485009352,-0.007669831961792581,0.0323771116990605,3.2377111699060495e-05,1.545294574807214,-0.013289954122904901
2011-01-21,0.0014485087996997871,0.001428536472102705,0.019972327597082135,1.9972327597082136e-05,1.5475020844674685,-0.011880402834979376
2011-01-28,0.016096816729910774,0.015900575230397545,0.19624149951322983,0.00019624149951322984,1.5721082577807406,0.0
2011-02-04,0.008575031360582738,0.008562051926883434,0.012979433699302968,1.2979433699302968e-05,1.5855687303185415,0.0
2011-02-11,0.011120636561317516,0.01108741043017618,0.03322613114133703,3.322613114133703e-05,1.6031485815968365,0.0
2011-02-18,-0.005588599388127195,-0.0056084475217604525,0.01984813363325716,1.984813363325716e-05,1.5941574069073658,-0.0056084475217604846
2011-02-25,0.009384827820994038,0.009269484387174341,0.11534343381969697,0.00011534343381969697,1.608934424101392,0.0
2011-03-04,-0.01824340014901259,-0.0182608427259662,0.017442576953609616,1.7442576953609617e-05,1.5795539256264837,-0.018260842725966175
2011-03-11,-0.011472632198240898,-0.01149596600187586,0.023333803634963415,2.3333803634963417e-05,1.561395427399352,-0.029546882700698718
2011-03-18,0.022088116620766277,0.022067251276187402,0.020865344578873606,2.0865344578873607e-05,1.5958511326372635,-0.008131649909495664
2011-03-25,0.010978250277659871,0.010690080393860532,0.28816988379933955,0.00028816988379933955,1.6129109095417893,0.0
2011-04-01,-0.0002576491421851544,-0.0002883596920982329,0.0307105499130785,3.07105499130785e-05,1.6124458110485318,-0.0002883596920982834
2011-04-08,0.00036414925073890075,0.0003514681802172175,0.01268107052168323,1.2681070521683231e-05,1.61301253444344,0.0
2011-04-15,0.012093830758338224,0.01207140812527274,0.022422633065482908,2.242263306548291e-05,1.6324838670578872,0.0
2011-04-22,0.015205791696171846,0.015180042077071606,0.02574961910023932,2.5749619100239323e-05,1.6572650408499665,0.0
2011-04-29,-0.027546338215835093,-0.027794765388889774,0.2484271730546801,0.0002484271730546801,1.6112017478523328,-0.02779476538888981
2011-05-06,-0.0042546316814816776,-0.00428764732670107,0.033015645219392806,3.301564521939281e-05,1.6042934829853777,-0.0319632385640749
2011-05-13,0.003856465182837113,0.003824957830624269,0.031507352212844,3.1507352212844e-05,1.610429837905742,-0.02826053877308843
2011-05-20,0.007841507659297649,0.007818146707888681,0.023360951408967875,2.3360951408967874e-05,1.6230204146412504,-0.02066333710337187
2011-05-27,-0.003839085796833598,-0.0041803933426479535,0.3413075458143551,0.0003413075458143551,1.6162355509049022,-0.024757349569155984
2011-06-03,-0.021376262776465572,-0.021402643423581225,0.026380647115650795,2.6380647115650797e-05,1.5816438377203692,-0.04563012026779567
2011-06-10,-0.004593525987641749,-0.0046348869275413904,0.041360939899641375,4.1360939899641377e-05,1.5743130973728925,-0.05005351674740588
2011-06-17,-0.0010151749420684736,-0.0010468069591292573,0.03163201706078371,3.163201706078371e-05,1.572665095466714,-0.05104792733687513
2011-06-24,0.03650608788787999,0.036306943737943694,0.19914414993629928,0.00019914414993629927,1.629763758606452,-0.016594377824689976
2011-07-01,0.007425208688917241,0.0073934337596981555,0.031774929219085715,3.1774929219085715e-05,1.6418133089996654,-0.009323633498222073
2011-07-08,-0.012045429628756477,-0.012073453465726918,0.028023836970441203,2.8023836970441205e-05,1.6219909524140468,-0.021284518508776773
2011-07-15,0.017697639186061723,0.01766555693260669,0.032082253455035716,3.2082253455035716e-05,1.65064432592809,-0.003994964449669958
2011-07-22,-0.020417128090177067,-0.020442268730972844,0.025140640795777935,2.5140640795777937e-05,1.6169014110382125,-0.024355567043791937
2011-07-29,-0.04347829848576021,-0.04374869448037988,0.27039599461967395,0.00027039599461967394,1.5461640852018066,-0.06703873726267662
2011-08-05,0.010880681573970884,0.01083876206620342,0.04191950776746415,4.191950776746415e-05,1.562922589836618,-0.05692659211888218
2011-08-12,-0.00380002975920493,-0.003826364792148458,0.026335032943527688,2.6335032943527688e-05,1.5569422778660136,-0.06053513500320995
2011-08-19,0.01934212284174586,0.019329882638384407,0.012240203361454458,1.2240203361454458e-05,1.5870377893719023,-0.04237538941993646
2011-08-26,0.005671977801152004,0.005100289685823529,0.5716881153284747,0.0005716881153284747,1.595132141840048,-0.037491226495704244
2011-09-02,-0.0031663952260304017,-0.0031882729366142022,0.021877710583800454,2.1877710583800453e-05,1.590046425201896,-0.040559967169521594
2011-09-09,0.00190035240501602,0.0018512989742856091,0.049053430730410796,4.90534307304108e-05,1.5929900765179388,-0.038783756820854
2011-09-16,-0.01522412147432579,-0.015236116295269218,0.011994820943426961,1.1994820943426962e-05,1.5687190944549017,-0.05342895928683322
2011-09-23,-0.0032985453805468557,-0.0033128352027550108,0.014289822208155084,1.4289822208155084e-05,1.5635221866155575,-0.05656479315241625
2011-09-30,-0.0012467441371956929,-0.0013361835025652539,0.08943936536956094,8.943936536956095e-05,1.561433034063907,-0.05782539571154521
2011-10-07,0.0032257253568403602,0.0032113576288294262,0.01436772801093416,1.436772801093416e-05,1.5664473539497545,-0.054799736108374075
2011-10-14,-0.0016570149369834462,-0.0016634991767173794,0.006484239733933115,6.484239733933115e-06,1.563841570066088,-0.056372075969190916
2011-10-21,0.007816233921341627,0.007801203612772652,0.015030308568975408,1.5030308568975408e-05,1.5760414165722914,-0.04901064239912867
2011-10-28,0.00522731785208827,0.0051829373823724925,0.044380469715777644,4.4380469715777645e-05,1.584209940546411,-0.04408172410738087
2011-11-04,-0.0014466716329532155,-0.0014564401744637547,0.009768541510539179,9.768541510539179e-06,1.5819026335442143,-0.04547396188789499
2011-11-11,-0.0022693605557021833,-0.0022779146139344855,0.008554058232302285,8.554058232302286e-06,1.5782991944174425,-0.04764829069949161
2011-11-18,-0.004123760861942938,-0.004139286908065555,0.015526046122616766,1.5526046122616767e-05,1.57176616122498,-0.05159034766167303
2011-11-25,0.01665791537242165,0.016187634150537037,0.47028122188461374,0.00047028122188461373,1.5972093368130842,-0.03623783918478207
2011-12-02,-0.006724531530025245,-0.006733323942341699,0.008792412316454362,8.792412316454362e-06,1.586454808944589,-0.04272716201692217
2011-12-09,-0.005085602035873744,-0.005108516483094857,0.022914447221112882,2.2914447221112883e-05,1.5783503784034103,-0.047617406088577674
2011-12-16,-0.0022189305941400362,-0.0022526087226352413,0.03367812849520482,3.3678128495204824e-05,1.574794972573644,-0.04976275142690856
2011-12-23,0.0013476115477388752,0.001315626188438085,0.031985359300790175,3.1985359300790176e-05,1.5768668140809827,-0.04851259441745648
2011-12-30,0.002172657843114918,0.001948805855750433,0.22385198736448486,0.00022385198736448486,1.5799398213620022,-0.04665833018978449
2012-01-06,0.00900326641068403,0.008987327553415752,0.01593885726827661,1.5938857268276612e-05,1.5941392580512677,-0.038090336332879726
2012-01-13,-0.00045390965705039495,-0.0004721673739530065,0.018257716902611555,1.8257716902611556e-05,1.5933865575040782,-0.03854451869275344
2012-01-20,0.01572120418280394,0.015705898967929767,0.015305214874173481,1.530521487417348e-05,1.6184121257930946,-0.023443996041179638
2012-01-27,0.001176003671490929,0.0010228020049919781,0.15320166649895078,0.00015320166649895078,1.6200674409602591,-0.022445172602343577
2012-02-03,-0.0032998769111377995,-0.003311487377747694,0.011610466609894472,1.1610466609894471e-05,1.6147026080784193,-0.025682333074327213
2012-02-10,0.0011550282031311063,0.0011186257014414224,0.036402501689684064,3.640250168968407e-05,1.6165088559160004,-0.024592436290735598
2012-02-17,0.010209843403864965,0.010185639552504127,0.02420385136083746,2.4203851360837458e-05,1.6329740324557915,-0.014657286430006855
2012-02-24,-0.004795068938785083,-0.004922990523090671,0.12792158430558823,0.00012792158430558823,1.6249349167695586,-0.019508119270908342
2012-03-02,-0.004016078144775421,-0.004056279731667023,0.04020158689160253,4.020158689160253e-05,1.6183437262013882,-0.023485268613773758
2012-03-09,-0.009981201657787628,-0.010025632033420707,0.044430375633078244,4.4430375633078245e-05,1.6021188074988981,-0.03327544598586685
2012-03-16,0.0021971601230616877,0.0021671333089785466,0.030026814083140986,3.0026814083140987e-05,1.6055908125315699,-0.03118042500425544
2012-03-23,0.003548276816594187,0.0035193986139514088,0.028878202642778277,2.8878202642778277e-05,1.6112415266117666,-0.027770762734846355
2012-03-30,-0.0059882443645756355,-0.006215504436372784,0.22726007179714922,0.00022726007179714922,1.601226847755043,-0.03381365787223922
2012-04-06,-0.0005574654137731289,-0.0006021695909149885,0.04470417714185963,4.4704177141859636e-05,1.6002626376391684,-0.0343954659066259
2012-04-13,0.005503652263284889,0.005442905147875017,0.060747115409871766,6.074711540987177e-05,1.6089727153875268,-0.02913977201719764
2012-04-20,0.013550664488467147,0.01347864352775477,0.0720209607123764,7.202096071237641e-05,1.630659485064119,-0.016053893088942672
2012-04-27,-0.010556783489083168,-0.010697721463152064,0.14093797406889572,0.00014093797406889572,1.613215144091656,-0.026579874475429976
2012-05-04,-0.003220256521674645,-0.0032403035207329025,0.02004699905825759,2.0046999058257588e-05,1.6079878373805563,-0.02973405113531946
2012-05-11,-0.025339489640969805,-0.025373551318970813,0.03406167800100959,3.4061678001009595e-05,1.5671874754684998,-0.0543531439818874
2012-05-18,0.0070805566893366685,0.007026753092415747,0.05380359692092108,5.380359692092108e-05,1.5781997149081433,-0.047708317012028933
2012-05-25,-0.001370676677902311,-0.0015906718547979701,0.21999517689565917,0.00021999517689565918,1.5756893170403887,-0.04922310058971602
2012-06-01,0.01213678217563217,0.012124374512818857,0.01240766281331287,1.240766281331287e-05,1.594793564436034,-0.03769552538312915
2012-06-08,0.005261067590962006,0.005240275148526104,0.020792442435902756,2.0792442435902758e-05,1.6031507215187775,-0.03265278515947889
2012-06-15,-0.0021050346175671133,-0.002114159196425013,0.009124578857899591,9.124578857899591e-06,1.5997614056776233,-0.03469791116987009
2012-06-22,0.011172788826164806,0.011132769958450257,0.040018867714549655,4.0018867714549656e-05,1.6175711813954392,-0.023951425074512755
2012-06-29,0.009448202924142576,0.00915886178221945,0.28934114192312543,0.0002893411419231254,1.6323862922687413,-0.015011931084038088
2012-07-06,0.006688158326875875,0.006646775080063018,0.041383246812857606,4.138324681285761e-05,1.6432363967972297,-0.008464936933407996
2012-07-13,0.0028114353956646167,0.002784023648795888,0.027411746868728566,2.7411746868728568e-05,1.6478112057864753,-0.005704479869220291
2012-07-20,0.00085108830694488,0.0008452544953799908,0.005833811564889171,5.833811564889171e-06,1.6492040256157041,-0.00486404711109345
2012-07-27,0.002929975631611997,0.00278501432871761,0.144961302894387,0.000144961302894387,1.6537970824580226,-0.00209257922327577
2012-08-03,-0.003884948003470534,-0.003902178558590253,0.01723055511971933,1.723055511971933e-05,1.647343670942596,-0.0059865921640887
2012-08-10,-0.004290433576180903,-0.004349451073596959,0.05901749741605566,5.901749741605566e-05,1.6401786302444314,-0.0103100048479704
2012-08-17,0.008850930782171685,0.008837033389553751,0.01389739261793333,1.389739261793333e-05,1.654672943564734,-0.0015640813155046729
2012-08-24,0.006995737974329085,0.006942761554057787,0.05297642027129877,5.2976420271298776e-05,1.666160943261855,0.0
2012-08-31,0.006703995857723111,0.006483453998628553,0.22054185909455803,0.00022054185909455804,1.6769634210918045,0.0
2012-09-07,0.0038296708875030392,0.0038107673579354895,0.01890352956754972,1.8903529567549722e-05,1.683353938557353,0.0
2012-09-14,-0.0036226884853820646,-0.0036431946601634606,0.020506174781395756,2.0506174781395757e-05,1.6772211524772358,-0.0036431946601634957
2012-09-21,-0.006403280669934473,-0.00642387018878883,0.02058951885435669,2.058951885435669e-05,1.6664469015158312,-0.010043661439382956
2012-09-28,0.005731189065000361,0.0055872289286434465,0.14396013635691465,0.00014396013635691466,1.6757577218520285,-0.004512548746483214
2012-10-05,-0.01005666627008526,-0.010066601646978372,0.009935376893110557,9.935376893110558e-06,1.6588885364092962,-0.014533724362818079
2012-10-12,0.0015686538940122747,0.001558107367806513,0.010546526205761693,1.0546526205761693e-05,1.6614732628602455,-0.012998262098022795
2012-10-19,-0.011112453476174424,-0.01113263776251627,0.02018428634184609,2.018428634184609e-05,1.6429766828727164,-0.023986194917059667
2012-10-26,0.003303404313318698,0.0031673661403422444,0.13603817297645374,0.00013603817297645375,1.648180591587419,-0.020894801838333477
2012-11-02,-0.013448153882407544,-0.01349588264861931,0.04772876621176693,4.772876621176693e-05,1.6259369397396233,-0.03410869069337641
2012-11-09,-0.012288925706511428,-0.012312113695615736,0.02318798910430809,2.3187989104308088e-05,1.6059182192756476,-0.04600085431116674
2012-11-16,0.022715897936772204,0.022663213461151126,0.05268447562107831,5.268447562107831e-05,1.6423134866802431,-0.024380168030665006
2012-11-23,0.005716926344585359,0.005672458688031389,0.044467656553970725,4.446765655397072e-05,1.6516294420862336,-0.018846004838594776
2012-11-30,0.003928744805565399,0.003685713069182915,0.2430317363824838,0.0002430317363824838,1.6577168743063782,-0.015229752735747337
2012-12-07,0.00036920823902953303,0.00035183710757690775,0.01737113145262526,1.737113145262526e-05,1.6583001206166155,-0.01488327402032208
2012-12-14,0.008811319748395257,0.008776585539220338,0.03473420917491814,3.473420917491814e-05,1.6728543334749066,-0.006237312808644813
2012-12-21,-0.00566151879621018,-0.005684802462518387,0.023283666308207343,2.3283666308207343e-05,1.663344487040534,-0.011886657379948984
2012-12-28,0.01748835294811202,0.017350913510889427,0.1374394372225961,0.0001374394372225961,1.692205033373989,0.0
2013-01-04,0.005587086305330651,0.005559218125805972,0.02786817952467925,2.7868179524679253e-05,1.7016123702681019,0.0
2013-01-11,0.0036088040153942126,0.003589569402960779,0.019234612433433853,1.9234612433433854e-05,1.707720425968116,0.0
2013-01-18,0.006630072043474298,0.00660079775490204,0.029274288572258104,2.9274288572258104e-05,1.7189927431218468,0.0
2013-01-25,0.001962528060536125,0.0017510626241939915,0.2114654363421336,0.0002114654363421336,1.722002807065588,0.0
2013-02-01,-0.006064701166795672,-0.00609275449840999,0.028053331614317552,2.8053331614317553e-05,1.7115110667165645,-0.006092754498409958
2013-02-08,-0.0008118921834216495,-0.0008787598262231701,0.06686764280152055,6.686764280152056e-05,1.7100070595489976,-0.006966160256748899
2013-02-15,-0.0007785918501887225,-0.0007906547742742586,0.012062924085536116,1.2062924085536116e-05,1.7086550343033224,-0.0077513072031578645
2013-02-22,-0.002119110119399131,-0.002331556165314617,0.21244604591548566,0.00021244604591548567,1.7046712091236966,-0.010064790760373699
2013-03-01,0.01678431771259138,0.016769649204424246,0.014668508167136414,1.4668508167136415e-05,1.7332579473095828,0.0
2013-03-08,0.001059269595336679,0.001052991400005675,0.006278195331004069,6.2781953310040696e-06,1.7350830530220913,0.0
2013-03-15,-0.006487376406531915,-0.0065128448456027175,0.02546843907080254,2.546843907080254e-05,1.7237827263035237,-0.006512844845602772
2013-03-22,0.0022653226258922453,0.002239517017881775,0.025805608010470396,2.5805608010470395e-05,1.727643167054211,-0.004287913454587566
2013-03-29,-0.0024135693393095257,-0.0025515064597291357,0.1379371204196101,0.0001379371204196101,1.7232350743533653,-0.006828479275438504
2013-04-05,0.020487801890662183,0.020470296514685724,0.017505375976458876,1.7505375976458875e-05,1.758510207289885,0.0
2013-04-12,-0.014174342586726224,-0.014191970788336465,0.01762820161024048,1.762820161024048e-05,1.7335534817970355,-0.01419197078833645
2013-04-19,0.01909558603325185,0.019075526365023167,0.02005966822868442,2.005966822868442e-05,1.7666219269442325,0.0
2013-04-26,0.01774128104532868,0.017574286493271224,0.1669945520574551,0.0001669945520574551,1.7976690468136454,0.0
2013-05-03,0.005286904907547268,0.005265644427530208,0.021260480017059265,2.1260480017059267e-05,1.8071349328125434,0.0
2013-05-10,0.011675831127290657,0.011651344812709614,0.02448631458104313,2.448631458104313e-05,1.8281904850378352,0.0
2013-05-17,-0.021371760221473614,-0.021388698840755723,0.016938619282109504,1.6938619282109506e-05,1.789087869329826,-0.02138869884075567
2013-05-24,-0.021606150527701665,-0.02163737693108769,0.031226403386026252,3.122640338602625e-05,1.7503767007383,-0.042563280432960426
2013-05-31,0.0036269970218379102,0.0034362793204369877,0.19071770140092265,0.00019071770140092264,1.7563914839980217,-0.03927326043288515
2013-06-07,-0.008349584509991782,-0.008366998648669082,0.01741413867730058,1.741413867730058e-05,1.7416957588248765,-0.0473116597645834
2013-06-14,-0.023178162081083035,-0.023203467454062734,0.02530537297969796,2.530537297969796e-05,1.7012823779701043,-0.06941733266110095
2013-06-21,0.015613163257081564,0.015581819034981974,0.0313442220995897,3.1344222099589706e-05,1.7277914521110382,-0.0549171619415354
2013-06-28,0.012666984264734433,0.012418879395237779,0.24810486949665383,0.00024810486949665384,1.7492486857749279,-0.043180292157178335
2013-07-05,0.02362444197120846,0.023591260971830647,0.03318099937781316,3.318099937781316e-05,1.7905156680256762,-0.020607708726467444
2013-07-12,0.009328246533302885,0.009318152426883141,0.010094106419743804,1.0094106419743804e-05,1.8071999659430618,-0.011481582070666518
2013-07-19,-0.006227167459359045,-0.00623497076844129,0.0078033090822447046,7.803309082244705e-06,1.7959321269826787,-0.01764496551052175
2013-07-26,0.01004633979850797,0.009784319885538035,0.2620199129699348,0.00026201991296993484,1.813504101405792,-0.008033289611907857
2013-08-02,-0.006482365544213149,-0.0064861200615891,0.0037545173759512464,3.7545173759512466e-06,1.8017414960718898,-0.014467304792584623
2013-08-09,-0.014792165677605298,-0.014801242651872454,0.00907697426715696,9.07697426715696e-06,1.775073482992582,-0.029054413355703357
2013-08-16,0.005452036347070275,0.005442984178465477,0.00905216860479756,9.05216860479756e-06,1.7847351798761244,-0.023769571889447505
2013-08-23,-0.022853656679769865,-0.022867813301589227,0.014156621819361073,1.4156621819361074e-05,1.7439221889899388,-0.046093827058810266
2013-08-30,0.01673489208673245,0.01653315090794094,0.2017411787915091,0.0002017411787915091,1.772754717712216,-0.03032275234955717
2013-09-06,0.017318987491220017,0.01729870791986526,0.02027957135475749,2.0279571354757492e-05,1.8034210837874827,-0.01354858886591348
2013-09-13,0.015269312963916409,0.01526374559659851,0.0055673673178980344,5.567367317898035e-06,1.8309480444139568,0.0
2013-09-20,-0.0015887098782971841,-0.0016017349389522942,0.01302506065511001,1.302506065511001e-05,1.8280153509598125,-0.001601734938952326
2013-09-27,-0.0008249093749311115,-0.0009900625912016004,0.1651532162704889,0.0001651532162704889,1.826205501344685,-0.0025902117123097756
2013-10-04,0.006377645025176943,0.006350509697712687,0.02713532746425602,2.713532746425602e-05,1.837802837090991,0.0
2013-10-11,0.02011680013000153,0.020097556919542226,0.019243210459304882,1.9243210459304882e-05,1.8747381842163233,0.0
2013-10-18,0.0032955081848622175,0.0032836313253267724,0.011876859535445101,1.1876859535445102e-05,1.8808941332448024,0.0
2013-10-25,-0.00802589679966597,-0.008220676446788925,0.19477964712295476,0.00019477964712295476,1.8654319111447333,-0.008220676446788922
2013-11-01,-0.0036145260512273824,-0.0036319948096299425,0.017468758402559938,1.746875840255994e-05,1.8586566721257376,-0.01182281380223249
2013-11-08,0.01467570460379101,0.014658740778694208,0.01696382509680131,1.6963825096801307e-05,1.8859022384790192,0.0
2013-11-15,0.000527897067660244,0.0005191949558325711,0.008702111827672904,8.702111827672904e-06,1.8868813894084306,0.0
2013-11-22,0.005495806871830339,0.005485353756093076,0.010453115737262323,1.0453115737262323e-05,1.8972316013251243,0.0
2013-11-29,-0.004502715756660644,-0.0045628849172226794,0.06016916056203521,6.016916056203521e-05,1.8885747518669596,-0.004562884917222676
2013-12-06,-0.015348415589709754,-0.015361778763774323,0.013363174064569647,1.3363174064569647e-05,1.8595628843499294,-0.019854569652374088
2013-12-13,0.020489619603819575,0.0204593762855205,0.030243318299074968,3.024331829907497e-05,1.8976083811274325,0.0
2013-12-20,0.013395827901499922,0.013380095398747498,0.015732502752424226,1.5732502752424227e-05,1.9229985622963803,0.0
2013-12-27,-0.004589258571960868,-0.0047416007318682365,0.15234215990736874,0.00015234215990736873,1.9138804709060142,-0.004741600731868245
2014-01-03,0.007020764763262511,0.007013519546008478,0.0072452172540326265,7.245217254032627e-06,1.9273035089974373,0.0
2014-01-10,0.001197875579228946,0.0011906318223706344,0.007243756858311589,7.2437568583115895e-06,1.9295982178866162,0.0
2014-01-17,-0.018408090664446475,-0.018416611143602955,0.0085204791564792,8.5204791564792e-06,1.894061557844409,-0.018416611143602934
2014-01-24,-0.007020831392598003,-0.007028497488536284,0.007666095938281605,7.666095938281605e-06,1.8807491509419665,-0.02531566752696912
2014-01-31,0.006610056366224222,0.006446559334905779,0.16349703131844412,0.00016349703131844412,1.8928735119375872,-0.019032307144878913
2014-02-07,0.016766022009104566,0.01674509924643009,0.02092276267447471,2.092276267447471e-05,1.924569866755921,-0.0026059057704782562
2014-02-14,0.003378177945752802,0.0033666838171289184,0.011494128623883413,1.1494128623883414e-05,1.9310492849812622,0.0
2014-02-21,0.008300943831833647,0.008290250604395822,0.010693227437825348,1.0693227437825349e-05,1.9470581674831962,0.0
2014-02-28,0.0030317736935253155,0.0029203220788327935,0.11145161469252185,0.00011145161469252185,1.9527442044384689,0.0
2014-03-07,-0.011928288868384672,-0.011953123749627308,0.024834881242635838,2.483488124263584e-05,1.9294028113114483,-0.011953123749627315
2014-03-14,0.0030305101344034226,0.0029926769169600245,0.037833217443398195,3.7833217443398196e-05,1.9351768905683777,-0.008996218670198397
2014-03-21,-0.0027785263561580097,-0.0028219349894571186,0.0434086332991091,4.34086332991091e-05,1.929715947190094,-0.011792766915417308
2014-03-28,0.002170731180285889,0.0020961713503126356,0.07455982997325336,7.455982997325336e-05,1.9337609624728354,-0.009721315225253657
2014-04-04,-0.012230166975462104,-0.012248596506836573,0.018429531374469527,1.8429531374469527e-05,1.9100751047028335,-0.02185083926438036
2014-04-11,0.011945179634296147,0.011901867013491453,0.04331262080469456,4.331262080469456e-05,1.9328085645847872,-0.010209038033946904
2014-04-18,0.00010496436694786213,8.046151606006358e-05,0.02450285088779855,2.450285088779855e-05,1.9329640812921476,-0.010129397952564512
2014-04-25,0.0074199291216558196,0.007191216181302362,0.2287129403534576,0.0002287129403534576,1.946864443871412,-0.003011024461725409
2014-05-02,-0.0039642761469860285,-0.003996507388517198,0.032231241531170116,3.2231241531170115e-05,1.9390837857370384,-0.006995498268734357
2014-05-09,0.0038041198898540133,0.003783025874961353,0.021094014892660086,2.1094014892660088e-05,1.9464193898721998,-0.0032389365447318408
2014-05-16,0.00518997945278539,0.005171453894827116,0.018525557958273597,1.8525557958273598e-05,1.9564852080069213,0.0
2014-05-23,0.004511266497584454,0.004493536948583313,0.01772954900114138,1.772954900114138e-05,1.9652767465784569,0.0
2014-05-30,0.006760837091727589,0.006633221137568471,0.12761595415911703,0.00012761595415911704,1.9783128618350327,0.0
2014-06-06,-0.0029634573620987356,-0.0029828466326753673,0.01938927057663185,1.938927057663185e-05,1.9724118579767298,-0.00298284663267534
2014-06-13,0.007029711611340071,0.007003751934587003,0.025959676753067255,2.5959676753067255e-05,1.9862261413428366,0.0
2014-06-20,0.0005879866022008045,0.0005616560200255683,0.026330582175236206,2.6330582175236205e-05,1.987341717212254,0.0
2014-06-27,0.003468671462495561,0.0031386704900304516,0.3300009724651095,0.0003300009724651095,1.9935793280136747,0.0
2014-07-04,-0.00465807689941996,-0.0046957784146848,0.037701515264840016,3.7701515264840015e-05,1.9842179212372262,-0.004695778414684826
2014-07-11,0.0054703763982072075,0.005460275114903691,0.010101283303516367,1.0101283303516367e-05,1.995052296975104,0.0
2014-07-18,0.003421344065166368,0.0033982522210221733,0.023091844144195014,2.3091844144195015e-05,2.001831987874355,0.0
2014-07-25,-0.018831326926565976,-0.01893884376273697,0.10751683617099539,0.00010751683617099539,1.9639196046167533,-0.018938843762737023
2014-08-01,-0.001200056907783097,-0.001214076708493889,0.014019800710791775,1.4019800710791776e-05,1.9615352555674335,-0.020129927262132807
2014-08-08,0.01348493872836567,0.013470323257231884,0.014615471133784988,1.4615471133784988e-05,1.9879577695403838,-0.006930760632266386
2014-08-15,0.0056129822926304345,0.005586391482935319,0.026590809695115392,2.6590809695115394e-05,1.9990632798925791,-0.0013830870914974813
2014-08-22,0.007030483861789526,0.007018552476587135,0.011931385202390926,1.1931385202390926e-05,2.0130938104265237,0.0
2014-08-29,0.0041945745094553516,0.003805432628408934,0.3891418810464178,0.0003891418810464178,2.020754503296769,0.0
2014-09-05,-0.03164239143943306,-0.03165091467692308,0.00852323749002323,8.52323749002323e-06,1.9567957749299147,-0.03165091467692305
2014-09-12,0.0019003226094136938,0.0018772404725679991,0.023082136845694705,2.3082136845694705e-05,1.9604691511551633,-0.029833090582380373
2014-09-19,-0.009764499909194379,-0.009778084466517165,0.01358455732278651,1.358455732278651e-05,1.941299518201167,-0.0393194645692857
2014-09-26,-0.0019772738143222423,-0.0020688956421126585,0.09162182779041597,9.162182779041598e-05,1.937283172087925,-0.04130701234250078
2014-10-03,-0.0018193353337555168,-0.001825737521526483,0.006402187770966329,6.40218777096633e-06,1.9337462015108224,-0.043057334101691436
2014-10-10,0.004901260582134671,0.004884502453382977,0.016758128751694218,1.6758128751694217e-05,1.943191589576322,-0.0383831453023642
2014-10-17,0.01913538439060749,0.019101234052745795,0.03415033786169521,3.4150337861695215e-05,1.9803089469381467,-0.020015076691719424
2014-10-24,0.017046136660870084,0.01702362509757938,0.022511563290706638,2.251156329070664e-05,2.014020984028204,-0.003332180756039027
2014-10-31,0.0010825072769199617,0.0008340752215588419,0.24843205536111979,0.0002484320553611198,2.0157008290266814,-0.0025008848238826653
2014-11-07,0.0018337318547783465,0.001811794948114643,0.021936906663703522,2.193690666370352e-05,2.0193528656056223,-0.0006936209662578019
2014-11-14,0.008062885331370659,0.008020790066982057,0.04209526438860178,4.209526438860179e-05,2.0355496710118035,0.0
2014-11-21,0.0073558120653321865,0.007335996670129894,0.019815395202292384,1.9815395202292386e-05,2.05048245662023,0.0
2014-11-28,-0.00401584796988977,-0.004228436227561073,0.2125882576713021,0.0002125882576713021,2.0418121223166787,-0.004228436227561083
2014-12-05,-0.004011007173262988,-0.004034091684047767,0.02308451078477921,2.308451078477921e-05,2.033575265013653,-0.008245470012186673
2014-12-12,0.015164005923824535,0.015142225526606325,0.02178039721821073,2.178039721821073e-05,2.064368120301818,0.0
2014-12-19,0.004038114247474727,0.004028001567901165,0.01011267957356219,1.011267957356219e-05,2.0726833983271185,0.0
2014-12-26,0.0016894572795758552,0.001492454565401661,0.19700271417419418,0.0001970027141741942,2.075776784127584,0.0
2015-01-02,0.013806251549235453,0.013798432898022541,0.007818651212912121,7.818651212912122e-06,2.1044192507946415,0.0
2015-01-09,0.0055720710490038475,0.005550090567882103,0.021980481121744742,2.1980481121744742e-05,2.116098968229346,0.0
2015-01-16,0.01032663227948955,0.010317717644296844,0.008914635192706653,8.914635192706653e-06,2.1379322798909244,0.0
2015-01-23,-0.0046549514156607585,-0.00466226625616374,0.007314840502981888,7.314840502981889e-06,2.1279646703644257,-0.004662266256163727
2015-01-30,-0.00919342014549479,-0.009386766790310221,0.19334664481543049,0.0001933466448154305,2.1079899622656955,-0.014005269440413026
2015-02-06,0.001812422621984233,0.0017987452437099169,0.013677378274316162,1.3677378274316162e-05,2.111781699184109,-0.012231716108496049
2015-02-13,-0.003285177060231301,-0.003294884593198447,0.009707532967145792,9.707532967145793e-06,2.1048236221992687,-0.01548629860874029
2015-02-20,0.0027741646422685647,0.0027627496614963457,0.011414980772219151,1.1414980772219152e-05,2.1106387229490093,-0.012766333713483013
2015-02-27,-0.02481608993732717,-0.024966541177168143,0.15045123984097142,0.00015045123984097142,2.0579433743623774,-0.03741414369431195
2015-03-06,0.007906924915245455,0.007877019843051438,0.029905072194017026,2.9905072194017026e-05,2.0741538351581057,-0.029831835803551532
2015-03-13,0.03286801099712821,0.03284489760156364,0.023113395564571423,2.3113395564571425e-05,2.142279205483764,0.0
2015-03-20,-0.016208004196241004,-0.016236449797941453,0.02844560170044961,2.844560170044961e-05,2.107496196710753,-0.016236449797941588
2015-03-27,0.006172779763375725,0.006075410889261141,0.09736887411458416,9.736887411458416e-05,2.1203001020533256,-0.010259682012585869
2015-04-03,0.0005638148166506327,0.0005449025965433021,0.018912220107330683,1.8912220107330682e-05,2.1214554590843857,-0.009720369943410745
2015-04-10,-0.0024692835381638343,-0.002487828987724625,0.018545449560790534,1.8545449560790534e-05,2.116177640697109,-0.012184016313018686
2015-04-17,0.007977875096677297,0.007958323748663934,0.019551348013361662,1.9551348013361662e-05,2.1330188674714607,-0.004322656910732636
2015-04-24,-0.02082797733960026,-0.0209302174738815,0.10224013428124303,0.00010224013428124302,2.088374318699391,-0.0251624002354075
2015-05-01,-0.000438974746657716,-0.0004593537475284437,0.020379000870727713,2.0379000870727714e-05,2.087415016129854,-0.02561019554009103
2015-05-08,0.0028517388235377995,0.0028335943765699827,0.0181444469678168,1.81444469678168e-05,2.0933299035811275,-0.0228491700695862
2015-05-15,-0.003522585390618259,-0.003547012947027807,0.02442755640954764,2.442755640954764e-05,2.085904835310725,-0.026315136714548326
2015-05-22,-0.002223029407682214,-0.002238526298866568,0.015496891184354107,1.5496891184354108e-05,2.081235482479949,-0.028494755887821133
2015-05-29,-0.013547954915059703,-0.013759178221195175,0.2112233061354734,0.0002112233061354734,2.052599392556232,-0.04186186968438643
2015-06-05,0.0015376266471117295,0.0015084973206222546,0.029129326489474916,2.9129326489474916e-05,2.055695733240214,-0.04041652088201919
2015-06-12,0.006613982114595709,0.006599373372934484,0.014608741661224976,1.4608741661224976e-05,2.0692620369250148,-0.03408387122082002
2015-06-19,-0.006185245190426937,-0.006217633270691792,0.0323880802648547,3.23880802648547e-05,2.05639612443845,-0.040089583479815394
2015-06-26,-0.009360604190546315,-0.009709203478085474,0.34859928753915925,0.00034859928753915926,2.0364301560347307,-0.049409549034543754
2015-07-03,-0.0026139194908325713,-0.0026413437777879885,0.027424286955417158,2.7424286955417158e-05,2.0310512439131885,-0.051920385207426034
2015-07-10,0.01902743182696729,0.019009560525879703,0.017871301087587853,1.7871301087587854e-05,2.0696606354655196,-0.03389780838667378
2015-07-17,-0.015118322963087046,-0.015129865599526395,0.011542636439348627,1.1542636439348628e-05,2.0383469482142957,-0.048514804701191405
2015-07-24,0.008483523770215357,0.008460564947098128,0.022958823117229236,2.2958823117229235e-05,2.055592514954382,-0.04046470241016342
2015-07-31,-0.007185560170561561,-0.007328645753918174,0.1430855833566131,0.00014308558335661309,2.0405278055978755,-0.04749679669457996
2015-08-07,0.0012712343363746436,0.0012570154411818669,0.01421889519277678,1.4218895192776779e-05,2.0430927805576733,-0.046299485460249645
2015-08-14,-0.03904463219275651,-0.03904943412009255,0.004801927336037597,4.801927336037597e-06,1.9633111636220497,-0.08354095087306801
2015-08-21,0.007414495291276866,0.0073784580949652215,0.03603719631164428,3.603719631164428e-05,1.9777973727702123,-0.07677889618333333
2015-08-28,-0.007881003455932489,-0.00838152085156127,0.5005173956287797,0.0005005173956287798,1.9612204228501755,-0.0845168931155742
2015-09-04,0.003545249480852475,0.0035143082633025957,0.030941217549879226,3.094121754987923e-05,1.9681127559883558,-0.08129960326813634
2015-09-11,0.0009873435350125455,0.0009681340683513809,0.019209466661164507,1.9209466661164506e-05,1.9700181529977852,-0.08041017811545215
2015-09-18,-0.003083253239159098,-0.003088714651285819,0.005461412126720827,5.461412126720827e-06,1.9639333290653218,-0.0832505286714803
2015-09-25,0.003620933274548579,0.0034791416077243438,0.14179166682423508,0.0001417916668242351,1.9707661312252698,-0.0800610274419219
2015-10-02,0.003531436180000373,0.0035055409642499057,0.025895215750467163,2.5895215750467163e-05,1.9776747326292363,-0.0768361436890096
2015-10-09,0.00233224644973471,0.0023087917829761394,0.023454666758570813,2.3454666758570813e-05,1.98224077180133,-0.07470475056321835
2015-10-16,0.0029985050619836377,0.0029732041194370454,0.025300942546592126,2.5300942546592125e-05,1.9881343782297658,-0.07195365891589733
2015-10-23,-0.001209477451963766,-0.0012227001782739832,0.013222726310217307,1.3222726310217308e-05,1.9857034859710716,-0.07308838134258733
2015-10-30,-0.004478334241692158,-0.005019655059981581,0.5413208182894231,0.0005413208182894232,1.9757359394200937,-0.07774115793933678
2015-11-06,-0.01293331386051802,-0.01295885869113831,0.025544830620289713,2.5544830620289714e-05,1.9501326565701453,-0.08969257995025381
2015-11-13,0.01675247268851094,0.016705494381282885,0.04697830722805607,4.6978307228056075e-05,1.9827105867072343,-0.07448544445937255
2015-11-20,0.0042829133607665305,0.00425522166834059,0.027691692425940495,2.7691692425940495e-05,1.9911474597578394,-0.07054717486827145
2015-11-27,-0.0011999433725210945,-0.001329758214543098,0.12981484202200363,0.00012981484202200365,1.9884997150668597,-0.0717831223975206
2015-12-04,-0.012353624258134709,-0.012394209623998911,0.04058536586420231,4.0585365864202316e-05,1.9638538327610588,-0.08328763695505959
2015-12-11,0.0015080392812268865,0.0014901354048474594,0.017903876379426944,1.7903876379426946e-05,1.9667802408872017,-0.08192161140682486
2015-12-18,0.01128021666947701,0.0112485248936524,0.03169177582460943,3.169177582460943e-05,1.9889036173871653,-0.0715945837984101
2015-12-25,-0.0013583915270822134,-0.0018345071926523294,0.476115665570116,0.000476115665570116,1.9852549593955762,-0.07329775021212936
2016-01-01,-0.011954340441940846,-0.011965922931106897,0.011582489166051185,1.1582489166051185e-05,1.961499551552851,-0.08438659791317438
2016-01-08,-0.005862814621268543,-0.005879250404149849,0.016435782881306028,1.6435782881306028e-05,1.9499674045216442,-0.0897697183774383
2016-01-15,0.003014021012626835,0.0029619109141383556,0.052110098488479153,5.211009848847915e-05,1.955743034259311,-0.08707369737192117
2016-01-22,0.004265459709011494,0.004243328824741758,0.02213088426973588,2.2130884269735878e-05,1.9640418950503713,-0.08319985087711457
2016-01-29,-0.0045802847495033635,-0.004706295672556463,0.12601092305309944,0.00012601092305309944,1.9547985331789761,-0.08751458345153074
2016-02-05,-0.0009113674007894067,-0.0009338503593090622,0.022482958519655462,2.2482958519655462e-05,1.9529730438663901,-0.08836670828563886
2016-02-12,0.003277936607160684,0.003225295563447051,0.05264104371363301,5.2641043713633014e-05,1.959271959160304,-0.08542642147438184
2016-02-19,0.0011488243914639948,0.0011447651876598309,0.00405920380416399,4.05920380416399e-06,1.9615148654923091,-0.08437944948013221
2016-02-26,0.0026152782494771112,0.002504840017331738,0.11043823214537346,0.00011043823214537347,1.9664281464219855,-0.08208596648449862
2016-03-04,-0.0001480985614621432,-0.0001589504855174247,0.010851924055281488,1.085192405528149e-05,1.9661155817133766,-0.08223186936578908
2016-03-11,0.003288149337888195,0.0032796616278187927,0.00848771006940238,8.48771006940238e-06,1.9725637755425787,-0.07922190044451305
2016-03-18,-0.0021130115814822757,-0.0021175345669670353,0.0045229854847597785,4.522985484759778e-06,1.9683868035623202,-0.08117167989882812
2016-03-25,0.007769841665195591,0.007264210384244491,0.5056312809510992,0.0005056312809510992,1.9826855794209672,-0.07449711767461131
2016-04-01,0.0035033156572452377,0.003494335774111385,0.00897988313385244,8.979883133852441e-06,1.9896137485699525,-0.07126309984385859
2016-04-08,0.0015393779350602245,0.0015166414473208871,0.02273648773933749,2.273648773933749e-05,1.9926312792451932,-0.06985453896742544
2016-04-15,-0.006341946540924223,-0.006362384364188985,0.02043782326476159,2.043782326476159e-05,1.9799533931505298,-0.07577248190512043
2016-04-22,0.013047202921867803,0.013024892798550866,0.02231012331693696,2.2310123316936962e-05,2.0057420738424425,-0.06373451756046389
2016-04-29,0.007034408131106814,0.006828755931825908,0.2056521992809058,0.0002056521992809058,2.0194387969269068,-0.05734098909349106
2016-05-06,-0.0029282219651045396,-0.0029410700238778793,0.012848058773339579,1.284805877333958e-05,2.013499486016209,-0.06011341525320657
2016-05-13,-0.012865535045903277,-0.012876552025613663,0.01101697971038741,1.1016979710387411e-05,1.9875725551309749,-0.07221591375987502
2016-05-20,0.0008190505121254338,0.0007950282890869803,0.024022223038453534,2.4022223038453535e-05,1.9891527315389168,-0.07147829916514947
2016-05-27,0.014769341009783292,0.014632226843630502,0.13711416615278946,0.00013711416615278947,2.0182584655334215,-0.05789195900930033
2016-06-03,0.008673390096729447,0.008655223805253624,0.018166291475822043,1.8166291475822043e-05,2.0357269442494608,-0.04973780306579689
2016-06-10,0.004675210380436534,0.004661644255150157,0.013566125286376919,1.3566125286376919e-05,2.0452167790641758,-0.04530801875457213
2016-06-17,0.0018703590720282335,0.001861719066724889,0.008640005303344522,8.640005303344522e-06,2.0490243981373455,-0.043530650490238076
2016-06-24,0.028267374967495026,0.02822372353698378,0.043651430511248424,4.365143051124842e-05,2.1068554962709083,-0.016535523998075896
2016-07-01,0.01053332316100507,0.010512949201169675,0.020373959835394324,2.0373959835394325e-05,2.1290047610774097,-0.00619641192071263
2016-07-08,-0.01059662145353519,-0.010617375641924935,0.020754188389743848,2.075418838974385e-05,2.1064003177856043,-0.01674799792964321
2016-07-15,0.0031929882579162377,0.0031628831364864025,0.030105121429835117,3.0105121429835117e-05,2.1130626158294183,-0.013638086753378187
2016-07-22,0.00779922816376808,0.007775093188340365,0.024134975427714575,2.4134975427714576e-05,2.1294918745802907,-0.005969030960455868
2016-07-29,-0.012887999505435007,-0.013037942904105745,0.14994339867073908,0.0001499433986707391,2.1017276811047556,-0.018929149979706406
2016-08-05,0.006989926935558711,0.006971244588243344,0.018682347315366294,1.8682347315366295e-05,2.116379338827618,-0.012089865125819221
2016-08-12,-0.0039204744583957165,-0.003940174783627244,0.01970032523152746,1.970032523152746e-05,2.1080404343241796,-0.015982403727740402
2016-08-19,-0.007119911437201684,-0.007199868696061275,0.07995725885959092,7.995725885959091e-05,2.0928628199910575,-0.023067201215514532
2016-08-26,0.007240059524929094,0.007169783382128735,0.0702761428003595,7.02761428003595e-05,2.1078681930589043,-0.016062804669333075
2016-09-02,-0.017381183958784536,-0.01742057597996951,0.03939202118497219,3.939202118497219e-05,2.0711479150459606,-0.03320355734010905
2016-09-09,-0.006412735570380515,-0.006445312838567695,0.03257726818718025,3.257726818718025e-05,2.0577987187985425,-0.03943486286426623
2016-09-16,0.022820828821753358,0.022798744519009692,0.0220843027436666,2.20843027436666e-05,2.104713946059976,-0.017535183708841107
2016-09-23,-0.004998150691162862,-0.0050353722837360015,0.03722159257313914,3.722159257313914e-05,2.094115927790793,-0.02248225981453944
2016-09-30,-0.019479269901518905,-0.019648778093500515,0.16950819198161013,0.00016950819198161012,2.0529691086235666,-0.04168928897390367
2016-10-07,-0.007262129915702489,-0.007325274387278867,0.06314447157637756,6.314447157637756e-05,2.037930546594292,-0.04870917788043805
2016-10-14,0.011014620547801446,0.01096486480557221,0.04975574222923692,4.975574222923692e-05,2.0602761795208444,-0.03827840262511528
2016-10-21,-0.0160144189352558,-0.016063362994957458,0.04894405970165977,4.894405970165977e-05,2.0271812153793367,-0.05372688574383855
2016-10-28,-0.007395903586922792,-0.007590024863141579,0.19412127621878658,0.0001941212762187866,2.011794859552514,-0.060909122208365085
2016-11-04,-0.014878670758163353,-0.014924841862343169,0.04617110417981529,4.6171104179815296e-05,1.9817691394142178,-0.07492490505377436
2016-11-11,0.0012633573475499553,0.0012171450070225184,0.04621234052743689,4.6212340527436894e-05,1.9841812398273269,-0.07379895452083984
2016-11-18,0.006615583486249379,0.006597525772349566,0.01805771389981225,1.805771389981225e-05,1.9972719266941004,-0.06768831925291385
2016-11-25,-0.0010684765905854335,-0.001382939980173651,0.3144633895882174,0.0003144633895882174,1.9945098194953965,-0.06897765035020198
2016-12-02,0.013681348149435897,0.013650515254387176,0.03083289504872057,3.083289504872057e-05,2.0217359062114433,-0.056268715564132044
2016-12-09,-0.010343954788275635,-0.01038129997215143,0.03734518387579544,3.734518387579544e-05,2.0007476593045928,-0.06606587312096468
2016-12-16,0.0008085571763181343,0.0007072275248786959,0.1013296514394384,0.0001013296514394384,2.00216264311959,-0.06540536920001216
2016-12-23,0.004304531010478099,0.004282282195279165,0.02224881519893343,2.224881519893343e-05,2.010736468558274,-0.06140317125273376
2016-12-30,0.013176340897370353,0.01297124831395574,0.20509258341461342,0.00020509258341461342,2.0368182305858697,-0.049228398720361666
2017-01-06,0.005992013761135544,0.005967733206557265,0.02428055457827954,2.428055457827954e-05,2.0489734183762582,-0.043554447463553525
2017-01-13,-0.0031122874004186605,-0.003143514092454764,0.031226692036103496,3.1226692036103494e-05,2.0425324415605273,-0.046561047536617495
2017-01-20,0.007865865138191225,0.007840190288727247,0.025674849463978345,2.5674849463978344e-05,2.0585462845732607,-0.03908590472061968
2017-01-27,0.004521837046436103,0.004201110465148152,0.320726581287951,0.000320726581287951,2.0671944649123737,-0.035048998458832914
2017-02-03,0.00857536584444041,0.00855597049194241,0.01939535249799985,1.939535249799985e-05,2.084881319755271,-0.026792906163476293
2017-02-10,0.003693637208757111,0.0036714662380036246,0.022170970753486594,2.2170970753486594e-05,2.092535891130997,-0.023219809175869965
2017-02-17,0.0026423637153283677,0.0026263671335772535,0.015996581751114083,1.5996581751114082e-05,2.098031658621294,-0.020654425785960107
2017-02-24,-0.00019288041352906948,-0.00024277082426860946,0.04989041073953998,4.989041073953998e-05,2.097522317746189,-0.020892182318255847
2017-03-03,-0.017010189338427212,-0.01702461222379657,0.014422885369358297,1.4422885369358298e-05,2.061812813655801,-0.03756111323957523
2017-03-10,0.011131730781855562,0.011123148861657932,0.008581920197631066,8.581920197631065e-06,2.084746664506968,-0.02685576223189079
2017-03-17,-0.007054459982846901,-0.007066993094273772,0.012533111426870917,1.2533111426870918e-05,2.070013774225587,-0.03373296583993035
2017-03-24,0.009549011436860901,0.009527077583310948,0.02193385354995247,2.193385354995247e-05,2.0897349560511564,-0.024527264839291685
2017-03-31,-0.0012677796284558402,-0.0014490295220947317,0.18124989363889146,0.00018124989363889145,2.086706868406485,-0.02594075363053805
2017-04-07,-0.006609553421326209,-0.006623687911823378,0.014134490497168776,1.4134490497168776e-05,2.072885173346702,-0.032392618086115155
2017-04-14,0.005317656671433298,0.005300391384372179,0.017265287061119284,1.7265287061119285e-05,2.0838722760603017,-0.02726392025556401
2017-04-21,0.013959289609322495,0.013941673341973625,0.01761626734887082,1.761626734887082e-05,2.1129249426195296,-0.013702351583815053
2017-04-28,0.004708659267871713,0.004567473708940481,0.14118555893123247,0.00014118555893123249,2.122575671743909,-0.009197463005484297
2017-05-05,0.0011578260922934587,0.0011408620579200094,0.01696403437344935,1.696403437344935e-05,2.124997237792866,-0.008067093984136187
2017-05-12,0.0005264399049795796,0.0005115195513774383,0.014920353602141355,1.4920353602141355e-05,2.1260842154266197,-0.007559700909054556
2017-05-19,0.009636466184585373,0.009604499285699888,0.03196689888548539,3.1966898885485385e-05,2.1465041897550226,0.0
2017-05-26,0.009630932536441067,0.009516916521500527,0.1140160149405403,0.0001140160149405403,2.1669322909419724,0.0
2017-06-02,-0.007046124285299123,-0.007055712457689172,0.009588172390049277,9.588172390049276e-06,2.151643039781804,-0.007055712457689212
2017-06-09,-0.003449484643321521,-0.003464699196642965,0.015214553321443697,1.5214553321443697e-05,2.14418824387041,-0.01049596573304823
2017-06-16,0.00461729610728292,0.004600709292712194,0.016586814570727124,1.6586814570727124e-05,2.154053030649309,-0.005943545327419808
2017-06-23,-0.004094179069888184,-0.004110844199183243,0.016665129295059134,1.6665129295059133e-05,2.145198054243531,-0.010029956537771278
2017-06-30,-0.005298498193808367,-0.0055969754607124575,0.29847726690409027,0.00029847726690409026,2.133191433375562,-0.015570794577869806
2017-07-07,0.026891206635587583,0.026872983908156997,0.01822272743058513,1.822272743058513e-05,2.190516652437682,0.0
2017-07-14,0.006662129161663167,0.006648407739537927,0.013721422125240936,1.3721422125240937e-05,2.205080100303335,0.0
2017-07-21,0.0027284437787716297,0.0027101191797620178,0.01832459900961203,1.832459900961203e-05,2.211056130176079,0.0
2017-07-28,0.004480216070500398,0.0043958106257426695,0.08440544475772815,8.440544475772815e-05,2.2207755142072205,0.0
2017-08-04,-0.01618022285451724,-0.016200618513081053,0.020395658563813767,2.0395658563813767e-05,2.1847975772983577,-0.01620061851308119
2017-08-11,0.001832770179954975,0.001807858174601582,0.024912005353393114,2.4912005353393115e-05,2.188747381458326,-0.014422048759092143
2017-08-18,0.010962463498056935,0.010935770758893733,0.02669273916320087,2.669273916320087e-05,2.2126830210710833,-0.003643994219301394
2017-08-25,0.009925811131335015,0.009781531639490821,0.14427949184419372,0.00014427949184419372,2.2343264500498545,0.0
2017-09-01,0.001343203258137325,0.0013334642362731145,0.009739021864210407,9.739021864210406e-06,2.237305844463155,0.0
2017-09-08,0.007541085495718731,0.00752793363081575,0.013151864902980762,1.3151864902980763e-05,2.25414813437211,0.0
2017-09-15,-0.0023875641095374538,-0.0024019308514949653,0.014366741957511307,1.4366741957511307e-05,2.248733826424322,-0.002401930851494982
2017-09-22,-1.5153829850930115e-05,-2.229671094636184e-05,0.007142881095431725,7.1428810954317255e-06,2.248683687056199,-0.0024241740072834528
2017-09-29,0.006368020664371504,0.006235245757304752,0.1327749070667522,0.00013277490706675222,2.2627047824754363,0.0
2017-10-06,0.013370128336521476,0.013355322900384561,0.014805436136914481,1.4805436136914483e-05,2.2929239354736404,0.0
2017-10-13,-0.002771187527321626,-0.002790442947326509,0.01925542000488303,1.925542000488303e-05,2.286525662049142,-0.0027904429473264436
2017-10-20,0.0016389257473674087,0.0016177081230436814,0.021217624323727313,2.1217624323727313e-05,2.2902245931861867,-0.0011772489465055047
2017-10-27,0.005234739349137328,0.005078316740562864,0.15642260857446386,0.00015642260857446385,2.301855079077413,0.0
2017-11-03,-0.0019116206484110418,-0.0019261008019583533,0.014480153547311417,1.4480153547311418e-05,2.29742147416361,-0.0019261008019583192
2017-11-10,0.0013140085614529217,0.0012947015108446837,0.01930705060823795,1.930705060823795e-05,2.3003959492172568,-0.0006338930167318901
2017-11-17,0.012845090209049745,0.012816289811696064,0.028800397353680604,2.8800397353680604e-05,2.329878490384077,0.0
2017-11-24,-0.008345612267850574,-0.008451441085426685,0.10582881757611187,0.00010582881757611188,2.3101876595863926,-0.008451441085426836
2017-12-01,-0.0014343736286357692,-0.0014503284248895969,0.015954796253827806,1.5954796253827806e-05,2.3068371287568654,-0.009889512145078827
2017-12-08,0.0056262165779870435,0.005616735713430701,0.009480864556342164,9.480864556342164e-06,2.319794023243022,-0.004328323207701823
2017-12-15,0.009627951582274741,0.009613448584817455,0.014502997457286296,1.4502997457286297e-05,2.3420952438128357,0.0
2017-12-22,0.0047126874413843806,0.004705133325639343,0.007554115745037889,7.5541157450378895e-06,2.353115114196321,0.0
2017-12-29,0.024988384309323937,0.0248720313920042,0.11635291731973757,0.00011635291731973757,2.4116418671856112,0.0
2018-01-05,0.011458458621765047,0.01142765100270836,0.03080761905668676,3.0807619056686763e-05,2.439201268787328,0.0
2018-01-12,0.007298172843250315,0.007289500823416276,0.008672019834039292,8.672019834039292e-06,2.456981828444631,0.0
2018-01-19,0.018137926199669564,0.018120322539267982,0.017603660401581577,1.760366040158158e-05,2.5015031316491676,0.0
2018-01-26,-0.03294622263873325,-0.033097074148886595,0.15085151015334142,0.00015085151015334141,2.418710697017303,-0.03309707414888663
2018-02-02,-0.04174317139895078,-0.041762547897801115,0.019376498850334694,1.9376498850334693e-05,2.317699175682194,-0.07347740390226787
2018-02-09,0.03797880813922805,0.03796304188214876,0.01576625707928572,1.576625707928572e-05,2.405686086558839,-0.03830378778185228
2018-02-16,0.004061902492121841,0.004022739127591516,0.03916336453032451,3.9163364530324516e-05,2.4153635341079416,-0.03443513480010585
2018-02-23,-0.00700192238648624,-0.007571979020519449,0.5700566340332088,0.0005700566340332088,2.3970744521007488,-0.04174637170235007
2018-03-02,0.007521587239928006,0.007506735755604445,0.01485148432356103,1.485148432356103e-05,2.4150686565991792,-0.03455301492787044
2018-03-09,-0.0022142846141028766,-0.0022205107960137365,0.006226181910859661,6.226181910859661e-06,2.4097059705740866,-0.03669680038120193
2018-03-16,-0.011721144556880175,-0.01172644264439558,0.00529808751540505,5.29808751540505e-06,2.381448691720292,-0.04799292010069456
2018-03-23,0.006795333330741938,0.006792949277016968,0.0023840537249701695,2.3840537249701695e-06,2.3976257518889663,-0.04152598429557752
2018-03-30,-0.0039793705402909494,-0.004052285239516665,0.0729146992257158,7.291469922571581e-05,2.387909888444702,-0.04540999440187665
2018-04-06,0.006218391718883934,0.00620789916353269,0.010492555351243951,1.0492555351243952e-05,2.402733792243769,-0.039483995904607605
2018-04-13,0.0006662704921275883,0.0006598174808265089,0.006453011301079492,6.453011301079492e-06,2.404319158001664,-0.03885023065449178
2018-04-20,-0.0003886762826969024,-0.00039389550996300017,0.0052192272660977505,5.2192272660977505e-06,2.4033721074808088,-0.03922882323303911
2018-04-27,-0.00015062725983973162,-0.00023454442255902976,0.08391716271929815,8.391716271929815e-05,2.4028084099576654,-0.03945416675390512
2018-05-04,0.004470802642729496,0.004455168870597765,0.015633772131730818,1.5633772131730817e-05,2.4135133271877196,-0.03517477285884463
2018-05-11,-0.002185462172012288,-0.0021980518876187887,0.012589715606500611,1.2589715606500612e-05,2.4082082996631016,-0.03729550877058441
2018-05-18,0.0005088960332672874,0.0004964477438892319,0.012448289378055408,1.2448289378055408e-05,2.4094038492402845,-0.03681757629788163
2018-05-25,-0.0001866357147485744,-0.00029998488521662195,0.11334917046804756,0.00011334917046804756,2.4086810645031296,-0.0371065164666986
2018-06-01,0.0017868330869570477,0.0017831106140371285,0.003722472919919148,3.722472919919148e-06,2.4129760092750754,-0.035389570876023235
2018-06-08,-0.0046213703399371284,-0.004627932434485219,0.0065620945480908376,6.562094548090838e-06,2.4018089193381167,-0.03985372276760868
2018-06-15,-0.00189844396373565,-0.0019085343081677905,0.010090344432140607,1.0090344432140608e-05,2.397224984613896,-0.041686194878566396
2018-06-22,-0.001514917440174316,-0.0015238464609419362,0.008929020767620255,8.929020767620254e-06,2.3935719818050107,-0.04314651797897251
2018-06-29,0.004791489280652546,0.004327944127929634,0.46354515272291175,0.00046354515272291173,2.4039312276084406,-0.039005309570170565
2018-07-06,-0.0013355014415494387,-0.0013539754589328586,0.01847401738341997,1.8474017383419973e-05,2.4006763637212964,-0.04030647279717736
2018-07-13,-0.0011725546085314678,-0.0011852684467430357,0.01271383821156807,1.271383821156807e-05,2.3978309177765356,-0.04144396725351451
2018-07-20,0.003507005457101654,0.0034899564368455886,0.017049020256065524,1.7049020256065524e-05,2.4061992432224972,-0.038098648456953654
2018-07-27,0.004105766632015402,0.004013109575609954,0.09265705640544843,9.265705640544843e-05,2.415855584446299,-0.034238432932284124
2018-08-03,-0.0024818201975186655,-0.0025048718097732173,0.023051612254551622,2.3051612254551623e-05,2.4098041758963364,-0.03665754185659431
2018-08-10,0.00046958842871612267,0.0004432645766447441,0.02632385207137852,2.632385207137852e-05,2.410872356724162,-0.03623052626972134
2018-08-17,0.009438555237160045,0.009419951660237267,0.01860357692277767,1.860357692277767e-05,2.4335826577835062,-0.027151864415569715
2018-08-24,0.006051768175546747,0.0060380793173261515,0.013688858220595478,1.3688858220595478e-05,2.4482768228964726,-0.021277730209197987
2018-08-31,-0.012812744675386761,-0.013040936590307322,0.2281919149205608,0.0002281919149205608,2.4163490000935606,-0.034041185269061525
2018-09-07,0.006527955696703296,0.006508147530126819,0.01980816657647734,1.980816657647734e-05,2.4320749558704438,-0.02775458279476628
2018-09-14,0.002654298831348282,0.002625194432663778,0.029104398684504023,2.9104398684504025e-05,2.438459625504416,-0.025202249538336052
2018-09-21,0.0017830408470108287,0.0017546980715113503,0.028342775499478477,2.8342775499478477e-05,2.442738385906747,-0.023491773805487504
2018-09-28,-0.010866910026576682,-0.011048588850143957,0.18167882356727505,0.00018167882356727506,2.415749573812399,-0.03428081170549402
2018-10-05,-0.0233059792680385,-0.023321651079538822,0.015671811500325046,1.5671811500325047e-05,2.3594103051564015,-0.05680297765571396
2018-10-12,0.002673063774851154,0.0026622235831244502,0.010840191726703766,1.0840191726703766e-05,2.3656915829130556,-0.054291976299296274
2018-10-19,-0.017989955755651158,-0.01800998500702536,0.020029251374200224,2.0029251374200224e-05,2.3230855129735453,-0.07132416362716953
2018-10-26,0.002714889577652424,0.002303577598570634,0.41131197908179035,0.00041131197908179034,2.328436920720795,-0.06918488677416723
2018-11-02,0.003149212815435146,0.0031394841447229976,0.00972867071214814,9.728670712148141e-06,2.3357470115153856,-0.06626260748452628
2018-11-09,-0.004086817134607075,-0.0040977820405020595,0.010964905894984518,1.0964905894984518e-05,2.3261756293604416,-0.07008885980212132
2018-11-16,-0.010455979093162966,-0.010469839067481336,0.013859974318371123,1.3859974318371123e-05,2.3018209448783407,-0.07982487978705122
2018-11-23,0.008577893759330834,0.008558016750536964,0.01987700879386957,1.987700879386957e-05,2.3215199670813464,-0.07195000569484133
2018-11-30,-0.0002246998430340864,-0.0003385961859430077,0.11389634290892128,0.00011389634290892129,2.320733909274902,-0.07226423988327757
2018-12-07,-0.0034722769768810945,-0.0034941422073896007,0.021865230508506105,2.1865230508506103e-05,2.3126249349703842,-0.07550588056000618
2018-12-14,-0.01813765964081413,-0.018161269883184252,0.023610242370119983,2.3610242370119985e-05,2.270624729387806,-0.09229586776857257
2018-12-21,0.0020651858224690523,0.002025297362024043,0.039888460445009495,3.9888460445009494e-05,2.2752234196623817,-0.09045749698406591
2018-12-28,0.003412770650275444,0.0032301082509832556,0.18266239929218858,0.00018266239929218858,2.2825726376030637,-0.08751957624045403
2019-01-04,0.004130244182775004,0.004061791611309806,0.06845257146519855,6.845257146519855e-05,2.291843971994685,-0.08381327090974322
2019-01-11,0.0008382608635788935,0.0007891732173596592,0.0490876462192342,4.90876462192342e-05,2.2936526338757504,-0.08309024088104477
2019-01-18,0.0022565654919892396,0.002245679466969672,0.010886025019567539,1.0886025019567539e-05,2.298803442500006,-0.0810311554619273
2019-01-25,0.004809098072364815,0.004688282842411169,0.12081522995364584,0.00012081522995364585,2.309580883237554,-0.07672276959536917
2019-02-01,0.0027348339082761564,0.002725436159335841,0.009397748940315425,9.397748940315425e-06,2.315875498489641,-0.0742064364465328
2019-02-08,0.0015772229760635946,0.0015726576240455582,0.004565352018036369,4.56535201803637e-06,2.3195175777486807,-0.07275048014051821
2019-02-15,0.0005870384389336727,0.0005777561098694552,0.009282329064217458,9.28232906421746e-06,2.3208576932011744,-0.07221475606504602
2019-02-22,-0.007727027042157725,-0.008114218455024753,0.38719141286702774,0.00038719141286702773,2.302025746875515,-0.07974300821368263
2019-03-01,0.0036720842343662455,0.0036632357151458036,0.00884851922044174,8.848519220441741e-06,2.310458609808655,-0.07637188993425836
2019-03-08,0.007791132115044923,0.007777614184068568,0.013517930976355112,1.3517930976355112e-05,2.328428465464006,-0.06918826684460655
2019-03-15,0.006734651000674709,0.006718875122086194,0.01577587858851487,1.577587858851487e-05,2.3440728855541693,-0.06293425904736294
2019-03-22,0.005844041981077878,0.005826445519492035,0.017596461585843035,1.7596461585843037e-05,2.3577304985155694,-0.05747449655951986
2019-03-29,0.0037551701813018567,0.0036053232423481746,0.14984693895368195,0.00014984693895368195,2.3662308790810607,-0.05407638745545995
2019-04-05,0.0006540855666085486,0.000626579411137793,0.02750615547075561,2.750615547075561e-05,2.367713510631891,-0.053483691195330585
2019-04-12,-0.006004082105480758,-0.00606683586201841,0.06275375653765203,6.275375653765202e-05,2.3533489813946042,-0.05922605028157202
2019-04-19,0.006049859086378327,0.006003704286349664,0.046154800028662984,4.6154800028662986e-05,2.3674777927614796,-0.053577921687161356
2019-04-26,0.001716388482062641,0.0014783738402495393,0.23801464181310167,0.00023801464181310168,2.3709778099976697,-0.052178756044749086
2019-05-03,-0.0033221368760871393,-0.003348261787774133,0.02612491168699373,2.612491168699373e-05,2.3630391555967942,-0.055352309697525026
2019-05-10,0.0020791296138086323,0.0020461546025181705,0.03297501129046186,3.297501129046186e-05,2.367874299040949,-0.0534194144782546
2019-05-17,0.0018012811575285844,0.0017726265600435573,0.028654597485027054,2.8654597485027054e-05,2.372071655914273,-0.05174148059113726
2019-05-24,0.001954882128920291,0.0019323112865953483,0.022570842324942705,2.2570842324942705e-05,2.3766552367476095,-0.04990914995147322
2019-05-31,0.014356458334354373,0.014172803661939778,0.18365467241459496,0.00018365467241459495,2.4103391047901543,-0.036443698872730024
2019-06-07,0.002421700081031652,0.002411474143745289,0.010225937286363089,1.0225937286363089e-05,2.416151575219014,-0.03412010776651875
2019-06-14,0.009304096524583645,0.00928649346018962,0.017603064394025016,1.7603064394025015e-05,2.4385891510211124,-0.025150470463963792
2019-06-21,-0.0018561663639575024,-0.0018736691851435467,0.01750282118604433,1.750282118604433e-05,2.4340200416736186,-0.026977015987607156
2019-06-28,0.006460292862096702,0.006284045655660175,0.17624720643652678,0.0001762472064365268,2.4493155347422872,-0.020862495132066727
2019-07-05,-0.004047476061569254,-0.004080150908681342,0.032674847112088,3.2674847112088e-05,2.4393219577375613,-0.02485752391227747
2019-07-12,-0.00208413367043211,-0.0021042810913965014,0.020147420964391226,2.0147420964391227e-05,2.434188938666066,-0.02690949778612639
2019-07-19,0.004335900674612884,0.004320974426516638,0.014926248096246356,1.4926248096246356e-05,2.444707006819352,-0.022704798611373977
2019-07-26,0.01193233056294025,0.011763936672865552,0.16839389007469657,0.0001683938900746966,2.4734663852312853,-0.011207959751542873
2019-08-02,0.016332326146539258,0.016318224130544415,0.01410201599484338,1.410201599484338e-05,2.513828964084857,0.0
2019-08-09,0.013176899008608804,0.013162451830830509,0.014447177778294287,1.4447177778294287e-05,2.54691711673557,0.0
2019-08-16,3.095550275471418e-05,6.911511638014225e-06,0.024043991116699956,2.4043991116699955e-05,2.546934719782864,0.0
2019-08-23,0.007768459853803401,0.0077431526925591946,0.0253071612442071,2.53071612442071e-05,2.566656024216123,0.0
2019-08-30,-0.00014225176111769635,-0.00037721634235035975,0.2349645812326634,0.0002349645812326634,2.5656878396185965,-0.0003772163423504393
2019-09-06,-0.016086261402270215,-0.016131577007445927,0.0453156051757137,4.53156051757137e-05,2.5242992486567215,-0.016502708255321297
2019-09-13,0.01333560823664669,0.013310995424477915,0.024612812168774326,2.4612812168774325e-05,2.557900184405604,-0.0034113803049213853
2019-09-20,-0.002130993774085608,-0.002143503024287998,0.012509250202390174,1.2509250202390173e-05,2.5524173176245037,-0.005547571025208864
2019-09-27,0.008841776349410649,0.008606691701967192,0.23508464744345606,0.00023508464744345607,2.57438518657206,0.0
2019-10-04,-0.012193037513372215,-0.012198226040996915,0.005188527624701426,5.188527624701426e-06,2.54298225414966,-0.012198226040996962
2019-10-11,0.0037189384016149012,0.0037072524456306295,0.011685955984271875,1.1685955984271876e-05,2.552409731330551,-0.008536195498689336
2019-10-18,0.0012995212969465627,0.0012622172046726097,0.037304092273952975,3.730409227395298e-05,2.5556314268068103,-0.007284752826837604
2019-10-25,0.006691032487796638,0.006644566866160711,0.04646562163592669,4.646562163592669e-05,2.57261249070749,-0.0006885899879381929
2019-11-01,-0.025129824357647955,-0.025143549534288278,0.013725176640322133,1.3725176640322132e-05,2.5079278811148575,-0.025814825925755902
2019-11-08,0.01065311656554961,0.010627001826099693,0.026114739449917775,2.6114739449917775e-05,2.534579635287191,-0.015462158301909779
2019-11-15,0.00019253660040705653,0.0001604309575178097,0.032105642889246805,3.210564288924681e-05,2.5349862603249855,-0.015304207953253601
2019-11-22,0.005927927006159431,0.005901856907941153,0.02607009821827749,2.607009821827749e-05,2.5499473864970206,-0.009492674290741854
2019-11-29,-0.0023171157155951225,-0.002442882788059462,0.12576707246433927,0.00012576707246433926,2.5437181639160897,-0.01191236758816383
2019-12-06,-0.00017753478332790956,-0.00019931899493496808,0.021784211607058512,2.1784211607058512e-05,2.54321115256826,-0.012109312221963875
2019-12-13,0.005381355235118891,0.005303947938139973,0.07740729697891897,7.740729697891898e-05,2.556700212117179,-0.006869591445415879
2019-12-20,0.00819835018818829,0.008161482408816064,0.03686777937222529,3.686777937222529e-05,2.57756667592299,0.0
2019-12-27,0.0045963597954576585,0.004311985500295327,0.2843742951623318,0.0002843742951623318,2.5886811060556143,0.0
2020-01-03,0.0038536230525934,0.00380674872822251,0.04687432437088998,4.687432437088998e-05,2.598535564563865,0.0
2020-01-10,0.008980498593712135,0.008938997365245149,0.04150122846698525,4.1501228466985254e-05,2.621763867128997,0.0
2020-01-17,0.0013282555759405485,0.0013024188348200946,0.025836741120453855,2.5836741120453857e-05,2.6251785017699967,0.0
2020-01-24,-0.008282500579252543,-0.008307178107027956,0.024677527775412385,2.4677527775412384e-05,2.6033706763930526,-0.008307178107027857
2020-01-31,0.016514462538050893,0.01625973525388361,0.25472728416728274,0.00025472728416728275,2.6457007943589277,0.0
2020-02-07,0.007466710441548708,0.007429762055796032,0.03694838575267581,3.6948385752675814e-05,2.6653577217318447,0.0
2020-02-14,-0.004245157994997637,-0.004281225221299169,0.03606722630153174,3.606722630153174e-05,2.653946725029782,-0.004281225221299145
2020-02-21,-0.053795350345594926,-0.05382553055010984,0.03018020451491875,3.018020451491875e-05,2.5110966345033274,-0.057876316552468055
2020-02-28,0.01245338955247877,0.011994358530492731,0.4590310219860375,0.00045903102198603755,2.541215627842274,-0.04657614731312998
2020-03-06,-0.054392509522875165,-0.0544229849385076,0.030475415632431432,3.047541563243143e-05,2.4029150880027137,-0.09846431928792132
2020-03-13,-0.05013428748858609,-0.050153652574772264,0.019365086186174933,1.9365086186174935e-05,2.2824001195123476,-0.14367962660211564
2020-03-20,0.04722541069553799,0.0471775188594069,0.04789183613108977,4.789183613108977e-05,2.3900780941953537,-0.1032805560364427
2020-03-27,-0.002792644467993415,-0.003058773034940709,0.26612856694729425,0.00026612856694729426,2.382767387769426,-0.10602341729154552
2020-04-03,0.01361245191465012,0.013587889827216983,0.024562087433137744,2.4562087433137746e-05,2.415144168518323,-0.09387616197759108
2020-04-10,0.003945603124739848,0.003938847951269262,0.006755173470585812,6.755173470585812e-06,2.4246570541785113,-0.09030707795460025
2020-04-17,0.002128856680691852,0.0021090259196732725,0.0198307610185796,1.98307610185796e-05,2.4297707187520925,-0.08838851200306319
2020-04-24,-0.002873703822945784,-0.002957630530207929,0.08392670726214473,8.392670726214473e-05,2.4225843546929062,-0.09108472197165107
2020-05-01,-0.0008575554485577908,-0.0008720102342402367,0.014454785682445851,1.4454785682445851e-05,2.420471836342304,-0.09187730539614902
2020-05-08,0.003695945406099348,0.0036925993461317265,0.0033460599676216145,3.346059967621615e-06,2.4294096690625113,-0.08852397212784768
2020-05-15,0.0008833262392019562,0.0008767193648153191,0.006606874386637141,6.606874386637141e-06,2.4315395795644483,-0.08772486344364705
2020-05-22,-0.00015762035274792996,-0.00016287074407256085,0.005250391324630893,5.250391324630894e-06,2.4311435529038827,-0.0878734463739369
2020-05-29,-0.006170221916316945,-0.006258906822712163,0.08868490639521778,8.868490639521779e-05,2.41592725193362,-0.09358236148360399
2020-06-05,0.006428341313808114,0.006426550011271804,0.00179130253630938,1.79130253630938e-06,2.431453329241766,-0.08775722319857937
2020-06-12,0.003031038067690047,0.003028376980936326,0.0026610867537211584,2.6610867537211583e-06,2.438816686534263,-0.08499460817228854
2020-06-19,0.0022457191921695643,0.0022431962182228363,0.002522973946728101,2.522973946728101e-06,2.444287430902435,-0.08294207153768718
2020-06-26,0.004202528841293067,0.004153729065899769,0.04879977539329752,4.879977539329752e-05,2.454440338649588,-0.07913286136511954
2020-07-03,0.00648440285921504,0.00647965988385096,0.0047429753640793665,4.742975364079366e-06,2.470344277249241,-0.07316595550855043
2020-07-10,0.0010095270565953452,0.0010007692162882812,0.008757840307063943,8.757840307063943e-06,2.4728165217555462,-0.07223840852821539
2020-07-17,0.0061576886013339875,0.006147143847685117,0.010544753648869896,1.0544753648869897e-05,2.48801728062371,-0.06653532456908096
2020-07-24,0.007139364371920388,0.00713732461824532,0.0020397536750684144,2.0397536750684146e-06,2.5057750676113257,-0.05987288416086545
2020-07-31,0.01252249827853583,0.012008283011670269,0.5142152668655605,0.0005142152668655605,2.53586512378679,-0.04858357168692373
2020-08-07,-0.017995178301038254,-0.018010646579997992,0.015468278959739101,1.5468278959739103e-05,2.490192553267723,-0.06571919672767457
2020-08-14,0.01017124146700043,0.01015999361667268,0.011247850327749165,1.1247850327749164e-05,2.5154928937132093,-0.0562269097302478
2020-08-21,0.003161085752136475,0.003154703083686237,0.006382668450237909,6.382668450237909e-06,2.523428526901997,-0.05324958585207373
2020-08-28,-0.010840529184115027,-0.01102937334184843,0.18884415773340255,0.00018884415773340256,2.4955966915773247,-0.06369164963126073
2020-09-04,-0.007826908066215003,-0.007844710411390739,0.017802345175736613,1.7802345175736613e-05,2.4760194582282757,-0.07103671749567053
2020-09-11,-0.0011197235309967672,-0.0011277613215154802,0.00803779051871292,8.03779051871292e-06,2.4732270992519663,-0.07208436635478688
2020-09-18,-0.011456709412388546,-0.011475262485256864,0.018553072868318445,1.8553072868318445e-05,2.4448461691023997,-0.08273244181503914
2020-09-25,0.007883163251186976,0.007722854320432565,0.16030893075441077,0.00016030893075441078,2.4637273599022453,-0.0756485180903177
2020-10-02,0.01789096571130487,0.017871833242060473,0.01913246924439766,1.913246924439766e-05,2.50775868443232,-0.059128662548576405
2020-10-09,-0.0004784516193290947,-0.00048748412459198213,0.009032505262887423,9.032505262887423e-06,2.5065361918853517,-0.05958732238886755
2020-10-16,-0.005649577311506563,-0.00567249146650098,0.022914154994417124,2.2914154994417123e-05,2.4923178867264064,-0.06492180527760594
2020-10-23,-0.024549427143024778,-0.024564403777103398,0.014976634078618517,1.4976634078618518e-05,2.431095583815962,-0.08789144361593182
2020-10-30,0.04601486311400333,0.045912645216964684,0.10221789703864685,0.00010221789703864686,2.5427136128442336,-0.04601412706731234
2020-11-06,-0.0028304192926817415,-0.002847663944915802,0.017244652234060458,1.7244652234060458e-05,2.5354728189666904,-0.04873075824162176
2020-11-13,0.0031296778131891098,0.0031157357459705303,0.013942067218579393,1.3942067218579393e-05,2.5433726822616816,-0.04576685466103292
2020-11-20,0.0012288351377072258,0.0012258460358670156,0.002989101840210197,2.989101840210197e-06,2.5464904655819645,-0.04459711174252623
2020-11-27,0.0098187262189162,0.00972384110124116,0.09488511767503893,9.488511767503894e-05,2.571252134235109,-0.03530692586944373
2020-12-04,-0.0005836405391404008,-0.0006027223390078849,0.019081799867484123,1.9081799867484122e-05,2.569702383134584,-0.035888367935508314
2020-12-11,0.012393419072980168,0.012379431194820758,0.013987878159409307,1.3987878159409307e-05,2.601513836977765,-0.023953214322239846
2020-12-18,-0.0016059318381861508,-0.0016310668596568084,0.025135021470657534,2.5135021470657533e-05,2.597270593973332,-0.02554521188783343
2020-12-25,0.01108888889452179,0.011034445461140933,0.054443433380855916,5.4443433380855915e-05,2.6259300346903554,-0.01479264367406219
2021-01-01,0.008161749640615787,0.008150776508147013,0.010973132468774852,1.0973132468774853e-05,2.647333403529147,-0.006762438698467155
2021-01-08,-0.007428879157264966,-0.007434870650063076,0.005991492798110306,5.991492798110306e-06,2.627650822106317,-0.014147031491528073
2021-01-15,0.01826818874737558,0.018257035470080504,0.011153277295076387,1.1153277295076386e-05,2.6756239363684977,0.0
2021-01-22,-0.021025444260040806,-0.021036153772704885,0.010709512664077733,1.0709512664077733e-05,2.6193390998051203,-0.021036153772704846
2021-01-29,0.03665770823908558,0.03637063381305565,0.28707442602992833,0.00028707442602992836,2.714606123036351,0.0
2021-02-05,0.018177162444971945,0.018168822243450237,0.00834020152170728,8.34020152170728e-06,2.76392731914678,0.0
2021-02-12,-0.006456303064856221,-0.006470432121015458,0.014129056159236486,1.4129056159236486e-05,2.7460435150408204,-0.006470432121015501
2021-02-19,-0.0346521558371852,-0.03465979855614435,0.00764271895915463,7.64271895915463e-06,2.650866199983099,-0.040905966803274185
2021-02-26,0.0016929960155870377,0.0014866047738493744,0.20639124173766338,0.00020639124173766338,2.65480699033083,-0.039480173034953436
2021-03-05,0.01854706963956896,0.018540268857975016,0.006800781593945185,6.800781593945185e-06,2.704027825697595,-0.021671877199605838
2021-03-12,-0.0006773909922917495,-0.0006867647759174543,0.00937378362570482,9.37378362570482e-06,2.7021707946338056,-0.022343758493634458
2021-03-19,-0.003984014839812217,-0.003997730536596329,0.013715696784111319,1.3715696784111319e-05,2.6913682439329993,-0.026252164704598457
2021-03-26,0.00926862863095663,0.00909149802584166,0.1771306051149688,0.0001771306051149688,2.715836813009529,-0.01739933818234285
2021-04-02,0.007200848588806197,0.007168741512367416,0.03210707643878065,3.210707643878065e-05,2.7353059451117656,-0.010355328027890964
2021-04-09,0.011629483502797392,0.011612282475198995,0.017201027598397645,1.7201027598397644e-05,2.7670690904024946,0.0
2021-04-16,0.0009218750474476764,0.0009097805099946601,0.012094537453016245,1.2094537453016245e-05,2.7695865159307513,0.0
2021-04-23,-0.005590389150607076,-0.005612867448138221,0.022478297531145212,2.2478297531145213e-05,2.754041193930681,-0.00561286744813827
2021-04-30,0.01891390073862691,0.018632271340423157,0.281629398203753,0.000281629398203753,2.8053552367387002,0.0
2021-05-07,-0.019535475690102763,-0.019560187863460612,0.024712173357850108,2.471217335785011e-05,2.7504819612843483,-0.019560187863460587
2021-05-14,-0.0024485638715407284,-0.002472649049234796,0.024085177694067535,2.4085177694067536e-05,2.743680984677841,-0.021984471432772046
2021-05-21,0.020106010922346068,0.02008762682029721,0.018384102048858552,1.8384102048858552e-05,2.798795024411995,-0.002338460470457826
2021-05-28,0.013918003258181212,0.013760245177938609,0.15775808024260363,0.00015775808024260363,2.8373071301506987,0.0
2021-06-04,0.007207853802636463,0.007199114833528051,0.00873896910841223,8.73896910841223e-06,2.857733229998641,0.0
2021-06-11,-0.027112314245909007,-0.027141110481585767,0.028796235676759645,2.8796235676759646e-05,2.7801711766763493,-0.02714111048158563
2021-06-18,0.019848466674762137,0.019828986565678216,0.0194801090839199,1.9480109083919902e-05,2.8352991535889505,-0.00785030463102443
2021-06-25,0.010546707161274855,0.010320564445660305,0.22614271561455146,0.00022614271561455145,2.8645610412262914,0.0
2021-07-02,-0.011003795773718602,-0.011021273063588036,0.01747728986943413,1.747728986943413e-05,2.8329899317836205,-0.011021273063588022
2021-07-09,-0.005475298036728135,-0.005500128514517419,0.0248304777892839,2.48304777892839e-05,2.8174081230784767,-0.016460783159862102
2021-07-16,0.011507478027189703,0.011495592937154847,0.011885090034855912,1.1885090034855912e-05,2.84979589999922,-0.005154416685339891
2021-07-23,0.0021704055501328085,0.002150054443488266,0.020351106644542642,2.0351106644542642e-05,2.8559231163370478,-0.0030154445183495637
2021-07-30,0.00017046184928119323,-0.000162973443805465,0.3334352930866582,0.0003334352930866582,2.8554576767115347,-0.0031779265247773303
2021-08-06,0.004909456368484025,0.004890249071953717,0.019207296530308192,1.9207296530308193e-05,2.8694215759650765,0.0
2021-08-13,-0.024866562606434325,-0.024882526555634867,0.015963949200543153,1.5963949200543153e-05,2.7980231174018138,-0.024882526555634943
2021-08-20,0.030332908670683445,0.0303123130898486,0.02059558083484362,2.059558083484362e-05,2.8828376701691316,0.0
2021-08-27,0.0152499609277554,0.015062625157776125,0.1873357699792742,0.0001873357699792742,2.926260773385606,0.0
2021-09-03,-0.016251092005781818,-0.016260622609748972,0.009530603967155219,9.53060396715522e-06,2.8786779512918703,-0.01626062260974903
2021-09-10,0.00019554958381987726,0.00017819724244120072,0.017352341378676545,1.7352341378676547e-05,2.879190923764667,-0.016085322965417204
2021-09-17,0.0030054959328324367,0.002992818275320925,0.012677657511511651,1.2677657511511651e-05,2.887807818979448,-0.013140645138631668
2021-09-24,-0.0046055225682142,-0.0048765224336692475,0.2709998654550473,0.00027099986545504727,2.873725359366069,-0.017953086921489447
2021-10-01,0.005347966061041721,0.005317040813204586,0.030925247837135978,3.092524783713598e-05,2.8890050743877596,-0.012731503404169398
2021-10-08,0.02061515088093462,0.020598588714827618,0.01656216610700044,1.656216610700044e-05,2.948514501710123,0.0
2021-10-15,0.00731395204564237,0.0072947697370555585,0.019182308586812157,1.9182308586812157e-05,2.9700232360664676,0.0
2021-10-22,0.004490824039976306,0.004476767510518301,0.014056529458005671,1.4056529458005673e-05,2.9833193395951745,0.0
2021-10-29,0.010364334530122081,0.010108351966414911,0.25598256370716976,0.0002559825637071698,3.013475781508015,0.0
2021-11-05,-0.0007849936071094232,-0.0008002379001001144,0.015244292990691261,1.5244292990691262e-05,3.0110642839766184,-0.000800237900100087
2021-11-12,-0.006005556459762834,-0.006017750091037769,0.012193631274934648,1.2193631274934648e-05,2.9929444516075976,-0.006813172359441677
2021-11-19,-0.027111585635348212,-0.027126005866388827,0.014420231040614429,1.442023104061443e-05,2.911757822855514,-0.03375436407243948
2021-11-26,-0.010172959924548107,-0.01042310531676046,0.2501453922123532,0.0002501453922123532,2.88140826441099,-0.043825644097572614
2021-12-03,0.024786403509274166,0.024770158423170815,0.01624508610335322,1.6245086103353222e-05,2.952781203602284,-0.020141053821696286
2021-12-10,-0.00731568091372436,-0.007326905634359294,0.011224720634934737,1.1224720634934738e-05,2.9311464543645798,-0.027320387855327533
2021-12-17,0.01832196465615299,0.018311451292131884,0.010513364021106569,1.0513364021106568e-05,2.984819999893782,-0.009509212514690613
2021-12-24,0.009394255579708735,0.009379908969988963,0.014346609719771631,1.4346609719771631e-05,3.0128173397845877,-0.00021849909246585142
2021-12-31,-0.01360336992566211,-0.013754801425683751,0.1514315000216414,0.0001514315000216414,2.9713766355439937,-0.013970295106521036
2022-01-07,0.0025598438357535783,0.0025465563450632438,0.013287490690334575,1.3287490690334575e-05,2.978943413568811,-0.011459314905103768
2022-01-14,-0.025676981540660195,-0.025687127150816023,0.010145610155829704,1.0145610155829704e-05,2.902422915329383,-0.03685208517689109
2022-01-21,0.004609015894997174,0.0045986774758608765,0.010338419136297546,1.0338419136297547e-05,2.9157702222155306,-0.032422878555071755
2022-01-28,0.0065197963211402095,0.006145183454638106,0.3746128665021038,0.0003746128665021038,2.933688165142616,-0.026476939637281927
2022-02-04,-0.004141704270619169,-0.0041528804649986545,0.011176194379485867,1.1176194379485866e-05,2.9215049088711975,-0.03051986453688804
2022-02-11,-0.004083315498964965,-0.004106321266340488,0.02300576737552306,2.300576737552306e-05,2.9095082711341815,-0.03450086143443487
2022-02-18,0.006054826057255101,0.006046091968983527,0.008734088271573568,8.734088271573568e-06,2.9270994257259773,-0.028663364846693073
2022-02-25,0.04207380994834851,0.04186329646357178,0.21051348477673093,0.00021051348477673095,3.0496374567634943,0.0
2022-03-04,-0.016723140895736475,-0.016742264878018685,0.019123982282209462,1.9123982282209463e-05,2.9985796186804325,-0.016742264878018664
2022-03-11,0.00532577081133796,0.0053033122178916415,0.0224585934463187,2.2458593446318702e-05,3.0144820226085014,-0.011527742118009776
2022-03-18,0.015199546072359134,0.015183809226991953,0.015736845367181944,1.5736845367181943e-05,3.060253342557986,0.0
2022-03-25,-0.000706259641275239,-0.0011448090393484552,0.4385493980732162,0.0004385493980732162,3.056749936868729,-0.0011448090393484378
2022-04-01,0.00033164793885118345,0.0003297961540050835,0.0018517848460999188,1.8517848460999188e-06,3.057758041241664,-0.0008153904389615052
2022-04-08,0.0017472878993985241,0.0017456443339938237,0.0016435654047005045,1.6435654047005046e-06,3.0630957992410814,0.0
2022-04-15,-0.004517671102541667,-0.004521569197064447,0.003898094522780034,3.898094522780034e-06,3.0492457996275752,-0.004521569197064479
2022-04-22,-0.005313534384690414,-0.005318131907788226,0.004597523097811855,4.5975230978118555e-06,3.0330295082458867,-0.009815654803432494
2022-04-29,-0.001575137235120989,-0.0016385245776691928,0.06338734254820377,6.338734254820377e-05,3.02805981485183,-0.011438096189460456
2022-05-06,-0.004545513155146338,-0.004551197741286258,0.005684586139919789,5.684586139919788e-06,3.0142785158619967,-0.015937236893204476
2022-05-13,-0.00021202712773791665,-0.00021767096187485987,0.00564383413694323,5.64383413694323e-06,3.0136223949580905,-0.016151438781395133
2022-05-20,0.008796105032325214,0.008784245020695886,0.011860011629328992,1.1860011629328992e-05,3.0400947924752586,-0.007509071956391833
2022-05-27,-0.001114849877604962,-0.001134868053267722,0.02001817566275996,2.001817566275996e-05,3.036644686016373,-0.008635418203786549
2022-06-03,-0.0029787830005798535,-0.0029833836586885838,0.004600658108730102,4.600658108730102e-06,3.027585209882868,-0.01159303909692
2022-06-10,-0.01021776261434652,-0.010224915966087341,0.007153351740822087,7.153351740822088e-06,2.9966284055316468,-0.021699417212449834
2022-06-17,-0.001236908454835655,-0.001243772748182675,0.006864293347020184,6.864293347020184e-06,2.9929012807844164,-0.022916200816852195
2022-06-24,-0.0066906030899334485,-0.006752310172336783,0.06170708240333483,6.170708240333483e-05,2.972692283021376,-0.029513773693301992
2022-07-01,-0.005111680010208246,-0.005121500444599797,0.009820434391551126,9.820434391551127e-06,2.957467638172224,-0.034484119332809704
2022-07-08,-0.007931676268350498,-0.00793358772953238,0.0019114611818815365,1.9114611818815363e-06,2.934004309207532,-0.04214412427633951
2022-07-15,0.00020707968986264492,0.0001889397703906236,0.0181399194720213,1.81399194720213e-05,2.934558659308039,-0.041963147207112916
2022-07-22,0.01056265995867078,0.010557584761038418,0.005075197632362917,5.075197632362917e-06,2.9655405110899227,-0.03184859192955347
2022-07-29,-0.005228323654095324,-0.005255695931178893,0.027372277083568885,2.7372277083568886e-05,2.949954531892041,-0.03693690134571448
2022-08-05,0.009319023333036271,0.009316100527919981,0.002922805116290124,2.922805116290124e-06,2.9774366048639407,-0.027964908703920988
2022-08-12,-0.00425419239111249,-0.004258655841035767,0.004463449923276972,4.4634499232769716e-06,2.964756727075323,-0.03210447162316088
2022-08-19,0.004037808613867337,0.004023105719681433,0.01470289418590359,1.4702894185903591e-05,2.9766842568214833,-0.028210525586894075
2022-08-26,-0.009533510926491155,-0.009600579474411054,0.06706854791989787,6.706854791989788e-05,2.9481063630436406,-0.037540267668393135
2022-09-02,0.002982686925206214,0.0029571480306882624,0.02553889451795164,2.553889451795164e-05,2.9568243499693745,-0.034694131766312086
2022-09-09,-0.005744444279551095,-0.005764542688773763,0.02009840922266735,2.0098409222667352e-05,2.93977960978077,-0.04025867865146904
2022-09-16,-0.008848383367772479,-0.008875120107703712,0.026736739931234387,2.6736739931234386e-05,2.913688712653787,-0.04877649815076357
2022-09-23,-0.0012556581558708212,-0.0012627490454100063,0.00709088953918518,7.0908895391851805e-06,2.910009455013262,-0.049977654719695175
2022-09-30,0.008367951561608756,0.008235389264881252,0.13256229672750441,0.0001325622967275044,2.9339745156397807,-0.04215385089597656
2022-10-07,-0.003670583081243313,-0.003687741596708202,0.01715851546488901,1.7158515464889008e-05,2.9231547757747744,-0.04568613998327409
2022-10-14,0.0010297384189716355,0.0010114904830077272,0.018247935963908314,1.8247935963908316e-05,2.926111519010829,-0.04472086059606484
2022-10-21,0.0018997129407618046,0.0018933941791170286,0.006318761644776079,6.318761644776079e-06,2.9316518015283717,-0.04291214063408544
2022-10-28,0.004767774308090082,0.004717455393416655,0.05031891467342739,5.0318914673427394e-05,2.9454817381311114,-0.038397121349946106
2022-11-04,0.0030159570757768766,0.0030034722872713825,0.01248478850549405,1.248478850549405e-05,2.9543284109042522,-0.035508973752560236
2022-11-11,-0.0022947380178576053,-0.0022997078948406103,0.0049698769830049385,4.969876983004939e-06,2.947534318533744,-0.037727021380124404
2022-11-18,0.0004049062724110631,0.00039182905257742246,0.01307721983364064,1.307721983364064e-05,2.9486892481132148,-0.037349974870590774
2022-11-25,0.0038046867442148736,0.0037116889115616186,0.09299783265325517,9.299783265325517e-05,2.9596338652990775,-0.033776917446603494
2022-12-02,-0.005782030648373931,-0.005799743409236724,0.01771276086279331,1.771276086279331e-05,2.942468748295055,-0.03938076340149499
2022-12-09,0.0019812649315482395,0.0019662373265700215,0.01502760497821813,1.502760497821813e-05,2.9482543401802186,-0.03749195800187388
2022-12-16,0.004417847395072458,0.0043862944434482475,0.031552951624210596,3.15529516242106e-05,2.9611862518104233,-0.03327011432548321
2022-12-23,0.0010887175812522955,0.0010816567764821564,0.007060804770139047,7.060804770139047e-06,2.96438923898612,-0.03222444439361549
2022-12-30,0.0070394777745456105,0.00663338507775635,0.4060926967892598,0.0004060926967892598,2.9840531743286722,-0.025804816464438662
2023-01-06,0.023083344746948627,0.023058860442665134,0.024484304283493866,2.4484304283493867e-05,3.052862040029009,-0.003340985683375597
2023-01-13,0.0027336278112700205,0.0026779643749278315,0.055663436342188816,5.5663436342188813e-05,3.061037495813776,-0.0006719683490850059
2023-01-20,0.0016318022440390582,0.0016022122752502117,0.02958996878884642,2.958996878884642e-05,3.0659419276645696,0.0
2023-01-27,-0.010391103215570565,-0.01057189578409597,0.18079256852540448,0.0001807925685254045,3.0335291091252095,-0.010571895784096008
2023-02-03,-0.0033519195160087102,-0.003407906022386437,0.05598650637772659,5.598650637772659e-05,3.0231911270051373,-0.013943773779171664
2023-02-10,-0.0037945121868395598,-0.003844646554861152,0.05013436802159225,5.013436802159225e-05,3.01156802565401,-0.017734811452211008
2023-02-17,-0.013521039792087913,-0.013536804377725567,0.015764585637654843,1.5764585637654843e-05,2.9708010184205187,-0.031031543156632146
2023-02-24,0.016495784602279833,0.01637180616961925,0.12397843266058432,0.00012397843266058432,3.019438396862607,-0.015167779396717429
2023-03-03,-0.012225664847245394,-0.012242580528538985,0.016915681293589772,1.6915681293589774e-05,2.982472679138054,-0.027224667164552963
2023-03-10,0.002011060927763319,0.00195305363411194,0.05800729365137912,5.800729365137912e-05,2.988297608242684,-0.025324784765584196
2023-03-17,0.008933505633845621,0.00891151254127131,0.021993092574310275,2.1993092574310276e-05,3.0149278598555895,-0.01663895436135654
2023-03-24,0.016874899048582817,0.016851051562015294,0.0238474865675239,2.3847486567523903e-05,3.065732564677772,-6.828667722247328e-05
2023-03-31,-9.573576274850539e-05,-0.00044839890332364866,0.3526631405751433,0.0003526631405751433,3.0643578935578875,-0.0005166549608748294
2023-04-07,0.008364893254595562,0.008333599097628144,0.03129415696741819,3.129415696741819e-05,3.089895023734451,0.0
2023-04-14,-0.0001428667180961463,-0.00019930669898548771,0.05643998088934139,5.6439980889341396e-05,3.089279186957059,-0.0001993066989854908
2023-04-21,0.0018795879856241618,0.0018295121390426042,0.05007584658155753,5.007584658155753e-05,3.0949310607304885,0.0
2023-04-28,0.003815866444455996,0.003469441516349564,0.3464249281064321,0.0003464249281064321,3.105668743042827,0.0
2023-05-05,-0.003441981490943401,-0.00347412895617846,0.032147465235059104,3.2147465235059105e-05,3.0948792493343236,-0.0034741289561783795
2023-05-12,0.0009391703896788962,0.0009111409093990454,0.02802948027985082,2.8029480279850818e-05,3.0976991204280426,-0.002566153467795762
2023-05-19,-0.009949263717291509,-0.009977729468975674,0.028465751684163952,2.846575168416395e-05,3.066791116628128,-0.012518278551693851
2023-05-26,0.009644231544801986,0.009364746294202444,0.27948525059954277,0.0002794852505995428,3.0955108373726636,-0.0032707627601683553
2023-06-02,0.0032975263529641443,0.0032681815457540346,0.02934480721010957,2.9344807210109568e-05,3.1056275287660466,-1.3270660907616083e-05
2023-06-09,0.01727943685325241,0.017254252645340508,0.025184207911900708,2.5184207911900707e-05,3.1592128107697004,0.0
2023-06-16,-0.02290915668094002,-0.022938064469051937,0.028907788111918537,2.8907788111918536e-05,3.0867465836448105,-0.02293806446905189
2023-06-23,0.014935743972700921,0.014893353678903869,0.04239029379705177,4.239029379705177e-05,3.1327185922321807,-0.008386335496995079
2023-06-30,-0.011797225306039747,-0.011948803589751719,0.15157828371197118,0.00015157828371197118,3.095286353071635,-0.02023493241105556
2023-07-07,0.028496538821790263,0.028473995192400715,0.022543629389546224,2.2543629389546226e-05,3.1834215218081,0.0
2023-07-14,0.00148704835694958,0.0014673223618336753,0.01972599511590479,1.972599511590479e-05,3.188092627394192,0.0
2023-07-21,0.009037672414748201,0.009005623475466032,0.03204893928216951,3.204893928216951e-05,3.2168033892014134,0.0
2023-07-28,-0.023804401021960107,-0.023885282652167557,0.08088163020745046,8.088163020745046e-05,3.139969131013887,-0.023885282652167605
2023-08-04,-0.006316548256216679,-0.006339320850700964,0.022772594484285796,2.2772594484285795e-05,3.1200638592310934,-0.030073187032526705
2023-08-11,-0.02434500725111267,-0.02436023588071791,0.015228629605238755,1.5228629605238756e-05,3.044058367657321,-0.0537008329834473
2023-08-18,0.00942546218695557,0.009401677051295817,0.023785135659752668,2.3785135659752668e-05,3.0726776213553304,-0.04480403382124731
2023-08-25,0.021507813867320126,0.021360855925198124,0.14695794212200222,0.00014695794212200223,3.138312645329682,-0.024400230407372492
2023-09-01,-0.010834357934459256,-0.010866368363381208,0.03201042892195179,3.2010428921951796e-05,3.1042105840860725,-0.03500145687899581
2023-09-08,0.008193667119333727,0.008164336476658879,0.029330642674847845,2.9330642674847844e-05,3.1295544037889567,-0.02712288407347041
2023-09-15,-0.019441271930333612,-0.01948284248820669,0.04157055787307738,4.157055787307738e-05,3.068581788281663,-0.04607729568344776
2023-09-22,-0.012498357556725353,-0.012534660772748764,0.03630321602341119,3.630321602341119e-05,3.030118156512118,-0.05803439318547876
2023-09-29,-0.004276769621608872,-0.004397526250858422,0.12075662924955063,0.00012075662924955064,3.016793132375653,-0.062176711668851414
2023-10-06,0.010126263950104289,0.010089634166420527,0.036629783683762455,3.6629783683762454e-05,3.047231471437093,-0.052714417776840716
2023-10-13,-0.010536532492944051,-0.010590587457324399,0.05405496438034769,5.405496438034769e-05,3.014959500036127,-0.06274672858243757
2023-10-20,-0.007156505114802375,-0.007173613085649885,0.017107970847510496,1.7107970847510495e-05,2.9933313471139633,-0.06947022091484678
2023-10-27,0.027305585843580726,0.02712497389862521,0.18061194495551744,0.00018061194495551744,3.0745253817743663,-0.0442296249452685
2023-11-03,-0.005532515194060736,-0.00555447987207583,0.02196467801509369,2.1964678015093693e-05,3.0574479924251143,-0.04953843225583632
2023-11-10,0.016667287137178414,0.016642576663263138,0.024710473915277337,2.4710473915277338e-05,3.1083318050329893,-0.03372030274916882
2023-11-17,0.004790633296637503,0.004754004570134277,0.036628726503225705,3.6628726503225704e-05,3.1231088286396096,-0.02912660465241057
2023-11-24,0.012629231696239387,0.012261480078751642,0.3677516174877449,0.0003677516174877449,3.161402765325748,-0.01722225985636594
2023-12-01,-0.010231078529148271,-0.010253670440494573,0.022591911346300647,2.259191134630065e-05,3.1289867832404297,-0.027299338920052763
2023-12-08,0.01634932160426532,0.01631200344509313,0.03731815917218732,3.7318159172187316e-05,3.1800268264282985,-0.011432642385472258
2023-12-15,0.008845159836742288,0.00881316485923064,0.03199497751164902,3.1994977511649023e-05,3.208052927106387,-0.0027202352883614056
2023-12-22,0.003429828048889266,0.0033766721356724622,0.053155913216803664,5.3155913216803666e-05,3.2188854700351097,0.0
2023-12-29,-0.01539024167214013,-0.015487822461325402,0.09758078918527069,9.758078918527069e-05,3.169031943351866,-0.015487822461325407
2024-01-05,0.013146547264821198,0.013106753347514138,0.03979391730705971,3.979391730705971e-05,3.2105676633837725,-0.0025840641827018507
2024-01-12,0.0007779369328793698,0.0007443882799159858,0.03354865296338396,3.354865296338396e-05,3.212957572324273,-0.0018415994498778288
2024-01-19,0.006412611918561404,0.006372959442801196,0.03965247576020857,3.965247576020857e-05,3.2334336206241368,0.0
2024-01-26,0.006175432341134938,0.005984885583941397,0.19054675719354083,0.00019054675719354085,3.252785350886842,0.0
2024-02-02,0.007756426521323123,0.00774592213647268,0.01050438485044266,1.050438485044266e-05,3.2779811729414705,0.0
2024-02-09,-0.003524889704448242,-0.0035489975835504613,0.024107879102219044,2.4107879102219044e-05,3.2663476256797774,-0.0035489975835504284
2024-02-16,0.012843033625135383,0.012820785031612545,0.022248593522838134,2.2248593522838134e-05,3.3082247664271356,0.0
2024-02-23,0.011625163995662607,0.01144700794944897,0.17815604621363826,0.00017815604621363826,3.3460940416269906,0.0
2024-03-01,0.007493022341064072,0.007465941111034072,0.02708123003000013,2.7081230030000128e-05,3.37107578269376,0.0
2024-03-08,-0.006832318100427063,-0.006861960611976895,0.029642511549832017,2.9642511549832017e-05,3.3479435934529262,-0.006861960611976858
2024-03-15,0.014474156963870655,0.01444629630836977,0.027860655500885175,2.7860655500885177e-05,3.3963089786276557,0.0
2024-03-22,0.004939767519871304,0.004913672132654549,0.026095387216755837,2.6095387216755838e-05,3.412997327409823,0.0
2024-03-29,-0.009066651292746775,-0.009406608880353254,0.3399575876064786,0.0003399575876064786,3.380892596441188,-0.009406608880353273
2024-04-05,-0.01190677509521676,-0.011928234627482315,0.021459532265556178,2.1459532265556177e-05,3.3405645163005198,-0.02122263927006174
2024-04-12,-0.02003691738652041,-0.02006808388593685,0.031166499416438585,3.116649941643858e-05,3.273525787361017,-0.04086482545084591
2024-04-19,0.014992007061700199,0.014944453404029142,0.047553657671056265,4.755365767105627e-05,3.3224468409571215,-0.026531074526630727
2024-04-26,0.003236848652098422,0.003001285870013151,0.23556278208527087,0.00023556278208527087,3.332418453714756,-0.023609415995710648
2024-05-03,0.008723001861633214,0.008694777768939769,0.028224092693446,2.8224092693446e-05,3.3613930916029195,-0.015119916852108006
2024-05-10,0.00871062253202489,0.0086659698705569,0.044652661467990365,4.4652661467990366e-05,3.3905228228578483,-0.006584975725436926
2024-05-17,-0.0003305976034765556,-0.0003594590224189276,0.028861418942372045,2.8861418942372045e-05,3.3893040688384546,-0.006942067718919032
2024-05-24,-0.0004905061658916991,-0.0005097334131796774,0.019227247287978286,1.9227247287978286e-05,3.387576427307142,-0.007448262528225724
2024-05-31,-0.0002741101285071014,-0.0006339937193101473,0.35988359080304594,0.00035988359080304594,3.3854287251285458,-0.008077534095873307
2024-06-07,0.012927341970596199,0.012895990823977474,0.031351146618724096,3.13511466187241e-05,3.429087182903033,0.0
2024-06-14,-0.004736267567962768,-0.004762368262688375,0.02610069472560697,2.6100694725606972e-05,3.412756606933184,-0.004762368262688388
2024-06-21,-0.004082070899843039,-0.004127889452939385,0.045818553096345874,4.581855309634588e-05,3.398669124929975,-0.00887059918590527
2024-06-28,0.020801253248730597,0.02071590331553502,0.08534993319557799,8.5349933195578e-05,3.469075625923519,0.0
2024-07-05,0.010718769741026502,0.0106747262433447,0.0440434976818021,4.4043497681802106e-05,3.506107058547712,0.0
2024-07-12,-0.019123267992747803,-0.01914742665282002,0.024158660072216905,2.4158660072216904e-05,3.4389741308072352,-0.019147426652819988
2024-07-19,-0.0038736785521517707,-0.003915506405136312,0.04182785298454082,4.182785298454083e-05,3.4255088055709617,-0.022987961186255235
2024-07-26,-0.004094094214833922,-0.004235763334366066,0.14166911953214453,0.00014166911953214455,3.410999160970776,-0.02712635295749677
2024-08-02,0.0037164272719248668,0.0036703301475889184,0.04609712433594837,4.609712433594837e-05,3.423518654024688,-0.023555585480961816
2024-08-09,0.024242447580948696,0.024212058551191833,0.03038902975686123,3.038902975686123e-05,3.5064090881270307,0.0
2024-08-16,0.012719948589532416,0.012681616243188865,0.0383323463435515,3.8332346343551506e-05,3.5508760225742875,0.0
2024-08-23,-0.0015419898084979688,-0.0015875967045577396,0.04560689605977079,4.560689605977079e-05,3.5452386635025555,-0.00158759670455777
2024-08-30,-0.01648251082336946,-0.016597159384966465,0.11464856159700465,0.00011464856159700465,3.4863977723466584,-0.018158406493979484
2024-09-06,0.027488328734006796,0.027446158555379508,0.04217017862728675,4.2170178627286754e-05,3.582085998393607,0.0
2024-09-13,0.008847045776132732,0.008825438142025311,0.021607634107421753,2.1607634107421754e-05,3.613699476791845,0.0
2024-09-20,0.012225136922356768,0.01219738046144569,0.02775646091107787,2.775646091107787e-05,3.6577771441836027,0.0
2024-09-27,-0.004798884738106513,-0.004972465089401548,0.1735803512950349,0.00017358035129503492,3.639588975029339,-0.004972465089401523
2024-10-04,0.0007356915614277749,0.000722980737621677,0.012710823806097987,1.2710823806097986e-05,3.6422203277511453,-0.0042530793482580265
2024-10-11,0.012427638369115524,0.012379876933304931,0.047761435810593576,4.776143581059358e-05,3.6873105671726862,0.0
2024-10-18,-0.007177968265354752,-0.007213615412896379,0.03564714754162696,3.5647147541626966e-05,3.6607117268331937,-0.007213615412896335
2024-10-25,-0.011603061069940477,-0.011676924869866412,0.07386379992593528,7.386379992593529e-05,3.6179658710287237,-0.0188063074375463
2024-11-01,0.015820016901486097,0.01578641858036644,0.03359832111965831,3.359832111965831e-05,3.6750805946782634,-0.003316773098339887
2024-11-08,-0.02573640862464663,-0.025768330544326704,0.03192191968007476,3.192191968007476e-05,3.5803799031375534,-0.028999635937127954
2024-11-15,0.0231034236373658,0.023087790615203843,0.01563302216195737,1.5633022161957373e-05,3.663042964664077,-0.006581382844357719
2024-11-22,0.00812779001109269,0.008098906321103874,0.028883689988816387,2.888368998881639e-05,3.69270960648507,0.0
2024-11-29,-0.002593910724570576,-0.0027158111166527485,0.1219003920821726,0.0001219003920821726,3.6826809046852076,-0.0027158111166527554
2024-12-06,-0.0036907736586833735,-0.0037153938235844476,0.0246201649010742,2.46201649010742e-05,3.668998294797708,-0.0064211146323883694
2024-12-13,-0.02063285634053649,-0.020671837858188203,0.03898151765171273,3.898151765171273e-05,3.5931533569456806,-0.02696021625002698
2024-12-20,0.001420373152881411,0.001394317186106168,0.0260559667752431,2.60559667752431e-05,3.598163352423585,-0.02560349015677932
2024-12-27,0.0032161343936448457,0.003041042285205758,0.17509210843908743,0.00017509210843908745,3.6091055193273833,-0.02264030916778903
2025-01-03,-0.012213851807422085,-0.012233290767162518,0.019438959740432735,1.9438959740432735e-05,3.5649542821000804,-0.03459663444984351
2025-01-10,0.020336363567602322,0.020313341055935605,0.023022511666718103,2.3022511666718104e-05,3.637370414281197,-0.01498606662887525
2025-01-17,0.016810143723875026,0.016790556841917933,0.019586881957094276,1.9586881957094276e-05,3.6984438889772964,0.0
2025-01-24,-0.0008547268120726164,-0.000891911865956082,0.03718505388346559,3.718505388346559e-05,3.695145202987145,-0.0008919118659560521
2025-01-31,0.006417987698499712,0.0062279353108762835,0.19005238762342838,0.00019005238762342838,3.718158328275644,0.0
2025-02-07,0.01514690476851799,0.015124757916541767,0.022146851976222993,2.2146851976222994e-05,3.774394572886186,0.0
2025-02-14,-0.0018076436825354206,-0.0018487473305084225,0.04110364797300178,4.110364797300178e-05,3.767416670995277,-0.0018487473305084379
2025-02-21,-0.021971446184122584,-0.022009128476234215,0.03768229211163084,3.7682292111630846e-05,3.684499113459835,-0.023817186489225484
2025-02-28,-0.0031986911796369534,-0.003477921232653008,0.2792300530160545,0.00027923005301605454,3.671684715761442,-0.027212273423285582
2025-03-07,-0.002960322309807879,-0.002976186108920984,0.015863799113104912,1.5863799113104912e-05,3.6607570987140554,-0.030107470742052
2025-03-14,0.005227442421530709,0.005202502252874577,0.024940168656132546,2.4940168656132546e-05,3.679802195767342,-0.025061602673541294
2025-03-21,-0.001906390670358271,-0.0019152196980840336,0.008829027725762578,8.829027725762578e-06,3.6727545661169554,-0.026928823896519405
2025-03-28,-0.014708290334041684,-0.015165708451800056,0.4574181177583726,0.0004574181177583726,3.617054641152208,-0.04168613765615503
2025-04-04,0.011136012274481404,0.01111011173557072,0.02590053891068442,2.590053891068442e-05,3.657240522369074,-0.03103916356776848
2025-04-11,0.0038588288669365437,0.0038327278666510528,0.02610100028549113,2.610100028549113e-05,3.671257730034203,-0.02732540036828124
2025-04-18,0.007000179253523278,0.006973707527082126,0.026471726441152154,2.6471726441152154e-05,3.696860007700001,-0.020542252191427912
2025-04-25,0.0020222669199321803,0.0019359639635623052,0.08630295636987503,8.630295636987503e-05,3.704016995453243,-0.018646057287838635
2025-05-02,0.0023008252273349398,0.0022885205931456607,0.012304634189279115,1.2304634189279114e-05,3.7124937146246997,-0.016400208580777065
2025-05-09,0.001249142592580676,0.0012186858549195956,0.030456737661080265,3.0456737661080264e-05,3.7170180782011912,-0.015201509428072413
2025-05-16,0.002796385992328496,0.0027731955886426333,0.02319040368586288,2.3190403685862878e-05,3.7273260963385635,-0.012470470598316519
2025-05-23,-9.182793169776945e-05,-0.00010506843788459723,0.013240506186827782,1.3240506186827781e-05,3.7269344720081348,-0.012574228783335584
2025-05-30,0.002749830985460838,0.002656565110356567,0.09326587510427106,9.326587510427107e-05,3.7368353160950565,-0.009951067930454638
2025-06-06,0.003600477831044182,0.0035884863599815876,0.011991471062594558,1.1991471062594558e-05,3.750244898656361,-0.006398290842008714
2025-06-13,-0.0024238224956891863,-0.0024288551474861606,0.0050326517969745115,5.0326517969745116e-06,3.7411360970299254,-0.008811605467848205
2025-06-20,0.0019173970851287386,0.0019076690822912704,0.009728002837468191,9.728002837468191e-06,3.748272946694873,-0.006920746012873291
2025-06-27,0.007926702110356188,0.007335939732694523,0.5907623776616655,0.0005907623776616655,3.7757700511335157,0.0
2025-07-04,-0.0026603965840134394,-0.0026842680441115396,0.023871460098100296,2.3871460098100297e-05,3.7656348722433446,-0.002684268044111593
2025-07-11,0.0018222374585838775,0.0018079165930675772,0.014320865516300262,1.4320865516300262e-05,3.7724428260123073,-0.0008812043837811423
2025-07-18,0.00915083437228457,0.009127878180401627,0.02295619188294317,2.295619188294317e-05,3.8068772245706777,0.0
2025-07-25,-0.0158043883041765,-0.015924132428640828,0.11974412446432972,0.00011974412446432972,3.7462560075070375,-0.01592413242864088
2025-08-01,0.018912065218829207,0.01889427104698462,0.017794171844585517,1.7794171844585517e-05,3.8170387839242697,0.0
2025-08-08,0.005064967221336598,0.005042915832174297,0.022051389162300403,2.2051389162300403e-05,3.8362877892397447,0.0
2025-08-15,0.009281556035065943,0.009262984646357338,0.018571388708605238,1.857138870860524e-05,3.871823264130481,0.0
2025-08-22,-0.001520510184834083,-0.0015388144401666472,0.018304255332564218,1.8304255332564218e-05,3.8658652465818637,-0.0015388144401666803
2025-08-29,0.012794525908620907,0.012438091636593714,0.3564342720271925,0.00035643427202719253,3.913949232773572,0.0
2025-09-05,0.01686742479020481,0.01684494770947048,0.022477080734330107,2.247708073433011e-05,3.979879502937165,0.0
2025-09-12,0.006632545714203951,0.006619162371953701,0.013383342250250497,1.3383342250250496e-05,4.006222971587916,0.0
2025-09-19,0.0054928843195898875,0.00547072612329268,0.022158196297207146,2.2158196297207147e-05,4.0281399202543176,0.0
2025-09-26,0.0178891846838932,0.017628392973542267,0.2607917103509352,0.0002607917103509352,4.099149553720975,0.0
2025-10-03,-0.01196446684860773,-0.011981057777934737,0.01659092932700792,1.659092932700792e-05,4.050037406077448,-0.01198105777793479
2025-10-10,0.026670293361411697,0.026649272801529605,0.021020559882093164,2.1020559882093163e-05,4.157967957768404,0.0
2025-10-17,0.002032622721167845,0.0020095557534048347,0.023066967763010468,2.3066967763010468e-05,4.166323626200411,0.0
2025-10-24,-0.00591023916021069,-0.00592464846819672,0.01440930798603094,1.440930798603094e-05,4.1416396233104305,-0.005924648468196847
2025-10-31,-0.004051532428483328,-0.0041682917985267,0.11675937004337159,0.0001167593700433716,4.124376060836132,-0.010068244603104404
2025-11-07,0.006366084528368373,0.006347685889038301,0.018398639330071638,1.839863933007164e-05,4.15055630455859,-0.0037844687682604405
2025-11-14,-0.012539534957210104,-0.012553864758164853,0.014329800954749875,1.4329800954749874e-05,4.098450782040013,-0.01629082381732705
2025-11-21,0.023001096920752015,0.022991165279459057,0.009931641292958558,9.931641292958558e-06,4.192678941359623,0.0
2025-11-28,0.0005861494397148044,0.00032775112306917165,0.25839831664563273,0.00025839831664563274,4.194053096591323,0.0
2025-12-05,0.002273083495372688,0.002264439719855893,0.0086437755167953,8.643775516795301e-06,4.203550277010429,0.0
2025-12-12,0.003813477335049068,0.003796920416445608,0.016556918603459696,1.6556918603459695e-05,4.219510822878766,0.0
2025-12-19,0.01365242119464028,0.01363666878007418,0.01575241456609945,1.575241456609945e-05,4.277050894384302,0.0
2025-12-26,-0.006873033649873595,-0.007115090446103986,0.24205679623039128,0.0002420567962303913,4.246619290428168,-0.007115090446103922
2026-01-02,0.018534786189770374,0.01851406441122896,0.020721778541413844,2.0721778541413843e-05,4.325241473501122,0.0
2026-01-09,0.006942708371007934,0.006928592260838541,0.014116110169393256,1.4116110169393256e-05,4.35520930810068,0.0
2026-01-16,0.02185753970841428,0.021839772156936055,0.017767551478225636,1.7767551478225635e-05,4.450326087085367,0.0
2026-01-23,-0.005031728485042407,-0.005052433066699798,0.020704581657390406,2.0704581657390405e-05,4.42784111240538,-0.00505243306669978
2026-01-30,0.014043465674508104,0.013915155546346045,0.12831012816205806,0.00012831012816205806,4.489455210219007,0.0
2026-02-06,0.014811518195260411,0.014782388762068397,0.029129433192013925,2.9129433192013925e-05,4.555820082466358,0.0
2026-02-13,0.0038878890320373865,0.0038705935632188677,0.017295468818518615,1.7295468818518616e-05,4.573453810352735,0.0
2026-02-20,0.008931628109351844,0.008913841418598547,0.01778669075329685,1.778669075329685e-05,4.614220852353505,0.0
2026-02-27,-0.031222574856662435,-0.031461847331036026,0.2392724743735902,0.0002392724743735902,4.4690489403450755,-0.031461847331036075
2026-03-06,-0.013128602018948847,-0.013161144149595495,0.03254213064664829,3.254213064664829e-05,4.4102311430295975,-0.04420891757269507
2026-03-13,-0.024710495890564274,-0.024729485974386366,0.018990083822091317,1.8990083822091317e-05,4.301168393834245,-0.06784513974002482
2026-03-20,-0.0004182115628663829,-0.0004477674628263351,0.029555899959952232,2.9555899959952234e-05,4.299242470575349,-0.0682625283567646
2026-03-27,0.019250613151588887,0.01892811924105648,0.3224939105324063,0.0003224939105324063,4.380619044704613,-0.05062649039214118
2026-04-03,0.017004188264792074,0.016986967443017382,0.01722082177469246,1.722082177469246e-05,4.455032477797272,-0.034499513493169265
2026-04-10,0.0,-0.00018015508262437475,0.18015508262437474,0.00018015508262437475,4.45422988105314,-0.034673453313089686
