,gross_return,net_return,turnover,cost,wealth,drawdown
2005-01-14,0.0002488808733823857,0.0002488808733823857,,0.0,1.0002488808733825,0.0
2005-01-21,6.142930078425326e-05,6.041041187284746e-05,0.0010188889114057986,1.0188889114057987e-06,1.0003093063202515,0.0
2005-01-28,-0.00012188408058235294,-0.00012214224748296427,0.0002581669006113197,2.581669006113197e-07,1.0001871262933995,-0.0001221422474829703
2005-02-04,0.00020183442140249796,0.00020173075956594926,0.00010366183654869198,1.0366183654869199e-07,1.0003888948020947,0.0
2005-02-11,-0.0001183736255769449,-0.00011841558128078201,4.195570383710561e-05,4.195570383710561e-08,1.00027043316961,-0.00011841558128067309
2005-02-18,0.00022973125048412717,0.00022971425249822562,1.699798590155179e-05,1.6997985901551792e-08,1.0005002095444617,0.0
2005-02-25,-0.0001352304165752536,-0.00015790205738488555,0.022671640809631938,2.2671640809631937e-05,1.0003422285029606,-0.00015790205738486218
2005-03-04,-0.00018147535596737337,-0.0001814783492804044,2.9933130310409923e-06,2.9933130310409923e-09,1.0001606880466165,-0.00033935175086052816
2005-03-11,-0.0003549840241499765,-0.0003550884562048059,0.0001044320548294221,1.044320548294221e-07,0.9998055425319413,-0.0006943197071759277
2005-03-18,-0.0005018361459948802,-0.000519638030898637,0.017801884903756712,1.7801884903756714e-05,0.9992860055485385,-0.0012135969431491533
2005-03-25,0.0003126799521959978,0.00031001965144609566,0.0026603007499021404,2.6603007499021403e-06,0.9995958038476737,-0.0009039535306043511
2005-04-01,-9.76491521245241e-05,-9.862575966218152e-05,0.0009766075376574164,9.766075376574164e-07,0.9994972179521641,-0.0010024901371628037
2005-04-08,0.00024473111604552235,0.00024441732284522037,0.0003137932003019954,3.1379320030199543e-07,0.9997415123863672,-0.0007583178402730262
2005-04-15,0.00032351919252255923,0.000323267034012531,0.0002521585100282249,2.521585100282249e-07,1.0000646958598556,-0.00043529594541957817
2005-04-22,0.00019888283718210784,0.00019866591334306543,0.00021692383904241773,2.1692383904241773e-07,1.0002633746260607,-0.00023671651054313347
2005-04-29,-0.00038710973844030154,-0.00039147486574604636,0.004365127305744815,4.365127305744815e-06,0.9998717966557683,-0.0006280987077249556
2005-05-06,5.152787295061663e-05,5.145428527961818e-05,7.35876709984512e-05,7.358767099845121e-08,0.9999232443444365,-0.0005766767408154072
2005-05-13,9.475368693927241e-05,9.468786633197653e-05,6.582060729587859e-05,6.582060729587858e-08,1.000017924942939,-0.00048204347877378595
2005-05-20,0.0001664291709262287,0.00016620660164461405,0.00022256928161466642,2.2256928161466642e-07,1.0001841345238274,-0.00031591699593769285
2005-05-27,0.0004550812573607562,0.0004549574383523633,0.0001238190083929253,1.238190083929253e-07,1.000639175735551,0.0
2005-06-03,4.6169161215603385e-05,4.614519445905522e-05,2.3966756548166393e-05,2.3966756548166395e-08,1.0006853504248987,0.0
2005-06-10,0.00015685972734806846,0.0001565252118867889,0.00033451546127955217,3.3451546127955217e-07,1.000841982911406,0.0
2005-06-17,0.00044180537431653163,0.0004416485211205006,0.00015685319603104208,1.5685319603104207e-07,1.0012840032930341,0.0
2005-06-24,-0.00046275946290279995,-0.0004930942441973486,0.030334781294548585,3.0334781294548587e-05,1.0007902759142036,-0.0004930942441973007
2005-07-01,0.00010851101725969995,0.00010827426474455974,0.00023675251514021522,2.3675251514021523e-07,1.0008986357454916,-0.0003848733688694983
2005-07-08,-0.0001731851071507248,-0.00017321366073768136,2.855358695655493e-05,2.855358695655493e-08,1.000725266428767,-0.0005580203642818748
2005-07-15,0.0002707403010204831,0.00026191585844135597,0.00882444257912716,8.82444257912716e-06,1.0009873722459877,-0.00029625066022320734
2005-07-22,0.00046061183563103375,0.0004582137425341799,0.0023980930968538977,2.3980930968538976e-06,1.001446038416054,0.0
2005-07-29,-0.0005288453187543199,-0.0005356604771386412,0.0068151583843212415,6.815158384321242e-06,1.0009096033532874,-0.0005356604771387108
2005-08-05,0.0007301426223697578,0.0007286411328575451,0.0015014895122126318,1.501489512212632e-06,1.0016389072605627,0.0
2005-08-12,-0.0004153672951520631,-0.0004172954762647078,0.0019281811126446715,1.9281811126446714e-06,1.0012209278757123,-0.00041729547626456753
2005-08-19,6.198107079281615e-05,5.028445914865339e-05,0.011696611644162762,1.1696611644162762e-05,1.0012712737285587,-0.00036703200059329255
2005-08-26,0.0009934941531371377,0.000984035734210685,0.009458418926452748,9.458418926452747e-06,1.002256560441546,0.0
2005-09-02,0.0003256031030503191,0.00032531822395315084,0.0002848790971682341,2.8487909716823414e-07,1.0025826127657342,0.0
2005-09-09,-0.00013854377671453915,-0.00013862981780223812,8.60410876989807e-05,8.60410876989807e-08,1.0024436249207949,-0.00013862981780221606
2005-09-16,-0.0002152633033828772,-0.00022507090155793953,0.009807598175062314,9.807598175062315e-06,1.002218004030373,-0.0003636695178220739
2005-09-23,0.0007806548596697507,0.0007791395622568743,0.001515297412876409,1.515297412876409e-06,1.0029988717273193,0.0
2005-09-30,-0.0005149315622695941,-0.0005236505856901271,0.00871902342053301,8.71902342053301e-06,1.0024736507806926,-0.0005236505856902607
2005-10-07,-0.0008133006019233815,-0.0008156151382705359,0.0023145363471543706,2.3145363471543708e-06,1.0016560180953986,-0.0013388386266158792
2005-10-14,-7.41375350464053e-05,-7.967459456519096e-05,0.0055370595187856485,5.537059518785648e-06,1.0015762115582632,-0.0014184065497562237
2005-10-21,0.00014569114744240677,0.0001417969856012875,0.003894161841119261,3.894161841119261e-06,1.001718232045912,-0.0012768106899281317
2005-10-28,-0.0003587649235982077,-0.00036911090227326047,0.010345978675052782,1.0345978675052782e-05,1.0013484869254579,-0.0016454503074556648
2005-11-04,0.001388941303978826,0.0013861612181828185,0.002780085796007529,2.780085796007529e-06,1.00273651736392,-0.00026156994867543304
2005-11-11,0.0011018336488755672,0.0011006601265047802,0.001173522370787018,1.173522370787018e-06,1.0038401894659725,0.0
2005-11-18,0.0008243693576459046,0.0008210331055067064,0.003336252139198183,3.336252139198183e-06,1.0046643754941622,0.0
2005-11-25,0.0003223777135010592,0.0003144723408145736,0.007905372686485633,7.905372686485634e-06,1.0049803146520568,0.0
2005-12-02,0.0007620183689157382,0.0007608117301912,0.0012066387245382169,1.206638724538217e-06,1.0057449154640554,0.0
2005-12-09,-0.0003540848120212314,-0.0003552708704711943,0.001186058449962875,1.186058449962875e-06,1.0053876035924665,-0.00035527087047126926
2005-12-16,0.0004707744980657386,0.00047043123705977274,0.0003432610059658531,3.432610059658531e-07,1.005860569326549,0.0
2005-12-23,0.0002108722452571355,0.0002066623035831955,0.004209941673939994,4.209941673939994e-06,1.0060684427888895,0.0
2005-12-30,0.0017863893455032501,0.0017767718264602066,0.009617519043043445,9.617519043043446e-06,1.0078559968535277,0.0
2006-01-06,0.0006042338761109133,0.0006032847770739087,0.0009490990370046,9.490990370046001e-07,1.008464021033912,0.0
2006-01-13,-0.0007506578079031786,-0.0007672306047986967,0.016572796895518226,1.6572796895518225e-05,1.0076902965731365,-0.0007672306047986632
2006-01-20,0.00012620915082894768,0.00010955055454136195,0.016658596287585724,1.6658596287585723e-05,1.007800689603932,-0.0006577641007955437
2006-01-27,-0.0004728946389623127,-0.0005041247032796231,0.031230064317310423,3.123006431731043e-05,1.0072926323803204,-0.0011615572089429538
2006-02-03,-0.0005071545986741738,-0.0005161237174557328,0.008969118781558923,8.969118781558923e-06,1.0067727447623305,-0.001677081419173998
2006-02-10,0.0007564321228006853,0.0007557688107006845,0.0006633121000008491,6.633121000008491e-07,1.0075336322022854,-0.000922580094302905
2006-02-17,0.0003228628790439243,0.0003227705465284206,9.233251550367087e-05,9.233251550367088e-08,1.0078588343833972,-0.0006001073294557013
2006-02-24,-0.00021948994183970013,-0.0002295810186845051,0.010091076844804975,1.0091076844804976e-05,1.0076274491255093,-0.0008295505748880938
2006-03-03,-0.0009107640241041125,-0.0009110306473304894,0.00026662322637698314,2.666232263769832e-07,1.0067094696382646,-0.0017398254762213128
2006-03-10,0.0016202385685430147,0.0016201209403006425,0.00011762824237221837,1.1762824237221838e-07,1.0083404607308244,-0.00012252326360728816
2006-03-17,-3.8804786105579275e-05,-4.9983832556870876e-05,0.011179046451291601,1.11790464512916e-05,1.008290060010075,-0.0001725009719817372
2006-03-24,0.0004447543083408543,0.00043411047352257855,0.01064383481827577,1.064383481827577e-05,1.0087277692854741,0.0
2006-03-31,6.9712418658167e-05,6.074770123221058e-05,0.008964717425956418,8.964717425956419e-06,1.0087890471786274,0.0
2006-04-07,-0.00026036015163227185,-0.0002686614754395372,0.008301323807265344,8.301323807265344e-06,1.008518024424805,-0.00026866147543957997
2006-04-14,0.00248291948760163,0.0024785480598577547,0.004371427743875264,4.371427743875264e-06,1.0110176848175747,0.0
2006-04-21,0.0005592216008171589,0.0005484681270945125,0.010753473722646328,1.0753473722646327e-05,1.011572195793626,0.0
2006-04-28,0.0017669129477746956,0.0017520202888056473,0.014892658969048244,1.4892658969048244e-05,1.0133444908042482,0.0
2006-05-05,-0.0005534219124177801,-0.0005673814140564969,0.01395950163871685,1.395950163871685e-05,1.0127695379741293,-0.0005673814140565447
2006-05-12,-0.002899831164528776,-0.002910701085444362,0.010869920915585987,1.0869920915585987e-05,1.009821668580643,-0.0034764310218031724
2006-05-19,-0.00012770904501230323,-0.00012846327696469087,0.0007542319523876456,7.542319523876456e-07,1.0096919435799472,-0.0036044477050465318
2006-05-26,-6.900934610042892e-05,-0.00010093946490659163,0.03193011880616271,3.193011880616272e-05,1.0095900258154418,-0.0037050233389305243
2006-06-02,-0.0025296932748560177,-0.0025452568809024127,0.01556360604639503,1.556360604639503e-05,1.0070203598553444,-0.006240849983685681
2006-06-09,-0.001008548759954526,-0.0010239337742536366,0.015385014299110688,1.538501429911069e-05,1.0059892376975275,-0.007258393540861108
2006-06-16,-0.0001085998235717515,-0.00010890147869670035,0.00030165512494885753,3.0165512494885754e-07,1.0058796839819892,-0.007366504569768173
2006-06-23,0.001939935472837136,0.0019293438199352328,0.010591652901903203,1.0591652901903204e-05,1.0078203717338783,-0.005451373269899196
2006-06-30,0.004813922098248898,0.004225656898161855,0.5882652000870423,0.0005882652000870423,1.0120790748398034,-0.0012487520047999023
2006-07-07,0.0014396755971724843,0.0014363078092045135,0.003367787967970753,3.3677879679707534e-06,1.0135327319185283,0.0
2006-07-14,-0.010126485772089938,-0.010141862192434957,0.01537642034501836,1.5376420345018358e-05,1.0032536226238884,-0.01014186219243507
2006-07-21,0.020337173168663267,0.020324408670624315,0.012764498038952181,1.2764498038952181e-05,1.0236441592503804,0.0
2006-07-28,0.006290595628224784,0.0060616952999243134,0.2289003283004711,0.0002289003283004711,1.0298491782393036,0.0
2006-08-04,-0.014565924428563548,-0.014570948285909149,0.005023857345600449,5.023857345600449e-06,1.0148432991208927,-0.014570948285909102
2006-08-11,0.010794651901140111,0.010791242208352808,0.003409692787302583,3.4096927873025834e-06,1.02579471896523,-0.003936944709715062
2006-08-18,-0.00010390328623356685,-0.00013580682358416816,0.0319035373506013,3.19035373506013e-05,1.0256554090427978,-0.004072216869343559
2006-08-25,0.010017820942966535,0.009890597448507954,0.12722349445858097,0.00012722349445858097,1.035799753814525,0.0
2006-09-01,-0.008977442930286118,-0.009000909405108967,0.023466474822848873,2.3466474822848874e-05,1.0264766140686061,-0.009000909405109114
2006-09-08,-0.005156216250114965,-0.0051711366853277995,0.014920435212834277,1.4920435212834278e-05,1.021168563192965,-0.014125501157610687
2006-09-15,0.000477653672348639,0.0004240000486806112,0.05365362366802778,5.365362366802779e-05,1.0216015387134698,-0.013707490322108606
2006-09-22,0.01024529504066416,0.010220915187706877,0.024379852957282778,2.4379852957282778e-05,1.032043241396291,-0.0036266782304203993
2006-09-29,-0.00044164300288186963,-0.0005187813810707071,0.07713837818883741,7.713837818883742e-05,1.0315078365781947,-0.004143578158350092
2006-10-06,0.013741704631990946,0.013715665836088495,0.026038795902450222,2.6038795902450222e-05,1.0456556533720076,0.0
2006-10-13,0.002488698377326441,0.002459110170648363,0.029588206678077877,2.958820667807788e-05,1.0482270358242107,0.0
2006-10-20,0.006965894826019472,0.006896822402612454,0.0690724234070175,6.90724234070175e-05,1.0554564715279071,0.0
2006-10-27,-0.002988083950210276,-0.0031421010879793274,0.15401713776905174,0.00015401713776905173,1.0521401206004044,-0.00314210108797941
2006-11-03,0.010070927821516704,0.010047678841332166,0.023248980184538016,2.3248980184538016e-05,1.0627116866282778,0.0
2006-11-10,0.006428776959901521,0.00638764459860413,0.04113236129739068,4.113236129739068e-05,1.0694999111932424,0.0
2006-11-17,0.02462529855492533,0.024562394990880906,0.06290356404442499,6.2903564044425e-05,1.0957693904546828,0.0
2006-11-24,0.003861214576381256,0.003619968223285196,0.24124635309605974,0.00024124635309605974,1.0997360408281773,0.0
2006-12-01,0.0037898505822426755,0.0037534290378646467,0.03642154437802897,3.642154437802897e-05,1.103863822017808,0.0
2006-12-08,0.0019673193872486844,0.001885389026149097,0.08193036109958758,8.193036109958758e-05,1.1059450347542032,0.0
2006-12-15,-0.006941518970292295,-0.007006051546750083,0.06453257645778758,6.453257645778758e-05,1.098196726832843,-0.007006051546750047
2006-12-22,0.013611482693895217,0.013542183884785718,0.06929880910949905,6.929880910949906e-05,1.1130687088492832,0.0
2006-12-29,-0.020571750044531947,-0.020768525725079635,0.1967756805476886,0.0001967756805476886,1.0899519127357657,-0.02076852572507959
2007-01-05,0.021759260529559638,0.0216981537109809,0.06110681857873633,6.110681857873634e-05,1.1136018568758839,0.0
2007-01-12,0.01089595554422265,0.010846563251797227,0.04939229242542314,4.939229242542314e-05,1.125680609853807,0.0
2007-01-19,0.0052050290551709484,0.0051760599186777894,0.028969136493159207,2.896913649315921e-05,1.1315072001397042,0.0
2007-01-26,0.01593794693528939,0.015766670468104562,0.17127646718482653,0.00017127646718482654,1.1493473012965945,0.0
2007-02-02,0.003315905443159744,0.00329964368805004,0.016261755109704394,1.6261755109704395e-05,1.1531397378646953,0.0
2007-02-09,0.012529780973811471,0.012483213180390118,0.046567793421353726,4.6567793421353727e-05,1.1675346270392393,0.0
2007-02-16,-0.00143338285769116,-0.001503072562884426,0.06968970519326603,6.968970519326604e-05,1.1657797377751191,-0.0015030725628844
2007-02-23,-0.03680562559224675,-0.036946215458081515,0.1405898658347604,0.0001405898658347604,1.1227085884066137,-0.03839375517820853
2007-03-02,0.011297084372604215,0.01127513638525041,0.021947987353806223,2.1947987353806223e-05,1.13536728086179,-0.027551513618934487
2007-03-09,-0.008510215603383674,-0.008520559948299877,0.010344344916202905,1.0344344916202905e-05,1.125693315881869,-0.035837319243777865
2007-03-16,0.024513811274989354,0.02446765236520062,0.0461589097887348,4.61589097887348e-05,1.1532363886046963,-0.012246521947534839
2007-03-23,-0.0052853045979129,-0.0053171294938557994,0.03182489594289981,3.182489594289981e-05,1.1471044813894586,-0.017498535098346202
2007-03-30,0.010420344370207935,0.010184158438482572,0.2361859317253626,0.00023618593172536258,1.1587867751734222,-0.00749258451374657
2007-04-06,0.0028454417033099296,0.0027345326806042093,0.11090902270572044,0.00011090902270572043,1.161955515479986,-0.004778540550357202
2007-04-13,0.010136064993489215,0.010031528278411023,0.10453671507819139,0.00010453671507819139,1.1736117050917791,0.0
2007-04-20,-0.0030507566152376104,-0.0031183595832779626,0.06760296804035225,6.760296804035225e-05,1.169951961784159,-0.0031183595832779964
2007-04-27,0.002994071392308056,0.0027946427535021044,0.19942863880595157,0.00019942863880595158,1.1732215595561046,-0.00033243153078810206
2007-05-04,-0.0008901086416530937,-0.0009172298251851656,0.027121183532071894,2.7121183532071895e-05,1.1721454457501295,-0.0012493564398584622
2007-05-11,-0.013717751311554817,-0.013754976381650989,0.03722507009617184,3.722507009617184e-05,1.1560226128279767,-0.014987147953186897
2007-05-18,-0.0002471650495168682,-0.0002930141737940387,0.04584912427717052,4.584912427717052e-05,1.1556838818171917,-0.015275770680205913
2007-05-25,0.0192019776964541,0.019098576663305267,0.10340103314883216,0.00010340103314883216,1.1777557990326235,0.0
2007-06-01,-0.019984389245992797,-0.020040653568579193,0.056264322586396256,5.626432258639626e-05,1.1541528030758255,-0.020040653568579203
2007-06-08,0.009321065680231774,0.009303824940490606,0.01724073974116828,1.7240739741168282e-05,1.1648908387102195,-0.01092328336058368
2007-06-15,-0.009108826834860808,-0.009125906733406023,0.01707989854521481,1.707989854521481e-05,1.1542601535615509,-0.019949505228818554
2007-06-22,0.005048524829269245,0.00501468652096633,0.033838308302915114,3.3838308302915116e-05,1.1600484063953045,-0.015034859222823105
2007-06-29,0.013815386610628956,0.01365587479950705,0.15951181112190618,0.0001595118111219062,1.1758898821944064,-0.0015842985784911834
2007-07-06,0.012175645857573433,0.012150865345983404,0.02478051159002974,2.478051159002974e-05,1.1901779618146549,0.0
2007-07-13,-0.002687037231872047,-0.00270422055293742,0.017183321065372993,1.7183321065372993e-05,1.1869594581086624,-0.0027042205529375085
2007-07-20,-0.03521027983526333,-0.03521969841663606,0.009418581372734203,9.418581372734204e-06,1.1451551039613015,-0.037828677137247024
2007-07-27,-0.0006988607718266071,-0.0008878612772423073,0.18900050541570024,0.00018900050541570024,1.1441383650880579,-0.03868295179688985
2007-08-03,-0.001317425404853681,-0.0013531149128480021,0.035689507994321176,3.568950799432118e-05,1.1425902144038957,-0.03998372423078855
2007-08-10,-0.008839569555383701,-0.008864247244083781,0.024677688700079938,2.4677688700079937e-05,1.1324620122447489,-0.04849354585755139
2007-08-17,0.02308218706462066,0.02307641867816247,0.005768386458190071,5.768386458190071e-06,1.1585951797764231,-0.026536184546786412
2007-08-24,0.008122676145795007,0.008103186561935835,0.019489583859172713,1.9489583859172712e-05,1.1679834926679111,-0.01864802563887502
2007-08-31,-0.00020351889874675318,-0.0005924813430607691,0.3889624443140159,0.0003889624443140159,1.1672914842395024,-0.019229458374659947
2007-09-07,0.005385660694484503,0.005370785566724448,0.014875127760055677,1.4875127760055677e-05,1.1735607564952162,-0.01396195010543011
2007-09-14,0.006956878429982222,0.006945620385650733,0.011258044331488823,1.1258044331488822e-05,1.1817118640093291,-0.007113304125054953
2007-09-21,0.005688219929663252,0.005671490180729527,0.016729748933725138,1.6729748933725138e-05,1.1884139312425097,-0.001482156978823146
2007-09-28,0.0162063953565407,0.015670980852443412,0.5354145040972905,0.0005354145040972905,1.207037543203788,0.0
2007-10-05,0.006682827885983288,0.006673616192391932,0.009211693591356804,9.211693591356804e-06,1.2150928484969379,0.0
2007-10-12,-0.00619105093963273,-0.006291015004260138,0.099964064627408,9.9964064627408e-05,1.2074486811554745,-0.006291015004260103
2007-10-19,0.02006537162480779,0.02006052725099732,0.004844373810471934,4.844373810471934e-06,1.2316707383279746,0.0
2007-10-26,0.0039057655634211295,0.0033701048462369348,0.5356607171841946,0.0005356607171841946,1.2358215978521818,0.0
2007-11-02,-0.0031580596027021824,-0.0031651924674374757,0.007132864735293236,7.1328647352932365e-06,1.2319099846395636,-0.0031651924674374055
2007-11-09,-0.004350614850532592,-0.004359956657596719,0.009341807064126819,9.34180706412682e-06,1.2265389105004745,-0.007511349023063163
2007-11-16,0.002127816052510199,0.002117595481017696,0.010220571492502942,1.0220571492502942e-05,1.2291362237546428,-0.005409659540792866
2007-11-23,0.0008908465971852659,0.0008826730551293405,0.008173542055925367,8.173542055925368e-06,1.2302211491804342,-0.004531761446377791
2007-11-30,0.0029749469321625507,0.002915482231267658,0.05946470089489303,5.946470089489303e-05,1.2338078370813994,-0.0016294914850835118
2007-12-07,-0.007337606777547069,-0.007340156918615006,0.0025501410679365797,2.5501410679365795e-06,1.224751493949805,-0.008957687680500426
2007-12-14,0.0049687884368870994,0.004956580937952007,0.012207498935092263,1.2207498935092264e-05,1.2308220738584448,-0.004045506246553754
2007-12-21,0.0035793809116869677,0.0035625165832664685,0.016864328420499338,1.686432842049934e-05,1.2352068979076158,-0.0004974018463783647
2007-12-28,0.003974709966224203,0.003552477949673666,0.422232016550537,0.000422232016550537,1.2395949431757174,0.0
2008-01-04,0.005574789220610365,0.0055594766319437255,0.015312588666639385,1.5312588666639385e-05,1.2464864422953785,0.0
2008-01-11,-0.008786624541955218,-0.008820593835948902,0.0339692939936842,3.39692939936842e-05,1.235491691665874,-0.008820593835948909
2008-01-18,0.006573213056656167,0.006548458703697249,0.024754352958918258,2.4754352958918258e-05,1.243582257987509,-0.0023298964267284283
2008-01-25,0.00494122487382434,0.004495142579268565,0.4460822945557751,0.0004460822945557751,1.2491723375462116,0.0
2008-02-01,-0.0029934864150401013,-0.0030139416082469754,0.02045519320687386,2.045519320687386e-05,1.24540740506221,-0.0030139416082469728
2008-02-08,-0.0012661587028446695,-0.0012696478156883865,0.003489112843717064,3.489112843717064e-06,1.2438261762707306,-0.004279762779555885
2008-02-15,0.005670027853320215,0.005665899298571677,0.004128554748538245,4.128554748538245e-06,1.250873570130408,0.0
2008-02-22,0.005200360374223024,0.00518404025304444,0.016320121178584564,1.6320121178584565e-05,1.2573581490694334,0.0
2008-02-29,-0.005455546681639397,-0.0054872195124560765,0.031672830816678994,3.1672830816678995e-05,1.2504587488997139,-0.005487219512456121
2008-03-07,0.005066897898801672,0.005055006544316874,0.01189135448479821,1.189135448479821e-05,1.2567798260588003,-0.00045995089868478
2008-03-14,-0.0069186499271912585,-0.006931584341666388,0.01293441447512973,1.2934414475129731e-05,1.248068350695569,-0.007388347051903832
2008-03-21,0.0023368434171169485,0.0023279399534167655,0.008903463700183079,8.903463700183078e-06,1.2509737788737483,-0.005077606726778816
2008-03-28,0.0017474124300569458,0.0016982331051205557,0.04917932493639028,4.917932493639028e-05,1.2530982239586694,-0.0033879965814964663
2008-04-04,0.0012314903201549848,0.0012285076342381605,0.00298268591682436,2.98268591682436e-06,1.254637664693253,-0.002163651126923294
2008-04-11,-0.0036112003198071484,-0.0036144706672108177,0.0032703474036693886,3.2703474036693885e-06,1.2501028136562415,-0.005770301340601747
2008-04-18,-0.0038778740326192683,-0.0038801640706957706,0.0022900380765024002,2.2900380765024004e-06,1.2452522096340168,-0.009628075695358729
2008-04-25,-0.0018346383631632098,-0.0019151041713144433,0.08046580815123344,8.046580815123344e-05,1.2428674219330083,-0.011524741098747127
2008-05-02,0.004942864420987499,0.004939254676751668,0.003609744235831233,3.609744235831233e-06,1.2490062606593733,-0.006642410053365744
2008-05-09,0.002043496983798898,0.002026643794091539,0.0168531897073592,1.68531897073592e-05,1.2515375514463198,-0.004629228058386836
2008-05-16,-0.0006924125659540009,-0.0007010622674319261,0.008649701477925216,8.649701477925215e-06,1.2506601456927267,-0.005327044948699733
2008-05-23,-0.006587323592651601,-0.006608590463271007,0.02126687061940575,2.126687061940575e-05,1.2423950449811085,-0.011900431153525348
2008-05-30,0.005022505973476154,0.004699214458519736,0.3232915149564173,0.00032329151495641726,1.2482333257396772,-0.007257139373144872
2008-06-06,-0.007706693433257271,-0.007721965381536517,0.015271948279245698,1.52719482792457e-05,1.2385945112102352,-0.014923065375672895
2008-06-13,0.0035361769209860095,0.003492941440056929,0.043235480929080194,4.323548092908019e-05,1.2429208493058683,-0.011482249329079486
2008-06-20,0.007068592080627344,0.007022113023794613,0.04647905683273064,4.647905683273064e-05,1.251648779989325,-0.004540765957841031
2008-06-27,-0.0010285801632891646,-0.0011900041398659321,0.16142397657676746,0.00016142397657676745,1.2501593127594797,-0.005725366567418844
2008-07-04,0.006710071469948712,0.0066643676865771094,0.04570378337160201,4.570378337160201e-05,1.2584908340865075,0.0
2008-07-11,-0.008911104184793935,-0.008973801359274978,0.06269717448104359,6.269717448104359e-05,1.247197387328947,-0.008973801359274947
2008-07-18,-0.006630391249334382,-0.0066698526246363075,0.0394613753019252,3.94613753019252e-05,1.2388787645616315,-0.015583800051362062
2008-07-25,-0.0006522265302614338,-0.0007993707230721488,0.14714419281071495,0.00014714419281071494,1.237888441147805,-0.016370713540919013
2008-08-01,-0.012433724519702163,-0.012451041262464237,0.017316742762073633,1.7316742762073633e-05,1.2224754410887462,-0.02861792237358929
2008-08-08,-0.009663196697161397,-0.009682904042434014,0.019707345272617003,1.9707345272617002e-05,1.2106383286984517,-0.03802372181978608
2008-08-15,0.01065867421605309,0.010647367968784821,0.011306247268269419,1.130624726826942e-05,1.2235284404612188,-0.02778120640875914
2008-08-22,0.0014094593231257333,0.0013990665303362517,0.010392792789481617,1.0392792789481617e-05,1.2252402381511827,-0.02642100763448174
2008-08-29,-0.005205319527749915,-0.005452404200119012,0.24708467236909715,0.00024708467236909715,1.2185597331305322,-0.031729353821603135
2008-09-05,-0.010520082194565563,-0.010523106559921296,0.0030243653557317073,3.0243653557317073e-06,1.2057366992091705,-0.041918569010182205
2008-09-12,0.00934697193521461,0.009320607503293955,0.026364431920655004,2.6364431920655004e-05,1.2169748977348163,-0.03298866803573197
2008-09-19,-0.0051147772450588665,-0.005138620524082174,0.023843279023308066,2.3843279023308065e-05,1.2107213255480234,-0.037957772313183646
2008-09-26,-0.006960638252836229,-0.007452785647499812,0.49214739466358304,0.000492147394663583,1.201698079029857,-0.04512766681997671
2008-10-03,-0.019565116798512795,-0.0195734258225869,0.008309024074103707,8.309024074103708e-06,1.178176730818821,-0.06381778960351636
2008-10-10,-0.006066715405713023,-0.006073568095213513,0.006852689500489425,6.852689500489426e-06,1.1710209942159968,-0.06950375600788694
2008-10-17,-0.001243269064377185,-0.001251059651751,0.00779058737381515,7.79058737381515e-06,1.1695559770987798,-0.07066786231485134
2008-10-24,0.002996256147739628,0.002983968865587673,0.0122872821519549,1.2287282151954901e-05,1.1730458957210046,-0.06789476415020879
2008-10-31,0.006991645157748936,0.0069548410884257865,0.03680406932314971,3.6804069323149714e-05,1.1812042435151742,-0.06141212035718391
2008-11-07,-0.00016252444276212584,-0.0001712386576011395,0.008714214839013645,8.714214839013645e-06,1.1810019756861618,-0.06157284288573461
2008-11-14,0.009192051601455968,0.009186261398112143,0.0057902033438255495,5.79020334382555e-06,1.1918509685465017,-0.052952205717395784
2008-11-21,0.005565357969594406,0.005558227189537442,0.007130780056963555,7.130780056963555e-06,1.1984755470057533,-0.04768829891742288
2008-11-28,0.0035675146494116433,0.0035476876223520942,0.019827027059548905,1.9827027059548905e-05,1.2027273638695573,-0.0443097944828712
2008-12-05,0.009535982198003815,0.009534534180826297,0.0014480171775169033,1.4480171775169034e-06,1.2141948090305867,-0.03519773355208711
2008-12-12,0.019738033568600464,0.019736274536410258,0.0017590321902064413,1.7590321902064413e-06,1.2381584911222987,-0.0161561311481202
2008-12-19,0.006284507796947046,0.006282383709983353,0.002124086963692649,2.124086963692649e-06,1.2459370778573031,-0.009975246453278075
2008-12-26,-0.004507266346064364,-0.0045345944483476935,0.027328102283329034,2.7328102283329033e-05,1.240287258501061,-0.014464607204437763
2009-01-02,-0.0007569603521102065,-0.0007578060048947478,0.0008456527845412773,8.456527845412774e-07,1.2393473613687744,-0.015211451843134549
2009-01-09,-0.0014034275190435964,-0.0014053935862956624,0.001966067252066101,1.9660672520661007e-06,1.2376055905359142,-0.01659546735257167
2009-01-16,-0.007882410918133973,-0.007884563995294944,0.002153077160972206,2.1530771609722057e-06,1.227847610056399,-0.02434918332349334
2009-01-23,-0.0013997950383283176,-0.0014026888651318308,0.0028938268035131162,2.893826803513116e-06,1.2261253218856942,-0.025717717860302303
2009-01-30,-0.0038112694918626773,-0.003901207638105262,0.08993814624258466,8.993814624258466e-05,1.2213419524146794,-0.029518595341056386
2009-02-06,0.0007688732242227578,0.0007671475467463145,0.0017256774764432194,1.7256774764432194e-06,1.2222789018972127,-0.028774092912309368
2009-02-13,-0.0005600607831249078,-0.000562749070408399,0.002688287283491178,2.688287283491178e-06,1.2215910655813902,-0.02932064938867951
2009-02-20,-0.01318232558502574,-0.013184577731150764,0.0022521461250243754,2.2521461250243754e-06,1.205484903221553,-0.04211864673883736
2009-02-27,-0.0015601598050318088,-0.0016404946694288376,0.08033486439702893,8.033486439702894e-05,1.2035073116637411,-0.04369004599280768
2009-03-06,0.0013415899853571587,0.001340099152505577,0.0014908328515817664,1.4908328515817664e-06,1.205120130792136,-0.04240849583390993
2009-03-13,0.005218403386027779,0.005216410662706118,0.00199272332166129,1.9927233216612903e-06,1.211406532292242,-0.03741330530106102
2009-03-20,0.0013533188227007043,0.001344990726898439,0.008328095802265265,8.328095802265266e-06,1.2130358628446793,-0.03611863512285518
2009-03-27,-0.00401068952292374,-0.00404180216920587,0.031112646282129633,3.1112646282129636e-05,1.2081330118629092,-0.040014452914272636
2009-04-03,-0.00018396127124078597,-0.00018503813355997815,0.001076862319192191,1.076862319192191e-06,1.2079094611853018,-0.04019208684815001
2009-04-10,0.0012242392202898842,0.0012215645292740862,0.00267469101579804,2.67469101579804e-06,1.2093850005376605,-0.039019619546526996
2009-04-17,0.004455203627034589,0.004453061295032299,0.002142332002289279,2.1423320022892787e-06,1.2147704660743472,-0.0347403150090444
2009-04-24,-0.009160945750596668,-0.009545204340893334,0.3842585902966652,0.00038425859029666523,1.2031752337483854,-0.04395391594430931
2009-05-01,0.005476469363026742,0.005464855413879994,0.0116139491467477,1.1613949146747699e-05,1.2097504124383818,-0.03872926232593865
2009-05-08,0.005228486294277889,0.0052125182095877605,0.015968084690128094,1.5968084690128093e-05,1.216056258492273,-0.03371862110146895
2009-05-15,0.002858096935771542,0.0028509371976027987,0.007159738168743388,7.159738168743388e-06,1.2195231585139863,-0.030963813575016208
2009-05-22,0.008878401249277926,0.008864304369742561,0.014096879535364239,1.4096879535364238e-05,1.230333382977004,-0.02237398187325057
2009-05-29,-0.008154656111324205,-0.008234695483250697,0.08003937192649219,8.003937192649219e-05,1.2202019622253106,-0.030424434429027314
2009-06-05,0.0022387597954517577,0.0022172995231596005,0.021460272292157183,2.1460272292157183e-05,1.2229075154543112,-0.028274594989819657
2009-06-12,-0.004733714613076327,-0.0047770387780589904,0.04332416498266387,4.332416498266387e-05,1.2170656388310062,-0.03291656493117834
2009-06-19,0.009613818422612115,0.009567289651718642,0.04652877089347253,4.652877089347253e-05,1.2287096583228565,-0.023664197590495872
2009-06-26,-0.004702913302094244,-0.00500558818117839,0.302674879084146,0.000302674879084146,1.222559243779056,-0.028551332543898078
2009-07-03,-0.00322951890248097,-0.0032567459094097998,0.02722700692882981,2.722700692882981e-05,1.2185776789628673,-0.03171509401783745
2009-07-10,0.0080763577086553,0.008062121697881489,0.014236010773812292,1.4236010773812293e-05,1.228402000508988,-0.02390866326758745
2009-07-17,0.02036906292280867,0.020344385983303834,0.024676939504835,2.4676939504835e-05,1.2533930849500055,-0.004050684358144152
2009-07-24,0.020476827475462867,0.02046087784445571,0.015949631007156892,1.5949631007156892e-05,1.279038607752253,0.0
2009-07-31,-0.0018934207967363026,-0.0020171147544656397,0.12369395772933708,0.00012369395772933708,1.2764586401050249,-0.002017114754465643
2009-08-07,-0.0012925486317708166,-0.001322000159981174,0.029451528210357382,2.9451528210357384e-05,1.2747711615785966,-0.003336448288418725
2009-08-14,0.007069245001758205,0.007048919558038576,0.020325443719628397,2.03254437196284e-05,1.2837569209514714,0.0
2009-08-21,0.0075546172289431045,0.007505583279955925,0.04903394898717926,4.903394898717926e-05,1.2933922654328927,0.0
2009-08-28,0.006044313721420087,0.005915303344199957,0.1290103772201301,0.0001290103772201301,1.30104307302597,0.0
2009-09-04,0.019279447474315065,0.019245801985914496,0.03364548840057041,3.3645488400570414e-05,1.3260826903845737,0.0
2009-09-11,0.0069082444338882205,0.006856141331316127,0.0521031025720938,5.21031025720938e-05,1.3351745007268623,0.0
2009-09-18,-0.0005580791860213981,-0.0006080083208592081,0.04992913483780995,4.9929134837809954e-05,1.3343627035206214,-0.0006080083208591658
2009-09-25,-0.008157853536124438,-0.008290811380902027,0.1329578447775886,0.0001329578447775886,1.3232997540320213,-0.008893778819455078
2009-10-02,0.024267172741313348,0.02423882947220493,0.02834326910841582,2.8343269108415818e-05,1.355374991110614,0.0
2009-10-09,0.00465325233309293,0.00463277677627823,0.020475556814700455,2.0475556814700457e-05,1.3616541408925795,0.0
2009-10-16,0.003048864458120647,0.0029821868946719255,0.06667756344872162,6.667756344872163e-05,1.3657148480266252,0.0
2009-10-23,-0.021713888164799484,-0.021741166006333787,0.02727784153430307,2.727784153430307e-05,1.3360226147983634,-0.0217411660063338
2009-10-30,0.026568131032639546,0.02623898604956793,0.32914498307161644,0.0003291449830716164,1.371078493549965,0.0
2009-11-06,0.019032086670306307,0.01900569491089482,0.026391759411487137,2.6391759411487137e-05,1.3971367930972647,0.0
2009-11-13,-0.005812255038964624,-0.0058299990358672985,0.01774399690267473,1.7743996902674732e-05,1.3889914869405329,-0.005829999035867339
2009-11-20,-0.0046732517955882565,-0.004700163236390323,0.026911440802067026,2.6911440802067025e-05,1.3824630002179559,-0.010502760325121097
2009-11-27,0.029663097913469945,0.029507543693562073,0.15555421990787138,0.0001555542199078714,1.4232560876016203,0.0
2009-12-04,-0.0100628142973944,-0.010099798646085319,0.03698434869091779,3.698434869091779e-05,1.4088814876950286,-0.010099798646085345
2009-12-11,-0.00636474163540837,-0.006387011307694589,0.022269672286218865,2.2269672286218865e-05,1.3998829457019188,-0.016422302425622037
2009-12-18,0.021562841792391433,0.021540172389685513,0.022669402705919592,2.266940270591959e-05,1.430036665677719,0.0
2009-12-25,-0.004336465962526333,-0.004632775377915168,0.29630941538883504,0.00029630941538883506,1.4234116270234514,-0.004632775377915177
2010-01-01,0.026325852889185156,0.026310900464427515,0.014952424757639547,1.4952424757639548e-05,1.4608628686619742,0.0
2010-01-08,-0.00900248773846793,-0.009025823837121395,0.02333609865346558,2.333609865346558e-05,1.4476773777592395,-0.00902582383712136
2010-01-15,-0.03785155286523437,-0.03788204057037334,0.03048770513896941,3.048770513896941e-05,1.3928364046021524,-0.04656594778271572
2010-01-22,-0.015837706063655223,-0.01586069953483038,0.022993471175157407,2.2993471175157408e-05,1.3707450448875842,-0.06168807881120986
2010-01-29,-0.008441315306478084,-0.00877233996163066,0.3310246551525762,0.0003310246551525762,1.3587204033531097,-0.06991926997392872
2010-02-05,0.009419758681248684,0.009401060597365299,0.018698083883385504,1.8698083883385504e-05,1.371493816199909,-0.061175524670511794
2010-02-12,0.029201820762344417,0.029185729423626766,0.016091338717650644,1.6091338717650643e-05,1.411521863625697,-0.03377524755726691
2010-02-19,-0.0004187834123494869,-0.0004368413677013815,0.018057955351894583,1.8057955351894585e-05,1.4109052524842502,-0.034197334499630916
2010-02-26,0.04027407749189122,0.04001944268388047,0.25463480801075045,0.00025463480801075043,1.4673688943684295,0.0
2010-03-05,0.014665718123009217,0.014624633547919878,0.04108457508933923,4.108457508933923e-05,1.4888286267281843,0.0
2010-03-12,0.003938204322057066,0.003914238969206765,0.02396535285030085,2.396535285030085e-05,1.4946562577573945,0.0
2010-03-19,0.0047167862781891876,0.004678969129682223,0.03781714850696405,3.781714850696405e-05,1.5016497082469278,0.0
2010-03-26,0.008845453666162573,0.008552554296403225,0.29289936975934716,0.00029289936975934717,1.5144926489108879,0.0
2010-04-02,0.018947045684796847,0.018912490976298886,0.03455470849796099,3.455470849796099e-05,1.5431354774670862,0.0
2010-04-09,-0.009636940257215891,-0.009656859034588,0.019918777372108246,1.9918777372108245e-05,1.5282336356899149,-0.009656859034588017
2010-04-16,0.027944383362738686,0.027910929307913262,0.03345405482542493,3.345405482542493e-05,1.5708880566616312,0.0
2010-04-23,-0.015586899692679722,-0.015602737242331506,0.015837549651783262,1.5837549651783263e-05,1.546377903076423,-0.015602737242331521
2010-04-30,-0.05635212074476879,-0.05647304303494603,0.12092229017724287,0.00012092229017724288,1.4590492372076986,-0.0711946462255284
2010-05-07,0.029944543415567872,0.029908257956351676,0.03628545921619661,3.6285459216196606e-05,1.5026868581651247,-0.043415696113600966
2010-05-14,-0.04238777127604706,-0.04241077835749768,0.023007081450619776,2.3007081450619776e-05,1.438956738882759,-0.08398518100598817
2010-05-21,0.013260956897450056,0.013228710351239306,0.03224654621075012,3.224654621075012e-05,1.4579922807894032,-0.07186748628807338
2010-05-28,-0.018528385411608696,-0.01884672080450058,0.31833539289188495,0.000318335392891885,1.4305139073382485,-0.08935974064358132
2010-06-04,0.02237280066398703,0.022360110419756652,0.012690244230379247,1.2690244230379248e-05,1.4625003562633292,-0.0689977238916959
2010-06-11,0.016121275303421372,0.016072673886339303,0.04860141708207032,4.8601417082070315e-05,1.4860066475482048,-0.05403402792036749
2010-06-18,-0.014362124248051385,-0.014386576374519755,0.024452126468369986,2.4452126468369986e-05,1.4646280994202083,-0.0676432396253881
2010-06-25,-0.03156794748347752,-0.03175757426853948,0.18962678506196098,0.000189626785061961,1.4181150637770814,-0.09725262868775952
2010-07-02,0.021894684042357438,0.02188924660696824,0.005437435389197036,5.437435389197036e-06,1.4491565341251544,-0.07749216885331356
2010-07-09,-0.00831433581528094,-0.008322007959249604,0.0076721439686635836,7.672143968663583e-06,1.4370966419139664,-0.08516928636658638
2010-07-16,0.0225025181526721,0.02249804342728629,0.0044747253858129915,4.474725385812991e-06,1.469428504572954,-0.06458738524264662
2010-07-23,0.0033494184824248334,0.0033416380338373033,0.007780448587530231,7.78044858753023e-06,1.4743388027518398,-0.06146157487184212
2010-07-30,0.00775151099134696,0.007616158216617468,0.13535277472949164,0.00013535277472949165,1.485567600338496,-0.054313517733691086
2010-08-06,-0.006734199737057395,-0.0067497398112823515,0.015540074224956483,1.5540074224956483e-05,1.4755404055641401,-0.06069665543203562
2010-08-13,0.009308418603119283,0.009286682183201765,0.021736419917517565,2.1736419917517567e-05,1.489243280359087,-0.05197364379741454
2010-08-20,0.0017229609240514193,0.0017125475631333193,0.010413360918100115,1.0413360918100116e-05,1.4917936803097784,-0.05035010357131364
2010-08-27,0.011865057367187539,0.011763154805998892,0.1019025611886476,0.0001019025611886476,1.5093418803098733,-0.039179224828122194
2010-09-03,-0.0033242543711103365,-0.0033419720529991527,0.017717681888816294,1.7717681888816293e-05,1.5042977019274566,-0.042390261006687524
2010-09-10,0.00895228613891375,0.00894139438010576,0.010891758807991387,1.0891758807991388e-05,1.5177482209454767,-0.0338278946681182
2010-09-17,0.008137557876823135,0.008117125037083964,0.02043283973917197,2.043283973917197e-05,1.5300679730297029,-0.025985354881796652
2010-09-24,0.008614785182406905,0.008436208358131,0.1785768242759059,0.00017857682427590592,1.5429759452522847,-0.01776836439170837
2010-10-01,0.01131531127788777,0.011306979172036075,0.008332105851695061,8.332105851695062e-06,1.560422342128205,-0.006662291745770488
2010-10-08,-0.003222594233324424,-0.0032492426673420265,0.026648434017602442,2.6648434017602443e-05,1.5553521512750883,-0.009889887010509857
2010-10-15,0.00029707889566320353,0.0002777854480379241,0.019293447625279427,1.9293447625279426e-05,1.5557842054692872,-0.009614848829166078
2010-10-22,0.0014802497018380207,0.0014573895337081906,0.022860168129830223,2.2860168129830223e-05,1.5580515890870468,-0.008171471875509595
2010-10-29,0.018161485808999397,0.018023796732940568,0.13768907605883093,0.00013768907605883095,1.586133594228187,0.0
2010-11-05,-0.02851163530818476,-0.028535202070983333,0.02356676279857204,2.356676279857204e-05,1.5408729516053103,-0.02853520207098348
2010-11-12,-0.00401756165587919,-0.0040537083263221425,0.036146670442953034,3.6146670442953036e-05,1.5346267020915834,-0.03247323701107707
2010-11-19,1.8510551342828062e-05,-1.1848725200687454e-05,0.030359276543515515,3.0359276543515516e-05,1.5346085187215046,-0.03248470096981615
2010-11-26,0.022418391184340178,0.022269249334643273,0.14914184969690447,0.00014914184969690449,1.5687830984559814,-0.01093886154063095
2010-12-03,-0.010316213630238947,-0.010333032292737222,0.016818662498275835,1.6818662498275837e-05,1.5525728120393354,-0.021158862223823127
2010-12-10,-0.00032294083938341013,-0.0003354438340375434,0.012502994654133254,1.2502994654133254e-05,1.5520520110626426,-0.021487208447992345
2010-12-17,0.010860207148189473,0.010838600781306263,0.021606366883209247,2.1606366883209247e-05,1.568874083202374,-0.010881498940958578
2010-12-24,0.016786697420610577,0.01676960522766179,0.017092192948789595,1.7092192948789594e-05,1.5951834822295876,0.0
2010-12-31,-0.014200416942411448,-0.014316519022784992,0.11610208037354375,0.00011610208037354375,1.5723460075614153,-0.014316519022784968
2011-01-07,0.007140745802646366,0.0071246806438772054,0.016065158769160332,1.606515876916033e-05,1.5835484707269656,-0.007293839004877234
2011-01-14,-0.00581470180625225,-0.005844108508892598,0.029406702640347546,2.9406702640347546e-05,1.5742940416349462,-0.01309532152717896
2011-01-21,0.003274281527547638,0.003258070693839853,0.016210833707785297,1.6210833707785296e-05,1.5794232029154838,-0.009879916316633208
2011-01-28,0.013336042422649635,0.013081687750375728,0.2543546722739072,0.0002543546722739072,1.6000847240817224,0.0
2011-02-04,0.007835068000576291,0.007821896549549135,0.013171451027155365,1.3171451027155367e-05,1.6126004212640035,0.0
2011-02-11,0.010625942224188435,0.01058337839039807,0.042563833790362965,4.2563833790362964e-05,1.6296671817147559,0.0
2011-02-18,-0.003927946813390657,-0.003954727983260102,0.02678116986944456,2.678116986944456e-05,1.6232222913078278,-0.003954727983260131
2011-02-25,0.006050551878488917,0.005937039349832035,0.11351252865688297,0.00011351252865688297,1.632859425924847,0.0
2011-03-04,-0.013893636740014675,-0.013912524429699891,0.018887689685215002,1.8887689685215003e-05,1.6101422292714018,-0.013912524429699924
2011-03-11,-0.01001078917992407,-0.010034194050013238,0.0234048700891687,2.34048700891687e-05,1.5939857496947716,-0.023807117509860087
2011-03-18,0.017274368300108697,0.01724518274429345,0.029185555815246126,2.9185555815246126e-05,1.6214743252400574,-0.006972492857639012
2011-03-25,0.010215088112726253,0.00997794253452227,0.23714557820398197,0.00023714557820398197,1.637653302878506,0.0
2011-04-01,0.000180236850956999,0.00016796134352200696,0.012275507434992046,1.2275507434992046e-05,1.6379283653274808,0.0
2011-04-08,0.0020157660691408424,0.0020057110900416667,0.010054979099175486,1.0054979099175487e-05,1.6412135764145122,0.0
2011-04-15,0.010739951508789874,0.010708712052444344,0.031239456345530103,3.123945634553011e-05,1.6587888600208973,0.0
2011-04-22,0.015844365896344786,0.015816698692358435,0.02766720398635085,2.766720398635085e-05,1.6850254236140887,0.0
2011-04-29,-0.02639359905351226,-0.02672332608037033,0.3297270268580684,0.0003297270268580684,1.6399959397651354,-0.026723326080370313
2011-05-06,-0.0038341757077953145,-0.003873119240703466,0.03894353290815118,3.8943532908151184e-05,1.6336440399361556,-0.030492942692656122
2011-05-13,0.005135124502452407,0.005109972083654725,0.025152418797682787,2.5152418797682788e-05,1.6419919153748583,-0.02553878869490933
2011-05-20,0.008485995397603696,0.008452719989575957,0.03327540802773986,3.327540802773986e-05,1.6558712132606694,-0.017301940935044446
2011-05-27,-0.0037118996225848663,-0.004060833344511826,0.3489337219269593,0.00034893372192695935,1.6491469962236434,-0.021292513980882388
2011-06-03,-0.02122236078607593,-0.021246792569179922,0.02443178310399276,2.443178310399276e-05,1.6141079120787933,-0.04208690892223421
2011-06-10,-0.003047577359169806,-0.0030863336511510464,0.03875629198124065,3.875629198124065e-05,1.6091262365131553,-0.045043348330105704
2011-06-17,-0.0021528548034296085,-0.0021789752292676536,0.02612042583804527,2.612042583804527e-05,1.6056199903030284,-0.047124175219118825
2011-06-24,0.036466399753446885,0.03625767990574004,0.20871984770684596,0.00020871984770684597,1.6638360459616932,-0.012575108574295557
2011-07-01,0.006905959522847191,0.006880188696845707,0.025770826001483733,2.5770826001483732e-05,1.6752835519185234,-0.005781438997324195
2011-07-08,-0.012502129079412486,-0.012528475684271947,0.026346604859461484,2.6346604859461486e-05,1.6542948026740514,-0.01823748206369813
2011-07-15,0.018236979637670844,0.018204239116563846,0.03274052110699626,3.274052110699626e-05,1.6844099808312185,-0.00036524243150592994
2011-07-22,-0.02003272710247802,-0.020052405040817522,0.01967793833950377,1.9677938339503772e-05,1.6506335096407954,-0.02041032348314875
2011-07-29,-0.04281230692721031,-0.04309581761132644,0.28351068411613045,0.00028351068411613045,1.579498108966172,-0.06262654151625724
2011-08-05,0.012940356673782648,0.012894816967708618,0.04553970607402988,4.553970607402988e-05,1.5998654479821326,-0.0505392823387214
2011-08-12,0.00042499326549285863,0.0004061072675480504,0.018885997944808216,1.8885997944808217e-05,1.6005151649676572,-0.050153699441027766
2011-08-19,0.014712716466548051,0.014700425549919122,0.0122909166289297,1.2290916628929702e-05,1.6240434189917807,-0.03619055461579457
2011-08-26,0.006959748182547054,0.006351668330995549,0.6080798515515045,0.0006080798515515044,1.6343588041443526,-0.030068756684433207
2011-09-02,-0.0036605567669937087,-0.003669709041807648,0.009152274813938908,9.152274813938909e-06,1.6283611828632263,-0.03362812213796007
2011-09-09,0.001697485399043514,0.0016664567900079197,0.031028609035594276,3.102860903559428e-05,1.6310747764129943,-0.032017705160424015
2011-09-16,-0.01670630650389839,-0.016720938419787373,0.0146319158889823,1.46319158889823e-05,1.603801675518524,-0.04820327750388109
2011-09-23,-0.003541401041874858,-0.003553352544956075,0.011951503081216758,1.1951503081216759e-05,1.5981028027532156,-0.05158534681004345
2011-09-30,-0.0013426207809499498,-0.0014482771493013714,0.10565636835142167,0.00010565636835142168,1.5957883069817536,-0.05295891408032105
2011-10-07,0.0032481527994970274,0.0032434246807819954,0.004728118715031971,4.728118715031971e-06,1.6009641261619214,-0.04988725764853463
2011-10-14,-0.0014401565863075725,-0.0014444583975978368,0.0043018112902643265,4.301811290264327e-06,1.598651600085634,-0.05125965597788895
2011-10-21,0.008918140443549018,0.00890821071319115,0.00992973035786874,9.92973035786874e-06,1.6128927253961771,-0.042808077081234464
2011-10-28,0.006359184203142201,0.006312151067427491,0.04703313571471046,4.703313571471046e-05,1.6230735479344327,-0.036766137063249715
2011-11-04,-0.0014611942196953204,-0.0014646431290481219,0.003448909352801483,3.448909352801483e-06,1.6206963244145107,-0.03817693092226648
2011-11-11,-0.0026301702260972328,-0.0026361555703747186,0.005985344277486077,5.985344277486077e-06,1.6164239167710197,-0.04071244616353065
2011-11-18,-0.0055635796934628045,-0.005583690450639746,0.020110757176941454,2.0110757176941455e-05,1.6073983059827597,-0.04606881091730486
2011-11-25,0.01609025853587965,0.015704521334541824,0.38573720133782446,0.0003857372013378245,1.6326417269721725,-0.031087778206670746
2011-12-02,-0.007069057626937927,-0.007079531945562382,0.010474318624454705,1.0474318624454705e-05,1.6210833877104147,-0.037947223233302574
2011-12-09,-0.003596914828341169,-0.0036177946959400978,0.020879867598928584,2.0879867598928584e-05,1.6152186408286793,-0.04142773266630362
2011-12-16,-0.002607292123716171,-0.002636938356412325,0.029646232696153737,2.9646232696153738e-05,1.610959408840686,-0.043955428645428896
2011-12-23,0.002138175551869887,0.0021005406093943984,0.03763494247548883,3.763494247548883e-05,1.6143432944990417,-0.041947218198907676
2011-12-30,0.0008868787966492573,0.0007050301103079168,0.18184868634134055,0.00018184868634134056,1.6154814551300374,-0.04127176214047357
2012-01-06,0.008765935333568401,0.008752267438481088,0.013667895087312906,1.3667895087312906e-05,1.629620580867242,-0.03288071620190336
2012-01-13,-0.0013911851331180462,-0.0014084422038478422,0.01725707072979614,1.725707072979614e-05,1.6273253544648896,-0.034242847817359645
2012-01-20,0.01583553111528664,0.015819565226012237,0.015965889274403754,1.5965889274403752e-05,1.6530689340537903,-0.01896498955591852
2012-01-27,0.0009275477958204227,0.0007811715551021055,0.1463762407183172,0.0001463762407183172,1.6543602644836959,-0.018198632911200385
2012-02-03,-0.002748664539932348,-0.0027794616738418244,0.030797133909476453,3.0797133909476454e-05,1.6497620335338368,-0.02092751218234923
2012-02-10,0.0010012245987618626,0.0009521806890022668,0.04904390975959583,4.904390975959583e-05,1.6513329050836167,-0.019995258266315874
2012-02-17,0.011280082724832769,0.01124647705800065,0.033605666832117465,3.3605666832117466e-05,1.6699045827157613,-0.008973657421676107
2012-02-24,-0.004789073883849928,-0.004950530074406317,0.16145619055638932,0.00016145619055638933,1.661637669857638,-0.013879763135138945
2012-03-02,-0.003925954616006848,-0.003978050917327418,0.05209630132057106,5.2096301320571065e-05,1.6550275906007952,-0.017802599647994244
2012-03-09,-0.011357611350615285,-0.011412483038000779,0.05487168738549427,5.487168738549427e-05,1.6361396162956403,-0.029011910819479958
2012-03-16,0.0026478792251195264,0.002611618278064783,0.036260947054743524,3.626094705474352e-05,1.640412588423024,-0.026476060577992788
2012-03-23,0.003075305437019795,0.0030347781131193213,0.040527323900473575,4.0527323900473574e-05,1.6453908766428555,-0.023521631434037293
2012-03-30,-0.005418251940769287,-0.005574463026952083,0.15621108618279603,0.00015621108618279602,1.6362187060361257,-0.02896497399622666
2012-04-06,0.004604258030103088,0.004561614850382524,0.04264317972056385,4.264317972056385e-05,1.6436825055840536,-0.024535486201366474
2012-04-13,0.003668075451602395,0.003608896185466568,0.059179266135826844,5.917926613582685e-05,1.649614385108574,-0.021015136038460502
2012-04-20,0.011314795947134082,0.011240694055947811,0.07410189118627042,7.410189118627042e-05,1.66815719572187,-0.010010666697265247
2012-04-27,-0.006663323219761724,-0.006785709345608583,0.12238612584685926,0.00012238612584685926,1.6568375658489158,-0.016728446568310407
2012-05-04,-0.0013975485112611003,-0.0014206442745939804,0.02309576333288017,2.309576333288017e-05,1.6544837890470603,-0.018125325671064285
2012-05-11,-0.021255997413279715,-0.021291450414024866,0.0354530007451529,3.54530007451529e-05,1.6192574294917568,-0.03903086161232561
2012-05-18,0.005760609166212809,0.00570910969488582,0.05149947132698855,5.1499471326988556e-05,1.6285019477809841,-0.033544583387870475
2012-05-25,0.0004983660855640533,0.0002616444525113625,0.23672163305269084,0.00023672163305269085,1.628928036281525,-0.03329171568951428
2012-06-01,0.010530732842961757,0.010507560339827957,0.02317250313380115,2.3172503133801153e-05,1.6460440959119906,-0.023133970061110287
2012-06-08,0.0051887331536608515,0.005157724410764129,0.03100874289672256,3.100874289672256e-05,1.6545339377266701,-0.018095564292448185
2012-06-15,-0.0017350782062496128,-0.0017453457874532143,0.010267581203601524,1.0267581203601524e-05,1.6516462038882604,-0.0198093270629921
2012-06-22,0.0107872569941464,0.010739081643642937,0.04817535050346232,4.817535050346232e-05,1.6693833673182294,-0.009282979399984237
2012-06-29,0.009378569128898636,0.009137516358141211,0.2410527707574252,0.0002410527707574252,1.6846373851451089,-0.00023028641796252192
2012-07-06,0.007101099342291811,0.007046270034326505,0.054829307965306245,5.4829307965306244e-05,1.696507795070763,0.0
2012-07-13,0.002657028549501688,0.0026159916861890832,0.04103686331260505,4.103686331260506e-05,1.700945845358223,0.0
2012-07-20,0.0009272571220671434,0.0009127175042323778,0.014539617834765565,1.4539617834765566e-05,1.7024983284050326,0.0
2012-07-27,0.002709792209345156,0.002573645767717045,0.13614644162811085,0.00013614644162811084,1.7068799560224774,0.0
2012-08-03,-0.005187047339078574,-0.005205886844949965,0.01883950587139015,1.883950587139015e-05,1.6979941321135112,-0.005205886844949936
2012-08-10,-0.005345181071846775,-0.005390717314649421,0.045536242802646024,4.553624280264602e-05,1.6888407257453537,-0.010568540695246265
2012-08-17,0.009290984196309101,0.009277068230123942,0.01391596618515999,1.391596618515999e-05,1.7045082163879055,-0.0013895175382448999
2012-08-24,0.0075472432290027746,0.00750173437061888,0.04550885838389462,4.5508858383894616e-05,1.717294984259785,0.0
2012-08-31,0.005839428416218659,0.005658062927576443,0.18136548864221624,0.00018136548864221624,1.7270115473459384,0.0
2012-09-07,0.0035423621286784553,0.0035262756884518066,0.01608644022664889,1.608644022664889e-05,1.7331014661790198,0.0
2012-09-14,-0.0031117895115514048,-0.003134423294044027,0.02263378249262201,2.263378249262201e-05,1.7276691925724865,-0.0031344232940440087
2012-09-21,-0.00452799125203297,-0.004543190542477546,0.015199290444575988,1.5199290444575987e-05,1.7198200622362614,-0.007663373554255948
2012-09-28,0.005331579954933311,0.005221770417353979,0.1098095375793319,0.0001098095375793319,1.7288005677604188,-0.0024816195142245423
2012-10-05,-0.006491790538029229,-0.006513120449012128,0.021329910982898798,2.13299109828988e-05,1.7175406814302747,-0.008978576876431887
2012-10-12,0.0020693587826695163,0.0020542868118316217,0.015071970837894737,1.5071970837894738e-05,1.7210690026009212,-0.006942734636666503
2012-10-19,-0.010469592640512768,-0.010494976267736822,0.0253836272240551,2.53836272240551e-05,1.703006424263487,-0.017364847069158307
2012-10-26,0.00225745063519597,0.002092015214834081,0.16543542036188877,0.00016543542036188876,1.7065691396140064,-0.015309159378596227
2012-11-02,-0.01041715953851729,-0.010486239176633026,0.06907963811573521,6.907963811573521e-05,1.688673647444553,-0.025634863048392242
2012-11-09,-0.010261267209069204,-0.010301040122935772,0.03977291386656789,3.977291386656789e-05,1.6712785524476823,-0.035671837418520536
2012-11-16,0.018353918914935197,0.01826312694020214,0.09079197473305896,9.079197473305896e-05,1.7018013248034713,-0.018060189773283164
2012-11-23,0.004337087224999558,0.004275676888500967,0.0614103364985904,6.141033649859041e-05,1.709077677396754,-0.013861732420797801
2012-11-30,0.005300448050714929,0.00514562608014789,0.1548219705670386,0.0001548219705670386,1.7178719520665653,-0.008787433632510333
2012-12-07,-0.0005538023363761996,-0.0005777896738125874,0.02398733743638779,2.398733743638779e-05,1.7168793833917289,-0.009360146017910798
2012-12-14,0.006683937323229997,0.00662964207457819,0.05429524865180677,5.4295248651806774e-05,1.7282616791888386,-0.002792558361197184
2012-12-21,-0.0029552022144685016,-0.0029851253117291554,0.029923097260653706,2.992309726065371e-05,1.7231026015050004,-0.005769347536277891
2012-12-28,0.013750483385202555,0.013612015450491689,0.13846793471086644,0.00013846793471086643,1.746557500739469,0.0
2013-01-04,0.005519474416922371,0.005487895179511862,0.031579237410508214,3.1579237410508215e-05,1.7561424252285174,0.0
2013-01-11,0.003327205984743655,0.0032954384754009716,0.03176750934268336,3.176750934268336e-05,1.7619296845448993,0.0
2013-01-18,0.0045933243466321615,0.004552063151937938,0.04126119469422302,4.126119469422302e-05,1.7699500997382218,0.0
2013-01-25,0.0009445379842610556,0.0007949930006391438,0.14954498362191182,0.00014954498362191183,1.7713571976789944,0.0
2013-02-01,-0.004890445507587719,-0.004936332273712712,0.045886766124993726,4.588676612499373e-05,1.7626131899758182,-0.004936332273712707
2013-02-08,-0.0011618064035694119,-0.0012577691401216501,0.09596273655223816,9.596273655223816e-05,1.7603962294994953,-0.006187892647435134
2013-02-15,-0.0005432263038171885,-0.0005659935269235232,0.022767223106334784,2.2767223106334786e-05,1.7593998566287778,-0.006750383867174969
2013-02-22,-0.001270373673432286,-0.001427543917132811,0.1571702437005248,0.0001571702437005248,1.756888236065643,-0.008168291314879839
2013-03-01,0.014161027364926046,0.014146038193831922,0.014989171094122558,1.4989171094122558e-05,1.7817412441553215,0.0
2013-03-08,0.001753564176852453,0.0017396984379559207,0.013865738896532278,1.3865738896532278e-05,1.78484093661462,0.0
2013-03-15,-0.005286646485793582,-0.005311924550968737,0.025278065175154546,2.5278065175154547e-05,1.7753599962238429,-0.0053119245509687385
2013-03-22,0.0024654231705070993,0.002433953701836417,0.03146946867068217,3.146946867068217e-05,1.7796811402587445,-0.0028908998275568587
2013-03-29,0.0017148453605717962,0.0015527087735955174,0.1621365869762788,0.00016213658697627882,1.7824444667794268,-0.0013426797794870993
2013-04-05,0.01784419366061249,0.01782972094409988,0.014472716512610681,1.4472716512610682e-05,1.814224954220459,0.0
2013-04-12,-0.009982361480632841,-0.009996559313842962,0.014197833210121018,1.4197833210121019e-05,1.79608894685694,-0.009996559313842912
2013-04-19,0.015168036585513914,0.015151176186870768,0.01686039864314656,1.686039864314656e-05,1.8233018069380609,0.0
2013-04-26,0.014567134934037874,0.014372901771676983,0.19423316236089017,0.00019423316236089018,1.8495079447093028,0.0
2013-05-03,0.00232728341838208,0.0023143501481618835,0.012933270220196422,1.2933270220196423e-05,1.8537883536951674,0.0
2013-05-10,0.007111813188065696,0.007092537620357501,0.019275567708194573,1.9275567708194573e-05,1.866936417333931,0.0
2013-05-17,-0.0174712359456033,-0.017491691507666024,0.020455562062724177,2.0455562062724176e-05,1.8342805414574985,-0.017491691507666052
2013-05-24,-0.020257562700994325,-0.020275166233057713,0.017603532063386364,1.7603532063386365e-05,1.7970901985613847,-0.0374122107877084
2013-05-31,0.0015030323869559047,0.001305678443719774,0.1973539432361306,0.0001973539432361306,1.7994366204950665,-0.036155380661145986
2013-06-07,-0.006165373746768323,-0.006177299375111901,0.011925628343577629,1.1925628343577629e-05,1.7883209617837288,-0.042109337425892956
2013-06-14,-0.028931307870056728,-0.028940741992348796,0.009434122292066827,9.434122292066827e-06,1.7365656262292368,-0.0698314039483302
2013-06-21,0.015702192099404447,0.015673611994849276,0.028580104555170953,2.8580104555170952e-05,1.7637838820583465,-0.05525230228402256
2013-06-28,0.006585129984932659,0.006317032561613917,0.2680974233187417,0.00026809742331874173,1.7749257622729588,-0.04928430031504094
2013-07-05,0.023432831868304752,0.02340945673049097,0.02337513781378468,2.337513781378468e-05,1.8164758101047214,-0.0270285622802674
2013-07-12,0.00980812505288735,0.00980086944593295,0.007255606954398535,7.255606954398536e-06,1.8342788523712532,-0.01749259624455457
2013-07-19,-0.003926053248095356,-0.003934784727348787,0.008731479253430577,8.731479253430578e-06,1.827061359957244,-0.02135855137135856
2013-07-26,0.006208673402163561,0.005935103919453028,0.27356948271053244,0.00027356948271053244,1.8379051589958075,-0.015550212673863473
2013-08-02,-0.004300511881165206,-0.004305686836040542,0.005174954875335803,5.174954875335803e-06,1.8299917149468283,-0.01978894516389651
2013-08-09,-0.014242359295826856,-0.014258026919598883,0.015667623772027406,1.5667623772027406e-05,1.8038996438124735,-0.03376482077063814
2013-08-16,0.005000254220092744,0.004989515762328184,0.010738457764560465,1.0738457764560466e-05,1.8129002295189338,-0.028943775113757342
2013-08-23,-0.018490283129220013,-0.018509101883680004,0.018818754459991118,1.881875445999112e-05,1.779345074465821,-0.046917153714958415
2013-08-30,0.01299525742481302,0.012755851989342324,0.23940543547069534,0.00023940543547069535,1.8020421368736723,-0.03475976999416541
2013-09-06,0.015170357966112541,0.015146806442045321,0.023551524067219467,2.3551524067219466e-05,1.8293373203213075,-0.020139463060191765
2013-09-13,0.014436625408275484,0.014430647673131774,0.005977735143710642,5.9777351437106425e-06,1.8557358426661752,-0.005999440882807683
2013-09-20,-0.002038079871700543,-0.002051754395257185,0.013674523556641935,1.3674523556641935e-05,1.8519283284945487,-0.008038885898864478
2013-09-27,0.0003052679981214573,0.00012850446284754422,0.17676353527391309,0.00017676353527391309,1.8521663095496341,-0.007911414468731115
2013-10-04,0.005913264820851617,0.005891062892297511,0.022201928554106427,2.2201928554106428e-05,1.8630775377661855,-0.00206695821663605
2013-10-11,0.019030151087706143,0.019016828919782045,0.013322167924096589,1.3322167924096588e-05,1.8985073645661739,0.0
2013-10-18,0.003992919190637971,0.003977752542667363,0.015166647970607825,1.5166647970607826e-05,1.9060591570628498,0.0
2013-10-25,-0.0077672701754730586,-0.007917955388279918,0.1506852128068587,0.0001506852128068587,1.8909670656898039,-0.007917955388279885
2013-11-01,-0.004637071431656577,-0.004649401187542892,0.012329755886314412,1.2329755886314412e-05,1.8821752011689812,-0.012530542824637503
2013-11-08,0.013202237445330375,0.01318733604726425,0.014901398066124522,1.4901398066124522e-05,1.9069960780466237,0.0
2013-11-15,-0.0003152200231302984,-0.00032302561195060516,0.007805588820306728,7.80558882030673e-06,1.9063800694715254,-0.0003230256119505226
2013-11-22,0.004093705226218193,0.004085847175957292,0.007858050260900714,7.858050260900715e-06,1.914169247094677,0.0
2013-11-29,-0.004421439920371394,-0.0044714216405070525,0.04998172013565905,4.9981720135659046e-05,1.9056101892996247,-0.004471421640507067
2013-12-06,-0.013856754804618435,-0.013869983902542895,0.013229097924460564,1.3229097924460565e-05,1.879179406649517,-0.018279386996874702
2013-12-13,0.017894008396338697,0.017862554792184224,0.031453604154474346,3.1453604154474345e-05,1.9127463517651384,-0.0007433487564896257
2013-12-20,0.012461686010344433,0.01244421596254192,0.01747004780251388,1.747004780251388e-05,1.936548980448068,0.0
2013-12-27,-0.003626429706258899,-0.0037884631573493416,0.1620334510904427,0.0001620334510904427,1.929212435983238,-0.0037884631573493754
2014-01-03,0.0067460057348511,0.006739224941692152,0.00678079315894853,6.78079315894853e-06,1.9422138325496392,0.0
2014-01-10,0.0010910333440175436,0.0010797451894470624,0.011288154570481018,1.1288154570481019e-05,1.9443109285922122,0.0
2014-01-17,-0.01642005533736504,-0.01644255181143998,0.022496474074940175,2.2496474074940176e-05,1.9123414954112858,-0.016442551811439943
2014-01-24,-0.005113422528694579,-0.005120675499195912,0.007252970501333255,7.252970501333255e-06,1.9025490151696376,-0.021479030338430793
2014-01-31,0.0066956068497852185,0.006556954299171137,0.13865255061408205,0.00013865255061408204,1.9150239421140383,-0.015062913059579075
2014-02-07,0.014469183705435578,0.01444572704908692,0.02345665634865838,2.345665634865838e-05,1.9426878552742841,-0.0008347807411149821
2014-02-14,0.002457385143271977,0.0024470168535089603,0.010368289763016545,1.0368289763016546e-05,1.9474416451972474,0.0
2014-02-21,0.007709648786524044,0.007691546021263669,0.018102765260375166,1.8102765260375166e-05,1.9624204822350073,0.0
2014-02-28,0.0009998919483204577,0.0008316441658529493,0.16824778246750843,0.00016824778246750843,1.9640525177800083,0.0
2014-03-07,-0.0077816569215181375,-0.00779493571940698,0.013278797888842722,1.3278797888842721e-05,1.948742854654374,-0.007794935719406926
2014-03-14,0.001577439900631788,0.001551954156961878,0.025485743669909876,2.5485743669909877e-05,1.9517672142285047,-0.006255078945337833
2014-03-21,-0.0006166545416816302,-0.0006463343766259154,0.02967983494428517,2.967983494428517e-05,1.9505057199827776,-0.006897370449412854
2014-03-28,0.0019399203294683716,0.0018700773723260235,0.06984295714234806,6.984295714234806e-05,1.9541533165943097,-0.005040191693492901
2014-04-04,-0.009171258409884201,-0.009184419228624523,0.013160818740321913,1.3160818740321912e-05,1.9362055532977005,-0.014178319688611829
2014-04-11,0.010204830273698695,0.010169504672542459,0.03532560115623641,3.532560115623641e-05,1.9558958047189643,-0.0041530015043913515
2014-04-18,0.0009689542078735911,0.0009270998024309254,0.04185440544266565,4.185440544266565e-05,1.9577091153330946,-0.0032297519488347914
2014-04-25,0.005795930771673089,0.005553945539985526,0.24198523168756264,0.00024198523168756264,1.968582125142788,0.0
2014-05-02,-0.003422687040509607,-0.003455581669132692,0.03289462862308482,3.289462862308482e-05,1.9617795288369622,-0.0034555816691327346
2014-05-09,0.003157578853568643,0.003136367881864062,0.021210971704581326,2.1210971704581326e-05,1.9679323911425048,-0.00033005176262890235
2014-05-16,0.003359792165684375,0.003340287095982639,0.019505069701735947,1.9505069701735947e-05,1.9745058503144044,0.0
2014-05-23,0.0034059991648649527,0.003386321824962292,0.019677339902660643,1.9677339902660642e-05,1.98119216256884,0.0
2014-05-30,0.0023971592860915158,0.0022369451594036562,0.1602141266878596,0.00016021412668785958,1.985623980786747,0.0
2014-06-06,-0.0015265626348645082,-0.001556728207819627,0.030165572955118937,3.0165572955118937e-05,1.9825329039257333,-0.001556728207819602
2014-06-13,0.005324039299581869,0.005306683915731401,0.01735538385046839,1.7355383850468388e-05,1.9930535793994044,0.0
2014-06-20,0.0012275752612149154,0.001192283595614083,0.03529166560083249,3.529166560083249e-05,1.9954298644873025,0.0
2014-06-27,-0.0016549693311025246,-0.0020037769364835588,0.34880760538103434,0.00034880760538103433,1.9914314681464724,-0.00200377693648357
2014-07-04,0.000558707092958496,0.0005052053763085205,0.0535017166499756,5.35017166499756e-05,1.99243755003073,-0.0014995838790562432
2014-07-11,0.005734941778460459,0.005711513511801189,0.023428266659270048,2.3428266659270047e-05,2.0038173840191504,0.0
2014-07-18,0.0032422931329999555,0.003201139473311222,0.04115365968873384,4.1153659688733846e-05,2.010231882944441,0.0
2014-07-25,-0.015638996227502297,-0.015780200624260023,0.14120439675772672,0.00014120439675772671,1.978510020530294,-0.01578020062426
2014-08-01,6.469721113867169e-05,4.484670903977313e-05,0.019850502098898562,1.9850502098898562e-05,1.9785987501935167,-0.0157360616052864
2014-08-08,0.012791524626201705,0.01276682224553511,0.02470238066659486,2.470238066659486e-05,2.003859168732475,-0.0031701388611108383
2014-08-15,0.003718498080663526,0.0036754207945397803,0.04307728612374554,4.307728612374554e-05,2.0112241943905635,0.0
2014-08-22,0.007340024605086148,0.007321203717822032,0.01882088726411668,1.8820887264116683e-05,2.0259487764399093,0.0
2014-08-29,0.0011109744442333556,0.0008331377567488937,0.27783668748446205,0.00027783668748446205,2.0276366708588007,0.0
2014-09-05,-0.02866789630758756,-0.028686654310805994,0.018758003218432386,1.8758003218432386e-05,1.969470558613961,-0.02868665431080597
2014-09-12,0.0024376264642521467,0.0023891139903914334,0.048512473860713445,4.8512473860713444e-05,1.9741758482792093,-0.02636607600756613
2014-09-19,-0.007890110036763319,-0.007916768786923612,0.026658750160294578,2.6658750160294578e-05,1.9585467545436541,-0.034074110666919344
2014-09-26,-0.0008406147173118566,-0.0008921096237004087,0.05149490638855213,5.149490638855213e-05,1.9567995161354583,-0.03493582244857485
2014-10-03,-0.0019990895570189443,-0.0020047674466968078,0.005677889677863469,5.677889677863469e-06,1.952876588165798,-0.03687055169570319
2014-10-10,0.005181164745835341,0.005164930823365517,0.016233922469823425,1.6233922469823423e-05,1.9629630606502442,-0.03189605472126533
2014-10-17,0.01630520464595702,0.01624888564823622,0.05631899772080134,5.631899772080134e-05,1.9948590229544616,-0.016165444418824948
2014-10-24,0.013743834754981624,0.013722602556366465,0.02123219861515902,2.123219861515902e-05,2.0222336804824472,-0.0026646738313650387
2014-10-31,0.0014187262898964334,0.001214375523092155,0.20435076680427836,0.00020435076680427837,2.024689431565998,-0.00145353422295047
2014-11-07,-0.00032653700498291253,-0.0003568051160788584,0.030268111095945856,3.0268111095945857e-05,2.0239670120183444,-0.0018098207105822217
2014-11-14,0.00683183307537892,0.006771121624583567,0.06071145079535264,6.071145079535264e-05,2.0376715388208657,0.0
2014-11-21,0.007759022588966416,0.007734924570477954,0.02409801848846273,2.4098018488462733e-05,2.0534327744730545,0.0
2014-11-28,-0.004581084574455789,-0.004743767773602602,0.16268319914681287,0.00016268319914681286,2.0436917662522496,-0.004743767773602747
2014-12-05,-0.003219800783882355,-0.003254648872505028,0.03484808862267321,3.4848088622673215e-05,2.037040267149469,-0.007982977347671949
2014-12-12,0.014151492803102843,0.014125054181012711,0.026438622090130866,2.6438622090130866e-05,2.06581357129186,0.0
2014-12-19,0.003251815368427783,0.003230876708666728,0.020938659761054926,2.0938659761054927e-05,2.072487960243794,0.0
2014-12-26,0.003015444700950556,0.002823704212225218,0.19174048872533822,0.00019174048872533822,2.0783400532269205,0.0
2015-01-02,0.01495965147022258,0.014947835889621923,0.01181558060065871,1.181558060065871e-05,2.109406739265385,0.0
2015-01-09,0.007055764634793856,0.007041428980535976,0.014335654257880456,1.4335654257880456e-05,2.1242599770109862,0.0
2015-01-16,0.008562085250033347,0.00853466130273048,0.02742394730286664,2.7423947302866638e-05,2.1423898164337207,0.0
2015-01-23,-0.0014424151961777466,-0.0014543891069123507,0.011973910734603969,1.1973910734603968e-05,2.13927394802194,-0.0014543891069122017
2015-01-30,-0.012043644585919732,-0.012219802931704623,0.17615834578489128,0.0001761583457848913,2.113132441960182,-0.013656419690344368
2015-02-06,-0.001878504915319581,-0.0019235016146428316,0.0449966993232507,4.4996699323250696e-05,2.1090678282961175,-0.015553653159662506
2015-02-13,-0.0041948577052196645,-0.004209904500494681,0.015046795275015942,1.5046795275015942e-05,2.100188854153925,-0.01969807826572123
2015-02-20,0.003406470015637016,0.003386070427549328,0.02039958808768783,2.039958808768783e-05,2.107300241525244,-0.0163787069184671
2015-02-27,-0.025289960954575887,-0.025431555226604834,0.14159427202894526,0.00014159427202894525,2.0537083190538574,-0.041393726155534494
2015-03-06,0.00976613573958014,0.009723244698344482,0.04289104123565951,4.289104123565951e-05,2.0736770275790435,-0.0320729627855767
2015-03-13,0.030523138149746245,0.030490718403388267,0.032419746357978826,3.241974635797883e-05,2.1369049298865312,-0.0025601720588458443
2015-03-20,-0.013483029390319144,-0.013512830022681208,0.029800632362064282,2.9800632362064282e-05,2.108029296794345,-0.016038406911667136
2015-03-27,0.005852200049022503,0.0057942142234978485,0.05798582552465507,5.7985825524655065e-05,2.1202436701293808,-0.01033712265361919
2015-04-03,-0.0010476439048824296,-0.0010697661134042055,0.022122208521775887,2.212220852177589e-05,2.1179755052989164,-0.011395830463498458
2015-04-10,-0.0015162156363712398,-0.001543840296764969,0.02762466039372935,2.762466039372935e-05,2.1147056893662746,-0.012922077417978906
2015-04-17,0.00542479200964305,0.005398734287526197,0.026057722116852824,2.6057722116852826e-05,2.1261224234794827,-0.007593105992875326
2015-04-24,-0.01947814851290863,-0.019525899839482986,0.04775132657435631,4.7751326574356313e-05,2.0846079699921436,-0.026970743605270853
2015-05-01,-0.00017353448664386595,-0.0002037481544725372,0.030213667828671263,3.0213667828671263e-05,2.084183234965459,-0.02716899652050908
2015-05-08,0.002011282275467463,0.0019882475152433474,0.023034760224115772,2.3034760224115772e-05,2.088327107103691,-0.025234767695089255
2015-05-15,-0.0044837418620720226,-0.004510548670805433,0.02680680873341075,2.680680873341075e-05,2.0789076060465375,-0.02963149371800944
2015-05-22,-0.0017157085871214231,-0.0017370044644980237,0.02129587737660048,2.1295877376600482e-05,2.075296534253556,-0.03131702814562953
2015-05-29,-0.015454120954313876,-0.01559338335551534,0.13926240120146294,0.00013926240120146294,2.042935639818568,-0.046422073075714554
2015-06-05,0.001644466850736558,0.0016110132490423147,0.03345360169424329,3.345360169424329e-05,2.0462268362012566,-0.044885846401445106
2015-06-12,0.007096108528918094,0.007081724809905841,0.014383719012252424,1.4383719012252424e-05,2.060717651553878,-0.038121990803614114
2015-06-19,-0.009178931284864815,-0.00922062747223044,0.041696187365625595,4.1696187365625594e-05,2.04171654176345,-0.04699110960014452
2015-06-26,-0.00565390973641944,-0.005923475176730262,0.26956544031082236,0.00026956544031082235,2.0296224845103947,-0.05263623410563134
2015-07-03,0.000323270896877315,0.0002976419143573398,0.025628982519975196,2.5628982519975195e-05,2.030226585232107,-0.05235425894075785
2015-07-10,0.01528877301787498,0.015271852622310664,0.01692039556431534,1.692039556431534e-05,2.0612319064316686,-0.03788195284514084
2015-07-17,-0.009794139728697,-0.009815063863174798,0.020924134477796553,2.0924134477796552e-05,2.0410007836332285,-0.047325202921878695
2015-07-24,0.008181092648021086,0.00815397100033965,0.027121647681436482,2.712164768143648e-05,2.057643044834644,-0.039557120253749356
2015-07-31,-0.005180003031225058,-0.00535603885094193,0.1760358197168719,0.0001760358197168719,2.0466222287451394,-0.04470128963178077
2015-08-07,0.0006926749734446232,0.000686404245195176,0.006270728249447239,6.270728249447239e-06,2.048027038931261,-0.04404556854155439
2015-08-14,-0.030562281203116118,-0.030569403426682105,0.007122223565985757,7.1222235659857575e-06,1.9854200741494181,-0.07326852521433225
2015-08-21,0.003438929436366576,0.0034164260436392387,0.022503392727337417,2.2503392727337417e-05,1.9922031149983066,-0.07010241566841413
2015-08-28,-0.004149106686790134,-0.004621470654493697,0.4723639677035633,0.00047236396770356334,1.982996206764551,-0.07439991006608715
2015-09-04,0.0017208372855316272,0.0017132580600699562,0.007579225461670946,7.579225461670946e-06,1.9863935909988788,-0.07281411825160622
2015-09-11,0.0014448850594777512,0.0014328950794157036,0.011989980062047685,1.1989980062047687e-05,1.9892398846012043,-0.07148555816394508
2015-09-18,-0.003516319503542407,-0.003521119880615498,0.004800377073091084,4.800377073091084e-06,1.9822355324962215,-0.0747549688245327
2015-09-25,0.0038772298778837803,0.0037245950336122014,0.152634844271579,0.00015263484427157902,1.9896185571160065,-0.0713088057765422
2015-10-02,0.0028238405236237713,0.002802848582770444,0.0209919408533274,2.09919408533274e-05,1.9951951566690729,-0.0687058249789817
2015-10-09,0.0027829361643242653,0.002763759714251018,0.01917645007324742,1.917645007324742e-05,2.0007093966651435,-0.06613195165594199
2015-10-16,0.0015373179768840835,0.0015151341300225878,0.022183846861495632,2.2183846861495633e-05,2.003740739756288,-0.06471701630295823
2015-10-23,-0.001876444243338443,-0.0018947545744309167,0.01831033109247369,1.8310331092473692e-05,1.999944142823661,-0.06648914801470562
2015-10-30,-0.008462936206375496,-0.008960352668927751,0.49741646255225536,0.0004974164625522554,1.9820239379858047,-0.07485373446876509
2015-11-06,-0.010344986007799532,-0.01036634749222473,0.02136148442519776,2.1361484425197758e-05,1.9614775891067362,-0.0844441221383958
2015-11-13,0.013827558629905973,0.013785365315465953,0.04219331444002082,4.219331444002082e-05,1.988517274230672,-0.07182284989535148
2015-11-20,0.004067230899135698,0.00403474324103726,0.03248765809843804,3.248765809843804e-05,1.99654043086256,-0.0680778934124815
2015-11-27,-0.001459599946927436,-0.0015719055150158754,0.11230556808843949,0.00011230556808843949,1.9934020579483351,-0.0695427869113916
2015-12-04,-0.010827993021460675,-0.010858639513892281,0.03064649243160586,3.064649243160586e-05,1.971756423594823,-0.07964628637142168
2015-12-11,0.0013384286349314338,0.00131173687888504,0.02669175604639389,2.669175604639389e-05,1.974342849211831,-0.07843902446363626
2015-12-18,0.009682089903726775,0.009652063970108047,0.030025933618728847,3.0025933618728847e-05,1.993399332691349,-0.06954405897540406
2015-12-25,-0.0015337957332810094,-0.0019666640472127423,0.43286831393173275,0.00043286831393173276,1.989478985892007,-0.07137395322213269
2016-01-01,-0.0065743327261812015,-0.006590662990537176,0.016330264355974636,1.6330264355974636e-05,1.9763670003692373,-0.07749421454068028
2016-01-08,-0.004743680739338917,-0.004767978816852842,0.02429807751392574,2.4298077513925742e-05,1.9669437243771497,-0.08189270258417458
2016-01-15,0.0022806317432852567,0.0022440204840546187,0.03661125923063822,3.6611259230638216e-05,1.9713575863856347,-0.07983245100221337
2016-01-22,0.004444489955546399,0.0044285176155835285,0.01597233996287052,1.5972339962870523e-05,1.980087778183558,-0.07575747280218825
2016-01-29,-0.0020120361788454597,-0.002140059946561372,0.12802376771591223,0.00012802376771591222,1.9758502716387916,-0.07773540721555305
2016-02-05,0.0004614056636728863,0.00044893327843876477,0.012472385234121535,1.2472385234121536e-05,1.9767372965789425,-0.07732137194832633
2016-02-12,0.0025945759277606244,0.0025645471567926938,0.030028770967930725,3.0028770967930726e-05,1.9818067325926103,-0.07495511909612285
2016-02-19,0.0009859265464270209,0.0009842575000307975,0.0016690463962234729,1.669046396223473e-06,1.983757340732776,-0.07404463673422823
2016-02-26,0.003288979754799343,0.0031796215225310333,0.10935823226830965,0.00010935823226830965,1.990064938268849,-0.0711004491322853
2016-03-04,0.0007084314357881757,0.0007058793662635392,0.0025520695246364134,2.5520695246364136e-06,1.9914696840462973,-0.07044475810599637
2016-03-11,0.003531249353799214,0.0035205182747194952,0.010731079079718861,1.073107907971886e-05,1.9984806894625322,-0.06717224188954718
2016-03-18,-0.0024344849583866905,-0.0024374869359879026,0.003001977601211952,3.001977601211952e-06,1.9936094188901432,-0.06944599736346835
2016-03-25,0.006297609974429604,0.005823916228101918,0.47369374632768607,0.0004736937463276861,2.0052200331373142,-0.06402652880638826
2016-04-01,0.0036813424857792573,0.003668735214972262,0.012607270806995502,1.2607270806995502e-05,2.012576654486653,-0.06059268997234035
2016-04-08,0.0018046242949299358,0.0017893313628197763,0.015292932110159481,1.5292932110159482e-05,2.0161778210146046,-0.05891177901004585
2016-04-15,-0.005262196255110134,-0.005268630394523628,0.006434139413494471,6.43413941349447e-06,2.0055553252660427,-0.06387002501508166
2016-04-22,0.013862106159136044,0.01385313859019847,0.008967568937574421,8.967568937574421e-06,2.033338561137264,-0.05090168673317652
2016-04-29,0.008145137534251909,0.007911686550198253,0.23345098405365605,0.00023345098405365606,2.049425698483413,-0.04339271837328751
2016-05-06,-0.002577397481014906,-0.0025887036427070017,0.011306161692095761,1.1306161692095761e-05,2.044120342712292,-0.04586909112787463
2016-05-13,-0.012915407514462844,-0.01292957104322036,0.014163528757517096,1.4163528757517097e-05,2.0176907435203013,-0.05820559449866913
2016-05-20,-0.00016462831036250853,-0.0001785026784577122,0.013874368095203649,1.3874368095203648e-05,2.0173305803182835,-0.058373707322607715
2016-05-27,0.014786331249990107,0.01468095133507369,0.10537991491641548,0.00010537991491641548,2.046946912394692,-0.04454973754398517
2016-06-03,0.008634733456889974,0.008612634090270351,0.022099366619623556,2.2099366619623555e-05,2.0645765171533563,-0.036320794041998616
2016-06-10,0.005260802073388432,0.005247942540162972,0.012859533225460022,1.2859533225460021e-05,2.075411296085147,-0.03126346094198118
2016-06-17,0.002437110999129094,0.0024289251808171206,0.008185818311973242,8.185818311973242e-06,2.0804523148427605,-0.02891047236868549
2016-06-24,0.027472739649614154,0.027432120085717538,0.04061956389661612,4.061956389661612e-05,2.137523532576136,-0.0022714278327206072
2016-07-01,0.010966176753889882,0.010955631106148724,0.010545647741158987,1.0545647741158987e-05,2.160941451879752,0.0
2016-07-08,-0.011676425597449327,-0.011697163342675771,0.0207377452264448,2.0737745226444798e-05,2.1356645667431557,-0.011697163342675787
2016-07-15,0.0038288470247924457,0.0038044970413031727,0.02434998348927312,2.434998348927312e-05,2.143789696268546,-0.007937168124701466
2016-07-22,0.00832379762177926,0.008300011615806232,0.023786005973028348,2.378600597302835e-05,2.1615831756494206,0.0
2016-07-29,-0.01351204963454755,-0.013643984761011899,0.13193512646434982,0.00013193512646434983,2.1320905677412,-0.013643984761011918
2016-08-05,0.0066469780491793294,0.0066344324206492845,0.01254562853004514,1.254562853004514e-05,2.1462357785275827,-0.007100072435208049
2016-08-12,-0.004455828892061351,-0.0044726281093982485,0.016799217336897595,1.6799217336897597e-05,2.136636464055144,-0.011540944561053923
2016-08-19,-0.006466761239633813,-0.006499833752926374,0.033072513292560876,3.307251329256088e-05,2.122748682248345,-0.017965764092981673
2016-08-26,0.006351278736708864,0.006329828526008017,0.021450210700847204,2.1450210700847204e-05,2.1361853174107868,-0.011749655773020784
2016-09-02,-0.017208273258838128,-0.017229497575823538,0.021224316985411613,2.1224316985411615e-05,2.0993799176629477,-0.02877671268318638
2016-09-09,-0.005996230039261708,-0.006011991957893514,0.01576191863180537,1.5761918631805373e-05,2.086758462481395,-0.03461569927585384
2016-09-16,0.021402628720236263,0.021386841580265742,0.015787139970522616,1.5787139970522616e-05,2.1313876351347636,-0.0139691781721909
2016-09-23,-0.00519360380730866,-0.005211264993467821,0.01766118615916109,1.766118615916109e-05,2.1202804093642755,-0.019107646076462537
2016-09-30,-0.02111024878127743,-0.021320691217967255,0.21044243668982332,0.00021044243668982333,2.0750745654607146,-0.0400209490725314
2016-10-07,-0.006304414228721388,-0.0063483484269496356,0.04393419822824747,4.393419822824747e-05,2.0619012691072687,-0.04611523057039146
2016-10-14,0.01061114256202906,0.010575133296599384,0.03600926542967454,3.600926542967454e-05,2.0837061498725054,-0.03602777198407736
2016-10-21,-0.015738336220004805,-0.015780982786487378,0.04264656648257169,4.264656648257169e-05,2.0508232189892692,-0.051240201121048656
2016-10-28,-0.002821077279598122,-0.0030461580060880057,0.2250807264898838,0.0002250807264898838,2.044576087421674,-0.054130273378258154
2016-11-04,-0.025050291080426706,-0.025082167566842017,0.03187648641531128,3.187648641531128e-05,1.9932936873938054,-0.07785473635778772
2016-11-11,-0.0016613163606003882,-0.0016932045047538635,0.031888144153475344,3.188814415347535e-05,1.9899186335430128,-0.07941611687222416
2016-11-18,0.0035317121075843887,0.00351371987201079,0.017992235573598605,1.7992235573598605e-05,1.9969106501893774,-0.07618144298822527
2016-11-25,-0.00034782639978743696,-0.0005951040940900374,0.24727769430260046,0.00024727769430260045,1.9957222804859178,-0.07673121119369919
2016-12-02,0.006919534854756064,0.006890171611893839,0.029363242862225615,2.9363242862225617e-05,2.009473149488146,-0.07036973079491837
2016-12-09,-0.009125096752351054,-0.009166546172729299,0.04144942037824472,4.144942037824472e-05,1.9910532210805034,-0.07889122958115347
2016-12-16,0.0023811010558132365,0.0022581466997710757,0.1229543560421608,0.0001229543560421608,1.995549311340755,-0.07681123085110186
2016-12-23,0.004719735393369322,0.004692067877921033,0.02766751544828825,2.766751544828825e-05,2.004912564163304,-0.07247956648212106
2016-12-30,0.013211974819051365,0.012976343595862097,0.23563122318926807,0.00023563122318926807,2.030928998475548,-0.060443742644610166
2017-01-06,0.0061145773155404926,0.0060835995982650454,0.030977717275446872,3.0977717275446874e-05,2.0432843573147785,-0.05472785857481555
2017-01-13,-0.002349338599771833,-0.0023922666243418505,0.042928024570017154,4.2928024570017156e-05,2.0383962763427346,-0.056989201569667136
2017-01-20,0.006004508456334039,0.005973502386034491,0.03100607029954712,3.100607029954712e-05,2.0505726413631518,-0.05135612431518721
2017-01-27,0.004447708900504413,0.004171184428274661,0.27652447222975174,0.0002765244722297517,2.0591259580338517,-0.047399155752952615
2017-02-03,0.007823868276969332,0.007794471578517999,0.02939669845133358,2.939669845133358e-05,2.0751757567903355,-0.03997413554679663
2017-02-10,0.0029812205073118363,0.0029419888691778005,0.03923163813403587,3.923163813403587e-05,2.0812809007684003,-0.03714975013945254
2017-02-17,0.0033149990504051036,0.00328546039970157,0.029538650703533606,2.9538650703533608e-05,2.0881188667485304,-0.03398634377269283
2017-02-24,-0.0005594299736084496,-0.0006539237915304376,0.09449381792198805,9.449381792198805e-05,2.08675339614202,-0.03461804308544314
2017-03-03,-0.016361355156160284,-0.016387349717900155,0.025994561739871608,2.5994561739871607e-05,2.0525570384644247,-0.05043809482475281
2017-03-10,0.01153475911963696,0.011514379261486742,0.020379858150219074,2.0379858150219074e-05,2.076190958661138,-0.03950447891630515
2017-03-17,-0.004231246585609423,-0.004271848601135865,0.04060201552644161,4.060201552644161e-05,2.0673217852186907,-0.04360757036444374
2017-03-24,0.007228777484221751,0.0072059229371992314,0.02285454702251919,2.2854547022519192e-05,2.0822187466893696,-0.03671588021876926
2017-03-31,-9.934549483952722e-05,-0.00021069713379290696,0.11135163895337975,0.00011135163895337976,2.081780029167512,-0.036918841421835435
2017-04-07,-0.003857437902223337,-0.003881844652785648,0.02440675056231139,2.440675056231139e-05,2.0736988824930123,-0.04065737286746074
2017-04-14,0.0015237942102225481,0.001505226788400952,0.018567421821596083,1.8567421821596082e-05,2.076820269602018,-0.039213344645845694
2017-04-21,0.011300415772469964,0.01127371048136248,0.02670529110748385,2.670529110748385e-05,2.1002337400433366,-0.02838171405902634
2017-04-28,0.005388750157709233,0.005195395008934564,0.19335514877466914,0.00019335514877466913,2.1111452839339537,-0.023333773265659108
2017-05-05,0.0010844247373424803,0.0010562995048798251,0.028125232462655254,2.8125232462655254e-05,2.1133752856521024,-0.02230212121392683
2017-05-12,0.00446260778345088,0.004444013998438105,0.018593785012775015,1.8593785012775016e-05,2.1227671550054934,-0.017957218154358245
2017-05-19,0.006620422550484688,0.006589426418727,0.030996131757688124,3.0996131757688126e-05,2.1367549729774926,-0.011486119503344439
2017-05-26,0.009717576747596846,0.009551609961818306,0.16596678577854004,0.00016596678577854006,2.157164423063349,-0.0020442204749969717
2017-06-02,-0.008406408778677304,-0.008424956498571135,0.01854771989383118,1.854771989383118e-05,2.1389904066387753,-0.0104519545049927
2017-06-09,-0.0017562115418888185,-0.0017720199060948815,0.015808364206063075,1.5808364206063076e-05,2.1352000730592655,-0.012205453339647065
2017-06-16,0.0026728574434263385,0.0026433845661921994,0.029472877234138963,2.9472877234138962e-05,2.1408442279781226,-0.009594332480436396
2017-06-23,-0.002695420979393778,-0.002712659142155382,0.01723816276160442,1.723816276160442e-05,2.1350368473111674,-0.012280965468875693
2017-06-30,-0.00519641945410046,-0.0053434642803624295,0.1470448262619695,0.0001470448262619695,2.1236283541803025,-0.017558806848926856
2017-07-07,0.022923788914263967,0.022903743825001485,0.020045089262480945,2.0045089262480947e-05,2.1722673939839576,0.0
2017-07-14,0.006335944764344628,0.006318982518295493,0.01696224604913498,1.6962246049134983e-05,2.1859939136716053,0.0
2017-07-21,0.002198655415149905,0.0021676844669610983,0.030970948188806528,3.097094818880653e-05,2.1907324587231427,0.0
2017-07-28,0.004300300136672063,0.004234220659642548,0.06607947702951525,6.607947702951526e-05,2.200008503359618,0.0
2017-08-04,-0.01492486923010368,-0.014958334308354866,0.0334650782511873,3.34650782511873e-05,2.167100040685141,-0.014958334308355026
2017-08-11,0.0016686589064885498,0.0016426964805587305,0.025962425929819205,2.5962425929819206e-05,2.170659928294993,-0.01334020983091977
2017-08-18,0.010261318323269177,0.010228658774533026,0.03265954873615057,3.265954873615057e-05,2.192862868017075,-0.003248003510727737
2017-08-25,0.00864011585877475,0.008532420215159205,0.10769564361554404,0.00010769564361554404,2.2115732954812155,0.0
2017-09-01,0.0018295557111222508,0.0018059726386899806,0.023583072432270185,2.3583072432270184e-05,2.215567336341312,0.0
2017-09-08,0.0069815505982785625,0.006966097806370686,0.015452791907876726,1.5452791907876727e-05,2.231001195102866,0.0
2017-09-15,-0.0018781373178308929,-0.0018913953801788276,0.01325806234793468,1.325806234793468e-05,2.226781489749275,-0.0018913953801789063
2017-09-22,-6.649940327361458e-06,-1.770287632238992e-05,0.011052935995028462,1.1052935995028463e-05,2.226742069311965,-0.001909064773362723
2017-09-29,0.00495729736864742,0.004851595099936523,0.10570226871089765,0.00010570226871089765,2.2375453202242617,0.0
2017-10-06,0.01223144084034539,0.012205805414548505,0.02563542579688458,2.563542579688458e-05,2.2648563630091525,0.0
2017-10-13,-0.0023759435700166347,-0.0024081717775966158,0.03222820757998089,3.222820757998089e-05,2.2594021998354434,-0.0024081717775967793
2017-10-20,0.0009248801668525315,0.0008870617209604814,0.03781844589205012,3.781844589205012e-05,2.2614064290391713,-0.0015232462536376445
2017-10-27,0.004336578263683316,0.004154629360263178,0.18194890342013814,0.00018194890342013815,2.2708017345847455,0.0
2017-11-03,-0.002322229563035274,-0.0023475617934895893,0.025332230454315176,2.5332230454315178e-05,2.2654708871920444,-0.0023475617934896054
2017-11-10,0.002311370960567934,0.002274544173549213,0.03682678701872084,3.682678701872084e-05,2.2706238007988526,-7.835725293980911e-05
2017-11-17,0.010764998178649753,0.010709632635483513,0.055365543166238956,5.536554316623896e-05,2.2949413475587934,0.0
2017-11-24,-0.006716115224653389,-0.006806917947153235,0.09080272249984676,9.080272249984676e-05,2.2793198701124315,-0.006806917947153157
2017-12-01,-0.0009718145622416817,-0.0010064861111062588,0.034671548864577004,3.4671548864577005e-05,2.2770257663203948,-0.007806552989886195
2017-12-08,0.00476796145647747,0.00474514522090838,0.022816235569089658,2.281623556908966e-05,2.2878305842533355,-0.0030984509965894524
2017-12-15,0.007935480208635317,0.007906429119151657,0.029051089483661346,2.9051089483661346e-05,2.305919154604362,0.0
2017-12-22,0.005368836955513807,0.00535463619830667,0.014200757207136682,1.4200757207136683e-05,2.318266512779975,0.0
2017-12-29,0.02081507282365441,0.02075844996099951,0.05662286265489973,5.662286265489973e-05,2.3663901321817784,0.0
2018-01-05,0.009755204375129403,0.009700323537576412,0.05488083755299097,5.488083755299097e-05,2.38934488208007,0.0
2018-01-12,0.005737212906040558,0.005713864404467102,0.023348501573455846,2.3348501573455845e-05,2.402997274751783,0.0
2018-01-19,0.01610812365087319,0.01608433615203782,0.023787498835370555,2.3787498835370554e-05,2.4416478906913213,0.0
2018-01-26,-0.02971283212429784,-0.029854849743607855,0.14201761931001397,0.00014201761931001398,2.368752859787935,-0.02985484974360786
2018-02-02,-0.03707418569779186,-0.03709432608500058,0.020140387208719517,2.014038720871952e-05,2.280885568792183,-0.06584173029700047
2018-02-09,0.032019342502148426,0.03198588715670701,0.03345534544141625,3.3455345441416246e-05,2.3538417172129313,-0.03596184929577573
2018-02-16,0.0015320414360046604,0.0014957703487075474,0.036271087297112925,3.6271087297112924e-05,2.357362523859089,-0.03451986961492948
2018-02-23,-0.006191596373464835,-0.006723597579596021,0.5320012061311855,0.0005320012061311855,2.3415125668994397,-0.04101136948273465
2018-03-02,0.005990632747369867,0.005987658242573284,0.002974504796582597,2.974504796582597e-06,2.355532743920724,-0.03526927330468399
2018-03-09,-0.0015666007306205784,-0.0015739549893304156,0.007354258709837142,7.354258709837142e-06,2.3518252414058987,-0.03678771604532649
2018-03-16,-0.008280874219476868,-0.008287794963812281,0.006920744335413451,6.920744335413451e-06,2.3323337960144084,-0.04477062196136805
2018-03-23,0.005919656705229836,0.005916680760758833,0.002975944471002722,2.975944471002722e-06,2.3461334705129544,-0.03911883467821531
2018-03-30,-0.0032077563741420008,-0.003275651755677996,0.06789538153599514,6.789538153599514e-05,2.338448354291214,-0.04226634675439944
2018-04-06,0.006458384735516184,0.006452071548490331,0.006313187025853533,6.313187025853534e-06,2.35353619038555,-0.03608698069926186
2018-04-13,0.00019511305159809278,0.00018798553813756093,0.007127513460531846,7.127513460531847e-06,2.3539786211528257,-0.03590577899161096
2018-04-20,-0.00042586365630565117,-0.0004290400510267869,0.003176394721135718,3.176394721135718e-06,2.3529686700450902,-0.036319414025387076
2018-04-27,-0.00014261514325283702,-0.00024788384963205483,0.1052687063792178,0.0001052687063792178,2.352385407113096,-0.03655829487885398
2018-05-04,0.0037152301271184893,0.0037012479278366152,0.01398219928187424,1.398219928187424e-05,2.3610921687266466,-0.0329923582641829
2018-05-11,-0.0021400544432090118,-0.002154647628519087,0.014593185310075127,1.4593185310075126e-05,2.3560048470845847,-0.035075918986208876
2018-05-18,0.0005197629911656746,0.0005041277036014557,0.01563528756421888,1.5635287564218882e-05,2.3571925743978195,-0.0345894740250976
2018-05-25,-0.0006762301515467548,-0.0007798193476308555,0.10358919608410065,0.00010358919608410066,2.3553543900222125,-0.03534231983165925
2018-06-01,0.0014106768255471606,0.0014083984733310219,0.002278352216138628,2.278352216138628e-06,2.3586716675492734,-0.03398369742762308
2018-06-08,-0.004935963326453842,-0.004953375913031485,0.01741258657764277,1.741258657764277e-05,2.346988280124485,-0.038768739312380784
2018-06-15,-0.0017052473831815828,-0.001718830543890615,0.01358316070903212,1.358316070903212e-05,2.3429542049824534,-0.04042093296299332
2018-06-22,-0.00103001813920576,-0.0010422031132855428,0.012184974079783008,1.2184974079783007e-05,2.3405123708157354,-0.04142100925410286
2018-06-29,0.0035586133257526527,0.003151828417845205,0.406784907907448,0.000406784907907448,2.3478892642183906,-0.0383997327503206
2018-07-06,-0.0018826217226607185,-0.0018997448816197094,0.017123158958991,1.7123158958991e-05,2.343428873606082,-0.04022652793619219
2018-07-13,-0.0019008740253505867,-0.0019224852213230185,0.021611195972431815,2.1611195972431815e-05,2.338923666229353,-0.04207167825205271
2018-07-20,0.004208146896316948,0.004192197269780789,0.015949626536158997,1.5949626536158996e-05,2.3487288956371453,-0.03805585375697529
2018-07-27,0.002558376845175346,0.0024650871433122843,0.09328970186306185,9.328970186306184e-05,2.3545187170409063,-0.03568457760948707
2018-08-03,-0.002914785060071565,-0.002933902909461472,0.019117849389906846,1.9117849389906846e-05,2.3476107877265986,-0.0385137854328772
2018-08-10,-0.0006069170678211144,-0.0006281304846411635,0.021213416820049187,2.1213416820049188e-05,2.3461361818247553,-0.03911772423480897
2018-08-17,0.009188291158075007,0.009163747269676059,0.02454388839894849,2.454388839894849e-05,2.36763558085524,-0.03031244190378568
2018-08-24,0.004561229544157302,0.004543784891118746,0.017444653038556086,1.7444653038556087e-05,2.378393607635205,-0.025906390228202292
2018-08-31,-0.011638566292585114,-0.011860624094063018,0.22205780147790521,0.0002220578014779052,2.3501843751073213,-0.037459748366134527
2018-09-07,0.0058314629813184925,0.005804925198610198,0.02653778270829463,2.6537782708294632e-05,2.3638270196077613,-0.031872274204748696
2018-09-14,0.0031323496399485833,0.003102653344167031,0.029696295781551963,2.9696295781551963e-05,2.3711611554151797,-0.02886850947872921
2018-09-21,0.002903580204052585,0.0028773857763122876,0.02619442774029737,2.6194427740297372e-05,2.3779839007971155,-0.026074189540974402
2018-09-28,-0.009005916841533701,-0.009225957367829163,0.22004052629546225,0.00022004052629546225,2.356044722706977,-0.03505958754769778
2018-10-05,-0.02021218724247067,-0.020226223067924366,0.014035825453694273,1.4035825453694274e-05,2.3083908365875,-0.05457668757721301
2018-10-12,0.0031334829960919203,0.0031245772537686492,0.008905742323271121,8.905742323271122e-06,2.3156035820883094,-0.05162263940003409
2018-10-19,-0.014458293215156534,-0.014496563185554968,0.03826997039843481,3.8269970398434814e-05,2.2820352884478687,-0.0653708517317213
2018-10-26,0.0011140379236023545,0.0007241080205376341,0.38992990306472053,0.0003899299030647205,2.2836877285033834,-0.06469407926923221
2018-11-02,0.0023931895139199418,0.0023737374756460953,0.019452038273846464,1.9452038273846463e-05,2.289108603647205,-0.062473908553999924
2018-11-09,-0.00361014866396613,-0.00362614462672666,0.015995962760530176,1.5995962760530175e-05,2.280807964784096,-0.06587351375291284
2018-11-16,-0.009539240265742223,-0.00955362433620004,0.014384070457817118,1.4384070457817118e-05,2.259017982305536,-0.07479780728501184
2018-11-23,0.006857495262414987,0.0068524038224599204,0.005091439955066661,5.091439955066661e-06,2.2744976857624923,-0.06845794824310336
2018-11-30,0.002105645811462417,0.0020063810558094077,0.09926475565300946,9.926475565300946e-05,2.2790611948306885,-0.0665889199177685
2018-12-07,-0.002376670933329532,-0.0023883311218329236,0.011660188503391277,1.1660188503391277e-05,2.2736180420505128,-0.06881821464979254
2018-12-14,-0.013805763182543791,-0.013820000575624393,0.0142373930806008,1.42373930806008e-05,2.2421966394006247,-0.08168714745934336
2018-12-21,0.001670163048631347,0.0016568497085040783,0.013313340127268706,1.3313340127268706e-05,2.2459116222490247,-0.08016564107729562
2018-12-28,0.0035442924513499154,0.003419264987155932,0.12502746419398353,0.00012502746419398354,2.2535909892232273,-0.07702048365984826
2019-01-04,0.0043178632235436,0.00430111703679085,0.016746186752750254,1.6746186752750256e-05,2.2632839478209337,-0.07305064073750867
2019-01-11,0.0007491628521983512,0.0007242404460418301,0.02492240615652109,2.492240615652109e-05,2.264923109596823,-0.07237930652009805
2019-01-18,0.0025234438972273595,0.002509210728381131,0.014233168846228638,1.4233168846228639e-05,2.2706062789623815,-0.07005171072415006
2019-01-25,0.005266822179833635,0.005154322460200932,0.1124997196327025,0.0001124997196327025,2.2823097159043106,-0.0652584573699101
2019-02-01,0.0029657351370423303,0.002962437927113003,0.0032972099293271154,3.2972099293271155e-06,2.289070916768124,-0.062489343571974776
2019-02-08,0.0015096511243552885,0.001503126785480769,0.006524338874519553,6.524338874519554e-06,2.292511680576983,-0.06108014619262414
2019-02-15,0.0006628052826206551,0.0006418484243788952,0.020956858241759906,2.0956858241759908e-05,2.2939831255870313,-0.06047750196383994
2019-02-22,-0.007919467454599984,-0.008271469163070123,0.3520017084701398,0.00035200170847013977,2.275008514903135,-0.06824873333435666
2019-03-01,0.004285631092620982,0.004278515954492531,0.007115138128450993,7.1151381284509935e-06,2.2847421751307544,-0.06426222067430909
2019-03-08,0.006926401377914606,0.006917806819685113,0.00859455822949393,8.59455822949393e-06,2.300547580131096,-0.057788967483052844
2019-03-15,0.007106859894165642,0.007094415021562084,0.012444872603557321,1.2444872603557321e-05,2.3168686194413963,-0.0511045313804831
2019-03-22,0.005029649784875892,0.005019950355957183,0.00969942891870948,9.699428918709479e-06,2.328499184892267,-0.046341123235020376
2019-03-29,0.0026187075729748057,0.002445718085364232,0.17298948761057345,0.00017298948761057347,2.3341940374605143,-0.04400874247284803
2019-04-05,0.00017271807251118118,0.000151862333612864,0.020855738898317173,2.0855738898317172e-05,2.3345485136141484,-0.04386356340956643
2019-04-12,-0.0065649623160111085,-0.006591930530291052,0.026968214279943295,2.6968214279943297e-05,2.3191593319928097,-0.050166348377050585
2019-04-19,0.006498336972689303,0.006473730874670204,0.024606098019098736,2.4606098019098736e-05,2.334172945363611,-0.04401738094073837
2019-04-26,0.0019009100335331403,0.001676488150906267,0.2244218826268733,0.0002244218826268733,2.338086158648679,-0.042414687407413165
2019-05-03,-0.003960530410189129,-0.003973626745030593,0.013096334841464378,1.3096334841464378e-05,2.328795476956487,-0.04621977401617949
2019-05-10,0.002035955281758966,0.0020160593317086893,0.019895950050276483,1.9895950050276485e-05,2.333490466809446,-0.04429689649118562
2019-05-17,0.0023341125750700404,0.002317075065839193,0.01703750923084711,1.7037509230847112e-05,2.3388973393864636,-0.04208246065970023
2019-05-24,0.002116206268443376,0.0021084618045988505,0.007744463844525233,7.744463844525232e-06,2.3438288150914377,-0.04006272811604594
2019-05-31,0.012712643202976654,0.012582245039024144,0.1303981639525091,0.00013039816395250912,2.3733194435724436,-0.027984562139109825
2019-06-07,0.001880679912830162,0.0018624937088972937,0.018186203932868263,1.8186203932868265e-05,2.377739736105301,-0.026174189501142697
2019-06-14,0.008685327202515985,0.008667049982122544,0.018277220393440343,1.8277220393440343e-05,2.398347725242605,-0.017733992527668052
2019-06-21,-0.0012340768310266097,-0.0012461099145201794,0.012033083493569711,1.2033083493569712e-05,2.395359120363713,-0.018958003938275625
2019-06-28,0.006157868378027091,0.006015723761563814,0.14214461646327622,0.00014214461646327623,2.4097689391415638,-0.013056326291475018
2019-07-05,-0.0042873381887726485,-0.004317777995341744,0.030439806569095444,3.0439806569095446e-05,2.3993640918422803,-0.017317729968455375
2019-07-12,-0.0018265234347643537,-0.0018347506329751166,0.008227198210762805,8.227198210762805e-06,2.394961857056035,-0.019120706885409122
2019-07-19,0.0036667271919731408,0.003650493499246051,0.016233692727089653,1.6233692727089655e-05,2.4037046497461603,-0.01554001340234934
2019-07-26,0.011820944172199277,0.01165356149580823,0.1673826763910472,0.0001673826763910472,2.4317163696997373,-0.004067548408371091
2019-08-02,0.016553902991577597,0.016546380478924747,0.007522512652851485,7.522512652851485e-06,2.4719524739696186,0.0
2019-08-09,0.013125021264214536,0.013119696365471578,0.005324898742957584,5.324898742957585e-06,2.5043837398579765,0.0
2019-08-16,0.0006849752852479647,0.0006695971739316076,0.015378111316357052,1.5378111316357053e-05,2.506060668132626,0.0
2019-08-23,0.00721265745254127,0.007204471693045631,0.008185759495638763,8.185759495638764e-06,2.5241155112772424,0.0
2019-08-30,-0.0007230675425908658,-0.0009125510613050608,0.18948351871419505,0.00018948351871419505,2.52181212698857,-0.0009125510613049448
2019-09-06,-0.01766400857622776,-0.017680766219286298,0.01675764305853863,1.675764305853863e-05,2.4772245563223243,-0.01857718267861308
2019-09-13,0.015024493512184427,0.015015259466065753,0.009234046118673499,9.2340461186735e-06,2.5144207257912137,-0.003840864430615154
2019-09-20,-0.0017190301658068004,-0.0017355132269596273,0.016483061152826908,1.6483061152826907e-05,2.5100569153634615,-0.0055697117865525225
2019-09-27,0.008109661349105757,0.007925430125544862,0.1842312235608962,0.0001842312235608962,2.5299501960573156,0.0
2019-10-04,-0.01116521902009016,-0.011176275627327578,0.011056607237419483,1.1056607237419484e-05,2.5016747753427677,-0.011176275627327592
2019-10-11,0.0030370540305105277,0.0030318503892213535,0.0052036412891740885,5.203641289174089e-06,2.5092594789840956,-0.008178310033717051
2019-10-18,0.001849804528917047,0.0018342797737895232,0.01552475512752362,1.552475512752362e-05,2.5138621628935858,-0.006359031568606177
2019-10-25,0.00661036584049433,0.006511922153458079,0.09844368703625121,9.844368703625122e-05,2.5302322376028723,0.0
2019-11-01,-0.024143604802424192,-0.0241523193205992,0.00871451817500598,8.714518175005979e-06,2.4691212606450135,-0.024152319320599247
2019-11-08,0.010528739043559032,0.010505750461296015,0.02298858226301775,2.298858226301775e-05,2.4950612324680304,-0.013900307099147025
2019-11-15,0.0003590165962991444,0.0003351273929949851,0.023889203304159355,2.3889203304159357e-05,2.49589739583423,-0.013569838079832142
2019-11-22,0.005708177811142643,0.005693263295896471,0.01491451524617167,1.491451524617167e-05,2.5101071968682565,-0.007953831445006831
2019-11-29,-0.002459218776997383,-0.0025655348948257065,0.10631611782832338,0.00010631611782832338,2.503667429264938,-0.010498960507712818
2019-12-06,0.0006301957839313833,0.0006141857744606629,0.016010009470720392,1.6010009470720392e-05,2.5052051461839726,-0.009891223045442765
2019-12-13,0.004751434476517637,0.0047181992329360534,0.033235243581582904,3.3235243581582906e-05,2.5170252031830453,-0.005219692573492529
2019-12-20,0.008364351326016596,0.008347885001135206,0.016466324881390992,1.6466324881390993e-05,2.538037040124176,0.0
2019-12-27,0.006667196796449575,0.00645176802148074,0.21542877496883503,0.00021542877496883505,2.554411866336983,0.0
2020-01-03,0.00252533494698654,0.0025083061292379295,0.01702881774861082,1.702881774861082e-05,2.560819113277914,0.0
2020-01-10,0.006780609313676874,0.006770744577588529,0.009864736088345727,9.864736088345727e-06,2.578157765403326,0.0
2020-01-17,0.002374100865955877,0.002365744268308044,0.008356597647832708,8.356597647832708e-06,2.584257027359623,0.0
2020-01-24,-0.004373335451990486,-0.004386572000454769,0.013236548464283222,1.3236548464283223e-05,2.572920997841429,-0.00438657200045478
2020-01-31,0.012252074586814193,0.012039519825644471,0.21255476116972127,0.00021255476116972127,2.6038977312047575,0.0
2020-02-07,0.007750663403622783,0.007739351411526271,0.01131199209651262,1.131199209651262e-05,2.624050210786227,0.0
2020-02-14,-0.0012906828398403256,-0.0013149803961794565,0.024297556339130874,2.4297556339130876e-05,2.6205996362004527,-0.0013149803961794992
2020-02-21,-0.04386834438493084,-0.04388365601521628,0.01531163028544089,1.531163028544089e-05,2.5055981432118313,-0.045140930264022994
2020-02-28,0.011863587623575764,0.011416084388945017,0.44750323463074715,0.00044750323463074715,2.5342022630595213,-0.03424017854436756
2020-03-06,-0.05670461225880906,-0.0567293397184656,0.02472745965654687,2.472745965654687e-05,2.3904386419631134,-0.08902709554216881
2020-03-13,-0.05414386085513104,-0.05415480673779562,0.010945882664587486,1.0945882664587487e-05,2.2609848992890424,-0.13836065712645107
2020-03-20,0.05905305989469733,0.05903903679485607,0.014023099841257457,1.4023099841257457e-05,2.3944712699507824,-0.0874903002586439
2020-03-27,-0.00407235069592187,-0.004375667337851391,0.30331664192952085,0.00030331664192952086,2.383993860223435,-0.0914831391472748
2020-04-03,0.017966748280345078,0.017958758060091975,0.007990220253101967,7.990220253101967e-06,2.4268074291759323,-0.07516730464970645
2020-04-10,0.0007959972466726774,0.0007942392749116733,0.001757971761004126,1.757971761004126e-06,2.428734894948831,-0.0744327662003369
2020-04-17,0.001183923954756774,0.0011820560405729635,0.0018679141838105718,1.8679141838105718e-06,2.4316057957023554,-0.07333869386066771
2020-04-24,-0.0035590259903973474,-0.0036313133739015843,0.07228738350423683,7.228738350423682e-05,2.422775873056365,-0.07670369145472844
2020-05-01,-0.002131790086179784,-0.0021368807120380044,0.005090625858220354,5.0906258582203535e-06,2.41759869002364,-0.07867666552795483
2020-05-08,0.004405186175331738,0.004404020518763478,0.0011656565682598877,1.1656565682598876e-06,2.4282458442606396,-0.07461913865852432
2020-05-15,0.0007726157366403628,0.0007708506209951832,0.0017651156451795502,1.7651156451795502e-06,2.4301176590776166,-0.0739058082469023
2020-05-22,-0.00042118641295368594,-0.0004235603074744749,0.0023738945207889568,2.373894520788957e-06,2.4290883576947384,-0.07429806498751168
2020-05-29,-0.007655147548189475,-0.007745117361115869,0.08996981292639467,8.996981292639466e-05,2.4102747832838727,-0.08146773511559535
2020-06-05,0.007651256760130774,0.0076490744924697885,0.002182267660985215,2.1822676609852148e-06,2.4287111546485325,-0.07444181339775757
2020-06-12,0.002856370618185745,0.002847551829943156,0.008818788242588582,8.818788242588583e-06,2.4356270355413554,-0.0718062384897794
2020-06-19,0.0028606416180417776,0.002852148546401172,0.00849307164060589,8.49307164060589e-06,2.4425738056503503,-0.06915889200210934
2020-06-26,0.004381710843067858,0.004314159549150407,0.0675512939174513,6.75512939174513e-05,2.4531114587585017,-0.06514309494729831
2020-07-03,0.006456431024271357,0.006447287581721546,0.009143442549810983,9.143442549810983e-06,2.4689273738031345,-0.05911580363266533
2020-07-10,0.001632772412960804,0.0016178448909442028,0.01492752201660117,1.492752201660117e-05,2.4729217153409544,-0.05759359894260219
2020-07-17,0.007050469838445083,0.007043838853697434,0.006630984747648802,6.630984747648802e-06,2.4903405774016254,-0.050955440118860884
2020-07-24,0.007776245627025642,0.007774979789534434,0.0012658374912073236,1.2658374912073238e-06,2.5097029250599805,-0.04357663784641741
2020-07-31,0.0120795681883015,0.011624039332488297,0.455528855813203,0.00045552885581320304,2.5388758105737383,-0.032459135066233546
2020-08-07,-0.016315359350832233,-0.016328568378707827,0.01320902787559277,1.3209027875592771e-05,2.497419603295738,-0.04825769223849852
2020-08-14,0.008274069989372716,0.008267408755482084,0.006661233890632513,6.661233890632513e-06,2.518066791990138,-0.04038924955034828
2020-08-21,0.003143603735622462,0.003138830754789861,0.0047729808326010086,4.772980832601009e-06,2.525970577479452,-0.0373771938142099
2020-08-28,-0.011396226883939722,-0.011633994137198464,0.2377672532587425,0.0002377672532587425,2.49658345059032,-0.048576341897708986
2020-09-04,-0.007006636285732497,-0.007016477252208392,0.009840966475895382,9.840966475895382e-06,2.479066229601013,-0.05525198435199674
2020-09-11,0.00022553060959216862,0.00021261249384835017,0.012918115743818435,1.2918115743818435e-05,2.479593310054504,-0.05505111912033145
2020-09-18,-0.014199595649688854,-0.014226023344903402,0.026427695214547846,2.6427695214547846e-05,2.444318557739802,-0.06849398395946604
2020-09-25,0.007600754309377753,0.007445488650934706,0.1552656584430468,0.0001552656584430468,2.4625177038207227,-0.061558466488758845
2020-10-02,0.01587554646496773,0.015845106470792267,0.03043999417546114,3.043999417546114e-05,2.501536559023973,-0.04668876047365955
2020-10-09,-0.0012591223586251113,-0.0012678647120776079,0.008742353452496663,8.742353452496663e-06,2.4983649490948143,-0.04789743015388204
2020-10-16,-0.004276521298011405,-0.004293963096939116,0.017441798927711076,1.7441798927711078e-05,2.487637062200715,-0.0519857234533021
2020-10-23,-0.021346754483139795,-0.021359961461213366,0.01320697807357215,1.3206978073572149e-05,2.434501230422622,-0.07223527186501966
2020-10-30,0.03845687762564216,0.03832956007099852,0.12731755464363695,0.00012731755464363695,2.527814591577026,-0.03667445798621627
2020-11-06,-0.0007407521995367089,-0.0007636141106010443,0.022861911064335355,2.2861911064335356e-05,2.5258843166859144,-0.03741006696320037
2020-11-13,0.004829346385707512,0.0048152387205606315,0.014107665146880118,1.4107665146880117e-05,2.5380470526512773,-0.03277496664561963
2020-11-20,-0.0004028354168428016,-0.0004200863781008386,0.01725096125803702,1.725096125803702e-05,2.5369808536574796,-0.033181284706689906
2020-11-27,0.006076629793556486,0.005969750542277481,0.1068792512790056,0.00010687925127900561,2.552125996484349,-0.027409618156783666
2020-12-04,0.001516913254682739,0.0014938989155380182,0.023014339144720702,2.3014339144720703e-05,2.5559386147428134,-0.02595666644008532
2020-12-11,0.009226253007081308,0.009216249112467522,0.010003894613786007,1.0003894613786007e-05,2.5794947817324583,-0.016979640431658893
2020-12-18,-0.0006833347815679978,-0.0007082617515703642,0.02492697000236639,2.492697000236639e-05,2.577667824240182,-0.017675876153356085
2020-12-25,0.00885735371824244,0.008820936925309138,0.036416792933301474,3.6416792933301476e-05,2.6004052695322035,-0.00901085701669524
2021-01-01,0.00027846961638999725,0.0002502305432649061,0.028239073125091177,2.823907312509118e-05,2.6010559703555076,-0.00876288126507685
2021-01-08,-0.004831328009060357,-0.004837272913530307,0.005944904469950398,5.9449044699503985e-06,2.5884739527635308,-0.013557765730419002
2021-01-15,0.012158450732058554,0.012141417580881275,0.017033151177278986,1.7033151177278986e-05,2.619901695921267,-0.0015809586447346202
2021-01-22,-0.014610719919592847,-0.014615805445003729,0.005085525410882085,5.085525410882085e-06,2.5816097224486465,-0.016173657105770234
2021-01-29,0.022488442222438485,0.022297228368996662,0.1912138534418232,0.0001912138534418232,2.639172463989706,0.0
2021-02-05,0.013104017339069228,0.013086113977962872,0.017903361106357117,1.7903361106357118e-05,2.6737089756609764,0.0
2021-02-12,-0.00722438192560078,-0.007247415060491888,0.023033134891107115,2.3033134891107115e-05,2.654331496963399,-0.0072474150604918686
2021-02-19,-0.02648719665298989,-0.02650571008207986,0.01851342908996832,1.851342908996832e-05,2.583976555843154,-0.03356102726013377
2021-02-26,0.0025342285622632285,0.002278374846973518,0.25585371528971057,0.00025585371528971055,2.589863823033156,-0.031359117013508464
2021-03-05,0.011748930647407995,0.011731128348541928,0.017802298866066872,1.7802298866066874e-05,2.6202458479464035,-0.01999586649154894
2021-03-12,-0.0014834522064501277,-0.0015041014015864155,0.020649195136287695,2.0649195136287694e-05,2.6163047324940063,-0.02146989208231953
2021-03-19,0.0004822640849640042,0.0004689632235685795,0.013300861395424728,1.330086139542473e-05,2.6175316831951942,-0.021010997448551505
2021-03-26,0.007579977445040149,0.007343499308292834,0.23647813674731472,0.00023647813674731473,2.636753525300173,-0.01382179238548864
2021-04-02,0.006499676267905821,0.006475792925502441,0.023883342403379644,2.3883342403379645e-05,2.653828595125605,-0.007435506525333979
2021-04-09,0.010907504951030858,0.010883784886089444,0.02372006494141392,2.3720064941413924e-05,2.6827122946795052,0.0
2021-04-16,0.0012529838948738211,0.0012240447118956064,0.028939182978214795,2.8939182978214796e-05,2.685996054477345,0.0
2021-04-23,-0.005124959074413511,-0.005158938216962651,0.03397914254914021,3.397914254914021e-05,2.672139166781291,-0.005158938216962672
2021-04-30,0.01963587229003741,0.019331393228711743,0.3044790613256656,0.0003044790613256656,2.7237953397761823,0.0
2021-05-07,-0.017060595285387628,-0.017079836404521966,0.019241119134335825,1.9241119134335824e-05,2.677273360973406,-0.01707983640452193
2021-05-14,-0.00248982719527569,-0.0025076623376008695,0.01783514232517951,1.783514232517951e-05,2.6705596633986306,-0.019544668279638855
2021-05-21,0.017301168944339185,0.01728883146627547,0.01233747806371497,1.233747806371497e-05,2.7167305193397633,-0.002593741289314111
2021-05-28,0.013701358722651763,0.013597779673050439,0.10357904960132397,0.00010357904960132398,2.7536720223727973,0.0
2021-06-04,0.0051448120297116805,0.0051300260455668595,0.014785984144820644,1.4785984144820643e-05,2.7677984315685187,0.0
2021-06-11,-0.025566504752854855,-0.025594813719404197,0.028308966549340057,2.8308966549340057e-05,2.6969571462996633,-0.025594813719404197
2021-06-18,0.016908734810426877,0.016878392965707697,0.030341844719177995,3.0341844719177995e-05,2.7424774488265826,-0.00914842007753669
2021-06-25,0.010513254973693832,0.0103609876314892,0.15226734220463267,0.00015226734220463267,2.770892223753513,0.0
2021-07-02,-0.0097025085200146,-0.009715261362294975,0.012752842280374758,1.2752842280374759e-05,2.7439722815929968,-0.009715261362295058
2021-07-09,-0.003205525488260611,-0.003223958802544671,0.01843331428406028,1.843331428406028e-05,2.7351258280018165,-0.01290789856245167
2021-07-16,0.009162822801878452,0.009144017478959232,0.018805322919218756,1.8805322919218756e-05,2.760135866380218,-0.0038819111335641754
2021-07-23,0.0014668424108468523,0.0014498768811630682,0.01696552968378414,1.696552968378414e-05,2.7641377235617512,-0.00243766254560851
2021-07-30,-0.0008946894783475071,-0.0012320619881718419,0.33737250982433475,0.0003373725098243348,2.760732134542479,-0.0036667211824179535
2021-08-06,0.0053516910795137875,0.005334368299644707,0.017322779869079978,1.7322779869079977e-05,2.775458896524793,0.0
2021-08-13,-0.021750421205926136,-0.021763737283233404,0.013316077307268583,1.3316077307268583e-05,2.7150545382604143,-0.021763737283233442
2021-08-20,0.02586601835619421,0.025844388055027326,0.02163030116688357,2.163030116688357e-05,2.7852234613377798,0.0
2021-08-27,0.014066172307828043,0.0139237521697989,0.1424201380291432,0.0001424201380291432,2.8240042225509563,0.0
2021-09-03,-0.014000641645056584,-0.014007834315759126,0.007192670702541617,7.192670702541617e-06,2.7844460392944583,-0.014007834315759138
2021-09-10,0.0005053959193790443,0.000492664494136458,0.012731425242586338,1.2731425242586338e-05,2.785817836993858,-0.01352207098422964
2021-09-17,0.00208312433194119,0.0020673318518104646,0.015792480130725216,1.5792480130725217e-05,2.7915770469416175,-0.011482693740467176
2021-09-24,-0.004934882635904148,-0.005186638849406841,0.25175621350269384,0.00025175621350269383,2.7770981449788374,-0.016609776004423926
2021-10-01,0.0020454934316847004,0.0020266569760582797,0.018836455626420546,1.8836455626420545e-05,2.7827263703075573,-0.014616781346775798
2021-10-08,0.019148260221056132,0.019127962294107435,0.020297926948696664,2.0297926948696663e-05,2.835954255393619,0.0
2021-10-15,0.005956780688146141,0.005936924908836217,0.019855779309924083,1.9855779309924083e-05,2.852791102852785,0.0
2021-10-22,0.003741108400298116,0.00373248450146911,0.008623898829006363,8.623898829006363e-06,2.8634391014301115,0.0
2021-10-29,0.010038795335454324,0.009768546469026682,0.2702488664276426,0.00027024886642764264,2.8914107393536597,0.0
2021-11-05,-0.001717766257956423,-0.0017406472221967156,0.02288096424029252,2.288096424029252e-05,2.886377813281974,-0.0017406472221966895
2021-11-12,-0.006745184981492165,-0.006765124028252736,0.01993904676057134,1.993904676057134e-05,2.8668511093827247,-0.008493995556101752
2021-11-19,-0.025222496565406594,-0.025234861351801294,0.012364786394700678,1.2364786394700678e-05,2.7945065191211937,-0.03351451210772205
2021-11-26,-0.005425415597548446,-0.005702156090725208,0.2767404931767617,0.0002767404931767617,2.7785718067526153,-0.039025563219104664
2021-12-03,0.01932946954662228,0.019311017997003212,0.01845154961906829,1.8451549619068292e-05,2.832228856918781,-0.02046816857576872
2021-12-10,-0.004094320128635802,-0.004107001264957009,0.0126811363212072,1.26811363212072e-05,2.820596889420768,-0.02449110704649371
2021-12-17,0.014986125213196727,0.014971025420975628,0.01509979222109935,1.509979222109935e-05,2.8628241171546107,-0.009886738611698975
2021-12-24,0.008493496821170007,0.00847587602446332,0.017620796706686107,1.7620796706686108e-05,2.887089059451457,-0.0014946613579945867
2021-12-31,-0.01154791743376785,-0.011753028993296508,0.20511155952865887,0.00020511155952865887,2.8531570180294947,-0.01323012355301556
2022-01-07,0.0024702493256389844,0.0024559236466956463,0.014325678943337965,1.4325678943337965e-05,2.860164153817809,-0.010806692079602498
2022-01-14,-0.019310902059684432,-0.019327872368236448,0.016970308552014816,1.6970308552014815e-05,2.8048832661006133,-0.029925694082601484
2022-01-21,0.0027994929224345487,0.0027675074375155917,0.03198548491895697,3.198548491895697e-05,2.8126458014009095,-0.027241006226032427
2022-01-28,0.0040570060074906445,0.0036795840974478927,0.37742191004275183,0.00037742191004275184,2.822995168163498,-0.023661657701892325
2022-02-04,-0.0020035037640718746,-0.0020145845386557457,0.011080774583871007,1.1080774583871008e-05,2.8173080057450157,-0.025628573830782986
2022-02-11,-0.0026314799292268464,-0.002665160984176282,0.03368105494943539,3.3681054949435394e-05,2.8097994263676966,-0.02822543053990534
2022-02-18,0.0046530003910487065,0.0046427838337975,0.010216557251206619,1.021655725120662e-05,2.82284471772065,-0.023713691278720472
2022-02-25,0.03878276213869891,0.03859948912000564,0.18327301869327417,0.00018327301869327416,2.9318050816897734,0.0
2022-03-04,-0.017495090937720274,-0.017506539135081912,0.011448197361638046,1.1448197361638047e-05,2.880479321290739,-0.017506539135081933
2022-03-11,0.004574362294319744,0.004565738827109045,0.008623467210699055,8.623467210699055e-06,2.8936308375686406,-0.013020730593430452
2022-03-18,0.01111097288018541,0.011091627325837896,0.01934555434751259,1.934555434751259e-05,2.925725912437504,-0.0020735243588450025
2022-03-25,-8.029388685268405e-05,-0.0004983472223859547,0.4180533355332707,0.0004180533355332707,2.924267885055578,-0.0025708382461262502
2022-04-01,-0.0005047451337209084,-0.0005103783252944587,0.0056331915735502915,5.633191573550291e-06,2.922775402109691,-0.0030799044713020196
2022-04-08,0.0016827131732809202,0.001681399005528091,0.0013141677528290823,1.3141677528290824e-06,2.92768975376418,-0.0014036840140891904
2022-04-15,-0.004611967888849095,-0.004616630068588951,0.004662179739856781,4.662179739856781e-06,2.9141736932154525,-0.006013833792851919
2022-04-22,-0.005174980177239725,-0.005176394901397036,0.001414724157311623,1.414724157311623e-06,2.899088779368107,-0.011159098715665672
2022-04-29,-0.0016206717076134528,-0.0016788667605453353,0.05819505293188242,5.819505293188242e-05,2.894221595580556,-0.012819230836299655
2022-05-06,-0.004361472045537508,-0.0043651908542545375,0.003718808717029921,3.7188087170299215e-06,2.8815877659413416,-0.017128463301348984
2022-05-13,0.00022542186093861463,0.0002251908031211781,0.00023105781743653145,2.3105781743653145e-07,2.882236673004618,-0.0169071296706349
2022-05-20,0.009150479590508728,0.009148475084617379,0.0020045058913492225,2.0045058913492227e-06,2.9086047433955713,-0.007913329040561745
2022-05-27,-0.0015063828742546575,-0.0015335813570296313,0.027198482774973755,2.7198482774973755e-05,2.904144161386132,-0.009434774663702683
2022-06-03,-0.0034201480497970398,-0.0034251924711260614,0.005044421329021697,5.044421329021698e-06,2.8941969086694876,-0.012827651215683744
2022-06-10,-0.01011896879089627,-0.010121652721662421,0.0026839307661518843,2.6839307661518843e-06,2.8649028526518263,-0.02281946690650638
2022-06-17,-0.0007534305496025087,-0.0007605781921304532,0.007147642527944422,7.147642527944422e-06,2.862723870019527,-0.023562689109751678
2022-06-24,-0.0061814457422416855,-0.006250067690446539,0.06862194820485357,6.862194820485356e-05,2.844831652052848,-0.029665488398293416
2022-07-01,-0.004704660829623651,-0.004714152829126169,0.009491999502517674,9.491999502517675e-06,2.8314206808719353,-0.03423979358135931
2022-07-08,-0.007002839749255703,-0.007004395730150468,0.0015559808947653766,1.5559808947653766e-06,2.8115882899445763,-0.04100436024754717
2022-07-15,0.0002448723449771309,0.00024210174315869451,0.0027706018184363735,2.7706018184363734e-06,2.8122689803706162,-0.04077218573148167
2022-07-22,0.010074455921297956,0.010072463303151553,0.0019926181464033554,1.9926181464033556e-06,2.8405954564739906,-0.031110398772899783
2022-07-29,-0.005392946536688576,-0.005394883379413125,0.0019368427245482597,1.9368427245482597e-06,2.8252707752582227,-0.036337445179046024
2022-08-05,0.009675898219482525,0.00967407223642556,0.0018259830569648684,1.8259830569648685e-06,2.8526026488255325,-0.02701490401216977
2022-08-12,-0.005158073256059704,-0.005161148004540346,0.0030747484806425613,3.0747484806425614e-06,2.8378799443568,-0.032036624098774946
2022-08-19,0.0034931808566788934,0.0034854328162706484,0.007748040408245232,7.748040408245232e-06,2.847771184243497,-0.028662852783460813
2022-08-26,-0.00977808721809661,-0.009841833739521546,0.06374652142493623,6.374652142493622e-05,2.8197438937199726,-0.03822259149138707
2022-09-02,0.002740797270682819,0.0027306527227322153,0.010144547950603813,1.0144547950603814e-05,2.8274436350607663,-0.03559631139218078
2022-09-09,-0.00620299344128794,-0.0062107183435538395,0.0077249022658999545,7.724902265899954e-06,2.80988317901113,-0.04158595107160823
2022-09-16,-0.009143053422136338,-0.009152695359645613,0.00964193750927373,9.641937509273731e-06,2.7841651742774487,-0.05035802288985425
2022-09-23,-0.0015702252273299179,-0.0015740440166796938,0.003818789349775833,3.818789349775833e-06,2.7797827757434295,-0.051852801161912265
2022-09-30,0.007927478923948267,0.007788732126823125,0.1387467971251417,0.00013874679712514172,2.8014337591544516,-0.0444679366133649
2022-10-07,-0.004254292202057749,-0.004257840481579319,0.0035482795215695593,3.5482795215695595e-06,2.789505701088261,-0.04853643971429944
2022-10-14,-0.00012026135717333543,-0.00012227714551934674,0.002015788346011316,2.015788346011316e-06,2.7891646082937216,-0.04865278196251699
2022-10-21,0.002677837113755395,0.002676934625513638,0.0009024882417568191,9.024882417568191e-07,2.79663101960992,-0.04610608765366642
2022-10-28,0.0038747651063023273,0.003838313522544199,0.036451583758128084,3.6451583758128086e-05,2.807365366270055,-0.04244474375083496
2022-11-04,0.004654052382867918,0.004648392763945366,0.005659618922552375,5.6596189225523746e-06,2.8204151031243754,-0.03799365082660866
2022-11-11,-0.0016187701050266502,-0.0016238702129258151,0.005100107899164893,5.100107899164893e-06,2.8158351150503256,-0.03955582428167681
2022-11-18,0.0011941232272464066,0.001184346183445219,0.009777043801187546,9.777043801187545e-06,2.8191700386220466,-0.038418325887752625
2022-11-25,0.004772506330078262,0.004679061726836644,0.09344460324161831,9.344460324161831e-05,2.8323611092512078,-0.03391902587918638
2022-12-02,-0.00522911360257936,-0.005257001523055929,0.02788792047656937,2.7887920476569372e-05,2.81747138258603,-0.03899771503153482
2022-12-09,0.001855036808935029,0.0018346535760858699,0.020383232849159154,2.0383232849159155e-05,2.8226404665336107,-0.03723460875279083
2022-12-16,0.0030237458285994317,0.003008185128726584,0.015560699872847767,1.5560699872847766e-05,2.831131491608779,-0.03433843222038835
2022-12-23,0.0007751192789024945,0.0007598117219683397,0.015307556934154778,1.5307556934154777e-05,2.833282618502537,-0.03360471124173514
2022-12-30,0.006720392779318287,0.006365083591972645,0.3553091873456425,0.00035530918734564247,2.8513166992089887,-0.027453524445900213
2023-01-06,0.021171022804612572,0.021155074781274156,0.015948023338417366,1.5948023338417367e-05,2.9116365172058503,-0.0068792310272887125
2023-01-13,0.002609154296972661,0.0025692004404666135,0.03995385650604785,3.995385650604785e-05,2.9191170950283345,-0.004327704710207381
2023-01-20,-2.5384536949868906e-05,-4.258034607190204e-05,0.01719580912203313,1.719580912203313e-05,2.918992798012204,-0.004370100781114994
2023-01-27,-0.00984309247956074,-0.010043888785796944,0.20079630623620484,0.00020079630623620484,2.889674758982427,-0.014370096760683793
2023-02-03,-0.004211492869386047,-0.004244560468844612,0.03306759945856437,3.306759945856437e-05,2.8774093597326322,-0.018553662484884437
2023-02-10,-0.005151401790447961,-0.005181583147563222,0.030181357115260567,3.018135711526057e-05,2.8624998238856008,-0.023639108287590527
2023-02-17,-0.010821102741900155,-0.01083077210213748,0.009669360237323985,9.669360237323985e-06,2.831496740650687,-0.03421385059516735
2023-02-24,0.014586253808734736,0.014486532192481536,0.09972161625320046,9.972161625320046e-05,2.87251530933703,-0.020222958450761386
2023-03-03,-0.008197797114573588,-0.008204149576490937,0.006352461917349323,6.352461917349323e-06,2.848948764078469,-0.028261195851243093
2023-03-10,0.0055786394567692845,0.005544841666070278,0.03379779069900669,3.3797790699006685e-05,2.864745733890031,-0.02287305804146167
2023-03-17,0.006771629366997527,0.006747111317521968,0.02451804947555935,2.451804947555935e-05,2.8840744922529833,-0.01628027379271757
2023-03-24,0.012781609236862035,0.012762435576590033,0.019173660272001725,1.9173660272001727e-05,2.9208823071584487,-0.0037256141615762406
2023-03-31,0.002488903013119463,0.002171123762564458,0.31777925055500533,0.0003177792505550053,2.9272239041431747,-0.0015625791684480417
2023-04-07,0.006563021956917763,0.006550432948577942,0.01258900833982129,1.258900833982129e-05,2.946398488052739,0.0
2023-04-14,-0.0010667325116497078,-0.0010837563640534937,0.01702385240378591,1.7023852403785912e-05,2.943205309940274,-0.0010837563640535564
2023-04-21,0.0029195429745094595,0.002896594683016679,0.022948291492780472,2.2948291492780472e-05,2.9517305827920737,0.0
2023-04-28,0.0021326219503269186,0.0017276781041491286,0.40494384617778995,0.00040494384617778995,2.9568302230893106,0.0
2023-05-05,-0.003438480381747278,-0.003459000683209544,0.02052030146226582,2.0520301462265822e-05,2.9466025453275098,-0.003459000683209701
2023-05-12,-0.002101771208085859,-0.0021173183400778417,0.015547131991982863,1.5547131991982863e-05,2.9403636497173675,-0.00556899521770271
2023-05-19,-0.008654225715481145,-0.008664034222348153,0.00980850686700924,9.808506867009241e-06,2.9148882384300676,-0.0141847794749006
2023-05-26,0.008360721699957283,0.008094603383709265,0.26611831624801807,0.0002661183162480181,2.938483102627998,-0.00620499625512605
2023-06-02,0.0023051907822424517,0.0022946392989152842,0.010551483327167608,1.0551483327167608e-05,2.9452258614344866,-0.0039245951844674165
2023-06-09,0.013532062229414886,0.013523050654459709,0.009011574955177468,9.011574955177468e-06,2.98505429994749,0.0
2023-06-16,-0.019702874338469456,-0.019731360809326748,0.028486470857292882,2.848647085729288e-05,2.9261551165197934,-0.019731360809326803
2023-06-23,0.012717024378634706,0.012701428007147124,0.015596371487581522,1.5596371487581522e-05,2.9633214650700146,-0.007280549260982427
2023-06-30,-0.01134187994870443,-0.011449677735154087,0.1077977864496572,0.00010779778644965721,2.9293923892692986,-0.01864686705336327
2023-07-07,0.02608180509742763,0.026072838958259133,0.008966139168499648,8.966139168499648e-06,3.005769965280267,0.0
2023-07-14,0.002690210642260821,0.0026765464885316155,0.013664153729205503,1.3664153729205504e-05,3.013815048326172,0.0
2023-07-21,0.005332576245093277,0.005315465554785746,0.017110690307530776,1.7110690307530776e-05,3.0298348784040448,0.0
2023-07-28,-0.02000979146419197,-0.02010740728743706,0.09761582324509162,9.761582324509162e-05,2.968912754490292,-0.020107407287437096
2023-08-04,-0.006266518525224072,-0.006278973249981449,0.012454724757376408,1.2454724757376409e-05,2.9502710307233184,-0.02626012666493438
2023-08-11,-0.021456094664343568,-0.02147070658443857,0.01461192009499999,1.461192009499999e-05,2.886926627078089,-0.047167009774879975
2023-08-18,0.009207138884920522,0.00919336826798054,0.01377061693998407,1.377061693998407e-05,2.913467206723457,-0.03840726519785931
2023-08-25,0.016771414961675262,0.016594011557105073,0.17740340457019044,0.00017740340457019044,2.9618133152230723,-0.022450584243324356
2023-09-01,-0.010178867257903585,-0.010198603348371072,0.019736090467487165,1.9736090467487165e-05,2.931606956029188,-0.03242022298805858
2023-09-08,0.006025726409697294,0.00601500271367001,0.01072369602728393,1.072369602728393e-05,2.949240579825118,-0.02660022800363948
2023-09-15,-0.01348344389344014,-0.013502113128755811,0.018669235315670725,1.8669235315670724e-05,2.9094195998724017,-0.03974318184463943
2023-09-22,-0.016715161583849315,-0.016739398031954622,0.024236448105306244,2.4236448105306245e-05,2.8607176671481676,-0.05581730293664022
2023-09-29,-0.006864107021129319,-0.006935533898901391,0.07142687777207182,7.142687777207183e-05,2.8408770627924755,-0.06236571403887925
2023-10-06,0.013672397951105099,0.013659806044983562,0.012591906121535873,1.2591906121535874e-05,2.879682892467863,-0.049557811551523834
2023-10-13,-0.008202486758214252,-0.008219932570285934,0.017445812071682207,1.7445812071682207e-05,2.8560120932679713,-0.05737038225252522
2023-10-20,-0.0020269592258221787,-0.002033762107944083,0.006802882121904288,6.8028821219042885e-06,2.850203644092853,-0.05928746665092588
2023-10-27,0.023356348767728834,0.0232060145011819,0.15033426654693416,0.00015033426654693417,2.916345511188993,-0.037457277960583735
2023-11-03,-0.0071276165715558545,-0.007148056074809506,0.02043950325365081,2.043950325365081e-05,2.895499309941495,-0.04433758731212123
2023-11-10,0.017873838306064562,0.017864418045661936,0.00942026040262575,9.42026040262575e-06,2.947225720065216,-0.027265234461338994
2023-11-17,0.005453925654279835,0.005430346588737293,0.02357906554254196,2.357906554254196e-05,2.963230177200411,-0.021982947545549858
2023-11-24,0.01701440863867929,0.01659335099080707,0.42105764787221867,0.00042105764787221867,3.012400095597249,-0.005754367319178555
2023-12-01,-0.01075950191770773,-0.010773126132239684,0.013624214531952865,1.3624214531952865e-05,2.979947129406609,-0.016465500926477472
2023-12-08,0.01744886928113855,0.017434799307324816,0.014069973813732648,1.4069973813732649e-05,3.031901909554252,0.0
2023-12-15,0.008401228675661543,0.008378439450919957,0.02278922474158587,2.278922474158587e-05,3.0573045161245807,0.0
2023-12-22,0.00422317867081855,0.0042034097954041765,0.01976887541437399,1.976887541437399e-05,3.0701556198751923,0.0
2023-12-29,-0.012579137878942569,-0.012720564007887975,0.1414261289454059,0.00014142612894540592,3.031101508798393,-0.012720564007888013
2024-01-05,0.009826487404240617,0.009810883381096073,0.015604023144544153,1.5604023144544154e-05,3.0608392922174783,-0.0030344805968151034
2024-01-12,-0.004005981506101079,-0.004025231667058276,0.019250160957196748,1.925016095719675e-05,3.048518704970668,-0.007047497776481948
2024-01-19,0.006611673812822903,0.006593032342702895,0.018641470120008014,1.8641470120008013e-05,3.068617687389874,-0.0005009298145547403
2024-01-26,0.005552925112993169,0.00531893168394843,0.2339934290447389,0.0002339934290447389,3.0849394552332563,0.0
2024-02-02,0.004984739638954167,0.004971974385702918,0.012765253251248712,1.2765253251248711e-05,3.10027769518612,0.0
2024-02-09,-0.00523144041712202,-0.005243582634497685,0.0121422173756662,1.21422173756662e-05,3.0840211329015217,-0.0052435826344976455
2024-02-16,0.01159129500769227,0.01157881017693731,0.01248483075495898,1.248483075495898e-05,3.119730428181052,0.0
2024-02-23,0.009835955701059607,0.009652076530614187,0.18387917044542038,0.00018387917044542038,3.149842305028742,0.0
2024-03-01,0.011214785236103732,0.011201955974016452,0.0128292620872803,1.2829262087280301e-05,3.1851266998547683,0.0
2024-03-08,-0.0042441418035358515,-0.004257911619241199,0.013769815705347029,1.3769815705347028e-05,3.1715647118707015,-0.0042579116192411615
2024-03-15,0.010609229528619443,0.010595707713816896,0.013521814802548082,1.3521814802548083e-05,3.205169684553139,0.0
2024-03-22,0.008073956458115962,0.008059722913517283,0.014233544598679312,1.4233544598679311e-05,3.231002464101443,0.0
2024-03-29,-0.006983258889227695,-0.007384457653923231,0.4011987646955361,0.00040119876469553613,3.2071432632255643,-0.00738445765392326
2024-04-05,-0.009374066045793071,-0.009387370957953996,0.013304912160925853,1.3304912160925853e-05,3.177036619698363,-0.016702507968556546
2024-04-12,-0.010691932552217443,-0.010709709610793346,0.01777705857590345,1.777705857590345e-05,3.1430114800785374,-0.0272333385692346
2024-04-19,0.009690521197661886,0.009660179732659457,0.03034146500242826,3.0341465002428262e-05,3.173373535877908,-0.017836237781874265
2024-04-26,-0.00043566463271649454,-0.0006939977014477175,0.25833306873122297,0.000258333068731223,3.171171221938174,-0.01851785717529897
2024-05-03,0.007624306629069559,0.007614210042340289,0.01009658672927057,1.009658672927057e-05,3.1953171857022356,-0.011044645987025592
2024-05-10,0.004276779097508811,0.004255609429331685,0.021169668177125713,2.1169668177125713e-05,3.208915207647416,-0.006836038257299726
2024-05-17,0.0021709029101247114,0.0021513035248392617,0.01959938528544963,1.959938528544963e-05,3.215818558244538,-0.004699441125659343
2024-05-24,0.0012626979534819938,0.0012557290821687802,0.006968871313213567,6.9688713132135666e-06,3.2198567551311044,-0.0034496132683818903
2024-05-31,-0.0023638210532913977,-0.002708120680881674,0.3442996275902764,0.0003442996275902764,3.2111369944630574,-0.006148391980230317
2024-06-07,0.009634851263277048,0.009616583158374301,0.01826810490274711,1.8268104902747112e-05,3.2420171604032437,0.0
2024-06-14,-0.004034591987668684,-0.004046023812064225,0.011431824395541076,1.1431824395541076e-05,3.2288998817731316,-0.004046023812064203
2024-06-21,-0.004745638496103609,-0.004762689683202607,0.017051187098998066,1.7051187098998065e-05,3.2135216336181167,-0.008789443539399033
2024-06-28,0.018956841229606287,0.018832739496001755,0.12410173360453107,0.00012410173360453107,3.2740410494088126,0.0
2024-07-05,0.01139096938235507,0.011366753227161425,0.02421615519364553,2.421615519364553e-05,3.3112562660730394,0.0
2024-07-12,-0.01633255963190489,-0.016343972953355965,0.011413321451076607,1.1413321451076607e-05,3.257137183218711,-0.01634397295335599
2024-07-19,-0.0012646109800282515,-0.0012806311274313688,0.016020147403117233,1.602014740311723e-05,3.252965991955567,-0.01760367348027736
2024-07-26,2.264487075984292e-05,-0.00015461135758743137,0.17725622834727428,0.0001772562283472743,3.252463046467365,-0.017755563110009476
2024-08-02,0.003506508487263983,0.00348633682444393,0.02017166282005303,2.0171662820053028e-05,3.2638022281564076,-0.014331128159074669
2024-08-09,0.019641490710012092,0.019626939188023978,0.014551521988112562,1.4551521988112561e-05,3.3278606760101703,0.0
2024-08-16,0.011132304861931041,0.011109634154807068,0.02267070712397284,2.2670707123972842e-05,3.3648319906388124,0.0
2024-08-23,-0.0015783099099207557,-0.0015950644975840074,0.016754587663251812,1.6754587663251814e-05,3.35946486659021,-0.0015950644975839534
2024-08-30,-0.010524808934435621,-0.01062652027028175,0.1017113358461296,0.0001017113358461296,3.3237654450880894,-0.01220463478264977
2024-09-06,0.02261206600755446,0.02259000394074293,0.022062066811531538,2.2062066811531537e-05,3.3988493195907346,0.0
2024-09-13,0.007960909938570576,0.007949951685039114,0.010958253531460746,1.0958253531460746e-05,3.425870007466209,0.0
2024-09-20,0.011078330096952266,0.011057447607934486,0.020882489017781364,2.0882489017781365e-05,3.463751385585361,0.0
2024-09-27,-0.005505909174145353,-0.005679238312723663,0.17332913857830903,0.00017332913857830905,3.4440799160105953,-0.005679238312723656
2024-10-04,-0.0005574849117947821,-0.0005662688677326614,0.008783955937879395,8.783955937879395e-06,3.4421296407761752,-0.0062422912046072865
2024-10-11,0.012170371294722987,0.012148058789836826,0.022312504886161,2.2312504886161e-05,3.4839448340145642,0.0
2024-10-18,-0.007454818217168536,-0.007471392529686193,0.016574312517656755,1.6574312517656757e-05,3.457914914607869,-0.007471392529686205
2024-10-25,-0.010700614825596273,-0.010813762708223325,0.1131478826270525,0.0001131478826270525,3.4205218432560733,-0.01820436137199344
2024-11-01,0.012852015043807763,0.012837004329968645,0.015010713839117106,1.5010713839117107e-05,3.4644310969687035,-0.005601046507781482
2024-11-08,-0.0237506553715174,-0.023763780518278422,0.013125146761023101,1.31251467610231e-05,3.3821031167596405,-0.029231724986176433
2024-11-15,0.021066859449455834,0.021056109832423665,0.010749617032168198,1.0749617032168198e-05,3.4533170514507137,-0.008791121565652982
2024-11-22,0.009938075040785636,0.009921621881147043,0.016453159638593656,1.6453159638593655e-05,3.4875795574709256,0.0
2024-11-29,-0.004160545261119551,-0.004319340614132805,0.15879535301325343,0.00015879535301325344,3.472515513443322,-0.0043193406141328605
2024-12-06,-0.005398525489427606,-0.005415218738628512,0.016693249200906358,1.6693249200906358e-05,3.453711082364746,-0.0097111691785291
2024-12-13,-0.018990619604331467,-0.019024670717442817,0.034051113111350076,3.4051113111350076e-05,3.3880053662695735,-0.02855108810006901
2024-12-20,0.0008712442797054281,0.0008558855193848125,0.015358760320615584,1.5358760320615584e-05,3.3909051110021613,-0.02771963904355179
2024-12-27,0.0033359195450348217,0.00319307098207118,0.14284856296364135,0.00014284856296364136,3.4017325117150587,-0.024615078836544235
2025-01-03,-0.011283710964621534,-0.011291858616081714,0.008147651460179685,8.147651460179686e-06,3.3633206291430437,-0.03562898746258003
2025-01-10,0.01843947779468661,0.01843057254743381,0.008905247252801061,8.905247252801062e-06,3.4253085539987453,-0.017855077553366905
2025-01-17,0.015423502898597053,0.015408618882542195,0.01488401605485818,1.4884016054858181e-05,3.478087828062424,-0.002721580755962738
2025-01-24,0.0009674724697721202,0.000947735370860669,0.0197370989114512,1.97370989114512e-05,3.4813841349200385,-0.001776424723449077
2025-01-31,0.00706996538569526,0.006858473583131702,0.21149180256355757,0.00021149180256355756,3.505261116042121,0.0
2025-02-07,0.013306735615862488,0.013299120258708531,0.007615357153955607,7.615357153955607e-06,3.55187800516254,0.0
2025-02-14,0.0005759651835404809,0.0005536101825214073,0.022355001019073575,2.2355001019073577e-05,3.553844360993272,0.0
2025-02-21,-0.0187371604009484,-0.0187577894609093,0.02062905996090196,2.062905996090196e-05,3.48718209669292,-0.018757789460909335
2025-02-28,-0.0009163160391401983,-0.0012644907510512434,0.348174711911045,0.000348174711911045,3.4827725871844204,-0.01999856116067711
2025-03-07,-0.001083019227045628,-0.0010982885933047374,0.015269366259109372,1.526936625910937e-05,3.4789474977788415,-0.021074885562376577
2025-03-14,0.004964280211519637,0.004942192171092311,0.022088040427325883,2.2088040427325884e-05,3.4961411248660057,-0.016236849525717134
2025-03-21,0.0005984403980005008,0.000590682742603698,0.007757655396802803,7.757655396802803e-06,3.498206235094171,-0.01565575760992266
2025-03-28,-0.011249717167914255,-0.011635702243373064,0.3859850754588094,0.0003859850754588094,3.457502148956704,-0.027109294119352145
2025-04-04,0.009060638766283137,0.009052194550269753,0.00844421601338467,8.444216013384669e-06,3.488800131067036,-0.018302498173571324
2025-04-11,0.005438424754662471,0.005430106961603086,0.008317793059385573,8.317793059385574e-06,3.507744688946385,-0.012971775734715196
2025-04-18,0.005546632545318123,0.005543571271433522,0.0030612738846011495,3.0612738846011494e-06,3.527190121631552,-0.007500114426584048
2025-04-25,0.0022692113612694065,0.0021735452711087507,0.09566609016065565,9.566609016065565e-05,3.5348566290407257,-0.005342870993719995
2025-05-02,0.0025213787077547124,0.002513502478045602,0.007876229709110063,7.876229709110063e-06,3.5437414999373553,-0.0028427978351570626
2025-05-09,0.00012464679197954744,0.00010657345135132799,0.018073340628219456,1.8073340628219456e-05,3.5441191686997002,-0.002736527350582607
2025-05-16,0.0031267765483479378,0.0031125296882312447,0.014246860116692961,1.424686011669296e-05,3.5551503448309076,0.0
2025-05-23,0.0006037775828280967,0.0005937705249736534,0.010007057854443252,1.0007057854443252e-05,3.5572612883175183,0.0
2025-05-30,0.002503704185377576,0.0023818870158988934,0.1218171694786824,0.0001218171694786824,3.5657342827923215,0.0
2025-06-06,0.0037696646378930494,0.003736798884747172,0.03286575314587717,3.286575314587717e-05,3.5790587146835646,0.0
2025-06-13,-0.002387459508036905,-0.0024048636369114486,0.01740412887454368,1.7404128874543678e-05,3.570451566526251,-0.002404863636911503
2025-06-20,0.0021068604093910006,0.002097610046956297,0.009250362434703455,9.250362434703456e-06,3.5779409816043675,-0.00031229805608146144
2025-06-27,0.008058042075687201,0.007536816266997226,0.5212258086899746,0.0005212258086899746,3.6049072653968794,0.0
2025-07-04,-0.0026278337383844404,-0.0026463667581109623,0.018533019726521837,1.853301972652184e-05,3.5953673586436605,-0.0026463667581109185
2025-07-11,0.0029279829131472757,0.0029030743799504247,0.024908533196851164,2.4908533196851166e-05,3.6058049775090493,0.0
2025-07-18,0.006003578672356671,0.0059935154315993435,0.010063240757327941,1.0063240757327942e-05,3.6274164252850873,0.0
2025-07-25,-0.00987758143017012,-0.00998705716072987,0.10947573055975017,0.00010947573055975018,3.5911892100999947,-0.009987057160729895
2025-08-01,0.013102292804131164,0.013084343839136625,0.017948964994539865,1.7948964994539864e-05,3.6381775645163406,0.0
2025-08-08,0.004163420820074781,0.0041551207456014625,0.00830007447331828,8.30007447331828e-06,3.653294631590844,0.0
2025-08-15,0.008980685718493281,0.008972979236120554,0.0077064823727262775,7.706482372726278e-06,3.6860755684635396,0.0
2025-08-22,0.001159082425994863,0.0011293158403523533,0.029766585642509648,2.976658564250965e-05,3.690238311991741,0.0
2025-08-29,0.012333911206781378,0.011993991714241238,0.33991949254014,0.00033991949254013996,3.7344989997293454,0.0
2025-09-05,0.014526526578825645,0.014511435591554843,0.015090987270801923,1.5090987270801923e-05,3.7886919414306437,0.0
2025-09-12,0.005132414239538017,0.005110291805056144,0.022122434481873766,2.2122434481873767e-05,3.8080532628108186,0.0
2025-09-19,0.0069017096616176155,0.006883429218239048,0.01828044337856741,1.828044337856741e-05,3.8342657279046617,0.0
2025-09-26,0.012711073582291087,0.012425125289794937,0.2859482924961492,0.0002859482924961492,3.881906959968244,0.0
2025-10-03,-0.007242655301975937,-0.007265945680101025,0.02329037812508781,2.329037812508781e-05,3.8537012348619086,-0.007265945680100971
2025-10-10,0.022216788346475367,0.022203961642236737,0.012826704238628032,1.2826704238628032e-05,3.9392686692614225,0.0
2025-10-17,0.0007565475190936852,0.0007459774123119993,0.010570106781685979,1.0570106781685979e-05,3.9422072747097197,0.0
2025-10-24,-0.00801423740648159,-0.008022453304599409,0.008215898117819071,8.215898117819071e-06,3.9105811009313087,-0.008022453304599386
2025-10-31,-0.00275241526822397,-0.0028209024324342825,0.06848716421031249,6.84871642103125e-05,3.89954973319146,-0.010820725178992685
2025-11-07,0.004367613990026569,0.004351271388684954,0.016342601341614083,1.6342601341614084e-05,3.9165177323742495,-0.006516537702184078
2025-11-14,-0.007683612738035676,-0.007696960084592944,0.013347346557267584,1.3347346557267585e-05,3.8863724517175644,-0.01416334025619359
2025-11-21,0.019347002950960375,0.01931991347042925,0.02708948053112731,2.708948053112731e-05,3.9614568311986074,0.0
2025-11-28,-0.0022433006540994926,-0.00246976784767707,0.22646719357757739,0.0002264671935775774,3.9516729524869523,-0.0024697678476770513
2025-12-05,0.001110585292648358,0.001101260208274219,0.009325084374138934,9.325084374138935e-06,3.9560247726656397,-0.001371227496457239
2025-12-12,0.0036671759396473737,0.0036641447902535686,0.003031149393805334,3.0311493938053344e-06,3.970520220226517,0.0
2025-12-19,0.012266065587236192,0.012259808051378765,0.0062575358574263286,6.257535857426328e-06,4.0191980359906125,0.0
2025-12-26,-0.008170918724450561,-0.00834832156528506,0.17740284083450014,0.00017740284083450015,3.9856444783516007,-0.008348321565285088
2026-01-02,0.015484063165214152,0.015465170206948807,0.018892958265344297,1.8892958265344298e-05,4.047283148593694,0.0
2026-01-09,0.005763506681547184,0.005756909922206529,0.006596759340654981,6.5967593406549805e-06,4.070582993109812,0.0
2026-01-16,0.021031732822453433,0.021023194097455403,0.008538724998027833,8.538724998027833e-06,4.156159649463761,0.0
2026-01-23,-0.005896992047708159,-0.005912235620728569,0.015243573020410517,1.5243573020410518e-05,4.131587454338766,-0.005912235620728623
2026-01-30,0.011560996811862942,0.011479246292049418,0.08175051981352388,8.175051981352388e-05,4.179014964304263,0.0
2026-02-06,0.012835562032923877,0.012824922550188996,0.010639482734881824,1.0639482734881824e-05,4.232610507557546,0.0
2026-02-13,0.004013023456448553,0.004006738900505188,0.006284555943364911,6.284555943364911e-06,4.249569472728864,0.0
2026-02-20,0.009165508788647414,0.009147266725351093,0.018242063296320728,1.824206329632073e-05,4.288441418163825,0.0
2026-02-27,-0.021537326494744727,-0.02166640681857222,0.12908032382749238,0.00012908032382749239,4.195526301780273,-0.021666406818572237
2026-03-06,-0.013191024365150898,-0.013196012530543297,0.004988165392398113,4.988165392398114e-06,4.140162084129757,-0.03457650917324573
2026-03-13,-0.021785531710925166,-0.021812932570388167,0.027400859463000443,2.7400859463000445e-05,4.0498530077581565,-0.05563522668051846
2026-03-20,-0.001416115553034327,-0.0014259997626620965,0.009884209627769504,9.884209627769504e-06,4.044077918330277,-0.05698189062313841
2026-03-27,0.01941813283952349,0.019076880731559557,0.34125210796393196,0.00034125210796393196,4.121226310447398,-0.03899204662285527
2026-04-03,0.013904757496343678,0.013881481926122145,0.02327557022153233,2.327557022153233e-05,4.178435038989332,-0.025651832087190796
2026-04-10,0.0,-0.0002407643192348362,0.2407643192348362,0.0002407643192348362,4.177429020921703,-0.025886420360536122
