,BIL,DBA,EEM,EFA,EWJ,GLD,HYG,IAU,IEF,IWM,LQD,MBB,PDBC,QQQ,SHY,SLV,SPY,TIP,TLT,USO,UUP,VEA,VNQ,VTV,VUG,VWO,XLB,XLE,XLF,XLI,XLK,XLP,XLU,XLV,XLY
2005-01-07,1.0,0.0,0.0,0.0,0.0,0.0,0.0,0.0,0.0,0.0,0.0,0.0,0.0,0.0,0.0,0.0,0.0,0.0,0.0,0.0,0.0,0.0,0.0,0.0,0.0,0.0,0.0,0.0,0.0,0.0,0.0,0.0,0.0,0.0,0.0
2005-01-14,1.0,0.0,0.0,0.0,0.0,0.0,0.0,0.0,0.0,0.0,0.0,0.0,0.0,0.0,0.0,0.0,0.0,0.0,0.0,0.0,0.0,0.0,0.0,0.0,0.0,0.0,0.0,0.0,0.0,0.0,0.0,0.0,0.0,0.0,0.0
2005-01-21,1.0,0.0,0.0,0.0,0.0,0.0,0.0,0.0,0.0,0.0,0.0,0.0,0.0,0.0,0.0,0.0,0.0,0.0,0.0,0.0,0.0,0.0,0.0,0.0,0.0,0.0,0.0,0.0,0.0,0.0,0.0,0.0,0.0,0.0,0.0
2005-01-28,1.0,0.0,0.0,0.0,0.0,0.0,0.0,0.0,0.0,0.0,0.0,0.0,0.0,0.0,0.0,0.0,0.0,0.0,0.0,0.0,0.0,0.0,0.0,0.0,0.0,0.0,0.0,0.0,0.0,0.0,0.0,0.0,0.0,0.0,0.0
2005-02-04,1.0,0.0,0.0,0.0,0.0,0.0,0.0,0.0,0.0,0.0,0.0,0.0,0.0,0.0,0.0,0.0,0.0,0.0,0.0,0.0,0.0,0.0,0.0,0.0,0.0,0.0,0.0,0.0,0.0,0.0,0.0,0.0,0.0,0.0,0.0
2005-02-11,1.0,0.0,0.0,0.0,0.0,0.0,0.0,0.0,0.0,0.0,0.0,0.0,0.0,0.0,0.0,0.0,0.0,0.0,0.0,0.0,0.0,0.0,0.0,0.0,0.0,0.0,0.0,0.0,0.0,0.0,0.0,0.0,0.0,0.0,0.0
2005-02-18,1.0,0.0,0.0,0.0,0.0,0.0,0.0,0.0,0.0,0.0,0.0,0.0,0.0,0.0,0.0,0.0,0.0,0.0,0.0,0.0,0.0,0.0,0.0,0.0,0.0,0.0,0.0,0.0,0.0,0.0,0.0,0.0,0.0,0.0,0.0
2005-02-25,1.0,0.0,0.0,0.0,0.0,0.0,0.0,0.0,0.0,0.0,0.0,0.0,0.0,0.0,0.0,0.0,0.0,0.0,0.0,0.0,0.0,0.0,0.0,0.0,0.0,0.0,0.0,0.0,0.0,0.0,0.0,0.0,0.0,0.0,0.0
2005-03-04,1.0,0.0,0.0,0.0,0.0,0.0,0.0,0.0,0.0,0.0,0.0,0.0,0.0,0.0,0.0,0.0,0.0,0.0,0.0,0.0,0.0,0.0,0.0,0.0,0.0,0.0,0.0,0.0,0.0,0.0,0.0,0.0,0.0,0.0,0.0
2005-03-11,1.0,0.0,0.0,0.0,0.0,0.0,0.0,0.0,0.0,0.0,0.0,0.0,0.0,0.0,0.0,0.0,0.0,0.0,0.0,0.0,0.0,0.0,0.0,0.0,0.0,0.0,0.0,0.0,0.0,0.0,0.0,0.0,0.0,0.0,0.0
2005-03-18,1.0,0.0,0.0,0.0,0.0,0.0,0.0,0.0,0.0,0.0,0.0,0.0,0.0,0.0,0.0,0.0,0.0,0.0,0.0,0.0,0.0,0.0,0.0,0.0,0.0,0.0,0.0,0.0,0.0,0.0,0.0,0.0,0.0,0.0,0.0
2005-03-25,1.0,0.0,0.0,0.0,0.0,0.0,0.0,0.0,0.0,0.0,0.0,0.0,0.0,0.0,0.0,0.0,0.0,0.0,0.0,0.0,0.0,0.0,0.0,0.0,0.0,0.0,0.0,0.0,0.0,0.0,0.0,0.0,0.0,0.0,0.0
2005-04-01,1.0,0.0,0.0,0.0,0.0,0.0,0.0,0.0,0.0,0.0,0.0,0.0,0.0,0.0,0.0,0.0,0.0,0.0,0.0,0.0,0.0,0.0,0.0,0.0,0.0,0.0,0.0,0.0,0.0,0.0,0.0,0.0,0.0,0.0,0.0
2005-04-08,1.0,0.0,0.0,0.0,0.0,0.0,0.0,0.0,0.0,0.0,0.0,0.0,0.0,0.0,0.0,0.0,0.0,0.0,0.0,0.0,0.0,0.0,0.0,0.0,0.0,0.0,0.0,0.0,0.0,0.0,0.0,0.0,0.0,0.0,0.0
2005-04-15,1.0,0.0,0.0,0.0,0.0,0.0,0.0,0.0,0.0,0.0,0.0,0.0,0.0,0.0,0.0,0.0,0.0,0.0,0.0,0.0,0.0,0.0,0.0,0.0,0.0,0.0,0.0,0.0,0.0,0.0,0.0,0.0,0.0,0.0,0.0
2005-04-22,1.0,0.0,0.0,0.0,0.0,0.0,0.0,0.0,0.0,0.0,0.0,0.0,0.0,0.0,0.0,0.0,0.0,0.0,0.0,0.0,0.0,0.0,0.0,0.0,0.0,0.0,0.0,0.0,0.0,0.0,0.0,0.0,0.0,0.0,0.0
2005-04-29,1.0,0.0,0.0,0.0,0.0,0.0,0.0,0.0,0.0,0.0,0.0,0.0,0.0,0.0,0.0,0.0,0.0,0.0,0.0,0.0,0.0,0.0,0.0,0.0,0.0,0.0,0.0,0.0,0.0,0.0,0.0,0.0,0.0,0.0,0.0
2005-05-06,1.0,0.0,0.0,0.0,0.0,0.0,0.0,0.0,0.0,0.0,0.0,0.0,0.0,0.0,0.0,0.0,0.0,0.0,0.0,0.0,0.0,0.0,0.0,0.0,0.0,0.0,0.0,0.0,0.0,0.0,0.0,0.0,0.0,0.0,0.0
2005-05-13,1.0,0.0,0.0,0.0,0.0,0.0,0.0,0.0,0.0,0.0,0.0,0.0,0.0,0.0,0.0,0.0,0.0,0.0,0.0,0.0,0.0,0.0,0.0,0.0,0.0,0.0,0.0,0.0,0.0,0.0,0.0,0.0,0.0,0.0,0.0
2005-05-20,1.0,0.0,0.0,0.0,0.0,0.0,0.0,0.0,0.0,0.0,0.0,0.0,0.0,0.0,0.0,0.0,0.0,0.0,0.0,0.0,0.0,0.0,0.0,0.0,0.0,0.0,0.0,0.0,0.0,0.0,0.0,0.0,0.0,0.0,0.0
2005-05-27,1.0,0.0,0.0,0.0,0.0,0.0,0.0,0.0,0.0,0.0,0.0,0.0,0.0,0.0,0.0,0.0,0.0,0.0,0.0,0.0,0.0,0.0,0.0,0.0,0.0,0.0,0.0,0.0,0.0,0.0,0.0,0.0,0.0,0.0,0.0
2005-06-03,1.0,0.0,0.0,0.0,0.0,0.0,0.0,0.0,0.0,0.0,0.0,0.0,0.0,0.0,0.0,0.0,0.0,0.0,0.0,0.0,0.0,0.0,0.0,0.0,0.0,0.0,0.0,0.0,0.0,0.0,0.0,0.0,0.0,0.0,0.0
2005-06-10,1.0,0.0,0.0,0.0,0.0,0.0,0.0,0.0,0.0,0.0,0.0,0.0,0.0,0.0,0.0,0.0,0.0,0.0,0.0,0.0,0.0,0.0,0.0,0.0,0.0,0.0,0.0,0.0,0.0,0.0,0.0,0.0,0.0,0.0,0.0
2005-06-17,1.0,0.0,0.0,0.0,0.0,0.0,0.0,0.0,0.0,0.0,0.0,0.0,0.0,0.0,0.0,0.0,0.0,0.0,0.0,0.0,0.0,0.0,0.0,0.0,0.0,0.0,0.0,0.0,0.0,0.0,0.0,0.0,0.0,0.0,0.0
2005-06-24,1.0,0.0,0.0,0.0,0.0,0.0,0.0,0.0,0.0,0.0,0.0,0.0,0.0,0.0,0.0,0.0,0.0,0.0,0.0,0.0,0.0,0.0,0.0,0.0,0.0,0.0,0.0,0.0,0.0,0.0,0.0,0.0,0.0,0.0,0.0
2005-07-01,1.0,0.0,0.0,0.0,0.0,0.0,0.0,0.0,0.0,0.0,0.0,0.0,0.0,0.0,0.0,0.0,0.0,0.0,0.0,0.0,0.0,0.0,0.0,0.0,0.0,0.0,0.0,0.0,0.0,0.0,0.0,0.0,0.0,0.0,0.0
2005-07-08,1.0,0.0,0.0,0.0,0.0,0.0,0.0,0.0,0.0,0.0,0.0,0.0,0.0,0.0,0.0,0.0,0.0,0.0,0.0,0.0,0.0,0.0,0.0,0.0,0.0,0.0,0.0,0.0,0.0,0.0,0.0,0.0,0.0,0.0,0.0
2005-07-15,1.0,0.0,0.0,0.0,0.0,0.0,0.0,0.0,0.0,0.0,0.0,0.0,0.0,0.0,0.0,0.0,0.0,0.0,0.0,0.0,0.0,0.0,0.0,0.0,0.0,0.0,0.0,0.0,0.0,0.0,0.0,0.0,0.0,0.0,0.0
2005-07-22,1.0,0.0,0.0,0.0,0.0,0.0,0.0,0.0,0.0,0.0,0.0,0.0,0.0,0.0,0.0,0.0,0.0,0.0,0.0,0.0,0.0,0.0,0.0,0.0,0.0,0.0,0.0,0.0,0.0,0.0,0.0,0.0,0.0,0.0,0.0
2005-07-29,1.0,0.0,0.0,0.0,0.0,0.0,0.0,0.0,0.0,0.0,0.0,0.0,0.0,0.0,0.0,0.0,0.0,0.0,0.0,0.0,0.0,0.0,0.0,0.0,0.0,0.0,0.0,0.0,0.0,0.0,0.0,0.0,0.0,0.0,0.0
2005-08-05,1.0,0.0,0.0,0.0,0.0,0.0,0.0,0.0,0.0,0.0,0.0,0.0,0.0,0.0,0.0,0.0,0.0,0.0,0.0,0.0,0.0,0.0,0.0,0.0,0.0,0.0,0.0,0.0,0.0,0.0,0.0,0.0,0.0,0.0,0.0
2005-08-12,1.0,0.0,0.0,0.0,0.0,0.0,0.0,0.0,0.0,0.0,0.0,0.0,0.0,0.0,0.0,0.0,0.0,0.0,0.0,0.0,0.0,0.0,0.0,0.0,0.0,0.0,0.0,0.0,0.0,0.0,0.0,0.0,0.0,0.0,0.0
2005-08-19,1.0,0.0,0.0,0.0,0.0,0.0,0.0,0.0,0.0,0.0,0.0,0.0,0.0,0.0,0.0,0.0,0.0,0.0,0.0,0.0,0.0,0.0,0.0,0.0,0.0,0.0,0.0,0.0,0.0,0.0,0.0,0.0,0.0,0.0,0.0
2005-08-26,1.0,0.0,0.0,0.0,0.0,0.0,0.0,0.0,0.0,0.0,0.0,0.0,0.0,0.0,0.0,0.0,0.0,0.0,0.0,0.0,0.0,0.0,0.0,0.0,0.0,0.0,0.0,0.0,0.0,0.0,0.0,0.0,0.0,0.0,0.0
2005-09-02,1.0,0.0,0.0,0.0,0.0,0.0,0.0,0.0,0.0,0.0,0.0,0.0,0.0,0.0,0.0,0.0,0.0,0.0,0.0,0.0,0.0,0.0,0.0,0.0,0.0,0.0,0.0,0.0,0.0,0.0,0.0,0.0,0.0,0.0,0.0
2005-09-09,1.0,0.0,0.0,0.0,0.0,0.0,0.0,0.0,0.0,0.0,0.0,0.0,0.0,0.0,0.0,0.0,0.0,0.0,0.0,0.0,0.0,0.0,0.0,0.0,0.0,0.0,0.0,0.0,0.0,0.0,0.0,0.0,0.0,0.0,0.0
2005-09-16,1.0,0.0,0.0,0.0,0.0,0.0,0.0,0.0,0.0,0.0,0.0,0.0,0.0,0.0,0.0,0.0,0.0,0.0,0.0,0.0,0.0,0.0,0.0,0.0,0.0,0.0,0.0,0.0,0.0,0.0,0.0,0.0,0.0,0.0,0.0
2005-09-23,1.0,0.0,0.0,0.0,0.0,0.0,0.0,0.0,0.0,0.0,0.0,0.0,0.0,0.0,0.0,0.0,0.0,0.0,0.0,0.0,0.0,0.0,0.0,0.0,0.0,0.0,0.0,0.0,0.0,0.0,0.0,0.0,0.0,0.0,0.0
2005-09-30,1.0,0.0,0.0,0.0,0.0,0.0,0.0,0.0,0.0,0.0,0.0,0.0,0.0,0.0,0.0,0.0,0.0,0.0,0.0,0.0,0.0,0.0,0.0,0.0,0.0,0.0,0.0,0.0,0.0,0.0,0.0,0.0,0.0,0.0,0.0
2005-10-07,1.0,0.0,0.0,0.0,0.0,0.0,0.0,0.0,0.0,0.0,0.0,0.0,0.0,0.0,0.0,0.0,0.0,0.0,0.0,0.0,0.0,0.0,0.0,0.0,0.0,0.0,0.0,0.0,0.0,0.0,0.0,0.0,0.0,0.0,0.0
2005-10-14,1.0,0.0,0.0,0.0,0.0,0.0,0.0,0.0,0.0,0.0,0.0,0.0,0.0,0.0,0.0,0.0,0.0,0.0,0.0,0.0,0.0,0.0,0.0,0.0,0.0,0.0,0.0,0.0,0.0,0.0,0.0,0.0,0.0,0.0,0.0
2005-10-21,1.0,0.0,0.0,0.0,0.0,0.0,0.0,0.0,0.0,0.0,0.0,0.0,0.0,0.0,0.0,0.0,0.0,0.0,0.0,0.0,0.0,0.0,0.0,0.0,0.0,0.0,0.0,0.0,0.0,0.0,0.0,0.0,0.0,0.0,0.0
2005-10-28,1.0,0.0,0.0,0.0,0.0,0.0,0.0,0.0,0.0,0.0,0.0,0.0,0.0,0.0,0.0,0.0,0.0,0.0,0.0,0.0,0.0,0.0,0.0,0.0,0.0,0.0,0.0,0.0,0.0,0.0,0.0,0.0,0.0,0.0,0.0
2005-11-04,1.0,0.0,0.0,0.0,0.0,0.0,0.0,0.0,0.0,0.0,0.0,0.0,0.0,0.0,0.0,0.0,0.0,0.0,0.0,0.0,0.0,0.0,0.0,0.0,0.0,0.0,0.0,0.0,0.0,0.0,0.0,0.0,0.0,0.0,0.0
2005-11-11,1.0,0.0,0.0,0.0,0.0,0.0,0.0,0.0,0.0,0.0,0.0,0.0,0.0,0.0,0.0,0.0,0.0,0.0,0.0,0.0,0.0,0.0,0.0,0.0,0.0,0.0,0.0,0.0,0.0,0.0,0.0,0.0,0.0,0.0,0.0
2005-11-18,1.0,0.0,0.0,0.0,0.0,0.0,0.0,0.0,0.0,0.0,0.0,0.0,0.0,0.0,0.0,0.0,0.0,0.0,0.0,0.0,0.0,0.0,0.0,0.0,0.0,0.0,0.0,0.0,0.0,0.0,0.0,0.0,0.0,0.0,0.0
2005-11-25,1.0,0.0,0.0,0.0,0.0,0.0,0.0,0.0,0.0,0.0,0.0,0.0,0.0,0.0,0.0,0.0,0.0,0.0,0.0,0.0,0.0,0.0,0.0,0.0,0.0,0.0,0.0,0.0,0.0,0.0,0.0,0.0,0.0,0.0,0.0
2005-12-02,1.0,0.0,0.0,0.0,0.0,0.0,0.0,0.0,0.0,0.0,0.0,0.0,0.0,0.0,0.0,0.0,0.0,0.0,0.0,0.0,0.0,0.0,0.0,0.0,0.0,0.0,0.0,0.0,0.0,0.0,0.0,0.0,0.0,0.0,0.0
2005-12-09,1.0,0.0,0.0,0.0,0.0,0.0,0.0,0.0,0.0,0.0,0.0,0.0,0.0,0.0,0.0,0.0,0.0,0.0,0.0,0.0,0.0,0.0,0.0,0.0,0.0,0.0,0.0,0.0,0.0,0.0,0.0,0.0,0.0,0.0,0.0
2005-12-16,1.0,0.0,0.0,0.0,0.0,0.0,0.0,0.0,0.0,0.0,0.0,0.0,0.0,0.0,0.0,0.0,0.0,0.0,0.0,0.0,0.0,0.0,0.0,0.0,0.0,0.0,0.0,0.0,0.0,0.0,0.0,0.0,0.0,0.0,0.0
2005-12-23,1.0,0.0,0.0,0.0,0.0,0.0,0.0,0.0,0.0,0.0,0.0,0.0,0.0,0.0,0.0,0.0,0.0,0.0,0.0,0.0,0.0,0.0,0.0,0.0,0.0,0.0,0.0,0.0,0.0,0.0,0.0,0.0,0.0,0.0,0.0
2005-12-30,1.0,0.0,0.0,0.0,0.0,0.0,0.0,0.0,0.0,0.0,0.0,0.0,0.0,0.0,0.0,0.0,0.0,0.0,0.0,0.0,0.0,0.0,0.0,0.0,0.0,0.0,0.0,0.0,0.0,0.0,0.0,0.0,0.0,0.0,0.0
2006-01-06,1.0,0.0,0.0,0.0,0.0,0.0,0.0,0.0,0.0,0.0,0.0,0.0,0.0,0.0,0.0,0.0,0.0,0.0,0.0,0.0,0.0,0.0,0.0,0.0,0.0,0.0,0.0,0.0,0.0,0.0,0.0,0.0,0.0,0.0,0.0
2006-01-13,1.0,0.0,0.0,0.0,0.0,0.0,0.0,0.0,0.0,0.0,0.0,0.0,0.0,0.0,0.0,0.0,0.0,0.0,0.0,0.0,0.0,0.0,0.0,0.0,0.0,0.0,0.0,0.0,0.0,0.0,0.0,0.0,0.0,0.0,0.0
2006-01-20,1.0,0.0,0.0,0.0,0.0,0.0,0.0,0.0,0.0,0.0,0.0,0.0,0.0,0.0,0.0,0.0,0.0,0.0,0.0,0.0,0.0,0.0,0.0,0.0,0.0,0.0,0.0,0.0,0.0,0.0,0.0,0.0,0.0,0.0,0.0
2006-01-27,1.0,0.0,0.0,0.0,0.0,0.0,0.0,0.0,0.0,0.0,0.0,0.0,0.0,0.0,0.0,0.0,0.0,0.0,0.0,0.0,0.0,0.0,0.0,0.0,0.0,0.0,0.0,0.0,0.0,0.0,0.0,0.0,0.0,0.0,0.0
2006-02-03,1.0,0.0,0.0,0.0,0.0,0.0,0.0,0.0,0.0,0.0,0.0,0.0,0.0,0.0,0.0,0.0,0.0,0.0,0.0,0.0,0.0,0.0,0.0,0.0,0.0,0.0,0.0,0.0,0.0,0.0,0.0,0.0,0.0,0.0,0.0
2006-02-10,1.0,0.0,0.0,0.0,0.0,0.0,0.0,0.0,0.0,0.0,0.0,0.0,0.0,0.0,0.0,0.0,0.0,0.0,0.0,0.0,0.0,0.0,0.0,0.0,0.0,0.0,0.0,0.0,0.0,0.0,0.0,0.0,0.0,0.0,0.0
2006-02-17,1.0,0.0,0.0,0.0,0.0,0.0,0.0,0.0,0.0,0.0,0.0,0.0,0.0,0.0,0.0,0.0,0.0,0.0,0.0,0.0,0.0,0.0,0.0,0.0,0.0,0.0,0.0,0.0,0.0,0.0,0.0,0.0,0.0,0.0,0.0
2006-02-24,1.0,0.0,0.0,0.0,0.0,0.0,0.0,0.0,0.0,0.0,0.0,0.0,0.0,0.0,0.0,0.0,0.0,0.0,0.0,0.0,0.0,0.0,0.0,0.0,0.0,0.0,0.0,0.0,0.0,0.0,0.0,0.0,0.0,0.0,0.0
2006-03-03,1.0,0.0,0.0,0.0,0.0,0.0,0.0,0.0,0.0,0.0,0.0,0.0,0.0,0.0,0.0,0.0,0.0,0.0,0.0,0.0,0.0,0.0,0.0,0.0,0.0,0.0,0.0,0.0,0.0,0.0,0.0,0.0,0.0,0.0,0.0
2006-03-10,1.0,0.0,0.0,0.0,0.0,0.0,0.0,0.0,0.0,0.0,0.0,0.0,0.0,0.0,0.0,0.0,0.0,0.0,0.0,0.0,0.0,0.0,0.0,0.0,0.0,0.0,0.0,0.0,0.0,0.0,0.0,0.0,0.0,0.0,0.0
2006-03-17,1.0,0.0,0.0,0.0,0.0,0.0,0.0,0.0,0.0,0.0,0.0,0.0,0.0,0.0,0.0,0.0,0.0,0.0,0.0,0.0,0.0,0.0,0.0,0.0,0.0,0.0,0.0,0.0,0.0,0.0,0.0,0.0,0.0,0.0,0.0
2006-03-24,1.0,0.0,0.0,0.0,0.0,0.0,0.0,0.0,0.0,0.0,0.0,0.0,0.0,0.0,0.0,0.0,0.0,0.0,0.0,0.0,0.0,0.0,0.0,0.0,0.0,0.0,0.0,0.0,0.0,0.0,0.0,0.0,0.0,0.0,0.0
2006-03-31,1.0,0.0,0.0,0.0,0.0,0.0,0.0,0.0,0.0,0.0,0.0,0.0,0.0,0.0,0.0,0.0,0.0,0.0,0.0,0.0,0.0,0.0,0.0,0.0,0.0,0.0,0.0,0.0,0.0,0.0,0.0,0.0,0.0,0.0,0.0
2006-04-07,1.0,0.0,0.0,0.0,0.0,0.0,0.0,0.0,0.0,0.0,0.0,0.0,0.0,0.0,0.0,0.0,0.0,0.0,0.0,0.0,0.0,0.0,0.0,0.0,0.0,0.0,0.0,0.0,0.0,0.0,0.0,0.0,0.0,0.0,0.0
2006-04-14,1.0,0.0,0.0,0.0,0.0,0.0,0.0,0.0,0.0,0.0,0.0,0.0,0.0,0.0,0.0,0.0,0.0,0.0,0.0,0.0,0.0,0.0,0.0,0.0,0.0,0.0,0.0,0.0,0.0,0.0,0.0,0.0,0.0,0.0,0.0
2006-04-21,1.0,0.0,0.0,0.0,0.0,0.0,0.0,0.0,0.0,0.0,0.0,0.0,0.0,0.0,0.0,0.0,0.0,0.0,0.0,0.0,0.0,0.0,0.0,0.0,0.0,0.0,0.0,0.0,0.0,0.0,0.0,0.0,0.0,0.0,0.0
2006-04-28,1.0,0.0,0.0,0.0,0.0,0.0,0.0,0.0,0.0,0.0,0.0,0.0,0.0,0.0,0.0,0.0,0.0,0.0,0.0,0.0,0.0,0.0,0.0,0.0,0.0,0.0,0.0,0.0,0.0,0.0,0.0,0.0,0.0,0.0,0.0
2006-05-05,1.0,0.0,0.0,0.0,0.0,0.0,0.0,0.0,0.0,0.0,0.0,0.0,0.0,0.0,0.0,0.0,0.0,0.0,0.0,0.0,0.0,0.0,0.0,0.0,0.0,0.0,0.0,0.0,0.0,0.0,0.0,0.0,0.0,0.0,0.0
2006-05-12,1.0,0.0,0.0,0.0,0.0,0.0,0.0,0.0,0.0,0.0,0.0,0.0,0.0,0.0,0.0,0.0,0.0,0.0,0.0,0.0,0.0,0.0,0.0,0.0,0.0,0.0,0.0,0.0,0.0,0.0,0.0,0.0,0.0,0.0,0.0
2006-05-19,1.0,0.0,0.0,0.0,0.0,0.0,0.0,0.0,0.0,0.0,0.0,0.0,0.0,0.0,0.0,0.0,0.0,0.0,0.0,0.0,0.0,0.0,0.0,0.0,0.0,0.0,0.0,0.0,0.0,0.0,0.0,0.0,0.0,0.0,0.0
2006-05-26,1.0,0.0,0.0,0.0,0.0,0.0,0.0,0.0,0.0,0.0,0.0,0.0,0.0,0.0,0.0,0.0,0.0,0.0,0.0,0.0,0.0,0.0,0.0,0.0,0.0,0.0,0.0,0.0,0.0,0.0,0.0,0.0,0.0,0.0,0.0
2006-06-02,1.0,0.0,0.0,0.0,0.0,0.0,0.0,0.0,0.0,0.0,0.0,0.0,0.0,0.0,0.0,0.0,0.0,0.0,0.0,0.0,0.0,0.0,0.0,0.0,0.0,0.0,0.0,0.0,0.0,0.0,0.0,0.0,0.0,0.0,0.0
2006-06-09,1.0,0.0,0.0,0.0,0.0,0.0,0.0,0.0,0.0,0.0,0.0,0.0,0.0,0.0,0.0,0.0,0.0,0.0,0.0,0.0,0.0,0.0,0.0,0.0,0.0,0.0,0.0,0.0,0.0,0.0,0.0,0.0,0.0,0.0,0.0
2006-06-16,1.0,0.0,0.0,0.0,0.0,0.0,0.0,0.0,0.0,0.0,0.0,0.0,0.0,0.0,0.0,0.0,0.0,0.0,0.0,0.0,0.0,0.0,0.0,0.0,0.0,0.0,0.0,0.0,0.0,0.0,0.0,0.0,0.0,0.0,0.0
2006-06-23,1.0,0.0,0.0,0.0,0.0,0.0,0.0,0.0,0.0,0.0,0.0,0.0,0.0,0.0,0.0,0.0,0.0,0.0,0.0,0.0,0.0,0.0,0.0,0.0,0.0,0.0,0.0,0.0,0.0,0.0,0.0,0.0,0.0,0.0,0.0
2006-06-30,0.09999999999999987,0.0,0.0,0.15190878640668848,0.0,0.26183577514517914,0.0,0.0,0.0,0.0,0.176846652041444,0.0,0.0,0.0,0.0,0.0,0.06691966330295335,0.0,0.07875000000000001,0.0,0.0,0.0,0.11808508423246254,0.0,0.0,0.04565403887127262,0.0,0.0,0.0,0.0,0.0,0.0,0.0,0.0,0.0
2006-07-07,0.09999999999999987,0.0,0.0,0.15190878640668848,0.0,0.26183577514517914,0.0,0.0,0.0,0.0,0.176846652041444,0.0,0.0,0.0,0.0,0.0,0.06691966330295335,0.0,0.07875000000000001,0.0,0.0,0.0,0.11808508423246254,0.0,0.0,0.04565403887127262,0.0,0.0,0.0,0.0,0.0,0.0,0.0,0.0,0.0
2006-07-14,0.09999999999999987,0.0,0.0,0.15190878640668848,0.0,0.26183577514517914,0.0,0.0,0.0,0.0,0.176846652041444,0.0,0.0,0.0,0.0,0.0,0.06691966330295335,0.0,0.07875000000000001,0.0,0.0,0.0,0.11808508423246254,0.0,0.0,0.04565403887127262,0.0,0.0,0.0,0.0,0.0,0.0,0.0,0.0,0.0
2006-07-21,0.09999999999999987,0.0,0.0,0.15190878640668848,0.0,0.26183577514517914,0.0,0.0,0.0,0.0,0.176846652041444,0.0,0.0,0.0,0.0,0.0,0.06691966330295335,0.0,0.07875000000000001,0.0,0.0,0.0,0.11808508423246254,0.0,0.0,0.04565403887127262,0.0,0.0,0.0,0.0,0.0,0.0,0.0,0.0,0.0
2006-07-28,0.09999999999999987,0.0,0.0,0.2071450604677596,0.06834703621845592,0.332448998055049,0.0,0.0,0.0,0.0,0.06045067730148342,0.0,0.0,0.0,0.0,0.0,0.0,0.0,0.0,0.0,0.0,0.0,0.1978493192466951,0.0,0.0,0.03375890871055699,0.0,0.0,0.0,0.0,0.0,0.0,0.0,0.0,0.0
2006-08-04,0.09999999999999987,0.0,0.0,0.20448519469185736,0.07770684352206382,0.3295700067393543,0.0,0.0,0.0,0.0,0.06045067730148342,0.0,0.0,0.0,0.0,0.0,0.0,0.0,0.0,0.0,0.0,0.0,0.1940283690346842,0.0,0.0,0.03375890871055699,0.0,0.0,0.0,0.0,0.0,0.0,0.0,0.0,0.0
2006-08-11,0.09999999999999987,0.0,0.0,0.2008229143053517,0.07571620010470582,0.33397712712277317,0.0,0.0,0.0,0.0,0.06045067730148342,0.0,0.0,0.0,0.0,0.0,0.0,0.0,0.0,0.0,0.0,0.0,0.19527417245512899,0.0,0.0,0.03375890871055699,0.0,0.0,0.0,0.0,0.0,0.0,0.0,0.0,0.0
2006-08-18,0.10550096903281125,0.0,0.0,0.19844667286016643,0.03573995734842812,0.35,0.0,0.0,0.0,0.0,0.06045067730148342,0.0,0.0,0.0,0.0,0.0,0.0,0.0,0.0,0.0,0.0,0.0,0.21610281474655382,0.0,0.0,0.03375890871055699,0.0,0.0,0.0,0.0,0.0,0.0,0.0,0.0,0.0
2006-08-25,0.10000000000000009,0.0,0.0,0.1701420165752137,0.04336431159234144,0.3091341944301887,0.0,0.0,0.0,0.0,0.06252473046354749,0.0,0.0,0.0,0.0,0.0,0.008781954954026247,0.0,0.008781954954026247,0.0,0.0,0.0,0.2622592829756701,0.0,0.0,0.035011554054986044,0.0,0.0,0.0,0.0,0.0,0.0,0.0,0.0,0.0
2006-09-01,0.10000000000000009,0.0,0.0,0.18293658242646174,0.05923341200022542,0.2972017146326987,0.0,0.0,0.0,0.0,0.06252473046354749,0.0,0.0,0.0,0.0,0.0,0.008781954954026247,0.0,0.008781954954026247,0.0,0.0,0.0,0.2455280965140281,0.0,0.0,0.035011554054986044,0.0,0.0,0.0,0.0,0.0,0.0,0.0,0.0,0.0
2006-09-08,0.10000000000000009,0.0,0.0,0.1788301920504635,0.04366879311557606,0.2948649171326746,0.0,0.0,0.0,0.0,0.06252473046354749,0.0,0.0,0.0,0.0,0.0,0.008781954954026247,0.0,0.008781954954026247,0.0,0.0,0.0,0.24312495199197917,0.0,0.0,0.0594225053377067,0.0,0.0,0.0,0.0,0.0,0.0,0.0,0.0,0.0
2006-09-15,0.10000000000000009,0.0,0.0,0.15781977659403343,0.06683722753850321,0.28823412406090226,0.0,0.0,0.0,0.0,0.06252473046354749,0.0,0.0,0.0,0.0,0.0,0.008781954954026247,0.0,0.008781954954026247,0.0,0.0,0.0,0.20742675135643354,0.0,0.0,0.09959348007852752,0.0,0.0,0.0,0.0,0.0,0.0,0.0,0.0,0.0
2006-09-22,0.10000000000000009,0.0,0.0,0.17329638230905706,0.06016483131668584,0.275887160396791,0.0,0.0,0.0,0.0,0.06252473046354749,0.0,0.0,0.0,0.0,0.0,0.008781954954026247,0.0,0.008781954954026247,0.0,0.0,0.0,0.2264499423173236,0.0,0.0,0.08411304328854245,0.0,0.0,0.0,0.0,0.0,0.0,0.0,0.0,0.0
2006-09-29,0.10000000000000009,0.0,0.0,0.19869576075732756,0.0044557569586306375,0.22217309523154377,0.0,0.0,0.0,0.0,0.10606650270466628,0.0,0.0,0.0,0.0,0.0,0.008891601043803495,0.0,0.008891601043803495,0.0,0.0,0.0,0.269079609760928,0.0,0.0,0.08174607249929675,0.0,0.0,0.0,0.0,0.0,0.0,0.0,0.0,0.0
2006-10-06,0.10000000000000009,0.0,0.0,0.2050188423249662,0.0,0.20509017432820825,0.0,0.0,0.0,0.0,0.10606650270466628,0.0,0.0,0.0,0.0,0.0,0.017804990194937025,0.0,0.008891601043803495,0.0,0.0,0.0,0.29182940179110695,0.0,0.0,0.06529848761231177,0.0,0.0,0.0,0.0,0.0,0.0,0.0,0.0,0.0
2006-10-13,0.09999999999999987,0.0,0.0,0.1751885295736338,0.0,0.20305108311217585,0.0,0.0,0.0,0.0,0.10606650270466628,0.0,0.0,0.0,0.0,0.0,0.019665406160089785,0.0,0.008891601043803495,0.0,0.0,0.0,0.3327550572789723,0.0,0.0,0.05438182012665853,0.0,0.0,0.0,0.0,0.0,0.0,0.0,0.0,0.0
2006-10-20,0.09999999999999998,0.0,0.0,0.1869253813317945,0.0,0.12965262933889782,0.0,0.0,0.0,0.015083147462912188,0.10606650270466628,0.0,0.0,0.0,0.0,0.0,0.07319533276875517,0.0,0.008891601043803495,0.0,0.0,0.0,0.30589178791960736,0.0,0.0,0.07429361742956317,0.0,0.0,0.0,0.0,0.0,0.0,0.0,0.0,0.0
2006-10-27,0.0,0.0,0.0,0.2253656595682896,0.0,0.1583031918319136,0.0,0.0,0.0,0.0,0.1274702875888779,0.0,0.0,0.0,0.0,0.0,0.09698703361364944,0.0,0.015876162112231428,0.0,0.0,0.0,0.3078758885137735,0.0,0.0,0.06812177677126456,0.0,0.0,0.0,0.0,0.0,0.0,0.0,0.0,0.0
2006-11-03,0.0,0.0,0.0,0.22645374620346656,0.0,0.1583031918319136,0.0,0.0,0.0,0.0,0.1274702875888779,0.0,0.0,0.0,0.0,0.0,0.1032991680223776,0.0,0.02730858982593228,0.0,0.0,0.0,0.310455950172165,0.0,0.0,0.046709066355267115,0.0,0.0,0.0,0.0,0.0,0.0,0.0,0.0,0.0
2006-11-10,0.0,0.0,0.0,0.20067658011447548,0.0,0.1583031918319136,0.0,0.0,0.0,0.0,0.1274702875888779,0.0,0.0,0.0,0.0,0.0,0.11236878918174958,0.0,0.015876162112231428,0.0,0.0,0.0,0.327711179987582,0.0,0.0,0.05759380918317002,0.0,0.0,0.0,0.0,0.0,0.0,0.0,0.0,0.0
2006-11-17,0.0,0.0,0.0,0.20467879852792994,0.0,0.1583031918319136,0.0,0.0,0.0,0.04662598888759632,0.1274702875888779,0.0,0.0,0.004660604040607853,0.0,0.0,0.07040360232689406,0.0,0.015876162112231428,0.0,0.0,0.0,0.30848499769288784,0.0,0.0,0.06349636699106101,0.0,0.0,0.0,0.0,0.0,0.0,0.0,0.0,0.0
2006-11-24,1.1102230246251565e-16,0.0,0.0,0.2418578246197147,0.0,0.007343114414490744,0.0,0.0,0.0,0.03451281535317347,0.1484735081208438,0.0,0.0,0.0,0.0,0.0,0.22094112707715977,0.0,0.007343114414490744,0.0,0.0,0.0,0.27366720828591484,0.0,0.0,0.0658612877142118,0.0,0.0,0.0,0.0,0.0,0.0,0.0,0.0,0.0
2006-12-01,1.1102230246251565e-16,0.0,0.0,0.2645870644979176,0.0,0.007343114414490744,0.0,0.0,0.0,0.0258128980444957,0.1484735081208438,0.0,0.0,0.0,0.0,0.0,0.18870420491890835,0.0,0.007343114414490744,0.0,0.0,0.0,0.2818087246076667,0.0,0.0,0.07592737098118618,0.0,0.0,0.0,0.0,0.0,0.0,0.0,0.0,0.0
2006-12-08,2.220446049250313e-16,0.0,0.0,0.2659369490365628,0.0,0.03476960908213232,0.0,0.0,0.0,0.0,0.1484735081208438,0.0,0.0,0.0,0.0,0.0,0.15148850117592697,0.0,0.007343114414490744,0.0,0.0,0.0,0.2670421730659269,0.0,0.0,0.12494614510411627,0.0,0.0,0.0,0.0,0.0,0.0,0.0,0.0,0.0
2006-12-15,1.1102230246251565e-16,0.0,0.0,0.28766623206696196,0.0,0.030856173342387456,0.0,0.0,0.0,0.0,0.1484735081208438,0.0,0.0,0.0,0.0,0.0,0.1030692825436769,0.0,0.007343114414490744,0.0,0.0,0.0,0.25447797609197625,0.0,0.0,0.16811371341966275,0.0,0.0,0.0,0.0,0.0,0.0,0.0,0.0,0.0
2006-12-22,2.220446049250313e-16,0.0,0.0,0.23934875109310672,0.0,0.06852903328133587,0.0,0.0,0.0,0.03565750023187019,0.1484735081208438,0.0,0.0,0.0,0.0,0.0,0.1030692825436769,0.0,0.007343114414490744,0.0,0.0,0.0,0.24771469640547006,0.0,0.0,0.14986411390920557,0.0,0.0,0.0,0.0,0.0,0.0,0.0,0.0,0.0
2006-12-29,0.0,0.0,0.0,0.18614824091286236,0.0,0.22569546793621054,0.0,0.0,0.0,0.005622029757471283,0.10991729639078335,0.0,0.0,0.016165258714784247,0.0,0.0,0.007398218529256542,0.0,0.007398218529256542,0.0,0.0,0.0,0.2899576473883268,0.0,0.0,0.15169762184104826,0.0,0.0,0.0,0.0,0.0,0.0,0.0,0.0,0.0
2007-01-05,0.0,0.0,0.0,0.23193392584356412,0.0,0.1792992654929067,0.0,0.0,0.0,0.0,0.10991729639078335,0.0,0.0,0.0,0.0,0.0,0.0380755952766606,0.0,0.007398218529256542,0.0,0.0,0.0,0.28756723800207834,0.0,0.0,0.14580846046475035,0.0,0.0,0.0,0.0,0.0,0.0,0.0,0.0,0.0
2007-01-12,0.0,0.0,0.0,0.22679586945461352,0.0,0.14039168503128305,0.0,0.0,0.0,0.017696293732910876,0.10991729639078335,0.0,0.0,0.0,0.0,0.0,0.06227743836122656,0.0,0.007398218529256542,0.0,0.0,0.0,0.27948313035742073,0.0,0.0,0.15604006814250537,0.0,0.0,0.0,0.0,0.0,0.0,0.0,0.0,0.0
2007-01-19,0.0,0.0,0.0,0.23710730581211817,0.0,0.14039168503128305,0.0,0.0,0.0,0.005544825686517644,0.10991729639078335,0.0,0.0,0.0,0.0,0.0,0.07932501808638509,0.0,0.007398218529256542,0.0,0.0,0.0,0.2708623401436438,0.0,0.0,0.14945331032001244,0.0,0.0,0.0,0.0,0.0,0.0,0.0,0.0,0.0
2007-01-26,2.220446049250313e-16,0.0,0.0,0.27874606880964475,0.0,0.007564106389789173,0.0,0.0,0.0,0.0,0.11019720221333525,0.0,0.0,0.0,0.0,0.0,0.07280094480098143,0.0,0.11776130860312442,0.0,0.0,0.0,0.23619671905401343,0.0,0.0,0.17673365012911138,0.0,0.0,0.0,0.0,0.0,0.0,0.0,0.0,0.0
2007-02-02,1.1102230246251565e-16,0.0,0.0,0.2782592173895951,0.0,0.007564106389789173,0.0,0.0,0.0,0.0,0.11019720221333525,0.0,0.0,0.0,0.0,0.0,0.07170251085951446,0.0,0.11776130860312442,0.0,0.0,0.0,0.2510331084760935,0.0,0.0,0.16348254606854798,0.0,0.0,0.0,0.0,0.0,0.0,0.0,0.0,0.0
2007-02-09,0.0,0.0,0.0,0.2746007295761984,0.0,0.007564106389789173,0.0,0.0,0.0,0.0,0.11019720221333525,0.0,0.0,0.0251079817268617,0.0,0.0,0.07703399414797384,0.0,0.11776130860312442,0.0,0.0,0.0,0.2703333840076543,0.0,0.0,0.11740129333506287,0.0,0.0,0.0,0.0,0.0,0.0,0.0,0.0,0.0
2007-02-16,0.0,0.0,0.0,0.25040696293741505,0.0,0.007564106389789173,0.0,0.0,0.0,0.005273968694814147,0.11019720221333525,0.0,0.0,0.09616819063846248,0.0,0.0,0.07439066216929927,0.0,0.11776130860312442,0.0,0.0,0.0,0.254689126970138,0.0,0.0,0.08354847138362219,0.0,0.0,0.0,0.0,0.0,0.0,0.0,0.0,0.0
2007-02-23,0.0,0.0,0.0,0.280999940564901,0.0,0.007679370527623123,0.0,0.0,0.0,0.0,0.18265713744244091,0.0,0.0,0.0,0.0,0.0,0.10305889762289636,0.0,0.08477828353963826,0.0,0.0,0.0,0.221879447718146,0.0,0.0,0.1189469225843543,0.0,0.0,0.0,0.0,0.0,0.0,0.0,0.0,0.0
2007-03-02,1.1102230246251565e-16,0.0,0.0,0.2541854820167961,0.0,0.007679370527623123,0.0,0.0,0.0,0.0,0.18265713744244091,0.0,0.0,0.0,0.0,0.0,0.10781625672059617,0.0,0.08477828353963826,0.0,0.0,0.0,0.24642223387064088,0.0,0.0,0.11646123588226448,0.0,0.0,0.0,0.0,0.0,0.0,0.0,0.0,0.0
2007-03-09,0.0,0.0,0.0,0.2470444435248087,0.0,0.007679370527623123,0.0,0.0,0.0,0.0,0.18265713744244091,0.0,0.0,0.0,0.0,0.0,0.10978900794178431,0.0,0.08477828353963826,0.0,0.0,0.0,0.2495150898055638,0.0,0.0,0.11853666721814088,0.0,0.0,0.0,0.0,0.0,0.0,0.0,0.0,0.0
2007-03-16,1.1102230246251565e-16,0.0,0.0,0.27026076663058773,0.0,0.028297828939013343,0.0,0.0,0.0,0.015604666512150577,0.18265713744244091,0.0,0.0,0.0,0.0,0.0,0.04642736372933549,0.0,0.08477828353963826,0.0,0.0,0.0,0.2470849833787731,0.0,0.0,0.12488896982806048,0.0,0.0,0.0,0.0,0.0,0.0,0.0,0.0,0.0
2007-03-23,2.220446049250313e-16,0.0,0.0,0.24209669096115866,0.0,0.06871628060634576,0.0,0.0,0.0,0.014662826377770095,0.18265713744244091,0.0,0.0,0.0,0.0,0.0,0.0456097934864807,0.0,0.08477828353963826,0.0,0.0,0.0,0.24400580681310902,0.0,0.0,0.11747318077305645,0.0,0.0,0.0,0.0,0.0,0.0,0.0,0.0,0.0
2007-03-30,0.0,0.0,0.0,0.154986875747769,0.0,0.13928206753757583,0.0,0.0,0.0,0.026596674097424156,0.1425218904080197,0.0,0.0,0.011166373787402034,0.0,0.0,0.07979367187062122,0.0,0.08971427599904333,0.0,0.0,0.0,0.2537698827116775,0.0,0.0,0.10216828784046712,0.0,0.0,0.0,0.0,0.0,0.0,0.0,0.0,0.0
2007-04-06,0.0,0.0,0.0,0.14332517182211116,0.0,0.10672338022078644,0.0,0.0,0.0,0.0,0.2053106731107735,0.0,0.0,0.0,0.0,0.0,0.09225643241258993,0.0,0.1487220289729256,0.0,0.0,0.0,0.23594354796653516,0.0,0.0,0.06771876549427817,0.0,0.0,0.0,0.0,0.0,0.0,0.0,0.0,0.0
2007-04-13,0.0,0.0,0.0,0.16346939546171146,0.0,0.13116833447317366,0.0,0.0,0.0,0.004431315473802078,0.1425218904080197,0.0,0.0,0.0,0.0,0.0,0.10990500692142062,0.0,0.08971427599904333,0.0,0.0,0.0,0.26458916423401485,0.0,0.0,0.09420061702881424,0.0,0.0,0.0,0.0,0.0,0.0,0.0,0.0,0.0
2007-04-20,1.1102230246251565e-16,0.0,0.0,0.14947264193156734,0.0,0.11288893574938294,0.0,0.0,0.0,0.0,0.1425218904080197,0.0,0.0,0.0,0.0,0.0,0.11085017290372215,0.0,0.16893531480355678,0.0,0.0,0.0,0.23390097361134235,0.0,0.0,0.08143007059240871,0.0,0.0,0.0,0.0,0.0,0.0,0.0,0.0,0.0
2007-04-27,1.1102230246251565e-16,0.07804339255834071,0.0,0.18274345444016496,0.0,0.012069636284065821,0.0,0.0,0.0,0.03664281081212611,0.14754750300393094,0.0,0.0,0.0037838291019840027,0.0,0.0,0.07110228267387558,0.0,0.15961713928799676,0.0,0.0,0.0,0.24713396634173662,0.0,0.0,0.061315985495778456,0.0,0.0,0.0,0.0,0.0,0.0,0.0,0.0,0.0
2007-05-04,0.0,0.07804339255834071,0.0,0.19008538908575,0.0,0.012069636284065821,0.0,0.0,0.0,0.031718216407965995,0.14754750300393094,0.0,0.0,0.0,0.0,0.0,0.0620456067803114,0.0,0.15961713928799676,0.0,0.0,0.0,0.23870951082421416,0.0,0.0,0.08016360576742423,0.0,0.0,0.0,0.0,0.0,0.0,0.0,0.0,0.0
2007-05-11,0.0,0.07804339255834071,0.0,0.18670794165564433,0.0,0.012069636284065821,0.0,0.0,0.0,0.0,0.14754750300393094,0.0,0.0,0.028486008067180314,0.0,0.0,0.07292084762020509,0.0,0.15961713928799676,0.0,0.0,0.0,0.2365497366772863,0.0,0.0,0.0780577948453497,0.0,0.0,0.0,0.0,0.0,0.0,0.0,0.0,0.0
2007-05-18,0.0,0.07804339255834071,0.0,0.18578988320546524,0.0,0.012069636284065821,0.0,0.0,0.0,0.040277557036963556,0.14754750300393094,0.0,0.0,0.012419550586305818,0.0,0.0,0.04995656938009617,0.0,0.15961713928799676,0.0,0.0,0.0,0.23002480814650794,0.0,0.0,0.08425396051032703,0.0,0.0,0.0,0.0,0.0,0.0,0.0,0.0,0.0
2007-05-25,0.0,0.0,0.0,0.2610890059794254,0.0,0.012670560040423037,0.0,0.0,0.0,0.003927017455443512,0.15887179051792294,0.0,0.0,0.0,0.0,0.0,0.04753811490962644,0.0,0.171542350558346,0.0,0.0,0.0,0.224291329101576,0.0,0.0,0.12006983143723667,0.0,0.0,0.0,0.0,0.0,0.0,0.0,0.0,0.0
2007-06-01,0.0,0.0,0.0,0.2660991579009343,0.0,0.012670560040423037,0.0,0.0,0.0,0.0,0.15887179051792294,0.0,0.0,0.043389139999227576,0.0,0.0,0.03909024132193985,0.0,0.171542350558346,0.0,0.0,0.0,0.18465322343941226,0.0,0.0,0.12368353622179405,0.0,0.0,0.0,0.0,0.0,0.0,0.0,0.0,0.0
2007-06-08,0.0,0.0,0.0,0.2680292368150891,0.0,0.012670560040423037,0.0,0.0,0.0,0.0,0.15887179051792294,0.0,0.0,0.046052601331367626,0.0,0.0,0.039837628541697576,0.0,0.171542350558346,0.0,0.0,0.0,0.17532783378000882,0.0,0.0,0.12766799841514492,0.0,0.0,0.0,0.0,0.0,0.0,0.0,0.0,0.0
2007-06-15,0.0,0.0,0.0,0.27354368188220496,0.0,0.012670560040423037,0.0,0.0,0.0,0.004081111089047717,0.15887179051792294,0.0,0.0,0.043837270218335445,0.0,0.0,0.03844078216659916,0.0,0.171542350558346,0.0,0.0,0.0,0.17532783378000882,0.0,0.0,0.12168461974711196,0.0,0.0,0.0,0.0,0.0,0.0,0.0,0.0,0.0
2007-06-22,0.0,0.0,0.0,0.26652874090528544,0.0,0.012670560040423037,0.0,0.0,0.0,0.0,0.15887179051792294,0.0,0.0,0.030582060719008375,0.0,0.0,0.0600956864368041,0.0,0.171542350558346,0.0,0.0,0.0,0.17532783378000882,0.0,0.0,0.12438097704220134,0.0,0.0,0.0,0.0,0.0,0.0,0.0,0.0,0.0
2007-06-29,0.007019191461943075,0.0,0.0,0.35,0.0,0.014758168461323886,0.06931238933772207,0.0,0.0,0.004270158833501338,0.12970037460898529,0.0,0.0,0.030659409810709186,0.0,0.0,0.13661975373307456,0.0,0.12970037460898529,0.0,0.0,0.0,0.0,0.0,0.0,0.12796017914375526,0.0,0.0,0.0,0.0,0.0,0.0,0.0,0.0,0.0
2007-07-06,0.0,0.0,0.0,0.3493035936585505,0.0,0.014758168461323886,0.06931238933772207,0.0,0.0,0.011532509723611637,0.12970037460898529,0.0,0.0,0.04257657636991743,0.0,0.0,0.13383861699383198,0.0,0.12970037460898529,0.0,0.0,0.0,0.0,0.0,0.0,0.11927739623707188,0.0,0.0,0.0,0.0,0.0,0.0,0.0,0.0,0.0
2007-07-13,0.0,0.0,0.0,0.3441654489407954,0.0,0.014758168461323886,0.06931238933772207,0.0,0.0,0.02577603753759254,0.12970037460898529,0.0,0.0,0.04060093847498172,0.0,0.0,0.13240603598374104,0.0,0.12970037460898529,0.0,0.0,0.0,0.0,0.0,0.0,0.11358023204587278,0.0,0.0,0.0,0.0,0.0,0.0,0.0,0.0,0.0
2007-07-20,0.0,0.0,0.0,0.3374812645081747,0.0,0.014758168461323886,0.06931238933772207,0.0,0.0,0.026528807525884948,0.12970037460898529,0.0,0.0,0.04413043598661522,0.0,0.0,0.13306479390302736,0.0,0.12970037460898529,0.0,0.0,0.0,0.0,0.0,0.0,0.11532339105928115,0.0,0.0,0.0,0.0,0.0,0.0,0.0,0.0,0.0
2007-07-27,0.09999999999999998,0.0,0.0,0.14309440170478777,0.0,0.013316466498359205,0.13520422233382814,0.0,0.0,0.027957619866833355,0.13520422233382814,0.0,0.0,0.05017872799188236,0.0,0.0,0.1595120470420755,0.0,0.13520422233382814,0.0,0.0,0.0,0.0,0.0,0.0,0.10032806989457743,0.0,0.0,0.0,0.0,0.0,0.0,0.0,0.0,0.0
2007-08-03,0.09999999999999998,0.0,0.0,0.1559573228091938,0.0,0.013316466498359205,0.13520422233382814,0.0,0.0,0.027551367204570805,0.13520422233382814,0.0,0.0,0.040826650216327226,0.0,0.0,0.15925867868564766,0.0,0.13520422233382814,0.0,0.0,0.0,0.0,0.0,0.0,0.09747684758441688,0.0,0.0,0.0,0.0,0.0,0.0,0.0,0.0,0.0
2007-08-10,0.09999999999999998,0.0,0.0,0.14180718017966937,0.0,0.013316466498359205,0.13520422233382814,0.0,0.0,0.026452244777899432,0.13520422233382814,0.0,0.0,0.05584143897945685,0.0,0.0,0.1592706087586485,0.0,0.13520422233382814,0.0,0.0,0.0,0.0,0.0,0.0,0.09769939380448221,0.0,0.0,0.0,0.0,0.0,0.0,0.0,0.0,0.0
2007-08-17,0.09999999999999987,0.0,0.0,0.14359384471673162,0.0,0.013316466498359205,0.13520422233382814,0.0,0.0,0.021766669654314636,0.13520422233382814,0.0,0.0,0.05823401890502037,0.0,0.0,0.1600020216856906,0.0,0.13520422233382814,0.0,0.0,0.0,0.0,0.0,0.0,0.09747431153839915,0.0,0.0,0.0,0.0,0.0,0.0,0.0,0.0,0.0
2007-08-24,0.09999999999999987,0.0,0.0,0.14512405453781219,0.0,0.013316466498359205,0.13520422233382814,0.0,0.0,0.003490028566140992,0.13520422233382814,0.0,0.0,0.06190081306562546,0.0,0.0,0.1702731134723072,0.0,0.13520422233382814,0.0,0.0,0.0,0.0,0.0,0.0,0.1002828568582706,0.0,0.0,0.0,0.0,0.0,0.0,0.0,0.0,0.0
2007-08-31,0.5999999999999999,0.0,0.0,0.057449014815162146,0.0,0.005638403640188786,0.06877526080035731,0.0,0.0,0.0,0.06877526080035731,0.0,0.0,0.0652295202638706,0.0,0.0,0.022330279074991834,0.0,0.0744136644405461,0.0,0.0,0.0,0.0,0.0,0.0,0.03738859616452597,0.0,0.0,0.0,0.0,0.0,0.0,0.0,0.0,0.0
2007-09-07,0.5999999999999999,0.0,0.0,0.05914579426310745,0.0,0.016186325629823105,0.06877526080035731,0.0,0.0,0.0,0.06877526080035731,0.0,0.0,0.06293519568535277,0.0,0.0,0.013944685188921894,0.0,0.0744136644405461,0.0,0.0,0.0,0.0,0.0,0.0,0.03582381319153413,0.0,0.0,0.0,0.0,0.0,0.0,0.0,0.0,0.0
2007-09-14,0.5999999999999999,0.0,0.0,0.049927734453448884,0.0,0.017899089093453086,0.06877526080035731,0.0,0.0,0.0,0.06877526080035731,0.0,0.0,0.06684959361871785,0.0,0.0,0.013944685188921894,0.0,0.0744136644405461,0.0,0.0,0.0,0.0,0.0,0.0,0.03941471160419762,0.0,0.0,0.0,0.0,0.0,0.0,0.0,0.0,0.0
2007-09-21,0.5999999999999999,0.0,0.0,0.0424062703806412,0.0,0.025122557084321505,0.06877526080035731,0.0,0.0,0.0,0.06877526080035731,0.0,0.0,0.0653724379937326,0.0,0.0,0.013944685188921894,0.0,0.0744136644405461,0.0,0.0,0.0,0.0,0.0,0.0,0.04118986331112214,0.0,0.0,0.0,0.0,0.0,0.0,0.0,0.0,0.0
2007-09-28,0.016267370508330714,0.0,0.0,0.11605463296094383,0.0,0.021604890187898344,0.171196174080756,0.0,0.0,0.0,0.15938902012280126,0.0,0.0,0.2201412913693327,0.0,0.0,0.0388345158371843,0.0,0.171196174080756,0.0,0.0,0.0,0.0,0.0,0.0,0.08531593085199686,0.0,0.0,0.0,0.0,0.0,0.0,0.0,0.0,0.0
2007-10-05,0.016267370508330714,0.0,0.0,0.11529763748774348,0.0,0.02780748598700311,0.171196174080756,0.0,0.0,0.0,0.15938902012280126,0.0,0.0,0.2177866564880266,0.0,0.0,0.03869282598298918,0.0,0.171196174080756,0.0,0.0,0.0,0.0,0.0,0.0,0.08236665526159363,0.0,0.0,0.0,0.0,0.0,0.0,0.0,0.0,0.0
2007-10-12,0.016267370508330714,0.0,0.0,0.0887899244392402,0.0,0.06015748016774885,0.171196174080756,0.0,0.0,0.0,0.15938902012280126,0.0,0.0,0.1890966183907051,0.0,0.0,0.035099273126315056,0.0,0.20759447989663785,0.0,0.0,0.0,0.0,0.0,0.0,0.07240965926746495,0.0,0.0,0.0,0.0,0.0,0.0,0.0,0.0,0.0
2007-10-19,0.016267370508330714,0.0,0.0,0.0887899244392402,0.0,0.057794298782416924,0.171196174080756,0.0,0.0,0.0,0.15938902012280126,0.0,0.0,0.18860397184009042,0.0,0.0,0.035099273126315056,0.0,0.21085588286808946,0.0,0.0,0.0,0.0,0.0,0.0,0.07200408423195995,0.0,0.0,0.0,0.0,0.0,0.0,0.0,0.0,0.0
2007-10-26,0.642371033861774,0.0,0.0,0.015900123258850683,0.0,0.0970783691542514,0.06579144714573405,0.0,0.0,0.0,0.060802815576869465,0.0,0.0,0.015948464047829656,0.0,0.0,0.006395866677654615,0.0,0.06579144714573405,0.0,0.0,0.0,0.0,0.0,0.0,0.029920433131302094,0.0,0.0,0.0,0.0,0.0,0.0,0.0,0.0,0.0
2007-11-02,0.642371033861774,0.0,0.0,0.019970517799771145,0.0,0.09179537453138514,0.06579144714573405,0.0,0.0,0.0,0.060802815576869465,0.0,0.0,0.017059458222790105,0.0,0.0,0.006247590718212483,0.0,0.06579144714573405,0.0,0.0,0.0,0.0,0.0,0.0,0.03017031499772956,0.0,0.0,0.0,0.0,0.0,0.0,0.0,0.0,0.0
2007-11-09,0.642371033861774,0.0,0.0,0.020443352506443142,0.0,0.08597419357559147,0.06579144714573405,0.0,0.0,0.0,0.060802815576869465,0.0,0.0,0.01855794551189173,0.0,0.0,0.008900482246405772,0.0,0.06579144714573405,0.0,0.0,0.0,0.0,0.0,0.0,0.031367282429556345,0.0,0.0,0.0,0.0,0.0,0.0,0.0,0.0,0.0
2007-11-16,0.642371033861774,0.0,0.0,0.021626354889329135,0.0,0.08739347305669108,0.06579144714573405,0.0,0.0,0.0,0.060802815576869465,0.0,0.0,0.01849394626067447,0.0,0.0,0.008494934160526076,0.0,0.06579144714573405,0.0,0.0,0.0,0.0,0.0,0.0,0.02923454790266768,0.0,0.0,0.0,0.0,0.0,0.0,0.0,0.0,0.0
2007-11-23,0.642371033861774,0.0,0.0,0.022319580557808416,0.0,0.0923892649338526,0.06579144714573405,0.0,0.0,0.0,0.060802815576869465,0.0,0.0,0.015652986277474617,0.0,0.0,0.004988631568864591,0.0,0.06579144714573405,0.0,0.0,0.0,0.0,0.0,0.0,0.029892792931888217,0.0,0.0,0.0,0.0,0.0,0.0,0.0,0.0,0.0
2007-11-30,0.6,0.0,0.0,0.05326523910143838,0.0,0.03635039609184247,0.09487558348622668,0.0,0.0,0.0,0.09487558348622668,0.0,0.0,0.03374049806948394,0.0,0.0,0.016069961119100546,0.0,0.03451805194653681,0.0,0.0,0.0,0.0,0.0,0.0,0.03630468669914449,0.0,0.0,0.0,0.0,0.0,0.0,0.0,0.0,0.0
2007-12-07,0.6,0.0,0.0,0.05256753054250895,0.0,0.037944582653555416,0.09487558348622668,0.0,0.0,0.0,0.09487558348622668,0.0,0.0,0.03448794360672612,0.0,0.0,0.016069961119100546,0.0,0.03451805194653681,0.0,0.0,0.0,0.0,0.0,0.0,0.034660763159118764,0.0,0.0,0.0,0.0,0.0,0.0,0.0,0.0,0.0
2007-12-14,0.6,0.0,0.0,0.05106925953213571,0.0,0.044314312695321906,0.09487558348622668,0.0,0.0,0.0,0.09487558348622668,0.0,0.0,0.027299086910353397,0.0,0.0,0.016069961119100546,0.0,0.03451805194653681,0.0,0.0,0.0,0.0,0.0,0.0,0.036978160824098265,0.0,0.0,0.0,0.0,0.0,0.0,0.0,0.0,0.0
2007-12-21,0.6,0.0,0.0,0.04305051364513257,0.0,0.04116914106664693,0.09487558348622668,0.0,0.0,0.0,0.09487558348622668,0.0,0.0,0.03048021355371645,0.0,0.0,0.016069961119100546,0.0,0.04478823708139708,0.0,0.0,0.0,0.0,0.0,0.0,0.03469076656155303,0.0,0.0,0.0,0.0,0.0,0.0,0.0,0.0,0.0
2007-12-28,0.17426559280164677,0.0,0.0,0.03216766194687395,0.0,0.22481933233950283,0.1424635106751385,0.0,0.0,0.0,0.1305960863191502,0.0,0.0,0.012778023899071532,0.0,0.0,0.011867424355988294,0.0,0.20454325683404817,0.0,0.0,0.0,0.0,0.0,0.0,0.06649911082857966,0.0,0.0,0.0,0.0,0.0,0.0,0.0,0.0,0.0
2008-01-04,0.17426559280164677,0.0,0.0,0.03216766194687395,0.0,0.2104743936608945,0.1424635106751385,0.0,0.0,0.0,0.1305960863191502,0.0,0.0,0.0238011411221145,0.0,0.0,0.011867424355988294,0.0,0.20208685391666384,0.0,0.0,0.0,0.0,0.0,0.0,0.07227733520152939,0.0,0.0,0.0,0.0,0.0,0.0,0.0,0.0,0.0
2008-01-11,0.17426559280164688,0.0,0.0,0.03216766194687395,0.0,0.22658472336830204,0.1424635106751385,0.0,0.0,0.0,0.1305960863191502,0.0,0.0,0.02065954658293679,0.0,0.0,0.011867424355988294,0.0,0.17383830411919124,0.0,0.0,0.0,0.0,0.0,0.0,0.0875571498307721,0.0,0.0,0.0,0.0,0.0,0.0,0.0,0.0,0.0
2008-01-18,0.17426559280164688,0.0,0.0,0.03216766194687395,0.0,0.23526751610622926,0.1424635106751385,0.0,0.0,0.0,0.1305960863191502,0.0,0.0,0.008209851292745863,0.0,0.0,0.011867424355988294,0.0,0.19698032361492546,0.0,0.0,0.0,0.0,0.0,0.0,0.0681820328873016,0.0,0.0,0.0,0.0,0.0,0.0,0.0,0.0,0.0
2008-01-25,0.6,0.026757647119233757,0.0,0.00782639984120696,0.0,0.05740129409924076,0.07104817286372078,0.0,0.0,0.0,0.07104817286372078,0.0,0.0,0.04389795535529437,0.0,0.0,0.0,0.0,0.08590504745126487,0.0,0.0,0.0,0.0,0.0,0.0,0.03611531040631775,0.0,0.0,0.0,0.0,0.0,0.0,0.0,0.0,0.0
2008-02-01,0.6,0.026757647119233757,0.0,0.00782639984120696,0.0,0.053697548663797987,0.07104817286372078,0.0,0.0,0.0,0.07104817286372078,0.0,0.0,0.031908020592327474,0.0,0.0,0.0,0.0,0.10506807103308287,0.0,0.0,0.0,0.0,0.0,0.0,0.032645967022909415,0.0,0.0,0.0,0.0,0.0,0.0,0.0,0.0,0.0
2008-02-08,0.6,0.026757647119233757,0.0,0.00782639984120696,0.0,0.05018377681434426,0.07104817286372078,0.0,0.0,0.0,0.07104817286372078,0.0,0.0,0.028638029080490637,0.0,0.0,0.0,0.0,0.1122295905782571,0.0,0.0,0.0,0.0,0.0,0.0,0.03226821083902576,0.0,0.0,0.0,0.0,0.0,0.0,0.0,0.0,0.0
2008-02-15,0.6,0.026757647119233757,0.0,0.00782639984120696,0.0,0.052863579261963695,0.07104817286372078,0.0,0.0,0.0,0.07104817286372078,0.0,0.0,0.028638029080490637,0.0,0.0,0.0,0.0,0.10826196346168042,0.0,0.0,0.0,0.0,0.0,0.0,0.03355603550798299,0.0,0.0,0.0,0.0,0.0,0.0,0.0,0.0,0.0
2008-02-22,0.6,0.026757647119233757,0.0,0.00782639984120696,0.0,0.040392995224655504,0.07104817286372078,0.0,0.0,0.0,0.0877652563016675,0.0,0.0,0.028638029080490637,0.0,0.0,0.0,0.0,0.11150040000251593,0.0,0.0,0.0,0.0,0.0,0.0,0.026071099566508972,0.0,0.0,0.0,0.0,0.0,0.0,0.0,0.0,0.0
2008-02-29,0.6,0.05243185209901852,0.0,0.0,0.0,0.038751607113350954,0.07234588835919809,0.0,0.0,0.0,0.09600895696870534,0.0,0.0,0.0,0.0,0.0,0.0,0.0,0.11752027679732494,0.0,0.0,0.0,0.0,0.0,0.0,0.022941418662402187,0.0,0.0,0.0,0.0,0.0,0.0,0.0,0.0,0.0
2008-03-07,0.6000000000000001,0.05243185209901852,0.0,0.0,0.0,0.04672713630942123,0.07234588835919809,0.0,0.0,0.0,0.08075514302425624,0.0,0.0,0.0,0.0,0.0,0.0,0.0,0.1197926489153463,0.0,0.0,0.0,0.0,0.0,0.0,0.027947331292759628,0.0,0.0,0.0,0.0,0.0,0.0,0.0,0.0,0.0
2008-03-14,0.6,0.05243185209901852,0.0,0.0,0.0,0.04162845848331412,0.07234588835919809,0.0,0.0,0.0,0.09696523495198707,0.0,0.0,0.0,0.0,0.0,0.0,0.0,0.11329046679172045,0.0,0.0,0.0,0.0,0.0,0.0,0.023338099314761773,0.0,0.0,0.0,0.0,0.0,0.0,0.0,0.0,0.0
2008-03-21,0.6,0.05243185209901852,0.0,0.0,0.0,0.042395426561610584,0.07234588835919809,0.0,0.0,0.0,0.08619032342884822,0.0,0.0,0.0,0.0,0.0,0.0,0.0,0.11660180029355297,0.0,0.0,0.0,0.0,0.0,0.0,0.030034709257771623,0.0,0.0,0.0,0.0,0.0,0.0,0.0,0.0,0.0
2008-03-28,0.6,0.022386625125383613,0.0,0.0,0.0,0.07168673522923832,0.07402872470526034,0.0,0.0,0.0,0.0881874580057501,0.0,0.0,0.0,0.0,0.0,0.0,0.0,0.12757658840693195,0.0,0.0,0.0,0.0,0.0,0.0,0.016133868527435726,0.0,0.0,0.0,0.0,0.0,0.0,0.0,0.0,0.0
2008-04-04,0.5999999999999999,0.022386625125383613,0.0,0.0,0.0,0.07089854233490754,0.07402872470526034,0.0,0.0,0.0,0.09257161504556712,0.0,0.0,0.0,0.0,0.0,0.0,0.0,0.12682839687677608,0.0,0.0,0.0,0.0,0.0,0.0,0.013286095912105379,0.0,0.0,0.0,0.0,0.0,0.0,0.0,0.0,0.0
2008-04-11,0.5999999999999999,0.022386625125383613,0.0,0.0,0.0,0.07016992844097086,0.07402872470526034,0.0,0.0,0.0,0.09687731655001483,0.0,0.0,0.0,0.0,0.0,0.0,0.0,0.1260850375056492,0.0,0.0,0.0,0.0,0.0,0.0,0.01045236767272123,0.0,0.0,0.0,0.0,0.0,0.0,0.0,0.0,0.0
2008-04-18,0.6,0.022386625125383613,0.0,0.0,0.0,0.06954364354188165,0.07402872470526034,0.0,0.0,0.0,0.09909786409309432,0.0,0.0,0.0,0.0,0.0,0.0,0.0,0.12708461120939193,0.0,0.0,0.0,0.0,0.0,0.0,0.007858531324988195,0.0,0.0,0.0,0.0,0.0,0.0,0.0,0.0,0.0
2008-04-25,0.5999999999999999,0.020600676184260962,0.0,0.0,0.0,0.10840379024926373,0.03252993372559429,0.0,0.0,0.0,0.09396585941379348,0.0,0.0,0.0,0.0,0.0,0.0,0.0,0.11922229697836131,0.0,0.0,0.0,0.010649166588248247,0.0,0.0,0.014628276860478052,0.0,0.0,0.0,0.0,0.0,0.0,0.0,0.0,0.0
2008-05-02,0.5999999999999999,0.020600676184260962,0.0,0.0,0.0,0.10736867541062153,0.03252993372559429,0.0,0.0,0.0,0.09427053637590718,0.0,0.0,0.0,0.0,0.0,0.0,0.0,0.12080515457030525,0.0,0.0,0.0,0.007480853096390187,0.0,0.0,0.016944170636920698,0.0,0.0,0.0,0.0,0.0,0.0,0.0,0.0,0.0
2008-05-09,0.5999999999999999,0.020600676184260962,0.0,0.0,0.0,0.11708713672317878,0.03252993372559429,0.0,0.0,0.0,0.0788430892139606,0.0,0.0,0.0,0.0,0.0,0.0,0.0,0.12323683077216169,0.0,0.0,0.0,0.007480853096390187,0.0,0.0,0.020221480284453586,0.0,0.0,0.0,0.0,0.0,0.0,0.0,0.0,0.0
2008-05-16,0.5999999999999999,0.020600676184260962,0.0,0.0,0.0,0.11321909084963311,0.03252993372559429,0.0,0.0,0.0,0.07813384109499508,0.0,0.0,0.0,0.0,0.0,0.0,0.0,0.12546354459312548,0.0,0.0,0.0,0.007480853096390187,0.0,0.0,0.022572060456001013,0.0,0.0,0.0,0.0,0.0,0.0,0.0,0.0,0.0
2008-05-23,0.5999999999999999,0.020600676184260962,0.0,0.0,0.0,0.11518889951164743,0.03252993372559429,0.0,0.0,0.0,0.07894626933316867,0.0,0.0,0.0,0.0,0.0,0.0,0.0,0.10878144379202245,0.0,0.0,0.0,0.01231831956099028,0.0,0.0,0.031634457892316004,0.0,0.0,0.0,0.0,0.0,0.0,0.0,0.0,0.0
2008-05-30,0.10000000000000009,0.05463432878279129,0.0,0.012056293153727004,0.0,0.25795427453969183,0.17124673904963275,0.0,0.0,0.0,0.0723398636774959,0.0,0.0,0.0,0.0,0.0,0.0,0.0,0.22264394075482416,0.0,0.0,0.0,0.036823997260170785,0.0,0.0,0.0723005627816662,0.0,0.0,0.0,0.0,0.0,0.0,0.0,0.0,0.0
2008-06-06,0.09999999999999998,0.05463432878279129,0.0,0.012056293153727004,0.0,0.2563081663133916,0.17124673904963275,0.0,0.0,0.0,0.0631728766973445,0.0,0.0,0.003345558630494902,0.0,0.0,0.0,0.0,0.2124272618783856,0.0,0.0,0.0,0.033878266390084115,0.0,0.0,0.09293050910414827,0.0,0.0,0.0,0.0,0.0,0.0,0.0,0.0,0.0
2008-06-13,0.10000000000000009,0.05463432878279129,0.0,0.012056293153727004,0.0,0.24033658648631326,0.17124673904963275,0.0,0.0,0.0,0.09811337059840312,0.0,0.0,0.0071364656926837244,0.0,0.0,0.0,0.0,0.24460572607923428,0.0,0.0,0.0,0.012056293153727004,0.0,0.0,0.059814197003487536,0.0,0.0,0.0,0.0,0.0,0.0,0.0,0.0,0.0
2008-06-20,0.10000000000000009,0.05463432878279129,0.0,0.012056293153727004,0.020140876317065265,0.23074574309940327,0.17124673904963275,0.0,0.0,0.0,0.0878209128722967,0.0,0.0,0.024531800833589912,0.0,0.0,0.0,0.0,0.19129918457345443,0.0,0.0,0.0,0.03450393596795754,0.0,0.0,0.07302018535008178,0.0,0.0,0.0,0.0,0.0,0.0,0.0,0.0,0.0
2008-06-27,0.18569866449427597,0.0,0.0,0.0,0.0,0.27914179099415604,0.12739143502110006,0.0,0.0,0.0,0.15655668626838962,0.0,0.0,0.0,0.0,0.0,0.0,0.0,0.19266014438160814,0.0,0.0,0.0,0.0,0.0,0.0,0.05855127884047021,0.0,0.0,0.0,0.0,0.0,0.0,0.0,0.0,0.0
2008-07-04,0.18569866449427597,0.05489774921474141,0.0,0.0,0.0,0.2784112841003286,0.12739143502110006,0.0,0.0,0.0,0.12739143502110006,0.0,0.0,0.020877085337092188,0.0,0.0,0.0,0.0,0.14896185594197725,0.0,0.0,0.0,0.0,0.0,0.0,0.05637049086938446,0.0,0.0,0.0,0.0,0.0,0.0,0.0,0.0,0.0
2008-07-11,0.18569866449427597,0.04380870333422935,0.0,0.0,0.0,0.2560079779083858,0.12739143502110006,0.0,0.0,0.0,0.16910748048229374,0.0,0.0,0.004584597527049505,0.0,0.0,0.0,0.0,0.1918307203117884,0.0,0.0,0.0,0.0,0.0,0.0,0.0215704209208772,0.0,0.0,0.0,0.0,0.0,0.0,0.0,0.0,0.0
2008-07-18,0.18569866449427597,0.08572041527313719,0.0,0.0,0.0,0.2853567139107628,0.12739143502110006,0.0,0.0,0.0,0.12739143502110006,0.0,0.0,0.0,0.0,0.0,0.0,0.0,0.16687091535874674,0.0,0.0,0.0,0.0,0.0,0.0,0.0215704209208772,0.0,0.0,0.0,0.0,0.0,0.0,0.0,0.0,0.0
2008-07-25,0.19999999999999996,0.12251394911581602,0.0,0.0,0.0,0.19455703217211906,0.13116484755261348,0.0,0.0,0.0,0.17668350801485774,0.0,0.0,0.0,0.0,0.0,0.0,0.0,0.17508066314459367,0.0,0.0,0.0,0.0,0.0,0.0,0.0,0.0,0.0,0.0,0.0,0.0,0.0,0.0,0.0,0.0
2008-08-01,0.19999999999999996,0.11547308201827214,0.0,0.0,0.0,0.18279001547633306,0.13116484755261348,0.0,0.0,0.0,0.1713491197054852,0.0,0.0,0.0,0.0,0.0,0.0,0.0,0.1992229352472961,0.0,0.0,0.0,0.0,0.0,0.0,0.0,0.0,0.0,0.0,0.0,0.0,0.0,0.0,0.0,0.0
2008-08-08,0.19999999999999996,0.113719953401581,0.0,0.0,0.0,0.1804555862971487,0.13116484755261348,0.0,0.0,0.0,0.18290967048669848,0.0,0.0,0.0,0.0,0.0,0.0,0.0,0.19174994226195832,0.0,0.0,0.0,0.0,0.0,0.0,0.0,0.0,0.0,0.0,0.0,0.0,0.0,0.0,0.0,0.0
2008-08-15,0.20000000000000007,0.1131935646410697,0.0,0.0,0.0,0.1840936311785446,0.13116484755261348,0.0,0.0,0.0,0.17134668101703238,0.0,0.0,0.0,0.0,0.0,0.0,0.0,0.20020127561073983,0.0,0.0,0.0,0.0,0.0,0.0,0.0,0.0,0.0,0.0,0.0,0.0,0.0,0.0,0.0,0.0
2008-08-22,0.19999999999999996,0.10450622551513683,0.0,0.0,0.0,0.18559212125590363,0.13116484755261348,0.0,0.0,0.0,0.1843329906675104,0.0,0.0,0.0,0.0,0.0,0.0,0.0,0.1944038150088356,0.0,0.0,0.0,0.0,0.0,0.0,0.0,0.0,0.0,0.0,0.0,0.0,0.0,0.0,0.0,0.0
2008-08-29,0.10000000000000009,0.1173804556459958,0.0,0.0,0.0,0.20349376340831885,0.16639574589052178,0.0,0.0,0.010385251460033341,0.13089949827422503,0.0,0.0,0.0,0.0,0.0,0.0,0.0,0.27144528532090517,0.0,0.0,0.0,0.0,0.0,0.0,0.0,0.0,0.0,0.0,0.0,0.0,0.0,0.0,0.0,0.0
2008-09-05,0.10000000000000009,0.11617299633557539,0.0,0.0,0.0,0.19898862552381968,0.16639574589052178,0.0,0.0,0.010316485497174724,0.1315311526553733,0.0,0.0,0.0,0.0,0.0,0.0,0.0,0.2765949940975351,0.0,0.0,0.0,0.0,0.0,0.0,0.0,0.0,0.0,0.0,0.0,0.0,0.0,0.0,0.0,0.0
2008-09-12,0.10000000000000009,0.10091128255395233,0.0,0.0,0.0,0.20106570282534741,0.16639574589052178,0.0,0.0,0.016811121751637476,0.10400243740200944,0.0,0.0,0.003433340552835658,0.0,0.0,0.0,0.0,0.30738036902369587,0.0,0.0,0.0,0.0,0.0,0.0,0.0,0.0,0.0,0.0,0.0,0.0,0.0,0.0,0.0,0.0
2008-09-19,0.10000000000000009,0.09856459716319803,0.0,0.0,0.0,0.16639574589052178,0.16639574589052178,0.0,0.0,0.03069955851590305,0.1024517191662862,0.0,0.0,0.017261979951601246,0.0,0.0,0.0,0.0,0.3095936858346986,0.0,0.0,0.0,0.00863696758726929,0.0,0.0,0.0,0.0,0.0,0.0,0.0,0.0,0.0,0.0,0.0,0.0
2008-09-26,0.6,0.049132216369571546,0.0,0.0,0.0,0.04411846420065057,0.06777961233772263,0.0,0.0,0.005301137146318893,0.0873482382960287,0.0,0.0,0.0035608258104696624,0.0,0.0,0.0,0.0,0.12805597711749145,0.0,0.0,0.0,0.014703528721746593,0.0,0.0,0.0,0.0,0.0,0.0,0.0,0.0,0.0,0.0,0.0,0.0
2008-10-03,0.6,0.041862260235858026,0.0,0.0,0.0,0.04428582007301316,0.06777961233772263,0.0,0.0,0.009159319029013187,0.08733834997968588,0.0,0.0,0.0,0.0,0.0,0.0,0.0,0.13135684976015577,0.0,0.0,0.0,0.018217788584551392,0.0,0.0,0.0,0.0,0.0,0.0,0.0,0.0,0.0,0.0,0.0,0.0
2008-10-10,0.6,0.037460875567230455,0.0,0.0,0.0,0.04370092491549851,0.07284529187637447,0.0,0.0,0.005580783634758392,0.0899112837552336,0.0,0.0,0.0,0.0,0.0,0.0,0.0,0.13083452475712812,0.0,0.0,0.0,0.019666315493776485,0.0,0.0,0.0,0.0,0.0,0.0,0.0,0.0,0.0,0.0,0.0,0.0
2008-10-17,0.6,0.036333417482337795,0.0,0.0,0.0,0.04324525451513083,0.07291384580741615,0.0,0.0,0.00587190256459139,0.08574079151941791,0.0,0.0,0.0,0.0,0.0,0.0,0.0,0.13361924335043882,0.0,0.0,0.0,0.02227554476066713,0.0,0.0,0.0,0.0,0.0,0.0,0.0,0.0,0.0,0.0,0.0,0.0
2008-10-24,0.6,0.036333417482337795,0.0,0.0,0.0,0.04839453812614693,0.06839500608015764,0.0,0.0,0.0136825192129627,0.07643590636360917,0.0,0.0,0.0,0.0,0.0,0.0,0.0,0.12986515486303923,0.0,0.0,0.0,0.026893457871746587,0.0,0.0,0.0,0.0,0.0,0.0,0.0,0.0,0.0,0.0,0.0,0.0
2008-10-31,0.6100333401350433,0.038274980541925935,0.0,0.0,0.0,0.0496067503904557,0.06621315194679672,0.0,0.0,0.003662928096213117,0.06557794530801814,0.0,0.0,0.0,0.0,0.0,0.0,0.0,0.1628389162147794,0.0,0.0,0.0,0.0037919873667676854,0.0,0.0,0.0,0.0,0.0,0.0,0.0,0.0,0.0,0.0,0.0,0.0
2008-11-07,0.6100333401350433,0.03575502948537739,0.0,0.0,0.0,0.050113340018929295,0.07079469785487136,0.0,0.0,0.001858447821559891,0.07117910181413671,0.0,0.0,0.0,0.0,0.0,0.0,0.0,0.15931768525532447,0.0,0.0,0.0,0.0009483576147576074,0.0,0.0,0.0,0.0,0.0,0.0,0.0,0.0,0.0,0.0,0.0,0.0
2008-11-14,0.6100333401350433,0.037150796960166745,0.0,0.0,0.0,0.05128320376855579,0.0671677853984249,0.0,0.0,0.0003323718659077218,0.07514892274721778,0.0,0.0,0.0,0.0,0.0,0.0,0.0,0.15647786725767734,0.0,0.0,0.0,0.0024057118670064415,0.0,0.0,0.0,0.0,0.0,0.0,0.0,0.0,0.0,0.0,0.0,0.0
2008-11-21,0.6100333401350433,0.03803976307511892,0.0,0.0,0.00042374121344719475,0.05252405766202474,0.07039984885900691,0.0,0.0,0.0017436378704985358,0.07602876124312363,0.0,0.0,0.0,0.0,0.0,0.0,0.0,0.15080684994173676,0.0,0.0,0.0,0.0,0.0,0.0,0.0,0.0,0.0,0.0,0.0,0.0,0.0,0.0,0.0,0.0
2008-11-28,0.654831722693638,0.0020559644744899963,0.0,0.0,0.0,0.0638877073365814,0.05971003050424144,0.0,0.0,0.0,0.07408810264061721,0.0,0.0,0.0,0.0,0.0,0.0,0.0,0.1454264723504319,0.0,0.0,0.0,0.0,0.0,0.0,0.0,0.0,0.0,0.0,0.0,0.0,0.0,0.0,0.0,0.0
2008-12-05,0.654831722693638,0.0011718203556407602,0.0,0.0,0.0,0.06226498276828396,0.06061939334130771,0.0,0.0,0.001957099894011343,0.0742416699064269,0.0,0.0,0.0,0.0,0.0,0.0,0.0,0.14491331104069127,0.0,0.0,0.0,0.0,0.0,0.0,0.0,0.0,0.0,0.0,0.0,0.0,0.0,0.0,0.0,0.0
2008-12-12,0.654831722693638,0.001047839140129844,0.0,0.0,0.0022870542849968926,0.06113202308282638,0.060000059397216254,0.0,0.0,0.0,0.07438601397817318,0.0,0.0,0.0,0.0,0.0,0.0,0.0,0.1463152874230194,0.0,0.0,0.0,0.0,0.0,0.0,0.0,0.0,0.0,0.0,0.0,0.0,0.0,0.0,0.0,0.0
2008-12-19,0.654831722693638,0.0011221201714330502,0.0,0.0,0.0024604398789512295,0.06432789304208955,0.059781414001171276,0.0,0.0,0.0,0.07487110684394171,0.0,0.0,0.0,0.0,0.0,0.0,0.0,0.14260530336877514,0.0,0.0,0.0,0.0,0.0,0.0,0.0,0.0,0.0,0.0,0.0,0.0,0.0,0.0,0.0,0.0
2008-12-26,0.6333934085022626,0.03740051978066321,0.0,0.0,0.001829976214509864,0.03878537201296474,0.06632193097481383,0.0,0.0,0.0,0.08039142614678182,0.0,0.0,0.0,0.0,0.0,0.0,0.0,0.14187736636800402,0.0,0.0,0.0,0.0,0.0,0.0,0.0,0.0,0.0,0.0,0.0,0.0,0.0,0.0,0.0,0.0
2009-01-02,0.6333934085022626,0.03659088304350645,0.0,0.0,0.0018302630500997635,0.039947366975686356,0.06638298293792436,0.0,0.0,0.0,0.08078919654219835,0.0,0.0,0.0,0.0,0.0,0.0,0.0,0.1410658989483222,0.0,0.0,0.0,0.0,0.0,0.0,0.0,0.0,0.0,0.0,0.0,0.0,0.0,0.0,0.0,0.0
2009-01-09,0.6333934085022626,0.03659088304350645,0.0,0.0,0.0009917912607907873,0.03755524736086364,0.0666283575343828,0.0,0.0,0.0,0.08228176265854939,0.0,0.0,0.0,0.0,0.0,0.0,0.0,0.1425585496396444,0.0,0.0,0.0,0.0,0.0,0.0,0.0,0.0,0.0,0.0,0.0,0.0,0.0,0.0,0.0,0.0
2009-01-16,0.6333934085022626,0.03659088304350645,0.0,0.0,0.0028460159475283543,0.03834130897625772,0.06536230243443221,0.0,0.0,0.0,0.08156734914830537,0.0,0.0,0.0,0.0,0.0,0.0,0.0,0.14189873194770738,0.0,0.0,0.0,0.0,0.0,0.0,0.0,0.0,0.0,0.0,0.0,0.0,0.0,0.0,0.0,0.0
2009-01-23,0.6333934085022626,0.03659088304350645,0.0,0.0,0.0013040703460992977,0.03890319772229594,0.06768904386671647,0.0,0.0,0.0,0.08379790857839953,0.0,0.0,0.0,0.0,0.0,0.0,0.0,0.13832148794071977,0.0,0.0,0.0,0.0,0.0,0.0,0.0,0.0,0.0,0.0,0.0,0.0,0.0,0.0,0.0,0.0
2009-01-30,0.6379670326993293,0.0022413644822121205,0.0,0.0,0.039693098526931786,0.05625922299880114,0.06815455625585083,0.0,0.0,0.0,0.07881929926619592,0.0,0.0,0.0,0.0,0.0,0.0,0.0,0.11686542577067888,0.0,0.0,0.0,0.0,0.0,0.0,0.0,0.0,0.0,0.0,0.0,0.0,0.0,0.0,0.0,0.0
2009-02-06,0.6379670326993293,0.0009916495917088905,0.0,0.0,0.0390034208029694,0.058039598501562,0.06818652278574881,0.0,0.0,0.0,0.07889975839482205,0.0,0.0,0.0,0.0,0.0,0.0,0.0,0.11691201722385952,0.0,0.0,0.0,0.0,0.0,0.0,0.0,0.0,0.0,0.0,0.0,0.0,0.0,0.0,0.0,0.0
2009-02-13,0.6379670326993294,0.0034320566025657423,0.0,0.0,0.0389740412200311,0.05489240377637371,0.06864894766094365,0.0,0.0,0.0,0.08036652266147097,0.0,0.0,0.0,0.0,0.0,0.0,0.0,0.1157189953792855,0.0,0.0,0.0,0.0,0.0,0.0,0.0,0.0,0.0,0.0,0.0,0.0,0.0,0.0,0.0,0.0
2009-02-20,0.6379670326993294,0.0010547129084871043,0.0,0.0,0.03899747074704774,0.05547085335151346,0.06900291418005343,0.0,0.0,0.0,0.08037914427165029,0.0,0.0,0.0,0.0,0.0,0.0,0.0,0.11712787184191864,0.0,0.0,0.0,0.0,0.0,0.0,0.0,0.0,0.0,0.0,0.0,0.0,0.0,0.0,0.0,0.0
2009-02-27,0.6407487589707441,0.0017742302637196662,0.0,0.0,0.03919895667362544,0.05604243083342584,0.06813414134460663,0.0,0.0,0.0,0.07617909109490682,0.0,0.0,0.0,0.0,0.0,0.0,0.0,0.11792239081897149,0.0,0.0,0.0,0.0,0.0,0.0,0.0,0.0,0.0,0.0,0.0,0.0,0.0,0.0,0.0,0.0
2009-03-06,0.6407487589707441,0.001012980980934545,0.0,0.0,0.03917693335252006,0.05808284348814171,0.06775164878551598,0.0,0.0,0.0,0.07658546268331362,0.0,0.0,0.0,0.0,0.0,0.0,0.0,0.11664137173882999,0.0,0.0,0.0,0.0,0.0,0.0,0.0,0.0,0.0,0.0,0.0,0.0,0.0,0.0,0.0,0.0
2009-03-13,0.6407487589707441,0.0025639398024669513,0.0,0.0,0.038857730618231084,0.05933885458335393,0.067114796753801,0.0,0.0,0.0,0.07506274508679477,0.0,0.0,0.0,0.0,0.0,0.0,0.0,0.11631317418460818,0.0,0.0,0.0,0.0,0.0,0.0,0.0,0.0,0.0,0.0,0.0,0.0,0.0,0.0,0.0,0.0
2009-03-20,0.6407487589707441,0.001026836289696209,0.0,0.0,0.038857730618231084,0.060866793987239674,0.06769587897720894,0.0,0.0,0.0,0.07598170343129537,0.0,0.0,0.0003065823445395778,0.0,0.0,0.0,0.0,0.11451571538104505,0.0,0.0,0.0,0.0,0.0,0.0,0.0,0.0,0.0,0.0,0.0,0.0,0.0,0.0,0.0,0.0
2009-03-27,0.6591677772107896,0.0016898205822705949,0.0,0.0,0.0,0.10612597505202652,0.05882479169491785,0.0,0.0,0.0,0.06813383367622057,0.0,0.0,0.00030006958262602173,0.0,0.0,0.0,0.0,0.1057577322011489,0.0,0.0,0.0,0.0,0.0,0.0,0.0,0.0,0.0,0.0,0.0,0.0,0.0,0.0,0.0,0.0
2009-04-03,0.6591677772107896,0.0017351596357411709,0.0,0.0,0.0,0.10535120489797786,0.059297099820553506,0.0,0.0,0.0,0.06736247396714175,0.0,0.0,0.0,0.0,0.0,0.0,0.0,0.10708628446779617,0.0,0.0,0.0,0.0,0.0,0.0,0.0,0.0,0.0,0.0,0.0,0.0,0.0,0.0,0.0,0.0
2009-04-10,0.6591677772107896,0.003851493913595258,0.0,0.0,0.0,0.10225113456175776,0.059154122132924314,0.0,0.0,0.0,0.06794171312240478,0.0,0.0,0.00029878759360221904,0.0,0.0,0.0,0.0,0.10733497146492611,0.0,0.0,0.0,0.0,0.0,0.0,0.0,0.0,0.0,0.0,0.0,0.0,0.0,0.0,0.0,0.0
2009-04-17,0.6591677772107896,0.00178079866425299,0.0,0.0,0.0,0.1031035948273774,0.059185819607937715,0.0,0.0,0.0,0.0687061036402724,0.0,0.0,0.00030532951913326,0.0,0.0,0.0,0.0,0.10775057653023672,0.0,0.0,0.0,0.0,0.0,0.0,0.0,0.0,0.0,0.0,0.0,0.0,0.0,0.0,0.0,0.0
2009-04-24,0.3091635508492119,0.012142220062663238,0.0,0.0,0.0,0.2027514544152524,0.1347132375087773,0.0,0.0,0.0,0.13645634591015693,0.0,0.0,0.0,0.0,0.0,0.0,0.0,0.20477319125393814,0.0,0.0,0.0,0.0,0.0,0.0,0.0,0.0,0.0,0.0,0.0,0.0,0.0,0.0,0.0,0.0
2009-05-01,0.3091635508492121,0.0011717468923300141,0.0,0.0,0.0,0.19752206252333707,0.13281475288929823,0.0,0.0,0.0,0.13872466867010394,0.0,0.0,0.0,0.0,0.0,0.0,0.0,0.21252559506149363,0.0,0.0,0.0,0.0,0.0,0.0,0.008077623114225121,0.0,0.0,0.0,0.0,0.0,0.0,0.0,0.0,0.0
2009-05-08,0.3091635508492119,0.009876839872702999,0.0,0.0,0.0,0.19232212013790614,0.1298866252043244,0.0,0.0,0.0,0.14415545275390762,0.0,0.0,0.0,0.0,0.0,0.0,0.0,0.20887827664451006,0.0,0.0,0.0,0.0,0.0,0.0,0.005717134537436801,0.0,0.0,0.0,0.0,0.0,0.0,0.0,0.0,0.0
2009-05-15,0.3091635508492121,0.009495346054321466,0.0,0.0,0.0,0.1912551386462261,0.1364940605590895,0.0,0.0,0.0,0.14286564771789484,0.0,0.0,0.0,0.0,0.0,0.0,0.0,0.206590737694848,0.0,0.0,0.0,0.0,0.0,0.0,0.004135518478408084,0.0,0.0,0.0,0.0,0.0,0.0,0.0,0.0,0.0
2009-05-22,0.3091635508492121,0.00298252501261893,0.0,0.0,0.0,0.1874882896166495,0.1387234573123577,0.0,0.0,0.0,0.14900410989109864,0.0,0.0,0.0,0.0,0.0,0.0,0.0,0.2057474802402844,0.0,0.0,0.0,0.0,0.0,0.0,0.006890587077778795,0.0,0.0,0.0,0.0,0.0,0.0,0.0,0.0,0.0
2009-05-29,0.2825633672431702,0.0013871428209269333,0.0,0.017010907794593362,0.0,0.16249310449461835,0.13698054740510723,0.0,0.0,0.0,0.16244312024458507,0.0,0.0,0.0,0.0,0.0,0.0,0.0,0.2104843493611046,0.0,0.0,0.0,0.0,0.0,0.0,0.026637460635894186,0.0,0.0,0.0,0.0,0.0,0.0,0.0,0.0,0.0
2009-06-05,0.2825633672431703,0.009124610218997627,0.0,0.017010907794593362,0.0,0.14819531892537247,0.143323417314418,0.0,0.0,0.0,0.17969274282444653,0.0,0.0,0.0012009525823769055,0.0,0.0,0.0,0.0,0.19421640444495236,0.0,0.0,0.0,0.0,0.0,0.0,0.024672278651672448,0.0,0.0,0.0,0.0,0.0,0.0,0.0,0.0,0.0
2009-06-12,0.2825633672431702,0.039419897300555354,0.0,0.020628620899572975,0.0,0.1673451305460647,0.15067058086267948,0.0,0.0,0.0,0.14163348600084147,0.0,0.0,0.0,0.0,0.0,0.0,0.0,0.15039782504213856,0.0,0.0,0.0,0.0,0.0,0.0,0.04734109210497727,0.0,0.0,0.0,0.0,0.0,0.0,0.0,0.0,0.0
2009-06-19,0.2825633672431702,0.009648889999566826,0.0,0.017010907794593362,0.0,0.16317469104308654,0.1267198370810447,0.0,0.0,0.0,0.1830609550750465,0.0,0.0,0.0,0.0,0.0,0.0,0.0,0.19137153978559124,0.0,0.0,0.0,0.0,0.0,0.0,0.026449811977900542,0.0,0.0,0.0,0.0,0.0,0.0,0.0,0.0,0.0
2009-06-26,0.17007198508962018,0.020890693380479775,0.0,0.023735951935683803,0.0,0.2084389994504382,0.145581489671865,0.0,0.0,0.0,0.21560175350050712,0.0,0.0,0.0,0.0,0.0,0.023735951935683803,0.0,0.15367396515828038,0.0,0.0,0.0,0.0,0.0,0.0,0.038269209877441764,0.0,0.0,0.0,0.0,0.0,0.0,0.0,0.0,0.0
2009-07-03,0.17007198508962018,0.016168514107099304,0.0,0.023735951935683803,0.0,0.20926283611962912,0.14602943414747194,0.0,0.0,0.0,0.21158721661074117,0.0,0.0,0.005134407349879476,0.0,0.0,0.023735951935683803,0.0,0.15085408891287078,0.0,0.0,0.0,0.0,0.0,0.0,0.043419613791320366,0.0,0.0,0.0,0.0,0.0,0.0,0.0,0.0,0.0
2009-07-10,0.17007198508962018,0.016452032663070527,0.0,0.023735951935683803,0.0,0.2003345916387441,0.15111873035417836,0.0,0.0,0.0,0.20721737005609295,0.0,0.0,0.016042296940642607,0.0,0.0,0.023735951935683803,0.0,0.14600845357229641,0.0,0.0,0.0,0.0,0.0,0.0,0.045282635813987296,0.0,0.0,0.0,0.0,0.0,0.0,0.0,0.0,0.0
2009-07-17,0.17007198508962018,0.0,0.0,0.03194768673734349,0.00298843827579278,0.19224509125930242,0.15630869262335503,0.0,0.0,0.0,0.20935851316563048,0.0,0.0,0.0162107260622049,0.0,0.0,0.023735951935683803,0.0,0.14600845357229641,0.0,0.0,0.006745263341193501,0.0,0.0,0.0,0.04437919793757698,0.0,0.0,0.0,0.0,0.0,0.0,0.0,0.0,0.0
2009-07-24,0.17007198508962018,0.0,0.0,0.02625031628770376,0.0,0.20197665318889987,0.15249801672216315,0.0,0.0,0.0,0.2159854030025094,0.0,0.0,0.0158708570574631,0.0,0.0,0.023735951935683803,0.0,0.14600845357229641,0.0,0.0,0.0008489014337500931,0.0,0.0,0.0,0.04675346170991021,0.0,0.0,0.0,0.0,0.0,0.0,0.0,0.0,0.0
2009-07-31,0.01580362648550837,0.0,0.0,0.028352960020372308,0.0027745098715830753,0.2148468505326679,0.166771248638526,0.0,0.0,0.0,0.22237390977320037,0.0,0.0,0.18039256880849588,0.0,0.0,0.02050612940650437,0.0,0.07815616895995653,0.0,0.0,0.009393769940542517,0.02050612940650437,0.0,0.0,0.04012212815613839,0.0,0.0,0.0,0.0,0.0,0.0,0.0,0.0,0.0
2009-08-07,0.01580362648550815,0.0,0.0,0.02050612940650437,0.0009643718783908269,0.2207393794032358,0.16945770952994255,0.0,0.0,0.0,0.2276360249436724,0.0,0.0,0.16964249071518236,0.0,0.0,0.02050612940650437,0.0,0.09232214854579501,0.0,0.0,0.0,0.02050612940650437,0.0,0.0,0.041915860278759695,0.0,0.0,0.0,0.0,0.0,0.0,0.0,0.0,0.0
2009-08-14,0.01580362648550837,0.0,0.0,0.02050612940650437,0.0,0.2182934711932566,0.1617178308144502,0.0,0.0,0.0,0.23709011831652305,0.0,0.0,0.16930947670501087,0.0,0.0,0.02050612940650437,0.0,0.10402688513587098,0.0,0.0,0.0,0.02050612940650437,0.0,0.0,0.03224020312986692,0.0,0.0,0.0,0.0,0.0,0.0,0.0,0.0,0.0
2009-08-21,0.01580362648550837,0.0,0.0,0.026326553891117266,0.0,0.22145081674923456,0.1695797267978184,0.0,0.0,0.0,0.21259056617850186,0.0,0.0,0.18100401753617884,0.0,0.0,0.02050612940650437,0.0,0.07815616895995653,0.0,0.0,0.009212015701219385,0.02050612940650437,0.0,0.0,0.044864248887456146,0.0,0.0,0.0,0.0,0.0,0.0,0.0,0.0,0.0
2009-08-28,0.17254160324911327,0.0,0.0,0.030864908934243707,0.003656166714296317,0.18213094482884157,0.14894525803134187,0.0,0.0,0.00974024066816674,0.18764495195660974,0.0,0.0,0.023938990940592115,0.0,0.0,0.01750067715609095,0.0,0.15033582713607482,0.0,0.0,0.016012338012326804,0.016665530485815514,0.0,0.0,0.040022561886486605,0.0,0.0,0.0,0.0,0.0,0.0,0.0,0.0,0.0
2009-09-04,0.17254160324911316,0.0,0.0,0.027221791841623592,0.008805465497497432,0.17806275430065951,0.14639980541991382,0.0,0.0,0.002860082288468644,0.2115738502435709,0.0,0.0,0.01982268724852526,0.0,0.0,0.016665530485815514,0.0,0.15033582713607482,0.0,0.0,0.013490045883755677,0.016665530485815514,0.0,0.0,0.03555502591916608,0.0,0.0,0.0,0.0,0.0,0.0,0.0,0.0,0.0
2009-09-11,0.17254160324911316,0.0,0.0,0.03223930889557438,0.0013759850493710024,0.18257132945868093,0.15833153794947613,0.0,0.0,0.004557694784888014,0.16002042812433923,0.0,0.0,0.02718490183259728,0.0,0.0,0.016665530485815514,0.0,0.15033582713607482,0.0,0.0,0.019743380961389514,0.02898563346013729,0.0,0.0,0.045446838612542645,0.0,0.0,0.0,0.0,0.0,0.0,0.0,0.0,0.0
2009-09-18,0.17254160324911316,0.0,0.0,0.026703737302719778,0.009247496840754713,0.1931852997266018,0.14968046699456813,0.0,0.0,0.003282232093616844,0.18968966560813788,0.0,0.0,0.0197160986943499,0.0,0.0,0.016665530485815514,0.0,0.15033582713607482,0.0,0.0,0.014721664761697308,0.016665530485815514,0.0,0.0,0.037564846620734546,0.0,0.0,0.0,0.0,0.0,0.0,0.0,0.0,0.0
2009-09-25,0.0,0.0,0.0,0.02272477242252443,0.008790158718380436,0.2152501939328861,0.18462918124471978,0.0,0.0,0.0,0.23338596116902857,0.0,0.0,0.016240295582038742,0.0,0.0,0.013104335104871941,0.0,0.13575779467674282,0.0,0.0,0.010728813345373983,0.01333458623243865,0.0,0.0,0.1460539075709944,0.0,0.0,0.0,0.0,0.0,0.0,0.0,0.0,0.0
2009-10-02,1.1102230246251565e-16,0.0,0.0,0.0237459318435426,0.003863934183174753,0.2126775605634718,0.17743117709183043,0.0,0.0,0.0,0.23591728025984185,0.0,0.0,0.020907447533398668,0.0,0.0,0.013756047661725505,0.0,0.13575779467674282,0.0,0.0,0.011820156326716276,0.01611229464665224,0.0,0.0,0.1480103752129029,0.0,0.0,0.0,0.0,0.0,0.0,0.0,0.0,0.0
2009-10-09,1.1102230246251565e-16,0.0,0.0,0.0236376592548048,0.004177458716904017,0.22182869374647834,0.1717079011665404,0.0,0.0,0.0,0.23389443243641778,0.0,0.0,0.021370412822583458,0.0,0.0,0.013104335104871941,0.0,0.13575779467674282,0.0,0.0,0.011849839484173088,0.013104335104871941,0.0,0.0,0.14956713748561132,0.0,0.0,0.0,0.0,0.0,0.0,0.0,0.0,0.0
2009-10-16,2.220446049250313e-16,0.0,0.0,0.03407090598733135,0.0030919434947717147,0.2101676008324988,0.18169911489636828,0.0,0.0,0.007501098793759748,0.19706326572762686,0.0,0.0,0.022811140927534137,0.0,0.0,0.021098854379357858,0.0,0.13575779467674282,0.0,0.0,0.01955276964239739,0.013104335104871941,0.0,0.0,0.15408117553673895,0.0,0.0,0.0,0.0,0.0,0.0,0.0,0.0,0.0
2009-10-23,2.220446049250313e-16,0.0,0.0,0.03510367928692506,0.0,0.2101676008324988,0.17317362145994028,0.0,0.0,0.009901772774613236,0.19706326572762686,0.0,0.0,0.0214149869505921,0.0,0.0,0.014111759472092658,0.0,0.13575779467674282,0.0,0.0,0.02392340757284307,0.022348776617445977,0.0,0.0,0.157033334628679,0.0,0.0,0.0,0.0,0.0,0.0,0.0,0.0,0.0
2009-10-30,0.0,0.0,0.0,0.18391087833050782,0.0,0.005991383979323282,0.2651187616102429,0.0,0.0,0.008196961959541747,0.17730779521954104,0.0,0.0,0.017153805300543362,0.0,0.0,0.008503918314856307,0.0,0.0,0.0,0.0,0.16507213614415786,0.014969357296890504,0.0,0.0,0.15377500184439527,0.0,0.0,0.0,0.0,0.0,0.0,0.0,0.0,0.0
2009-11-06,0.0,0.0,0.0,0.18361050192394504,0.0,0.018612916997673416,0.26401063484242837,0.0,0.0,0.002858323762792368,0.17730779521954104,0.0,0.0,0.018198638367887866,0.0,0.0,0.006775746678485743,0.0,0.0,0.0,0.0,0.16461531200620466,0.011395296687862141,0.0,0.0,0.15261483351317945,0.0,0.0,0.0,0.0,0.0,0.0,0.0,0.0,0.0
2009-11-13,0.0,0.0,0.0,0.18098479909750353,0.0,0.014372885711114655,0.2605948271093382,0.0,0.0,0.008370679635993153,0.17730779521954101,0.0,0.0,0.022819656658673512,0.0,0.0,0.006873322522917235,0.0,0.0,0.0,0.0,0.1637624801549669,0.010468964043351662,0.0,0.0,0.15444458984660012,0.0,0.0,0.0,0.0,0.0,0.0,0.0,0.0,0.0
2009-11-20,0.0,0.0,0.0,0.1825051562142094,0.0,0.005991383979323282,0.2542565402581281,0.0,0.0,0.010033167401887045,0.17730779521954104,0.0,0.0,0.015002072059436171,0.0,0.0,0.009158020962595624,0.0,0.0,0.0,0.0,0.16591944760240712,0.020127684041047304,0.0,0.0,0.159698732261425,0.0,0.0,0.0,0.0,0.0,0.0,0.0,0.0,0.0
2009-11-27,0.0,0.0,0.0,0.1289359636776411,0.0,0.00597299499018072,0.27434171077716824,0.0,0.0,0.010412166870305653,0.08926934942315085,0.0,0.0,0.018279790646718874,0.0,0.0,0.007078524228282084,0.0,0.0,0.0,0.0,0.14617794472501305,0.0894507503805376,0.0,0.0,0.2300808042810018,0.0,0.0,0.0,0.0,0.0,0.0,0.0,0.0,0.0
2009-12-04,1.1102230246251565e-16,0.0,0.0,0.1260814790685524,0.0,0.00597299499018072,0.29989575403199303,0.0,0.0,0.002935912671827335,0.08926934942315085,0.0,0.0,0.018327245451560725,0.0,0.0,0.008375800055132648,0.0,0.0,0.0,0.0,0.14075175473435034,0.08615078539744114,0.0,0.0,0.22223892417581076,0.0,0.0,0.0,0.0,0.0,0.0,0.0,0.0,0.0
2009-12-11,1.1102230246251565e-16,0.0,0.0,0.13408013819518427,0.0,0.00597299499018072,0.2879089474702579,0.0,0.0,0.0021789616508731454,0.08926934942315085,0.0,0.0,0.01479398519293669,0.0,0.0,0.00597299499018072,0.0,0.0,0.0,0.0,0.14547850745003038,0.08770349369501027,0.0,0.0,0.226640626942195,0.0,0.0,0.0,0.0,0.0,0.0,0.0,0.0,0.0
2009-12-18,0.0,0.0,0.0,0.1274982303912879,0.0,0.012289782230284778,0.2791248119269523,0.0,0.0,0.0,0.08926934942315085,0.0,0.0,0.02316366362257103,0.0,0.0,0.0070025428142388236,0.0,0.0,0.0,0.0,0.1442650265372556,0.0892156501669983,0.0,0.0,0.22817094288726036,0.0,0.0,0.0,0.0,0.0,0.0,0.0,0.0,0.0
2009-12-25,2.220446049250313e-16,0.0,0.0,0.01319799648054993,0.0,0.19019317212885622,0.25535355460590287,0.0,0.0,0.0,0.089492671346232,0.0,0.0,0.07095771420174786,0.0,0.0,0.009434434058311169,0.0,0.0,0.0,0.0,0.09869214605561988,0.11206454580725331,0.0,0.0,0.16061376531552662,0.0,0.0,0.0,0.0,0.0,0.0,0.0,0.0,0.0
2010-01-01,2.220446049250313e-16,0.0,0.0,0.012992696678974376,0.0,0.20312945757726192,0.25535355460590287,0.0,0.0,0.0,0.089492671346232,0.0,0.0,0.07071915944834728,0.0,0.0,0.007068678212667249,0.0,0.0,0.0,0.0,0.09445409428989664,0.10696361909944284,0.0,0.0,0.1598260687412746,0.0,0.0,0.0,0.0,0.0,0.0,0.0,0.0,0.0
2010-01-08,1.1102230246251565e-16,0.0,0.0,0.016213294103131364,0.0,0.19691723881259468,0.25535355460590287,0.0,0.0,0.0,0.089492671346232,0.0,0.0,0.0635681795524985,0.0,0.0,0.011268266259059759,0.0,0.0,0.0,0.0,0.10145390410889096,0.11037818505949827,0.0,0.0,0.1553547061521914,0.0,0.0,0.0,0.0,0.0,0.0,0.0,0.0,0.0
2010-01-15,2.220446049250313e-16,0.0,0.0,0.009385934713006689,0.0,0.19304002520996594,0.25535355460590287,0.0,0.0,0.0,0.089492671346232,0.0,0.0,0.07128980630935444,0.0,0.0,0.007315732386985569,0.0,0.0,0.0,0.0,0.09750295668658535,0.11281356174024422,0.0,0.0,0.16380575700172276,0.0,0.0,0.0,0.0,0.0,0.0,0.0,0.0,0.0
2010-01-22,2.220446049250313e-16,0.0,0.0,0.009681069951642142,0.0,0.19185165745488228,0.25535355460590287,0.0,0.0,0.0010986825682045794,0.089492671346232,0.0,0.0,0.07286443758146487,0.0,0.0,0.013626555623840776,0.0,0.0,0.0,0.0,0.089492671346232,0.11544477428562479,0.0,0.0,0.16109392523597355,0.0,0.0,0.0,0.0,0.0,0.0,0.0,0.0,0.0
2010-01-29,1.1102230246251565e-16,0.0,0.0,0.08000639462114097,0.0,0.27166319160213176,0.09561416471587082,0.0,0.0,0.020445096740213147,0.0,0.0,0.0,0.05973921911103909,0.0,0.0,0.09712464716295445,0.0,0.0,0.0,0.0,0.006068570295029113,0.2241442414542179,0.0,0.0,0.14519447429740273,0.0,0.0,0.0,0.0,0.0,0.0,0.0,0.0,0.0
2010-02-05,0.0,0.0,0.0,0.08100274190104824,0.0,0.27166319160213176,0.09561416471587082,0.0,0.0,0.01248777216123508,0.0,0.0,0.0,0.06142302364928712,0.0,0.0,0.10385663884955489,0.0,0.0,0.0,0.0,0.010107447499068724,0.22340531845070602,0.0,0.0,0.14043970117109733,0.0,0.0,0.0,0.0,0.0,0.0,0.0,0.0,0.0
2010-02-12,1.1102230246251565e-16,0.0,0.0,0.0832356515617292,0.0,0.27166319160213176,0.09561416471587082,0.0,0.0,0.014753596324056331,0.0,0.0,0.0,0.055610524774486934,0.0,0.0,0.10180105198733737,0.0,0.0,0.0,0.0,0.010549017352846765,0.22500908372710815,0.0,0.0,0.1417637179544326,0.0,0.0,0.0,0.0,0.0,0.0,0.0,0.0,0.0
2010-02-19,0.0,0.0,0.0,0.09105792753394944,0.0,0.27166319160213176,0.09561416471587082,0.0,0.0,0.018063372662897613,0.0,0.0,0.0,0.0462292956548254,0.0,0.0,0.10168697219585508,0.0,0.0,0.0,0.0,0.012435370356497435,0.22436361085481582,0.0,0.0,0.13888609442315658,0.0,0.0,0.0,0.0,0.0,0.0,0.0,0.0,0.0
2010-02-26,0.17434251900957665,0.0,0.0,0.20128592591370353,0.012695887703976902,0.00614955236226401,0.09267960345022673,0.0,0.0,0.020085375624911816,0.0,0.0,0.0,0.01596437002397305,0.0,0.0,0.10514172195403725,0.0,0.0,0.0,0.0,0.03147931902208613,0.21385569660213022,0.0,0.0,0.12632002833311373,0.0,0.0,0.0,0.0,0.0,0.0,0.0,0.0,0.0
2010-03-05,0.17434251900957665,0.0,0.0,0.19733659938507553,0.004624552536913221,0.00614955236226401,0.1158949652465631,0.0,0.0,0.01811054330105989,0.0,0.0,0.0,0.010719879646627455,0.0,0.0,0.10638271131353695,0.0,0.0,0.0,0.0,0.02960130889719107,0.21358507733597182,0.0,0.0,0.12325229096522027,0.0,0.0,0.0,0.0,0.0,0.0,0.0,0.0,0.0
2010-03-12,0.17434251900957665,0.0,0.0,0.19482679893989158,0.002642291239192442,0.00614955236226401,0.12211185771351193,0.0,0.0,0.01745770590287144,0.0,0.0,0.0,0.012087407508709024,0.0,0.0,0.10988652657254423,0.0,0.0,0.0,0.0,0.028789877552079412,0.2131715814218823,0.0,0.0,0.11853388177747697,0.0,0.0,0.0,0.0,0.0,0.0,0.0,0.0,0.0
2010-03-19,0.17434251900957665,0.0,0.0,0.19482679893989158,0.0,0.014531216537718876,0.09267960345022673,0.0,0.0,0.021521767557211732,0.0,0.0,0.0,0.019212571619950887,0.0,0.0,0.11119666398211141,0.0,0.0,0.0,0.0,0.028789877552079412,0.21880803951461042,0.0,0.0,0.12409094183662231,0.0,0.0,0.0,0.0,0.0,0.0,0.0,0.0,0.0
2010-03-26,0.0,0.0,0.0,0.08049489449535661,0.0,0.012778355439367318,0.26673234219520076,0.0,0.0,0.06243926598261448,0.08604029182215786,0.0,0.0,0.008790214215818614,0.0,0.0,0.14848275591802138,0.0,0.0,0.0,0.0,0.0,0.23265990843301534,0.0,0.0,0.10158197149844765,0.0,0.0,0.0,0.0,0.0,0.0,0.0,0.0,0.0
2010-04-02,1.1102230246251565e-16,0.0,0.0,0.08049489449535661,0.0,0.0302551581263545,0.2801768965998482,0.0,0.0,0.057924250129271306,0.08604029182215786,0.0,0.0,0.005077884111404632,0.0,0.0,0.14280039096493052,0.0,0.0,0.0,0.0,0.0,0.2275998539647601,0.0,0.0,0.08963037978591629,0.0,0.0,0.0,0.0,0.0,0.0,0.0,0.0,0.0
2010-04-09,0.0,0.0,0.0,0.08049489449535661,0.0,0.030479142663338257,0.2646470040800824,0.0,0.0,0.06262640761314175,0.08604029182215786,0.0,0.0,0.008641629684416525,0.0,0.0,0.14328355247210658,0.0,0.0,0.0,0.0,0.0,0.2320210522259473,0.0,0.0,0.09176602494345266,0.0,0.0,0.0,0.0,0.0,0.0,0.0,0.0,0.0
2010-04-16,0.0,0.0,0.0,0.08049489449535661,0.0,0.0072143880883850965,0.2646470040800824,0.0,0.0,0.061200429447918335,0.08604029182215786,0.0,0.0,0.024809265270992868,0.0,0.0,0.15423823229858474,0.0,0.0,0.0,0.0,0.0,0.22813848095558528,0.0,0.0,0.09321701354093674,0.0,0.0,0.0,0.0,0.0,0.0,0.0,0.0,0.0
2010-04-23,0.0,0.0,0.0,0.08049489449535661,0.0,0.011687170501002684,0.2646470040800824,0.0,0.0,0.0602368269784687,0.08604029182215786,0.0,0.0,0.025309801613378757,0.0,0.0,0.15219991951010245,0.0,0.0,0.0,0.0,0.0,0.22736309858919765,0.0,0.0,0.09202099241025284,0.0,0.0,0.0,0.0,0.0,0.0,0.0,0.0,0.0
2010-04-30,0.0,0.0,0.0,0.07634305476544015,0.0,0.1948390638171632,0.09231259775758334,0.0,0.0,0.060889953679748275,0.08599102314950771,0.0,0.0,0.025527447922344307,0.0,0.0,0.15523515770308544,0.0,0.0,0.0,0.0,0.0,0.22236329783099407,0.0,0.0,0.0864984033741336,0.0,0.0,0.0,0.0,0.0,0.0,0.0,0.0,0.0
2010-05-07,0.0,0.0,0.0,0.07929943689664914,0.0,0.19179624233734713,0.09231259775758334,0.0,0.0,0.0621195794985403,0.08599102314950771,0.0,0.0,0.017408974458346573,0.0,0.0,0.1462340577140822,0.0,0.0,0.0,0.0,0.0009529974517277702,0.22668554245325068,0.0,0.0,0.09719954828296522,0.0,0.0,0.0,0.0,0.0,0.0,0.0,0.0,0.0
2010-05-14,0.0,0.0,0.0,0.07634305476544015,0.0,0.19594433111803208,0.09231259775758334,0.0,0.0,0.06353427505009354,0.08599102314950771,0.0,0.0,0.019211398474198355,0.0,0.0,0.14318470897336344,0.0,0.0,0.0,0.0,0.0,0.22688655275727782,0.0,0.0,0.09659205795450361,0.0,0.0,0.0,0.0,0.0,0.0,0.0,0.0,0.0
2010-05-21,0.0,0.0,0.0,0.07921509170153165,0.0,0.19179624233734713,0.09403972154373125,0.0,0.0,0.06150436363316464,0.08599102314950771,0.0,0.0,0.0243892596958047,0.0,0.0,0.14715971929092136,0.0,0.0,0.0,0.0,0.0,0.22548880541645927,0.0,0.0,0.09041577323153235,0.0,0.0,0.0,0.0,0.0,0.0,0.0,0.0,0.0
2010-05-28,0.2849226094601769,0.0,0.0,0.0,0.0,0.02014996773344188,0.09227909657117979,0.0,0.0,0.04706239696350899,0.07572137048080538,0.0,0.0,0.04851361273901225,0.0,0.0,0.16748059002493865,0.0,0.016557726090374415,0.0,0.0,0.0,0.18992632673524368,0.0,0.0,0.057386303201317976,0.0,0.0,0.0,0.0,0.0,0.0,0.0,0.0,0.0
2010-06-04,0.2849226094601769,0.0,0.0,0.0,0.0,0.026368986749253674,0.0937826530571737,0.0,0.0,0.04498889179235883,0.07572137048080538,0.0,0.0,0.048105884504707756,0.0,0.0,0.16146349381127692,0.0,0.016557726090374415,0.0,0.0,0.0,0.1884763888640849,0.0,0.0,0.059611995189787464,0.0,0.0,0.0,0.0,0.0,0.0,0.0,0.0,0.0
2010-06-11,0.284922609460177,0.0,0.0,0.0,0.0,0.045571795980980545,0.09227909657117979,0.0,0.0,0.036356763791582744,0.08907178884302043,0.0,0.0,0.03319083884320353,0.0,0.0,0.15085546492215296,0.0,0.036550489930358566,0.0,0.0,0.0,0.18239648419019794,0.0,0.0,0.04880466746714651,0.0,0.0,0.0,0.0,0.0,0.0,0.0,0.0,0.0
2010-06-18,0.2849226094601769,0.0,0.0,0.0,0.0,0.04701785339214707,0.09227909657117979,0.0,0.0,0.04056765065968379,0.07572137048080538,0.0,0.0,0.03904782638108184,0.0,0.0,0.15636260755788817,0.0,0.030178324337933275,0.0,0.0,0.0,0.18509799369195723,0.0,0.0,0.04880466746714651,0.0,0.0,0.0,0.0,0.0,0.0,0.0,0.0,0.0
2010-06-25,0.10000000000000009,0.0,0.0,0.0,0.0,0.3489296443219695,0.09077090441841583,0.0,0.0,0.04060594597171006,0.09688089177652139,0.0,0.0,0.0006094765751990018,0.0,0.0,0.04715600359029338,0.0,0.04172233958700333,0.0,0.0,0.0,0.17710523494242508,0.0,0.0,0.05621955881646241,0.0,0.0,0.0,0.0,0.0,0.0,0.0,0.0,0.0
2010-07-02,0.09999999999999998,0.0,0.0,0.0,0.0,0.34864650199363273,0.09091631760566424,0.0,0.0,0.0422759172649788,0.09776833642355777,0.0,0.0,0.004101296189022662,0.0,0.0,0.04715600359029338,0.0,0.03610752362312654,0.0,0.0,0.0,0.17680854449326144,0.0,0.0,0.05621955881646241,0.0,0.0,0.0,0.0,0.0,0.0,0.0,0.0,0.0
2010-07-09,0.09999999999999998,0.0,0.0,0.0,0.0,0.3472062861556278,0.0905750346585743,0.0,0.0,0.03803283975813324,0.10572275857055242,0.0,0.0,0.003505323532381024,0.0,0.0,0.04715600359029338,0.0,0.037156706102109485,0.0,0.0,0.0,0.1744254888158659,0.0,0.0,0.05621955881646241,0.0,0.0,0.0,0.0,0.0,0.0,0.0,0.0,0.0
2010-07-16,0.09999999999999998,0.0,0.0,0.0,0.0,0.3443472273304519,0.09053966304555952,0.0,0.0,0.03714438638636887,0.10906625220044612,0.0,0.0,0.0024717955465228276,0.0,0.0,0.04715600359029338,0.0,0.036953042885427646,0.0,0.0,0.0,0.1761020701984673,0.0,0.0,0.05621955881646241,0.0,0.0,0.0,0.0,0.0,0.0,0.0,0.0,0.0
2010-07-23,0.09999999999999998,0.0,0.0,0.0,0.0,0.34895520968546073,0.09070254859494685,0.0,0.0,0.03871752386209969,0.10062471190966109,0.0,0.0,0.0035920020516002934,0.0,0.0,0.04715600359029338,0.0,0.037545556524846604,0.0,0.0,0.0,0.17648688496462894,0.0,0.0,0.05621955881646241,0.0,0.0,0.0,0.0,0.0,0.0,0.0,0.0,0.0
2010-07-30,0.09999999999999987,0.0,0.0,0.0,0.0,0.2577298862083309,0.09461162058272947,0.0,0.0,0.04888502499971352,0.10949768317560726,0.0,0.0,0.0003844102117743481,0.0,0.0,0.009098907291723338,0.0,0.20627450616229992,0.0,0.0,0.0,0.11461387600382698,0.0,0.0,0.05890408536399429,0.0,0.0,0.0,0.0,0.0,0.0,0.0,0.0,0.0
2010-08-06,0.09999999999999987,0.0,0.0,0.0,0.0,0.257575587366034,0.09461179372370183,0.0,0.0,0.047437759412547756,0.11025736477060918,0.0,0.0,0.0,0.0,0.0,0.009098907291723338,0.0,0.20892067049552046,0.0,0.0,0.0,0.11286179938256727,0.0,0.0,0.059236117557296256,0.0,0.0,0.0,0.0,0.0,0.0,0.0,0.0,0.0
2010-08-13,0.09999999999999998,0.0,0.0,0.0,0.0,0.2560874677223475,0.09765663661559389,0.0,0.0,0.04969760146961657,0.10147724889699743,0.0,0.0,0.0009933855046051737,0.0,0.0,0.009098907291723338,0.0,0.20486008708366613,0.0,0.0,0.0,0.11440159295543637,0.0,0.0,0.06572707246001368,0.0,0.0,0.0,0.0,0.0,0.0,0.0,0.0,0.0
2010-08-20,0.09999999999999987,0.005908853219958199,0.0,0.0,0.0,0.2526884221423789,0.09951951594767344,0.0,0.0,0.047437759412547756,0.10590169636153163,0.0,0.0,0.0002929801575285223,0.0,0.0,0.009098907291723338,0.0,0.2059822519128934,0.0,0.0,0.0,0.11243474268184529,0.0,0.0,0.06073487087191958,0.0,0.0,0.0,0.0,0.0,0.0,0.0,0.0,0.0
2010-08-27,0.09999999999999998,0.0,0.0,0.0,0.0,0.22017415350346417,0.17592774892670912,0.0,0.0,0.001861223967896857,0.09607090289449148,0.0,0.0,0.0017385818003652841,0.0,0.0,0.0,0.0,0.17084666801762907,0.0,0.0,0.0,0.16132704106752224,0.0,0.0,0.07205367982192185,0.0,0.0,0.0,0.0,0.0,0.0,0.0,0.0,0.0
2010-09-03,0.09999999999999987,0.0,0.0,0.0,0.0,0.21473424858559473,0.17212263111524684,0.0,0.0,0.00358085477111261,0.10786094848744991,0.0,0.0,0.0015139569297155787,0.0,0.0,0.0,0.0,0.16897906928041576,0.0,0.0,0.0,0.16013486837842808,0.0,0.0,0.0710734224520366,0.0,0.0,0.0,0.0,0.0,0.0,0.0,0.0,0.0
2010-09-10,0.09999999999999987,0.0,0.0,0.006226538099416398,0.0,0.21339395235365402,0.17293639724700718,0.0,0.0,0.0,0.0987316863038808,0.0,0.0,0.00104169455015749,0.0,0.0,0.0,0.0,0.16926056348401256,0.0,0.0,0.004842753727600822,0.16121282762927755,0.0,0.0,0.0723535866049933,0.0,0.0,0.0,0.0,0.0,0.0,0.0,0.0,0.0
2010-09-17,0.09999999999999987,0.008093601935632862,0.0,0.0,0.0,0.2207882935015806,0.16785021022744143,0.0,0.0,0.0,0.10675616379153531,0.0,0.0,0.0,0.0,0.0,0.0,0.0,0.17147869558286905,0.0,0.0,0.0,0.15926603529453381,0.0,0.0,0.06576699966640703,0.0,0.0,0.0,0.0,0.0,0.0,0.0,0.0,0.0
2010-09-24,0.0,0.014327525729638704,0.0,0.009612986603344208,0.0,0.22503311511373297,0.15974103429194286,0.0,0.0,0.0,0.11119692509826651,0.0,0.0,0.0,0.0,0.0,0.009612986603344208,0.0,0.2290083429393006,0.0,0.0,0.0,0.22635348612964176,0.0,0.0,0.015113597490788097,0.0,0.0,0.0,0.0,0.0,0.0,0.0,0.0,0.0
2010-10-01,0.0,0.011826731658481098,0.0,0.009612986603344208,0.0,0.2281144476063478,0.15689361236816501,0.0,0.0,0.0,0.1106391381842132,0.0,0.0,0.0,0.0,0.0,0.009612986603344208,0.0,0.23275668677942535,0.0,0.0,0.0,0.22744027110353693,0.0,0.0,0.013103139093142193,0.0,0.0,0.0,0.0,0.0,0.0,0.0,0.0,0.0
2010-10-08,0.0,0.014563169672584959,0.0,0.009612986603344208,0.0,0.2364942396614237,0.15148471342792103,0.0,0.0,0.0,0.09257358057309285,0.0,0.0,0.0005477910421675688,0.0,0.0,0.009612986603344208,0.0,0.2344211080574417,0.0,0.0,0.0,0.23418118575357938,0.0,0.0,0.01650823860510034,0.0,0.0,0.0,0.0,0.0,0.0,0.0,0.0,0.0
2010-10-15,1.1102230246251565e-16,0.012593812392609628,0.0,0.009612986603344208,0.0,0.23124575167713862,0.15786287017314649,0.0,0.0,0.0,0.10445036591550644,0.0,0.0,0.0,0.0,0.0,0.009612986603344208,0.0,0.23156033284655636,0.0,0.0,0.0,0.2313316558423872,0.0,0.0,0.011729237945966755,0.0,0.0,0.0,0.0,0.0,0.0,0.0,0.0,0.0
2010-10-22,1.1102230246251565e-16,0.016017172572503773,0.0,0.009612986603344208,0.0,0.2316203863726754,0.1533177238609159,0.0,0.0,0.0,0.09205537482894219,0.0,0.0,0.004483408463181176,0.0,0.0,0.009612986603344208,0.0,0.22943473573459244,0.0,0.0,0.0,0.23387492392472323,0.0,0.0,0.01997030103577735,0.0,0.0,0.0,0.0,0.0,0.0,0.0,0.0,0.0
2010-10-29,0.0,0.07010881654013618,0.0,0.012687855292028425,0.0,0.2833191394429875,0.07828908735701892,0.0,0.0,0.0,0.0890312949185183,0.0,0.0,0.008329817387376464,0.0,0.0,0.012687855292028425,0.0,0.27623175848269416,0.0,0.0,0.0,0.14616951240631287,0.0,0.0,0.023144862880898735,0.0,0.0,0.0,0.0,0.0,0.0,0.0,0.0,0.0
2010-11-05,0.0,0.0525624413239148,0.0,0.012687855292028425,0.0,0.2854421760026143,0.07828908735701892,0.0,0.0,0.004152835304643687,0.0836904523134281,0.0,0.0,0.011189746804837645,0.0,0.0,0.012687855292028425,0.0,0.277385350307612,0.0,0.0,0.002310080529739518,0.14669514359537222,0.0,0.0,0.03290697587676193,0.0,0.0,0.0,0.0,0.0,0.0,0.0,0.0,0.0
2010-11-12,0.0,0.07249441005162088,0.0,0.015166915108920797,0.0,0.2876465343214328,0.07828908735701892,0.0,0.0,0.008780363227293269,0.0656012320649905,0.0,0.0,0.008948101583245908,0.0,0.0,0.012687855292028425,0.0,0.2632997364755656,0.0,0.0,0.005715784122428343,0.14750677615742305,0.0,0.0,0.0338632042380315,0.0,0.0,0.0,0.0,0.0,0.0,0.0,0.0,0.0
2010-11-19,0.0,0.06359941573915809,0.0,0.024091906452376487,0.0,0.28538880117049914,0.07828908735701892,0.0,0.0,0.005873304744468825,0.0656012320649905,0.0,0.0,0.016211871660829595,0.0,0.0,0.012687855292028425,0.0,0.2515730118999748,0.0,0.0,0.012862476978105396,0.1464302321121057,0.0,0.0,0.03739080452844413,0.0,0.0,0.0,0.0,0.0,0.0,0.0,0.0,0.0
2010-11-26,0.005497454110248157,0.09214370029472534,0.0,0.02518305414422984,0.0,0.24925790784392815,0.06986840377637574,0.0,0.0,0.010578037650895286,0.05792551114286492,0.0,0.0,0.020859028581886315,0.0,0.0,0.011942892633510817,0.0,0.11016849634056172,0.0,0.0,0.016312374593085065,0.2295720626060137,0.0,0.0,0.10069107628167515,0.0,0.0,0.0,0.0,0.0,0.0,0.0,0.0,0.0
2010-12-03,0.005497454110247935,0.09694622557596634,0.0,0.019472350785312873,0.0,0.2547063619441414,0.06986840377637574,0.0,0.0,0.005378429690752368,0.05792551114286492,0.0,0.0,0.025759600057639626,0.0,0.0,0.011942892633510817,0.0,0.11016849634056172,0.0,0.0,0.010846225000516178,0.227288738019092,0.0,0.0,0.10419931092301804,0.0,0.0,0.0,0.0,0.0,0.0,0.0,0.0,0.0
2010-12-10,0.005497454110247935,0.0981971462987821,0.0,0.017828108438114807,0.0,0.25611545100080496,0.06986840377637574,0.0,0.0,0.00972104045734886,0.05792551114286492,0.0,0.0,0.019950702962501832,0.0,0.0,0.011942892633510817,0.0,0.11016849634056172,0.0,0.0,0.009212502267033311,0.2296429724330554,0.0,0.0,0.1039293181387976,0.0,0.0,0.0,0.0,0.0,0.0,0.0,0.0,0.0
2010-12-17,0.005497454110247935,0.09211226906155004,0.0,0.014778156063471291,0.0,0.27648367835055465,0.06986840377637574,0.0,0.0,0.010827485383278474,0.05792551114286492,0.0,0.0,0.024428886280759475,0.0,0.0,0.011942892633510817,0.0,0.11016849634056172,0.0,0.0,0.004704541806165251,0.2188934685027638,0.0,0.0,0.10236875654789587,0.0,0.0,0.0,0.0,0.0,0.0,0.0,0.0,0.0
2010-12-24,0.005497454110247824,0.09527863286713815,0.0,0.019089784087189737,0.0,0.27931257600073706,0.06986840377637574,0.0,0.0,0.01189643744001726,0.05792551114286492,0.0,0.0,0.01857609287210243,0.0,0.0,0.013157600083058215,0.0,0.11016849634056172,0.0,0.0,0.009147821136484158,0.2100098709412474,0.0,0.0,0.10007131920197529,0.0,0.0,0.0,0.0,0.0,0.0,0.0,0.0,0.0
2010-12-31,0.0,0.07519038852989758,0.0,0.015182211032125675,0.0,0.2969581609674373,0.08155630493057293,0.0,0.0,0.017619698849449056,0.06637409389844726,0.0,0.0,0.023604279271028476,0.0,0.0,0.018872184523058565,0.0,0.16870791509713726,0.0,0.0,0.0,0.21256167134206805,0.0,0.0,0.0233730915587778,0.0,0.0,0.0,0.0,0.0,0.0,0.0,0.0,0.0
2011-01-07,0.0,0.07718979807797614,0.0,0.015182211032125675,0.0,0.28704955848755975,0.08155630493057293,0.0,0.0,0.02083482373608705,0.06637409389844726,0.0,0.0,0.02284692982504601,0.0,0.0,0.019909004196447422,0.0,0.16870791509713726,0.0,0.0,0.0011556722310109028,0.21425325786948518,0.0,0.0,0.02494043061810444,0.0,0.0,0.0,0.0,0.0,0.0,0.0,0.0,0.0
2011-01-14,0.0,0.07411277695857302,0.0,0.015182211032125675,0.0,0.2750803826155134,0.08155630493057293,0.0,0.0,0.032100371515886954,0.06637409389844726,0.0,0.0,0.029621898914089496,0.0,0.0,0.027837553817514245,0.0,0.16870791509713726,0.0,0.0,0.0,0.20931074027268148,0.0,0.0,0.020115750947458256,0.0,0.0,0.0,0.0,0.0,0.0,0.0,0.0,0.0
2011-01-21,0.0,0.08343880248427792,0.0,0.015182211032125675,0.0,0.27035065412486436,0.08155630493057293,0.0,0.0,0.030606525001515807,0.06637409389844726,0.0,0.0,0.023207144277053813,0.0,0.0,0.031871239329456125,0.0,0.16870791509713726,0.0,0.0,0.0,0.20601351631726977,0.0,0.0,0.022691593507279093,0.0,0.0,0.0,0.0,0.0,0.0,0.0,0.0,0.0
2011-01-28,0.01273078233318059,0.08222527755313368,0.0,0.014441321162878362,0.0,0.35,0.07224998241705129,0.0,0.0,0.07551898522793206,0.05780866125417293,0.0,0.0,0.022019902908499426,0.0,0.0,0.08185313216900812,0.0,0.0,0.0,0.0,0.0,0.14008953057628304,0.0,0.0,0.09106242439786044,0.0,0.0,0.0,0.0,0.0,0.0,0.0,0.0,0.0
2011-02-04,0.016388377170333035,0.08315418064629172,0.0,0.014441321162878362,0.0,0.35,0.07224998241705129,0.0,0.0,0.07318539922403489,0.05780866125417293,0.0,0.0,0.019422723236830995,0.0,0.0,0.0754430259111726,0.0,0.0,0.0,0.0,0.0,0.14232716786912253,0.0,0.0,0.09557916110811163,0.0,0.0,0.0,0.0,0.0,0.0,0.0,0.0,0.0
2011-02-11,0.0026078794373323166,0.07926248538154348,0.0,0.014441321162878362,0.0017508279332053719,0.3411060847696203,0.07224998241705129,0.0,0.0,0.08537380874732707,0.05780866125417293,0.0,0.0,0.035964755591166526,0.0,0.0,0.07394818996997074,0.0,0.0,0.0,0.0,0.0,0.1389947709662904,0.0,0.0,0.09649123236944124,0.0,0.0,0.0,0.0,0.0,0.0,0.0,0.0,0.0
2011-02-18,0.0026078794373323166,0.07941775137536777,0.0,0.018371421344980682,0.0,0.33049614075026423,0.07224998241705129,0.0,0.0,0.08335891533767753,0.05780866125417293,0.0,0.0,0.03375375030420726,0.0,0.0,0.08094731865849689,0.0,0.0,0.0,0.0,0.006563647984029432,0.1389947709662904,0.0,0.0,0.09542976017012927,0.0,0.0,0.0,0.0,0.0,0.0,0.0,0.0,0.0
2011-02-25,0.010935360480458511,0.0862259213185598,0.0,0.020243561016671283,0.0,0.265521199815128,0.06823217548767896,0.0,0.0,0.08115722478498945,0.05409114948690803,0.0,0.0,0.03508736623975207,0.0,0.0,0.14545947919208688,0.0,0.0,0.0,0.0,0.010998615293862103,0.13499544490069781,0.0,0.0,0.087052501983207,0.0,0.0,0.0,0.0,0.0,0.0,0.0,0.0,0.0
2011-03-04,0.010935360480458733,0.08360705824610565,0.0,0.02919614956055606,0.0,0.265521199815128,0.06823217548767896,0.0,0.0,0.07987060469701417,0.05409114948690803,0.0,0.0,0.03144434190230286,0.0,0.0,0.1416767877758567,0.0,0.0,0.0,0.0,0.01742927077334856,0.1372435431245515,0.0,0.0,0.08075235865009091,0.0,0.0,0.0,0.0,0.0,0.0,0.0,0.0,0.0
2011-03-11,0.010935360480458622,0.08050269712534802,0.0,0.02887026419564903,0.008045400049388881,0.265521199815128,0.06823217548767896,0.0,0.0,0.07966903570645453,0.05409114948690803,0.0,0.0,0.030435122495175656,0.0,0.0,0.1417626409678187,0.0,0.0,0.0,0.0,0.017033823231322905,0.13509302969476,0.0,0.0,0.07980810126390872,0.0,0.0,0.0,0.0,0.0,0.0,0.0,0.0,0.0
2011-03-18,0.010935360480458622,0.0855796510709618,0.0,0.020105443309012653,0.0034511795542331546,0.265521199815128,0.06823217548767896,0.0,0.0,0.08159907056296295,0.05409114948690803,0.0,0.0,0.03109246222777502,0.0,0.0,0.14572041567026456,0.0,0.0,0.0,0.0,0.008351482172990726,0.14551230889771682,0.0,0.0,0.07980810126390872,0.0,0.0,0.0,0.0,0.0,0.0,0.0,0.0,0.0
2011-03-25,0.19228404741102922,0.07323214692262064,0.0,0.06454917862511189,0.052507647042080496,0.0794586936054395,0.06708992494274146,0.0,0.0,0.03033043245071226,0.05290852272797756,0.0,0.0,0.02929216813576692,0.0,0.0,0.19594237266461484,0.0,0.0,0.0,0.0,0.011726188539808526,0.13649727471733283,0.0,0.0,0.014181402214763907,0.0,0.0,0.0,0.0,0.0,0.0,0.0,0.0,0.0
2011-04-01,0.1922840474110291,0.07334792417212246,0.0,0.06162181066215923,0.04957630992293792,0.0794586936054395,0.06708992494274146,0.0,0.0,0.03235663169692293,0.05290852272797756,0.0,0.0,0.027530090854715444,0.0,0.0,0.1977320162309152,0.0,0.0,0.0,0.0,0.008292734337662326,0.14361989122061292,0.0,0.0,0.014181402214763907,0.0,0.0,0.0,0.0,0.0,0.0,0.0,0.0,0.0
2011-04-08,0.19228404741102922,0.07887047990778989,0.0,0.06168023283954144,0.04390814840505327,0.0794586936054395,0.06708992494274146,0.0,0.0,0.03220666445363757,0.05290852272797756,0.0,0.0,0.032488937595414366,0.0,0.0,0.1977956964488348,0.0,0.0,0.0,0.0,0.006036244484223518,0.14109100496355356,0.0,0.0,0.014181402214763907,0.0,0.0,0.0,0.0,0.0,0.0,0.0,0.0,0.0
2011-04-15,0.19228404741102922,0.07771591038993657,0.0,0.058089550619817173,0.04390814840505327,0.0912516272083861,0.06708992494274146,0.0,0.0,0.026729097867845664,0.05290852272797756,0.0,0.0,0.027925831153326943,0.0,0.0,0.19395146986719405,0.0,0.0,0.0,0.0,0.0011838831925484626,0.15278058399937963,0.0,0.0,0.014181402214763907,0.0,0.0,0.0,0.0,0.0,0.0,0.0,0.0,0.0
2011-04-22,0.19228404741102922,0.07867207289823386,0.0,0.058089550619817173,0.04390814840505327,0.10940558649264562,0.0699882907571471,0.0,0.0,0.03212069181846353,0.05290852272797756,0.0,0.0,0.006564709004024745,0.0,0.0,0.19098032661476635,0.0,0.0,0.0,0.0,0.0,0.1508966510360777,0.0,0.0,0.014181402214763907,0.0,0.0,0.0,0.0,0.0,0.0,0.0,0.0,0.0
2011-04-29,0.0,0.09249759293225922,0.0,0.015041414893128985,0.0,0.2726421564236768,0.17741395645856464,0.0,0.0,0.031672958453954965,0.06658119553835395,0.0,0.0,0.016917381152206777,0.0,0.0,0.08435524660277342,0.0,0.0,0.0,0.0,0.0,0.15730168766412544,0.0,0.0,0.08557640988095584,0.0,0.0,0.0,0.0,0.0,0.0,0.0,0.0,0.0
2011-05-06,1.1102230246251565e-16,0.08542096814045602,0.0,0.015041414893128985,0.0,0.2514246570425682,0.17741395645856464,0.0,0.0,0.04103013444337279,0.06658119553835395,0.0,0.0,0.020837770740082626,0.0,0.0,0.08723874940355607,0.0,0.0,0.0,0.0,0.0,0.15278499216302233,0.0,0.0,0.10222616117689433,0.0,0.0,0.0,0.0,0.0,0.0,0.0,0.0,0.0
2011-05-13,0.0,0.08487880128088354,0.0,0.01647636585916089,0.0,0.26626517064771715,0.17741395645856464,0.0,0.0,0.0388746767684856,0.06658119553835395,0.0,0.0,0.01139859391727585,0.0,0.0,0.07316767895829733,0.0,0.0,0.0,0.0,0.004236580634296696,0.15120817617775892,0.0,0.0,0.10949880375920541,0.0,0.0,0.0,0.0,0.0,0.0,0.0,0.0,0.0
2011-05-20,0.0,0.07511403146094735,0.0,0.02437896697586439,0.0,0.26782668191657716,0.17741395645856464,0.0,0.0,0.03584973564802318,0.06658119553835395,0.0,0.0,0.004489875719701678,0.0,0.0,0.07316767895829733,0.0,0.0,0.0,0.0,0.011822456771503873,0.15120817617775892,0.0,0.0,0.11214724437440746,0.0,0.0,0.0,0.0,0.0,0.0,0.0,0.0,0.0
2011-05-27,0.19256825886683704,0.09972472429372245,0.0,0.11872425330307196,0.0,0.030095752536941113,0.07931634634776172,0.0,0.0,0.0344306256097141,0.06646147250837489,0.0,0.0,0.024300457265072732,0.0,0.0,0.012854873839386825,0.0,0.012854873839386825,0.0,0.0,0.03918099610415819,0.15036417884851572,0.0,0.0,0.1391231866370564,0.0,0.0,0.0,0.0,0.0,0.0,0.0,0.0,0.0
2011-06-03,0.19256825886683715,0.09596393529818498,0.0,0.12907682290581837,0.0,0.02405739009562098,0.07931634634776172,0.0,0.0,0.029800944688047816,0.06646147250837489,0.0,0.0,0.018864672486885038,0.0,0.0,0.014570604526772932,0.0,0.012854873839386825,0.0,0.0,0.054115302615000846,0.14860511741224453,0.0,0.0,0.1337442584090639,0.0,0.0,0.0,0.0,0.0,0.0,0.0,0.0,0.0
2011-06-10,0.19256825886683715,0.09596393529818498,0.0,0.12434265421361174,0.0,0.012854873839386825,0.07931634634776172,0.0,0.0,0.03227135476736369,0.06646147250837489,0.0,0.0,0.02813429580214792,0.0,0.0,0.04036027257926547,0.0,0.012854873839386825,0.0,0.0,0.04445667620193343,0.1530416902142656,0.0,0.0,0.11737329552147979,0.0,0.0,0.0,0.0,0.0,0.0,0.0,0.0,0.0
2011-06-17,0.19256825886683704,0.09596393529818498,0.0,0.11164610769367972,0.0,0.0176069696153374,0.07931634634776172,0.0,0.0,0.03819766157608669,0.06646147250837489,0.0,0.0,0.0307287769334863,0.0,0.0,0.03913524877100247,0.0,0.012854873839386825,0.0,0.0,0.03099547422711368,0.17287876662906854,0.0,0.0,0.11164610769367972,0.0,0.0,0.0,0.0,0.0,0.0,0.0,0.0,0.0
2011-06-24,0.19724628763799523,0.039613055807338586,0.0,0.11893036133034798,0.0,0.03362506404662795,0.07211736827331197,0.0,0.0,0.03458007680096095,0.057719587904093844,0.0,0.0,0.0285668797045844,0.0,0.0,0.19781297101173553,0.0,0.014397780369218129,0.0,0.0,0.039613055807338586,0.16577751130644675,0.0,0.0,0.0,0.0,0.0,0.0,0.0,0.0,0.0,0.0,0.0,0.0
2011-07-01,0.19724628763799534,0.039613055807338586,0.0,0.11893036133034798,0.0,0.04078122764457504,0.07211736827331197,0.0,0.0,0.036169319738372646,0.057719587904093844,0.0,0.0,0.012460764900035193,0.0,0.0,0.18943879979735057,0.0,0.014397780369218129,0.0,0.0,0.04101987102581719,0.18010557557154352,0.0,0.0,0.0,0.0,0.0,0.0,0.0,0.0,0.0,0.0,0.0,0.0
2011-07-08,0.19724628763799523,0.039613055807338586,0.0,0.12013852728767627,0.0,0.05522590366803862,0.07211736827331197,0.0,0.0,0.021136395044666557,0.057719587904093844,0.0,0.0,0.01982342383672984,0.0,0.0,0.1904272639403709,0.0,0.014397780369218129,0.0,0.0,0.045455632316216465,0.16669877391434354,0.0,0.0,0.0,0.0,0.0,0.0,0.0,0.0,0.0,0.0,0.0,0.0
2011-07-15,0.19724628763799534,0.059659932866804474,0.0,0.11893036133034798,0.0,0.061664460967614014,0.07211736827331197,0.0,0.0,0.01596794981039661,0.057719587904093844,0.0,0.0,0.011666731562014926,0.0,0.0,0.18506331681064253,0.0,0.014397780369218129,0.0,0.0,0.039613055807338586,0.16595316666022164,0.0,0.0,0.0,0.0,0.0,0.0,0.0,0.0,0.0,0.0,0.0,0.0
2011-07-22,0.19724628763799545,0.04162947965819002,0.0,0.11893036133034798,0.0,0.06552020933931044,0.07211736827331197,0.0,0.0,0.020752327811975172,0.057719587904093844,0.0,0.0,0.006824849859777956,0.0,0.0,0.1888876523199392,0.0,0.014397780369218129,0.0,0.0,0.039613055807338586,0.17636103968850136,0.0,0.0,0.0,0.0,0.0,0.0,0.0,0.0,0.0,0.0,0.0,0.0
2011-07-29,0.05606098374877955,0.040413161304788996,0.0,0.013884662602588879,0.0,0.35,0.0783527833991131,0.0,0.0,0.03166611688746823,0.06446812079652423,0.0,0.0,0.0,0.0,0.0,0.12029054054596915,0.0,0.013884662602588879,0.0,0.0,0.0,0.2170943055095902,0.0,0.0,0.013884662602588879,0.0,0.0,0.0,0.0,0.0,0.0,0.0,0.0,0.0
2011-08-05,0.03854362936796141,0.040413161304788996,0.0,0.013884662602588879,0.0,0.35,0.0783527833991131,0.0,0.0,0.03370213463036073,0.06446812079652423,0.0,0.0,0.017709029942794878,0.0,0.0,0.1326985379329737,0.0,0.013884662602588879,0.0,0.0,0.0,0.20245861481771635,0.0,0.0,0.013884662602588879,0.0,0.0,0.0,0.0,0.0,0.0,0.0,0.0,0.0
2011-08-12,0.046700079254230475,0.040413161304788996,0.0,0.013884662602588879,0.0,0.35,0.0783527833991131,0.0,0.0,0.02356247839680861,0.06446812079652423,0.0,0.0,0.022749386965277882,0.0,0.0,0.12816424706275723,0.0,0.013884662602588879,0.0,0.0,0.0,0.2039357550127329,0.0,0.0,0.013884662602588879,0.0,0.0,0.0,0.0,0.0,0.0,0.0,0.0,0.0
2011-08-19,0.04249686441054934,0.046424363246305465,0.0,0.013884662602588879,0.0,0.35,0.0783527833991131,0.0,0.0,0.02436187955755839,0.06446812079652423,0.0,0.0,0.020814268712170653,0.0,0.0,0.12772064651981427,0.0,0.013884662602588879,0.0,0.0,0.0,0.2037070855501979,0.0,0.0,0.013884662602588879,0.0,0.0,0.0,0.0,0.0,0.0,0.0,0.0,0.0
2011-08-26,0.5999999999999999,0.0,0.0,0.0,0.0,0.13784313014118948,0.07230794772156632,0.0,0.0,0.007564111621834437,0.0,0.0,0.0,0.007584834879609056,0.0,0.0,0.07134907997348636,0.0,0.02676604930135283,0.0,0.0,0.0,0.07658484636096155,0.0,0.0,0.0,0.0,0.0,0.0,0.0,0.0,0.0,0.0,0.0,0.0
2011-09-02,0.5999999999999999,0.0,0.0,0.0,0.0031431808667500734,0.13688743732554426,0.07230794772156632,0.0,0.0,0.004808941229367215,0.0,0.0,0.0,0.008879010344790016,0.0,0.0,0.068296718340838,0.0,0.02676604930135283,0.0,0.0,0.0,0.07415889303649606,0.0,0.0,0.004751821833295261,0.0,0.0,0.0,0.0,0.0,0.0,0.0,0.0,0.0
2011-09-09,0.6,0.005420975317682926,0.0,0.0,0.0,0.1306529755193685,0.0739034020988982,0.0,0.0,0.0,0.018149579790234353,0.0,0.0,0.003096321182025444,0.0,0.0,0.06701036985800052,0.0,0.034756006375789565,0.0,0.0,0.0,0.06701036985800052,0.0,0.0,0.0,0.0,0.0,0.0,0.0,0.0,0.0,0.0,0.0,0.0
2011-09-16,0.6,0.0067779588431940915,0.0,0.0,0.0,0.1304823972625479,0.07230794772156632,0.0,0.0,0.0,0.017771626091193,0.0,0.0,0.002990749570447061,0.0,0.0,0.06701036985800052,0.0,0.03545307672891515,0.0,0.0,0.0,0.06720587392413596,0.0,0.0,0.0,0.0,0.0,0.0,0.0,0.0,0.0,0.0,0.0,0.0
2011-09-23,0.5999999999999999,0.007542658199202755,0.0,0.0,0.0,0.12902881380390552,0.0761298384912202,0.0,0.0,0.0,0.01744528430441246,0.0,0.0,0.00021108464335743853,0.0,0.0,0.06701036985800052,0.0,0.034699364330019765,0.0,0.0,0.0,0.06793258636988138,0.0,0.0,0.0,0.0,0.0,0.0,0.0,0.0,0.0,0.0,0.0,0.0
2011-09-30,0.5999999999999999,0.0543832954799696,0.0,0.0,0.0,0.1132492269170948,0.05843169215342899,0.0,0.0,0.0,0.07479068855207646,0.0,0.0,0.001987952761834396,0.0,0.0,0.0,0.0,0.07888719638615627,0.0,0.0,0.0,0.018269947749439557,0.0,0.0,0.0,0.0,0.0,0.0,0.0,0.0,0.0,0.0,0.0,0.0
2011-10-07,0.6,0.05343591565860174,0.0,0.0,0.0,0.11258427800665068,0.06071867281151999,0.0,0.0,0.0,0.0771778383919983,0.0,0.0,0.0007649944975143718,0.0,0.0,0.0,0.0,0.07808525252178376,0.0,0.0,0.0,0.01723304811193121,0.0,0.0,0.0,0.0,0.0,0.0,0.0,0.0,0.0,0.0,0.0,0.0
2011-10-14,0.5999999999999999,0.051222788442996735,0.0,0.0,0.0,0.11367612884744821,0.059206197663445204,0.0,0.0,0.0,0.08029678273838711,0.0,0.0,0.0007273087622022648,0.0,0.0,0.0,0.0,0.07786902145727415,0.0,0.0,0.0,0.017001772088246388,0.0,0.0,0.0,0.0,0.0,0.0,0.0,0.0,0.0,0.0,0.0,0.0
2011-10-21,0.6,0.04753763039992982,0.0,0.0,0.0,0.11498207948269934,0.056356680153166146,0.0,0.0,0.0,0.08086428922785006,0.0,0.0,0.003670258854766169,0.0,0.0,0.0,0.0,0.0793275930100684,0.0,0.0,0.0,0.01726146887152012,0.0,0.0,0.0,0.0,0.0,0.0,0.0,0.0,0.0,0.0,0.0,0.0
2011-10-28,0.5999999999999999,0.04540889345101096,0.0,0.0,0.0,0.10231938547227455,0.0468474957481395,0.0,0.0,0.0,0.09666462690611885,0.0,0.0,0.0025760075700455394,0.0,0.0,0.0,0.0,0.10618359085241065,0.0,0.0,0.0,0.0,0.0,0.0,0.0,0.0,0.0,0.0,0.0,0.0,0.0,0.0,0.0,0.0
2011-11-04,0.6,0.04540889345101096,0.0,0.0,0.0,0.10417793136000332,0.04565537116073075,0.0,0.0,0.0,0.09668342910900538,0.0,0.0,0.002054588883632993,0.0,0.0,0.0,0.0,0.10601978603561664,0.0,0.0,0.0,0.0,0.0,0.0,0.0,0.0,0.0,0.0,0.0,0.0,0.0,0.0,0.0,0.0
2011-11-11,0.6,0.04540889345101096,0.0,0.0,0.0,0.10497665017825093,0.043178490578133014,0.0,0.0,0.0,0.0956359643535522,0.0,0.0,0.0024312687917282384,0.0,0.0,0.0,0.0,0.10836873264732468,0.0,0.0,0.0,0.0,0.0,0.0,0.0,0.0,0.0,0.0,0.0,0.0,0.0,0.0,0.0,0.0
2011-11-18,0.6,0.04540889345101096,0.0,0.0,0.0,0.1051178190749895,0.04473218660499076,0.0,0.0,0.0,0.08766283971855934,0.0,0.0,0.008180369824288339,0.0,0.0,0.0,0.0,0.10889789132616114,0.0,0.0,0.0,0.0,0.0,0.0,0.0,0.0,0.0,0.0,0.0,0.0,0.0,0.0,0.0,0.0
2011-11-25,0.19999999999999996,0.0,0.0,0.0,0.0,0.2452760091944927,0.037574044141777396,0.0,0.0,0.0,0.1536131150953879,0.0,0.0,0.08023289846355758,0.0,0.0,0.0035339833638896724,0.0,0.2540810246800065,0.0,0.0,0.0,0.02568892506088829,0.0,0.0,0.0,0.0,0.0,0.0,0.0,0.0,0.0,0.0,0.0,0.0
2011-12-02,0.19999999999999996,0.0,0.0,0.0,0.0,0.24842462025395629,0.03737724388148735,0.0,0.0,0.0,0.15252581880196034,0.0,0.0,0.08053658796464133,0.0,0.0,0.001953731919489807,0.0,0.250721346856055,0.0,0.0,0.0,0.028460650322409894,0.0,0.0,0.0,0.0,0.0,0.0,0.0,0.0,0.0,0.0,0.0,0.0
2011-12-09,0.20000000000000007,0.0,0.0,0.0,0.0,0.24251619940275154,0.041003091690563154,0.0,0.0,0.0,0.16343428483520614,0.0,0.0,0.07419108134739735,0.0,0.0,0.0005484540433357069,0.0,0.24837829510585438,0.0,0.0,0.0,0.02992859357489168,0.0,0.0,0.0,0.0,0.0,0.0,0.0,0.0,0.0,0.0,0.0,0.0
2011-12-16,0.20000000000000007,0.0,0.0,0.0,0.0,0.24841977763593154,0.03761695650415675,0.0,0.0,0.0,0.14690011232465633,0.0,0.0,0.07778715909261123,0.0,0.0,0.0038908622089518013,0.0,0.25766073373703713,0.0,0.0,0.0,0.027724398496655173,0.0,0.0,0.0,0.0,0.0,0.0,0.0,0.0,0.0,0.0,0.0,0.0
2011-12-23,0.19999999999999996,0.0,0.0,0.0,0.0,0.24457033969867015,0.03736607030144403,0.0,0.0,0.0,0.17045549808284674,0.0,0.0,0.07091502143567445,0.0,0.0,0.0,0.0,0.25100414542047633,0.0,0.0,0.0,0.02568892506088829,0.0,0.0,0.0,0.0,0.0,0.0,0.0,0.0,0.0,0.0,0.0,0.0
2011-12-30,0.1265016565885605,0.0,0.0,0.0,0.0,0.19516866305042047,0.16610526058784947,0.0,0.0,0.0,0.22054234146393625,0.0,0.0,0.0,0.0,0.0,0.029057039279302612,0.0,0.23356799975062817,0.0,0.0,0.0,0.029057039279302612,0.0,0.0,0.0,0.0,0.0,0.0,0.0,0.0,0.0,0.0,0.0,0.0
2012-01-06,0.1265016565885605,0.0,0.0,0.0,0.0,0.19533943854882696,0.17042060188113647,0.0,0.0,0.0,0.2095831159152315,0.0,0.0,0.006990414928738743,0.0,0.0,0.029057039279302612,0.0,0.23305069357890065,0.0,0.0,0.0,0.029057039279302612,0.0,0.0,0.0,0.0,0.0,0.0,0.0,0.0,0.0,0.0,0.0,0.0
2012-01-13,0.12650165658856038,0.0,0.0,0.0,0.0,0.19390091937389645,0.16975269629936982,0.0,0.0,0.0,0.21852270426571513,0.0,0.0,0.0,0.0,0.0,0.029057039279302612,0.0,0.2277471975596889,0.0,0.0,0.0,0.0345177866334667,0.0,0.0,0.0,0.0,0.0,0.0,0.0,0.0,0.0,0.0,0.0,0.0
2012-01-20,0.12650165658856038,0.0,0.0,0.0,0.0,0.18585185778103774,0.1806736102906187,0.0,0.0,0.0,0.21921624333369288,0.0,0.0,0.0,0.0,0.0,0.029057039279302612,0.0,0.22460840735388823,0.0,0.0,0.0,0.03409118537289942,0.0,0.0,0.0,0.0,0.0,0.0,0.0,0.0,0.0,0.0,0.0,0.0
2012-01-27,0.14298382111247132,0.0,0.0,0.0,0.0,0.20512143336034006,0.1692399610349276,0.0,0.0,0.0,0.18534818638895495,0.0,0.0,0.0,0.0,0.0,0.019590001013026173,0.0,0.21827461320731656,0.0,0.0,0.0,0.05944198388296335,0.0,0.0,0.0,0.0,0.0,0.0,0.0,0.0,0.0,0.0,0.0,0.0
2012-02-03,0.14298382111247143,0.0,0.0,0.0,0.0,0.19877807105580597,0.17540373039749796,0.0,0.0,0.0,0.1890308561875516,0.0,0.0,0.0,0.0,0.0,0.019590001013026173,0.0,0.21829110334789076,0.0,0.0,0.0,0.055922416885756145,0.0,0.0,0.0,0.0,0.0,0.0,0.0,0.0,0.0,0.0,0.0,0.0
2012-02-10,0.14298382111247132,0.0,0.0,0.0,0.0,0.20635796727504985,0.16412886770573604,0.0,0.0,0.0,0.1722999314761709,0.0,0.0,0.0029054481107284257,0.0,0.0,0.020649271710827442,0.0,0.2280582248457565,0.0,0.0,0.0,0.06261646776325952,0.0,0.0,0.0,0.0,0.0,0.0,0.0,0.0,0.0,0.0,0.0,0.0
2012-02-17,0.14298382111247143,0.0,0.0,0.0,0.0,0.20148501233832855,0.1648122513632015,0.0,0.0,0.0,0.18976015068470875,0.0,0.0,0.0,0.0,0.0,0.019590001013026173,0.0,0.22070809917232553,0.0,0.0,0.0,0.06066066431593813,0.0,0.0,0.0,0.0,0.0,0.0,0.0,0.0,0.0,0.0,0.0,0.0
2012-02-24,0.37186459556885154,0.0,0.0,0.00954017367247995,0.0,0.1016041421379966,0.09302941621935829,0.0,0.0,0.009957532149722668,0.09206396846551665,0.0,0.0,0.04980357512403321,0.0,0.0,0.04206947357680478,0.0,0.17166939894972222,0.0,0.0,0.0,0.04885755046303407,0.0,0.0,0.00954017367247995,0.0,0.0,0.0,0.0,0.0,0.0,0.0,0.0,0.0
2012-03-02,0.37186459556885176,0.0,0.0,0.00954017367247995,0.0,0.12405449763377951,0.10589637465924567,0.0,0.0,0.021961670443009926,0.09206396846551665,0.0,0.0,0.03702083056625498,0.0,0.0,0.022354757213925013,0.0,0.15558462562680286,0.0,0.0,0.0,0.05011833247765379,0.0,0.0,0.00954017367247995,0.0,0.0,0.0,0.0,0.0,0.0,0.0,0.0,0.0
2012-03-09,0.37186459556885165,0.0,0.0,0.00954017367247995,0.0,0.10288229817801917,0.09001310368308385,0.0,0.0,0.02739479129429205,0.12485173970176514,0.0,0.0,0.04243939499581315,0.0,0.0,0.030388439741894042,0.0,0.1422609200755976,0.0,0.0,0.0,0.048824369415723406,0.0,0.0,0.00954017367247995,0.0,0.0,0.0,0.0,0.0,0.0,0.0,0.0,0.0
2012-03-16,0.37186459556885176,0.0,0.0,0.00954017367247995,0.0,0.1147801663642334,0.09001310368308385,0.0,0.0,0.02280869613882425,0.09720144727974221,0.0,0.0,0.051830591920325415,0.0,0.0,0.03779770646523689,0.0,0.14663559916316443,0.0,0.0,0.0,0.047987746071577964,0.0,0.0,0.00954017367247995,0.0,0.0,0.0,0.0,0.0,0.0,0.0,0.0,0.0
2012-03-23,0.37186459556885165,0.0,0.0,0.00954017367247995,0.0,0.12798852367861252,0.09001310368308385,0.0,0.0,0.03419891782547309,0.09206396846551665,0.0,0.0,0.055954980391143064,0.0,0.0,0.046154575097676176,0.0,0.11684217263986085,0.0,0.0,0.0,0.04583881530482227,0.0,0.0,0.00954017367247995,0.0,0.0,0.0,0.0,0.0,0.0,0.0,0.0,0.0
2012-03-30,1.1102230246251565e-16,0.0,0.0,0.011430748854836394,0.0,0.13141695116896995,0.05930312927364017,0.0,0.0,0.01928974180052021,0.17678479365523497,0.0,0.0,0.19806091779809298,0.0,0.0,0.030200229223398302,0.0,0.1905572520322194,0.0,0.0,0.0,0.16750398911276582,0.0,0.0,0.015452247080321616,0.0,0.0,0.0,0.0,0.0,0.0,0.0,0.0,0.0
2012-04-06,2.220446049250313e-16,0.0,0.0,0.011430748854836394,0.0,0.11749975969912198,0.05930312927364017,0.0,0.0,0.0,0.17678479365523497,0.0,0.0,0.19541088579841154,0.0,0.0,0.04502951864470264,0.0,0.19940471647995192,0.0,0.0,0.0,0.15942728347851878,0.0,0.0,0.03570916411558141,0.0,0.0,0.0,0.0,0.0,0.0,0.0,0.0,0.0
2012-04-13,2.220446049250313e-16,0.0,0.0,0.011430748854836394,0.0,0.10765282537698638,0.05930312927364017,0.0,0.0,0.012034981732759112,0.19997221155226852,0.0,0.0,0.17630711451712772,0.0,0.0,0.0333668823301766,0.0,0.2144259338796838,0.0,0.0,0.0,0.17153587189289407,0.0,0.0,0.013970300589627045,0.0,0.0,0.0,0.0,0.0,0.0,0.0,0.0,0.0
2012-04-20,2.220446049250313e-16,0.0,0.0,0.011430748854836394,0.0,0.08007704021974421,0.0684298999539272,0.0,0.0,0.016109254844518913,0.17678479365523497,0.0,0.0,0.20061085184706506,0.0,0.0,0.054338205134906704,0.0,0.1904037716743859,0.0,0.0,0.0,0.19038468496054398,0.0,0.0,0.011430748854836394,0.0,0.0,0.0,0.0,0.0,0.0,0.0,0.0,0.0
2012-04-27,2.220446049250313e-16,0.0,0.0,0.01147575990022671,0.0,0.0404538240468633,0.12966443161831936,0.0,0.0,0.013580313409705017,0.16297835698181762,0.0,0.0,0.28876921890488894,0.0,0.0,0.04646126759844004,0.0,0.2033870929451092,0.0,0.0,0.0,0.0917539746944029,0.0,0.0,0.01147575990022671,0.0,0.0,0.0,0.0,0.0,0.0,0.0,0.0,0.0
2012-05-04,1.1102230246251565e-16,0.0,0.0,0.01147575990022671,0.0,0.0404538240468633,0.12966443161831936,0.0,0.0,0.008281748381639175,0.18070534246762646,0.0,0.0,0.2859438035604742,0.0,0.0,0.04586538978992901,0.0,0.1944054273209808,0.0,0.0,0.0,0.09172851301371411,0.0,0.0,0.01147575990022671,0.0,0.0,0.0,0.0,0.0,0.0,0.0,0.0,0.0
2012-05-11,2.220446049250313e-16,0.0,0.0,0.01147575990022671,0.0,0.0404538240468633,0.1384842662511644,0.0,0.0,0.006967061967715427,0.15864249576495595,0.0,0.0,0.29441611495721387,0.0,0.0,0.05175713722975097,0.0,0.18550672148817104,0.0,0.0,0.0,0.10082085849371143,0.0,0.0,0.01147575990022671,0.0,0.0,0.0,0.0,0.0,0.0,0.0,0.0,0.0
2012-05-18,1.1102230246251565e-16,0.0,0.0,0.01147575990022671,0.0,0.0404538240468633,0.14431370537741603,0.0,0.0,0.0,0.18041246874437222,0.0,0.0,0.2787848263967881,0.0,0.0,0.035521863790604354,0.0,0.2040490619473435,0.0,0.0,0.0,0.09351272989615887,0.0,0.0,0.01147575990022671,0.0,0.0,0.0,0.0,0.0,0.0,0.0,0.0,0.0
2012-05-25,0.08685771592229852,0.0,0.0,0.0,0.0,0.0,0.08547651788300945,0.0,0.0,0.01025462576026901,0.2049528392087314,0.0,0.0,0.11622382932827041,0.0,0.0,0.12119466643589501,0.0,0.23764106315807781,0.0,0.0,0.0,0.13739874230344834,0.0,0.0,0.0,0.0,0.0,0.0,0.0,0.0,0.0,0.0,0.0,0.0
2012-06-01,0.08685771592229852,0.0,0.0,0.0,0.0,0.0,0.08818681808498939,0.0,0.0,0.010741168304560204,0.20831119357390188,0.0,0.0,0.1146389209588666,0.0,0.0,0.12639487144672854,0.0,0.2307018668717562,0.0,0.0,0.0,0.1341674448368986,0.0,0.0,0.0,0.0,0.0,0.0,0.0,0.0,0.0,0.0,0.0,0.0
2012-06-08,0.08685771592229852,0.0,0.0,0.0,0.0,0.0,0.08697122729411452,0.0,0.0,0.0047123561467065775,0.2148186507006411,0.0,0.0,0.10781307056183385,0.0,0.0,0.12015745539265364,0.0,0.2403826584532891,0.0,0.0,0.0,0.13828686552846264,0.0,0.0,0.0,0.0,0.0,0.0,0.0,0.0,0.0,0.0,0.0,0.0
2012-06-15,0.08685771592229852,0.0,0.0,0.0,0.0,0.0,0.089542120419976,0.0,0.0,0.00442359475300354,0.21425558805399691,0.0,0.0,0.10894593598256608,0.0,0.0,0.1169009872471268,0.0,0.24379895857051592,0.0,0.0,0.0,0.13527509905051613,0.0,0.0,0.0,0.0,0.0,0.0,0.0,0.0,0.0,0.0,0.0,0.0
2012-06-22,0.08685771592229863,0.0,0.0,0.0,0.0,0.0,0.09272126171175306,0.0,0.0,0.0,0.24156220006322465,0.0,0.0,0.09511709187799698,0.0,0.0,0.10517507704451425,0.0,0.25463240413693744,0.0,0.0,0.0,0.12393424924327502,0.0,0.0,0.0,0.0,0.0,0.0,0.0,0.0,0.0,0.0,0.0,0.0
2012-06-29,0.0,0.0,0.0,0.0,0.0,0.0,0.16572416796388098,0.0,0.0,0.0,0.20317958595559463,0.0,0.0,0.024797865365525185,0.0,0.0,0.033422276936782985,0.0,0.22744139530897853,0.0,0.0,0.0,0.34543470846923763,0.0,0.0,0.0,0.0,0.0,0.0,0.0,0.0,0.0,0.0,0.0,0.0
2012-07-06,0.0,0.0,0.0,0.0,0.0,0.004850839968564214,0.15651569857559358,0.0,0.0,0.0,0.24306292934343257,0.0,0.0,0.014782087691633167,0.0,0.0,0.019564127563055804,0.0,0.22376605061728586,0.0,0.0,0.0,0.33745826624043473,0.0,0.0,0.0,0.0,0.0,0.0,0.0,0.0,0.0,0.0,0.0,0.0
2012-07-13,0.0,0.0,0.0,0.0,0.0,0.0,0.17208992071059764,0.0,0.0,0.0,0.21642231596925174,0.0,0.0,0.01697608511524794,0.0,0.0,0.027587127941616923,0.0,0.22455072986218136,0.0,0.0,0.0,0.34237382040110437,0.0,0.0,0.0,0.0,0.0,0.0,0.0,0.0,0.0,0.0,0.0,0.0
2012-07-20,0.0,0.0,0.0,0.0,0.0,0.0,0.17303166732762987,0.0,0.0,0.0,0.2116783154024202,0.0,0.0,0.015941432674166037,0.0,0.0,0.030622334080165552,0.0,0.22776670216089018,0.0,0.0,0.0,0.3409595483547282,0.0,0.0,0.0,0.0,0.0,0.0,0.0,0.0,0.0,0.0,0.0,0.0
2012-07-27,0.0,0.0,0.0,0.0,0.0,0.0,0.23814747256465393,0.0,0.0,0.0,0.2268065494425992,0.0,0.0,0.1496019289309626,0.0,0.0,0.029135734376990102,0.0,0.24785519866581687,0.0,0.0,0.0,0.10845311601897722,0.0,0.0,0.0,0.0,0.0,0.0,0.0,0.0,0.0,0.0,0.0,0.0
2012-08-03,0.0,0.0,0.0,0.0,0.0,0.0,0.24254098910965274,0.0,0.0,0.0,0.22327809656637515,0.0,0.0,0.1464278826712718,0.0,0.0,0.034702413614701166,0.0,0.244863812155202,0.0,0.0,0.0,0.10818680588279712,0.0,0.0,0.0,0.0,0.0,0.0,0.0,0.0,0.0,0.0,0.0,0.0
2012-08-10,0.0,0.0,0.0,0.0,0.0,0.0,0.23413582302186445,0.0,0.0,0.008855893622348175,0.20001036634970568,0.0,0.0,0.15111843575817152,0.0,0.0,0.0438090841965242,0.0,0.24669382623103656,0.0,0.0,0.0,0.11537657082034941,0.0,0.0,0.0,0.0,0.0,0.0,0.0,0.0,0.0,0.0,0.0,0.0
2012-08-17,0.0,0.0,0.0,0.0,0.0,0.0,0.23780879737390623,0.0,0.0,0.0072580683410752135,0.20430439612901613,0.0,0.0,0.1455858551564958,0.0,0.0,0.04407576032532606,0.0,0.24543648607641863,0.0,0.0,0.0,0.11553063659776189,0.0,0.0,0.0,0.0,0.0,0.0,0.0,0.0,0.0,0.0,0.0,0.0
2012-08-24,0.0,0.0,0.0,0.0,0.0,0.0,0.22874289286716332,0.0,0.0,0.008328192686181268,0.2004073565147399,0.0,0.0,0.16036742208339197,0.0,0.0,0.05170724998096025,0.0,0.2307346580437382,0.0,0.0,0.0,0.11971222782382504,0.0,0.0,0.0,0.0,0.0,0.0,0.0,0.0,0.0,0.0,0.0,0.0
2012-08-31,2.220446049250313e-16,0.0,0.0,0.01524468766754825,0.0,0.01524468766754825,0.18081501698121982,0.0,0.0,0.007187077770078191,0.16293665978532657,0.0,0.0,0.028532774867555705,0.0,0.0,0.07723611003296073,0.0,0.21768411398665657,0.0,0.0,0.0,0.2798741835735576,0.0,0.0,0.01524468766754825,0.0,0.0,0.0,0.0,0.0,0.0,0.0,0.0,0.0
2012-09-07,0.0,0.0,0.0,0.01524468766754825,0.0,0.01524468766754825,0.1853111567434378,0.0,0.0,0.008766732732320426,0.16284840587071775,0.0,0.0,0.03014827680249929,0.0,0.0,0.07635481583895572,0.0,0.21140819448248674,0.0,0.0,0.0,0.2794283545269375,0.0,0.0,0.01524468766754825,0.0,0.0,0.0,0.0,0.0,0.0,0.0,0.0,0.0
2012-09-14,0.0,0.0,0.0,0.01524468766754825,0.0,0.01524468766754825,0.18047771464699106,0.0,0.0,0.008606122153784652,0.15751529544664994,0.0,0.0,0.03620187309804044,0.0,0.0,0.08152644765406035,0.0,0.21316206586757994,0.0,0.0,0.0,0.2767764181302488,0.0,0.0,0.01524468766754825,0.0,0.0,0.0,0.0,0.0,0.0,0.0,0.0,0.0
2012-09-21,2.220446049250313e-16,0.0,0.0,0.016189854310845582,0.0,0.01524468766754825,0.18473936100122787,0.0,0.0,0.010586862806555637,0.15432313798912134,0.0,0.0,0.03665022774349142,0.0,0.0,0.08188097324082737,0.0,0.20651695684472363,0.0,0.0,0.002865214343211382,0.2757580363848992,0.0,0.0,0.01524468766754825,0.0,0.0,0.0,0.0,0.0,0.0,0.0,0.0,0.0
2012-09-28,0.0,0.0,0.0,0.019132930532085042,0.0,0.01623516266684327,0.26176377298696824,0.0,0.0,0.010935321580260286,0.19798976216097658,0.0,0.0,0.037512227051633366,0.0,0.0,0.14647327226439003,0.0,0.07885168348851453,0.0,0.0,0.0009765314302792276,0.21389417317120615,0.0,0.0,0.01623516266684327,0.0,0.0,0.0,0.0,0.0,0.0,0.0,0.0,0.0
2012-10-05,0.0,0.0,0.0,0.01623516266684327,0.0,0.01623516266684327,0.2573110424753354,0.0,0.0,0.018906572482154646,0.19798976216097658,0.0,0.0,0.037234796751267986,0.0,0.0,0.1461383830698051,0.0,0.07981214904612531,0.0,0.0,0.0,0.21390180601380512,0.0,0.0,0.01623516266684327,0.0,0.0,0.0,0.0,0.0,0.0,0.0,0.0,0.0
2012-10-12,0.0,0.0,0.0,0.019432952779754726,0.0,0.01623516266684327,0.2506411443283333,0.0,0.0,0.02061327731506717,0.19798976216097658,0.0,0.0,0.03939591893980989,0.0,0.0,0.1426085391930696,0.0,0.07885168348851453,0.0,0.0,0.001080736833578845,0.2169156596272088,0.0,0.0,0.01623516266684327,0.0,0.0,0.0,0.0,0.0,0.0,0.0,0.0,0.0
2012-10-19,1.1102230246251565e-16,0.0,0.0,0.026345899335998492,0.0,0.01623516266684327,0.2531800019530838,0.0,0.0,0.01937607861718136,0.19798976216097658,0.0,0.0,0.029498700941999054,0.0,0.0,0.14083387723913202,0.0,0.07885168348851453,0.0,0.0,0.00797135033407898,0.21348232059534858,0.0,0.0,0.01623516266684327,0.0,0.0,0.0,0.0,0.0,0.0,0.0,0.0,0.0
2012-10-26,1.1102230246251565e-16,0.0,0.0,0.03187847407950714,0.0,0.046321250720516294,0.25032723138115254,0.0,0.0,0.0677713749522273,0.19129071315370427,0.0,0.0,0.04721490563758569,0.0,0.0,0.14067613506172555,0.0,0.0280959182474053,0.0,0.0,0.001277269198506333,0.1670508093202641,0.0,0.0,0.0280959182474053,0.0,0.0,0.0,0.0,0.0,0.0,0.0,0.0,0.0
2012-11-02,2.220446049250313e-16,0.0,0.0,0.0280959182474053,0.0,0.03711580319948121,0.25705448318699375,0.0,0.0,0.055033735249910155,0.23458746500394562,0.0,0.0,0.03372116557904853,0.0,0.0,0.1383568318717803,0.0,0.03298842859882502,0.0,0.0,0.0,0.1549502508152046,0.0,0.0,0.0280959182474053,0.0,0.0,0.0,0.0,0.0,0.0,0.0,0.0,0.0
2012-11-09,2.220446049250313e-16,0.0,0.0,0.03415039046410028,0.0,0.042039142472647464,0.2528588695579661,0.0,0.0,0.059141650695393705,0.2176674842545337,0.0,0.0,0.03776894685612385,0.0,0.0,0.14155145174830966,0.0,0.0280959182474053,0.0,0.0,0.0036799766409098284,0.1549502508152046,0.0,0.0,0.0280959182474053,0.0,0.0,0.0,0.0,0.0,0.0,0.0,0.0,0.0
2012-11-16,1.1102230246251565e-16,0.0,0.0,0.0280959182474053,0.0,0.034845126397994294,0.26937082653707456,0.0,0.0,0.04727854261079372,0.25535568671160613,0.0,0.0,0.015184452551997612,0.0,0.0,0.1352890303985507,0.0,0.028825945971858558,0.0,0.0,0.0,0.15765855232531364,0.0,0.0,0.0280959182474053,0.0,0.0,0.0,0.0,0.0,0.0,0.0,0.0,0.0
2012-11-23,2.220446049250313e-16,0.0,0.0,0.04044543151340613,0.0,0.0280959182474053,0.2743310002189796,0.0,0.0,0.04359671428007182,0.2418315758265249,0.0,0.0,0.0037098834730571574,0.0,0.0,0.1308696725216517,0.0,0.0280959182474053,0.0,0.0,0.013862010759492435,0.1670659566646002,0.0,0.0,0.0280959182474053,0.0,0.0,0.0,0.0,0.0,0.0,0.0,0.0,0.0
2012-11-30,0.0,0.0,0.0,0.0629211276929073,0.0,0.013724530054852403,0.24410476406993464,0.0,0.0,0.005858271492917245,0.24311257916900994,0.0,0.0,0.00880577879684437,0.0,0.0,0.1955832378902626,0.0,0.013724530054852403,0.0,0.0,0.0544166039992759,0.14346447345479477,0.0,0.0,0.01428410332434837,0.0,0.0,0.0,0.0,0.0,0.0,0.0,0.0,0.0
2012-12-07,0.0,0.0,0.0,0.06461397262829092,0.0,0.013724530054852403,0.24469400837844923,0.0,0.0,0.003973949258982825,0.23718742611039495,0.0,0.0,0.0031211911662532912,0.0,0.0,0.19678361690707266,0.0,0.013724530054852403,0.0,0.0,0.053899093199877,0.15455315218612184,0.0,0.0,0.013724530054852403,0.0,0.0,0.0,0.0,0.0,0.0,0.0,0.0,0.0
2012-12-14,0.0,0.0,0.0,0.060684007351505295,0.0,0.017213115705270565,0.2514406576156864,0.0,0.0,0.0,0.24826178139532445,0.0,0.0,0.0,0.0,0.0,0.18464802624972013,0.0,0.025528576693740097,0.0,0.0,0.05010166940713739,0.14839763552676324,0.0,0.0,0.013724530054852403,0.0,0.0,0.0,0.0,0.0,0.0,0.0,0.0,0.0
2012-12-21,0.0,0.0,0.0,0.05561520253223354,0.0,0.02144252097308488,0.25048136429256934,0.0,0.0,0.0,0.25891777938083926,0.0,0.0,0.0,0.0,0.0,0.1834842142736412,0.0,0.02975890189982562,0.0,0.0,0.044804761977174846,0.1417707246157789,0.0,0.0,0.013724530054852403,0.0,0.0,0.0,0.0,0.0,0.0,0.0,0.0,0.0
2012-12-28,1.1102230246251565e-16,0.0,0.0,0.10731494983924263,0.0,0.01119179148090523,0.24360246276229414,0.0,0.0,0.0,0.25187095844145097,0.0,0.0,0.0,0.0,0.0,0.05833044999882493,0.0,0.02326608977939293,0.0,0.0,0.1432908954299795,0.14298504124070827,0.0,0.0,0.018147361027201336,0.0,0.0,0.0,0.0,0.0,0.0,0.0,0.0,0.0
2013-01-04,0.0,0.0,0.0,0.11110410102052835,0.0,0.0,0.2499561035442187,0.0,0.0,0.0,0.24536664105348172,0.0,0.0,0.004059588814278719,0.0,0.0,0.06175364564134819,0.0,0.02092602781460796,0.0,0.0,0.1470127967886842,0.14298504124070827,0.0,0.0,0.0168360540821438,0.0,0.0,0.0,0.0,0.0,0.0,0.0,0.0,0.0
2013-01-11,0.0,0.0,0.0,0.11252309286659777,0.0,0.0,0.24930842916825458,0.0,0.0,0.0,0.2415276872072611,0.0,0.0,0.0,0.0,0.0,0.05492692360614139,0.0,0.020841471545984806,0.0,0.0,0.14787717626640381,0.14621639767596226,0.0,0.0,0.026778821663394223,0.0,0.0,0.0,0.0,0.0,0.0,0.0,0.0,0.0
2013-01-18,0.0,0.0,0.0,0.11538758513601796,0.0,0.0,0.2528274502470192,0.0,0.0,0.0017622035185043637,0.2231220286510588,0.0,0.0,0.0,0.0,0.0,0.0597453846296902,0.0,0.016195269968112113,0.0,0.0,0.15251563797980477,0.14298504124070827,0.0,0.0,0.0354593986290843,0.0,0.0,0.0,0.0,0.0,0.0,0.0,0.0,0.0
2013-01-25,1.1102230246251565e-16,0.0,0.0,0.20458840926420468,0.010123597037784201,0.01658631327397898,0.24432922316842703,0.0,0.0,0.012996226281474366,0.2137590130346732,0.0,0.0,0.0,0.0,0.0,0.05829885616886457,0.0,0.0,0.0,0.0,0.15147593195321074,0.056710190638976574,0.0,0.0,0.03113223917840554,0.0,0.0,0.0,0.0,0.0,0.0,0.0,0.0,0.0
2013-02-01,1.1102230246251565e-16,0.0,0.0,0.19855644003045675,0.009226294176734429,0.01658631327397898,0.2503045981483754,0.0,0.0,0.006138560146302575,0.23125248343722735,0.0,0.0,0.0,0.0,0.0,0.054739453536402555,0.0,0.0,0.0,0.0,0.14543056149560396,0.0577477855490236,0.0,0.0,0.030017510205894264,0.0,0.0,0.0,0.0,0.0,0.0,0.0,0.0,0.0
2013-02-08,1.1102230246251565e-16,0.0,0.0,0.21120501715282985,0.010123477863449333,0.01658631327397898,0.22669605654451763,0.0,0.0,0.019083738291455026,0.20784799935687104,0.0,0.0,0.0,0.0,0.0,0.06198442941147157,0.0,0.0,0.0,0.0,0.15550476732086838,0.05316022253993995,0.0,0.0,0.03780797824461815,0.0,0.0,0.0,0.0,0.0,0.0,0.0,0.0,0.0
2013-02-15,0.0,0.0,0.0,0.21010129014926332,0.007877314282006474,0.01658631327397898,0.23094867591844087,0.0,0.0,0.017103077100535654,0.20784799935687104,0.0,0.0,0.0,0.0,0.0,0.0635702279338103,0.0,0.0,0.0,0.0,0.15449123057467767,0.05791038577007995,0.0,0.0,0.033563485640335664,0.0,0.0,0.0,0.0,0.0,0.0,0.0,0.0,0.0
2013-02-22,0.030020185552029677,0.0,0.0,0.16728298530872424,0.0,0.0,0.35,0.0,0.0,0.020481587870604504,0.09107078346681326,0.0,0.0,0.0,0.0,0.0,0.06582628018581041,0.0,0.0,0.0,0.0,0.14472739746431937,0.06375893660761346,0.0,0.0,0.06683184354408518,0.0,0.0,0.0,0.0,0.0,0.0,0.0,0.0,0.0
2013-03-01,0.027621988217010784,0.0,0.0,0.16860166700092657,0.0010272730917645777,0.0,0.35,0.0,0.0,0.021251060393322932,0.09107078346681326,0.0,0.0,0.0,0.0,0.0,0.06405279224899078,0.0,0.0,0.0,0.0,0.1458278334759716,0.0683742950572531,0.0,0.0,0.06217230704794645,0.0,0.0,0.0,0.0,0.0,0.0,0.0,0.0,0.0
2013-03-08,0.027621988217010784,0.0,0.0,0.16938029288754408,0.001019837927200114,0.0,0.35,0.0,0.0,0.023377961482600577,0.09107078346681326,0.0,0.0,0.0,0.0,0.0,0.06621121164750658,0.0,0.0,0.0,0.0,0.14645358064834024,0.06409086548741785,0.0,0.0,0.06077347823556663,0.0,0.0,0.0,0.0,0.0,0.0,0.0,0.0,0.0
2013-03-15,0.027621988217010562,0.0,0.0,0.1636087287893634,0.009897788422902109,0.0,0.35,0.0,0.0,0.025146423307218876,0.09107078346681326,0.0,0.0,0.0,0.0,0.0,0.07058468859727259,0.0,0.0,0.0,0.0,0.14571727959190856,0.06187770856114336,0.0,0.0,0.05447461104636715,0.0,0.0,0.0,0.0,0.0,0.0,0.0,0.0,0.0
2013-03-22,0.027621988217010673,0.0,0.0,0.1614355490207411,0.0013424700173623476,0.0,0.35,0.0,0.0,0.033467304776805276,0.09107078346681326,0.0,0.0,0.0,0.0,0.0,0.0734438075576359,0.0,0.0,0.0,0.0,0.13904092665242046,0.06934435370293775,0.0,0.0,0.05323281658827324,0.0,0.0,0.0,0.0,0.0,0.0,0.0,0.0,0.0
2013-03-29,0.008531526218876317,0.0,0.0,0.18231801345545046,0.015042990281382786,0.0,0.35,0.0,0.0,0.031639220933348436,0.05600040902396121,0.0,0.0,0.0,0.0,0.0,0.07721547516569888,0.0,0.0,0.0,0.0,0.06928967361422547,0.13837260637054646,0.0,0.0,0.07159008493651009,0.0,0.0,0.0,0.0,0.0,0.0,0.0,0.0,0.0
2013-04-05,0.012959810636053781,0.0,0.0,0.18112554414939422,0.019493253032578185,0.0,0.35,0.0,0.0,0.031763717388635905,0.05600040902396121,0.0,0.0,0.0,0.0,0.0,0.08152392215763679,0.0,0.0,0.0,0.0,0.06837658250018257,0.13184165282050894,0.0,0.0,0.06691510829104834,0.0,0.0,0.0,0.0,0.0,0.0,0.0,0.0,0.0
2013-04-12,0.008531526218876206,0.0,0.0,0.1859868198377252,0.025546548067256553,0.0,0.35,0.0,0.0,0.030784378353956685,0.05600040902396121,0.0,0.0,0.0,0.0,0.0,0.07758267582098648,0.0,0.0,0.0,0.0,0.07292724272183176,0.1241876719260611,0.0,0.0,0.06845272802934485,0.0,0.0,0.0,0.0,0.0,0.0,0.0,0.0,0.0
2013-04-19,0.012518591768720944,0.0,0.0,0.178166516034238,0.03177215735416678,0.0,0.35,0.0,0.0,0.036324143535535584,0.05600040902396121,0.0,0.0,0.0,0.0,0.0,0.07940005727917762,0.0,0.0,0.0,0.0,0.06486788522807499,0.12403513148507651,0.0,0.0,0.06691510829104834,0.0,0.0,0.0,0.0,0.0,0.0,0.0,0.0,0.0
2013-04-26,0.0,0.0,0.0,0.19183849136959,0.05491456870674327,0.0,0.28784150778072937,0.0,0.0,0.08926903931320837,0.05474613303696456,0.0,0.0,0.0013116031069979324,0.0,0.0,0.07903262127163754,0.0,0.018770350413181005,0.0,0.0,0.135430175349729,0.06807515923803784,0.0,0.0,0.018770350413181005,0.0,0.0,0.0,0.0,0.0,0.0,0.0,0.0,0.0
2013-05-03,2.220446049250313e-16,0.0,0.0,0.1877411081175345,0.05699073875919188,0.0,0.28784150778072937,0.0,0.0,0.09090090213705296,0.05474613303696456,0.0,0.0,0.0014061177864478963,0.0,0.0,0.08825737791991631,0.0,0.018770350413181005,0.0,0.0,0.12533824342215688,0.06923717021364348,0.0,0.0,0.018770350413181005,0.0,0.0,0.0,0.0,0.0,0.0,0.0,0.0,0.0
2013-05-10,0.0,0.0,0.0,0.18254521231783918,0.055308652535088404,0.0,0.2918383692179552,0.0,0.0,0.08163969858273694,0.05474613303696456,0.0,0.0,0.0,0.0,0.0,0.07913254001023423,0.0,0.018770350413181005,0.0,0.0,0.1263057346272116,0.0909429588456078,0.0,0.0,0.018770350413181005,0.0,0.0,0.0,0.0,0.0,0.0,0.0,0.0,0.0
2013-05-17,1.1102230246251565e-16,0.0,0.0,0.18461146639550988,0.04904922258083877,0.0,0.28784150778072937,0.0,0.0,0.07847394475009216,0.05474613303696456,0.0,0.0,0.003512634765195534,0.0,0.0,0.07789719952333063,0.0,0.018770350413181005,0.0,0.0,0.13092043687808025,0.09540675346289679,0.0,0.0,0.018770350413181005,0.0,0.0,0.0,0.0,0.0,0.0,0.0,0.0,0.0
2013-05-24,1.1102230246251565e-16,0.0,0.0,0.19125670218062993,0.035873680035337314,0.0,0.30775673434660866,0.0,0.0,0.0703235142894992,0.05474613303696456,0.0,0.0,0.0,0.0,0.0,0.07599067204209609,0.0,0.018770350413181005,0.0,0.0,0.135033240977862,0.09147862226464014,0.0,0.0,0.018770350413181005,0.0,0.0,0.0,0.0,0.0,0.0,0.0,0.0,0.0
2013-05-31,0.0,0.0,0.0,0.15697111914294948,0.10386426020032063,0.0,0.07437391649231762,0.0,0.0,0.019468478930529012,0.24449761527156721,0.0,0.0,0.0016963905676125415,0.0,0.0,0.0859689034023396,0.0,0.0,0.0,0.0,0.1508242970280572,0.14189249364020362,0.0,0.0,0.020442525324103056,0.0,0.0,0.0,0.0,0.0,0.0,0.0,0.0,0.0
2013-06-07,0.0,0.0,0.0,0.1652632938016655,0.09795261341129806,0.0,0.07437391649231762,0.0,0.0,0.019355803005503963,0.24449761527156721,0.0,0.0,0.0014920322960987713,0.0,0.0,0.08288548899902377,0.0,0.0,0.0,0.0,0.15229918386361305,0.14143752753480898,0.0,0.0,0.020442525324103056,0.0,0.0,0.0,0.0,0.0,0.0,0.0,0.0,0.0
2013-06-14,0.0,0.0,0.0,0.15391817192016746,0.09937683977484596,0.0,0.07437391649231762,0.0,0.0,0.020262628752795817,0.24449761527156721,0.0,0.0,0.004611267151553195,0.0,0.0,0.08356741100153196,0.0,0.0,0.0,0.0,0.14734707377616835,0.15160255053494937,0.0,0.0,0.020442525324103056,0.0,0.0,0.0,0.0,0.0,0.0,0.0,0.0,0.0
2013-06-21,0.0,0.0,0.0,0.14074929459080143,0.10417065356710528,0.0,0.07437391649231762,0.0,0.0,0.0273484560080854,0.24449761527156721,0.0,0.0,0.010997424107573268,0.0,0.0,0.09103924285793484,0.0,0.0,0.0,0.0,0.13415445745862362,0.15222641432188827,0.0,0.0,0.020442525324103056,0.0,0.0,0.0,0.0,0.0,0.0,0.0,0.0,0.0
2013-06-28,0.06248588911040209,0.0,0.0,0.20560946956470627,0.06547905848989204,0.0,0.2707895927118585,0.0,0.0,0.025749964784789407,0.06899628220701784,0.0,0.0,0.007430000564655808,0.0,0.0,0.11787317684831006,0.0,0.0,0.0,0.0,0.1203483959884334,0.05523816972993455,0.0,0.0,0.0,0.0,0.0,0.0,0.0,0.0,0.0,0.0,0.0,0.0
2013-07-05,0.06248588911040209,0.0,0.0,0.20251491886334128,0.050127877616755245,0.0,0.2707895927118585,0.0,0.0,0.03641586119097869,0.06899628220701784,0.0,0.0,0.020478397287068992,0.0,0.0,0.1292130483208798,0.0,0.0,0.0,0.0,0.1202402461451627,0.038737886546534865,0.0,0.0,0.0,0.0,0.0,0.0,0.0,0.0,0.0,0.0,0.0,0.0
2013-07-12,0.06248588911040209,0.0,0.0,0.2054111495927753,0.053124097774164755,0.0,0.2707895927118585,0.0,0.0,0.03425251151642753,0.06899628220701784,0.0,0.0,0.016938357779490976,0.0,0.0,0.12917999869150773,0.0,0.0,0.0,0.0,0.12006278644753732,0.03875933416881799,0.0,0.0,0.0,0.0,0.0,0.0,0.0,0.0,0.0,0.0,0.0,0.0
2013-07-19,0.06248588911040209,0.0,0.0,0.20543018453120943,0.05334394469341491,0.0,0.2707895927118585,0.0,0.0,0.04058434359029326,0.06899628220701784,0.0,0.0,0.016961065578290482,0.0,0.0,0.12959610678908404,0.0,0.0,0.0,0.0,0.11422615261896939,0.03758643816946009,0.0,0.0,0.0,0.0,0.0,0.0,0.0,0.0,0.0,0.0,0.0,0.0
2013-07-26,0.0,0.0,0.0,0.137766663098939,0.026159496527314086,0.0,0.31935687863472884,0.0,0.0,0.05089523878457019,0.06113461235093698,0.0,0.0,0.019782990221700537,0.0,0.0,0.2339996340147027,0.0,0.0,0.0,0.0,0.12506359010658202,0.0258408962605257,0.0,0.0,0.0,0.0,0.0,0.0,0.0,0.0,0.0,0.0,0.0,0.0
2013-08-02,0.0,0.0,0.0,0.13736182071726938,0.027084594961729377,0.0,0.31935687863472884,0.0,0.0,0.0488839190864564,0.06113461235093698,0.0,0.0,0.022113506418991725,0.0,0.0,0.23215326728485397,0.0,0.0,0.0,0.0,0.12481982231615325,0.027091578228880087,0.0,0.0,0.0,0.0,0.0,0.0,0.0,0.0,0.0,0.0,0.0,0.0
2013-08-09,0.0,0.0,0.0,0.12902988733251602,0.032282320528797925,0.0,0.31935687863472884,0.0,0.0,0.05375511545398035,0.06113461235093698,0.0,0.0,0.02076688638132001,0.0,0.0,0.23608977864525582,0.0,0.0,0.0,0.0,0.12174362441193841,0.0258408962605257,0.0,0.0,0.0,0.0,0.0,0.0,0.0,0.0,0.0,0.0,0.0,0.0
2013-08-16,0.0,0.0,0.0,0.13084475865435533,0.0308042302765279,0.0,0.31935687863472884,0.0,0.0,0.0489477171271059,0.06113461235093698,0.0,0.0,0.026534061223457098,0.0,0.0,0.23128016320689887,0.0,0.0,0.0,0.0,0.12525668226546338,0.0258408962605257,0.0,0.0,0.0,0.0,0.0,0.0,0.0,0.0,0.0,0.0,0.0,0.0
2013-08-23,0.0,0.0,0.0,0.13893519075540706,0.031196039517353707,0.0,0.31935687863472884,0.0,0.0,0.053695994747948964,0.06113461235093698,0.0,0.0,0.013604768717773863,0.0,0.0,0.23048403000877915,0.0,0.0,0.0,0.0,0.12575158900654576,0.0258408962605257,0.0,0.0,0.0,0.0,0.0,0.0,0.0,0.0,0.0,0.0,0.0,0.0
2013-08-30,0.06067014502488599,0.0,0.0,0.08382863820553846,0.06710219006387458,0.0,0.3028406752588094,0.0,0.0,0.09491153205218858,0.0544948905151153,0.0,0.0,0.016915992731375024,0.0,0.0,0.222818342616943,0.0,0.0,0.0,0.0,0.058908433818040826,0.03750915971322878,0.0,0.0,0.0,0.0,0.0,0.0,0.0,0.0,0.0,0.0,0.0,0.0
2013-09-06,0.0606701450248861,0.0,0.0,0.08875495394397825,0.07353512525845264,0.0,0.3028406752588094,0.0,0.0,0.08719656069812326,0.0544948905151153,0.0,0.0,0.016268540114980884,0.0,0.0,0.21467396356682578,0.0,0.0,0.0,0.0,0.06405598590559966,0.03750915971322878,0.0,0.0,0.0,0.0,0.0,0.0,0.0,0.0,0.0,0.0,0.0,0.0
2013-09-13,0.0606701450248861,0.0,0.0,0.08840192984535764,0.07338578582930845,0.0,0.3028406752588094,0.0,0.0,0.08932095295517262,0.0544948905151153,0.0,0.0,0.01919049156233188,0.0,0.0,0.21038586977839488,0.0,0.0,0.0,0.0,0.06380009951739503,0.03750915971322878,0.0,0.0,0.0,0.0,0.0,0.0,0.0,0.0,0.0,0.0,0.0,0.0
2013-09-20,0.06067014502488588,0.0,0.0,0.09065269114157212,0.07088559176487505,0.0,0.3028406752588094,0.0,0.0,0.0859281551484193,0.0544948905151153,0.0,0.0,0.02460340504165645,0.0,0.0,0.20630077470079872,0.0,0.0,0.0,0.0,0.06611451169063887,0.03750915971322878,0.0,0.0,0.0,0.0,0.0,0.0,0.0,0.0,0.0,0.0,0.0,0.0
2013-09-27,0.2847100068631876,0.0,0.0,0.11788474297577123,0.00791625211178083,0.0,0.1201164570953322,0.0,0.0,0.07213153000555034,0.053199603685577856,0.0,0.0,0.028439270922804107,0.0,0.0,0.18252432209141156,0.0,0.0,0.0,0.0,0.1018691571960673,0.0,0.0,0.0,0.031208657052516978,0.0,0.0,0.0,0.0,0.0,0.0,0.0,0.0,0.0
2013-10-04,0.2847100068631876,0.0,0.0,0.10899186847734327,0.0009791547811240921,0.0,0.1201164570953322,0.0,0.0,0.07676274577062545,0.053199603685577856,0.0,0.0,0.039461019360395734,0.0,0.0,0.18649757049677979,0.0,0.0,0.0,0.0,0.09807291641711705,0.0,0.0,0.0,0.031208657052516978,0.0,0.0,0.0,0.0,0.0,0.0,0.0,0.0,0.0
2013-10-11,0.2847100068631876,0.0,0.0,0.11040367865778464,0.004206644679356152,0.0,0.1201164570953322,0.0,0.0,0.07317487437233522,0.053199603685577856,0.0,0.0,0.03436018258870655,0.0,0.0,0.1823907699793263,0.0,0.0,0.0,0.0,0.10622912502587656,0.0,0.0,0.0,0.031208657052516978,0.0,0.0,0.0,0.0,0.0,0.0,0.0,0.0,0.0
2013-10-18,0.2847100068631876,0.0,0.0,0.1128792852199374,0.004199441085121371,0.0,0.1201164570953322,0.0,0.0,0.08032400591772323,0.053199603685577856,0.0,0.0,0.03194406257311501,0.0,0.0,0.17969541667271943,0.0,0.0,0.0,0.0,0.10172306383476895,0.0,0.0,0.0,0.031208657052516978,0.0,0.0,0.0,0.0,0.0,0.0,0.0,0.0,0.0
2013-10-25,0.19910166735018897,0.0,0.0,0.13731790990739814,0.007000445905102402,0.0,0.07619504458680426,0.0,0.0,0.09125545517142751,0.0,0.0,0.0,0.09037034430429963,0.0,0.0,0.1882068027299344,0.0,0.0,0.0,0.0,0.12230476249891106,0.06599274881917454,0.0,0.0,0.02225481872675903,0.0,0.0,0.0,0.0,0.0,0.0,0.0,0.0,0.0
2013-11-01,0.19910166735018908,0.0,0.0,0.13753550731201455,0.01739720878955087,0.0,0.07619504458680426,0.0,0.0,0.08480048576401478,0.0,0.0,0.0,0.0881689553009739,0.0,0.0,0.1863704335089111,0.0,0.0,0.0,0.0,0.12218312984160795,0.06599274881917454,0.0,0.0,0.02225481872675903,0.0,0.0,0.0,0.0,0.0,0.0,0.0,0.0,0.0
2013-11-08,0.19910166735018897,0.0,0.0,0.13393340812141422,0.012338727181716845,0.0,0.07619504458680426,0.0,0.0,0.08713112708125575,0.0,0.0,0.0,0.08984809975154431,0.0,0.0,0.19023617210659602,0.0,0.0,0.0,0.0,0.12296818627454603,0.06599274881917454,0.0,0.0,0.02225481872675903,0.0,0.0,0.0,0.0,0.0,0.0,0.0,0.0,0.0
2013-11-15,0.19910166735018908,0.0,0.0,0.13533249506217412,0.015696271802494284,0.0,0.07619504458680426,0.0,0.0,0.08624021635683457,0.0,0.0,0.0,0.08820745142137693,0.0,0.0,0.186919476054129,0.0,0.0,0.0,0.0,0.12405980982006423,0.06599274881917454,0.0,0.0,0.02225481872675903,0.0,0.0,0.0,0.0,0.0,0.0,0.0,0.0,0.0
2013-11-22,0.19910166735018897,0.0,0.0,0.13786568035578614,0.009570813226322587,0.0,0.07619504458680426,0.0,0.0,0.08624926257011292,0.0,0.0,0.0,0.08831888498742527,0.0,0.0,0.1897824951196128,0.0,0.0,0.0,0.0,0.12466858425781346,0.06599274881917454,0.0,0.0,0.02225481872675903,0.0,0.0,0.0,0.0,0.0,0.0,0.0,0.0,0.0
2013-11-29,0.18314513159685786,0.0,0.0,0.14468857182833603,0.007820219109689478,0.0,0.07837673284991234,0.0,0.0,0.09352990208061794,0.0,0.0,0.0,0.09133556044214251,0.0,0.0,0.20103259428724696,0.0,0.0,0.0,0.0,0.1282499846056227,0.046070010000390245,0.0,0.0,0.02575129319918392,0.0,0.0,0.0,0.0,0.0,0.0,0.0,0.0,0.0
2013-12-06,0.18314513159685797,0.0,0.0,0.1459262000443076,0.010911961445783313,0.0,0.07837673284991234,0.0,0.0,0.08310399490001585,0.0,0.0,0.0,0.09403532035326129,0.0,0.0,0.20335471340124342,0.0,0.0,0.0,0.0,0.12932464220904413,0.046070010000390245,0.0,0.0,0.02575129319918392,0.0,0.0,0.0,0.0,0.0,0.0,0.0,0.0,0.0
2013-12-13,0.18314513159685786,0.0,0.0,0.1346060739208014,0.005532368040225003,0.0,0.07837673284991234,0.0,0.0,0.09120381351373241,0.0,0.0,0.0,0.09894465245145193,0.0,0.0,0.21485737135134161,0.0,0.0,0.0,0.0,0.12151255307610326,0.046070010000390245,0.0,0.0,0.02575129319918392,0.0,0.0,0.0,0.0,0.0,0.0,0.0,0.0,0.0
2013-12-20,0.18314513159685786,0.0,0.0,0.13156329553459198,0.013521452966667007,0.0,0.07837673284991234,0.0,0.0,0.0878448514256335,0.0,0.0,0.0,0.1015125932175306,0.0,0.0,0.21665642739157673,0.0,0.0,0.0,0.0,0.11555821181765578,0.046070010000390245,0.0,0.0,0.02575129319918392,0.0,0.0,0.0,0.0,0.0,0.0,0.0,0.0,0.0
2013-12-27,0.0,0.0,0.0,0.09039966277185899,0.0034102354156668475,0.0,0.3107501347884502,0.0,0.0,0.11121473125073825,0.052002974646808434,0.0,0.0,0.12263926521779742,0.0,0.0,0.24348489048487823,0.0,0.0,0.0,0.0,0.06609810542380164,0.0,0.0,0.0,0.0,0.0,0.0,0.0,0.0,0.0,0.0,0.0,0.0,0.0
2014-01-03,1.1102230246251565e-16,0.0,0.0,0.08965433170878803,0.003338115945948187,0.0,0.3107501347884502,0.0,0.0,0.11041677181501805,0.052002974646808434,0.0,0.0,0.12745084734385098,0.0,0.0,0.24130180205641108,0.0,0.0,0.0,0.0,0.06508502169472502,0.0,0.0,0.0,0.0,0.0,0.0,0.0,0.0,0.0,0.0,0.0,0.0,0.0
2014-01-10,0.0,0.0,0.0,0.0892457900137675,0.00308637341541415,0.0,0.3107501347884502,0.0,0.0,0.10862569744159409,0.052002974646808434,0.0,0.0,0.12757311671700322,0.0,0.0,0.24404984483830303,0.0,0.0,0.0,0.0,0.06466606813865935,0.0,0.0,0.0,0.0,0.0,0.0,0.0,0.0,0.0,0.0,0.0,0.0,0.0
2014-01-17,1.1102230246251565e-16,0.0,0.0,0.08671415812545509,0.0031636964052974637,0.0,0.3145322289882642,0.0,0.0,0.10984186539936144,0.052002974646808434,0.0,0.0,0.13051625173289857,0.0,0.0,0.2411000102397757,0.0,0.0,0.0,0.0,0.06212881446213903,0.0,0.0,0.0,0.0,0.0,0.0,0.0,0.0,0.0,0.0,0.0,0.0,0.0
2014-01-24,0.0,0.0,0.0,0.08924010404272065,0.0035069738786833635,0.0,0.3148913121057784,0.0,0.0,0.10970266484713437,0.052002974646808434,0.0,0.0,0.13070728692186712,0.0,0.0,0.2353847985217643,0.0,0.0,0.0,0.0,0.06456388503524338,0.0,0.0,0.0,0.0,0.0,0.0,0.0,0.0,0.0,0.0,0.0,0.0,0.0
2014-01-31,1.1102230246251565e-16,0.0,0.0,0.08820267114036077,0.0033864818077926485,0.0,0.31237852059816357,0.0,0.0,0.11231543648264171,0.051508691320233266,0.0,0.0,0.18271558106304134,0.0,0.0,0.23483016628831577,0.0,0.0,0.0,0.0,0.014662451299450803,0.0,0.0,0.0,0.0,0.0,0.0,0.0,0.0,0.0,0.0,0.0,0.0,0.0
2014-02-07,0.0,0.0,0.0,0.09125500650239526,0.003663102649246519,0.0,0.31277633839180236,0.0,0.0,0.1222565884206937,0.05150869132023328,0.0,0.0,0.16601426159285598,0.0,0.0,0.23726524786350645,0.0,0.0,0.0,0.0,0.01526076325926651,0.0,0.0,0.0,0.0,0.0,0.0,0.0,0.0,0.0,0.0,0.0,0.0,0.0
2014-02-14,1.1102230246251565e-16,0.0,0.0,0.09045731132626178,0.008162586227534033,0.0,0.3131045854242234,0.0,0.0,0.1156394721037199,0.05150869132023328,0.0,0.0,0.17063470682252857,0.0,0.0,0.2362445368029505,0.0,0.0,0.0,0.0,0.014248109972548526,0.0,0.0,0.0,0.0,0.0,0.0,0.0,0.0,0.0,0.0,0.0,0.0,0.0
2014-02-21,0.0,0.0,0.0,0.09297619936626661,0.008114479454612763,0.0,0.31324131425185603,0.0,0.0,0.11562363472059484,0.05150869132023328,0.0,0.0,0.1744584347164983,0.0,0.0,0.2324223328256021,0.0,0.0,0.0,0.0,0.011654913344336146,0.0,0.0,0.0,0.0,0.0,0.0,0.0,0.0,0.0,0.0,0.0,0.0,0.0
2014-02-28,0.0,0.0,0.0,0.07572972552937716,0.007164762564894387,0.015531320895785414,0.21469627995163254,0.0,0.0,0.03611700556801655,0.1399808065729909,0.0,0.0,0.16191218548054495,0.0,0.0,0.25628807477415705,0.0,0.015531320895785414,0.0,0.0,0.061517196871030314,0.015531320895785414,0.0,0.0,0.0,0.0,0.0,0.0,0.0,0.0,0.0,0.0,0.0,0.0
2014-03-07,0.0,0.0,0.0,0.07490168089527978,0.0,0.015531320895785414,0.22369821100099468,0.0,0.0,0.03633464262847911,0.1399808065729909,0.0,0.0,0.1615327156965143,0.0,0.0,0.25542700194179696,0.0,0.015531320895785414,0.0,0.0,0.060394594577197945,0.01666770489517552,0.0,0.0,0.0,0.0,0.0,0.0,0.0,0.0,0.0,0.0,0.0,0.0
2014-03-14,0.0,0.0,0.0,0.08096905015846485,0.0,0.015531320895785414,0.2230283837531158,0.0,0.0,0.02200679064337993,0.1434285475936778,0.0,0.0,0.15692719398314237,0.0,0.0,0.25689046374582386,0.0,0.015531320895785414,0.0,0.0,0.06672555974415967,0.018961368586664903,0.0,0.0,0.0,0.0,0.0,0.0,0.0,0.0,0.0,0.0,0.0,0.0
2014-03-21,0.0,0.0,0.0,0.083855261712004,0.0,0.015531320895785414,0.20307973314711875,0.0,0.0,0.027957653359682377,0.1399808065729909,0.0,0.0,0.16831988554621352,0.0,0.0,0.2571027650447185,0.0,0.015531320895785414,0.0,0.0,0.06647794946700324,0.022163303358697914,0.0,0.0,0.0,0.0,0.0,0.0,0.0,0.0,0.0,0.0,0.0,0.0
2014-03-28,0.0,0.00418897296132434,0.0,0.0826875536276862,0.0,0.015638505409277824,0.2020764658192202,0.0,0.0,0.02996295738309155,0.13895665771935178,0.0,0.0,0.21438549758883485,0.0,0.0,0.25711769797864814,0.0,0.015638505409277824,0.0,0.0,0.01712940332075474,0.02221778278253247,0.0,0.0,0.0,0.0,0.0,0.0,0.0,0.0,0.0,0.0,0.0,0.0
2014-04-04,1.1102230246251565e-16,0.012652706855758996,0.0,0.08302030418135059,0.0,0.015638505409277824,0.2020764658192202,0.0,0.0,0.027733298057497014,0.13895665771935178,0.0,0.0,0.20958136001900235,0.0,0.0,0.2576143596122055,0.0,0.015638505409277824,0.0,0.0,0.01740076135290609,0.01968707556415168,0.0,0.0,0.0,0.0,0.0,0.0,0.0,0.0,0.0,0.0,0.0,0.0
2014-04-11,1.1102230246251565e-16,0.031503066592117136,0.0,0.07565746710795124,0.0,0.015638505409277824,0.2020764658192202,0.0,0.0,0.032411463428386474,0.13895665771935178,0.0,0.0,0.20603305110650472,0.0,0.0,0.25656775495909545,0.0,0.015638505409277824,0.0,0.0,0.009878557039539408,0.015638505409277824,0.0,0.0,0.0,0.0,0.0,0.0,0.0,0.0,0.0,0.0,0.0,0.0
2014-04-18,0.0,0.046091637520762466,0.0,0.06994622465790037,0.0,0.01899529942452465,0.2020764658192202,0.0,0.0,0.029136703568764636,0.13895665771935178,0.0,0.0,0.20703968733236983,0.0,0.0,0.25509597775612336,0.0,0.015638505409277824,0.0,0.0,0.0013843353824270072,0.015638505409277824,0.0,0.0,0.0,0.0,0.0,0.0,0.0,0.0,0.0,0.0,0.0,0.0
2014-04-25,0.0125659652705159,0.1444174250799746,0.0,0.06607495933548237,0.0,0.0,0.3353364841057884,0.0,0.0,0.0334625760089368,0.03712634887511452,0.0,0.0,0.10855445282282211,0.0,0.0,0.19313507282298337,0.0,0.02174295012675997,0.0,0.0,0.0040978652981019876,0.02174295012675997,0.0,0.0,0.02174295012675997,0.0,0.0,0.0,0.0,0.0,0.0,0.0,0.0,0.0
2014-05-02,0.0125659652705159,0.15897211973029568,0.0,0.0663013542623345,0.0,0.0,0.3353364841057884,0.0,0.0,0.014448949105539483,0.03712634887511452,0.0,0.0,0.09603570886114829,0.0,0.0,0.20410157050661598,0.0,0.02174295012675997,0.0,0.0,0.00988264890236732,0.02174295012675997,0.0,0.0,0.02174295012675997,0.0,0.0,0.0,0.0,0.0,0.0,0.0,0.0,0.0
2014-05-09,0.0125659652705159,0.15880398610014113,0.0,0.0722992431836687,0.0,0.0,0.3353364841057884,0.0,0.0,0.01726119223840181,0.03712634887511452,0.0,0.0,0.07652833600963581,0.0,0.0,0.20879405493933256,0.0,0.02174295012675997,0.0,0.0,0.016055538897121267,0.02174295012675997,0.0,0.0,0.02174295012675997,0.0,0.0,0.0,0.0,0.0,0.0,0.0,0.0,0.0
2014-05-16,0.0125659652705159,0.16636163924567715,0.0,0.07774514415497065,0.0,0.0,0.3353364841057884,0.0,0.0,0.004627705678570338,0.03712634887511452,0.0,0.0,0.07150069508314723,0.0,0.0,0.20742147414816237,0.0,0.02174295012675997,0.0,0.0,0.02208569305777356,0.02174295012675997,0.0,0.0,0.02174295012675997,0.0,0.0,0.0,0.0,0.0,0.0,0.0,0.0,0.0
2014-05-23,0.0125659652705159,0.16286536332565427,0.0,0.07364843083238093,0.0,0.0,0.3353364841057884,0.0,0.0,0.0014330946077949981,0.03712634887511452,0.0,0.0,0.07150069508314723,0.0,0.0,0.20507702146966655,0.0,0.02174295012675997,0.0,0.0,0.017750107290642733,0.03921058888577452,0.0,0.0,0.02174295012675997,0.0,0.0,0.0,0.0,0.0,0.0,0.0,0.0,0.0
2014-05-30,0.10651710875195475,0.0981932535623109,0.0,0.04026150088499357,0.0,0.0,0.1371492112504284,0.0,0.0,0.0,0.1118822522476131,0.0,0.0,0.0073055132433430935,0.0,0.0,0.35,0.0,0.04291936737527981,0.0,0.0,0.019561856682245218,0.07287631033234927,0.0,0.0,0.013333625669481946,0.0,0.0,0.0,0.0,0.0,0.0,0.0,0.0,0.0
2014-06-06,1.1102230246251565e-16,0.2742399869790082,0.0,0.0611278110366628,0.0,0.0,0.1371492112504284,0.0,0.0,0.0,0.1118822522476131,0.0,0.0,0.009442411991457672,0.0,0.0,0.24254397795222463,0.0,0.0422783998234133,0.0,0.0,0.0329672800826822,0.07503504296702777,0.0,0.0,0.013333625669481946,0.0,0.0,0.0,0.0,0.0,0.0,0.0,0.0,0.0
2014-06-13,1.1102230246251565e-16,0.256750691741305,0.0,0.05398927983168056,0.0,0.0,0.1371492112504284,0.0,0.0,0.0,0.1292637283510203,0.0,0.0,0.0018437351546231888,0.0,0.0,0.23814705898636465,0.0,0.05009999302370802,0.0,0.0,0.02228540309925035,0.0971372728921376,0.0,0.0,0.013333625669481946,0.0,0.0,0.0,0.0,0.0,0.0,0.0,0.0,0.0
2014-06-20,0.0,0.23050201295731199,0.0,0.06469918030923864,0.0,0.0,0.1371492112504284,0.0,0.0,0.0,0.1118822522476131,0.0,0.0,0.0020578304382156604,0.0,0.0,0.23633209925600165,0.0,0.040216754925540873,0.0,0.0,0.036140760447532665,0.1044960835252125,0.0,0.0,0.03652381464290457,0.0,0.0,0.0,0.0,0.0,0.0,0.0,0.0,0.0
2014-06-27,1.1102230246251565e-16,0.08242702733053972,0.0,0.07575257030935208,0.0,0.0184780697198816,0.07462114863997356,0.0,0.0,0.0,0.1678026533270055,0.0,0.0,0.014760871174785884,0.0,0.0,0.06984116947781407,0.0,0.1862807230468871,0.0,0.0,0.019093154574571426,0.21010517517847016,0.0,0.0,0.08083743722071876,0.0,0.0,0.0,0.0,0.0,0.0,0.0,0.0,0.0
2014-07-04,1.1102230246251565e-16,0.08043292124874774,0.0,0.07523148424505198,0.0,0.0184780697198816,0.07462114863997356,0.0,0.0,0.0,0.1678026533270055,0.0,0.0,0.03189541948798584,0.0,0.0,0.08484721243465802,0.0,0.19415623090629958,0.0,0.0,0.013136771599151813,0.198725859432197,0.0,0.0,0.06067222895904724,0.0,0.0,0.0,0.0,0.0,0.0,0.0,0.0,0.0
2014-07-11,1.1102230246251565e-16,0.07641927071125501,0.0,0.07615569682075032,0.0,0.0184780697198816,0.07462114863997356,0.0,0.0,0.0,0.1678026533270055,0.0,0.0,0.032745939945926957,0.0,0.0,0.08308125062339486,0.0,0.1862807230468871,0.0,0.0,0.014383112880920758,0.20489687988774014,0.0,0.0,0.06513525439626411,0.0,0.0,0.0,0.0,0.0,0.0,0.0,0.0,0.0
2014-07-18,2.220446049250313e-16,0.07641927071125501,0.0,0.07480941384058752,0.0,0.0184780697198816,0.07462114863997356,0.0,0.0,0.0,0.1678026533270055,0.0,0.0,0.049484592779816296,0.0,0.0,0.09211198237668002,0.0,0.1862807230468871,0.0,0.0,0.012783880997718239,0.17898419016327943,0.0,0.0,0.06822407439691563,0.0,0.0,0.0,0.0,0.0,0.0,0.0,0.0,0.0
2014-07-25,0.0,0.05257697868378781,0.0,0.13027491814138664,0.0,0.019602105600899453,0.0755894687505743,0.0,0.0,0.0,0.055987363149674854,0.0,0.0,0.051252547783073546,0.0,0.0,0.09879744906707774,0.0,0.2747654797343046,0.0,0.0,0.012075035736839858,0.1586414596747816,0.0,0.0,0.0704371936775995,0.0,0.0,0.0,0.0,0.0,0.0,0.0,0.0,0.0
2014-08-01,2.220446049250313e-16,0.05257697868378781,0.0,0.12023565644882428,0.0,0.019602105600899453,0.0755894687505743,0.0,0.0,0.0,0.055987363149674854,0.0,0.0,0.05600990382934816,0.0,0.0,0.09649707373139255,0.0,0.2747654797343046,0.0,0.0,0.0122500679661477,0.15339944873711422,0.0,0.0,0.08308645336793194,0.0,0.0,0.0,0.0,0.0,0.0,0.0,0.0,0.0
2014-08-08,2.220446049250313e-16,0.05257697868378781,0.0,0.1255100328376219,0.0,0.019602105600899453,0.0755894687505743,0.0,0.0,0.01235729971714006,0.055987363149674854,0.0,0.0,0.04807194068259056,0.0,0.0,0.09844519131640062,0.0,0.2747654797343046,0.0,0.0,0.013673778264186294,0.13797630446725118,0.0,0.0,0.08544405679556825,0.0,0.0,0.0,0.0,0.0,0.0,0.0,0.0,0.0
2014-08-15,2.220446049250313e-16,0.05257697868378781,0.0,0.11514558817543535,0.0,0.019602105600899453,0.0755894687505743,0.0,0.0,0.0,0.055987363149674854,0.0,0.0,0.04878831908668432,0.0,0.0,0.09299026288921479,0.0,0.27636540754269795,0.0,0.0,0.0,0.1663791467460273,0.0,0.0,0.09657535937500375,0.0,0.0,0.0,0.0,0.0,0.0,0.0,0.0,0.0
2014-08-22,2.220446049250313e-16,0.05257697868378781,0.0,0.11514558817543535,0.0,0.019602105600899453,0.0755894687505743,0.0,0.0,0.0,0.055987363149674854,0.0,0.0,0.045533411349173505,0.0,0.0,0.09400404198515205,0.0,0.27627303094686967,0.0,0.0,0.0,0.18334984391079706,0.0,0.0,0.0819381674476358,0.0,0.0,0.0,0.0,0.0,0.0,0.0,0.0,0.0
2014-08-29,1.1102230246251565e-16,0.0,0.0,0.023528636862823304,0.0008282550526552032,0.0,0.07456646507720974,0.0,0.0,0.0,0.1688190785905086,0.0,0.0,0.03978944041750207,0.0,0.0,0.08455855317612573,0.0,0.20427348148040503,0.0,0.0,0.0,0.23594368691701026,0.0,0.0,0.16769240242575997,0.0,0.0,0.0,0.0,0.0,0.0,0.0,0.0,0.0
2014-09-05,1.1102230246251565e-16,0.0,0.0,0.023528636862823304,0.005144863787063507,0.0,0.07456646507720974,0.0,0.0,0.0,0.1688190785905086,0.0,0.0,0.03198789244211375,0.0,0.0,0.08222675119862767,0.0,0.20273706232948968,0.0,0.0,0.00115114396251782,0.2388805478431825,0.0,0.0,0.17095755790646336,0.0,0.0,0.0,0.0,0.0,0.0,0.0,0.0,0.0
2014-09-12,0.0,0.0,0.0,0.023528636862823304,0.0,0.0,0.07456646507720974,0.0,0.0,0.0,0.18840644408139073,0.0,0.0,0.03303223068636144,0.0,0.0,0.07735197294489073,0.0,0.22043157988544343,0.0,0.0,0.0,0.22373993461388378,0.0,0.0,0.15894273584799679,0.0,0.0,0.0,0.0,0.0,0.0,0.0,0.0,0.0
2014-09-19,0.0,0.0,0.0,0.023528636862823304,0.0009283676265110579,0.0,0.07456646507720974,0.0,0.0,0.0,0.1688190785905086,0.0,0.0,0.04070786373520196,0.0,0.0,0.0820602129470431,0.0,0.21861375423382418,0.0,0.0,0.0,0.2276699569672233,0.0,0.0,0.1631056639596547,0.0,0.0,0.0,0.0,0.0,0.0,0.0,0.0,0.0
2014-09-26,0.0,0.0,0.0,0.022049646814967426,0.0,0.0,0.07475572418298018,0.0,0.0,0.0,0.18561450141273206,0.0,0.0,0.038210215567449614,0.0,0.0,0.0812304491424164,0.0,0.2686865762017149,0.0,0.0,0.0,0.2136711001334192,0.0,0.0,0.11578178654432017,0.0,0.0,0.0,0.0,0.0,0.0,0.0,0.0,0.0
2014-10-03,0.0,0.0,0.0,0.022049646814967426,0.0,0.0,0.07475572418298018,0.0,0.0,0.0,0.18561450141273206,0.0,0.0,0.038560539027471315,0.0,0.0,0.08111113027206635,0.0,0.26858043708346446,0.0,0.0,0.0,0.21420420675960408,0.0,0.0,0.11512381444671405,0.0,0.0,0.0,0.0,0.0,0.0,0.0,0.0,0.0
2014-10-10,0.0,0.0,0.0,0.022049646814967426,0.0,0.0,0.07475572418298018,0.0,0.0,0.0,0.18561450141273206,0.0,0.0,0.03924650276646194,0.0,0.0,0.08535146336313013,0.0,0.2585653423061335,0.0,0.0,0.0,0.21701594404152172,0.0,0.0,0.11740087511207295,0.0,0.0,0.0,0.0,0.0,0.0,0.0,0.0,0.0
2014-10-17,0.0,0.0,0.0,0.022049646814967426,0.0,0.0,0.07475572418298018,0.0,0.0,0.0,0.18561450141273206,0.0,0.0,0.051889768770950855,0.0,0.0,0.11011933936189225,0.0,0.2474022819914267,0.0,0.0,0.0,0.19333141527369882,0.0,0.0,0.11483732219135165,0.0,0.0,0.0,0.0,0.0,0.0,0.0,0.0,0.0
2014-10-24,0.0,0.0,0.0,0.022049646814967426,0.0,0.0,0.07475572418298018,0.0,0.0,0.0,0.18561450141273206,0.0,0.0,0.05434985039726186,0.0,0.0,0.11491342613727187,0.0,0.25377354373055516,0.0,0.0,0.0,0.185652926667494,0.0,0.0,0.1088903806567374,0.0,0.0,0.0,0.0,0.0,0.0,0.0,0.0,0.0
2014-10-31,1.1102230246251565e-16,0.0,0.0,0.0,0.0,0.0,0.06367502811144599,0.0,0.0,0.0,0.18272485483562706,0.0,0.0,0.050330345560851614,0.0,0.0,0.205137793456588,0.0,0.25584837147279776,0.0,0.0,0.0,0.10357405238004913,0.0,0.0,0.13870955418264042,0.0,0.0,0.0,0.0,0.0,0.0,0.0,0.0,0.0
2014-11-07,0.0,0.0,0.0,0.0,0.0,0.0,0.06367502811144599,0.0,0.0,0.0,0.18735398504622075,0.0,0.0,0.04561069639693743,0.0,0.0,0.19709416267484947,0.0,0.26993716114880434,0.0,0.0,0.0,0.10831945171195778,0.0,0.0,0.12800951490978418,0.0,0.0,0.0,0.0,0.0,0.0,0.0,0.0,0.0
2014-11-14,0.0,0.0010148142699823622,0.0,0.0,0.0,0.0,0.06367502811144599,0.0,0.0,0.0,0.2032379581872776,0.0,0.0,0.02420039630482011,0.0,0.0,0.1772106262105645,0.0,0.28444754255722515,0.0,0.0,0.0,0.12245228264804137,0.0,0.0,0.12376135171064284,0.0,0.0,0.0,0.0,0.0,0.0,0.0,0.0,0.0
2014-11-21,0.0,0.0,0.0,0.0,0.0,0.0,0.06367502811144599,0.0,0.0,0.0,0.2184857003399455,0.0,0.0,0.019663360490077997,0.0,0.0,0.16799617584095228,0.0,0.2823249026155472,0.0,0.0,0.0,0.126901176259239,0.0,0.0,0.12095365634279195,0.0,0.0,0.0,0.0,0.0,0.0,0.0,0.0,0.0
2014-11-28,0.0,0.0,0.0,0.0,0.0,0.0,0.1427295605271504,0.0,0.0,0.0,0.13989909864465525,0.0,0.0,0.034686034644135694,0.0,0.0,0.08776928744684298,0.0,0.2269693202972889,0.0,0.0,0.0,0.34687233312998084,0.0,0.0,0.02107436530994594,0.0,0.0,0.0,0.0,0.0,0.0,0.0,0.0,0.0
2014-12-05,0.0023268615617813015,0.0,0.0,0.0,0.0074475529252129484,0.0,0.1427295605271504,0.0,0.0,0.0,0.12165519521720447,0.0,0.0,0.03942866068618451,0.0,0.0,0.09723025483094909,0.0,0.21117974582591748,0.0,0.0,0.0,0.35,0.0,0.0,0.028002168425599914,0.0,0.0,0.0,0.0,0.0,0.0,0.0,0.0,0.0
2014-12-12,0.001371474356938851,0.0,0.0,0.0,0.0,0.0,0.1427295605271504,0.0,0.0,0.0,0.13339265084753404,0.0,0.0,0.03785397966808191,0.0,0.0,0.08865731210060071,0.0,0.22492065718974819,0.0,0.0,0.0,0.35,0.0,0.0,0.02107436530994594,0.0,0.0,0.0,0.0,0.0,0.0,0.0,0.0,0.0
2014-12-19,0.0031193816413934705,0.0,0.0,0.0,0.0,0.0,0.1427295605271504,0.0,0.0,0.0,0.12165519521720447,0.0,0.0,0.04300913152545387,0.0,0.0,0.09430716817516885,0.0,0.22293109243569403,0.0,0.0,0.0,0.35,0.0,0.0,0.02224847047793497,0.0,0.0,0.0,0.0,0.0,0.0,0.0,0.0,0.0
2014-12-26,0.06214015635764558,0.0,0.0,0.0,0.0,0.0,0.13377459805092673,0.0,0.0,0.0,0.13377459805092673,0.0,0.0,0.030632853532008994,0.0,0.0,0.10402972639762653,0.0,0.24253547300447753,0.0,0.0,0.0,0.28732456374839077,0.0,0.0,0.0057880308579970514,0.0,0.0,0.0,0.0,0.0,0.0,0.0,0.0,0.0
2015-01-02,0.06214015635764558,0.0,0.0,0.0,0.0,0.0,0.13377459805092673,0.0,0.0,0.0,0.1424499550983709,0.0,0.0,0.028637158827154428,0.0,0.0,0.10291037226923438,0.0,0.24426328126453797,0.0,0.0,0.0,0.28582447813212997,0.0,0.0,0.0,0.0,0.0,0.0,0.0,0.0,0.0,0.0,0.0,0.0
2015-01-09,0.06214015635764569,0.0,0.0,0.0,0.0,0.0,0.13377459805092673,0.0,0.0,0.002938363516641031,0.13377459805092673,0.0,0.0,0.0332258110857089,0.0,0.0,0.10564273779207414,0.0,0.23981943586182533,0.0,0.0,0.0,0.28868429928425154,0.0,0.0,0.0,0.0,0.0,0.0,0.0,0.0,0.0,0.0,0.0,0.0
2015-01-16,0.06214015635764558,0.0,0.0,0.0,0.0,0.0,0.13377459805092673,0.0,0.0,0.004536566097808965,0.13377459805092673,0.0,0.0,0.030212551128603327,0.0,0.0,0.0997614442862522,0.0,0.2504609661345804,0.0,0.0,0.0,0.285339119893256,0.0,0.0,0.0,0.0,0.0,0.0,0.0,0.0,0.0,0.0,0.0,0.0
2015-01-23,0.06214015635764558,0.0,0.0,0.0,0.0,0.0,0.13377459805092673,0.0,0.0,0.005046161357638509,0.13377459805092673,0.0,0.0,0.032225370011636785,0.0,0.0,0.10579031289170668,0.0,0.24029652607382698,0.0,0.0,0.0,0.286952277205692,0.0,0.0,0.0,0.0,0.0,0.0,0.0,0.0,0.0,0.0,0.0,0.0
2015-01-30,0.0,0.0,0.0,0.0,0.0,0.03048907225519201,0.03955210403400038,0.0,0.0,0.006567203947659788,0.18220568501357537,0.0,0.09820800088290085,0.0367332706583064,0.0,0.0,0.09282335723247821,0.0,0.26826775444637035,0.0,0.0,0.0,0.2451535515295166,0.0,0.0,0.0,0.0,0.0,0.0,0.0,0.0,0.0,0.0,0.0,0.0
2015-02-06,1.1102230246251565e-16,0.0,0.0,0.0,0.0,0.03048907225519201,0.03955210403400038,0.0,0.0,0.005823379697645645,0.18220568501357537,0.0,0.09820800088290085,0.028921831778827383,0.0,0.0,0.08495533730392173,0.0,0.27989707644653455,0.0,0.0,0.0,0.24994751258740203,0.0,0.0,0.0,0.0,0.0,0.0,0.0,0.0,0.0,0.0,0.0,0.0
2015-02-13,0.0,0.0,0.0,0.0,0.0,0.03048907225519201,0.03955210403400038,0.0,0.0,0.005180604338321837,0.1851129790175065,0.0,0.09820800088290085,0.02321093036987719,0.0,0.0,0.08325359914653828,0.0,0.28544214713631627,0.0,0.0,0.0,0.2495505628193467,0.0,0.0,0.0,0.0,0.0,0.0,0.0,0.0,0.0,0.0,0.0,0.0
2015-02-20,0.0,0.0,0.0,0.0,0.0,0.03048907225519201,0.03955210403400038,0.0,0.0,0.0029478651016435456,0.19591030839034015,0.0,0.09820800088290085,0.02002146309955269,0.0,0.0,0.08485958176146806,0.0,0.2811049439896222,0.0,0.0,0.0,0.24690666048528007,0.0,0.0,0.0,0.0,0.0,0.0,0.0,0.0,0.0,0.0,0.0,0.0
2015-02-27,0.0,0.0,0.0,0.016468377097353392,0.0,0.0,0.045299503539272534,0.0,0.0,0.001811562306153129,0.13774306526820904,0.0,0.0,0.03678026874177839,0.0,0.0,0.2459370424233816,0.0,0.20222024946759964,0.0,0.0,0.0,0.31373993115625226,0.0,0.0,0.0,0.0,0.0,0.0,0.0,0.0,0.0,0.0,0.0,0.0
2015-03-06,0.0,0.0,0.0,0.016468377097353392,0.0,0.004517057531631069,0.045299503539272534,0.0,0.0,0.0,0.1827701497221379,0.0,0.0,0.02951872577114355,0.0,0.0,0.22792290716079794,0.0,0.19219845444943795,0.0,0.0,0.0,0.30130482472822573,0.0,0.0,0.0,0.0,0.0,0.0,0.0,0.0,0.0,0.0,0.0,0.0
2015-03-13,2.220446049250313e-16,0.0,0.0,0.016468377097353392,0.0,0.0,0.045299503539272534,0.0,0.0,0.005520902182227815,0.1371281816453619,0.0,0.0,0.03672547626914119,0.0,0.0,0.23797921661568838,0.0,0.19990155453549477,0.0,0.0,0.0,0.32097678811545993,0.0,0.0,0.0,0.0,0.0,0.0,0.0,0.0,0.0,0.0,0.0,0.0
2015-03-20,0.0,0.0,0.0,0.016468377097353392,0.0019011728468421429,0.0,0.045299503539272534,0.0,0.0,0.006587270354836141,0.11266018369853567,0.0,0.0,0.05945505875966241,0.0,0.0,0.25170476949969156,0.0,0.1816324984847359,0.0,0.0,0.0,0.32429116571907024,0.0,0.0,0.0,0.0,0.0,0.0,0.0,0.0,0.0,0.0,0.0,0.0
2015-03-27,1.1102230246251565e-16,0.0,0.0,0.01901790294599612,0.01634664111332262,0.0,0.0640740903569491,0.0,0.0,0.005185147878933784,0.12851143004596266,0.0,0.0,0.04540497963799001,0.0,0.0,0.08422954331657528,0.0,0.2131499972302974,0.0,0.0,0.0,0.2922738000357879,0.0,0.0,0.13180646743818503,0.0,0.0,0.0,0.0,0.0,0.0,0.0,0.0,0.0
2015-04-03,1.1102230246251565e-16,0.0,0.0,0.01901790294599612,0.012333739961730712,0.0,0.0640740903569491,0.0,0.0,0.020038888268988322,0.12851143004596266,0.0,0.0,0.04423935910527777,0.0,0.0,0.08102399229047111,0.0,0.2217377660720316,0.0,0.0,0.0,0.2772163635144075,0.0,0.0,0.13180646743818503,0.0,0.0,0.0,0.0,0.0,0.0,0.0,0.0,0.0
2015-04-10,1.1102230246251565e-16,0.0,0.0,0.01901790294599612,0.027592549424231408,0.0,0.0640740903569491,0.0,0.0,0.021157553194356152,0.12851143004596266,0.0,0.0,0.051157246837427596,0.0,0.0,0.0848808019444719,0.0,0.2060135186357652,0.0,0.0,0.0,0.26578843917665473,0.0,0.0,0.13180646743818503,0.0,0.0,0.0,0.0,0.0,0.0,0.0,0.0,0.0
2015-04-17,0.0,0.0,0.0,0.020838688872294807,0.03891457171597583,0.0,0.0640740903569491,0.0,0.0,0.03876260403566793,0.12851143004596266,0.0,0.0,0.041112674262185504,0.0,0.0,0.0763064477773343,0.0,0.1987504707711418,0.0,0.0,0.0,0.260922554724303,0.0,0.0,0.13180646743818503,0.0,0.0,0.0,0.0,0.0,0.0,0.0,0.0,0.0
2015-04-24,0.004680406605345855,0.0,0.0,0.027765203287830963,0.019814716098347382,0.0,0.06399656914510503,0.0,0.0,0.029667789211237774,0.15304697636679687,0.0,0.0,0.13248688768879033,0.0,0.0,0.0812852956379777,0.0,0.22858768293140677,0.0,0.0,0.0012565526039781383,0.23334360003116436,0.0,0.0,0.024068320392018932,0.0,0.0,0.0,0.0,0.0,0.0,0.0,0.0,0.0
2015-05-01,0.004680406605345633,0.0,0.0,0.025268585790137292,0.033638197846212525,0.0,0.06399656914510503,0.0,0.0,0.027021326876570398,0.15304697636679687,0.0,0.0,0.12896310811234052,0.0,0.0,0.07828803389066663,0.0,0.23838115130230006,0.0,0.0,0.0,0.22264732367250603,0.0,0.0,0.024068320392018932,0.0,0.0,0.0,0.0,0.0,0.0,0.0,0.0,0.0
2015-05-08,0.004680406605345744,0.0,0.0,0.024068320392018932,0.020336748527474753,0.0,0.06399656914510503,0.0,0.0,0.03860071548187103,0.15304697636679687,0.0,0.0,0.12775026712465948,0.0,0.0,0.07615765965668835,0.0,0.23332075438614644,0.0,0.0,0.0,0.23397326192187448,0.0,0.0,0.024068320392018932,0.0,0.0,0.0,0.0,0.0,0.0,0.0,0.0,0.0
2015-05-15,0.004680406605345744,0.0,0.0,0.024068320392018932,0.03487198930408409,0.0,0.06399656914510503,0.0,0.0,0.02885574211769432,0.15304697636679687,0.0,0.0,0.13049017352176026,0.0,0.0,0.0780017870338828,0.0,0.23417073864003915,0.0,0.0,0.0,0.218206760120759,0.0,0.0,0.029610536752513805,0.0,0.0,0.0,0.0,0.0,0.0,0.0,0.0,0.0
2015-05-22,0.004680406605345855,0.0,0.0,0.024068320392018932,0.03781239073502452,0.0,0.06399656914510503,0.0,0.0,0.02597923799207057,0.16346298003494308,0.0,0.0,0.12017726708301375,0.0,0.0,0.07670865467427142,0.0,0.2404214700938688,0.0,0.0,0.0,0.2186243828523192,0.0,0.0,0.024068320392018932,0.0,0.0,0.0,0.0,0.0,0.0,0.0,0.0,0.0
2015-05-29,0.0,0.0,0.0,0.020066166816623432,0.10177427144724688,0.0,0.07621966546826173,0.0,0.0,0.0907302400366774,0.056153498651638295,0.0,0.0,0.025863702210900456,0.0,0.0,0.07602144394443158,0.0,0.33053394331948194,0.0,0.0,0.0,0.1975088308881451,0.0,0.0,0.02512823721659313,0.0,0.0,0.0,0.0,0.0,0.0,0.0,0.0,0.0
2015-06-05,0.0,0.0,0.0,0.020066166816623432,0.10527360403474975,0.0,0.07621966546826173,0.0,0.0,0.08564598196194452,0.056153498651638295,0.0,0.0,0.028407444506215615,0.0,0.0,0.08744319413956851,0.0,0.3125242183254198,0.0,0.0,0.005873016404864975,0.1904730962684736,0.0,0.0,0.031920113422239715,0.0,0.0,0.0,0.0,0.0,0.0,0.0,0.0,0.0
2015-06-12,1.1102230246251565e-16,0.0,0.0,0.023747537686134083,0.10565145163010477,0.0,0.07621966546826173,0.0,0.0,0.0823654238769817,0.056153498651638295,0.0,0.0,0.026676529459793565,0.0,0.0,0.08478965489821248,0.0,0.32077907800152433,0.0,0.0,0.0062083792544443345,0.1916517094266119,0.0,0.0,0.02575707164629277,0.0,0.0,0.0,0.0,0.0,0.0,0.0,0.0,0.0
2015-06-19,0.0,0.0,0.0,0.03703465345646452,0.10158442427224199,0.0,0.07621966546826173,0.0,0.0,0.06760438295637497,0.056153498651638295,0.0,0.0,0.026038236199884345,0.0,0.0,0.07936270125638667,0.0,0.30993296182166574,0.0,0.0,0.01949916908418993,0.19244808885293102,0.0,0.0,0.03412221797996079,0.0,0.0,0.0,0.0,0.0,0.0,0.0,0.0,0.0
2015-06-26,0.29271786267126365,0.0,0.0,0.038352178494051106,0.06588743840748794,0.0,0.09567209208539411,0.0,0.0,0.014353568221804693,0.06455671101247286,0.0,0.0,0.056226133206683154,0.0,0.0,0.11609247385363147,0.0,0.1000041712773247,0.0,0.0,0.041818329727187534,0.1000041712773247,0.0,0.0,0.014314869765374067,0.0,0.0,0.0,0.0,0.0,0.0,0.0,0.0,0.0
2015-07-03,0.29271786267126376,0.0,0.0,0.03437214143978954,0.06594815899483886,0.0,0.09567209208539411,0.0,0.0,0.021130664248199628,0.06455671101247286,0.0,0.0,0.06041532079691614,0.0,0.0,0.11949485093102999,0.0,0.1000041712773247,0.0,0.0,0.03797310788998198,0.10699505454186248,0.0,0.0,0.000719864110926036,0.0,0.0,0.0,0.0,0.0,0.0,0.0,0.0,0.0
2015-07-10,0.29271786267126365,0.0,0.0,0.03867524330764235,0.06735147757866188,0.0,0.09567209208539411,0.0,0.0,0.022947622827434108,0.06455671101247286,0.0,0.0,0.05697138595072432,0.0,0.0,0.11656716831899054,0.0,0.1000041712773247,0.0,0.0,0.044532093692766776,0.1000041712773247,0.0,0.0,0.0,0.0,0.0,0.0,0.0,0.0,0.0,0.0,0.0,0.0
2015-07-17,0.29271786267126365,0.0,0.0,0.043905963648233376,0.06341582831742332,0.0,0.09567209208539411,0.0,0.0,0.024672249867866678,0.06455671101247286,0.0,0.0,0.051088885139674814,0.0,0.0,0.11650597515587971,0.0,0.1000041712773247,0.0,0.0,0.04745608954714206,0.1000041712773247,0.0,0.0,0.0,0.0,0.0,0.0,0.0,0.0,0.0,0.0,0.0,0.0
2015-07-24,0.29271786267126365,0.0,0.0,0.036962357723183244,0.06137892112227723,0.0,0.09567209208539411,0.0,0.0,0.030257860653310296,0.06455671101247286,0.0,0.0,0.057580420060791414,0.0,0.0,0.12017081152761472,0.0,0.1000041712773247,0.0,0.0,0.04069462058904309,0.1000041712773247,0.0,0.0,0.0,0.0,0.0,0.0,0.0,0.0,0.0,0.0,0.0,0.0
2015-07-31,0.07215481606066598,0.0,0.0,0.08608461793399313,0.063050848737744,0.0,0.2998236114571244,0.0,0.0,0.06122821616624163,0.05238841576339706,0.0,0.0,0.017231471817422937,0.0,0.0,0.218603673966817,0.0,0.08656471301454621,0.0,0.0,0.008693317830898538,0.03417629725114915,0.0,0.0,0.0,0.0,0.0,0.0,0.0,0.0,0.0,0.0,0.0,0.0
2015-08-07,0.07215481606066587,0.0,0.0,0.08280805632958688,0.06268850313260171,0.0,0.2998236114571244,0.0,0.0,0.06561345722946127,0.05238841576339706,0.0,0.0,0.018112852601397767,0.0,0.0,0.21632997526745396,0.0,0.08656471301454621,0.0,0.0,0.009339301892615644,0.03417629725114915,0.0,0.0,0.0,0.0,0.0,0.0,0.0,0.0,0.0,0.0,0.0,0.0
2015-08-14,0.07215481606066587,0.0,0.0,0.08464438588627148,0.06224317031402286,0.0,0.2998236114571244,0.0,0.0,0.0647116145741561,0.05238841576339706,0.0,0.0,0.01992353493539568,0.0,0.0,0.2162659412848848,0.0,0.08656471301454621,0.0,0.0,0.007103499458386334,0.03417629725114915,0.0,0.0,0.0,0.0,0.0,0.0,0.0,0.0,0.0,0.0,0.0,0.0
2015-08-21,0.07215481606066598,0.0,0.0,0.08535625553543127,0.05851696162453264,0.0,0.2998236114571244,0.0,0.0,0.06076142569528615,0.05238841576339706,0.0,0.0,0.0253519708241882,0.0,0.0,0.2144016311400889,0.0,0.08656471301454621,0.0,0.0,0.007528852178074279,0.03715134670666497,0.0,0.0,0.0,0.0,0.0,0.0,0.0,0.0,0.0,0.0,0.0,0.0
2015-08-28,0.6,0.0,0.0,0.0,0.007817688221399194,0.0,0.14942695344830337,0.0,0.0,0.03871269167074003,0.019737992294321084,0.0,0.011030681117661345,0.009586776233479205,0.0,0.0,0.02931839022157441,0.0,0.12017356139102056,0.0,0.0,0.0,0.014195265401500849,0.0,0.0,0.0,0.0,0.0,0.0,0.0,0.0,0.0,0.0,0.0,0.0
2015-09-04,0.6,0.0,0.0,0.0010458398630864983,0.008321275642696569,0.0,0.14942695344830337,0.0,0.0,0.037700009747106224,0.019737992294321084,0.0,0.011030681117661345,0.007746556105893298,0.0,0.0,0.03114420790217426,0.0,0.11709401848083853,0.0,0.0,0.0,0.01675246539791887,0.0,0.0,0.0,0.0,0.0,0.0,0.0,0.0,0.0,0.0,0.0,0.0
2015-09-11,0.6,0.0,0.0,0.0011158513546313809,0.008565945237863337,0.0,0.14942695344830337,0.0,0.0,0.03076867341198243,0.019737992294321084,0.0,0.011030681117661345,0.007198099043699922,0.0,0.0,0.028934937250935495,0.0,0.12502990117462312,0.0,0.0,0.0003700056537734604,0.017820960012205095,0.0,0.0,0.0,0.0,0.0,0.0,0.0,0.0,0.0,0.0,0.0,0.0
2015-09-18,0.6,0.0,0.0,0.0011445237352131967,0.008268333207566193,0.0,0.14942695344830337,0.0,0.0,0.03076867341198243,0.019737992294321084,0.0,0.011030681117661345,0.007049273273255106,0.0,0.0,0.030745780855627514,0.0,0.1218931535797097,0.0,0.0,0.000378975206461884,0.0195556598698982,0.0,0.0,0.0,0.0,0.0,0.0,0.0,0.0,0.0,0.0,0.0,0.0
2015-09-25,0.688887791795643,0.0,0.0,0.00955365767260012,0.002153486390834973,0.0,0.018613348134723373,0.0,0.0,0.0,0.04195245678740394,0.0,0.0,0.0003113259449271794,0.0,0.0,0.00955365767260012,0.0,0.1821041384867013,0.0,0.0,0.0,0.046870137114566,0.0,0.0,0.0,0.0,0.0,0.0,0.0,0.0,0.0,0.0,0.0,0.0
2015-10-02,0.6888877917956431,0.0,0.0,0.00955365767260012,0.005593571226014435,0.0,0.021492369300643122,0.0,0.0,0.0,0.037292579208003565,0.0,0.0,0.0062442578010085785,0.0,0.0,0.00955365767260012,0.0,0.17970807714103315,0.0,0.0,0.0,0.04167403818245388,0.0,0.0,0.0,0.0,0.0,0.0,0.0,0.0,0.0,0.0,0.0,0.0
2015-10-09,0.688887791795643,0.0,0.0,0.00955365767260012,0.0006092128770757224,0.0,0.02338048954976428,0.0,0.0,0.0002646319400492799,0.046170149290077796,0.0,0.0,0.003612753004959369,0.0,0.0,0.00955365767260012,0.0,0.17629361801477644,0.0,0.0,0.0,0.04167403818245388,0.0,0.0,0.0,0.0,0.0,0.0,0.0,0.0,0.0,0.0,0.0,0.0
2015-10-16,0.688887791795643,0.0,0.0,0.00955365767260012,0.0034758352255648346,0.0,0.022104547133451603,0.0,0.0,0.0031532671834755936,0.03887570493631539,0.0,0.0,0.00900483882659965,0.0,0.0,0.00955365767260012,0.0,0.17371666137129582,0.0,0.0,0.0,0.04167403818245388,0.0,0.0,0.0,0.0,0.0,0.0,0.0,0.0,0.0,0.0,0.0,0.0
2015-10-23,0.6888877917956431,0.0,0.0,0.00955365767260012,0.0,0.0,0.02201333574537713,0.0,0.0,0.002424709029125279,0.0444698247653146,0.0,0.0,0.008827516712448429,0.0,0.0,0.009939559913311666,0.0,0.17220956618372588,0.0,0.0,0.0,0.04167403818245388,0.0,0.0,0.0,0.0,0.0,0.0,0.0,0.0,0.0,0.0,0.0,0.0
2015-10-30,0.07495861173343732,0.0,0.0,0.0,0.005348160894494104,0.0,0.14605606497406362,0.0,0.0,0.07397902574483081,0.18763691768376128,0.0,0.0,0.008064101607789845,0.0,0.0,0.13094493803631302,0.0,0.19302511017263632,0.0,0.0,0.0,0.17998706915267373,0.0,0.0,0.0,0.0,0.0,0.0,0.0,0.0,0.0,0.0,0.0,0.0
2015-11-06,0.07495861173343732,0.0,0.0,0.0,0.0,0.0008196576455060919,0.14150180540414925,0.0,0.0,0.07397902574483081,0.1838272093728816,0.0,0.0,0.008707800826339773,0.0,0.0,0.13094493803631302,0.0,0.20104791969491498,0.0,0.0,0.0,0.18421303154162721,0.0,0.0,0.0,0.0,0.0,0.0,0.0,0.0,0.0,0.0,0.0,0.0
2015-11-13,0.07495861173343721,0.0,0.0,0.0,0.005869995312468947,0.0,0.14150180540414925,0.0,0.0,0.07397902574483081,0.16907138969210808,0.0,0.0,0.01601754416460681,0.0,0.0,0.13094493803631302,0.0,0.19005540631105272,0.0,0.0,0.0,0.19760128360103313,0.0,0.0,0.0,0.0,0.0,0.0,0.0,0.0,0.0,0.0,0.0,0.0
2015-11-20,0.07495861173343721,0.0,0.0,0.0,0.003521820897583852,0.0,0.14150180540414925,0.0,0.0,0.07397902574483081,0.17524579990220465,0.0,0.0,0.009098285780335018,0.0,0.0,0.13094493803631302,0.0,0.19773269271467042,0.0,0.0,0.0,0.19301701978647573,0.0,0.0,0.0,0.0,0.0,0.0,0.0,0.0,0.0,0.0,0.0,0.0
2015-11-27,0.14314417756323194,0.0,0.0,0.0,0.013560354990651688,0.06660151414598053,0.11922785598705068,0.0,0.0,0.0,0.13848703828936482,0.0,0.0,0.016455138583907472,0.0,0.0,0.13905827100339058,0.0,0.16689152335271837,0.0,0.0,0.0,0.19657412608370395,0.0,0.0,0.0,0.0,0.0,0.0,0.0,0.0,0.0,0.0,0.0,0.0
2015-12-04,0.14314417756323194,0.0,0.0,0.0,0.011362198791182701,0.06660151414598053,0.11922785598705068,0.0,0.0,0.0,0.1226778628409168,0.0,0.0,0.023000749261114284,0.0,0.0,0.14714642250347654,0.0,0.16178979190615078,0.0,0.0,0.0,0.2050494270008958,0.0,0.0,0.0,0.0,0.0,0.0,0.0,0.0,0.0,0.0,0.0,0.0
2015-12-11,0.14314417756323183,0.0,0.0,0.0,0.01165824968071127,0.06660151414598053,0.11922785598705068,0.0,0.0,0.00593095835136724,0.11922785598705068,0.0,0.0,0.023352015187503874,0.0,0.0,0.15089830895244194,0.0,0.1579961787612752,0.0,0.0,0.0,0.2019628853833867,0.0,0.0,0.0,0.0,0.0,0.0,0.0,0.0,0.0,0.0,0.0,0.0
2015-12-18,0.14314417756323183,0.0,0.0,0.0,0.02321568712825825,0.06660151414598053,0.11922785598705068,0.0,0.0,0.0,0.11922785598705068,0.0,0.0,0.02800203938017341,0.0,0.0,0.14839136398997388,0.0,0.1579961787612752,0.0,0.0,0.0,0.19419332705700548,0.0,0.0,0.0,0.0,0.0,0.0,0.0,0.0,0.0,0.0,0.0,0.0
2015-12-25,0.5999999999999999,0.0,0.0,0.014890971215339423,0.02966706146496117,0.0,0.08446523486528099,0.0,0.0,0.0,0.08446523486528099,0.0,0.0,0.016043273563389016,0.0,0.0,0.04332782155065272,0.0,0.05226363337659034,0.0,0.0,0.0,0.0748767690985054,0.0,0.0,0.0,0.0,0.0,0.0,0.0,0.0,0.0,0.0,0.0,0.0
2016-01-01,0.6,0.0,0.0,0.014890971215339423,0.024146974575094814,0.0,0.08446523486528099,0.0,0.0,0.0015119859726203523,0.08696675259888188,0.0,0.0,0.01404148124359956,0.0,0.0,0.042918527419127,0.0,0.05226363337659034,0.0,0.0,0.0,0.07879443873346567,0.0,0.0,0.0,0.0,0.0,0.0,0.0,0.0,0.0,0.0,0.0,0.0
2016-01-08,0.5999999999999999,0.0,0.0,0.016541924682601617,0.026108295896873607,0.0,0.08446523486528099,0.0,0.0,0.0,0.08446523486528099,0.0,0.0,0.015025774117525282,0.0,0.0,0.0448285706012289,0.0,0.05226363337659034,0.0,0.0,0.0027508914086347347,0.07355044018598358,0.0,0.0,0.0,0.0,0.0,0.0,0.0,0.0,0.0,0.0,0.0,0.0
2016-01-15,0.6,0.0,0.0,0.014890971215339423,0.01993933040314177,0.0,0.08446523486528099,0.0,0.0,0.0,0.1018858748941712,0.0,0.0,0.010465758935126857,0.0,0.0,0.03293989065901086,0.0,0.06825833443599917,0.0,0.0,0.0,0.06715460459192976,0.0,0.0,0.0,0.0,0.0,0.0,0.0,0.0,0.0,0.0,0.0,0.0
2016-01-22,0.6,0.0,0.0,0.014890971215339423,0.02357704783362302,0.0,0.08446523486528099,0.0,0.0,0.0,0.09258450750247878,0.0,0.0,0.014604902028690886,0.0,0.0,0.03378230795588911,0.0,0.06439453068704998,0.0,0.0,0.0,0.07170049791164787,0.0,0.0,0.0,0.0,0.0,0.0,0.0,0.0,0.0,0.0,0.0,0.0
2016-01-29,0.6381715538109725,0.0,0.0,0.009097260520483612,0.0017236514168463728,0.0,0.021018642798130246,0.0,0.0,0.0,0.12416324060067217,0.0,0.0,0.015173966042203729,0.0,0.0,0.04193688220391972,0.0,0.11337638152410986,0.0,0.0,0.030115903318613857,0.005222517764047918,0.0,0.0,0.0,0.0,0.0,0.0,0.0,0.0,0.0,0.0,0.0,0.0
2016-02-05,0.6381715538109725,0.0,0.0,0.009097260520483612,0.004105774327458172,0.0,0.021018642798130246,0.0,0.0,0.0,0.12416324060067217,0.0,0.0,0.0119021413308762,0.0,0.0,0.03403483462452504,0.0,0.11337638152410986,0.0,0.0,0.030115903318613857,0.014014267144158328,0.0,0.0,0.0,0.0,0.0,0.0,0.0,0.0,0.0,0.0,0.0,0.0
2016-02-12,0.6381715538109725,0.0,0.0,0.009097260520483612,0.0,0.002044533142495503,0.021018642798130246,0.0,0.0,0.0,0.1421582058964793,0.0,0.0,0.0008512784510659003,0.0,0.0,0.02818303742596987,0.0,0.12477463215906912,0.0,0.0,0.030115903318613857,0.0035849524767201063,0.0,0.0,0.0,0.0,0.0,0.0,0.0,0.0,0.0,0.0,0.0,0.0
2016-02-19,0.6381715538109725,0.0,0.0,0.009097260520483612,0.0,0.0012423441224115681,0.021018642798130246,0.0,0.0,0.0,0.14331285595008653,0.0,0.0,0.00019167988102491125,0.0,0.0,0.02818303742596987,0.0,0.12558411027709884,0.0,0.0,0.030115903318613857,0.0030826118952080764,0.0,0.0,0.0,0.0,0.0,0.0,0.0,0.0,0.0,0.0,0.0,0.0
2016-02-26,0.6310273281752115,0.019782161814925654,0.0,0.0,0.0,0.0519067821422827,0.0677788976057698,0.0,0.0,0.0,0.0835754420159047,0.0,0.0,0.0015107673287847684,0.0,0.0,0.0,0.0,0.10041174149631418,0.0,0.0,0.0,0.04400687942080679,0.0,0.0,0.0,0.0,0.0,0.0,0.0,0.0,0.0,0.0,0.0,0.0
2016-03-04,0.6310273281752115,0.019782161814925654,0.0,0.0,0.0,0.05383729238949877,0.0677788976057698,0.0,0.0,0.0,0.08186087060571423,0.0,0.0,0.0005664363915513801,0.0,0.0,0.0,0.0,0.10020989760178418,0.0,0.0,0.0,0.04493711541554458,0.0,0.0,0.0,0.0,0.0,0.0,0.0,0.0,0.0,0.0,0.0,0.0
2016-03-11,0.6310273281752115,0.019782161814925654,0.0,0.0,0.0,0.057120153315744465,0.0677788976057698,0.0,0.0,0.0,0.07861046030549737,0.0,0.0,0.0,0.0,0.0,0.0,0.0,0.10124426055246005,0.0,0.0,0.0,0.04443673823039126,0.0,0.0,0.0,0.0,0.0,0.0,0.0,0.0,0.0,0.0,0.0,0.0
2016-03-18,0.6310273281752115,0.019782161814925654,0.0,0.0,0.0,0.059321192484639844,0.0677788976057698,0.0,0.0,0.0,0.07879981124712568,0.0,0.0,0.0,0.0,0.0,0.0,0.0,0.10012509459271353,0.0,0.0,0.0,0.043165514079614095,0.0,0.0,0.0,0.0,0.0,0.0,0.0,0.0,0.0,0.0,0.0,0.0
2016-03-25,0.1256022117370349,0.11441665799182796,0.0,0.0,0.0,0.2089856155445334,0.09838246464227496,0.0,0.0,0.0,0.14041860445965001,0.0,0.0,0.0,0.0,0.0,0.04205105461923034,0.0,0.22495895093206592,0.0,0.0,0.0,0.04518444007338251,0.0,0.0,0.0,0.0,0.0,0.0,0.0,0.0,0.0,0.0,0.0,0.0
2016-04-01,0.125602211737035,0.11441665799182796,0.0,0.0,0.0,0.20781639294779677,0.09838246464227496,0.0,0.0,0.0,0.14399868245259873,0.0,0.0,0.0,0.0,0.0,0.04205105461923034,0.0,0.2220067836743535,0.0,0.0,0.0,0.04572575193488283,0.0,0.0,0.0,0.0,0.0,0.0,0.0,0.0,0.0,0.0,0.0,0.0
2016-04-08,0.1256022117370349,0.11441665799182796,0.0,0.0,0.0,0.21138470660090034,0.09838246464227496,0.0,0.0,0.0,0.13124827873996106,0.0,0.0,0.0,0.0,0.0,0.04205105461923034,0.0,0.222228929427019,0.0,0.0,0.0,0.05468569624175145,0.0,0.0,0.0,0.0,0.0,0.0,0.0,0.0,0.0,0.0,0.0,0.0
2016-04-15,0.12560221173703479,0.11441665799182796,0.0,0.0,0.0,0.20754227962291033,0.09838246464227496,0.0,0.0,0.0,0.13578900961314128,0.0,0.0,0.002067274066994681,0.0,0.0,0.04675777990107071,0.0,0.21630907759435727,0.0,0.0,0.0,0.05313324483038788,0.0,0.0,0.0,0.0,0.0,0.0,0.0,0.0,0.0,0.0,0.0,0.0
2016-04-22,0.1256022117370349,0.11441665799182796,0.0,0.0,0.0,0.2117247660941473,0.09838246464227496,0.0,0.0,0.0,0.12755507306698788,0.0,0.0,0.0,0.0,0.0,0.047145977988165534,0.0,0.21528298785834468,0.0,0.0,0.0,0.059889860621216776,0.0,0.0,0.0,0.0,0.0,0.0,0.0,0.0,0.0,0.0,0.0,0.0
2016-04-29,0.01580244050419477,0.0,0.0,0.029476407304135598,0.0,0.19859117047232822,0.029476407304135598,0.0,0.0,0.0,0.1575231258548509,0.0,0.0,0.0,0.0,0.0,0.031237970838553474,0.0,0.20500737565132138,0.0,0.0,0.0,0.30340869476634447,0.0,0.0,0.029476407304135598,0.0,0.0,0.0,0.0,0.0,0.0,0.0,0.0,0.0
2016-05-06,0.01580244050419477,0.0,0.0,0.029476407304135598,0.0,0.1959690387611161,0.029476407304135598,0.0,0.0,0.0,0.15740047353540082,0.0,0.0,0.0,0.0,0.0,0.033446443933296786,0.0,0.20460469495510902,0.0,0.0,0.0,0.3043476863984757,0.0,0.0,0.029476407304135598,0.0,0.0,0.0,0.0,0.0,0.0,0.0,0.0,0.0
2016-05-13,0.01580244050419477,0.0,0.0,0.029476407304135598,0.0,0.19468375655667008,0.029476407304135598,0.0,0.0,0.0,0.16170818998922654,0.0,0.0,0.0015119612146519473,0.0,0.0,0.032326368994645874,0.0,0.20239783689151603,0.0,0.0,0.0,0.30314022393668794,0.0,0.0,0.029476407304135598,0.0,0.0,0.0,0.0,0.0,0.0,0.0,0.0,0.0
2016-05-20,0.01580244050419488,0.0,0.0,0.029476407304135598,0.0,0.19281919177641704,0.029476407304135598,0.0,0.0,0.0,0.15084090994617766,0.0,0.0,0.005304598140365848,0.0,0.0,0.03501361305727536,0.0,0.20702839593904204,0.0,0.0,0.0,0.3047616287241204,0.0,0.0,0.029476407304135598,0.0,0.0,0.0,0.0,0.0,0.0,0.0,0.0,0.0
2016-05-27,0.12134783974456664,0.0,0.0,0.0,0.0,0.12953013189036242,0.01569689837008806,0.0,0.0,0.0,0.19696436552960825,0.0,0.01569689837008806,0.0,0.0,0.0,0.027323103348908764,0.0,0.1434407627463778,0.0,0.0,0.0,0.35,0.0,0.0,0.0,0.0,0.0,0.0,0.0,0.0,0.0,0.0,0.0,0.0
2016-06-03,0.10694486020703697,0.003492239087255409,0.0,0.0,0.0,0.13591872346575992,0.022920824218458917,0.0,0.0,0.0,0.19370811853911418,0.0,0.01569689837008806,0.0,0.0,0.0,0.022962365669009027,0.0,0.14835597044327753,0.0,0.0,0.0,0.35,0.0,0.0,0.0,0.0,0.0,0.0,0.0,0.0,0.0,0.0,0.0,0.0
2016-06-10,0.11334260292119813,0.0,0.0,0.0,0.0,0.1328133503034007,0.01569689837008806,0.0,0.0,0.0,0.18920620769957838,0.0,0.01569689837008806,0.0,0.0,0.0,0.023847075522519513,0.0,0.15939696681312718,0.0,0.0,0.0,0.35,0.0,0.0,0.0,0.0,0.0,0.0,0.0,0.0,0.0,0.0,0.0,0.0
2016-06-17,0.11215947332542164,0.0,0.0,0.0,0.0,0.13184970831487228,0.020029302406226086,0.0,0.0,0.0,0.18883648719309568,0.0,0.01569689837008806,0.0,0.0,0.0,0.023460613119703502,0.0,0.15796751727059274,0.0,0.0,0.0,0.35,0.0,0.0,0.0,0.0,0.0,0.0,0.0,0.0,0.0,0.0,0.0,0.0
2016-06-24,0.03215677050501897,0.0,0.0,0.0,0.0,0.1452872266213264,0.020622901732237523,0.0,0.0,0.0,0.2008844522730038,0.0,0.017422198230538116,0.0,0.0,0.0,0.025009684547265223,0.0,0.19119456786007177,0.0,0.0,0.0,0.35,0.0,0.0,0.017422198230538116,0.0,0.0,0.0,0.0,0.0,0.0,0.0,0.0,0.0
2016-07-01,0.04195552277137049,0.0,0.0,0.0,0.0,0.13252982304975452,0.020808867993266957,0.0,0.0,0.0,0.19493966867888884,0.0,0.017422198230538116,0.0,0.0,0.0,0.027394640111834116,0.0,0.1975270809338087,0.0,0.0,0.0,0.35,0.0,0.0,0.017422198230538116,0.0,0.0,0.0,0.0,0.0,0.0,0.0,0.0,0.0
2016-07-08,0.03691745358506371,0.006045134963603602,0.0,0.0,0.0,0.1437137336247497,0.023847292359398926,0.0,0.0,0.0,0.183543784553102,0.0,0.017422198230538116,0.0,0.0,0.0,0.026613815719766558,0.0,0.19447438873323938,0.0,0.0,0.0,0.35,0.0,0.0,0.017422198230538116,0.0,0.0,0.0,0.0,0.0,0.0,0.0,0.0,0.0
2016-07-15,0.03182001724281602,0.02339936624353267,0.0,0.0,0.0,0.1445112376330737,0.017422198230538116,0.0,0.0,0.0056773335882293,0.16876210339499328,0.0,0.017422198230538116,0.0,0.0,0.0,0.0285769416501208,0.0,0.19498640555561983,0.0,0.0,0.0,0.35,0.0,0.0,0.017422198230538116,0.0,0.0,0.0,0.0,0.0,0.0,0.0,0.0,0.0
2016-07-22,0.03735172488174576,0.020449060145384133,0.0,0.0,0.0,0.1459906165431435,0.017422198230538116,0.0,0.0,0.0,0.17912359153783938,0.0,0.02780860939215958,0.0,0.0,0.0,0.019998933273546075,0.0,0.18443306776510535,0.0,0.0,0.0,0.35,0.0,0.0,0.017422198230538116,0.0,0.0,0.0,0.0,0.0,0.0,0.0,0.0,0.0
2016-07-29,1.1102230246251565e-16,0.005782573483778591,0.0,0.02262851894885188,0.0,0.21634782165769817,0.024705959777408925,0.0,0.0,0.0,0.17225722306031616,0.0,0.024576471712965196,0.0,0.0,0.0,0.02262851894885188,0.0,0.2209439987486868,0.0,0.0,0.0,0.2675003947125904,0.0,0.0,0.02262851894885188,0.0,0.0,0.0,0.0,0.0,0.0,0.0,0.0,0.0
2016-08-05,1.1102230246251565e-16,0.003341575197878356,0.0,0.02262851894885188,0.0,0.2168127902612048,0.02262851894885188,0.0,0.0,0.0,0.17294568765732693,0.0,0.028412465227470714,0.0,0.0,0.0,0.024236738691867484,0.0,0.21833670919140935,0.0,0.0,0.0,0.2680284769262866,0.0,0.0,0.02262851894885188,0.0,0.0,0.0,0.0,0.0,0.0,0.0,0.0,0.0
2016-08-12,2.220446049250313e-16,0.0,0.0,0.02262851894885188,0.0,0.22046184081744358,0.025084855119631117,0.0,0.0,0.0,0.170925801031454,0.0,0.02262851894885188,0.0,0.0,0.0,0.02607626825697534,0.0,0.21939649027181152,0.0,0.0,0.0,0.27016918765612874,0.0,0.0,0.02262851894885188,0.0,0.0,0.0,0.0,0.0,0.0,0.0,0.0,0.0
2016-08-19,1.1102230246251565e-16,0.0,0.0,0.02262851894885188,0.0,0.2242504654002542,0.02262851894885188,0.0,0.0,0.015691487036149365,0.14185720544520392,0.0,0.02262851894885188,0.0,0.0,0.0,0.027724001205062947,0.0,0.20861495280254627,0.0,0.0,0.0,0.2820017555422501,0.0,0.0,0.03197457572197751,0.0,0.0,0.0,0.0,0.0,0.0,0.0,0.0,0.0
2016-08-26,0.0,0.0,0.0,0.02316257318164324,0.0,0.21678341046068925,0.02316257318164324,0.0,0.0,0.008158160691051802,0.14025284561664605,0.0,0.02316257318164324,0.0,0.0,0.0,0.031935022693786244,0.0,0.20630518180940102,0.0,0.0,0.0,0.28554558291759313,0.0,0.0,0.04153207626590276,0.0,0.0,0.0,0.0,0.0,0.0,0.0,0.0,0.0
2016-09-02,0.0,0.0,0.0,0.02316257318164324,0.0,0.21919186833536775,0.02316257318164324,0.0,0.0,0.00428394110195043,0.14684604915286284,0.0,0.02316257318164324,0.0,0.0,0.0,0.031203238342188244,0.0,0.21757424572372014,0.0,0.0,0.0,0.27552317261327774,0.0,0.0,0.03588976518570305,0.0,0.0,0.0,0.0,0.0,0.0,0.0,0.0,0.0
2016-09-09,0.0,0.0,0.0,0.02316257318164324,0.0,0.2205096769210223,0.02316257318164324,0.0,0.0,0.004607005648004098,0.14025284561664605,0.0,0.02316257318164324,0.003129586096189269,0.0,0.0,0.03594257877462438,0.0,0.20825753176868472,0.0,0.0,0.0,0.27672754923184867,0.0,0.0,0.041085506398050725,0.0,0.0,0.0,0.0,0.0,0.0,0.0,0.0,0.0
2016-09-16,1.1102230246251565e-16,0.0,0.0,0.02316257318164324,0.0,0.21920947085711937,0.02316257318164324,0.0,0.0,0.0034345951200880293,0.14025284561664605,0.0,0.02316257318164324,0.001678534341930077,0.0,0.0,0.030373231895273436,0.0,0.21429446267462224,0.0,0.0,0.0,0.275835543165441,0.0,0.0,0.04543359678395001,0.0,0.0,0.0,0.0,0.0,0.0,0.0,0.0,0.0
2016-09-23,1.1102230246251565e-16,0.0,0.0,0.02316257318164324,0.0,0.21851810865035154,0.02316257318164324,0.0,0.0,0.01241384599483372,0.14025284561664605,0.0,0.02316257318164324,0.008531489633288874,0.0,0.0,0.03290964210458584,0.0,0.20548372683621055,0.0,0.0,0.0,0.26653954331667373,0.0,0.0,0.045863078302479904,0.0,0.0,0.0,0.0,0.0,0.0,0.0,0.0,0.0
2016-09-30,0.0,0.0,0.0,0.02413050602585351,0.0,0.17419992220794742,0.03143756205841161,0.0,0.0,0.040432838179013705,0.060239654567422564,0.0,0.02413050602585351,0.022169682686389088,0.0,0.0,0.04209854206081691,0.0,0.21478183746986182,0.0,0.0,0.0,0.20434953159183153,0.0,0.0,0.16202941712659832,0.0,0.0,0.0,0.0,0.0,0.0,0.0,0.0,0.0
2016-10-07,0.0,0.0,0.0,0.02413050602585351,0.009692657116908473,0.17967440991349298,0.05933932585492741,0.0,0.0,0.043052472365024075,0.060239654567422564,0.0,0.02413050602585351,0.00928021507787871,0.0,0.0,0.0329324352436748,0.0,0.2052477208127803,0.0,0.0,0.0,0.19666497867734586,0.0,0.0,0.1556151183188377,0.0,0.0,0.0,0.0,0.0,0.0,0.0,0.0,0.0
2016-10-14,1.1102230246251565e-16,0.0,0.0,0.02413050602585351,0.021679126662139375,0.17826202612859313,0.03923123193214507,0.0,0.0,0.04268699970772491,0.060239654567422564,0.0,0.02413050602585351,0.016352184974387004,0.0,0.0,0.03830606237717357,0.0,0.2052477208127803,0.0,0.0,0.003040415627805612,0.181136405575723,0.0,0.0,0.1655571595823984,0.0,0.0,0.0,0.0,0.0,0.0,0.0,0.0,0.0
2016-10-21,0.0,0.0,0.0,0.02413050602585351,0.0,0.18074427841625776,0.048743641818961334,0.0,0.0,0.04018682731490689,0.060239654567422564,0.0,0.02413050602585351,0.03995286691826996,0.0,0.0,0.04679779255852098,0.0,0.2052477208127803,0.0,0.0,0.0,0.181136405575723,0.0,0.0,0.14868979996545015,0.0,0.0,0.0,0.0,0.0,0.0,0.0,0.0,0.0
2016-10-28,0.08185487613588616,0.0,0.0,0.024359869205090874,0.010032573385633656,0.20573071509107607,0.15672472914911603,0.0,0.0,0.022460789873012574,0.11999884409810987,0.0,0.024359869205090874,0.015536734839591334,0.0,0.0,0.02853163555614061,0.0,0.1916928015838981,0.0,0.0,0.0,0.07954317797851626,0.0,0.0,0.03917338389883752,0.0,0.0,0.0,0.0,0.0,0.0,0.0,0.0,0.0
2016-11-04,0.08185487613588627,0.0,0.0,0.024359869205090874,0.01299437276326886,0.19392944398800355,0.16675572745467285,0.0,0.0,0.02191981223696078,0.11999884409810987,0.0,0.024359869205090874,0.015493211423264158,0.0,0.0,0.03326582942577179,0.0,0.1916928015838981,0.0,0.0,0.0,0.07263586938252006,0.0,0.0,0.040739473097461995,0.0,0.0,0.0,0.0,0.0,0.0,0.0,0.0,0.0
2016-11-11,0.08185487613588627,0.0,0.0,0.024359869205090874,0.011858511671276729,0.1916928015838981,0.16721397989698428,0.0,0.0,0.00954524101887485,0.12646608050237768,0.0,0.03493119436510063,0.015086669015630785,0.0,0.0,0.03140594058515014,0.0,0.1916928015838981,0.0,0.0,0.0022243794385782456,0.07169395748578825,0.0,0.0,0.03997369751146511,0.0,0.0,0.0,0.0,0.0,0.0,0.0,0.0,0.0
2016-11-18,0.08185487613588627,0.0,0.0,0.024359869205090874,0.013121758434896923,0.1916928015838981,0.16875535234074351,0.0,0.0,0.010414553085207572,0.11999884409810987,0.0,0.035991473332399986,0.016635326043830813,0.0,0.0,0.032122812573017884,0.0,0.1916928015838981,0.0,0.0,0.0,0.07169395748578825,0.0,0.0,0.04166557409723187,0.0,0.0,0.0,0.0,0.0,0.0,0.0,0.0,0.0
2016-11-25,0.0,0.0,0.0,0.0,0.015615369742113116,0.16933770538047885,0.23946293610779534,0.0,0.0,0.010468062905344385,0.12544441886998794,0.0,0.0538113303264266,0.021015578320493836,0.0,0.0,0.050394987750353774,0.0,0.11074762153323181,0.0,0.0,0.0,0.0,0.0,0.0,0.2037019890637743,0.0,0.0,0.0,0.0,0.0,0.0,0.0,0.0,0.0
2016-12-02,0.0,0.0,0.0,0.0,0.026457919068537488,0.17947426665390476,0.2381949796407981,0.0,0.0,0.0,0.12047601260465679,0.0,0.055501554781283435,0.017886361191532044,0.0,0.0,0.04340082791025829,0.0,0.11074762153323181,0.0,0.0,0.0,0.0,0.0,0.0,0.20786045661579722,0.0,0.0,0.0,0.0,0.0,0.0,0.0,0.0,0.0
2016-12-09,0.0,0.0,0.0,0.0,0.015165442946185523,0.18995681505696077,0.24039266041851304,0.0,0.0,0.0,0.14088330507768398,0.0,0.051533629419224625,0.005084905987153737,0.0,0.0,0.03899187124294433,0.0,0.11074762153323181,0.0,0.0,0.0,0.0,0.0,0.0,0.20724374831810216,0.0,0.0,0.0,0.0,0.0,0.0,0.0,0.0,0.0
2016-12-16,0.0,0.0,0.0,0.0,0.022762616698317906,0.16933770538047885,0.2181974220136002,0.0,0.0,0.02520567312605989,0.11707312925133058,0.0,0.03899187124294433,0.029396532102227906,0.0,0.0,0.07042461909481956,0.0,0.11074762153323181,0.0,0.0,0.0,0.0,0.0,0.0,0.19786280955698893,0.0,0.0,0.0,0.0,0.0,0.0,0.0,0.0,0.0
2016-12-23,0.0,0.0,0.0,0.0,0.02085509954074025,0.16933770538047885,0.23065304572742368,0.0,0.0,0.02570967900159019,0.11707312925133058,0.0,0.04486859851890427,0.028186663748234347,0.0,0.0,0.06588492976673391,0.0,0.11074762153323181,0.0,0.0,0.0,0.0,0.0,0.0,0.1866835275313321,0.0,0.0,0.0,0.0,0.0,0.0,0.0,0.0,0.0
2016-12-30,0.0,0.0,0.0,0.05223548976048682,0.004338852603310496,0.1304609293597474,0.252252223921966,0.0,0.0,0.02207848757802851,0.1304609293597474,0.0,0.1094415847617754,0.023011140712633892,0.0,0.0,0.076953682660996,0.0,0.0,0.0,0.0,0.0,0.0,0.0,0.0,0.19876667928130803,0.0,0.0,0.0,0.0,0.0,0.0,0.0,0.0,0.0
2017-01-06,0.0,0.0,0.0,0.05223548976048682,0.015038603949632698,0.1304609293597474,0.24966395170219507,0.0,0.0,0.021096733597381852,0.1304609293597474,0.0,0.11925700240026617,0.007034359139429219,0.0,0.0,0.07789435112382542,0.0,0.0,0.0,0.0,0.0,0.0,0.0,0.0,0.1968576496072879,0.0,0.0,0.0,0.0,0.0,0.0,0.0,0.0,0.0
2017-01-13,0.0,0.0,0.0,0.05223548976048682,0.018718929435253502,0.1304609293597474,0.2277294481544666,0.0,0.0,0.024675347324046536,0.1304609293597474,0.0,0.1162123015857524,0.012396060571726882,0.0,0.0,0.08272574231614953,0.0,0.0,0.0,0.0,0.002754381537219042,0.0,0.0,0.0,0.20163044059540386,0.0,0.0,0.0,0.0,0.0,0.0,0.0,0.0,0.0
2017-01-20,0.0,0.0,0.0,0.05223548976048682,0.010105620399675122,0.1304609293597474,0.23780807327356746,0.0,0.0,0.026565109909042508,0.1304609293597474,0.0,0.11864497551605453,0.019086986870784618,0.0,0.0,0.07875920626587446,0.0,0.0,0.0,0.0,0.0029840352998329244,0.0,0.0,0.0,0.19288864398518676,0.0,0.0,0.0,0.0,0.0,0.0,0.0,0.0,0.0
2017-01-27,2.220446049250313e-16,0.0,0.0,0.035334171121067084,0.009906876317810407,0.0,0.3239511549096762,0.0,0.0,0.05532143270472653,0.05772637943923839,0.0,0.18441198731356256,0.02082180211966491,0.0,0.0,0.19664869603554236,0.0,0.0,0.0,0.0,0.0,0.035334171121067084,0.0,0.0,0.08054332891764429,0.0,0.0,0.0,0.0,0.0,0.0,0.0,0.0,0.0
2017-02-03,2.220446049250313e-16,0.0,0.0,0.035334171121067084,0.004359372638945556,0.0,0.33551932800851536,0.0,0.0,0.05226168499364457,0.05772637943923839,0.0,0.19069599561492345,0.016135969372142293,0.0,0.0,0.19040905343484577,0.0,0.0,0.0,0.0,0.0,0.037014716459032995,0.0,0.0,0.08054332891764429,0.0,0.0,0.0,0.0,0.0,0.0,0.0,0.0,0.0
2017-02-10,3.3306690738754696e-16,0.0,0.0,0.035334171121067084,0.009115507043502337,0.0,0.32276921993684,0.0,0.0,0.052884447300664245,0.05772637943923839,0.0,0.18723808262125902,0.023481957659753954,0.0,0.0,0.18801867375042391,0.0,0.0,0.0,0.0,0.005532191712117675,0.035334171121067084,0.0,0.0,0.08256519829406608,0.0,0.0,0.0,0.0,0.0,0.0,0.0,0.0,0.0
2017-02-17,2.220446049250313e-16,0.0,0.0,0.035334171121067084,0.013304053817046755,0.0,0.30889545363013093,0.0,0.0,0.05227231083226919,0.05772637943923839,0.0,0.19185494183654783,0.027000607887997893,0.0,0.0,0.1871755816945987,0.0,0.0,0.0,0.0,0.002690971492671517,0.035334171121067084,0.0,0.0,0.08841135712736434,0.0,0.0,0.0,0.0,0.0,0.0,0.0,0.0,0.0
2017-02-24,1.1102230246251565e-16,0.0,0.0,0.03530888658809752,0.007239696938815942,0.0,0.30765683053677545,0.0,0.0,0.054250851197284095,0.05777298291016224,0.0,0.19192705146251549,0.029410651750992556,0.0,0.0,0.1311958491703847,0.0,0.0,0.0,0.0,0.060711225147775556,0.03530888658809752,0.0,0.0,0.0892170877090988,0.0,0.0,0.0,0.0,0.0,0.0,0.0,0.0,0.0
2017-03-03,1.1102230246251565e-16,0.0,0.0,0.03530888658809752,0.007412566580933572,0.0,0.30765683053677545,0.0,0.0,0.05434296367333512,0.05777298291016224,0.0,0.18094374866128202,0.029507114052330852,0.0,0.0,0.12822830347365452,0.0,0.0,0.0,0.0,0.06078606360713909,0.03530888658809752,0.0,0.0,0.10273165332819198,0.0,0.0,0.0,0.0,0.0,0.0,0.0,0.0,0.0
2017-03-10,1.1102230246251565e-16,0.0,0.0,0.03530888658809752,0.008729672391549105,0.0,0.30765683053677545,0.0,0.0,0.05145748887948701,0.05777298291016224,0.0,0.17971623230271158,0.03218957322780536,0.0,0.0,0.1330822790427416,0.0,0.0,0.0,0.0,0.06047889666413557,0.03530888658809752,0.0,0.0,0.09829827086843693,0.0,0.0,0.0,0.0,0.0,0.0,0.0,0.0,0.0
2017-03-17,1.1102230246251565e-16,0.0,0.0,0.03770787502639634,0.008251337996830177,0.0,0.30765683053677545,0.0,0.0,0.04529117703213774,0.05777298291016224,0.0,0.1770113390487295,0.03639451044272782,0.0,0.0,0.12844429766946944,0.0,0.0,0.0,0.0,0.06533112397960424,0.03530888658809752,0.0,0.0,0.10082963876906939,0.0,0.0,0.0,0.0,0.0,0.0,0.0,0.0,0.0
2017-03-24,1.1102230246251565e-16,0.0,0.0,0.042863582124348036,0.01183820488437867,0.0,0.30765683053677545,0.0,0.0,0.044417749403305916,0.05777298291016224,0.0,0.16792519107306442,0.031287647703701106,0.0,0.0,0.1320105570733825,0.0,0.0,0.0,0.0,0.06846475965677787,0.03530888658809752,0.0,0.0,0.10045360804600614,0.0,0.0,0.0,0.0,0.0,0.0,0.0,0.0,0.0
2017-03-31,0.0,0.0,0.0,0.054953462102260396,0.038990913341519176,0.0,0.3209277812037699,0.0,0.0,0.048137186614707186,0.05807915673737967,0.0,0.1340490812534478,0.03571881418697504,0.0,0.0,0.12447546529742567,0.0,0.0,0.0,0.0,0.06467646669016514,0.0,0.0,0.0,0.11999167257234998,0.0,0.0,0.0,0.0,0.0,0.0,0.0,0.0,0.0
2017-04-07,0.0,0.0,0.0,0.057820848131743034,0.04136789792856879,0.0,0.3209277812037699,0.0,0.0,0.04598361415769883,0.05807915673737967,0.0,0.1340490812534478,0.03653208973894024,0.0,0.0,0.12634108085019574,0.0,0.0,0.0,0.0,0.06766938033783598,0.0,0.0,0.0,0.11122906966041998,0.0,0.0,0.0,0.0,0.0,0.0,0.0,0.0,0.0
2017-04-14,0.0,0.0,0.0,0.061278244472715834,0.03584740192657073,0.0,0.3209277812037699,0.0,0.0,0.042240418686357015,0.05807915673737967,0.0,0.1340490812534478,0.03436039261984767,0.0,0.0,0.13212251598206443,0.0,0.0,0.0,0.0,0.07149722113171122,0.0,0.0,0.0,0.10959778598613565,0.0,0.0,0.0,0.0,0.0,0.0,0.0,0.0,0.0
2017-04-21,0.0,0.0,0.0,0.06619434733404561,0.032797965486607045,0.0,0.3209277812037699,0.0,0.0,0.04582051856359723,0.05807915673737967,0.0,0.1340490812534478,0.0330916798997378,0.0,0.0,0.1262758331448525,0.0,0.0,0.0,0.0,0.07035430545555217,0.0,0.0,0.0,0.11240933092101021,0.0,0.0,0.0,0.0,0.0,0.0,0.0,0.0,0.0
2017-04-28,0.20963761209351328,0.0,0.0,0.12692768506274835,0.02829541738033708,0.034394081083175994,0.13881919746897853,0.0,0.0,0.010503200383504874,0.0,0.0,0.058363137546828425,0.03469103515137588,0.0,0.0,0.12280624305084567,0.0,0.0,0.0,0.0,0.09670984012320868,0.034394081083175994,0.0,0.0,0.10445846957230726,0.0,0.0,0.0,0.0,0.0,0.0,0.0,0.0,0.0
2017-05-05,0.20963761209351328,0.0,0.0,0.12587820520206336,0.02531491527753734,0.034394081083175994,0.13881919746897853,0.0,0.0,0.0166081195884449,0.0,0.0,0.058363137546828425,0.03482937941906347,0.0,0.0,0.1326781386286392,0.0,0.0,0.0,0.0,0.0956104824860754,0.034394081083175994,0.0,0.0,0.09347265012250414,0.0,0.0,0.0,0.0,0.0,0.0,0.0,0.0,0.0
2017-05-12,0.20963761209351328,0.0,0.0,0.1276352053519372,0.022819746745489818,0.034394081083175994,0.13881919746897853,0.0,0.0,0.020571432439991627,0.0,0.0,0.058363137546828425,0.03361082046464703,0.0,0.0,0.12735845152684752,0.0,0.0,0.0,0.0,0.09205497483036934,0.034394081083175994,0.0,0.0,0.10034125936504526,0.0,0.0,0.0,0.0,0.0,0.0,0.0,0.0,0.0
2017-05-19,0.20963761209351328,0.0,0.0,0.12880269260936625,0.022819746745489818,0.034394081083175994,0.14277089897141287,0.0,0.0,0.005639875149879942,0.0,0.0,0.058363137546828425,0.03164468586286874,0.0,0.0,0.12408121029436334,0.0,0.0,0.0,0.0,0.10314913140869714,0.034394081083175994,0.0,0.0,0.1043028471512282,0.0,0.0,0.0,0.0,0.0,0.0,0.0,0.0,0.0
2017-05-26,1.1102230246251565e-16,0.0,0.0,0.16347969687142677,0.0,0.04145408156420939,0.3098554629951671,0.0,0.0,0.008922294301872883,0.057843737789972406,0.0,0.0,0.06217939240373385,0.0,0.0,0.10094071873547565,0.0,0.0,0.0,0.0,0.11094854691143025,0.0015157361806703135,0.0,0.0,0.1428603322460414,0.0,0.0,0.0,0.0,0.0,0.0,0.0,0.0,0.0
2017-06-02,0.0,0.0,0.0,0.169132867885388,0.0015476949643880337,0.04145408156420939,0.3098554629951671,0.0,0.0,0.006230941032147649,0.057843737789972406,0.0,0.0,0.059722945257973836,0.0,0.0,0.10318874676768941,0.0,0.0,0.0,0.0,0.11257961738939118,0.0,0.0,0.0,0.13844390435367304,0.0,0.0,0.0,0.0,0.0,0.0,0.0,0.0,0.0
2017-06-09,0.0,0.0,0.0,0.1720788864389245,0.005938484352702256,0.04145408156420939,0.3098554629951671,0.0,0.0,0.008554390905912878,0.057843737789972406,0.0,0.0,0.055842069708590875,0.0,0.0,0.10437055826547857,0.0,0.0,0.0,0.0,0.11373582474494764,0.0,0.0,0.0,0.1303265032340944,0.0,0.0,0.0,0.0,0.0,0.0,0.0,0.0,0.0
2017-06-16,0.0,0.0,0.0,0.16977509315262068,0.0016279969265182849,0.04145408156420939,0.3098554629951671,0.0,0.0,0.005932649211723434,0.057843737789972406,0.0,0.0,0.05547208439741155,0.0,0.0,0.10715633885283804,0.0,0.0,0.0,0.0,0.11127027073971169,0.0,0.0,0.0,0.13961228436982742,0.0,0.0,0.0,0.0,0.0,0.0,0.0,0.0,0.0
2017-06-23,0.0,0.0,0.0,0.1702893011846427,0.009361210004758388,0.04145408156420939,0.3098554629951671,0.0,0.0,0.0028424319624024636,0.057843737789972406,0.0,0.0,0.05375926202944059,0.0,0.0,0.10398513323643725,0.0,0.0,0.0,0.0,0.11409454782610928,0.0,0.0,0.0,0.13651483140686044,0.0,0.0,0.0,0.0,0.0,0.0,0.0,0.0,0.0
2017-06-30,0.21369424135370618,0.0,0.0,0.18214149363132126,0.0018454802097069214,0.02954844887074745,0.08717212329246626,0.0,0.0,0.003242175132587174,0.05762367442171881,0.0,0.0,0.04742256148793646,0.0,0.0,0.09478312810105109,0.0,0.02954844887074745,0.0,0.0,0.10712129970171344,0.02954844887074745,0.0,0.0,0.11630847605554998,0.0,0.0,0.0,0.0,0.0,0.0,0.0,0.0,0.0
2017-07-07,0.21369424135370618,0.0,0.0,0.18092945705708155,0.015662977949490082,0.02954844887074745,0.08717212329246626,0.0,0.0,0.0027684156696114993,0.05762367442171881,0.0,0.0,0.044917564287132804,0.0,0.0,0.0929273035494253,0.0,0.02954844887074745,0.0,0.0,0.10438655417003179,0.02954844887074745,0.0,0.0,0.11127234163709332,0.0,0.0,0.0,0.0,0.0,0.0,0.0,0.0,0.0
2017-07-14,0.21369424135370618,0.0,0.0,0.18068331008763858,0.007752418349001219,0.02954844887074745,0.08717212329246626,0.0,0.0,0.012403493997992501,0.05762367442171881,0.0,0.0,0.04611917977630908,0.0,0.0,0.09172345224164087,0.0,0.02954844887074745,0.0,0.0,0.10542987685502211,0.02954844887074745,0.0,0.0,0.10875288301226199,0.0,0.0,0.0,0.0,0.0,0.0,0.0,0.0,0.0
2017-07-21,0.21369424135370618,0.0,0.0,0.18445322269643544,0.004416911985137873,0.02954844887074745,0.08717212329246626,0.0,0.0,0.007261054648958639,0.05762367442171881,0.0,0.0,0.046907936589123386,0.0,0.0,0.10020557941372066,0.0,0.02954844887074745,0.0,0.0,0.1094537185100371,0.02954844887074745,0.0,0.0,0.10016619047645325,0.0,0.0,0.0,0.0,0.0,0.0,0.0,0.0,0.0
2017-07-28,0.21598375453950713,0.0,0.0,0.17650536098769054,0.031100498893723804,0.029561983267279924,0.08689625842684731,0.0,0.0,0.010563361172625638,0.05733427515956739,0.0,0.0,0.04855579586749849,0.0,0.0,0.09927065612222498,0.0,0.029561983267279924,0.0,0.0,0.10102495558025039,0.029561983267279924,0.0,0.0,0.08407913344822456,0.0,0.0,0.0,0.0,0.0,0.0,0.0,0.0,0.0
2017-08-04,0.21598375453950713,0.0,0.0,0.18079459597120368,0.02683723987814362,0.029561983267279924,0.08689625842684731,0.0,0.0,0.013881998831349584,0.05733427515956739,0.0,0.0,0.0384243705714639,0.0,0.0,0.09645072720360255,0.0,0.029561983267279924,0.0,0.0,0.11057298206611703,0.029561983267279924,0.0,0.0,0.084137847550358,0.0,0.0,0.0,0.0,0.0,0.0,0.0,0.0,0.0
2017-08-11,0.21598375453950713,0.0,0.0,0.17352155938397612,0.02727811493728313,0.029561983267279924,0.08689625842684731,0.0,0.0,0.01919670559840289,0.05733427515956739,0.0,0.0,0.04668897141763448,0.0,0.0,0.09878230696992246,0.0,0.029561983267279924,0.0,0.0,0.10226442284346547,0.029561983267279924,0.0,0.0,0.08336768092155382,0.0,0.0,0.0,0.0,0.0,0.0,0.0,0.0,0.0
2017-08-18,0.21598375453950713,0.0,0.0,0.1759016540211008,0.024716107880639247,0.029561983267279924,0.08689625842684731,0.0,0.0,0.0069221903587986236,0.05733427515956739,0.0,0.0,0.046347659279224844,0.0,0.0,0.09423613394119336,0.0,0.029561983267279924,0.0,0.0,0.10464376881972841,0.029561983267279924,0.0,0.0,0.09833224777155307,0.0,0.0,0.0,0.0,0.0,0.0,0.0,0.0,0.0
2017-08-25,0.14803809319518835,0.0,0.0,0.19475979034688057,0.004098137389925264,0.026161280252714015,0.09037621430763973,0.0,0.0,0.004899982836328533,0.06421493405492572,0.0,0.0,0.06056878794052878,0.0,0.0,0.1287703461387016,0.0,0.026161280252714015,0.0,0.0,0.12603303143804306,0.026161280252714015,0.0,0.0,0.09975684159369626,0.0,0.0,0.0,0.0,0.0,0.0,0.0,0.0,0.0
2017-09-01,0.14803809319518835,0.0,0.0,0.19658804040611,0.00934296102107782,0.026161280252714015,0.09037621430763973,0.0,0.0,0.0013966502151937126,0.06421493405492572,0.0,0.0,0.053322431899813325,0.0,0.0,0.1292282042677057,0.0,0.026161280252714015,0.0,0.0,0.12739973332343854,0.026161280252714015,0.0,0.0,0.101608896550765,0.0,0.0,0.0,0.0,0.0,0.0,0.0,0.0,0.0
2017-09-08,0.14803809319518846,0.0,0.0,0.19638918265405597,0.010067386223443178,0.026161280252714015,0.09037621430763973,0.0,0.0,0.0015511821367418378,0.06421493405492572,0.0,0.0,0.05297544438699075,0.0,0.0,0.13059367020115248,0.0,0.026161280252714015,0.0,0.0,0.12342604351821707,0.026161280252714015,0.0,0.0,0.10388400856350281,0.0,0.0,0.0,0.0,0.0,0.0,0.0,0.0,0.0
2017-09-15,0.14803809319518846,0.0,0.0,0.19546959857760315,0.008280867211928684,0.02767492323826526,0.09037621430763973,0.0,0.0,0.0,0.06421493405492572,0.0,0.0,0.05479570140990737,0.0,0.0,0.127287990724357,0.0,0.026161280252714015,0.0,0.0,0.12704521871574265,0.026161280252714015,0.0,0.0,0.10449389805901395,0.0,0.0,0.0,0.0,0.0,0.0,0.0,0.0,0.0
2017-09-22,0.14803809319518835,0.0,0.0,0.19745011586915634,0.013190406355875234,0.028867083213182522,0.09037621430763973,0.0,0.0,0.0,0.06421493405492572,0.0,0.0,0.05281390204449652,0.0,0.0,0.12421788537731214,0.0,0.026161280252714015,0.0,0.0,0.12448639139362341,0.026161280252714015,0.0,0.0,0.10402241368317192,0.0,0.0,0.0,0.0,0.0,0.0,0.0,0.0,0.0
2017-09-29,0.11959479122814354,0.0,0.0,0.20235736862150533,0.006713666995317977,0.024620226357375603,0.11106080383241024,0.0,0.0,0.0,0.08644057747503464,0.0,0.024620226357375603,0.03603091065599754,0.0,0.0,0.10805115411425131,0.0,0.024620226357375603,0.0,0.0,0.13192227666535902,0.024620226357375603,0.0,0.0,0.099347544982478,0.0,0.0,0.0,0.0,0.0,0.0,0.0,0.0,0.0
2017-10-06,0.11959479122814354,0.0,0.0,0.19946871944711286,0.003836139935718041,0.02853916709027339,0.11106080383241024,0.0,0.0,0.0,0.08644057747503464,0.0,0.024620226357375603,0.039144729528315034,0.0,0.0,0.10921775284027888,0.0,0.024620226357375603,0.0,0.0,0.12724937061591168,0.024620226357375603,0.0,0.0,0.10158726893467485,0.0,0.0,0.0,0.0,0.0,0.0,0.0,0.0,0.0
2017-10-13,0.11959479122814354,0.0,0.0,0.1998636308694186,0.010323482934441658,0.03323483261538956,0.11106080383241024,0.0,0.0,0.0,0.08644057747503464,0.0,0.024620226357375603,0.03566022511761875,0.0,0.0,0.10142286963285421,0.0,0.026183476721737518,0.0,0.0,0.12732475389815484,0.024620226357375603,0.0,0.0,0.09965010296004526,0.0,0.0,0.0,0.0,0.0,0.0,0.0,0.0,0.0
2017-10-20,0.11959479122814354,0.0,0.0,0.19858041959803474,0.00730016585793792,0.024620226357375603,0.11106080383241024,0.0,0.0,0.0030477722299334727,0.08644057747503464,0.0,0.024620226357375603,0.03777538897239113,0.0,0.0,0.10972059762172659,0.0,0.024620226357375603,0.0,0.0,0.1277822175699324,0.024620226357375603,0.0,0.0,0.10021636018495292,0.0,0.0,0.0,0.0,0.0,0.0,0.0,0.0,0.0
2017-10-27,0.0,0.0,0.0,0.14182635835101756,0.0062527820288859875,0.20629564887435647,0.09792081229516023,0.0,0.0,0.003569326135174475,0.07538983676320234,0.0,0.022530975531957882,0.012826041139634566,0.0,0.0,0.0951380051286935,0.0,0.022530975531957882,0.0,0.0,0.14549169548385066,0.022530975531957882,0.0,0.0,0.1476965672041505,0.0,0.0,0.0,0.0,0.0,0.0,0.0,0.0,0.0
2017-11-03,1.1102230246251565e-16,0.0,0.0,0.14139779620190712,0.004115918931318156,0.20629564887435647,0.09792081229516023,0.0,0.0,0.017174705749388276,0.07538983676320234,0.0,0.022530975531957882,0.010895602199696276,0.0,0.0,0.0915046174055989,0.0,0.022530975531957882,0.0,0.0,0.14661018276562823,0.022530975531957882,0.0,0.0,0.1411019522178703,0.0,0.0,0.0,0.0,0.0,0.0,0.0,0.0,0.0
2017-11-10,0.0,0.0,0.0,0.13013457621433638,0.0023296863892185334,0.20629564887435647,0.09792081229516023,0.0,0.0,0.020815409488661358,0.07538983676320234,0.0,0.022530975531957882,0.015599194568328322,0.0,0.0,0.10058988584773704,0.0,0.022530975531957882,0.0,0.0,0.13558355257035515,0.022530975531957882,0.0,0.0,0.1477484703927705,0.0,0.0,0.0,0.0,0.0,0.0,0.0,0.0,0.0
2017-11-17,0.0,0.0,0.0,0.1431445768725256,0.009139135680108289,0.20629564887435647,0.09792081229516023,0.0,0.0,0.009086402821379388,0.07538983676320234,0.0,0.022530975531957882,0.01382802428213513,0.0,0.0,0.08408623548324531,0.0,0.022530975531957882,0.0,0.0,0.14752443167797843,0.02419251433814364,0.0,0.0,0.14433042984784936,0.0,0.0,0.0,0.0,0.0,0.0,0.0,0.0,0.0
2017-11-24,1.1102230246251565e-16,0.0,0.0,0.21169336372273104,0.008461316914019556,0.021645395465213938,0.0926921318074885,0.0,0.0,0.014569599869870702,0.17533262895450671,0.0,0.021645395465213938,0.01729888569476873,0.0,0.0,0.0933818927940766,0.0,0.021645395465213938,0.0,0.0,0.1440389096835819,0.021645395465213938,0.0,0.0,0.15594968869810039,0.0,0.0,0.0,0.0,0.0,0.0,0.0,0.0,0.0
2017-12-01,1.1102230246251565e-16,0.0,0.0,0.21372262381088306,0.024532869944662264,0.021645395465213938,0.0926921318074885,0.0,0.0,0.008708823375417557,0.17533262895450671,0.0,0.021645395465213938,0.019565207420269397,0.0,0.0,0.08850795133624423,0.0,0.021645395465213938,0.0,0.0,0.14330152019208975,0.021645395465213938,0.0,0.0,0.14705466129758268,0.0,0.0,0.0,0.0,0.0,0.0,0.0,0.0,0.0
2017-12-08,1.1102230246251565e-16,0.0,0.0,0.2138794001227975,0.023787904864298312,0.021645395465213938,0.0926921318074885,0.0,0.0,0.007206599516179012,0.17533262895450671,0.0,0.021645395465213938,0.01918276923564921,0.0,0.0,0.09491390171219741,0.0,0.021645395465213938,0.0,0.0,0.14273212199039076,0.021645395465213938,0.0,0.0,0.14369095993563677,0.0,0.0,0.0,0.0,0.0,0.0,0.0,0.0,0.0
2017-12-15,0.0,0.0,0.0,0.20788719739621297,0.024666210281534953,0.021645395465213938,0.0926921318074885,0.0,0.0,0.0,0.17533262895450671,0.0,0.03380562109402885,0.022995015434995943,0.0,0.0,0.09546801087512832,0.0,0.021645395465213938,0.0,0.0,0.13908429499176636,0.021645395465213938,0.0,0.0,0.1431327027686955,0.0,0.0,0.0,0.0,0.0,0.0,0.0,0.0,0.0
2017-12-22,2.220446049250313e-16,0.0,0.0,0.2077684932776994,0.026690728221542854,0.021645395465213938,0.0926921318074885,0.0,0.0,0.0030364869721345644,0.17533262895450671,0.0,0.03044972474277685,0.023808237234975722,0.0,0.0,0.09267176944299634,0.0,0.021645395465213938,0.0,0.0,0.13886455919154458,0.021645395465213938,0.0,0.0,0.14374905375869257,0.0,0.0,0.0,0.0,0.0,0.0,0.0,0.0,0.0
2017-12-29,1.1102230246251565e-16,0.0,0.0,0.2125014651055063,0.02395568443470839,0.12311945624059828,0.09116189773944106,0.0,0.0,0.004308030150273296,0.06975330255472975,0.0,0.03194521783990677,0.023095141783129585,0.0,0.0,0.09192470706096578,0.0,0.02140859518471131,0.0,0.0,0.1414017187480196,0.02140859518471131,0.0,0.0,0.14401618797329854,0.0,0.0,0.0,0.0,0.0,0.0,0.0,0.0,0.0
2018-01-05,1.1102230246251565e-16,0.0,0.0,0.19794125645786595,0.03506194252312072,0.12311945624059828,0.09116189773944106,0.0,0.0,0.001971619421685702,0.06975330255472975,0.0,0.02140859518471131,0.033044125480398444,0.0,0.0,0.11249095073818721,0.0,0.02140859518471131,0.0,0.0,0.1305683351886036,0.02140859518471131,0.0,0.0,0.14066132810123533,0.0,0.0,0.0,0.0,0.0,0.0,0.0,0.0,0.0
2018-01-12,1.1102230246251565e-16,0.0,0.0,0.20326977486619738,0.03329242686298649,0.12311945624059828,0.09116189773944106,0.0,0.0,0.0018887773109770756,0.06975330255472975,0.0,0.02140859518471131,0.034686059997966666,0.0,0.0,0.10816703252987434,0.0,0.02140859518471131,0.0,0.0,0.13361536162495685,0.02140859518471131,0.0,0.0,0.13682012471813812,0.0,0.0,0.0,0.0,0.0,0.0,0.0,0.0,0.0
2018-01-19,0.0,0.0,0.0,0.19794125645786595,0.0347355600198756,0.12311945624059828,0.09116189773944106,0.0,0.0,0.007823330709004513,0.06975330255472975,0.0,0.02140859518471131,0.0360858429401458,0.0,0.0,0.1126036122979703,0.0,0.02140859518471131,0.0,0.0,0.12555020947018086,0.02140859518471131,0.0,0.0,0.13699974601605397,0.0,0.0,0.0,0.0,0.0,0.0,0.0,0.0,0.0
2018-01-26,2.220446049250313e-16,0.0,0.0,0.08964491379788743,0.11181708009117744,0.028173569511031317,0.09816380871124286,0.0,0.0,0.004088732300255704,0.12106545517383305,0.0,0.028173569511031317,0.03254988563427805,0.0,0.0,0.11102294797596851,0.0,0.12106545517383305,0.0,0.0,0.16248183716202808,0.0,0.0,0.0,0.09175274495743305,0.0,0.0,0.0,0.0,0.0,0.0,0.0,0.0,0.0
2018-02-02,2.220446049250313e-16,0.0,0.0,0.09023308062169016,0.11154429697690021,0.028173569511031317,0.09816380871124286,0.0,0.0,0.0,0.12106545517383305,0.0,0.03356228305497197,0.02958803507958659,0.0,0.0,0.10324761260472193,0.0,0.12106545517383305,0.0,0.0,0.16296310256853208,0.0,0.0,0.0,0.10039330052365661,0.0,0.0,0.0,0.0,0.0,0.0,0.0,0.0,0.0
2018-02-09,0.0,0.0,0.0,0.08449738342521301,0.10894011153529297,0.028173569511031317,0.09816380871124286,0.0,0.0,0.0,0.12106545517383305,0.0,0.028173569511031317,0.03373621502340499,0.0,0.0,0.10127838983228649,0.0,0.12106545517383305,0.0,0.0,0.16088646159596617,0.0,0.0,0.0,0.11401958050686464,0.0,0.0,0.0,0.0,0.0,0.0,0.0,0.0,0.0
2018-02-16,2.220446049250313e-16,0.0,0.0,0.08463550083048822,0.11690469866173037,0.028173569511031317,0.09816380871124286,0.0,0.0,0.006422145776690626,0.12106545517383305,0.0,0.028173569511031317,0.022886446118107966,0.0,0.0,0.1054267797031371,0.0,0.12106545517383305,0.0,0.0,0.16138039501494944,0.0,0.0,0.0,0.10570217581392452,0.0,0.0,0.0,0.0,0.0,0.0,0.0,0.0,0.0
2018-02-23,0.6000000000000001,0.0,0.0,0.05238869394974857,0.009060005446144057,0.016078660823220587,0.0439311663213801,0.0,0.0,0.0,0.06169044017461421,0.0,0.0439311663213801,0.009472701174932293,0.0,0.0,0.039428886154603604,0.0,0.033837934676454705,0.0,0.0,0.04850270121284121,0.0,0.0,0.0,0.041677643744680505,0.0,0.0,0.0,0.0,0.0,0.0,0.0,0.0,0.0
2018-03-02,0.6000000000000001,0.0,0.0,0.052397379449477866,0.007281924068257306,0.016078660823220587,0.0439311663213801,0.0,0.0,0.0,0.06169044017461421,0.0,0.0439311663213801,0.01009705844366645,0.0,0.0,0.03960683451776241,0.0,0.033837934676454705,0.0,0.0,0.04851151234163959,0.0,0.0,0.0,0.04263592286214665,0.0,0.0,0.0,0.0,0.0,0.0,0.0,0.0,0.0
2018-03-09,0.6000000000000001,0.0,0.0,0.053071871396275824,0.007097753352482867,0.016078660823220587,0.0439311663213801,0.0,0.0,0.0,0.06169044017461421,0.0,0.046409081135818014,0.008407478412457786,0.0,0.0,0.038394957158905285,0.0,0.033837934676454705,0.0,0.0,0.049861211841525,0.0,0.0,0.0,0.041219444706865574,0.0,0.0,0.0,0.0,0.0,0.0,0.0,0.0,0.0
2018-03-16,0.6000000000000001,0.0,0.0,0.05303262078471892,0.006926030910037283,0.016078660823220587,0.0439311663213801,0.0,0.0,0.0,0.06169044017461421,0.0,0.04964202021501929,0.00945069516650164,0.0,0.0,0.03663447193143246,0.0,0.033837934676454705,0.0,0.0,0.048983246744925435,0.0,0.0,0.0,0.03979271225169534,0.0,0.0,0.0,0.0,0.0,0.0,0.0,0.0,0.0
2018-03-23,0.6000000000000001,0.0,0.0,0.05302375789037225,0.0067702266031092395,0.016078660823220587,0.0439311663213801,0.0,0.0,0.0007355311125316509,0.06169044017461421,0.0,0.04904582276303879,0.008390934127836348,0.0,0.0,0.03765538888100653,0.0,0.033837934676454705,0.0,0.0,0.04897182877498965,0.0,0.0,0.0,0.0398683078514459,0.0,0.0,0.0,0.0,0.0,0.0,0.0,0.0,0.0
2018-03-30,0.5999999999999999,0.0,0.0,0.015137451186760851,0.0036033206129286893,0.06706010244094862,0.027925054330270954,0.0,0.0,0.001916351197130628,0.06798549342593019,0.0,0.07380716810266495,0.007087679356680834,0.0,0.0,0.045626375406155925,0.0,0.0,0.0,0.0,0.042354196167037894,0.0,0.0,0.0,0.04749680777349053,0.0,0.0,0.0,0.0,0.0,0.0,0.0,0.0,0.0
2018-04-06,0.5999999999999999,0.0,0.0,0.01448920537807714,0.004227467539098605,0.06706010244094862,0.027925054330270954,0.0,0.0,0.001959720222410833,0.06798549342593019,0.0,0.0717146674980344,0.00842208538748934,0.0,0.0,0.046902065705586055,0.0,0.0,0.0,0.0,0.04171419718886674,0.0,0.0,0.0,0.0475999408832872,0.0,0.0,0.0,0.0,0.0,0.0,0.0,0.0,0.0
2018-04-13,0.5999999999999999,0.0,0.0,0.01448920537807714,0.0034104681878897487,0.06706010244094862,0.027925054330270954,0.0,0.0,0.004269673517353717,0.06798549342593019,0.0,0.07040917495160054,0.009191239832905769,0.0,0.0,0.04742880626542091,0.0,0.0,0.0,0.0,0.041786712703716276,0.0,0.0,0.0,0.04604406896588621,0.0,0.0,0.0,0.0,0.0,0.0,0.0,0.0,0.0
2018-04-20,0.5999999999999999,0.0,0.0,0.01448920537807714,0.0033497196844034746,0.06706010244094862,0.027925054330270954,0.0,0.0,0.004186040454886552,0.06798549342593019,0.0,0.06959277863614316,0.009036049329631056,0.0,0.0,0.048633812510209595,0.0,0.0,0.0,0.0,0.04177533574483473,0.0,0.0,0.0,0.0459664080646646,0.0,0.0,0.0,0.0,0.0,0.0,0.0,0.0,0.0
2018-04-27,0.6,0.021554285442096276,0.0,0.032176699625320035,0.002163244105333301,0.0814212595932938,0.07545407742265578,0.0,0.0,0.0013403286270044692,0.056874425543770354,0.0,0.06831071783186266,0.0045852323780009455,0.0,0.0,0.020246167421464456,0.0,0.0,0.0,0.0,0.00046653048499990026,0.0,0.0,0.0,0.03540703152419805,0.0,0.0,0.0,0.0,0.0,0.0,0.0,0.0,0.0
2018-05-04,0.6,0.021554285442096276,0.0,0.03313826956039467,0.005415241419292071,0.07545407742265578,0.07545407742265578,0.0,0.0,0.001860942499046377,0.056874425543770354,0.0,0.06736627309164472,0.004749575296520809,0.0,0.0,0.021173578222387173,0.0,0.0,0.0,0.0,0.0014571970773830066,0.0,0.0,0.0,0.035502057002153024,0.0,0.0,0.0,0.0,0.0,0.0,0.0,0.0,0.0
2018-05-11,0.6,0.021554285442096276,0.0,0.032176699625320035,0.0040336333110147175,0.0802715793939105,0.07545407742265578,0.0,0.0,0.002060628673917807,0.056874425543770354,0.0,0.06711130345754515,0.0038697824678717717,0.0,0.0,0.019719639479618935,0.0,0.0,0.0,0.0,0.00043407786276914107,0.0,0.0,0.0,0.03643986731950956,0.0,0.0,0.0,0.0,0.0,0.0,0.0,0.0,0.0
2018-05-18,0.6,0.021554285442096276,0.0,0.03263558552988738,0.003880941528685007,0.07545407742265578,0.07545407742265578,0.0,0.0,0.00528089588155515,0.056874425543770354,0.0,0.06835909215821785,0.004449686949346991,0.0,0.0,0.020199547241846853,0.0,0.0,0.0,0.0,0.0009259292046079645,0.0,0.0,0.0,0.03493145567467465,0.0,0.0,0.0,0.0,0.0,0.0,0.0,0.0,0.0
2018-05-25,0.5999999999999999,0.0,0.0,0.03823335939758678,0.003999062255111427,0.07443516693093531,0.027674207371625806,0.0,0.0,0.00457971059761014,0.027674207371625806,0.0,0.09553280018010837,0.003935568221011133,0.0,0.0,0.052561193346822487,0.0,0.046760959559309506,0.0,0.0,0.0016050938823047917,0.0,0.0,0.0,0.023008670885948504,0.0,0.0,0.0,0.0,0.0,0.0,0.0,0.0,0.0
2018-06-01,0.5999999999999999,0.0,0.0,0.03855515023849748,0.003911161283925387,0.07443516693093531,0.027674207371625806,0.0,0.0,0.004416718216812717,0.027674207371625806,0.0,0.09444353876871296,0.003760858022016043,0.0,0.0,0.053077734280373524,0.0,0.046760959559309506,0.0,0.0,0.0023236043775081397,0.0,0.0,0.0,0.022966693578657382,0.0,0.0,0.0,0.0,0.0,0.0,0.0,0.0,0.0
2018-06-08,0.6,0.0,0.0,0.03921045117955641,0.004216827680780788,0.07443516693093531,0.027674207371625806,0.0,0.0,0.003918002435719147,0.027674207371625806,0.0,0.09435141701770612,0.0036330695158369084,0.0,0.0,0.05273458932370842,0.0,0.046760959559309506,0.0,0.0,0.002465094312428644,0.0,0.0,0.0,0.022926007300767194,0.0,0.0,0.0,0.0,0.0,0.0,0.0,0.0,0.0
2018-06-15,0.6,0.0,0.0,0.038887297670483253,0.0036242864544038826,0.07443516693093531,0.027674207371625806,0.0,0.0,0.0041259732501945,0.027674207371625806,0.0,0.09425366220588349,0.0038373907020203277,0.0,0.0,0.05287232722101118,0.0,0.046760959559309506,0.0,0.0,0.002586488655824065,0.0,0.0,0.0,0.02326803260668292,0.0,0.0,0.0,0.0,0.0,0.0,0.0,0.0,0.0
2018-06-22,0.5999999999999999,0.0,0.0,0.03807177190391404,0.003766755035153401,0.07443516693093531,0.027674207371625806,0.0,0.0,0.004758597947731548,0.027674207371625806,0.0,0.09470424018876214,0.004007903115214438,0.0,0.0,0.053382130775504764,0.0,0.046760959559309506,0.0,0.0,0.0018076209906403504,0.0,0.0,0.0,0.022956438809582955,0.0,0.0,0.0,0.0,0.0,0.0,0.0,0.0,0.0
2018-06-29,0.09312771197756509,0.0,0.0,0.004048380459451896,0.02994999550895437,0.2560422087600944,0.11093850223826367,0.0,0.0,0.0415526469862411,0.05680542884025636,0.0,0.1959974826421408,0.0194939997497412,0.0,0.0,0.10094833576799722,0.0,0.0,0.0,0.0,0.006131315101977567,0.054133073398007304,0.0,0.0,0.030830918569308995,0.0,0.0,0.0,0.0,0.0,0.0,0.0,0.0,0.0
2018-07-06,0.09312771197756509,0.0,0.0,0.0,0.03530706862294407,0.2560422087600944,0.11093850223826367,0.0,0.0,0.04047490419947031,0.05680542884025636,0.0,0.1908189657877883,0.027008369903144654,0.0,0.0,0.10223981930198905,0.0,0.0,0.0,0.0,0.0022730284011677772,0.054133073398007304,0.0,0.0,0.030830918569308995,0.0,0.0,0.0,0.0,0.0,0.0,0.0,0.0,0.0
2018-07-13,0.09312771197756498,0.0,0.0,0.002319205721277075,0.03377743938555313,0.2560422087600944,0.11093850223826367,0.0,0.0,0.04520660517961445,0.05680542884025636,0.0,0.18624236878383343,0.023267236943837893,0.0,0.0,0.10262028008626375,0.0,0.0,0.0,0.0,0.004689020116124438,0.054133073398007304,0.0,0.0,0.030830918569308995,0.0,0.0,0.0,0.0,0.0,0.0,0.0,0.0,0.0
2018-07-20,0.09312771197756509,0.0,0.0,0.0,0.031738068983101844,0.2560422087600944,0.11093850223826367,0.0,0.0,0.049881232941286234,0.05680542884025636,0.0,0.18186716572097447,0.025435347754296376,0.0,0.0,0.10702947616384956,0.0,0.0,0.0,0.0,0.0,0.056303938051003005,0.0,0.0,0.030830918569308995,0.0,0.0,0.0,0.0,0.0,0.0,0.0,0.0,0.0
2018-07-27,0.09815333452932407,0.0,0.0,0.03103322674579191,0.009530249163198922,0.14929814441780467,0.1998655344444633,0.0,0.0,0.06353439854797124,0.05379036261082735,0.0,0.19406578101330307,0.02780217401215107,0.0,0.0,0.10358224058146892,0.0,0.0,0.0,0.0,0.0,0.06934455393369544,0.0,0.0,0.0,0.0,0.0,0.0,0.0,0.0,0.0,0.0,0.0,0.0
2018-08-03,0.09815333452932418,0.0,0.0,0.03103322674579191,0.0,0.14929814441780467,0.1998655344444633,0.0,0.0,0.0613169141009461,0.05379036261082735,0.0,0.19375458221409053,0.023524265126913285,0.0,0.0,0.09986520937933688,0.0,0.022170580161397745,0.0,0.0,0.0,0.06722784626910412,0.0,0.0,0.0,0.0,0.0,0.0,0.0,0.0,0.0,0.0,0.0,0.0
2018-08-10,0.09815333452932418,0.0,0.0,0.03103322674579191,0.0,0.14929814441780467,0.1998655344444633,0.0,0.0,0.07041383491136884,0.05379036261082735,0.0,0.18463459506443058,0.02681007816096173,0.0,0.0,0.10544541664814,0.0,0.009351026128954724,0.0,0.0,0.0,0.07120444633793276,0.0,0.0,0.0,0.0,0.0,0.0,0.0,0.0,0.0,0.0,0.0,0.0
2018-08-17,0.09815333452932395,0.0,0.0,0.03103322674579191,0.0,0.14929814441780467,0.1998655344444633,0.0,0.0,0.07073336711501726,0.05379036261082735,0.0,0.1732685689584781,0.03697267703050624,0.0,0.0,0.10953953174227327,0.0,0.010012604232588995,0.0,0.0,0.0,0.06733264817292485,0.0,0.0,0.0,0.0,0.0,0.0,0.0,0.0,0.0,0.0,0.0,0.0
2018-08-24,0.09815333452932418,0.0,0.0,0.03103322674579191,0.0,0.14929814441780467,0.20975502320289785,0.0,0.0,0.07332558651059225,0.05379036261082735,0.0,0.17000089056908282,0.03748444619727209,0.0,0.0,0.10973258922191191,0.0,0.0,0.0,0.0,0.0,0.06742639599449506,0.0,0.0,0.0,0.0,0.0,0.0,0.0,0.0,0.0,0.0,0.0,0.0
2018-08-31,0.013589824514805837,0.0,0.0,0.03176194123534911,0.0,0.0,0.2829938245293097,0.0,0.0,0.08707495608074095,0.055875577749279474,0.0,0.18572517349946505,0.0341581852754874,0.0,0.0,0.10667990282395413,0.0,0.09955989759014985,0.0,0.0,0.0,0.10258071670145849,0.0,0.0,0.0,0.0,0.0,0.0,0.0,0.0,0.0,0.0,0.0,0.0
2018-09-07,0.013589824514805837,0.0,0.0,0.03176194123534911,0.0,0.0,0.2829938245293097,0.0,0.0,0.0840453420427926,0.055875577749279474,0.0,0.18219184685792061,0.034540286897820065,0.0,0.0,0.10335968631573975,0.0,0.09955989759014985,0.0,0.0,0.0,0.112081772266833,0.0,0.0,0.0,0.0,0.0,0.0,0.0,0.0,0.0,0.0,0.0,0.0
2018-09-14,0.013589824514805837,0.0,0.0,0.03176194123534911,0.0,0.0,0.29117028988148114,0.0,0.0,0.08400609292130243,0.055875577749279474,0.0,0.1902819499961626,0.029034942894579918,0.0,0.0,0.10173255364661841,0.0,0.09955989759014985,0.0,0.0,0.0,0.10298692957027124,0.0,0.0,0.0,0.0,0.0,0.0,0.0,0.0,0.0,0.0,0.0,0.0
2018-09-21,0.013589824514805837,0.0,0.0,0.03176194123534911,0.0,0.0,0.2829938245293097,0.0,0.0,0.08505071102832629,0.055875577749279474,0.0,0.18444662481879476,0.030863576624929598,0.0,0.0,0.10956974168915372,0.0,0.09955989759014985,0.0,0.0,0.0,0.10628828021990168,0.0,0.0,0.0,0.0,0.0,0.0,0.0,0.0,0.0,0.0,0.0,0.0
2018-09-28,0.09999999999999998,0.0,0.0,0.0,0.0,0.0,0.2738683762156655,0.0,0.0,0.05535707484388685,0.05287997666960706,0.0,0.18157370412293622,0.02552028281910779,0.0,0.0,0.1212704112942456,0.0,0.0,0.0,0.0,0.0,0.18953017403455094,0.0,0.0,0.0,0.0,0.0,0.0,0.0,0.0,0.0,0.0,0.0,0.0
2018-10-05,0.10000000000000009,0.0,0.0,0.0,0.0,0.0,0.2738683762156655,0.0,0.0,0.05261403374971446,0.05287997666960706,0.0,0.18167111149091208,0.027651106654388094,0.0,0.0,0.12537649600861467,0.0,0.0,0.0,0.0,0.0,0.18593889921109807,0.0,0.0,0.0,0.0,0.0,0.0,0.0,0.0,0.0,0.0,0.0,0.0
2018-10-12,0.09999999999999987,0.0,0.0,0.0,0.0,0.0,0.2738683762156655,0.0,0.0,0.05160630795868934,0.05287997666960706,0.0,0.18265227895210545,0.03249605466197984,0.0,0.0,0.12107029365422187,0.0,0.0,0.0,0.0,0.0,0.18542671188773097,0.0,0.0,0.0,0.0,0.0,0.0,0.0,0.0,0.0,0.0,0.0,0.0
2018-10-19,0.10000000000000009,0.0,0.0,0.0,0.0,0.0,0.28105825760341774,0.0,0.0,0.05137051280660755,0.05287997666960706,0.0,0.18222503600606016,0.02642843147192411,0.0,0.0,0.11842807225013811,0.0,0.0,0.0,0.0,0.0,0.1876097131922453,0.0,0.0,0.0,0.0,0.0,0.0,0.0,0.0,0.0,0.0,0.0,0.0
2018-10-26,0.6,0.0,0.0,0.0,0.0,0.0,0.13988223680659645,0.0,0.0,0.016175413180362357,0.02126081605081484,0.0,0.07813511562709952,0.009626386234755799,0.0,0.0,0.054455056845497875,0.0,0.0,0.0,0.0,0.0,0.0804649752548732,0.0,0.0,0.0,0.0,0.0,0.0,0.0,0.0,0.0,0.0,0.0,0.0
2018-11-02,0.6,0.0,0.0,0.0,0.0,0.0,0.1445425825704075,0.0,0.0,0.01458015360777943,0.02126081605081484,0.0,0.08006451690199248,0.00801071820412128,0.0,0.0,0.052460046259817705,0.0,0.0,0.0,0.0,0.0,0.0790811664050668,0.0,0.0,0.0,0.0,0.0,0.0,0.0,0.0,0.0,0.0,0.0,0.0
2018-11-09,0.6,0.0,0.0,0.0,0.0,0.0,0.14541806649604228,0.0,0.0,0.013216233490790152,0.02126081605081484,0.0,0.08146214978493072,0.009051076289392264,0.0,0.0,0.05394808226432978,0.0,0.0,0.0,0.0,0.0,0.07564357562370001,0.0,0.0,0.0,0.0,0.0,0.0,0.0,0.0,0.0,0.0,0.0,0.0
2018-11-16,0.5999999999999999,0.0,0.0,0.0,0.0,0.0,0.1504015302869407,0.0,0.0,0.010076280713509382,0.02126081605081484,0.0,0.08324317859130469,0.008209228320748385,0.0,0.0,0.05116539041298204,0.0,0.0,0.0,0.0,0.0,0.07564357562370001,0.0,0.0,0.0,0.0,0.0,0.0,0.0,0.0,0.0,0.0,0.0,0.0
2018-11-23,0.5999999999999999,0.0,0.0,0.0,0.0,0.0,0.14947154119221745,0.0,0.0,0.009547729921697643,0.02126081605081484,0.0,0.08460571293168521,0.008024397278408223,0.0,0.0,0.05003186589653518,0.0,0.0,0.0,0.0,0.0,0.0770579367286415,0.0,0.0,0.0,0.0,0.0,0.0,0.0,0.0,0.0,0.0,0.0,0.0
2018-11-30,0.6,0.0,0.0,0.0,0.0,0.0,0.09996310139431927,0.0,0.0,0.0,0.054928076712300614,0.0,0.06864484507629065,0.001686052825024941,0.0,0.0,0.013260684093326163,0.0,0.054928076712300614,0.0,0.0,0.0,0.10658916318643778,0.0,0.0,0.0,0.0,0.0,0.0,0.0,0.0,0.0,0.0,0.0,0.0
2018-12-07,0.6,0.0,0.0,0.0,0.0,0.0,0.10020797572134198,0.0,0.0,0.0,0.054928076712300614,0.0,0.056473910117230505,0.0042917413464409635,0.0,0.0,0.02108590737364688,0.0,0.054928076712300614,0.0,0.0,0.0,0.10808431201673849,0.0,0.0,0.0,0.0,0.0,0.0,0.0,0.0,0.0,0.0,0.0,0.0
2018-12-14,0.6,0.0,0.0,0.0,0.0,0.0,0.09031112743231295,0.0,0.0,0.0,0.05827365241221068,0.0,0.056473910117230505,0.005652565246266263,0.0,0.0,0.0217382473013808,0.0,0.054928076712300614,0.0,0.0,0.0,0.11262242077829822,0.0,0.0,0.0,0.0,0.0,0.0,0.0,0.0,0.0,0.0,0.0,0.0
2018-12-21,0.6,0.0,0.0,0.0,0.0,0.004209153339432229,0.08199711234772436,0.0,0.0,0.0,0.06781491868865734,0.0,0.056473910117230505,0.000755790812515148,0.0,0.0,0.01957971551647678,0.0,0.054928076712300614,0.0,0.0,0.0,0.11424132246566307,0.0,0.0,0.0,0.0,0.0,0.0,0.0,0.0,0.0,0.0,0.0,0.0
2018-12-28,0.6236160916966416,0.0,0.0,0.0,0.0,0.04022128539529542,0.07464978495824925,0.0,0.0,0.0,0.07714589285223883,0.0,0.05592252947823982,0.0,0.0,0.0,0.0031995158618029324,0.0,0.08060154030405782,0.0,0.0,0.0,0.04464335945347436,0.0,0.0,0.0,0.0,0.0,0.0,0.0,0.0,0.0,0.0,0.0,0.0
2019-01-04,0.6236160916966416,0.0,0.0,0.0,0.0,0.03648885726994443,0.07351579713440362,0.0,0.0,0.0,0.057238855420602,0.0,0.05592252947823982,0.009277887560312958,0.0,0.0,0.013855740682669693,0.0,0.07610156446195855,0.0,0.0,0.0,0.053982676295227364,0.0,0.0,0.0,0.0,0.0,0.0,0.0,0.0,0.0,0.0,0.0,0.0
2019-01-11,0.6236160916966416,0.0,0.0,0.0,0.0,0.04618965899326029,0.0705106826971686,0.0,0.0,0.0,0.0696674984818379,0.0,0.05592252947823982,0.0,0.0,0.0,0.0,0.0,0.08824382691104689,0.0,0.0,0.0,0.04584971174180494,0.0,0.0,0.0,0.0,0.0,0.0,0.0,0.0,0.0,0.0,0.0,0.0
2019-01-18,0.6236160916966416,0.0,0.0,0.0,0.0,0.0413814074993237,0.07002709197021809,0.0,0.0,0.0,0.0780497021707909,0.0,0.05592252947823982,0.0,0.0,0.0,0.0,0.0,0.08636414880930207,0.0,0.0,0.0,0.044639028375483863,0.0,0.0,0.0,0.0,0.0,0.0,0.0,0.0,0.0,0.0,0.0,0.0
2019-01-25,0.622872804745375,0.0023172001552840787,0.0,0.0,0.0,0.025752295744599585,0.08164427373704226,0.0,0.0,0.0,0.0852102294077427,0.0,0.0,0.0,0.0,0.0,0.0,0.0,0.10152715948953654,0.0,0.0,0.0,0.08067603672041984,0.0,0.0,0.0,0.0,0.0,0.0,0.0,0.0,0.0,0.0,0.0,0.0
2019-02-01,0.622872804745375,0.001362064926682549,0.0,0.0,0.0,0.030581442694568473,0.08119431971564113,0.0,0.0,0.0,0.07892201352614617,0.0,0.0,0.0,0.0,0.0,0.0,0.0,0.10442838972461925,0.0,0.0,0.0,0.08063896466696745,0.0,0.0,0.0,0.0,0.0,0.0,0.0,0.0,0.0,0.0,0.0,0.0
2019-02-08,0.6228728047453749,0.0,0.0,0.0,0.0,0.03270977602454715,0.08145623904048968,0.0,0.0,0.0,0.07655411100671286,0.0,0.0,0.0,0.0,0.0,0.0,0.0,0.10710817128016371,0.0,0.0,0.0,0.07929889790271162,0.0,0.0,0.0,0.0,0.0,0.0,0.0,0.0,0.0,0.0,0.0,0.0
2019-02-15,0.6228728047453749,0.0,0.0,0.0,0.0,0.031851214412779175,0.0847852211632945,0.0,0.0,0.0,0.07094335302908855,0.0,0.0,0.0,0.0,0.0,0.0,0.0,0.10357025284138825,0.0,0.0,0.0,0.08597715380807457,0.0,0.0,0.0,0.0,0.0,0.0,0.0,0.0,0.0,0.0,0.0,0.0
2019-02-22,0.09999999999999998,0.0,0.0,0.0,0.0,0.09856405952081639,0.20384101739709293,0.0,0.0,0.0,0.15492281873693928,0.0,0.0,0.0,0.0,0.0,0.026832408494307212,0.0,0.20069323183103893,0.0,0.0,0.0,0.18831405552549804,0.0,0.0,0.026832408494307212,0.0,0.0,0.0,0.0,0.0,0.0,0.0,0.0,0.0
2019-03-01,0.10000000000000009,0.0,0.0,0.0,0.0,0.10555806429145358,0.19904424523865377,0.0,0.0,0.0,0.1553726717465006,0.0,0.0,0.0,0.0,0.0,0.026832408494307212,0.0,0.19825187088463006,0.0,0.0,0.0,0.18810833085014753,0.0,0.0,0.026832408494307212,0.0,0.0,0.0,0.0,0.0,0.0,0.0,0.0,0.0
2019-03-08,0.10000000000000009,0.0,0.0,0.0,0.0,0.10429104525240036,0.19677385520102522,0.0,0.0,0.0,0.16605740833799448,0.0,0.0,0.0,0.0,0.0,0.026832408494307212,0.0,0.19284175463296246,0.0,0.0,0.0,0.18637111958700298,0.0,0.0,0.026832408494307212,0.0,0.0,0.0,0.0,0.0,0.0,0.0,0.0,0.0
2019-03-15,0.10000000000000009,0.0,0.0,0.0,0.0,0.09697706629763203,0.1933109760907376,0.0,0.0,0.0,0.1720279177634314,0.0,0.0,0.0,0.0,0.0,0.026832408494307212,0.0,0.19921619289143,0.0,0.0,0.0,0.18480302996815445,0.0,0.0,0.026832408494307212,0.0,0.0,0.0,0.0,0.0,0.0,0.0,0.0,0.0
2019-03-22,0.09999999999999998,0.0,0.0,0.0,0.0,0.10619837559437026,0.19460112269157406,0.0,0.0,0.0,0.15716873565806078,0.0,0.0,0.0,0.0,0.0,0.02765774450544022,0.0,0.19914216463277865,0.0,0.0,0.0,0.18839944842346878,0.0,0.0,0.026832408494307212,0.0,0.0,0.0,0.0,0.0,0.0,0.0,0.0,0.0
2019-03-29,0.09999999999999998,0.0,0.0,0.01998059469623994,0.0,0.17038748595617076,0.05958126019702421,0.0,0.0,0.007368423974465987,0.13560597564007706,0.0,0.0,0.009284816651343673,0.0,0.0,0.05869889598653388,0.0,0.155586570336317,0.0,0.0,0.0,0.26168182450125715,0.0,0.0,0.021824152060570375,0.0,0.0,0.0,0.0,0.0,0.0,0.0,0.0,0.0
2019-04-05,0.09999999999999987,0.0,0.0,0.01998059469623994,0.0,0.155586570336317,0.06691294789233232,0.0,0.0,0.006838076842961465,0.14331764039457834,0.0,0.0,0.008588664019182306,0.0,0.0,0.059036478317875896,0.0,0.155586570336317,0.0,0.0,0.0,0.260589069403239,0.0,0.0,0.02356338776095674,0.0,0.0,0.0,0.0,0.0,0.0,0.0,0.0,0.0
2019-04-12,0.09999999999999998,0.0,0.0,0.01998059469623994,0.0,0.155586570336317,0.06661282934462541,0.0,0.0,0.0,0.1774104726957022,0.0,0.0,0.003716082617192576,0.0,0.0,0.048758162780124716,0.0,0.1612037124173051,0.0,0.0,0.0,0.24675098041625315,0.0,0.0,0.01998059469623994,0.0,0.0,0.0,0.0,0.0,0.0,0.0,0.0,0.0
2019-04-19,0.09999999999999998,0.0,0.0,0.01998059469623994,0.0,0.155586570336317,0.05703426312712691,0.0,0.0,0.0,0.1659031630831032,0.0,0.0,0.009702043994983294,0.0,0.0,0.05590283005016017,0.0,0.155586570336317,0.0,0.0,0.0,0.25082521017979337,0.0,0.0,0.029478754195959144,0.0,0.0,0.0,0.0,0.0,0.0,0.0,0.0,0.0
2019-04-26,0.11707835541961165,0.0,0.0,0.012569225439197926,0.0,0.015906964173574727,0.12208809972453367,0.0,0.0,0.0,0.1756647362212369,0.0,0.0,0.014131155438139788,0.0,0.0,0.030504925670854145,0.0,0.1494873124736533,0.0,0.0,0.0,0.35,0.0,0.0,0.012569225439197926,0.0,0.0,0.0,0.0,0.0,0.0,0.0,0.0,0.0
2019-05-03,0.12257243252736205,0.0,0.0,0.012569225439197926,0.0,0.012569225439197926,0.11695394781596546,0.0,0.0,0.0,0.16051486813792795,0.0,0.0,0.015261548196214683,0.0,0.0,0.03710664253064426,0.0,0.15745331717383948,0.0,0.0,0.0,0.35,0.0,0.0,0.014998792739650352,0.0,0.0,0.0,0.0,0.0,0.0,0.0,0.0,0.0
2019-05-10,0.13139639053896945,0.0,0.0,0.012569225439197926,0.0,0.012569225439197926,0.10930086156448052,0.0,0.0,0.0,0.14200840110537943,0.0,0.0,0.023585227147854926,0.0,0.0,0.04416806530889462,0.0,0.14568106901198022,0.0,0.0,0.0,0.35,0.0,0.0,0.028721534444044947,0.0,0.0,0.0,0.0,0.0,0.0,0.0,0.0,0.0
2019-05-17,0.1319146838819225,0.0,0.0,0.012569225439197926,0.0,0.012569225439197926,0.11621872098277025,0.0,0.0,0.0,0.15735437171260472,0.0,0.0,0.024182022313904202,0.0,0.0,0.04232423403337444,0.0,0.11408610114140627,0.0,0.0,0.0,0.35,0.0,0.0,0.03878141505562177,0.0,0.0,0.0,0.0,0.0,0.0,0.0,0.0,0.0
2019-05-24,0.11546439718339085,0.0,0.0,0.012569225439197926,0.0,0.012569225439197926,0.1234798943534873,0.0,0.0,0.0,0.14799263972314947,0.0,0.0,0.02995822488987675,0.0,0.0,0.041330452396163245,0.0,0.12353512462271667,0.0,0.0,0.0,0.35,0.0,0.0,0.043100815952819914,0.0,0.0,0.0,0.0,0.0,0.0,0.0,0.0,0.0
2019-05-31,0.10000000000000009,0.0,0.0,0.022011868706595338,0.0,0.022011868706595338,0.16004182638168932,0.0,0.0,0.0,0.19158669361460903,0.0,0.0,0.01540853367518201,0.0,0.0,0.054799214260342594,0.0,0.15295671459107876,0.0,0.0,0.0,0.2730647644921152,0.0,0.0,0.008118515571792256,0.0,0.0,0.0,0.0,0.0,0.0,0.0,0.0,0.0
2019-06-07,0.10000000000000009,0.0,0.0,0.022011868706595338,0.0,0.022011868706595338,0.15490753061782575,0.0,0.0,0.0,0.19536016692426783,0.0,0.0,0.013916783527316696,0.0,0.0,0.05236650464150103,0.0,0.15626403507314368,0.0,0.0,0.0,0.27330241467155425,0.0,0.0,0.009858827131199966,0.0,0.0,0.0,0.0,0.0,0.0,0.0,0.0,0.0
2019-06-14,0.10000000000000031,0.0,0.0,0.022011868706595338,0.0,0.022011868706595338,0.16272762442121125,0.0,0.0,0.0,0.19088280104434097,0.0,0.0,0.013092934166342936,0.0,0.0,0.05144389744082617,0.0,0.16406866595443054,0.0,0.0,0.0,0.2737603395596573,0.0,0.0,0.0,0.0,0.0,0.0,0.0,0.0,0.0,0.0,0.0,0.0
2019-06-21,0.1000000000000002,0.0,0.0,0.022011868706595338,0.0,0.022011868706595338,0.15753147091040398,0.0,0.0,0.0,0.1879815631479356,0.0,0.0,0.009118670488451561,0.0,0.0,0.049341776243870684,0.0,0.16873385532198876,0.0,0.0,0.0,0.2832689264741586,0.0,0.0,0.0,0.0,0.0,0.0,0.0,0.0,0.0,0.0,0.0,0.0
2019-06-28,0.11193189269827264,0.0,0.0,0.011092934487076482,0.0,0.011092934487076482,0.12856944697862982,0.0,0.0,0.0,0.178279302475369,0.0,0.0,0.016107485543350328,0.0,0.0,0.02482231106715526,0.0,0.15701075777599352,0.0,0.0,0.0,0.35,0.0,0.0,0.011092934487076482,0.0,0.0,0.0,0.0,0.0,0.0,0.0,0.0,0.0
2019-07-05,0.10596199149542618,0.0,0.0,0.011092934487076482,0.0,0.033557991431739626,0.12669161587874475,0.0,0.0,0.0,0.19252189886233922,0.0,0.0,0.0,0.0,0.0,0.011092934487076482,0.0,0.15798769887052067,0.0,0.0,0.0,0.35,0.0,0.0,0.011092934487076482,0.0,0.0,0.0,0.0,0.0,0.0,0.0,0.0,0.0
2019-07-12,0.11183978454612731,0.0,0.0,0.011092934487076482,0.0,0.034393409571568424,0.1249725364139003,0.0,0.0,0.0,0.17767653268447672,0.0,0.0,0.005562724297763955,0.0,0.0,0.021709009707653125,0.0,0.15166013380435722,0.0,0.0,0.0,0.35,0.0,0.0,0.011092934487076482,0.0,0.0,0.0,0.0,0.0,0.0,0.0,0.0,0.0
2019-07-19,0.11554368894214007,0.0,0.0,0.011092934487076482,0.0,0.03500734711718997,0.10780868094029003,0.0,0.0,0.0,0.1811235139920151,0.0,0.0,0.004257069769779225,0.0,0.0,0.025923978253894062,0.0,0.15814985201053855,0.0,0.0,0.0,0.35,0.0,0.0,0.011092934487076482,0.0,0.0,0.0,0.0,0.0,0.0,0.0,0.0,0.0
2019-07-26,0.03851052506171326,0.0,0.0,0.011878603123918821,0.0,0.18829418560258493,0.011878603123918821,0.0,0.0,0.0,0.1628207756102178,0.0,0.0,0.011793642633593173,0.0,0.0,0.019753273321812998,0.0,0.1931917883983214,0.0,0.0,0.0,0.35,0.0,0.0,0.011878603123918821,0.0,0.0,0.0,0.0,0.0,0.0,0.0,0.0,0.0
2019-08-02,0.03136466269417992,0.0,0.0,0.011878603123918821,0.0,0.19409048416973296,0.011878603123918821,0.0,0.0,0.0,0.16570675957922876,0.0,0.0,0.006325440384251376,0.0,0.0,0.021340716256809562,0.0,0.19553612754404098,0.0,0.0,0.0,0.35,0.0,0.0,0.011878603123918821,0.0,0.0,0.0,0.0,0.0,0.0,0.0,0.0,0.0
2019-08-09,0.03368001564125511,0.0,0.0,0.011878603123918821,0.0,0.1882784324947137,0.011878603123918821,0.0,0.0,0.0,0.15697479283431937,0.0,0.0,0.013720447093149459,0.0,0.0,0.024200960889855603,0.0,0.19750954167495033,0.0,0.0,0.0,0.35,0.0,0.0,0.011878603123918821,0.0,0.0,0.0,0.0,0.0,0.0,0.0,0.0,0.0
2019-08-16,0.03285053412828254,0.0,0.0,0.011878603123918821,0.0,0.19873866863777495,0.011878603123918821,0.0,0.0,0.0,0.15408838717619208,0.0,0.0,0.022059370289941635,0.0,0.0,0.02894947376878479,0.0,0.17767775662726765,0.0,0.0,0.0,0.35,0.0,0.0,0.011878603123918821,0.0,0.0,0.0,0.0,0.0,0.0,0.0,0.0,0.0
2019-08-23,0.011981258390660443,0.0,0.0,0.011878603123918821,0.0,0.19777532989519708,0.011878603123918821,0.0,0.0,0.0,0.1605351010542746,0.0,0.0,0.021178838255605226,0.0,0.0,0.02599748908886637,0.0,0.18740378004654734,0.0,0.0,0.0,0.35,0.0,0.0,0.0213709970210113,0.0,0.0,0.0,0.0,0.0,0.0,0.0,0.0,0.0
2019-08-30,0.20723926125190517,0.0,0.0,0.0,0.0,0.20057716326121644,0.06320470690955474,0.0,0.0,0.0,0.19467555090767596,0.0,0.0,0.02734714668074012,0.0,0.0,0.03405491700815744,0.0,0.14834857963895504,0.0,0.0,0.0,0.12455267434179505,0.0,0.0,0.0,0.0,0.0,0.0,0.0,0.0,0.0,0.0,0.0,0.0
2019-09-06,0.20723926125190517,0.0,0.0,0.0,0.0,0.19796713860218534,0.07177487737833567,0.0,0.0,0.0,0.2040832246497088,0.0,0.0,0.008079614428371238,0.0,0.0,0.019639738824004525,0.0,0.15402086887192706,0.0,0.0,0.0,0.13719527599356218,0.0,0.0,0.0,0.0,0.0,0.0,0.0,0.0,0.0,0.0,0.0,0.0
2019-09-13,0.20723926125190517,0.0,0.0,0.0,0.0,0.20349343305475592,0.06854797138439389,0.0,0.0,0.0,0.19227614304912405,0.0,0.0,0.011995347835769984,0.0,0.0,0.02117658286958241,0.0,0.1502682440435657,0.0,0.0,0.0,0.1450030165109028,0.0,0.0,0.0,0.0,0.0,0.0,0.0,0.0,0.0,0.0,0.0,0.0
2019-09-20,0.20723926125190517,0.0,0.0,0.0,0.0,0.19872613436948933,0.068364384395553,0.0,0.0,0.0,0.20002121128063666,0.0,0.0,0.008644588204839198,0.0,0.0,0.020962289304457597,0.0,0.15244885853138396,0.0,0.0,0.0,0.14359327266173505,0.0,0.0,0.0,0.0,0.0,0.0,0.0,0.0,0.0,0.0,0.0,0.0
2019-09-27,0.0,0.0,0.0,0.013469593472876847,0.0,0.20323109815077825,0.08631455238303534,0.0,0.0,0.0,0.1959344872682873,0.0,0.0,0.006834932752239415,0.0,0.0,0.01850039978242478,0.0,0.19836438844019885,0.0,0.0,0.0,0.2638809542772823,0.0,0.0,0.013469593472876847,0.0,0.0,0.0,0.0,0.0,0.0,0.0,0.0,0.0
2019-10-04,0.0,0.0,0.0,0.013469593472876847,0.0,0.20515889462508533,0.08620239697055783,0.0,0.0,0.0,0.19203552129063636,0.0,0.0,0.006997966835517988,0.0,0.0,0.020312974332733182,0.0,0.19845507771983503,0.0,0.0,0.0,0.2638979812798805,0.0,0.0,0.013469593472876847,0.0,0.0,0.0,0.0,0.0,0.0,0.0,0.0,0.0
2019-10-11,0.0,0.0,0.0,0.013469593472876847,0.0,0.20237309422941543,0.08702427824386913,0.0,0.0,0.0,0.1855523442088385,0.0,0.0,0.008970016738606482,0.0,0.0,0.0208054102047843,0.0,0.19848999069435572,0.0,0.0,0.0,0.2698456787343766,0.0,0.0,0.013469593472876847,0.0,0.0,0.0,0.0,0.0,0.0,0.0,0.0,0.0
2019-10-18,0.0,0.0,0.0,0.013469593472876847,0.0,0.21385934758410022,0.07637918309943807,0.0,0.0,0.0,0.16702563402404022,0.0,0.0,0.014627503890958564,0.0,0.0,0.028802029586653618,0.0,0.19870564603439608,0.0,0.0,0.0,0.27366146883465947,0.0,0.0,0.013469593472876847,0.0,0.0,0.0,0.0,0.0,0.0,0.0,0.0,0.0
2019-10-25,2.220446049250313e-16,0.0,0.0,0.021825127918518508,0.0,0.21392534812155334,0.021825127918518508,0.0,0.0,0.0,0.16011177009205552,0.0,0.0,0.007351323797647358,0.0,0.0,0.028275114425131496,0.0,0.21052501219603387,0.0,0.0,0.0,0.3143360476120228,0.0,0.0,0.021825127918518508,0.0,0.0,0.0,0.0,0.0,0.0,0.0,0.0,0.0
2019-11-01,2.220446049250313e-16,0.0,0.0,0.021825127918518508,0.0,0.21327428153283587,0.021825127918518508,0.0,0.0,0.0,0.1608928144939784,0.0,0.0,0.0021476702546209445,0.0,0.0,0.02709108813480201,0.0,0.21097683880287632,0.0,0.0,0.0,0.3201419230253308,0.0,0.0,0.021825127918518508,0.0,0.0,0.0,0.0,0.0,0.0,0.0,0.0,0.0
2019-11-08,2.220446049250313e-16,0.0,0.0,0.021825127918518508,0.0030888415263330576,0.2101875810198839,0.02559571192768554,0.0,0.0,0.0,0.16118174273340416,0.0,0.0,0.006509001858138524,0.0,0.0,0.027042039768498102,0.0,0.20926375986438636,0.0,0.0,0.0,0.3134810654646332,0.0,0.0,0.021825127918518508,0.0,0.0,0.0,0.0,0.0,0.0,0.0,0.0,0.0
2019-11-15,1.1102230246251565e-16,0.0,0.0,0.026204986404543704,0.009455541872076687,0.20919766882687935,0.021825127918518508,0.0,0.0,0.0,0.15231155572752303,0.0,0.0,0.009971633093342171,0.0,0.0,0.027139128678411152,0.0,0.20710137463474834,0.0,0.0,0.0014754185108581314,0.3134924364145803,0.0,0.0,0.021825127918518508,0.0,0.0,0.0,0.0,0.0,0.0,0.0,0.0,0.0
2019-11-22,2.220446049250313e-16,0.0,0.0,0.02665720819041436,0.008685541750959654,0.2077828251628038,0.021825127918518508,0.0,0.0,0.0,0.14608309017238585,0.0,0.0,0.01543694337525049,0.0,0.0,0.03077197011021124,0.0,0.20255853764234524,0.0,0.0,0.001623870171460118,0.31674975758713203,0.0,0.0,0.021825127918518508,0.0,0.0,0.0,0.0,0.0,0.0,0.0,0.0,0.0
2019-11-29,2.220446049250313e-16,0.0,0.0,0.027147309893267517,0.00946716403478737,0.23831975232103844,0.023636913954051257,0.0,0.0,0.0,0.17324525301809296,0.0,0.0,0.02288121145167954,0.0,0.0,0.04023060292455996,0.0,0.22775020297041537,0.0,0.0,0.0,0.2136846754780562,0.0,0.0,0.023636913954051257,0.0,0.0,0.0,0.0,0.0,0.0,0.0,0.0,0.0
2019-12-06,1.1102230246251565e-16,0.0,0.0,0.028751889225830787,0.014069214712391559,0.24151096599592062,0.023636913954051257,0.0,0.0,0.0,0.17324525301809296,0.0,0.0,0.01974830769374165,0.0,0.0,0.03565077961384794,0.0,0.22775020297041537,0.0,0.0,0.0,0.21199955886165647,0.0,0.0,0.023636913954051257,0.0,0.0,0.0,0.0,0.0,0.0,0.0,0.0,0.0
2019-12-13,2.220446049250313e-16,0.0,0.0,0.03525005296455465,0.01833533601903137,0.22775020297041537,0.023636913954051257,0.0,0.0,0.005292285311930299,0.17324525301809296,0.0,0.0,0.018553624769537883,0.0,0.0,0.039757862392109385,0.0,0.22775020297041537,0.0,0.0,0.0086285300908741,0.19407786234060576,0.0,0.0,0.027721873198381458,0.0,0.0,0.0,0.0,0.0,0.0,0.0,0.0,0.0
2019-12-20,1.1102230246251565e-16,0.0,0.0,0.028626628700700634,0.01843728769802069,0.22775020297041537,0.023636913954051257,0.0,0.0,0.0,0.17324525301809296,0.0,0.0,0.020751550986604955,0.0,0.0,0.043028515481590285,0.0,0.22857743875263126,0.0,0.0,0.008291824406149955,0.20401747007769128,0.0,0.0,0.023636913954051257,0.0,0.0,0.0,0.0,0.0,0.0,0.0,0.0,0.0
2019-12-27,0.0,0.0,0.0,0.1413720124597944,0.01773045526945666,0.19428559568187326,0.0789894107809957,0.0,0.0,0.007312369560284674,0.17397389430906357,0.0,0.020311701372809694,0.02233474733625932,0.0,0.0,0.07160776108660946,0.0,0.13560788627368728,0.0,0.0,0.005292937608618351,0.11086952688773788,0.0,0.0,0.020311701372809694,0.0,0.0,0.0,0.0,0.0,0.0,0.0,0.0,0.0
2020-01-03,1.1102230246251565e-16,0.0,0.0,0.13790147034571398,0.009169119783197177,0.19428559568187326,0.0789894107809957,0.0,0.0,0.011240165216943213,0.17397389430906357,0.0,0.020311701372809694,0.023499684187755228,0.0,0.0,0.07451377840016044,0.0,0.13560788627368728,0.0,0.0,0.0017965533891711627,0.11839903888581949,0.0,0.0,0.020311701372809694,0.0,0.0,0.0,0.0,0.0,0.0,0.0,0.0,0.0
2020-01-10,1.1102230246251565e-16,0.0,0.0,0.14090189080191956,0.015155899065258988,0.19428559568187326,0.0789894107809957,0.0,0.0,0.007941587726228381,0.17397389430906357,0.0,0.020311701372809694,0.01913878186229378,0.0,0.0,0.07222695570536863,0.0,0.13560788627368728,0.0,0.0,0.004924765139986966,0.1162299299077044,0.0,0.0,0.020311701372809694,0.0,0.0,0.0,0.0,0.0,0.0,0.0,0.0,0.0
2020-01-17,2.220446049250313e-16,0.0,0.0,0.14423278062885744,0.017305096153430493,0.19428559568187326,0.0789894107809957,0.0,0.0,0.004536055585207753,0.17397389430906357,0.0,0.020311701372809694,0.019409356996224376,0.0,0.0,0.07081937295912016,0.0,0.1381213327121183,0.0,0.0,0.008219427691624953,0.1094842737558645,0.0,0.0,0.020311701372809694,0.0,0.0,0.0,0.0,0.0,0.0,0.0,0.0,0.0
2020-01-24,0.0,0.0,0.0,0.1395202923233735,0.013037005960566252,0.19428559568187326,0.0789894107809957,0.0,0.0,0.009676461972442207,0.17397389430906357,0.0,0.020311701372809694,0.021373237526114877,0.0,0.0,0.07058063882924781,0.0,0.13560788627368728,0.0,0.0,0.008676034288645131,0.11247089146655298,0.0,0.0,0.02149694921462763,0.0,0.0,0.0,0.0,0.0,0.0,0.0,0.0,0.0
2020-01-31,2.220446049250313e-16,0.0,0.0,0.12906147546635788,0.04213996280176836,0.03304251129528872,0.0830710906433637,0.0,0.0,0.0013487220345521573,0.23320953381192944,0.0,0.0,0.027908599293599998,0.0,0.0,0.07896720328938545,0.0,0.22585026930211058,0.0,0.0,0.00946077907942906,0.11309678918752052,0.0,0.0,0.022843063794694012,0.0,0.0,0.0,0.0,0.0,0.0,0.0,0.0,0.0
2020-02-07,1.1102230246251565e-16,0.0,0.0,0.12521105344513206,0.04213996280176836,0.04188119456812307,0.0830710906433637,0.0,0.0,0.0,0.23320953381192944,0.0,0.0,0.02954208351842737,0.0,0.0,0.07892561142099869,0.0,0.22585026930211058,0.0,0.0,0.0,0.11309678918752052,0.0,0.0,0.027072411300626067,0.0,0.0,0.0,0.0,0.0,0.0,0.0,0.0,0.0
2020-02-14,1.1102230246251565e-16,0.0,0.0,0.12521105344513206,0.04213996280176836,0.033936728090215855,0.0830710906433637,0.0,0.0,0.0,0.23320953381192944,0.0,0.0,0.025653799564582188,0.0,0.0,0.0778451923400064,0.0,0.22585026930211058,0.0,0.0,0.00368493223330011,0.11309678918752052,0.0,0.0,0.03630064858007064,0.0,0.0,0.0,0.0,0.0,0.0,0.0,0.0,0.0
2020-02-21,2.220446049250313e-16,0.0,0.0,0.12521105344513206,0.04213996280176836,0.02462821843478375,0.0830710906433637,0.0,0.0,0.0029128861142356946,0.23320953381192944,0.0,0.0,0.028177196869016034,0.0,0.0,0.07417275277418865,0.0,0.22585026930211058,0.0,0.0,0.005878171105334473,0.11309678918752052,0.0,0.0,0.0416520755106166,0.0,0.0,0.0,0.0,0.0,0.0,0.0,0.0,0.0
2020-02-28,0.18872979756458896,0.0,0.0,0.10003828012253053,0.0,0.35,0.07433139667940192,0.0,0.0,0.0,0.05344035107086643,0.0,0.0,0.017457078880642008,0.0,0.0,0.06017907076381425,0.0,0.04580012483568661,0.0,0.0,0.026986353199032614,0.022786029681764547,0.0,0.0,0.06025151720167223,0.0,0.0,0.0,0.0,0.0,0.0,0.0,0.0,0.0
2020-03-06,0.19190243492974624,0.0,0.0,0.10003828012253053,0.0,0.35,0.07433139667940192,0.0,0.0,0.0,0.05673350670925231,0.0,0.0,0.019217770190046626,0.0,0.0,0.05922166862942348,0.0,0.052339983520476537,0.0,0.0,0.02570688344312862,0.02391014672432976,0.0,0.0,0.0465979290516641,0.0,0.0,0.0,0.0,0.0,0.0,0.0,0.0,0.0
2020-03-13,0.18795636297984242,0.0,0.0,0.10003828012253053,0.0,0.35,0.07433139667940192,0.0,0.0,0.001974624171599143,0.05344035107086643,0.0,0.0,0.023378394931990426,0.0,0.0,0.06385854730519472,0.0,0.047261092088020415,0.0,0.0,0.02570688344312862,0.025456138155761362,0.0,0.0,0.0465979290516641,0.0,0.0,0.0,0.0,0.0,0.0,0.0,0.0,0.0
2020-03-20,0.18802756131024845,0.0,0.0,0.10003828012253053,0.0,0.35,0.07433139667940192,0.0,0.0,0.0008428797033971458,0.05344035107086643,0.0,0.0,0.019153222807587644,0.0,0.0,0.05839249991390004,0.0,0.053202763519124896,0.0,0.0,0.02570688344312862,0.030266232378150286,0.0,0.0,0.0465979290516641,0.0,0.0,0.0,0.0,0.0,0.0,0.0,0.0,0.0
2020-03-27,0.6,0.0,0.0,0.014653479637629486,0.0,0.12417567669700362,0.01656201503237974,0.0,0.0,0.00037502729817451985,0.09562149327973198,0.0,0.0,0.008584201187719975,0.0,0.0,0.024103032419092958,0.0,0.08135383500273807,0.0,0.0,0.014653479637629486,0.019917759807900216,0.0,0.0,0.0,0.0,0.0,0.0,0.0,0.0,0.0,0.0,0.0,0.0
2020-04-03,0.6,0.0,0.0,0.014653479637629486,0.0,0.12479070846436684,0.018108893235854906,0.0,0.0,0.0,0.10079239403615675,0.0,0.0,0.004923927209673554,0.0,0.0,0.02046142937242824,0.0,0.08505367337388105,0.0,0.0,0.014653479637629486,0.01656201503237974,0.0,0.0,0.0,0.0,0.0,0.0,0.0,0.0,0.0,0.0,0.0,0.0
2020-04-10,0.6,0.0,0.0,0.014653479637629486,0.0,0.1255051655360447,0.01656201503237974,0.0,0.0,0.0,0.10091633869318578,0.0,0.0,0.004053155231981132,0.0,0.0,0.02046142937242824,0.0,0.08639266563485046,0.0,0.0,0.014653479637629486,0.01680227122387101,0.0,0.0,0.0,0.0,0.0,0.0,0.0,0.0,0.0,0.0,0.0,0.0
2020-04-17,0.6,0.0,0.0,0.014653479637629486,0.0,0.12572503713571914,0.01711800643555626,0.0,0.0,0.0,0.09978598587869271,0.0,0.0,0.0025524182901526843,0.0,0.0,0.02046142937242824,0.0,0.08848814857981231,0.0,0.0,0.014653479637629486,0.01656201503237974,0.0,0.0,0.0,0.0,0.0,0.0,0.0,0.0,0.0,0.0,0.0,0.0
2020-04-24,0.6440105392015534,0.007024746842241613,0.0,0.0,0.0,0.11733590879358431,0.05276912193975214,0.0,0.0,0.0,0.05538465020867589,0.0,0.0,0.002181841892615868,0.0,0.0,0.0,0.0,0.12129319112157681,0.0,0.0,0.0,0.0,0.0,0.0,0.0,0.0,0.0,0.0,0.0,0.0,0.0,0.0,0.0,0.0
2020-05-01,0.6440105392015534,0.0,0.0,0.0,0.0005669807674177605,0.12009435189558541,0.053492728594642915,0.0,0.0,0.0,0.0560251562722031,0.0,0.0,0.0025793244691967973,0.0,0.0,0.0,0.0,0.12323091879940064,0.0,0.0,0.0,0.0,0.0,0.0,0.0,0.0,0.0,0.0,0.0,0.0,0.0,0.0,0.0,0.0
2020-05-08,0.6440105392015534,0.0,0.0,0.0,0.0,0.1205777247111967,0.05295062594255677,0.0,0.0,0.0,0.056082615458056456,0.0,0.0,0.0025546793880704293,0.0,0.0,0.0,0.0,0.12382381529856627,0.0,0.0,0.0,0.0,0.0,0.0,0.0,0.0,0.0,0.0,0.0,0.0,0.0,0.0,0.0,0.0
2020-05-15,0.6440105392015534,0.0,0.0,0.0,0.0,0.12090549980084099,0.05281265407256178,0.0,0.0,0.0,0.057891528435417325,0.0,0.0,0.0022403963799563277,0.0,0.0,0.0,0.0,0.1221393821096702,0.0,0.0,0.0,0.0,0.0,0.0,0.0,0.0,0.0,0.0,0.0,0.0,0.0,0.0,0.0,0.0
2020-05-22,0.6440105392015534,0.0,0.0,0.0,0.0,0.12037380635257235,0.05229261368420202,0.0,0.0,0.0,0.056706810132149635,0.0,0.0,0.005104626207412501,0.0,0.0,0.0,0.0,0.12151160442211012,0.0,0.0,0.0,0.0,0.0,0.0,0.0,0.0,0.0,0.0,0.0,0.0,0.0,0.0,0.0,0.0
2020-05-29,0.626342418854489,0.0,0.0,0.0,0.0,0.12213787227385853,0.050266505801968744,0.0,0.0,0.0,0.0701855262559918,0.0,0.0,0.005950168824020006,0.0,0.0,0.0008111233768015491,0.0,0.12430638461287033,0.0,0.0,0.0,0.0,0.0,0.0,0.0,0.0,0.0,0.0,0.0,0.0,0.0,0.0,0.0,0.0
2020-06-05,0.626342418854489,0.0,0.0,0.0,0.0,0.12247405475271658,0.050266505801968744,0.0,0.0,0.0,0.06891773432500828,0.0,0.0,0.006752122372443824,0.0,0.0,0.0008447574495235364,0.0,0.12440240644384998,0.0,0.0,0.0,0.0,0.0,0.0,0.0,0.0,0.0,0.0,0.0,0.0,0.0,0.0,0.0,0.0
2020-06-12,0.626342418854489,0.0,0.0,0.0,0.0,0.1214318785772687,0.050266505801968744,0.0,0.0,0.0,0.06801220191827817,0.0,0.0,0.008327466168427665,0.0,0.0,0.0008747691401851281,0.0,0.12474475953938255,0.0,0.0,0.0,0.0,0.0,0.0,0.0,0.0,0.0,0.0,0.0,0.0,0.0,0.0,0.0,0.0
2020-06-19,0.626342418854489,0.0,0.0,0.0,0.0,0.12229973014274709,0.050266505801968744,0.0,0.0,0.0,0.06989392415629189,0.0,0.0,0.006641501903313311,0.0,0.0,0.0004128537420946041,0.0,0.12414306539909528,0.0,0.0,0.0,0.0,0.0,0.0,0.0,0.0,0.0,0.0,0.0,0.0,0.0,0.0,0.0,0.0
2020-06-26,0.6,0.0,0.0,0.0,0.0,0.11079005862102327,0.03412901794236173,0.0,0.0,0.0,0.08252393254826573,0.0,0.0,0.033576100490865166,0.0,0.0,0.0261448636570389,0.0,0.11283602674044524,0.0,0.0,0.0,0.0,0.0,0.0,0.0,0.0,0.0,0.0,0.0,0.0,0.0,0.0,0.0,0.0
2020-07-03,0.6,0.0,0.0,0.0,0.0,0.11180096016392822,0.03412901794236173,0.0,0.0,0.0,0.08190337319777374,0.0,0.0,0.03426705552175655,0.0,0.0,0.02637559862002376,0.0,0.11152399455415603,0.0,0.0,0.0,0.0,0.0,0.0,0.0,0.0,0.0,0.0,0.0,0.0,0.0,0.0,0.0,0.0
2020-07-10,0.6,0.0,0.0,0.0,0.0022608318922775613,0.10880831164454109,0.03412901794236173,0.0,0.0,0.0016557993898566577,0.08139977777527668,0.0,0.0,0.03427842139991281,0.0,0.0,0.028638349558491493,0.0,0.10837808483483145,0.0,0.0,0.0004514055624505381,0.0,0.0,0.0,0.0,0.0,0.0,0.0,0.0,0.0,0.0,0.0,0.0,0.0
2020-07-17,0.6,0.0,0.0,0.0,0.0010211883971858091,0.11095034156537152,0.03412901794236173,0.0,0.0,0.0,0.08256872686909225,0.0,0.0,0.03344892026116021,0.0,0.0,0.02493597243767048,0.0,0.11294583252715802,0.0,0.0,0.0,0.0,0.0,0.0,0.0,0.0,0.0,0.0,0.0,0.0,0.0,0.0,0.0,0.0
2020-07-24,0.6,0.0,0.0,0.0,0.0010212949974404636,0.10998082940006985,0.03412901794236173,0.0,0.0,0.0,0.08306648765062075,0.0,0.0,0.033429379625552404,0.0,0.0,0.025341597481493734,0.0,0.1130313929024611,0.0,0.0,0.0,0.0,0.0,0.0,0.0,0.0,0.0,0.0,0.0,0.0,0.0,0.0,0.0,0.0
2020-07-31,0.05315061663753262,0.0,0.0,0.026924189812837986,0.08224385887150004,0.26093755521739626,0.05451728845258412,0.0,0.0,0.0,0.09061508022002177,0.0,0.0,0.10268321831086356,0.0,0.0,0.02831582106991012,0.0,0.2736881815945155,0.0,0.0,0.0,0.0,0.0,0.0,0.026924189812837986,0.0,0.0,0.0,0.0,0.0,0.0,0.0,0.0,0.0
2020-08-07,0.05315061663753262,0.0,0.0,0.026924189812837986,0.07697551898636382,0.26294955973084444,0.05451728845258412,0.0,0.0,0.0,0.08812165178423453,0.0,0.0,0.10466502398568535,0.0,0.0,0.03436574129366878,0.0,0.2641881925053459,0.0,0.0,0.0,0.0,0.0,0.0,0.03414221681090242,0.0,0.0,0.0,0.0,0.0,0.0,0.0,0.0,0.0
2020-08-14,0.05315061663753262,0.0,0.0,0.026924189812837986,0.07697551898636382,0.25823519085710733,0.05451728845258412,0.0,0.0,0.0,0.08925166453132416,0.0,0.0,0.1037305129721104,0.0,0.0,0.03123522114108497,0.0,0.26684108574921167,0.0,0.0,0.0,0.0,0.0,0.0,0.03913871085984287,0.0,0.0,0.0,0.0,0.0,0.0,0.0,0.0,0.0
2020-08-21,0.05315061663753262,0.0,0.0,0.026924189812837986,0.07697551898636382,0.26285238578334624,0.05451728845258412,0.0,0.0,0.0,0.08843373324082565,0.0,0.0,0.10549884712996893,0.0,0.0,0.03152648318112928,0.0,0.26387790212603796,0.0,0.0,0.0,0.0,0.0,0.0,0.036243034649373354,0.0,0.0,0.0,0.0,0.0,0.0,0.0,0.0,0.0
2020-08-28,0.17236930843771003,0.0,0.0,0.011467214448344193,0.0,0.165008597601366,0.011467214448344193,0.0,0.0,0.0,0.04037482209939155,0.0,0.0,0.2072563776923289,0.0,0.0,0.028940036885959516,0.0,0.15751369476155763,0.0,0.0,0.0,0.0,0.0,0.0,0.205602733624998,0.0,0.0,0.0,0.0,0.0,0.0,0.0,0.0,0.0
2020-09-04,0.17236930843771003,0.0,0.0,0.011467214448344193,0.0,0.16135153516568995,0.011467214448344193,0.0,0.0,0.0,0.03155087297834303,0.0,0.0,0.20455874020390075,0.0,0.0,0.040707620264878154,0.0,0.1615547774727797,0.0,0.0,0.0,0.0,0.0,0.0,0.20497271658001,0.0,0.0,0.0,0.0,0.0,0.0,0.0,0.0,0.0
2020-09-11,0.17236930843771003,0.0,0.0,0.011467214448344193,0.0,0.17180828679111132,0.011467214448344193,0.0,0.0,0.0,0.0354672386911587,0.0,0.0,0.19909821277971762,0.0,0.0,0.03892476989561822,0.0,0.1576569476423892,0.0,0.0,0.0,0.0,0.0,0.0,0.20174080686560653,0.0,0.0,0.0,0.0,0.0,0.0,0.0,0.0,0.0
2020-09-18,0.17236930843771003,0.0,0.0,0.011467214448344193,0.0,0.1627491986183267,0.011467214448344193,0.0,0.0,0.01181811216103647,0.02400429679290528,0.0,0.0,0.20922626482260523,0.0,0.0,0.04780523630939137,0.0,0.14615850805469577,0.0,0.0,0.0,0.0,0.0,0.0,0.20293464590664076,0.0,0.0,0.0,0.0,0.0,0.0,0.0,0.0,0.0
2020-09-25,0.13862399950970938,0.0,0.0,0.011937890089227604,0.0,0.1922692575911841,0.04420702975814936,0.0,0.0,0.0015482960381363496,0.04074269340080041,0.0,0.011937890089227604,0.15729259263593687,0.0,0.0,0.07453023604877218,0.0,0.17786271908344822,0.0,0.0,0.0,0.0,0.0,0.0,0.14904739575540785,0.0,0.0,0.0,0.0,0.0,0.0,0.0,0.0,0.0
2020-10-02,0.13862399950970938,0.0,0.0,0.011937890089227604,0.0,0.19745522426955056,0.04420702975814936,0.0,0.0,0.005527635154742982,0.032269139668921754,0.0,0.011937890089227604,0.16355838934765504,0.0,0.0,0.07859100889725668,0.0,0.15732480415521807,0.0,0.0,0.006492574974811988,0.0,0.0,0.0,0.15207441408552894,0.0,0.0,0.0,0.0,0.0,0.0,0.0,0.0,0.0
2020-10-09,0.1386239995097095,0.0,0.0,0.011937890089227604,0.0,0.19337355236802492,0.04420702975814936,0.0,0.0,0.006745469692906002,0.032269139668921754,0.0,0.011937890089227604,0.16724246647330673,0.0,0.0,0.08266534828042665,0.0,0.1617582626544596,0.0,0.0,0.00372403851856598,0.0,0.0,0.0,0.14551491289707427,0.0,0.0,0.0,0.0,0.0,0.0,0.0,0.0,0.0
2020-10-16,0.13862399950970938,0.0,0.0,0.011937890089227604,0.0,0.1935764811809864,0.04420702975814936,0.0,0.0,0.0,0.032269139668921754,0.0,0.011937890089227604,0.16770420475017878,0.0,0.0,0.077166527943832,0.0,0.19128439441084827,0.0,0.0,0.0,0.0,0.0,0.0,0.1312924425989188,0.0,0.0,0.0,0.0,0.0,0.0,0.0,0.0,0.0
2020-10-23,0.13862399950970938,0.0,0.0,0.011937890089227604,0.008073761718309718,0.1939556704150405,0.04420702975814936,0.0,0.0,0.0,0.032269139668921754,0.0,0.011937890089227604,0.1591016004975507,0.0,0.0,0.07289931822563253,0.0,0.18510264769462478,0.0,0.0,0.0,0.0,0.0,0.0,0.14189105233360597,0.0,0.0,0.0,0.0,0.0,0.0,0.0,0.0,0.0
2020-10-30,0.14632940082768875,0.0,0.0,0.012347106545835837,0.11286389918232577,0.19983367156511897,0.049033430845231527,0.0,0.0,0.0,0.04359781190576046,0.0,0.012347106545835837,0.13087916223097024,0.0,0.0,0.079436921530483,0.0,0.188637275729078,0.0,0.0,0.0,0.012347106545835837,0.0,0.0,0.012347106545835837,0.0,0.0,0.0,0.0,0.0,0.0,0.0,0.0,0.0
2020-11-06,0.14632940082768875,0.0,0.0,0.012347106545835837,0.1055993025441175,0.204648227443373,0.049033430845231527,0.0,0.0,0.0,0.03668632429939569,0.0,0.012347106545835837,0.13100582030188043,0.0,0.0,0.0820991408326196,0.0,0.17763625179161097,0.0,0.0,0.0,0.012347106545835837,0.0,0.0,0.029920781476575106,0.0,0.0,0.0,0.0,0.0,0.0,0.0,0.0,0.0
2020-11-13,0.14632940082768875,0.0,0.0,0.012347106545835837,0.094895926790525,0.205002659886129,0.049033430845231527,0.0,0.0,0.003890310054065329,0.03668632429939569,0.0,0.012347106545835837,0.13602311876627718,0.0,0.0,0.08565314127081787,0.0,0.17252991360102882,0.0,0.0,0.0,0.012347106545835837,0.0,0.0,0.032914454021333375,0.0,0.0,0.0,0.0,0.0,0.0,0.0,0.0,0.0
2020-11-20,0.14632940082768864,0.0,0.0,0.012347106545835837,0.094895926790525,0.20417716871200672,0.049033430845231527,0.0,0.0,0.004002247103641131,0.03668632429939569,0.0,0.012347106545835837,0.1353582549130783,0.0,0.0,0.08531810494995466,0.0,0.17177476303051648,0.0,0.0,0.0,0.012347106545835837,0.0,0.0,0.03538305889045432,0.0,0.0,0.0,0.0,0.0,0.0,0.0,0.0,0.0
2020-11-27,0.2001757368158379,0.0,0.0,0.008276223134598672,0.006475929606638987,0.1517145393618058,0.02865059893964685,0.0,0.0,0.00595993372416708,0.020374375805048178,0.0,0.008276223134598672,0.21319210950096873,0.0,0.0,0.047366860790370675,0.0,0.10506830883993676,0.0,0.0,0.0,0.008276223134598672,0.0,0.0,0.19619293721178307,0.0,0.0,0.0,0.0,0.0,0.0,0.0,0.0,0.0
2020-12-04,0.2001757368158379,0.0,0.0,0.008276223134598672,0.021909067621956393,0.14795968739071827,0.02865059893964685,0.0,0.0,0.0,0.031228191421215357,0.0,0.008276223134598672,0.2027658434691409,0.0,0.0,0.04322803493650521,0.0,0.10506830883993676,0.0,0.0,0.0,0.008276223134598672,0.0,0.0,0.1941858611612464,0.0,0.0,0.0,0.0,0.0,0.0,0.0,0.0,0.0
2020-12-11,0.2001757368158379,0.0,0.0,0.008276223134598672,0.026506100016481928,0.14257344844882947,0.02865059893964685,0.0,0.0,0.011155368686774528,0.020374375805048178,0.0,0.008276223134598672,0.2000506084675866,0.0,0.0,0.04362745204921398,0.0,0.10506830883993676,0.0,0.0,0.0037951795939339147,0.008276223134598672,0.0,0.0,0.19319415293291392,0.0,0.0,0.0,0.0,0.0,0.0,0.0,0.0,0.0
2020-12-18,0.2001757368158379,0.0,0.0,0.0185311244802231,0.02900871351095452,0.11184989594323147,0.02865059893964685,0.0,0.0,0.027968772389833762,0.020374375805048178,0.0,0.008276223134598672,0.19630134443147512,0.0,0.0,0.044878560948610396,0.0,0.10506830883993676,0.0,0.0,0.013858688960385555,0.008276223134598672,0.0,0.0,0.18678143266561906,0.0,0.0,0.0,0.0,0.0,0.0,0.0,0.0,0.0
2020-12-25,0.19813923801195354,0.0,0.0,0.026481331170086386,0.019106392847975266,0.10648037919007956,0.029851805806754193,0.0,0.0,0.03132588277011682,0.02037383619963865,0.0,0.009477969607115546,0.19678078831886153,0.0,0.0,0.043418400919095546,0.0,0.09700240958296402,0.0,0.0,0.020776487406127236,0.009477969607115546,0.0,0.0,0.19130710856211602,0.0,0.0,0.0,0.0,0.0,0.0,0.0,0.0,0.0
2021-01-01,0.19813923801195366,0.0,0.0,0.019509678969776137,0.0184598427993167,0.10648037919007956,0.029851805806754193,0.0,0.0,0.04204005597150925,0.02037383619963865,0.0,0.009477969607115546,0.1971199699627612,0.0,0.0,0.04371662684033222,0.0,0.09700240958296402,0.0,0.0,0.01703434075109422,0.009477969607115546,0.0,0.0,0.19131587669958902,0.0,0.0,0.0,0.0,0.0,0.0,0.0,0.0,0.0
2021-01-08,0.19813923801195377,0.0,0.0,0.019281875064393675,0.01824277473546775,0.10648037919007956,0.029851805806754193,0.0,0.0,0.041114979835372864,0.02037383619963865,0.0,0.009477969607115546,0.19860990531755313,0.0,0.0,0.04379707509961297,0.0,0.09700240958296402,0.0,0.0,0.016563602660370505,0.009477969607115546,0.0,0.0,0.1915861792816079,0.0,0.0,0.0,0.0,0.0,0.0,0.0,0.0,0.0
2021-01-15,0.19813923801195366,0.0,0.0,0.02178846991044582,0.030035622713080835,0.10648037919007956,0.029851805806754193,0.0,0.0,0.03962864346205609,0.02037383619963865,0.0,0.009477969607115546,0.19245650156592867,0.0,0.0,0.0390184974690853,0.0,0.09700240958296402,0.0,0.0,0.015530690535897939,0.009477969607115546,0.0,0.0,0.19073796633788412,0.0,0.0,0.0,0.0,0.0,0.0,0.0,0.0,0.0
2021-01-22,0.19813923801195377,0.0,0.0,0.02135817648962169,0.033402036594513296,0.10648037919007956,0.029851805806754193,0.0,0.0,0.038343096152996886,0.02037383619963865,0.0,0.009477969607115546,0.19048085824273212,0.0,0.0,0.03502633051943724,0.0,0.09700240958296402,0.0,0.0,0.017966696376392078,0.009477969607115546,0.0,0.0,0.19261919761868548,0.0,0.0,0.0,0.0,0.0,0.0,0.0,0.0,0.0
2021-01-29,0.14470687528307746,0.0,0.0,0.02236954023103095,0.09865576768533443,0.0824255078498032,0.044431553084757075,0.0,0.0,0.03335836831727769,0.17415489828723096,0.0,0.014776778781970196,0.10745636810302649,0.0,0.0,0.06383346624124088,0.0,0.032636121400587095,0.0,0.0,0.01845626677311462,0.011795431684169976,0.0,0.0,0.15094305627737895,0.0,0.0,0.0,0.0,0.0,0.0,0.0,0.0,0.0
2021-02-05,0.14470687528307757,0.0,0.0,0.022324556065361986,0.1060398829361884,0.0824255078498032,0.044431553084757075,0.0,0.0,0.03244333452617093,0.17415489828723096,0.0,0.011795431684169976,0.10862663835542144,0.0,0.0,0.0633156996378423,0.0,0.032636121400587095,0.0,0.0,0.01571800564641809,0.011795431684169976,0.0,0.0,0.1495860635588011,0.0,0.0,0.0,0.0,0.0,0.0,0.0,0.0,0.0
2021-02-12,0.14470687528307735,0.0,0.0,0.02433898680106987,0.10111207727416438,0.0824255078498032,0.044431553084757075,0.0,0.0,0.030971448049077664,0.17415489828723096,0.0,0.017175723874576998,0.1030216762372428,0.0,0.0,0.0575318404026368,0.0,0.032636121400587095,0.0,0.0,0.019967324347267654,0.011795431684169976,0.0,0.0,0.15573053542433812,0.0,0.0,0.0,0.0,0.0,0.0,0.0,0.0,0.0
2021-02-19,0.14470687528307746,0.0,0.0,0.024081625520140537,0.10406076575985403,0.0824255078498032,0.044431553084757075,0.0,0.0,0.030419130450995886,0.17415489828723096,0.0,0.01705171448169925,0.10249360402054482,0.0,0.0,0.05731637242301289,0.0,0.032636121400587095,0.0,0.0,0.014668020891414214,0.011795431684169976,0.0,0.0,0.1597583788627126,0.0,0.0,0.0,0.0,0.0,0.0,0.0,0.0,0.0
2021-02-26,0.2682863997645304,0.0,0.0,0.12484074919697906,0.07107304432639992,0.0,0.052685014550497865,0.0,0.0,0.02750609830055443,0.03767396860008049,0.0,0.015011045950417376,0.025506188293617695,0.0,0.0,0.07960170471104029,0.0,0.03767396860008049,0.0,0.0,0.06356324836160171,0.015011045950417376,0.0,0.0,0.18156752339378285,0.0,0.0,0.0,0.0,0.0,0.0,0.0,0.0,0.0
2021-03-05,0.2682863997645304,0.0,0.0,0.12264402538545234,0.07088944856570366,0.0,0.052685014550497865,0.0,0.0,0.027867771809504407,0.03767396860008049,0.0,0.022458953553362138,0.025622805780678718,0.0,0.0,0.07977895697630537,0.0,0.03767396860008049,0.0,0.0,0.06359860699778977,0.015011045950417376,0.0,0.0,0.17580903346559693,0.0,0.0,0.0,0.0,0.0,0.0,0.0,0.0,0.0
2021-03-12,0.2682863997645304,0.0,0.0,0.12030180935719667,0.07060890261896921,0.0,0.052685014550497865,0.0,0.0,0.026930203007300847,0.03767396860008049,0.0,0.027708369067912565,0.02833460401398661,0.0,0.0,0.08219249225008751,0.0,0.03767396860008049,0.0,0.0,0.05681879072609403,0.015011045950417376,0.0,0.0,0.1757744314928459,0.0,0.0,0.0,0.0,0.0,0.0,0.0,0.0,0.0
2021-03-19,0.2682863997645304,0.0,0.0,0.11875329881137688,0.06720996724706524,0.0,0.052685014550497865,0.0,0.0,0.030045842559963006,0.03767396860008049,0.0,0.02338658098888372,0.028265674052566817,0.0,0.0,0.07645911615523883,0.0,0.03767396860008049,0.0,0.0,0.060582023861731324,0.015011045950417376,0.0,0.0,0.1839670988575675,0.0,0.0,0.0,0.0,0.0,0.0,0.0,0.0,0.0
2021-03-26,0.28853070787749524,0.0,0.0,0.10846866980316308,0.0639635834983375,0.0,0.055403666452940356,0.0,0.0,0.05026076608540796,0.04179027858026378,0.0,0.016335746275872497,0.04211919134582262,0.0,0.0,0.11364182252348619,0.0,0.0,0.0,0.0,0.011898879470200099,0.013613387872676574,0.0,0.0,0.1939733002143341,0.0,0.0,0.0,0.0,0.0,0.0,0.0,0.0,0.0
2021-04-02,0.28853070787749524,0.0,0.0,0.1036929523517909,0.0639635834983375,0.0,0.055403666452940356,0.0,0.0,0.049317803615131606,0.04179027858026378,0.0,0.04859679262813517,0.033526111836155316,0.0,0.0,0.10845477302431762,0.0,0.0,0.0,0.0,0.0022772786494535584,0.013613387872676574,0.0,0.0,0.19083266361330234,0.0,0.0,0.0,0.0,0.0,0.0,0.0,0.0,0.0
2021-04-09,0.28853070787749535,0.0,0.0,0.10772054714782374,0.0639635834983375,0.0,0.055403666452940356,0.0,0.0,0.046637723810257076,0.04179027858026378,0.0,0.04827549967890715,0.027148189438091413,0.0,0.0,0.11216450556744671,0.0,0.0,0.0,0.0,0.012054495884945143,0.013613387872676574,0.0,0.0,0.18269741419081525,0.0,0.0,0.0,0.0,0.0,0.0,0.0,0.0,0.0
2021-04-16,0.28853070787749524,0.0,0.0,0.1079351907202332,0.0639635834983375,0.0,0.055403666452940356,0.0,0.0,0.04772139441677424,0.04179027858026378,0.0,0.048552141694194736,0.023897664414270554,0.0,0.0,0.11250863802722062,0.0,0.0,0.0,0.0,0.012741859023184475,0.013613387872676574,0.0,0.0,0.1833414874224087,0.0,0.0,0.0,0.0,0.0,0.0,0.0,0.0,0.0
2021-04-23,0.28853070787749524,0.0,0.0,0.11186785779919155,0.07596437638855455,0.0,0.055403666452940356,0.0,0.0,0.046865583846090866,0.04179027858026378,0.0,0.040436913883770687,0.022173304918073726,0.0,0.0,0.10796126440404374,0.0,0.0,0.0,0.0,0.016357358316273145,0.013613387872676574,0.0,0.0,0.17903529966062576,0.0,0.0,0.0,0.0,0.0,0.0,0.0,0.0,0.0
2021-04-30,0.29004993528446166,0.022174286726990785,0.0,0.021211866046386307,0.005840016959497308,0.0,0.055264971879799354,0.0,0.0,0.041036638360598204,0.0416237533288372,0.0,0.19464872553943283,0.0029711233865952424,0.0,0.0,0.11559163615637882,0.0,0.0,0.0,0.0,0.05678318979750024,0.02725236047683243,0.0,0.0,0.12555149605668964,0.0,0.0,0.0,0.0,0.0,0.0,0.0,0.0,0.0
2021-05-07,0.29004993528446166,0.022174286726990785,0.0,0.024855438614944818,0.0,0.0,0.055264971879799354,0.0,0.0,0.041629023594188394,0.0416237533288372,0.0,0.1910147060323378,0.010545931812450988,0.0,0.0,0.1204884640322215,0.0,0.0,0.0,0.0,0.05923780259203372,0.017564190045044097,0.0,0.0,0.12555149605668964,0.0,0.0,0.0,0.0,0.0,0.0,0.0,0.0,0.0
2021-05-14,0.29004993528446166,0.024475239132586386,0.0,0.021693882599650206,0.0,0.0,0.055264971879799354,0.0,0.0,0.042776260160880326,0.0416237533288372,0.0,0.1880304810019389,0.015305806639979073,0.0,0.0,0.12212078968586401,0.0,0.0,0.0,0.0,0.05439357475958009,0.01871380946973316,0.0,0.0,0.12555149605668964,0.0,0.0,0.0,0.0,0.0,0.0,0.0,0.0,0.0
2021-05-21,0.29004993528446166,0.02463346778978203,0.0,0.01933579929832916,0.0,0.0,0.055264971879799354,0.0,0.0,0.04224870224446921,0.0416237533288372,0.0,0.19325534436216676,0.01618169124081219,0.0,0.0,0.11759722330934118,0.0,0.0,0.0,0.0,0.04976224083975418,0.024495374365557467,0.0,0.0,0.12555149605668964,0.0,0.0,0.0,0.0,0.0,0.0,0.0,0.0,0.0
2021-05-28,0.2953616075410228,0.0289997007258598,0.0,0.011685544392574108,0.0,0.011685544392574108,0.05320392175481574,0.0,0.0,0.04115531457164641,0.04151837736224163,0.0,0.18848133198146946,0.013447239527844665,0.0,0.0,0.11372196353396058,0.0,0.0,0.0,0.0,0.0687206590697298,0.031874624616693964,0.0,0.0,0.10014417052956687,0.0,0.0,0.0,0.0,0.0,0.0,0.0,0.0,0.0
2021-06-04,0.2953616075410228,0.028957084369981654,0.0,0.011685544392574108,0.0,0.011685544392574108,0.05320392175481574,0.0,0.0,0.040441139196576645,0.04151837736224163,0.0,0.18738547580896553,0.014889299814656592,0.0,0.0,0.11064954400114109,0.0,0.0,0.0,0.0,0.06852860046757359,0.035549690368309586,0.0,0.0,0.10014417052956687,0.0,0.0,0.0,0.0,0.0,0.0,0.0,0.0,0.0
2021-06-11,0.2953616075410228,0.04578382948662954,0.0,0.011685544392574108,0.0,0.011685544392574108,0.05320392175481574,0.0,0.0,0.036232235138313355,0.04151837736224163,0.0,0.19254281329607797,0.009641078620630334,0.0,0.0,0.11666119027282383,0.0,0.0,0.0,0.0,0.06613841430870795,0.019401272904021678,0.0,0.0,0.10014417052956687,0.0,0.0,0.0,0.0,0.0,0.0,0.0,0.0,0.0
2021-06-18,0.2953616075410228,0.02709500752991635,0.0,0.011685544392574108,0.0,0.011685544392574108,0.05320392175481574,0.0,0.0,0.03717588131307818,0.04151837736224163,0.0,0.19287401954075303,0.012237827421924637,0.0,0.0,0.1299446956603016,0.0,0.0,0.0,0.0,0.06656875609259376,0.02050464646863715,0.0,0.0,0.10014417052956687,0.0,0.0,0.0,0.0,0.0,0.0,0.0,0.0,0.0
2021-06-25,0.049207484682173064,0.08479991323741207,0.0,0.013525080583186204,0.0,0.0,0.30607638606092735,0.0,0.0,0.036641225021377274,0.04141671536976495,0.0,0.2000344538500227,0.0078057552214024686,0.0,0.0,0.12202969255562054,0.0,0.0,0.0,0.0,0.002390139666867098,0.03472356408294064,0.0,0.0,0.10134958966830558,0.0,0.0,0.0,0.0,0.0,0.0,0.0,0.0,0.0
2021-07-02,0.049207484682173286,0.08401704006530467,0.0,0.013525080583186204,0.0,0.0,0.30607638606092735,0.0,0.0,0.0448399388988155,0.04141671536976495,0.0,0.19653869624309753,0.011069160628345828,0.0,0.0,0.11367838748994427,0.0,0.0,0.0,0.0,0.006826419342805345,0.03145510096732959,0.0,0.0,0.10134958966830558,0.0,0.0,0.0,0.0,0.0,0.0,0.0,0.0,0.0
2021-07-09,0.049207484682173286,0.08656925101618693,0.0,0.021707662112213526,0.0,0.0,0.30607638606092735,0.0,0.0,0.041201053256589903,0.04141671536976495,0.0,0.1948223662504702,0.0029587516159163057,0.0,0.0,0.10732353667381184,0.0,0.0,0.0,0.0,0.011756986196490585,0.028359844395408625,0.0,0.0,0.10859996237004663,0.0,0.0,0.0,0.0,0.0,0.0,0.0,0.0,0.0
2021-07-16,0.049207484682173175,0.0840205852481864,0.0,0.023207021400684757,0.0,0.0,0.30607638606092735,0.0,0.0,0.040963068836968736,0.04141671536976495,0.0,0.19487529899702558,0.004261085379167098,0.0,0.0,0.1089347277827955,0.0,0.0,0.0,0.0,0.011165906152486976,0.034522130421513926,0.0,0.0,0.10134958966830558,0.0,0.0,0.0,0.0,0.0,0.0,0.0,0.0,0.0
2021-07-23,0.049207484682173175,0.07912587591867022,0.0,0.016992408493832354,0.0,0.0,0.30607638606092735,0.0,0.0,0.03974220379098849,0.04141671536976495,0.0,0.19289226783794675,0.015765675653234796,0.0,0.0,0.11153682870208269,0.0,0.0,0.0,0.0,0.006668389893201112,0.03549864217410838,0.0,0.0,0.10507712142306978,0.0,0.0,0.0,0.0,0.0,0.0,0.0,0.0,0.0
2021-07-30,0.31314063079292087,0.02193656794005495,0.0,0.032852728606425526,0.0,0.0,0.06606024872296368,0.0,0.0,0.013813728061747823,0.04152348538575668,0.0,0.16233984085747807,0.01472653482155291,0.0,0.0,0.09069301398404225,0.0,0.024536763337207,0.0,0.0,0.031897513812693096,0.16054292582686766,0.0,0.0,0.025936017850289483,0.0,0.0,0.0,0.0,0.0,0.0,0.0,0.0,0.0
2021-08-06,0.31314063079292076,0.02193656794005495,0.0,0.02700821536625526,0.0,0.0,0.06606024872296368,0.0,0.0,0.013614089790405721,0.04152348538575668,0.0,0.16521374538666198,0.021848157070860148,0.0,0.0,0.0974294439118086,0.0,0.024536763337207,0.0,0.0,0.029155866103346938,0.15399602285455122,0.0,0.0,0.024536763337207,0.0,0.0,0.0,0.0,0.0,0.0,0.0,0.0,0.0
2021-08-13,0.31314063079292087,0.02193656794005495,0.0,0.026840339950133737,0.0,0.0,0.06606024872296368,0.0,0.0,0.008833993415715996,0.04152348538575668,0.0,0.16027214697438197,0.02007076379260485,0.0,0.0,0.09809788545432008,0.0,0.024536763337207,0.0,0.0,0.028693806937117983,0.1654566039596152,0.0,0.0,0.024536763337207,0.0,0.0,0.0,0.0,0.0,0.0,0.0,0.0,0.0
2021-08-20,0.31314063079292087,0.030083638190589714,0.0,0.024536763337207,0.0,0.0,0.06606024872296368,0.0,0.0,0.0,0.04152348538575668,0.0,0.15699258112577558,0.025570420243202507,0.0,0.0,0.09712562690217126,0.0,0.024536763337207,0.0,0.0,0.02642774578755462,0.16946533283744408,0.0,0.0,0.024536763337207,0.0,0.0,0.0,0.0,0.0,0.0,0.0,0.0,0.0
2021-08-27,0.04383474881594629,0.006433852730194923,0.0,0.028464518049093425,0.0,0.0,0.344174933828641,0.0,0.0,0.002443333859970598,0.04131127737469388,0.0,0.164367334756797,0.029530655212091052,0.0,0.0,0.10689255184075405,0.0,0.028464518049093425,0.0,0.0,0.029006404409271963,0.1750758710734524,0.0,0.0,0.0,0.0,0.0,0.0,0.0,0.0,0.0,0.0,0.0,0.0
2021-09-03,0.04383474881594629,0.0013081115022028867,0.0,0.028464518049093425,0.0,0.0,0.344174933828641,0.0,0.0,0.0,0.04131127737469388,0.0,0.16756729944526808,0.029402593467879795,0.0,0.0,0.10750880804533242,0.0,0.028464518049093425,0.0,0.0,0.029006404409271963,0.17895678701257683,0.0,0.0,0.0,0.0,0.0,0.0,0.0,0.0,0.0,0.0,0.0,0.0
2021-09-10,0.0438347488159464,0.003747015757161822,0.0,0.028464518049093425,0.0,0.0,0.344174933828641,0.0,0.0,0.0027883245954756805,0.04131127737469388,0.0,0.15987083045890974,0.03252405851376403,0.0,0.0,0.109338181075048,0.0,0.028464518049093425,0.0,0.0,0.031283493835004554,0.17419809964716812,0.0,0.0,0.0,0.0,0.0,0.0,0.0,0.0,0.0,0.0,0.0,0.0
2021-09-17,0.04383474881594629,0.006303410413757885,0.0,0.028464518049093425,0.0,0.0,0.344174933828641,0.0,0.0,0.0,0.04131127737469388,0.0,0.16025193097404428,0.03547451636180006,0.0,0.0,0.11199467678000427,0.0,0.028464518049093425,0.0,0.0,0.029006404409271963,0.17071906494365352,0.0,0.0,0.0,0.0,0.0,0.0,0.0,0.0,0.0,0.0,0.0,0.0
2021-09-24,0.3192606641629867,0.032956436774264304,0.0,0.035353251060137855,0.0,0.0,0.06967516848798133,0.0,0.0,0.0,0.041266789326539426,0.0,0.10393971215143574,0.031748399297626434,0.0,0.0,0.1283973065107065,0.0,0.028408379161441902,0.0,0.0,0.04346879704968647,0.16552509601719345,0.0,0.0,0.0,0.0,0.0,0.0,0.0,0.0,0.0,0.0,0.0,0.0
2021-10-01,0.3192606641629865,0.03788866548879815,0.0,0.028408379161441902,0.0,0.0,0.06967516848798133,0.0,0.0,0.0015903401565984564,0.041266789326539426,0.0,0.11364059863534286,0.03200518089942233,0.0,0.0,0.12347586512132487,0.0,0.028408379161441902,0.0,0.0,0.041266789326539426,0.16311318007158276,0.0,0.0,0.0,0.0,0.0,0.0,0.0,0.0,0.0,0.0,0.0,0.0
2021-10-08,0.3192606641629867,0.029408912634802088,0.0,0.03230190595490071,0.0,0.0,0.06967516848798133,0.0,0.0,0.001285466197576449,0.041266789326539426,0.0,0.11238190446673867,0.02646203673298295,0.0,0.0,0.12285906090941896,0.0,0.028408379161441902,0.0,0.0,0.04689917948419385,0.16979053248043702,0.0,0.0,0.0,0.0,0.0,0.0,0.0,0.0,0.0,0.0,0.0,0.0
2021-10-15,0.3192606641629867,0.030434185760817967,0.0,0.03405196457068192,0.00815188480607122,0.0,0.06967516848798133,0.0,0.0,0.0,0.041266789326539426,0.0,0.11967524354712526,0.0277805868738469,0.0,0.0,0.11780591915069441,0.0,0.028408379161441902,0.0,0.0,0.0448819379871445,0.15860727616466852,0.0,0.0,0.0,0.0,0.0,0.0,0.0,0.0,0.0,0.0,0.0,0.0
2021-10-22,0.3192606641629865,0.027306726951485175,0.0,0.033975149493945304,0.010765600636050235,0.0,0.06967516848798133,0.0,0.0,0.007522738098247036,0.041266789326539426,0.0,0.11770026285400535,0.02380198721667319,0.0,0.0,0.11730203280370685,0.0,0.028408379161441902,0.0,0.0,0.04483459438685848,0.15817990642007912,0.0,0.0,0.0,0.0,0.0,0.0,0.0,0.0,0.0,0.0,0.0,0.0
2021-10-29,0.3027397999100555,0.004545223707646386,0.0,0.08194823094960091,0.014223950624508687,0.0,0.05434119830292597,0.0,0.0,0.006451310922454322,0.040845237675239565,0.0,0.13933211679886506,0.021468463444559407,0.0,0.0,0.11711680245005612,0.0,0.013495960627686406,0.0,0.0,0.025508062907347258,0.1779836416790544,0.0,0.0,0.0,0.0,0.0,0.0,0.0,0.0,0.0,0.0,0.0,0.0
2021-11-05,0.3027397999100555,0.01480188452265939,0.0,0.07818128097629924,0.008499403295950048,0.0,0.05434119830292597,0.0,0.0,0.010428858343393091,0.040845237675239565,0.0,0.14004251795880684,0.017519579209419524,0.0,0.0,0.11683213779258972,0.0,0.013495960627686406,0.0,0.0,0.025728997038392275,0.1765431443465824,0.0,0.0,0.0,0.0,0.0,0.0,0.0,0.0,0.0,0.0,0.0,0.0
2021-11-12,0.3027397999100555,0.01791170235316892,0.0,0.07613462382472513,0.0,0.0,0.05434119830292597,0.0,0.0,0.00786306112215382,0.040845237675239565,0.0,0.14228927236338262,0.020535234698372252,0.0,0.0,0.12187773333555019,0.0,0.013495960627686406,0.0,0.0,0.02179342552179917,0.18017275026494045,0.0,0.0,0.0,0.0,0.0,0.0,0.0,0.0,0.0,0.0,0.0,0.0
2021-11-19,0.3027397999100556,0.010744469572989697,0.0,0.07613462382472513,0.0,0.0,0.05434119830292597,0.0,0.0,0.006597512690764937,0.040845237675239565,0.0,0.14279574988112986,0.020932519719728114,0.0,0.0,0.12280891975172806,0.0,0.013495960627686406,0.0,0.0,0.024066881280479176,0.18449712676254754,0.0,0.0,0.0,0.0,0.0,0.0,0.0,0.0,0.0,0.0,0.0,0.0
2021-11-26,0.028097507133771793,0.03156408790336548,0.0,0.02085338681911234,0.0,0.02085338681911234,0.344837333667576,0.0,0.0,0.007433178469804862,0.03890093022240405,0.0,0.1370177751273253,0.020171393789112972,0.0,0.0,0.11037148478701646,0.0,0.02085338681911234,0.0,0.0,0.04129100263104556,0.17775514581124044,0.0,0.0,0.0,0.0,0.0,0.0,0.0,0.0,0.0,0.0,0.0,0.0
2021-12-03,0.028097507133771793,0.035932807976472775,0.0,0.02085338681911234,0.0,0.02085338681911234,0.344837333667576,0.0,0.0,0.0031681735096726117,0.03890093022240405,0.0,0.13903674736209573,0.023644512630996057,0.0,0.0,0.1089035540788882,0.0,0.02085338681911234,0.0,0.0,0.03890093022240405,0.17601734273838168,0.0,0.0,0.0,0.0,0.0,0.0,0.0,0.0,0.0,0.0,0.0,0.0
2021-12-10,0.028097507133771793,0.029929837380016682,0.0,0.02085338681911234,0.0,0.02085338681911234,0.344837333667576,0.0,0.0,0.01085181813613107,0.03890093022240405,0.0,0.13455570121260998,0.026488213284685206,0.0,0.0,0.11188640808056224,0.0,0.02085338681911234,0.0,0.0,0.03890093022240405,0.17299116020250185,0.0,0.0,0.0,0.0,0.0,0.0,0.0,0.0,0.0,0.0,0.0,0.0
2021-12-17,0.028097507133771904,0.03917780086605839,0.0,0.02085338681911234,0.0,0.02085338681911234,0.344837333667576,0.0,0.0,0.006397744323347788,0.03890093022240405,0.0,0.1348680985973768,0.022594162124143537,0.0,0.0,0.11175153343151811,0.0,0.02085338681911234,0.0,0.0,0.03890093022240405,0.17191379895406242,0.0,0.0,0.0,0.0,0.0,0.0,0.0,0.0,0.0,0.0,0.0,0.0
2021-12-24,0.028097507133771793,0.048681516663661065,0.0,0.02085338681911234,0.0,0.02085338681911234,0.344837333667576,0.0,0.0,0.00152163764230764,0.03890093022240405,0.0,0.13023335735626274,0.027847730933992915,0.0,0.0,0.11022801423354517,0.0,0.02085338681911234,0.0,0.0,0.03890093022240405,0.1681908814667375,0.0,0.0,0.0,0.0,0.0,0.0,0.0,0.0,0.0,0.0,0.0,0.0
2021-12-31,0.2811349056065592,0.06276702089449084,0.0,0.013650191386649132,0.0,0.013650191386649132,0.051088488501285445,0.0,0.0,0.0,0.03743829711463631,0.0,0.17470058543908304,0.0246369575645761,0.0,0.0,0.14528865705302818,0.0,0.013650191386649132,0.0,0.0,0.0,0.1819945136663935,0.0,0.0,0.0,0.0,0.0,0.0,0.0,0.0,0.0,0.0,0.0,0.0
2022-01-07,0.2811349056065593,0.059795496184046594,0.0,0.013650191386649132,0.0,0.013650191386649132,0.051088488501285445,0.0,0.0,0.0,0.03743829711463631,0.0,0.16433626468814747,0.023189847559769352,0.0,0.0,0.1458608753521364,0.0,0.025047380057278693,0.0,0.0,0.0,0.18480806216284226,0.0,0.0,0.0,0.0,0.0,0.0,0.0,0.0,0.0,0.0,0.0,0.0
2022-01-14,0.2811349056065592,0.05817102807571564,0.0,0.013650191386649132,0.0,0.013650191386649132,0.051088488501285445,0.0,0.0,0.0,0.03743829711463631,0.0,0.17175629303920512,0.024263472897804242,0.0,0.0,0.14971168869932025,0.0,0.013650191386649132,0.0,0.0,0.0,0.18548525190552637,0.0,0.0,0.0,0.0,0.0,0.0,0.0,0.0,0.0,0.0,0.0,0.0
2022-01-21,0.2811349056065592,0.056985236797727185,0.0,0.013650191386649132,0.0,0.013650191386649132,0.051088488501285445,0.0,0.0,0.0,0.03743829711463631,0.0,0.16705716159729753,0.02228024098711955,0.0,0.0,0.14540602502144426,0.0,0.016385501150286703,0.0,0.0,0.0,0.19492376045034554,0.0,0.0,0.0,0.0,0.0,0.0,0.0,0.0,0.0,0.0,0.0,0.0
2022-01-28,0.07399562483854083,0.050667851393437796,0.0,0.0,0.0,0.031116544950462503,0.03609011957397686,0.0,0.0,0.0,0.03609011957397686,0.0,0.1633767573715663,0.019840656823246712,0.0,0.0,0.12782814134318574,0.0,0.25047613596056517,0.0,0.0,0.0,0.21051804817104114,0.0,0.0,0.0,0.0,0.0,0.0,0.0,0.0,0.0,0.0,0.0,0.0
2022-02-04,0.07399562483854105,0.04091467188996519,0.0,0.0,0.0,0.031116544950462503,0.03609011957397686,0.0,0.0,0.0,0.03609011957397686,0.0,0.1634946298754624,0.015605959339509833,0.0,0.0,0.13033029964085996,0.0,0.25047613596056517,0.0,0.0,0.0,0.22188589435668027,0.0,0.0,0.0,0.0,0.0,0.0,0.0,0.0,0.0,0.0,0.0,0.0
2022-02-11,0.07399562483854094,0.051382047440250225,0.0,0.0,0.0,0.031116544950462503,0.03609011957397686,0.0,0.0,0.0,0.03609011957397686,0.0,0.17701680057463356,0.004096493732987679,0.0,0.0,0.1289266340868826,0.0,0.25047613596056517,0.0,0.0,0.0,0.21080947926772362,0.0,0.0,0.0,0.0,0.0,0.0,0.0,0.0,0.0,0.0,0.0,0.0
2022-02-18,0.07399562483854094,0.05756087395557233,0.0,0.0,0.0,0.031116544950462503,0.03609011957397686,0.0,0.0,0.0,0.03609011957397686,0.0,0.17828617471534497,0.007256634534200213,0.0,0.0,0.12435344021731053,0.0,0.25047613596056517,0.0,0.0,0.0,0.20477433168004963,0.0,0.0,0.0,0.0,0.0,0.0,0.0,0.0,0.0,0.0,0.0,0.0
2022-02-25,0.10000000000000009,0.034555269014272104,0.0,0.0,0.0,0.04750409456904132,0.1660761129987622,0.0,0.0,0.0,0.03510124534591453,0.0,0.22731553062100804,0.0,0.0,0.0,0.08574779188302682,0.0,0.1309748676528477,0.0,0.0,0.0,0.17272508791512725,0.0,0.0,0.0,0.0,0.0,0.0,0.0,0.0,0.0,0.0,0.0,0.0
2022-03-04,0.10000000000000009,0.03213617287355284,0.0,0.0,0.0,0.04266085093133142,0.1779862688217095,0.0,0.0,0.0,0.03510124534591453,0.0,0.21636501064351688,0.0,0.0,0.0,0.08881725406291131,0.0,0.1309748676528477,0.0,0.0,0.0,0.1759583296682158,0.0,0.0,0.0,0.0,0.0,0.0,0.0,0.0,0.0,0.0,0.0,0.0
2022-03-11,0.10000000000000009,0.0406516165471772,0.0,0.0,0.0,0.04547825972944305,0.1660761129987622,0.0,0.0,0.0,0.03510124534591453,0.0,0.21740778550801196,0.0,0.0,0.0,0.09196424212429252,0.0,0.1309748676528477,0.0,0.0,0.0,0.17234587009355085,0.0,0.0,0.0,0.0,0.0,0.0,0.0,0.0,0.0,0.0,0.0,0.0
2022-03-18,0.09999999999999998,0.03990035608891834,0.0,0.0,0.0,0.06417939987231053,0.1660761129987622,0.0,0.0,0.0,0.03510124534591453,0.0,0.21716639957066947,0.0,0.0,0.0,0.08195659610995158,0.0,0.1309748676528477,0.0,0.0,0.0,0.16464502236062561,0.0,0.0,0.0,0.0,0.0,0.0,0.0,0.0,0.0,0.0,0.0,0.0
2022-03-25,0.6000000000000001,0.058984783662640636,0.0,0.0,0.0,0.02235033853956195,0.05993698736688929,0.0,0.0,0.0,0.04681735024048971,0.0,0.06338860189999,0.0,0.0,0.0,0.04288894283868792,0.0,0.04681735024048971,0.0,0.0,0.0,0.05881564521125075,0.0,0.0,0.0,0.0,0.0,0.0,0.0,0.0,0.0,0.0,0.0,0.0
2022-04-01,0.6,0.058809074172645644,0.0,0.0,0.0,0.022042986654074594,0.05993698736688929,0.0,0.0,0.0,0.04681735024048971,0.0,0.06314027389970839,0.0,0.0,0.0,0.04288894283868792,0.0,0.04681735024048971,0.0,0.0,0.0,0.05954703458701474,0.0,0.0,0.0,0.0,0.0,0.0,0.0,0.0,0.0,0.0,0.0,0.0
2022-04-08,0.6,0.05811671488535785,0.0,0.0,0.0,0.02288464928794004,0.05993698736688929,0.0,0.0,0.0,0.04681735024048971,0.0,0.0630469152562362,0.0,0.0,0.0,0.04288894283868792,0.0,0.04681735024048971,0.0,0.0,0.0,0.059491089883909276,0.0,0.0,0.0,0.0,0.0,0.0,0.0,0.0,0.0,0.0,0.0,0.0
2022-04-15,0.6000000000000001,0.057608749801894565,0.0,0.0,0.0,0.02219303715387991,0.05993698736688929,0.0,0.0,0.0,0.04681735024048971,0.0,0.06256168117694105,0.0,0.0,0.0,0.04288894283868792,0.0,0.04681735024048971,0.0,0.0,0.0,0.06117590118072781,0.0,0.0,0.0,0.0,0.0,0.0,0.0,0.0,0.0,0.0,0.0,0.0
2022-04-22,0.6,0.058170109108165204,0.0,0.0,0.0,0.021359413289902617,0.05993698736688929,0.0,0.0,0.0,0.04681735024048971,0.0,0.06266792315692131,0.0,0.0,0.0,0.04363760245507978,0.0,0.04681735024048971,0.0,0.0,0.0,0.06059326414206237,0.0,0.0,0.0,0.0,0.0,0.0,0.0,0.0,0.0,0.0,0.0,0.0
2022-04-29,0.6,0.040666428344784664,0.0,0.0,0.0,0.11172939212714349,0.012398001850676486,0.0,0.0,0.0,0.0,0.0,0.07938490309267977,0.0,0.0,0.0,0.0339800214738834,0.0,0.07414398112596035,0.0,0.0,0.0,0.04769727198487189,0.0,0.0,0.0,0.0,0.0,0.0,0.0,0.0,0.0,0.0,0.0,0.0
2022-05-06,0.6,0.03920026008917312,0.0,0.0,0.0,0.10976514872026064,0.012398001850676486,0.0,0.0,0.0,0.0,0.0,0.07923381709052077,0.0,0.0,0.0,0.03325270473844108,0.0,0.07414398112596035,0.0,0.0,0.0,0.05200608638496759,0.0,0.0,0.0,0.0,0.0,0.0,0.0,0.0,0.0,0.0,0.0,0.0
2022-05-13,0.6,0.039541812926713035,0.0,0.0,0.0,0.10952642349349588,0.012398001850676486,0.0,0.0,0.0,0.0,0.0,0.07924461175938605,0.0,0.0,0.0,0.03324711243266259,0.0,0.07414398112596035,0.0,0.0,0.0,0.051898056411105634,0.0,0.0,0.0,0.0,0.0,0.0,0.0,0.0,0.0,0.0,0.0,0.0
2022-05-20,0.6,0.03992429421462848,0.0,0.0,0.0,0.10957307893525856,0.012398001850676486,0.0,0.0,0.0,0.0,0.0,0.07945190715335998,0.0,0.0,0.0,0.032540617814824604,0.0,0.07414398112596035,0.0,0.0,0.0,0.05196811890529157,0.0,0.0,0.0,0.0,0.0,0.0,0.0,0.0,0.0,0.0,0.0,0.0
2022-05-27,0.6,0.04824657962890306,0.0,0.0,0.0,0.12124675390083907,0.08869137193896229,0.0,0.0,0.0,0.0,0.0,0.06695897331029117,0.0,0.0,0.0,0.023064321887785157,0.0,0.0,0.0,0.0,0.0,0.05179199933321928,0.0,0.0,0.0,0.0,0.0,0.0,0.0,0.0,0.0,0.0,0.0,0.0
2022-06-03,0.6,0.04827791742304858,0.0,0.0,0.0,0.12258426551232933,0.08869137193896229,0.0,0.0,0.0,0.0,0.0,0.06816783330661666,0.0,0.0,0.0,0.023064321887785157,0.0,0.0,0.0,0.0,0.0,0.04921428993125801,0.0,0.0,0.0,0.0,0.0,0.0,0.0,0.0,0.0,0.0,0.0,0.0
2022-06-10,0.6,0.05041466774638605,0.0,0.0,0.0,0.12267606406475848,0.08869137193896229,0.0,0.0,0.0,0.0,0.0,0.06855768857471485,0.0,0.0,0.0,0.023064321887785157,0.0,0.0,0.0,0.0,0.0,0.0465958857873932,0.0,0.0,0.0,0.0,0.0,0.0,0.0,0.0,0.0,0.0,0.0,0.0
2022-06-17,0.5999999999999999,0.0546536279912054,0.0,0.0,0.0,0.11908340263602578,0.08869137193896229,0.0,0.0,0.0,0.0,0.0,0.07020860924519742,0.0,0.0,0.0,0.023064321887785157,0.0,0.0,0.0,0.0,0.0,0.044298666300823984,0.0,0.0,0.0,0.0,0.0,0.0,0.0,0.0,0.0,0.0,0.0,0.0
2022-06-24,0.6193777176484485,0.052894012062304804,0.0,0.0,0.0,0.122134349450156,0.09011328164787796,0.0,0.0,0.0,0.0,0.0,0.11548063919121271,0.0,0.0,0.0,0.0,0.0,0.0,0.0,0.0,0.0,0.0,0.0,0.0,0.0,0.0,0.0,0.0,0.0,0.0,0.0,0.0,0.0,0.0
2022-07-01,0.6193777176484485,0.05225782715016386,0.0,0.0,0.0,0.11980268936276155,0.09312519553440127,0.0,0.0,0.0,0.0,0.0,0.11543657030422481,0.0,0.0,0.0,0.0,0.0,0.0,0.0,0.0,0.0,0.0,0.0,0.0,0.0,0.0,0.0,0.0,0.0,0.0,0.0,0.0,0.0,0.0
2022-07-08,0.6193777176484485,0.05120636975416972,0.0,0.0,0.0,0.12078798612993291,0.0931374163857146,0.0,0.0,0.0,0.0,0.0,0.11549051008173425,0.0,0.0,0.0,0.0,0.0,0.0,0.0,0.0,0.0,0.0,0.0,0.0,0.0,0.0,0.0,0.0,0.0,0.0,0.0,0.0,0.0,0.0
2022-07-15,0.6193777176484485,0.05226445584905224,0.0,0.0,0.0,0.12250882102931182,0.09011328164787796,0.0,0.0,0.0,0.0,0.0,0.11573572382530946,0.0,0.0,0.0,0.0,0.0,0.0,0.0,0.0,0.0,0.0,0.0,0.0,0.0,0.0,0.0,0.0,0.0,0.0,0.0,0.0,0.0,0.0
2022-07-22,0.6193777176484485,0.05073375755076828,0.0,0.0,0.0,0.12129346106169497,0.09287749657991837,0.0,0.0,0.0,0.0,0.0,0.11571756715916987,0.0,0.0,0.0,0.0,0.0,0.0,0.0,0.0,0.0,0.0,0.0,0.0,0.0,0.0,0.0,0.0,0.0,0.0,0.0,0.0,0.0,0.0
2022-07-29,0.6180254274284528,0.05260246793910896,0.0,0.0,0.0,0.12011137916842397,0.09359631093584714,0.0,0.0,0.0,0.0,0.0,0.11566441452816717,0.0,0.0,0.0,0.0,0.0,0.0,0.0,0.0,0.0,0.0,0.0,0.0,0.0,0.0,0.0,0.0,0.0,0.0,0.0,0.0,0.0,0.0
2022-08-05,0.6180254274284528,0.050842252062280324,0.0,0.0,0.0,0.12155253083895733,0.09382862057436467,0.0,0.0,0.0,0.0,0.0,0.1157511690959449,0.0,0.0,0.0,0.0,0.0,0.0,0.0,0.0,0.0,0.0,0.0,0.0,0.0,0.0,0.0,0.0,0.0,0.0,0.0,0.0,0.0,0.0
2022-08-12,0.6180254274284528,0.05179269263537962,0.0,0.0,0.0,0.11928297733553234,0.09537666463302427,0.0,0.0,0.0,0.0,0.0,0.11552223796761102,0.0,0.0,0.0,0.0,0.0,0.0,0.0,0.0,0.0,0.0,0.0,0.0,0.0,0.0,0.0,0.0,0.0,0.0,0.0,0.0,0.0,0.0
2022-08-19,0.6180254274284527,0.047403038574268794,0.0,0.0,0.0,0.11212333830851828,0.10375278118963908,0.0,0.0,0.0,0.0,0.0,0.11869541449912108,0.0,0.0,0.0,0.0,0.0,0.0,0.0,0.0,0.0,0.0,0.0,0.0,0.0,0.0,0.0,0.0,0.0,0.0,0.0,0.0,0.0,0.0
2022-08-26,0.6350807319853946,0.017420472736770384,0.0,0.0,0.0,0.09257410110597654,0.10729523997716517,0.0,0.0,0.0,0.012171057222423357,0.0,0.12896279159248714,0.0,0.0,0.0,0.001310972254522262,0.0,0.0,0.0,0.0,0.0,0.005184633125260512,0.0,0.0,0.0,0.0,0.0,0.0,0.0,0.0,0.0,0.0,0.0,0.0
2022-09-02,0.6350807319853946,0.028574179827202117,0.0,0.0,0.0,0.09257410110597654,0.09676300298049317,0.0,0.0,0.0,0.012171057222423357,0.0,0.1304430500083648,0.0,0.0,0.0,0.001111676816951676,0.0,0.0,0.0,0.0,0.0,0.0032822000531937093,0.0,0.0,0.0,0.0,0.0,0.0,0.0,0.0,0.0,0.0,0.0,0.0
2022-09-09,0.6350807319853946,0.022008860010791595,0.0,0.0,0.0,0.09257410110597654,0.10059516272221003,0.0,0.0,0.001960740302241159,0.012171057222423357,0.0,0.13029323868766612,0.0,0.0,0.0,0.005316107963296552,0.0,0.0,0.0,0.0,0.0,0.0,0.0,0.0,0.0,0.0,0.0,0.0,0.0,0.0,0.0,0.0,0.0,0.0
2022-09-16,0.6350807319853946,0.017420472736770384,0.0,0.0,0.0,0.09257410110597654,0.09257410110597654,0.0,0.0,0.006052217510548292,0.012171057222423357,0.0,0.13039274303656653,0.0009349182482554197,0.0,0.0,0.00776433348063665,0.0,0.0,0.0,0.0,0.0,0.005035323567451656,0.0,0.0,0.0,0.0,0.0,0.0,0.0,0.0,0.0,0.0,0.0,0.0
2022-09-23,0.6350807319853946,0.017420472736770384,0.0,0.0,0.0,0.09257410110597654,0.09257410110597654,0.0,0.0,0.00404964988400524,0.012171057222423357,0.0,0.1308761583406548,0.0,0.0,0.0,0.009180809050267209,0.0,0.0,0.0,0.0,0.0,0.006072918568531297,0.0,0.0,0.0,0.0,0.0,0.0,0.0,0.0,0.0,0.0,0.0,0.0
2022-09-30,0.7090174878508265,0.013156006848702353,0.0,0.0,0.0,0.09349379508573685,0.09945701375707318,0.0,0.0,0.0007171123522528622,0.012190184096127661,0.0,0.07035765400395697,0.0,0.0,0.0,0.001610746005323629,0.0,0.0,0.0,0.0,0.0,0.0,0.0,0.0,0.0,0.0,0.0,0.0,0.0,0.0,0.0,0.0,0.0,0.0
2022-10-07,0.7090174878508265,0.015417800676257728,0.0,0.0,0.0,0.09512910967269696,0.09968038821418079,0.0,0.0,0.0,0.012190184096127661,0.0,0.06856502948991038,0.0,0.0,0.0,0.0,0.0,0.0,0.0,0.0,0.0,0.0,0.0,0.0,0.0,0.0,0.0,0.0,0.0,0.0,0.0,0.0,0.0,0.0
2022-10-14,0.7090174878508265,0.014987777676886055,0.0,0.0,0.0,0.09349379508573685,0.10094945535385763,0.0,0.0,0.0,0.012190184096127661,0.0,0.06855700794471307,0.0,0.0,0.0,0.0008042919918522353,0.0,0.0,0.0,0.0,0.0,0.0,0.0,0.0,0.0,0.0,0.0,0.0,0.0,0.0,0.0,0.0,0.0,0.0
2022-10-21,0.7090174878508264,0.015692178441402225,0.0,0.0,0.0,0.09349379508573685,0.10121373171156027,0.0,0.0,0.0,0.012190184096127661,0.0,0.06839262281434651,0.0,0.0,0.0,0.0,0.0,0.0,0.0,0.0,0.0,0.0,0.0,0.0,0.0,0.0,0.0,0.0,0.0,0.0,0.0,0.0,0.0,0.0
2022-10-28,0.7117284790264402,0.040514879304375175,0.0,0.0,0.0,0.06823196278844385,0.07219267921920072,0.0,0.0,0.0,0.06670419348520508,0.0,0.04062780617633495,0.0,0.0,0.0,0.0,0.0,0.0,0.0,0.0,0.0,0.0,0.0,0.0,0.0,0.0,0.0,0.0,0.0,0.0,0.0,0.0,0.0,0.0
2022-11-04,0.7117284790264402,0.037166201868234605,0.0,0.0,0.0,0.0749908897486884,0.07107824034515496,0.0,0.0,0.0,0.06670419348520508,0.0,0.03833199552627671,0.0,0.0,0.0,0.0,0.0,0.0,0.0,0.0,0.0,0.0,0.0,0.0,0.0,0.0,0.0,0.0,0.0,0.0,0.0,0.0,0.0,0.0
2022-11-11,0.7117284790264402,0.03583200502015629,0.0,0.0,0.0,0.07497431218913897,0.07284535499602997,0.0,0.0,0.0,0.06670419348520508,0.0,0.037915655283029454,0.0,0.0,0.0,0.0,0.0,0.0,0.0,0.0,0.0,0.0,0.0,0.0,0.0,0.0,0.0,0.0,0.0,0.0,0.0,0.0,0.0,0.0
2022-11-18,0.7117284790264402,0.03651588156726569,0.0,0.0,0.0,0.06913869242758142,0.07619660633731325,0.0,0.0,0.0,0.06670419348520508,0.0,0.03971614715619433,0.0,0.0,0.0,0.0,0.0,0.0,0.0,0.0,0.0,0.0,0.0,0.0,0.0,0.0,0.0,0.0,0.0,0.0,0.0,0.0,0.0,0.0
2022-11-25,0.7135855866265655,0.023427570987713912,0.0,0.0,0.0,0.09477257517896437,0.10361171694668386,0.0,0.0,0.0,0.01226379764546399,0.0,0.052338752614608394,0.0,0.0,0.0,0.0,0.0,0.0,0.0,0.0,0.0,0.0,0.0,0.0,0.0,0.0,0.0,0.0,0.0,0.0,0.0,0.0,0.0,0.0
2022-12-02,0.7135855866265655,0.016524826890733958,0.0,0.0,0.0,0.09345376862684694,0.10300872213506336,0.0,0.0,0.0035263872465684594,0.01226379764546399,0.0,0.055725673282672326,0.0,0.0,0.0,0.0019112375460854966,0.0,0.0,0.0,0.0,0.0,0.0,0.0,0.0,0.0,0.0,0.0,0.0,0.0,0.0,0.0,0.0,0.0,0.0
2022-12-09,0.7135855866265655,0.021878685749266383,0.0,0.0,0.0,0.09345376862684694,0.10027671845425579,0.0,0.0,0.0009460640484676468,0.01226379764546399,0.0,0.05759537884913378,0.0,0.0,0.0,0.0,0.0,0.0,0.0,0.0,0.0,0.0,0.0,0.0,0.0,0.0,0.0,0.0,0.0,0.0,0.0,0.0,0.0,0.0
2022-12-16,0.7135855866265655,0.011924151924297119,0.0,0.007023465569905789,0.0,0.09345376862684694,0.09345376862684694,0.0,0.0,0.003943257710119615,0.01226379764546399,0.0,0.05752732553186294,0.0,0.0,0.0,0.0010755771939929327,0.0,0.0,0.0,0.0,0.005749300544098268,0.0,0.0,0.0,0.0,0.0,0.0,0.0,0.0,0.0,0.0,0.0,0.0,0.0
2022-12-23,0.7135855866265655,0.011924151924297119,0.0,0.006968432055878214,0.0,0.09345376862684694,0.09345376862684694,0.0,0.0,0.0024106166854327166,0.01226379764546399,0.0,0.056452857769969285,0.0,0.0,0.0,0.0040535878708819455,0.0,0.0,0.0,0.0,0.00543343216781739,0.0,0.0,0.0,0.0,0.0,0.0,0.0,0.0,0.0,0.0,0.0,0.0,0.0
2022-12-30,0.27201479671088546,0.0,0.0,0.20122776538811393,0.004772312226609795,0.18663827087742316,0.1907279230736404,0.0,0.0,0.0,0.02467754026171684,0.0,0.09904050717975468,0.0,0.0,0.0,0.00626715080498813,0.0,0.0,0.0,0.0,0.014633733476867661,0.0,0.0,0.0,0.0,0.0,0.0,0.0,0.0,0.0,0.0,0.0,0.0,0.0
2023-01-06,0.27201479671088546,0.0,0.0,0.19707317979361663,0.0,0.18663827087742316,0.19129258377684005,0.0,0.0,0.0,0.02467754026171684,0.0,0.10145375689295376,0.0,0.0,0.0,0.012374175824170594,0.0,0.0,0.0,0.0,0.014475695862393565,0.0,0.0,0.0,0.0,0.0,0.0,0.0,0.0,0.0,0.0,0.0,0.0,0.0
2023-01-13,0.27201479671088535,0.0,0.0,0.20577303797948088,0.0,0.19909526314851556,0.19643648617271864,0.0,0.0,0.0,0.02467754026171684,0.0,0.0841827127723247,0.0,0.0,0.0,0.0,0.0,0.0,0.0,0.0,0.01782016295435799,0.0,0.0,0.0,0.0,0.0,0.0,0.0,0.0,0.0,0.0,0.0,0.0,0.0
2023-01-20,0.27201479671088546,0.0,0.0,0.19990818757031126,0.0,0.21131913961312215,0.1950919268796852,0.0,0.0,0.0,0.028693993755047907,0.0,0.0841827127723247,0.0,0.0,0.0,0.0,0.0,0.0,0.0,0.0,0.008789242698623337,0.0,0.0,0.0,0.0,0.0,0.0,0.0,0.0,0.0,0.0,0.0,0.0,0.0
2023-01-27,0.22411956443036618,0.00706524337253148,0.0,0.20003415188088008,0.0,0.17076563287514399,0.13840769630769947,0.0,0.0,0.0,0.11336383836332554,0.0,0.08803191142142079,0.0,0.0,0.0,0.025043857944373932,0.0,0.0,0.0,0.0,0.008124245459884542,0.0,0.0,0.0,0.025043857944373932,0.0,0.0,0.0,0.0,0.0,0.0,0.0,0.0,0.0
2023-02-03,0.2241195644303663,0.02464318455111972,0.0,0.17599202228712232,0.0,0.18927340219152997,0.13840769630769947,0.0,0.0,0.0,0.11336383836332554,0.0,0.08127658996440253,0.0,0.0,0.0,0.025043857944373932,0.0,0.0,0.0,0.0,0.0028359860156863008,0.0,0.0,0.0,0.025043857944373932,0.0,0.0,0.0,0.0,0.0,0.0,0.0,0.0,0.0
2023-02-10,0.2241195644303663,0.0,0.0,0.18450492483963948,0.0,0.18773408750655526,0.14309944746910022,0.0,0.0,0.0,0.11336383836332554,0.0,0.07392959942305763,0.0,0.0,0.0,0.025043857944373932,0.0,0.0,0.0,0.0,0.017813844453262184,0.0,0.0,0.0,0.03039083557031953,0.0,0.0,0.0,0.0,0.0,0.0,0.0,0.0,0.0
2023-02-17,0.22411956443036618,0.0,0.0,0.1834397323106973,0.0,0.1784627622357691,0.14987815823553546,0.0,0.0,0.0,0.11336383836332554,0.0,0.07392959942305763,0.0,0.0,0.0,0.025043857944373932,0.0,0.0,0.0,0.0,0.01831074100862494,0.0,0.0,0.0,0.03345174604824986,0.0,0.0,0.0,0.0,0.0,0.0,0.0,0.0,0.0
2023-02-24,0.14477905409028247,0.0,0.0,0.14283845554689725,0.0036381012768778825,0.23467138308373814,0.1609883392638007,0.0,0.0,0.0,0.12881510071659305,0.0,0.08311343553553373,0.0,0.0,0.0,0.02298218006319847,0.0,0.0,0.0,0.0,0.019243394507255356,0.02298218006319847,0.0,0.0,0.03594837585262438,0.0,0.0,0.0,0.0,0.0,0.0,0.0,0.0,0.0
2023-03-03,0.1447790540902827,0.0,0.0,0.14263358484929264,0.0125289978807857,0.23306663433888045,0.15179728077979152,0.0,0.0,0.0013649997793026994,0.12881510071659305,0.0,0.08311343553553373,0.0,0.0,0.0,0.02298218006319847,0.0,0.0,0.0,0.0,0.0189952091489947,0.02298218006319847,0.0,0.0,0.03694134275414594,0.0,0.0,0.0,0.0,0.0,0.0,0.0,0.0,0.0
2023-03-10,0.14477905409028258,0.0,0.0,0.14595749715294706,0.014881799766717097,0.20750909591059477,0.15731953626407932,0.0,0.0,0.015129704959394228,0.12881510071659305,0.0,0.08311343553553373,0.0011313708901544922,0.0,0.0,0.03167060617512418,0.0,0.0,0.0,0.0,0.023728438412182525,0.02298218006319847,0.0,0.0,0.02298218006319847,0.0,0.0,0.0,0.0,0.0,0.0,0.0,0.0,0.0
2023-03-17,0.1447790540902827,0.0,0.0,0.15073620573968613,0.02362714158384832,0.20118604373333154,0.15179728077979152,0.0,0.0,0.01253480943041017,0.12881510071659305,0.0,0.08311343553553373,0.001330995739093446,0.0,0.0,0.0337319617831233,0.0,0.0,0.0,0.0,0.02238361074190923,0.02298218006319847,0.0,0.0,0.02298218006319847,0.0,0.0,0.0,0.0,0.0,0.0,0.0,0.0,0.0
2023-03-24,0.1447790540902827,0.0,0.0,0.14953314507624416,0.007572911688575223,0.20118604373333154,0.15179728077979152,0.0,0.0,0.016860393284079206,0.12881510071659305,0.0,0.08311343553553373,0.007743451392357365,0.0,0.0,0.03724301303717282,0.0,0.0,0.0,0.0,0.025391810539641818,0.02298218006319847,0.0,0.0,0.02298218006319847,0.0,0.0,0.0,0.0,0.0,0.0,0.0,0.0,0.0
2023-03-31,0.1750528771825428,0.0,0.0,0.14274419582958964,0.010501487027303961,0.01891988716807945,0.35,0.0,0.0,0.01652998831257375,0.042960580806893404,0.0,0.0,0.0028471727645515343,0.0,0.0,0.030685643541956326,0.0,0.01891988716807945,0.0,0.0,0.1211666493438475,0.0,0.0,0.0,0.06967163085458217,0.0,0.0,0.0,0.0,0.0,0.0,0.0,0.0,0.0
2023-04-07,0.17094185738601642,0.0,0.0,0.1385918173965361,0.017271124336973413,0.021124593221831793,0.35,0.0,0.0,0.013773394497359058,0.042960580806893404,0.0,0.0,0.007853418135177986,0.0,0.0,0.031620448224158264,0.0,0.01891988716807945,0.0,0.0,0.11727124797239205,0.0,0.0,0.0,0.06967163085458217,0.0,0.0,0.0,0.0,0.0,0.0,0.0,0.0,0.0
2023-04-14,0.17768821015899894,0.0,0.0,0.13723958848528045,0.02367808317038615,0.03755173417386405,0.35,0.0,0.0,0.0,0.04795265909201707,0.0,0.0,0.004237078205264172,0.0,0.0,0.01891988716807945,0.0,0.01891988716807945,0.0,0.0,0.1141412415234481,0.0,0.0,0.0,0.06967163085458217,0.0,0.0,0.0,0.0,0.0,0.0,0.0,0.0,0.0
2023-04-21,0.16420093866559893,0.0,0.0,0.13403763533694646,0.01670301878719573,0.051094458984390724,0.35,0.0,0.0,0.0,0.0488727752012622,0.0,0.0,0.01805787892364703,0.0,0.0,0.02071668608583997,0.0,0.01891988716807945,0.0,0.0,0.10772508999245742,0.0,0.0,0.0,0.06967163085458217,0.0,0.0,0.0,0.0,0.0,0.0,0.0,0.0,0.0
2023-04-28,0.0553344446925782,0.0,0.0,0.23075895679706077,0.10154257916683146,0.1590555319171018,0.19174032090993384,0.0,0.0,0.0,0.19448273231139024,0.0,0.0,0.01607023084549831,0.0,0.0,0.01783838704163865,0.0,0.0,0.0,0.0,0.015338429276328062,0.0,0.0,0.0,0.01783838704163865,0.0,0.0,0.0,0.0,0.0,0.0,0.0,0.0,0.0
2023-05-05,0.05533444469257809,0.0028636046026661406,0.0,0.23334092740331616,0.09635131888767007,0.1523730056826062,0.19800070793146268,0.0,0.0,0.0,0.1843645584714988,0.0,0.0,0.014498126336482235,0.0,0.0,0.029699675809675887,0.0,0.0,0.0,0.0,0.01533524314040503,0.0,0.0,0.0,0.01783838704163865,0.0,0.0,0.0,0.0,0.0,0.0,0.0,0.0,0.0
2023-05-12,0.05533444469257809,0.0,0.0,0.2325382821045078,0.0995433073044977,0.1544720845282157,0.19174032090993384,0.0,0.0,0.0,0.19098779946846856,0.0,0.0,0.013161440964681673,0.0,0.0,0.022800092153767,0.0,0.0025964569592500336,0.0,0.0,0.018987383872460843,0.0,0.0,0.0,0.01783838704163865,0.0,0.0,0.0,0.0,0.0,0.0,0.0,0.0,0.0
2023-05-19,0.05533444469257831,0.0049480209636252525,0.0,0.23332967856809975,0.0984939853759329,0.1548713660312573,0.20029950192833526,0.0,0.0,0.0,0.1739019338682952,0.0,0.0,0.013335877444561266,0.0,0.0,0.026285835743032972,0.0,0.0,0.0,0.0,0.021360968342643213,0.0,0.0,0.0,0.01783838704163865,0.0,0.0,0.0,0.0,0.0,0.0,0.0,0.0,0.0
2023-05-26,1.1102230246251565e-16,0.0033455283651561106,0.0,0.1929900994286926,0.013097811334007652,0.3115166923271229,0.0934286174371142,0.0,0.0,0.0,0.2220256381900932,0.0,0.0,0.008962168377853746,0.0,0.0,0.07967833709433493,0.0,0.0,0.0,0.0,0.05184035256295311,0.0,0.0,0.0,0.023114754882671406,0.0,0.0,0.0,0.0,0.0,0.0,0.0,0.0,0.0
2023-06-02,1.1102230246251565e-16,0.003326605156926303,0.0,0.19051396954793184,0.01017612383900469,0.31345641643354044,0.08947946006283657,0.0,0.0,0.0,0.2293274271244305,0.0,0.0,0.009917533953728337,0.0,0.0,0.0808721924700048,0.0,0.0,0.0,0.0,0.049815516528925005,0.0,0.0,0.0,0.023114754882671406,0.0,0.0,0.0,0.0,0.0,0.0,0.0,0.0,0.0
2023-06-09,1.1102230246251565e-16,0.008692783212562876,0.0,0.18992713013710485,0.01324598229168296,0.3139422852537381,0.0874737834614484,0.0,0.0,0.0,0.2220256381900932,0.0,0.0,0.010739008569290182,0.0,0.0,0.08047812163562548,0.0,0.0,0.0,0.0,0.050360512365782456,0.0,0.0,0.0,0.023114754882671406,0.0,0.0,0.0,0.0,0.0,0.0,0.0,0.0,0.0
2023-06-16,2.220446049250313e-16,0.006067733171610036,0.0,0.19079639394082404,0.011804863526794615,0.308482083308629,0.09356118851891895,0.0,0.0,0.0,0.2220256381900932,0.0,0.0,0.013419411262090397,0.0,0.0,0.08170705830462022,0.0,0.0,0.0,0.0,0.04902087489374808,0.0,0.0,0.0,0.023114754882671406,0.0,0.0,0.0,0.0,0.0,0.0,0.0,0.0,0.0
2023-06-23,2.220446049250313e-16,0.0,0.0,0.19126006017411223,0.01575395372223593,0.3027570618031798,0.0874737834614484,0.0,0.0,0.0,0.2220256381900932,0.0,0.0,0.016622340160001296,0.0,0.0,0.08803253948714809,0.0,0.0,0.0,0.0,0.05295986811910955,0.0,0.0,0.0,0.023114754882671406,0.0,0.0,0.0,0.0,0.0,0.0,0.0,0.0,0.0
2023-06-30,0.10982465529721153,0.0,0.0,0.1721603337966275,0.03918772196353182,0.35,0.08899003261915447,0.0,0.0,0.001511334733629486,0.06371815249369019,0.0,0.0,0.015123838206853714,0.0,0.0,0.08202924242778667,0.0,0.01927859214054959,0.0,0.0,0.038897504180415474,0.0,0.0,0.0,0.01927859214054959,0.0,0.0,0.0,0.0,0.0,0.0,0.0,0.0,0.0
2023-07-07,0.11040118490232409,0.0,0.0,0.17208826638703298,0.04222377977225748,0.35,0.08526240886379907,0.0,0.0,0.003157774424904133,0.06371815249369019,0.0,0.0,0.015577630122452843,0.0,0.0,0.08248913040801761,0.0,0.01927859214054959,0.0,0.0,0.03652448834442236,0.0,0.0,0.0,0.01927859214054959,0.0,0.0,0.0,0.0,0.0,0.0,0.0,0.0,0.0
2023-07-14,0.10923741830010236,0.0047592601537772535,0.0,0.17042577210868634,0.041675060029712274,0.35,0.08299674463423978,0.0,0.0,0.0056317195741372355,0.06371815249369019,0.0,0.0,0.015647369887823347,0.0,0.0,0.08236680882190797,0.0,0.01927859214054959,0.0,0.0,0.03498450971482417,0.0,0.0,0.0,0.01927859214054959,0.0,0.0,0.0,0.0,0.0,0.0,0.0,0.0,0.0
2023-07-21,0.107905321602909,0.011038282926187009,0.0,0.16825768149885667,0.04198672271359539,0.35,0.08299674463423978,0.0,0.0,0.0,0.06371815249369019,0.0,0.0,0.015509685773429397,0.0,0.0,0.08384328505824828,0.0,0.01927859214054959,0.0,0.0,0.033923888823366444,0.0,0.0,0.0,0.02154164233492833,0.0,0.0,0.0,0.0,0.0,0.0,0.0,0.0,0.0
2023-07-28,0.11277907146568122,0.015115957935210766,0.0,0.09668963883258769,0.10119411096521244,0.35,0.0774260143383746,0.0,0.0,0.0,0.06316973376336682,0.0,0.01425628057500778,0.015039945429830935,0.0,0.0,0.07846557950150615,0.0,0.01425628057500778,0.0,0.0,0.033094825468198266,0.01425628057500778,0.0,0.0,0.01425628057500778,0.0,0.0,0.0,0.0,0.0,0.0,0.0,0.0,0.0
2023-08-04,0.11244272380116693,0.009339836049918462,0.0,0.09789318747287146,0.10256073113172474,0.35,0.0774260143383746,0.0,0.0,0.0008336019980726545,0.06316973376336682,0.0,0.01425628057500778,0.015494468337928453,0.0,0.0,0.07639469731149542,0.0,0.01425628057500778,0.0,0.0,0.03430150309602084,0.01425628057500778,0.0,0.0,0.017374660974036185,0.0,0.0,0.0,0.0,0.0,0.0,0.0,0.0,0.0
2023-08-11,0.1122108072493484,0.010587372612600465,0.0,0.09781554251746868,0.10349302820126291,0.35,0.0774260143383746,0.0,0.0,0.0,0.06316973376336682,0.0,0.01425628057500778,0.015442398871023926,0.0,0.0,0.07759848543681852,0.0,0.01425628057500778,0.0,0.0,0.03421856253969467,0.01425628057500778,0.0,0.0,0.015269212745017623,0.0,0.0,0.0,0.0,0.0,0.0,0.0,0.0,0.0
2023-08-18,0.10826840018574313,0.01172613485317834,0.0,0.0972045008839213,0.10045167117801113,0.35,0.0774260143383746,0.0,0.0,0.0009000069526630925,0.06316973376336682,0.0,0.01425628057500778,0.016393388221003738,0.0,0.0,0.07847061991938803,0.0,0.01425628057500778,0.0,0.0,0.03354286546472498,0.01425628057500778,0.0,0.0,0.019677822514601623,0.0,0.0,0.0,0.0,0.0,0.0,0.0,0.0,0.0
2023-08-25,0.10704745522498693,0.011006754854176569,0.0,0.10939464529088502,0.0362999125367095,0.35,0.09066354459686538,0.0,0.0,0.0017180740191475715,0.0630755214342246,0.0,0.027588023162640786,0.016083235858435244,0.0,0.0,0.09138781959189757,0.0,0.0,0.0,0.0,0.0957350134300308,0.0,0.0,0.0,0.0,0.0,0.0,0.0,0.0,0.0,0.0,0.0,0.0,0.0
2023-09-01,0.09979056835489986,0.006692665184849471,0.0,0.11018759760019886,0.03698195453075426,0.35,0.09066354459686538,0.0,0.0,0.002679312982153916,0.0630755214342246,0.0,0.027588023162640786,0.016860769660975647,0.0,0.0,0.09220635076729733,0.0,0.0,0.0,0.0,0.09638804802339454,0.0,0.0,0.0,0.006885643701745324,0.0,0.0,0.0,0.0,0.0,0.0,0.0,0.0,0.0
2023-09-08,0.10456467427044802,0.008677822575048797,0.0,0.10945448639781805,0.03584525345918078,0.35,0.09066354459686538,0.0,0.0,0.001057937232523239,0.0630755214342246,0.0,0.027588023162640786,0.018072369939540013,0.0,0.0,0.09534537100835536,0.0,0.0,0.0,0.0,0.0956549959233549,0.0,0.0,0.0,0.0,0.0,0.0,0.0,0.0,0.0,0.0,0.0,0.0,0.0
2023-09-15,0.09979056835489986,0.0019426752582867234,0.0,0.11237030677139029,0.03311241813809046,0.35,0.09066354459686538,0.0,0.0,0.006217756642825139,0.0630755214342246,0.0,0.027588023162640786,0.022590934512399956,0.0,0.0,0.09432194921006909,0.0,0.0,0.0,0.0,0.09832630191830767,0.0,0.0,0.0,0.0,0.0,0.0,0.0,0.0,0.0,0.0,0.0,0.0,0.0
2023-09-22,0.09979056835489986,0.0,0.0,0.10904270851981318,0.030067506304491592,0.35,0.09066354459686538,0.0,0.0,0.009314280062319212,0.0630755214342246,0.0,0.02967382231784912,0.025488054678954597,0.0,0.0,0.0983809787630276,0.0,0.0,0.0,0.0,0.09450301496755482,0.0,0.0,0.0,0.0,0.0,0.0,0.0,0.0,0.0,0.0,0.0,0.0,0.0
2023-09-29,0.13623445470260775,0.0,0.0,0.0819116394796603,0.026468168644842416,0.35,0.09051466181465297,0.0,0.0,0.0043714199086337,0.06098539673386068,0.0,0.03148969389602419,0.025782014196335603,0.0,0.0,0.09796065419585201,0.0,0.0,0.0,0.0,0.09428189642753036,0.0,0.0,0.0,0.0,0.0,0.0,0.0,0.0,0.0,0.0,0.0,0.0,0.0
2023-10-06,0.13623445470260775,0.0018732914167291757,0.0,0.07576614623723507,0.03510415795562501,0.35,0.09051466181465297,0.0,0.0,0.008961075726320943,0.06098539673386068,0.0,0.02952926508079229,0.022511879818839488,0.0,0.0,0.09706982778348364,0.0,0.0,0.0,0.0,0.09144984272985299,0.0,0.0,0.0,0.0,0.0,0.0,0.0,0.0,0.0,0.0,0.0,0.0,0.0
2023-10-13,0.13623445470260787,0.01256673541607729,0.0,0.07614189874939689,0.034376361237546296,0.35,0.09051466181465297,0.0,0.0,0.001064096972979095,0.06098539673386068,0.0,0.03672423578196498,0.0187165340514936,0.0,0.0,0.09359135909443997,0.0,0.0,0.0,0.0,0.08908426544498046,0.0,0.0,0.0,0.0,0.0,0.0,0.0,0.0,0.0,0.0,0.0,0.0,0.0
2023-10-20,0.13623445470260775,0.01491331274048544,0.0,0.07231947069013345,0.038631806113475775,0.35,0.09051466181465297,0.0,0.0,0.0,0.06098539673386068,0.0,0.03741607729711505,0.01897357688776407,0.0,0.0,0.09209177994921741,0.0,0.0,0.0,0.0,0.08791946307068739,0.0,0.0,0.0,0.0,0.0,0.0,0.0,0.0,0.0,0.0,0.0,0.0,0.0
2023-10-27,0.09999999999999998,0.013178733659788623,0.0,0.04306448492654513,0.04605841206684831,0.2906454597447977,0.06084807413472414,0.0,0.0,0.0,0.2058747888290589,0.0,0.04607964230468073,0.01633751124320135,0.0,0.0,0.091743249554224,0.0,0.0,0.0,0.0,0.08616964353613112,0.0,0.0,0.0,0.0,0.0,0.0,0.0,0.0,0.0,0.0,0.0,0.0,0.0
2023-11-03,0.09999999999999998,0.01454972003813516,0.0,0.045577097098552,0.041681143881347804,0.28683888514009764,0.06337407433738891,0.0,0.0,0.0,0.2058747888290589,0.0,0.04835475593297133,0.018176242722067828,0.0,0.0,0.08940364848424935,0.0,0.0,0.0,0.0,0.08616964353613112,0.0,0.0,0.0,0.0,0.0,0.0,0.0,0.0,0.0,0.0,0.0,0.0,0.0
2023-11-10,0.09999999999999998,0.017197776230236033,0.0,0.044273263187628545,0.03885105525293561,0.28683888514009764,0.06570347521641658,0.0,0.0,0.0,0.2058747888290589,0.0,0.04213138824351457,0.017191210207599346,0.0,0.0,0.09576851415638171,0.0,0.0,0.0,0.0,0.08616964353613112,0.0,0.0,0.0,0.0,0.0,0.0,0.0,0.0,0.0,0.0,0.0,0.0,0.0
2023-11-17,0.09999999999999987,0.018667256263989632,0.0,0.04306448492654513,0.03428462581162178,0.2940102848757208,0.05767233444576129,0.0,0.0,0.0,0.2058747888290589,0.0,0.051779476920975835,0.015698687165238753,0.0,0.0,0.09277841722495686,0.0,0.0,0.0,0.0,0.08616964353613112,0.0,0.0,0.0,0.0,0.0,0.0,0.0,0.0,0.0,0.0,0.0,0.0,0.0
2023-11-24,1.1102230246251565e-16,0.05775585591134926,0.0,0.07151424417460255,0.0035983985032541515,0.3046750402552237,0.24006316292561877,0.0,0.0,0.0,0.0647679048050407,0.0,0.03762528449843912,0.05586392361336623,0.0,0.0,0.0788464528618983,0.0,0.0,0.0,0.0,0.0,0.0,0.0,0.0,0.08528973245120713,0.0,0.0,0.0,0.0,0.0,0.0,0.0,0.0,0.0
2023-12-01,1.1102230246251565e-16,0.06257534492321429,0.0,0.07151424417460255,0.0032905265847770863,0.30569397053386277,0.2443769314065469,0.0,0.0,0.0,0.0647679048050407,0.0,0.03849673645036813,0.04983074259066009,0.0,0.0,0.07416386607972028,0.0,0.0,0.0,0.0,0.0,0.0,0.0,0.0,0.08528973245120713,0.0,0.0,0.0,0.0,0.0,0.0,0.0,0.0,0.0
2023-12-08,0.0,0.06289590325717828,0.0,0.07151424417460255,0.009306697657877096,0.29977714584846943,0.24614575285907075,0.0,0.0,0.0,0.0647679048050407,0.0,0.025458377370235777,0.055842863825404765,0.0,0.0,0.07900137775091348,0.0,0.0,0.0,0.0,0.0,0.0,0.0,0.0,0.08528973245120713,0.0,0.0,0.0,0.0,0.0,0.0,0.0,0.0,0.0
2023-12-15,0.0,0.0624932254449551,0.0,0.07151424417460255,0.0022662263621138707,0.29447329419369633,0.24907289149143028,0.0,0.0,0.0,0.0647679048050407,0.0,0.02195402244556992,0.057525400547747935,0.0,0.0,0.09064305808363612,0.0,0.0,0.0,0.0,0.0,0.0,0.0,0.0,0.08528973245120713,0.0,0.0,0.0,0.0,0.0,0.0,0.0,0.0,0.0
2023-12-22,1.1102230246251565e-16,0.043743355699711176,0.0,0.08291733807724189,0.008181104746329373,0.2929565412040832,0.2430428672267094,0.0,0.0,0.0,0.0647679048050407,0.0,0.020521827646166425,0.06069033824336735,0.0,0.0,0.09239585986519155,0.0,0.0,0.0,0.0,0.005493130034951726,0.0,0.0,0.0,0.08528973245120713,0.0,0.0,0.0,0.0,0.0,0.0,0.0,0.0,0.0
2023-12-29,2.220446049250313e-16,0.039297568722201325,0.0,0.08110001432428507,0.011496127696507345,0.29180453097678194,0.23854218008600955,0.0,0.0,0.0,0.06390274990618815,0.0,0.06390274990618815,0.05969598734031506,0.0,0.0,0.08750188856976883,0.0,0.017453998413672362,0.0,0.0,0.010394207230737293,0.017453998413672362,0.0,0.0,0.017453998413672362,0.0,0.0,0.0,0.0,0.0,0.0,0.0,0.0,0.0
2024-01-05,2.220446049250313e-16,0.04591891098751702,0.0,0.07542492292929685,0.00850890746340624,0.2995595309458639,0.24366328437879836,0.0,0.0,0.0,0.06390274990618815,0.0,0.06390274990618815,0.05809448864554832,0.0,0.0,0.08065170365480673,0.0,0.017453998413672362,0.0,0.0,0.006225215022125673,0.01923953933291565,0.0,0.0,0.017453998413672362,0.0,0.0,0.0,0.0,0.0,0.0,0.0,0.0,0.0
2024-01-12,2.220446049250313e-16,0.039297568722201325,0.0,0.07756482879962319,0.010235705761305678,0.2880863553687717,0.24511071157810516,0.0,0.0,0.007458794769036632,0.0656206810631271,0.0,0.06390274990618815,0.0561931883556301,0.0,0.0,0.08464433476116966,0.0,0.017453998413672362,0.0,0.0,0.007095302975518609,0.019881781111977814,0.0,0.0,0.017453998413672362,0.0,0.0,0.0,0.0,0.0,0.0,0.0,0.0,0.0
2024-01-19,2.220446049250313e-16,0.039297568722201325,0.0,0.07133714131787204,0.006188635301344692,0.2831568758190076,0.25231197443862735,0.0,0.0,0.008414852428268988,0.07242954142403878,0.0,0.06390274990618815,0.05616164492219153,0.0,0.0,0.08477206699829448,0.0,0.017453998413672362,0.0,0.0,0.0023609131019862806,0.024758038792633844,0.0,0.0,0.017453998413672362,0.0,0.0,0.0,0.0,0.0,0.0,0.0,0.0,0.0
2024-01-26,0.0,0.13074596893813523,0.0,0.07713483739746263,0.010375041032931976,0.08030625407952846,0.2714354997926004,0.0,0.0,0.011495736101022025,0.19422777174921202,0.0,0.0,0.08577203717258641,0.0,0.0,0.09086312381034473,0.0,0.0,0.0,0.0,0.010255689294591074,0.023278060626384774,0.0,0.0,0.014109980005200223,0.0,0.0,0.0,0.0,0.0,0.0,0.0,0.0,0.0
2024-02-02,0.0,0.13074596893813523,0.0,0.07924609724551876,0.009442428530404182,0.08030625407952846,0.2685721354247823,0.0,0.0,0.010573000835313245,0.1943287302737857,0.0,0.0,0.08683678221996448,0.0,0.0,0.09002178816436546,0.0,0.0,0.0,0.0,0.012372943468089079,0.023443890814912802,0.0,0.0,0.014109980005200223,0.0,0.0,0.0,0.0,0.0,0.0,0.0,0.0,0.0
2024-02-09,0.0,0.13074596893813523,0.0,0.07878873105031213,0.01083793559508769,0.08030625407952846,0.27338608490952654,0.0,0.0,0.002406129165641889,0.18996088072320366,0.0,0.0,0.09034604199418697,0.0,0.0,0.09489518023499595,0.0,0.0,0.0,0.0,0.010618237608055957,0.02359857569612528,0.0,0.0,0.014109980005200223,0.0,0.0,0.0,0.0,0.0,0.0,0.0,0.0,0.0
2024-02-16,0.0,0.13074596893813523,0.0,0.08188211281781951,0.0177960426695774,0.08030625407952846,0.27049248842695495,0.0,0.0,0.0028967974532749974,0.19383414919551245,0.0,0.0,0.08497534226433562,0.0,0.0,0.09001190974394781,0.0,0.0,0.0,0.0,0.010257432934678457,0.0226915214710348,0.0,0.0,0.014109980005200223,0.0,0.0,0.0,0.0,0.0,0.0,0.0,0.0,0.0
2024-02-23,0.0,0.07737206289412578,0.0,0.017654993207667093,0.012760613806670281,0.24086598828868988,0.2549080232613055,0.0,0.0,0.004057442813436717,0.17960820645119935,0.0,0.0,0.09083541331519972,0.0,0.0,0.08633810625618157,0.0,0.0,0.0,0.0,0.0024497762007869867,0.01938628068729802,0.0,0.0,0.013763092817439017,0.0,0.0,0.0,0.0,0.0,0.0,0.0,0.0,0.0
2024-03-01,0.0,0.07737206289412578,0.0,0.021896867148748098,0.012407090336542366,0.24086598828868988,0.2506774956962868,0.0,0.0,0.007628305184138381,0.17475945308901175,0.0,0.0,0.09193012785771314,0.0,0.0,0.08601395331221245,0.0,0.0,0.0,0.0,0.006431523769808537,0.016254039605283734,0.0,0.0,0.013763092817439017,0.0,0.0,0.0,0.0,0.0,0.0,0.0,0.0,0.0
2024-03-08,0.0,0.08384412712898973,0.0,0.022432408606152386,0.011215947785890497,0.24086598828868988,0.2520471290608076,0.0,0.0,0.001584778449710703,0.1776188086540455,0.0,0.0,0.09004589764675436,0.0,0.0,0.08573876429045096,0.0,0.0,0.0,0.0,0.007079964453630252,0.013763092817439017,0.0,0.0,0.013763092817439017,0.0,0.0,0.0,0.0,0.0,0.0,0.0,0.0,0.0
2024-03-15,0.0,0.0868161116176628,0.0,0.0208867272556406,0.010351918931584528,0.24086598828868988,0.2485244045439462,0.0,0.0,0.007182446968265718,0.17306691778419647,0.0,0.0,0.09067013883514757,0.0,0.0,0.08697832994721474,0.0,0.0,0.0,0.0,0.005445538937572702,0.01544838407263969,0.0,0.0,0.013763092817439017,0.0,0.0,0.0,0.0,0.0,0.0,0.0,0.0,0.0
2024-03-22,2.220446049250313e-16,0.07737206289412578,0.0,0.023603731521778915,0.012667451734951103,0.24086598828868988,0.24662457849612526,0.0,0.0,0.009335817826541172,0.17306691778419647,0.0,0.0,0.09207021033173025,0.0,0.0,0.09059934907331102,0.0,0.0,0.0,0.0,0.006267706413671981,0.013763092817439017,0.0,0.0,0.013763092817439017,0.0,0.0,0.0,0.0,0.0,0.0,0.0,0.0,0.0
2024-03-29,1.1102230246251565e-16,0.11800415081786023,0.0,0.07459858130843094,0.09137284402640701,0.010481188113950664,0.23184610226095265,0.0,0.0,0.007951202842143295,0.21855935723203496,0.0,0.010481188113950664,0.017741612916720096,0.0,0.0,0.12247051739637926,0.0,0.010481188113950664,0.0,0.0,0.00777731451128092,0.06775356423198789,0.0,0.0,0.010481188113950664,0.0,0.0,0.0,0.0,0.0,0.0,0.0,0.0,0.0
2024-04-05,0.0,0.12316116211899217,0.0,0.07433778412282444,0.09098854127212787,0.010481188113950664,0.2290405453459856,0.0,0.0,0.009672870930938056,0.21855935723203496,0.0,0.010481188113950664,0.01857044531444009,0.0,0.0,0.12338287349107743,0.0,0.010481188113950664,0.0,0.0,0.004581621735516072,0.06578004598026063,0.0,0.0,0.010481188113950664,0.0,0.0,0.0,0.0,0.0,0.0,0.0,0.0,0.0
2024-04-12,1.1102230246251565e-16,0.11445527881965445,0.0,0.07745617887406248,0.0926435749182349,0.013401701088725773,0.2290405453459856,0.0,0.0,0.009907611276125794,0.21855935723203496,0.0,0.010481188113950664,0.017974918530684482,0.0,0.0,0.12021451735994818,0.0,0.010481188113950664,0.0,0.0,0.009102738587188585,0.06580001362550275,0.0,0.0,0.010481188113950664,0.0,0.0,0.0,0.0,0.0,0.0,0.0,0.0,0.0
2024-04-19,0.0,0.13199199585900917,0.0,0.07429547838720035,0.08915960468796774,0.010481188113950664,0.2290405453459856,0.0,0.0,0.007531727320349359,0.21855935723203496,0.0,0.010481188113950664,0.014648774765508247,0.0,0.0,0.1204645927482742,0.0,0.010481188113950664,0.0,0.0,0.007542613601275171,0.06484055759659255,0.0,0.0,0.010481188113950664,0.0,0.0,0.0,0.0,0.0,0.0,0.0,0.0,0.0
2024-04-26,0.027459639001844338,0.1337633176369361,0.0,0.07885992834917845,0.13073843090354462,0.01183393186292831,0.35,0.0,0.0,0.008686310771160144,0.07140295713799251,0.0,0.01183393186292831,0.01908660673685514,0.0,0.0,0.13658790450640185,0.0,0.0,0.0,0.0,0.007913109367301932,0.0,0.0,0.0,0.01183393186292831,0.0,0.0,0.0,0.0,0.0,0.0,0.0,0.0,0.0
2024-05-03,0.027459639001844338,0.12919185813216347,0.0,0.07351603943708283,0.12947249226973867,0.01183393186292831,0.35,0.0,0.0,0.013542776113682476,0.07140295713799251,0.0,0.01183393186292831,0.020803384670661,0.0,0.0,0.14180863022746895,0.0,0.0,0.0,0.0,0.007300427420580831,0.0,0.0,0.0,0.01183393186292831,0.0,0.0,0.0,0.0,0.0,0.0,0.0,0.0,0.0
2024-05-10,0.027459639001844338,0.1429653318992155,0.0,0.06865071710420054,0.12067716719685231,0.02747333644984358,0.35,0.0,0.0,0.0036149881088833142,0.07140295713799251,0.0,0.01183393186292831,0.020793847988371725,0.0,0.0,0.14016555993718285,0.0,0.0,0.0,0.0,0.0031285914497567176,0.0,0.0,0.0,0.01183393186292831,0.0,0.0,0.0,0.0,0.0,0.0,0.0,0.0,0.0
2024-05-17,0.027459639001844338,0.14074822378595134,0.0,0.06865071710420054,0.12325431056134897,0.04326240908429497,0.35,0.0,0.0,0.003920394732007287,0.07140295713799251,0.0,0.01183393186292831,0.016662303724066244,0.0,0.0,0.1309711811424372,0.0,0.0,0.0,0.0,0.0,0.0,0.0,0.0,0.01183393186292831,0.0,0.0,0.0,0.0,0.0,0.0,0.0,0.0,0.0
2024-05-24,0.027459639001844338,0.14259357113787122,0.0,0.06865071710420054,0.12169374267372382,0.04403977294801605,0.35,0.0,0.0,0.002151278345398789,0.07140295713799251,0.0,0.01183393186292831,0.011564747899747669,0.0,0.0,0.13677571002534847,0.0,0.0,0.0,0.0,0.0,0.0,0.0,0.0,0.01183393186292831,0.0,0.0,0.0,0.0,0.0,0.0,0.0,0.0,0.0
2024-05-31,0.0,0.13700117247711058,0.0,0.06712752259706854,0.003634042595942563,0.3062101297283844,0.22687398319466873,0.0,0.0,0.00468662958178191,0.07893079191484542,0.0,0.04828963416914865,0.011222694675423537,0.0,0.0,0.08483170303307538,0.0,0.010397232010850108,0.0,0.0,0.0,0.010397232010850108,0.0,0.0,0.010397232010850108,0.0,0.0,0.0,0.0,0.0,0.0,0.0,0.0,0.0
2024-06-07,0.0,0.1323230675041543,0.0,0.06439845064775657,0.0045900371509674034,0.30541642197065216,0.22687398319466873,0.0,0.0,0.0,0.07893079191484542,0.0,0.04828963416914865,0.013210457010932234,0.0,0.0,0.08789277030613526,0.0,0.010397232010850108,0.0,0.0,0.0,0.010397232010850108,0.0,0.0,0.017279922109039086,0.0,0.0,0.0,0.0,0.0,0.0,0.0,0.0,0.0
2024-06-14,0.0,0.13225006440341888,0.0,0.0711638916212974,0.0,0.3044271659957261,0.22687398319466873,0.0,0.0,0.0,0.07893079191484542,0.0,0.04828963416914865,0.012636114552910936,0.0,0.0,0.0877248269803244,0.0,0.010397232010850108,0.0,0.0,0.00464553676817208,0.010397232010850108,0.0,0.0,0.012263526377787217,0.0,0.0,0.0,0.0,0.0,0.0,0.0,0.0,0.0
2024-06-21,0.0,0.11682319407314397,0.0,0.07177401455876845,0.0,0.30599122530929007,0.22687398319466873,0.0,0.0,0.0,0.07893079191484542,0.0,0.04828963416914865,0.016413552019497287,0.0,0.0,0.08923511479510442,0.0,0.010397232010850108,0.0,0.0,0.002584060552622838,0.010397232010850108,0.0,0.0,0.022289965391210014,0.0,0.0,0.0,0.0,0.0,0.0,0.0,0.0,0.0
2024-06-28,0.0,0.1274606336089256,0.0,0.0718142213998888,0.0,0.29628585160763216,0.22367106349737628,0.0,0.0,0.0,0.07926182971920126,0.0,0.010471444116638178,0.01854121210822859,0.0,0.0,0.08943253465149156,0.0,0.010471444116638178,0.0,0.0,0.0023020764670555784,0.010471444116638178,0.0,0.0,0.05981624459028563,0.0,0.0,0.0,0.0,0.0,0.0,0.0,0.0,0.0
2024-07-05,0.0,0.13206213093253782,0.0,0.07812664323993447,0.0027761925249939943,0.2957521576249643,0.22367106349737628,0.0,0.0,0.0,0.07926182971920126,0.0,0.010471444116638178,0.013432586656655181,0.0,0.0,0.08541539377389308,0.0,0.010471444116638178,0.0,0.0,0.009045953841688272,0.010471444116638178,0.0,0.0,0.049041715838840774,0.0,0.0,0.0,0.0,0.0,0.0,0.0,0.0,0.0
2024-07-12,0.0,0.12892495920202865,0.0,0.07663538847661071,0.0026868406592848986,0.2914116775041799,0.22367106349737628,0.0,0.0,0.0,0.07926182971920126,0.0,0.010471444116638178,0.017250438364644315,0.0,0.0,0.08983152013924785,0.0,0.010471444116638178,0.0,0.0,0.00987023424867086,0.010471444116638178,0.0,0.0,0.049041715838840774,0.0,0.0,0.0,0.0,0.0,0.0,0.0,0.0,0.0
2024-07-19,0.0,0.1296572866226418,0.0,0.06951679229060904,0.0,0.2938597458749013,0.22367106349737628,0.0,0.0,0.0,0.07926182971920126,0.0,0.010471444116638178,0.02041746627419759,0.0,0.0,0.09457144416779191,0.0,0.010471444116638178,0.0,0.0,0.0,0.010471444116638178,0.0,0.0,0.05763003920336629,0.0,0.0,0.0,0.0,0.0,0.0,0.0,0.0,0.0
2024-07-26,1.1102230246251565e-16,0.15970754731769654,0.0,0.01642820675960234,0.0,0.24682489547967582,0.18114115681025572,0.0,0.0,0.0,0.16913366862295368,0.0,0.0,0.02012337355194743,0.0,0.0,0.09841048959402439,0.0,0.012007488187302058,0.0,0.0,0.0,0.012007488187302058,0.0,0.0,0.08421568548923992,0.0,0.0,0.0,0.0,0.0,0.0,0.0,0.0,0.0
2024-08-02,0.0,0.1556664721998978,0.0,0.018462952595813487,0.01016047156278869,0.25251368634429117,0.18114115681025572,0.0,0.0,0.002520565092855251,0.16913366862295368,0.0,0.0,0.020795624919492346,0.0,0.0,0.09666843843288685,0.0,0.012007488187302058,0.0,0.0,0.00224828743286136,0.012007488187302058,0.0,0.0,0.06667369961129953,0.0,0.0,0.0,0.0,0.0,0.0,0.0,0.0,0.0
2024-08-09,2.220446049250313e-16,0.16010164271088612,0.0,0.024788173103374313,0.004906903340699289,0.25144688741837284,0.18114115681025572,0.0,0.0,0.0,0.16913366862295368,0.0,0.0,0.016644074424333754,0.0,0.0,0.09241671272622413,0.0,0.012007488187302058,0.0,0.0,0.00381762415303964,0.012007488187302058,0.0,0.0,0.07158818031525635,0.0,0.0,0.0,0.0,0.0,0.0,0.0,0.0,0.0
2024-08-16,2.220446049250313e-16,0.1556664721998978,0.0,0.019706105182225157,0.010109805951202285,0.24996425423054572,0.18114115681025572,0.0,0.0,0.007832769509226846,0.16913366862295368,0.0,0.0,0.014246047764572105,0.0,0.0,0.08796261338087975,0.0,0.012007488187302058,0.0,0.0,0.004754066025570948,0.012007488187302058,0.0,0.0,0.07546806394806581,0.0,0.0,0.0,0.0,0.0,0.0,0.0,0.0,0.0
2024-08-23,1.1102230246251565e-16,0.15739458471252749,0.0,0.012007488187302058,0.006280578068474862,0.2521678454204402,0.18114115681025572,0.0,0.0,0.010135610274258357,0.16913366862295368,0.0,0.0,0.017868124795309682,0.0,0.0,0.09113344048014398,0.0,0.012007488187302058,0.0,0.0,0.0016194770047678793,0.022436837824964452,0.0,0.0,0.06667369961129953,0.0,0.0,0.0,0.0,0.0,0.0,0.0,0.0,0.0
2024-08-30,0.0,0.22650053900996137,0.0,0.06741620339397715,0.0,0.23362159678057212,0.1498748594101504,0.0,0.0,0.02214807343332972,0.13946626531586853,0.0,0.0,0.015567265380110948,0.0,0.0,0.09703413480191513,0.0,0.01040859409428187,0.0,0.0,0.0,0.02755387428555094,0.0,0.0,0.01040859409428187,0.0,0.0,0.0,0.0,0.0,0.0,0.0,0.0,0.0
2024-09-06,0.0,0.22200452898806697,0.0,0.06741620339397715,0.0,0.24241396408757032,0.1498748594101504,0.0,0.0,0.0041568430223915724,0.14354971949749035,0.0,0.0,0.008682414397052455,0.0,0.0,0.0942027481639724,0.0,0.019922721543323713,0.0,0.0,0.0,0.03736740340172285,0.0,0.0,0.01040859409428187,0.0,0.0,0.0,0.0,0.0,0.0,0.0,0.0,0.0
2024-09-13,0.0,0.231399525839321,0.0,0.06741620339397715,0.0,0.24350277822005637,0.1498748594101504,0.0,0.0,0.004309454460896626,0.13946626531586853,0.0,0.0,0.0057341501453141135,0.0,0.0,0.09385148259040797,0.0,0.01040859409428187,0.0,0.0,0.0,0.03914862546586012,0.0,0.0,0.014888061063865914,0.0,0.0,0.0,0.0,0.0,0.0,0.0,0.0,0.0
2024-09-20,0.0,0.22200452898806697,0.0,0.06741620339397715,0.0,0.2479419758571535,0.1498748594101504,0.0,0.0,0.004821895907496937,0.13946626531586853,0.0,0.0,0.01631100648980121,0.0,0.0,0.09998880037518244,0.0,0.01040859409428187,0.0,0.0,0.0,0.026410619297111835,0.0,0.0,0.015355250870909224,0.0,0.0,0.0,0.0,0.0,0.0,0.0,0.0,0.0
2024-09-27,0.0,0.0,0.0,0.014374162277494187,0.001640226375280507,0.23514228340828475,0.13760306237622888,0.0,0.0,0.012329840006185259,0.12785382334089163,0.0,0.0,0.013940609432832048,0.0,0.0,0.09371089554527331,0.0,0.009749239035337245,0.0,0.0,0.0,0.3439066191668549,0.0,0.0,0.009749239035337245,0.0,0.0,0.0,0.0,0.0,0.0,0.0,0.0,0.0
2024-10-04,1.1102230246251565e-16,0.006019451484668943,0.0,0.014814594193511735,0.0,0.23914980661945062,0.13760306237622888,0.0,0.0,0.0052098915315898576,0.12785382334089163,0.0,0.0,0.010297936067592096,0.0,0.0,0.0940520811448185,0.0,0.009749239035337245,0.0,0.0,0.0,0.3455008751705732,0.0,0.0,0.009749239035337245,0.0,0.0,0.0,0.0,0.0,0.0,0.0,0.0,0.0
2024-10-11,0.0,0.003449943445728444,0.0,0.01175279819162998,0.0,0.22676584283512813,0.13760306237622888,0.0,0.0,0.002732264379165178,0.1445132462742959,0.0,0.0,0.0,0.0,0.0,0.08413837435789286,0.0,0.030488819844168555,0.0,0.0,0.0,0.3488064092604248,0.0,0.0,0.009749239035337245,0.0,0.0,0.0,0.0,0.0,0.0,0.0,0.0,0.0
2024-10-18,0.007808341347056991,0.006958801124313089,0.0,0.009749239035337245,0.0,0.22950288127392865,0.13760306237622888,0.0,0.0,0.009918727962897932,0.12785382334089163,0.0,0.0,0.00511583474194709,0.0,0.0,0.09148351468543249,0.0,0.014256535076628806,0.0,0.0,0.0,0.35,0.0,0.0,0.009749239035337245,0.0,0.0,0.0,0.0,0.0,0.0,0.0,0.0,0.0
2024-10-25,0.014592415200635811,0.0,0.0,0.014120907635564544,0.0,0.22286248140418402,0.009533682007085638,0.0,0.0,0.01101552731805534,0.12317387540413008,0.0,0.0,0.013646227144190953,0.0,0.0,0.0964927111936544,0.0,0.1327075574112157,0.0,0.0,0.0023209332741977997,0.35,0.0,0.0,0.009533682007085638,0.0,0.0,0.0,0.0,0.0,0.0,0.0,0.0,0.0
2024-11-01,0.01058766523687249,0.00800714089604312,0.0,0.011950819688881589,0.0,0.22558251845370436,0.009533682007085638,0.0,0.0,0.0,0.12317387540413008,0.0,0.0,0.010623078532178015,0.0,0.0,0.08921143816330744,0.0,0.1327075574112157,0.0,0.0,0.0,0.35,0.0,0.0,0.02862222420658162,0.0,0.0,0.0,0.0,0.0,0.0,0.0,0.0,0.0
2024-11-08,0.0,0.0035580730842647563,0.0,0.009533682007085638,0.0,0.2347143313994634,0.009533682007085638,0.0,0.0,0.0015714169924734838,0.12317387540413008,0.0,0.0,0.010909709041316227,0.0,0.0,0.09174602916339944,0.0,0.1327075574112157,0.0,0.0,0.0,0.3428413681283046,0.0,0.0,0.039710275361260976,0.0,0.0,0.0,0.0,0.0,0.0,0.0,0.0,0.0
2024-11-15,0.0,0.004077535537188079,0.0,0.009533682007085638,0.0,0.23534574385232793,0.009533682007085638,0.0,0.0,0.0049280965725210435,0.12317387540413008,0.0,0.0,0.011452797977446165,0.0,0.0,0.09581753245336365,0.0,0.1327075574112157,0.0,0.0,0.0,0.34663009498990843,0.0,0.0,0.026799401787727557,0.0,0.0,0.0,0.0,0.0,0.0,0.0,0.0,0.0
2024-11-22,0.009061048679888106,0.01268818217443812,0.0,0.009533682007085638,0.0,0.22917926111892373,0.009533682007085638,0.0,0.0,0.004743520477263759,0.12317387540413008,0.0,0.0,0.014968430535540764,0.0,0.0,0.09242937573120526,0.0,0.1327075574112157,0.0,0.0,0.0,0.35,0.0,0.0,0.011981384453223186,0.0,0.0,0.0,0.0,0.0,0.0,0.0,0.0,0.0
2024-11-29,0.0,0.004269387826571066,0.0,0.0,0.0,0.26684193911678106,0.06565801243080874,0.0,0.0,0.004758291618913633,0.15473972596749724,0.0,0.0,0.013269550716776043,0.0,0.0,0.09941059180848014,0.0,0.0,0.0,0.0,0.0,0.2627989857630153,0.0,0.0,0.12825351475115676,0.0,0.0,0.0,0.0,0.0,0.0,0.0,0.0,0.0
2024-12-06,0.0,0.015305304092106538,0.0,0.0,0.0,0.2685557761686158,0.06565801243080874,0.0,0.0,0.0016474737016696837,0.15473972596749724,0.0,0.0,0.01746073454216857,0.0,0.0,0.10029864307752698,0.0,0.0,0.0,0.0,0.0,0.24270086310732175,0.0,0.0,0.13363346691228467,0.0,0.0,0.0,0.0,0.0,0.0,0.0,0.0,0.0
2024-12-13,0.0,0.004934846981032365,0.0,0.0,0.0,0.25217472763233245,0.06565801243080874,0.0,0.0,0.02577984279184102,0.15473972596749724,0.0,0.0,0.024668144087880733,0.0,0.0,0.10405005349302276,0.0,0.0,0.0,0.0,0.0,0.2410656231935874,0.0,0.0,0.1269290234219973,0.0,0.0,0.0,0.0,0.0,0.0,0.0,0.0,0.0
2024-12-20,0.0,0.02205721416623001,0.0,0.0,0.0,0.24669621782965456,0.06565801243080874,0.0,0.0,0.020476767565401864,0.15473972596749724,0.0,0.0,0.023226492922880135,0.0,0.0,0.11155308803335603,0.0,0.0,0.0,0.0,0.0,0.23746938335046242,0.0,0.0,0.11812309773370896,0.0,0.0,0.0,0.0,0.0,0.0,0.0,0.0,0.0
2024-12-27,0.017641404844487063,0.0886641417319244,0.0,0.0,0.0,0.35,0.06509013661776042,0.0,0.0,0.02431762670819098,0.0516086913185611,0.0,0.0,0.00865894233841623,0.0,0.0,0.0998766484290098,0.0,0.0,0.0,0.0,0.0,0.1516398276040883,0.0,0.0,0.14250258040756164,0.0,0.0,0.0,0.0,0.0,0.0,0.0,0.0,0.0
2025-01-03,0.001855859622418965,0.09538139217615436,0.0,0.0,0.0,0.35,0.06509013661776042,0.0,0.0,0.021871242924564514,0.0516086913185611,0.0,0.0,0.012832641785743212,0.0,0.0,0.10515713843722568,0.0,0.0,0.0,0.0,0.0,0.15370031671001005,0.0,0.0,0.14250258040756164,0.0,0.0,0.0,0.0,0.0,0.0,0.0,0.0,0.0
2025-01-10,0.0,0.09607948969272492,0.0,0.0,0.0,0.3376467180318477,0.07456706490523066,0.0,0.0,0.02083416435056992,0.0516086913185611,0.0,0.0,0.023531333120061643,0.0,0.0,0.09989107511589675,0.0,0.0,0.0,0.0,0.0,0.1533388830575457,0.0,0.0,0.14250258040756164,0.0,0.0,0.0,0.0,0.0,0.0,0.0,0.0,0.0
2025-01-17,0.0,0.100282869618673,0.0,0.0,0.0,0.34609371228313407,0.06509013661776042,0.0,0.0,0.01647794880490459,0.0516086913185611,0.0,0.0,0.02673347497138896,0.0,0.0,0.1029056659536279,0.0,0.0,0.0,0.0,0.0,0.14830492002438836,0.0,0.0,0.14250258040756164,0.0,0.0,0.0,0.0,0.0,0.0,0.0,0.0,0.0
2025-01-24,0.0,0.09411246108875701,0.0,0.0,0.0,0.3465038664583224,0.09459285132606869,0.0,0.0,0.008580704601226053,0.0516086913185611,0.0,0.0,0.022049173456571706,0.0,0.0,0.09694456962684382,0.0,0.0,0.0,0.0,0.0,0.13719621365699283,0.0,0.0,0.14841146846665637,0.0,0.0,0.0,0.0,0.0,0.0,0.0,0.0,0.0
2025-01-31,0.0,0.18492754051750399,0.0,0.009619940998932973,0.0,0.24501660150874882,0.17140594133696352,0.0,0.0,0.009796786659699127,0.05119986075145116,0.0,0.009619940998932973,0.027671261737521154,0.0,0.0,0.10201449520708634,0.0,0.0,0.0,0.0,0.0,0.009619940998932973,0.0,0.0,0.17910768928422693,0.0,0.0,0.0,0.0,0.0,0.0,0.0,0.0,0.0
2025-02-07,0.0,0.19536512818555607,0.0,0.009619940998932973,0.0,0.24624641043403422,0.16231910733325133,0.0,0.0,0.013879130270337825,0.05119986075145116,0.0,0.009619940998932973,0.027175923557592185,0.0,0.0,0.09846825770476463,0.0,0.0,0.0,0.0,0.0,0.011863578780639816,0.0,0.0,0.17424272098450677,0.0,0.0,0.0,0.0,0.0,0.0,0.0,0.0,0.0
2025-02-14,0.0,0.19184592861224842,0.0,0.009619940998932973,0.0,0.25184722570789697,0.1951968150434037,0.0,0.0,0.0,0.05119986075145116,0.0,0.011683377787706813,0.019800254224197032,0.0,0.0,0.08494393489072317,0.0,0.0,0.0,0.0,0.0,0.009619940998932973,0.0,0.0,0.17424272098450677,0.0,0.0,0.0,0.0,0.0,0.0,0.0,0.0,0.0
2025-02-21,0.0,0.20127583925895617,0.0,0.009619940998932973,0.0,0.2541220788826348,0.16231910733325133,0.0,0.0,0.003639617644307807,0.05119986075145116,0.0,0.009619940998932973,0.029211904315443567,0.0,0.0,0.0951290478326494,0.0,0.0,0.0,0.0,0.0,0.009619940998932973,0.0,0.0,0.17424272098450677,0.0,0.0,0.0,0.0,0.0,0.0,0.0,0.0,0.0
2025-02-28,0.0,0.19632912434768607,0.0,0.010472499941715058,0.0,0.2518085261227986,0.17010788891161,0.0,0.0,0.0034952834452743535,0.05106458846507356,0.0,0.11613906049817559,0.022970470996750765,0.0,0.0,0.09776669845956962,0.0,0.0,0.0,0.0,0.0,0.06937335886963139,0.0,0.0,0.010472499941715058,0.0,0.0,0.0,0.0,0.0,0.0,0.0,0.0,0.0
2025-03-07,1.1102230246251565e-16,0.1950244586585554,0.0,0.010472499941715058,0.0,0.2519524377155411,0.1785698752113211,0.0,0.0,0.001676571652482541,0.05106458846507356,0.0,0.11613906049817559,0.020977199286331707,0.0,0.0,0.09427744975945751,0.0,0.0,0.0,0.0,0.0,0.06937335886963139,0.0,0.0,0.010472499941715058,0.0,0.0,0.0,0.0,0.0,0.0,0.0,0.0,0.0
2025-03-14,0.0,0.19145774588326264,0.0,0.010472499941715058,0.0,0.2615586402062575,0.15995097824243892,0.0,0.0,0.0038038589153057325,0.05106458846507356,0.0,0.11613906049817559,0.025076991466321575,0.0,0.0,0.09805982648130118,0.0,0.0,0.0,0.0,0.0,0.06937335886963139,0.0,0.0,0.013042451030516785,0.0,0.0,0.0,0.0,0.0,0.0,0.0,0.0,0.0
2025-03-21,0.0,0.18861349004390598,0.0,0.010472499941715058,0.0,0.25814684152182776,0.15995097824243892,0.0,0.0,0.007062591310228523,0.05106458846507356,0.0,0.11613906049817559,0.02552597580568475,0.0,0.0,0.09599251632128868,0.0,0.0,0.0,0.0,0.0,0.06937335886963139,0.0,0.0,0.017658098980029784,0.0,0.0,0.0,0.0,0.0,0.0,0.0,0.0,0.0
2025-03-28,0.6000000000000001,0.059666179441730485,0.0,0.010236249607301066,0.0,0.11764099486744403,0.0870037641004615,0.0,0.0,0.0,0.018726288011365676,0.0,0.040198825504030526,0.0056260592092937855,0.0,0.0,0.025311962133477493,0.0,0.0,0.0,0.0,0.0,0.0024363530389159903,0.0,0.0,0.03315332408597942,0.0,0.0,0.0,0.0,0.0,0.0,0.0,0.0,0.0
2025-04-04,0.6000000000000001,0.06218581466396929,0.0,0.009265647785029084,0.0,0.117685113525668,0.09386160372079942,0.0,0.0,0.0,0.018726288011365676,0.0,0.03950119807533475,0.0010815805843344684,0.0,0.0,0.022765345481657102,0.0,0.0,0.0,0.0,0.0,0.007402798703604211,0.0,0.0,0.027524609448237973,0.0,0.0,0.0,0.0,0.0,0.0,0.0,0.0,0.0
2025-04-11,0.6,0.059439320472477825,0.0,0.014057725190384781,0.0,0.11450558166911648,0.09572406045975705,0.0,0.0,0.0,0.018726288011365676,0.0,0.03950119807533475,0.0,0.0,0.0,0.01890741563829342,0.0,0.0,0.0,0.0,0.004790456077372288,0.00517579730505742,0.0,0.0,0.029172157100840312,0.0,0.0,0.0,0.0,0.0,0.0,0.0,0.0,0.0
2025-04-18,0.6,0.0572856785979317,0.0,0.01374901780218377,0.0013899631449890207,0.11413305646669504,0.09643139341343634,0.0,0.0,0.0,0.018726288011365676,0.0,0.03950119807533475,0.0,0.0,0.0,0.01890741563829342,0.0,0.0,0.0,0.0,0.0045050216221576445,0.003102659872255075,0.0,0.0,0.03226830735535754,0.0,0.0,0.0,0.0,0.0,0.0,0.0,0.0,0.0
2025-04-25,0.5999999999999999,0.00819405657890453,0.0,0.020335064377521875,0.002347092760685289,0.05781195976669026,0.11002415346042975,0.0,0.0,0.0,0.0871285874056854,0.0,0.0,0.0,0.0,0.0,0.0,0.0,0.0,0.0,0.0,0.004122940452076797,0.06280004681091061,0.0,0.0,0.047236098387095526,0.0,0.0,0.0,0.0,0.0,0.0,0.0,0.0,0.0
2025-05-02,0.6,0.010287937018137284,0.0,0.021993223158367874,0.0012313806681061165,0.06032493170368948,0.10417501902000016,0.0,0.0,0.0,0.08629793910873228,0.0,0.0,0.0,0.0,0.0,0.0,0.0,0.0,0.0,0.0,0.005209069117040197,0.06234138149280348,0.0,0.0,0.048139118713123166,0.0,0.0,0.0,0.0,0.0,0.0,0.0,0.0,0.0
2025-05-09,0.5999999999999999,0.010069236286371899,0.0,0.016090256360362588,0.0,0.05894469681530702,0.10879089124665957,0.0,0.0,0.0,0.09560063315263884,0.0,0.0005671299496800533,0.0,0.0,0.0,0.0,0.0,0.005619945045360784,0.0,0.0,0.0,0.06130428814370292,0.0,0.0,0.043012922999916395,0.0,0.0,0.0,0.0,0.0,0.0,0.0,0.0,0.0
2025-05-16,0.6,0.012967159487393787,0.0,0.01956866196356728,0.0,0.06200616325922084,0.10882428380291419,0.0,0.0,0.0,0.08919580573359862,0.0,0.0,0.0,0.0,0.0,0.0,0.0,0.0,0.0,0.0,0.002452049234387653,0.06130428814370292,0.0,0.0,0.04368158837521475,0.0,0.0,0.0,0.0,0.0,0.0,0.0,0.0,0.0
2025-05-23,0.6,0.01215892797035714,0.0,0.02110671885141823,0.000838532132851575,0.06062192347723197,0.10970311492024998,0.0,0.0,0.0,0.08753946337472664,0.0,0.0,0.0,0.0,0.0,0.0,0.0,0.0,0.0,0.0,0.003714108129545202,0.06130428814370292,0.0,0.0,0.043012922999916395,0.0,0.0,0.0,0.0,0.0,0.0,0.0,0.0,0.0
2025-05-30,0.6359737121920219,0.02578046713720407,0.0,0.018898510109706182,0.0030238121387789773,0.08933431380127949,0.08896708043802495,0.0,0.0,0.0,0.05402655454674046,0.0,0.0,0.0,0.0,0.0,0.014207375898891372,0.0,0.03495904091639301,0.0,0.0,0.004575599763197191,0.01604615715887105,0.0,0.0,0.014207375898891372,0.0,0.0,0.0,0.0,0.0,0.0,0.0,0.0,0.0
2025-06-06,0.6359737121920219,0.024927468330226223,0.0,0.01959638986479363,0.0024157560361108585,0.08938548015531458,0.08633939671131802,0.0,0.0,0.0,0.05218885149720935,0.0,0.0,0.0,0.0,0.0,0.014207375898891372,0.0,0.03495904091639301,0.0,0.0,0.00492217881075995,0.01604615715887105,0.0,0.0,0.019038192428090066,0.0,0.0,0.0,0.0,0.0,0.0,0.0,0.0,0.0
2025-06-13,0.6359737121920219,0.026396499942278988,0.0,0.01902076034483062,0.002213521179285304,0.0906308860549066,0.08563874815158119,0.0,0.0,0.0,0.05218885149720935,0.0,0.0,0.0,0.0,0.0,0.014207375898891372,0.0,0.03495904091639301,0.0,0.0,0.004624211391809549,0.01604615715887105,0.0,0.0,0.018100235271921103,0.0,0.0,0.0,0.0,0.0,0.0,0.0,0.0,0.0
2025-06-20,0.6359737121920219,0.023440018450117013,0.0,0.020074564413224277,0.001622835104454229,0.09113900691720511,0.08418582720949469,0.0,0.0,0.0,0.05218885149720935,0.0,0.0,0.0017588593118007686,0.0,0.0,0.015496924781964232,0.0,0.03495904091639301,0.0,0.0,0.005191123209519833,0.01604615715887105,0.0,0.0,0.017923078837724565,0.0,0.0,0.0,0.0,0.0,0.0,0.0,0.0,0.0
2025-06-27,0.01609224105583673,0.06369431113261292,0.0,0.07790332687133068,0.006332368400018262,0.27853785914996976,0.22281543238835236,0.0,0.0,0.0,0.050228105033961815,0.0,0.02065350096369466,0.0027716030561043066,0.0,0.0,0.02065350096369466,0.0,0.0,0.0,0.0,0.09422830149598306,0.0,0.0,0.0,0.14608944948844077,0.0,0.0,0.0,0.0,0.0,0.0,0.0,0.0,0.0
2025-07-04,0.016092241055836842,0.060830749014790075,0.0,0.07952409747764011,0.011384172072228216,0.28024474447646236,0.21817179552321464,0.0,0.0,0.0,0.050228105033961815,0.0,0.02065350096369466,0.006981150419186778,0.0,0.0,0.021866806555823022,0.0,0.0,0.0,0.0,0.0958133546297065,0.0,0.0,0.0,0.13820928277745503,0.0,0.0,0.0,0.0,0.0,0.0,0.0,0.0,0.0
2025-07-11,0.016092241055836842,0.06098323104065961,0.0,0.07845883620628613,0.009250247123110789,0.2806887768619169,0.21817179552321464,0.0,0.0,0.0,0.050228105033961815,0.0,0.02065350096369466,0.009192757821527562,0.0,0.0,0.023141909669477205,0.0,0.0,0.0,0.0,0.09469985253722829,0.0,0.0,0.0,0.1384387461630856,0.0,0.0,0.0,0.0,0.0,0.0,0.0,0.0,0.0
2025-07-18,0.016092241055836842,0.052436730908843224,0.0,0.07766259654556834,0.009536307475914807,0.2813889526465613,0.21817179552321464,0.0,0.0,0.0,0.050228105033961815,0.0,0.02065350096369466,0.005310529827024583,0.0,0.0,0.023259520019295658,0.0,0.0,0.0,0.0,0.09693436893326432,0.0,0.0,0.0,0.1483253510668199,0.0,0.0,0.0,0.0,0.0,0.0,0.0,0.0,0.0
2025-07-25,0.0,0.03618857154261904,0.0,0.2466376333447596,0.007827431516110393,0.20306487719565305,0.13400968739641483,0.0,0.0,0.0,0.03618857154261904,0.0,0.014437910644990134,0.019143627126242114,0.0,0.0,0.016741924881908045,0.0,0.0,0.0,0.0,0.23012258441374364,0.010871553658481671,0.0,0.0,0.044765626736458404,0.0,0.0,0.0,0.0,0.0,0.0,0.0,0.0,0.0
2025-08-01,0.0,0.03618857154261904,0.0,0.24034003393509765,0.013908348924566617,0.19725050987940856,0.14509425816838173,0.0,0.0,0.0,0.03618857154261904,0.0,0.010871553658481671,0.019238933359614314,0.0,0.0,0.018684646303385132,0.0,0.0,0.0,0.0,0.22300837149435246,0.010871553658481671,0.0,0.0,0.0483546475329921,0.0,0.0,0.0,0.0,0.0,0.0,0.0,0.0,0.0
2025-08-08,1.1102230246251565e-16,0.03618857154261904,0.0,0.23339948511998362,0.010714520418343577,0.2077236462271252,0.13400968739641483,0.0,0.0,0.0,0.03618857154261904,0.0,0.010871553658481671,0.027733053787242737,0.0,0.0,0.02013896989324329,0.0,0.0,0.0,0.0,0.22661009309235242,0.010871553658481671,0.0,0.0,0.045550293663092864,0.0,0.0,0.0,0.0,0.0,0.0,0.0,0.0,0.0
2025-08-15,1.1102230246251565e-16,0.03618857154261904,0.0,0.24364368246616827,0.005313480277059726,0.20105450454943866,0.13400968739641483,0.0,0.0,0.0,0.03618857154261904,0.0,0.010871553658481671,0.022869724751352294,0.0,0.0,0.026331233945765788,0.0,0.0,0.0,0.0,0.22696348808385783,0.010871553658481671,0.0,0.0,0.04569394812774113,0.0,0.0,0.0,0.0,0.0,0.0,0.0,0.0,0.0
2025-08-22,0.0,0.03618857154261904,0.0,0.23149499022348408,0.005548424570492549,0.20362354474270666,0.13400968739641483,0.0,0.0,0.0,0.03618857154261904,0.0,0.010871553658481671,0.018699087096436636,0.0,0.0,0.02062658257740711,0.0,0.0,0.0,0.0,0.22539303602086175,0.010871553658481671,0.0,0.0,0.06648439696999492,0.0,0.0,0.0,0.0,0.0,0.0,0.0,0.0,0.0
2025-08-29,0.05006896939518102,0.0,0.0,0.03790119213295273,0.0038073234653539195,0.35,0.0877407656945333,0.0,0.0,0.0,0.06415076328981466,0.0,0.11601362539094255,0.010073501065215823,0.0,0.0,0.07348765370886993,0.0,0.023590002404718643,0.0,0.0,0.05039292177595674,0.023590002404718643,0.0,0.0,0.10918327927174211,0.0,0.0,0.0,0.0,0.0,0.0,0.0,0.0,0.0
2025-09-05,0.04963951850528736,0.0,0.0,0.03257741602901328,0.0035253628689335646,0.35,0.09373799714616107,0.0,0.0,0.0,0.06415076328981466,0.0,0.0877407656945333,0.01186329669891602,0.0,0.0,0.07316877048152383,0.0,0.023590002404718643,0.0,0.0,0.05674360969544727,0.023590002404718643,0.0,0.0,0.12967249478093243,0.0,0.0,0.0,0.0,0.0,0.0,0.0,0.0,0.0
2025-09-12,0.04848138339224328,0.0,0.0,0.030716564989908178,0.008896194726387387,0.35,0.09363440058065621,0.0,0.0,0.0,0.06415076328981466,0.0,0.0877407656945333,0.013713513754397033,0.0,0.0,0.07297021396792282,0.0,0.023590002404718643,0.0,0.0,0.05756196008006745,0.023590002404718643,0.0,0.0,0.12495423471463235,0.0,0.0,0.0,0.0,0.0,0.0,0.0,0.0,0.0
2025-09-19,0.04530393738689842,0.0,0.0,0.03537089504712861,0.012641831137742856,0.35,0.0877407656945333,0.0,0.0,0.0013509944752973684,0.06415076328981466,0.0,0.11601362539094255,0.015315639803859953,0.0,0.0,0.07314797823690783,0.0,0.023590002404718643,0.0,0.0,0.043926119726561616,0.023590002404718643,0.0,0.0,0.10785744500087563,0.0,0.0,0.0,0.0,0.0,0.0,0.0,0.0,0.0
2025-09-26,1.1102230246251565e-16,0.03296690384238059,0.0,0.058778469821353506,0.023646240248302124,0.18602811297783314,0.12534083435502186,0.0,0.0,0.00550149840102134,0.03296690384238059,0.0,0.010875356495786248,0.016902133841662517,0.0,0.0,0.022458178118810172,0.0,0.010875356495786248,0.0,0.0,0.22823692163992848,0.010875356495786248,0.0,0.0,0.2345477334239469,0.0,0.0,0.0,0.0,0.0,0.0,0.0,0.0,0.0
2025-10-03,0.0,0.03296690384238059,0.0,0.05510103615548031,0.01957931828140607,0.1795527110274347,0.12534083435502186,0.0,0.0,0.006640952099157405,0.03296690384238059,0.0,0.010875356495786248,0.029931249503987227,0.0,0.0,0.024791704481325488,0.0,0.010875356495786248,0.0,0.0,0.22987518520210634,0.010875356495786248,0.0,0.0,0.23062713172196064,0.0,0.0,0.0,0.0,0.0,0.0,0.0,0.0,0.0
2025-10-10,0.0,0.03296690384238059,0.0,0.05412926084078906,0.03006272002555554,0.18088660025972067,0.12534083435502186,0.0,0.0,0.00874944850387013,0.03296690384238059,0.0,0.010875356495786248,0.03359443846725665,0.0,0.0,0.024740743970549976,0.0,0.010875356495786248,0.0,0.0,0.2207976675100984,0.010875356495786248,0.0,0.0,0.22313840889501776,0.0,0.0,0.0,0.0,0.0,0.0,0.0,0.0,0.0
2025-10-17,0.0,0.03296690384238059,0.0,0.044105675277816475,0.03246917344904511,0.17909694239085913,0.12534083435502186,0.0,0.0,0.011770275526170968,0.03296690384238059,0.0,0.010875356495786248,0.026468066180543044,0.0,0.0,0.028892354276014165,0.0,0.010875356495786248,0.0,0.0,0.21387670029552824,0.010875356495786248,0.0,0.0,0.23942010107688105,0.0,0.0,0.0,0.0,0.0,0.0,0.0,0.0,0.0
2025-10-24,0.0,0.03296690384238059,0.0,0.045140515729374366,0.027805010051889914,0.17720229694508535,0.12534083435502186,0.0,0.0,0.012019158431933439,0.03296690384238059,0.0,0.010875356495786248,0.035768480428134644,0.0,0.0,0.03015687125177881,0.0,0.010875356495786248,0.0,0.0,0.21106042769479616,0.010875356495786248,0.0,0.0,0.23694652793986554,0.0,0.0,0.0,0.0,0.0,0.0,0.0,0.0,0.0
2025-10-31,0.0,0.0525654669099197,0.0,0.06463956137908457,0.01823844846078378,0.1824450687251224,0.11832441639345008,0.0,0.0,0.008762849169441762,0.10537978608356832,0.0,0.012944630309881763,0.026613172328442875,0.0,0.0,0.027385736664205622,0.0,0.012944630309881763,0.0,0.0,0.2779923273164551,0.012944630309881763,0.0,0.0,0.07881927563988052,0.0,0.0,0.0,0.0,0.0,0.0,0.0,0.0,0.0
2025-11-07,0.0,0.0525654669099197,0.0,0.06638845729651636,0.015354675201139725,0.18130515564822208,0.11832441639345008,0.0,0.0,0.01215784420178744,0.10537978608356832,0.0,0.012944630309881763,0.02150466669566797,0.0,0.0,0.026275418192203408,0.0,0.012944630309881763,0.0,0.0,0.2848117929988806,0.012944630309881763,0.0,0.0,0.07709842944899901,0.0,0.0,0.0,0.0,0.0,0.0,0.0,0.0,0.0
2025-11-14,0.0,0.0525654669099197,0.0,0.06846058393032868,0.011170897228881635,0.18258522761407803,0.11832441639345008,0.0,0.0,0.008145029947586641,0.10537978608356832,0.0,0.012944630309881763,0.024922468739978807,0.0,0.0,0.02811505585703501,0.0,0.012944630309881763,0.0,0.0,0.28668519091148803,0.012944630309881763,0.0,0.0,0.07481198545403978,0.0,0.0,0.0,0.0,0.0,0.0,0.0,0.0,0.0
2025-11-21,0.0,0.0525654669099197,0.0,0.0672295813653431,0.01760051826245145,0.1842807656283734,0.11832441639345008,0.0,0.0,0.008565248823335037,0.10537978608356832,0.0,0.012944630309881763,0.021605950179350953,0.0,0.0,0.028431255511293933,0.0,0.012944630309881763,0.0,0.0,0.28222744004387285,0.012944630309881763,0.0,0.0,0.07495567986939591,0.0,0.0,0.0,0.0,0.0,0.0,0.0,0.0,0.0
2025-11-28,0.0,0.0,0.0,0.07276992101775417,0.012993924804122453,0.19977122602981015,0.07454673119632456,0.0,0.0,0.007241643073290704,0.11345725348974453,0.0,0.01364258482906728,0.024568919349740634,0.0,0.0,0.029711291685608664,0.0,0.1270998383188118,0.0,0.0,0.22983917153155475,0.01364258482906728,0.0,0.0,0.08071490984510296,0.0,0.0,0.0,0.0,0.0,0.0,0.0,0.0,0.0
2025-12-05,1.1102230246251565e-16,0.0,0.0,0.07059444132592796,0.014589318268493462,0.1994724073006849,0.07454673119632456,0.0,0.0,0.009241490213719072,0.11345725348974453,0.0,0.01364258482906728,0.02467759798182164,0.0,0.0,0.032475440507269915,0.0,0.1270998383188118,0.0,0.0,0.2275882181554377,0.01364258482906728,0.0,0.0,0.07897209358362983,0.0,0.0,0.0,0.0,0.0,0.0,0.0,0.0,0.0
2025-12-12,1.1102230246251565e-16,0.0,0.0,0.06933620307402458,0.015766165948626728,0.2023736165781311,0.07454673119632456,0.0,0.0,0.006084886404101856,0.11345725348974453,0.0,0.01364258482906728,0.02600400806933292,0.0,0.0,0.0309897679647729,0.0,0.1270998383188118,0.0,0.0,0.2266180945129194,0.01364258482906728,0.0,0.0,0.08043826478507499,0.0,0.0,0.0,0.0,0.0,0.0,0.0,0.0,0.0
2025-12-19,1.1102230246251565e-16,0.0,0.0,0.07125867521058132,0.01687576947442612,0.2019456340927621,0.07454673119632456,0.0,0.0,0.0038203868124164417,0.11345725348974453,0.0,0.01364258482906728,0.02478798435393582,0.0,0.0,0.03294827228304641,0.0,0.1270998383188118,0.0,0.0,0.22843594495358527,0.01364258482906728,0.0,0.0,0.07753834015623101,0.0,0.0,0.0,0.0,0.0,0.0,0.0,0.0,0.0
2025-12-26,1.1102230246251565e-16,0.0,0.0,0.07319343125866949,0.014665845603206686,0.23798375036261046,0.08041637736715336,0.0,0.0,0.0039821848962711195,0.14230914231374392,0.0,0.01610383001186876,0.02462811218267381,0.0,0.0,0.03118729674887734,0.0,0.08041637736715336,0.0,0.0,0.11868401018969882,0.0,0.0,0.0,0.1764296416980728,0.0,0.0,0.0,0.0,0.0,0.0,0.0,0.0,0.0
2026-01-02,0.0,0.0,0.0,0.070329128983597,0.00866041596208184,0.2324408038576905,0.08041637736715336,0.0,0.0,0.013426862441258616,0.14230914231374392,0.0,0.01610383001186876,0.026808133165177477,0.0,0.0,0.038648512466541954,0.0,0.08041637736715336,0.0,0.0,0.11731542884537642,0.0,0.0,0.0,0.17312498721835673,0.0,0.0,0.0,0.0,0.0,0.0,0.0,0.0,0.0
2026-01-09,1.1102230246251565e-16,0.0,0.0,0.07211951965400618,0.016574791302956426,0.23038200834941736,0.08041637736715336,0.0,0.0,0.012031649577582891,0.14230914231374392,0.0,0.01610383001186876,0.025202846431872157,0.0,0.0,0.04002308635194469,0.0,0.08041637736715336,0.0,0.0,0.11394574394209267,0.0,0.0,0.0,0.17047462733020816,0.0,0.0,0.0,0.0,0.0,0.0,0.0,0.0,0.0
2026-01-16,1.1102230246251565e-16,0.0,0.0,0.07178436927586,0.019124229101732095,0.22938825053719544,0.08041637736715336,0.0,0.0,0.02115464593407519,0.14230914231374392,0.0,0.01610383001186876,0.020224799786680518,0.0,0.0,0.03375135249943714,0.0,0.08041637736715336,0.0,0.0,0.11322071784472132,0.0,0.0,0.0,0.1721059079603788,0.0,0.0,0.0,0.0,0.0,0.0,0.0,0.0,0.0
2026-01-23,2.220446049250313e-16,0.0,0.0,0.07691566191204494,0.014353971195393084,0.22708173572619633,0.08041637736715336,0.0,0.0,0.015289128081223373,0.14230914231374392,0.0,0.01610383001186876,0.025081489291429126,0.0,0.0,0.03473465310877526,0.0,0.08041637736715336,0.0,0.0,0.11891963570749964,0.0,0.0,0.0,0.16837799791751878,0.0,0.0,0.0,0.0,0.0,0.0,0.0,0.0,0.0
2026-01-30,0.0,0.0,0.0,0.07608658612157951,0.10135937300030098,0.2229798022487119,0.08096237212637704,0.0,0.0,0.011255839661440663,0.14253100071852892,0.0,0.014635074281569623,0.02290757240256326,0.0,0.0,0.0375027384031334,0.0,0.08096237212637704,0.0,0.0,0.11579857524876186,0.014635074281569623,0.0,0.0,0.07838361937908617,0.0,0.0,0.0,0.0,0.0,0.0,0.0,0.0,0.0
2026-02-06,0.0,0.0,0.0,0.08579863900041179,0.10461618676180436,0.22233158197769168,0.08096237212637704,0.0,0.0,0.007808553858780494,0.14253100071852892,0.0,0.014635074281569623,0.01579668997741131,0.0,0.0,0.024898345135553765,0.0,0.08096237212637704,0.0,0.0,0.12110107254328026,0.014635074281569623,0.0,0.0,0.0839230372106441,0.0,0.0,0.0,0.0,0.0,0.0,0.0,0.0,0.0
2026-02-13,0.0,0.0,0.0,0.07894797858188694,0.10701116529416828,0.22278375915137752,0.08096237212637704,0.0,0.0,0.019016070448691812,0.14253100071852892,0.0,0.014635074281569623,0.017327978650306088,0.0,0.0,0.024651905105480702,0.0,0.08096237212637704,0.0,0.0,0.11843092502759311,0.014635074281569623,0.0,0.0,0.07810432420607329,0.0,0.0,0.0,0.0,0.0,0.0,0.0,0.0,0.0
2026-02-20,0.0,0.0,0.0,0.08002319700990827,0.10886609141040322,0.22389423729337085,0.08096237212637704,0.0,0.0,0.02444079350732052,0.14253100071852892,0.0,0.014635074281569623,0.007379167181577742,0.0,0.0,0.0225480367112292,0.0,0.08096237212637704,0.0,0.0,0.12000643475734862,0.014635074281569623,0.0,0.0,0.07911614859441932,0.0,0.0,0.0,0.0,0.0,0.0,0.0,0.0,0.0
2026-02-27,0.0,0.0,0.0,0.07545682449755818,0.01119223310673066,0.1491984897033091,0.1331044376613943,0.0,0.0,0.02208250953494937,0.11798603225711492,0.0,0.017064247122356876,0.007274089711738346,0.0,0.0,0.022875399657888654,0.0,0.1331044376613943,0.0,0.0,0.21252786935597875,0.015118405404279367,0.0,0.0,0.0830150243253071,0.0,0.0,0.0,0.0,0.0,0.0,0.0,0.0,0.0
2026-03-06,0.0,0.0,0.0,0.07476519940701422,0.011588288442804446,0.15182506962516082,0.1331044376613943,0.0,0.0,0.02003474812413686,0.11798603225711492,0.0,0.023232377222853602,0.008377048484021852,0.0,0.0,0.02368864674908696,0.0,0.1331044376613943,0.0,0.0,0.2059453108115033,0.015118405404279367,0.0,0.0,0.08122999814923498,0.0,0.0,0.0,0.0,0.0,0.0,0.0,0.0,0.0
2026-03-13,0.0,0.0,0.0,0.07485263108622765,0.01959870229566953,0.15583851445555122,0.1331044376613943,0.0,0.0,0.02216241193997389,0.11798603225711492,0.0,0.01705034367465149,0.005216578234635799,0.0,0.0,0.025646836238388766,0.0,0.1331044376613943,0.0,0.0,0.20361803469990097,0.015118405404279367,0.0,0.0,0.07670263439081773,0.0,0.0,0.0,0.0,0.0,0.0,0.0,0.0,0.0
2026-03-20,0.0,0.0,0.0,0.08139070532795371,0.027712689034846114,0.15344100851125728,0.1331044376613943,0.0,0.0,0.020215671176198238,0.11798603225711492,0.0,0.015118405404279367,0.0,0.0,0.0,0.019029615932006555,0.0,0.1331044376613943,0.0,0.0,0.2055935240370647,0.015118405404279367,0.0,0.0,0.07818506759221108,0.0,0.0,0.0,0.0,0.0,0.0,0.0,0.0,0.0
2026-03-27,0.10000000000000009,0.0,0.0,0.13147025850804558,0.07520644289565077,0.14102956620920193,0.18946278731169539,0.0,0.0,0.013736993551673089,0.15752548214233242,0.0,0.03343793578019972,0.0,0.0,0.0,0.0076426480997342765,0.0,0.0,0.0,0.0,0.07276913788640586,0.0,0.0,0.0,0.07771874761506094,0.0,0.0,0.0,0.0,0.0,0.0,0.0,0.0,0.0
2026-04-03,0.10000000000000009,0.0,0.0,0.1361513586047953,0.07782706770921166,0.14290686349515164,0.18946278731169539,0.0,0.0,0.011256670759321168,0.15752548214233242,0.0,0.035400777681808535,0.0,0.0,0.0,0.0,0.0,0.0,0.0,0.0,0.0742737477824088,0.0,0.0,0.0,0.07519524451327508,0.0,0.0,0.0,0.0,0.0,0.0,0.0,0.0,0.0
2026-04-10,0.0,0.0,0.0,0.20572137450787203,0.06502002343285562,0.14621747602545496,0.047716183482702006,0.0,0.0,0.032616030498229864,0.11613547622321269,0.0,0.06258065533098314,0.02848534438423696,0.0,0.0,0.018213645073502423,0.0,0.047716183482702006,0.0,0.0,0.20443062655403083,0.012573490502108736,0.0,0.0,0.012573490502108736,0.0,0.0,0.0,0.0,0.0,0.0,0.0,0.0,0.0
