,BIL,DBA,EEM,EFA,EWJ,GLD,HYG,IAU,IEF,IWM,LQD,MBB,PDBC,QQQ,SHY,SLV,SPY,TIP,TLT,USO,UUP,VEA,VNQ,VTV,VUG,VWO,XLB,XLE,XLF,XLI,XLK,XLP,XLU,XLV,XLY
2005-01-14,0.6073014124949796,0.0,0.0,0.0,0.0,0.06309235941494157,0.0015879572543827385,0.0,0.08527258813514818,0.0,0.023381455727432193,0.0,0.0,0.0,0.11369678418019757,0.0,0.03410903525405927,0.04547871367207903,0.026079693866779594,0.0,0.0,0.0,0.0,0.0,0.0,0.0,0.0,0.0,0.0,0.0,0.0,0.0,0.0,0.0,0.0
2005-01-21,0.6097676452964793,0.0,0.0,0.0,0.0,0.06235641778273248,0.0015879572543827502,0.0,0.08527258813514818,0.0,0.021560563257664943,0.0,0.0,0.0,0.11369678418019757,0.0,0.03410903525405927,0.04547871367207903,0.02617029516725625,0.0,0.0,0.0,0.0,0.0,0.0,0.0,0.0,0.0,0.0,0.0,0.0,0.0,0.0,0.0,0.0
2005-01-28,0.6101625624248633,0.0,0.0,0.0,0.0,0.06231253810180093,0.0015879572543827502,0.0,0.08527258813514818,0.0,0.020902368043691652,0.0,0.0,0.0,0.11369678418019757,0.0,0.03410903525405927,0.04547871367207903,0.02647745293377713,0.0,0.0,0.0,0.0,0.0,0.0,0.0,0.0,0.0,0.0,0.0,0.0,0.0,0.0,0.0,0.0
2005-02-04,0.6103790886007261,0.0,0.0,0.0,0.0,0.06224966681100107,0.001603384434757213,0.0,0.08527258813514818,0.0,0.020632584910893415,0.0,0.0,0.0,0.11369678418019757,0.0,0.03410903525405927,0.04547871367207903,0.026578154001138016,0.0,0.0,0.0,0.0,0.0,0.0,0.0,0.0,0.0,0.0,0.0,0.0,0.0,0.0,0.0,0.0
2005-02-11,0.6104868409397918,0.0,0.0,0.0,0.0,0.06220842997739694,0.0016150163220985427,0.0,0.08527258813514818,0.0,0.020521681204370694,0.0,0.0,0.0,0.11369678418019757,0.0,0.03410903525405927,0.04547871367207903,0.02661091031485779,0.0,0.0,0.0,0.0,0.0,0.0,0.0,0.0,0.0,0.0,0.0,0.0,0.0,0.0,0.0,0.0
2005-02-18,0.6105335998783991,0.0,0.0,0.0,0.0,0.062190251224905804,0.0016201768825823853,0.0,0.08527258813514818,0.0,0.020474221520977547,0.0,0.0,0.0,0.11369678418019757,0.0,0.03410903525405927,0.04547871367207903,0.026624629251650968,0.0,0.0,0.0,0.0,0.0,0.0,0.0,0.0,0.0,0.0,0.0,0.0,0.0,0.0,0.0,0.0
2005-02-25,0.5551395353569354,0.0,0.0,0.0,0.0,0.07616031395009926,0.0016450564420676292,0.0,0.08527258813514818,0.0,0.03432560271227965,0.0,0.0,0.013584650134930907,0.11369678418019757,0.0,0.03410903525405927,0.04547871367207903,0.0405877201622029,0.0,0.0,0.0,0.0,0.0,0.0,0.0,0.0,0.0,0.0,0.0,0.0,0.0,0.0,0.0,0.0
2005-03-04,0.5557563491812822,0.0,0.0,0.0,0.0,0.0759631409629675,0.0016385038326381554,0.0,0.08527258813514818,0.0,0.03415882018440372,0.0,0.0,0.013522645025323986,0.11369678418019757,0.0,0.03410903525405927,0.04547871367207903,0.04040341957190026,0.0,0.0,0.0,0.0,0.0,0.0,0.0,0.0,0.0,0.0,0.0,0.0,0.0,0.0,0.0,0.0
2005-03-11,0.5673153124013192,0.0,0.0,0.0,0.0,0.07749978058230253,0.0017897321834964082,0.0,0.07848120882480333,0.0,0.037776690391706585,0.0,0.0,0.014859518128445114,0.10464161176640445,0.0,0.031392483529921335,0.04185664470656179,0.044387017485039114,0.0,0.0,0.0,0.0,0.0,0.0,0.0,0.0,0.0,0.0,0.0,0.0,0.0,0.0,0.0,0.0
2005-03-18,0.6089018073022175,0.0,0.0,0.0,0.0,0.059667116676907245,0.006849648625317076,0.0,0.07461978390030455,0.0,0.04876838002806225,0.0,0.0,0.006518647758926844,0.09949304520040607,0.0,0.02984791356012182,0.039797218080162435,0.02553643886757404,0.0,0.0,0.0,0.0,0.0,0.0,0.0,0.0,0.0,0.0,0.0,0.0,0.0,0.0,0.0,0.0
2005-03-25,0.6126852014477011,0.0,0.0,0.0,0.0,0.053983134852906414,0.007056729261393767,0.0,0.07457004806998367,0.0,0.05348396983558514,0.0,0.0,0.005839039470394627,0.09942673075997824,0.0,0.02982801922799347,0.039770692303991294,0.02335643477007223,0.0,0.0,0.0,0.0,0.0,0.0,0.0,0.0,0.0,0.0,0.0,0.0,0.0,0.0,0.0,0.0
2005-04-01,0.6036575406765932,0.0,0.0,0.0,0.0,0.054227206693737054,0.0073601375833716835,0.0,0.07760637688638256,0.0,0.05260373272138283,0.0,0.0,0.005667350330709902,0.10347516918184341,0.0,0.03104255075455302,0.04139006767273737,0.022969867498688804,0.0,0.0,0.0,0.0,0.0,0.0,0.0,0.0,0.0,0.0,0.0,0.0,0.0,0.0,0.0,0.0
2005-04-08,0.6067386728958576,0.0,0.0,0.0,0.0,0.053791781218017,0.007714620724622737,0.0,0.07627539668962119,0.0,0.053955883673622376,0.0,0.0,0.005637157520257948,0.10170052891949492,0.0,0.030510158675848477,0.040680211567797976,0.022995588114859696,0.0,0.0,0.0,0.0,0.0,0.0,0.0,0.0,0.0,0.0,0.0,0.0,0.0,0.0,0.0,0.0
2005-04-15,0.607039358663771,0.0,0.0,0.0,0.0,0.05367713146735224,0.007798852787023093,0.0,0.07610400376478997,0.0,0.054399357594358946,0.0,0.0,0.005629858407826667,0.10147200501971995,0.0,0.030441601505915985,0.04058880200788799,0.022849028781353913,0.0,0.0,0.0,0.0,0.0,0.0,0.0,0.0,0.0,0.0,0.0,0.0,0.0,0.0,0.0,0.0
2005-04-22,0.6071183247900402,0.0,0.0,0.0,0.0,0.05351748929436709,0.00785337476598777,0.0,0.07616908955004284,0.0,0.05444313964142733,0.0,0.0,0.0055970045565926765,0.10155878606672379,0.0,0.030467635820017137,0.04062351442668952,0.0226516410881114,0.0,0.0,0.0,0.0,0.0,0.0,0.0,0.0,0.0,0.0,0.0,0.0,0.0,0.0,0.0,0.0
2005-04-29,0.6016199263223881,0.0,0.0,0.0,0.0,0.058953526100640335,0.00792333140688701,0.0,0.07617718031498659,0.0,0.05455311798158577,0.0,0.0,0.0,0.10156957375331546,0.0,0.030470872125994634,0.040627829501326186,0.02252130324616404,0.0,0.0,0.0,0.005583339246711642,0.0,0.0,0.0,0.0,0.0,0.0,0.0,0.0,0.0,0.0,0.0,0.0
2005-05-06,0.6082810363616783,0.0,0.0,0.0,0.0,0.0586665763692577,0.008228904108602268,0.0,0.07327381507190393,0.0,0.056550052066820344,0.0,0.0,0.0,0.0976984200958719,0.0,0.029309526028761572,0.039079368038348765,0.023157909763889477,0.0,0.0,0.0,0.0057543920948655795,0.0,0.0,0.0,0.0,0.0,0.0,0.0,0.0,0.0,0.0,0.0,0.0
2005-05-13,0.6027023408615214,0.0,0.0,0.0,0.0,0.058536425125744876,0.007911582726261301,0.0,0.07623959689556775,0.0,0.054148582387715805,0.0,0.0,0.0,0.101652795860757,0.0,0.030495838758227096,0.0406611183443028,0.022148991217345322,0.0,0.0,0.0,0.005502727822556364,0.0,0.0,0.0,0.0,0.0,0.0,0.0,0.0,0.0,0.0,0.0,0.0
2005-05-20,0.61762920457195,0.0,0.0,0.0,0.0,0.05811977768740699,0.009050335221285063,0.0,0.06875060855062545,0.0,0.06016214060611183,0.0,0.0,0.0,0.0916674780675006,0.0,0.02750024342025018,0.03666699122700024,0.024429489169465156,0.0,0.0,0.0,0.006023731478404298,0.0,0.0,0.0,0.0,0.0,0.0,0.0,0.0,0.0,0.0,0.0,0.0
2005-05-27,0.6181226297409581,0.0,0.0,0.0,0.0,0.0579509986864513,0.009052436512186858,0.0,0.06876674010043803,0.0,0.05981376131439092,0.0,0.0,0.0,0.09168898680058404,0.0,0.02750669604017521,0.03667559472023362,0.024406028335588713,0.0,0.0,0.0,0.006016127748993091,0.0,0.0,0.0,0.0,0.0,0.0,0.0,0.0,0.0,0.0,0.0,0.0
2005-06-03,0.6170361860236029,0.0,0.0,0.0,0.0,0.05817902991568444,0.009152802014033104,0.0,0.06876674010043803,0.0,0.060263152211156926,0.0,0.0,0.0,0.09168898680058404,0.0,0.02750669604017521,0.03667559472023362,0.02465614878258902,0.0,0.0,0.0,0.006074663391502519,0.0,0.0,0.0,0.0,0.0,0.0,0.0,0.0,0.0,0.0,0.0,0.0
2005-06-10,0.6227934617787123,0.0,0.0,0.0,0.0,0.05778554676628522,0.009516560933296342,0.0,0.0663460504452656,0.0,0.06131180634042489,0.0,0.0,0.0,0.08846140059368748,0.0,0.02653842017810624,0.03538456023747499,0.025571486186283025,0.0,0.0,0.0,0.006290706540463693,0.0,0.0,0.0,0.0,0.0,0.0,0.0,0.0,0.0,0.0,0.0,0.0
2005-06-17,0.622904191881797,0.0,0.0,0.0,0.0,0.057595619556075874,0.00965681391809314,0.0,0.0663460504452656,0.0,0.060980094580657576,0.0,0.0,0.0,0.08846140059368748,0.0,0.02653842017810624,0.03538456023747499,0.02580549077767852,0.0,0.0,0.0,0.006327357831163469,0.0,0.0,0.0,0.0,0.0,0.0,0.0,0.0,0.0,0.0,0.0,0.0
2005-06-24,0.526606643096831,0.0,0.0,0.01625367841166478,0.0,0.07376442398269827,0.007988336807561754,0.0,0.07529510427582611,0.0,0.05278568761880907,0.0,0.0,0.0,0.10039347236776815,0.0,0.046371720121995225,0.04015738894710726,0.03853119738772974,0.0,0.0,0.0,0.021852346982008407,0.0,0.0,0.0,0.0,0.0,0.0,0.0,0.0,0.0,0.0,0.0,0.0
2005-07-01,0.5297112596173071,0.0,0.0,0.016802073778036344,0.0,0.07450356768369577,0.007964220542342044,0.0,0.07264371849950735,0.0,0.05477360663791098,0.0,0.0,0.0,0.09685829133267647,0.0,0.045859561177839285,0.038743316533070594,0.03954704787514551,0.0,0.0,0.0,0.02259333632246826,0.0,0.0,0.0,0.0,0.0,0.0,0.0,0.0,0.0,0.0,0.0,0.0
2005-07-08,0.5294931967329353,0.0,0.0,0.01678522421229301,0.0,0.07475637056558906,0.0077319040951893524,0.0,0.07276857757062626,0.0,0.054874129493137164,0.0,0.0,0.0,0.09702477009416835,0.0,0.04589265524054351,0.03880990803766734,0.039289909252907894,0.0,0.0,0.0,0.02257335470494254,0.0,0.0,0.0,0.0,0.0,0.0,0.0,0.0,0.0,0.0,0.0,0.0
2005-07-15,0.532326037125926,0.0,0.004013770387817129,0.01726063193440684,0.0,0.07535304318285677,0.0,0.0,0.07052561505123149,0.0,0.04300071850598689,0.0,0.0,0.0,0.09403415340164198,0.0,0.04565535702145436,0.037613661360656796,0.0381864630266858,0.0,0.0,0.0,0.02320431543162574,0.0,0.0019683741389637244,0.0,0.0,0.0,0.0,0.0,0.0,0.0,0.01685785943074625,0.0,0.0
2005-07-22,0.5318098279726395,0.0,0.005577112522383014,0.01804311311400525,0.0,0.07588756346162993,0.0,0.0,0.0704635152152408,0.0,0.04254205714969634,0.0,0.0,0.0,0.09395135362032107,0.0,0.04788505476861172,0.03758054144812843,0.0384520174870631,0.0,0.0,0.0,0.023976224643932245,0.0,0.0033503732199730526,0.0,0.0,0.0,0.0,0.0,0.0,0.0,0.010481245376375261,0.0,0.0
2005-07-29,0.5265932921179626,0.0,0.005920578893583529,0.021451656388467473,0.0,0.05785329714882434,0.0,0.0,0.0752555332038863,0.0,0.03970962214640163,0.0,0.0,0.0,0.10034071093851507,0.0,0.05284167070948796,0.04013628437540603,0.04055986246289854,0.0,0.0,0.0,0.027026549612494614,0.0,0.0036482431992034387,0.0,0.0,0.0,0.0,0.0,0.0,0.0,0.008662698802868275,0.0,0.0
2005-08-05,0.5309605013111554,0.0,0.005655644192417009,0.02245881817383303,0.0,0.05814721381189186,0.0,0.0,0.07097246411513214,0.0,0.04287035310533619,0.0,0.0,0.0,0.09462995215350951,0.0,0.05084780381988588,0.03785198086140381,0.042607432254635265,0.0,0.0,0.0,0.02836616812008709,0.0,0.004422935321331336,0.0,0.0,0.0,0.0,0.0,0.0026482438889002835,0.0,0.007560488870481021,0.0,0.0
2005-08-12,0.5329343482900222,0.0,0.005574088183912621,0.025262068783256996,0.0,0.05920212201364724,0.0,0.0,0.06539142963237352,0.0,0.047822306364877894,0.0,0.0,0.0,0.08718857284316468,0.0,0.05284154500316021,0.03487542913726588,0.046319976386916914,0.0,0.0,0.0,0.03172037108614369,0.0,0.003066571849998171,0.0,0.0,0.0,0.0,0.0,0.0,0.0,0.007801170425259727,0.0,0.0
2005-08-19,0.5332759827694485,0.0,0.0,0.016229711889314838,0.0,0.06475987667926456,0.0021786754545473157,0.0,0.07998332068006733,0.0,0.038816010714543644,0.0,0.0,0.0,0.10664442757342311,0.0,0.04822304016134177,0.04265777102936925,0.042373890149378673,0.0,0.0,0.0,0.024857292899300786,0.0,0.0,0.0,0.0,0.0,0.0,0.0,0.0,0.0,0.0,0.0,0.0
2005-08-26,0.5325873336361998,0.0,0.0,0.009630255291813704,0.0,0.07413614054244778,0.002626337909045158,0.0,0.08281979810466376,0.0,0.0381160472275994,0.0,0.0,0.0,0.11042639747288503,0.0,0.04275817453367921,0.044170558989154014,0.03520648475087769,0.0,0.0,0.0,0.017892216249820476,0.0,0.0,0.009630255291813704,0.0,0.0,0.0,0.0,0.0,0.0,0.0,0.0,0.0
2005-09-02,0.5327972384806132,0.0,0.0,0.00956673540256235,0.0,0.07419485613797622,0.0027545365308955473,0.0,0.08253966704444395,0.0,0.03859067618741707,0.0,0.0,0.0,0.11005288939259192,0.0,0.042582602220339924,0.04402115575703677,0.035442522012531556,0.0,0.0,0.0,0.01789038543102886,0.0,0.0,0.00956673540256235,0.0,0.0,0.0,0.0,0.0,0.0,0.0,0.0,0.0
2005-09-09,0.5359975233654208,0.0,0.0,0.009990056560428864,0.0,0.07489621486965709,0.0028901607357228543,0.0,0.07963141979510788,0.0,0.04036774661484949,0.0,0.0,0.0,0.10617522639347717,0.0,0.04184262447847201,0.042470090557390865,0.037055663040610025,0.0,0.0,0.0,0.01869321702843385,0.0,0.0,0.009990056560428864,0.0,0.0,0.0,0.0,0.0,0.0,0.0,0.0,0.0
2005-09-16,0.5284271346001987,0.0,0.003163297503564595,0.01521186764968516,0.0,0.07622941317281257,0.0,0.0,0.07337374998441937,0.0,0.039779363862990996,0.0,0.0,0.0012382019256276396,0.09783166664589249,0.0,0.04456136764345291,0.039132666658357,0.03734412383138519,0.0,0.0,0.0,0.021980413580452524,0.0,0.0,0.01782387273897959,0.0,0.0,0.0,0.0,0.0,0.0,0.0039028602021810217,0.0,0.0
2005-09-23,0.5297641912747734,0.0,0.003164580853913448,0.016084642169416435,0.0,0.07688184446323394,0.0,0.0,0.07051145623790309,0.0,0.04449188951925426,0.0,0.0,0.0,0.09401527498387079,0.0,0.04428922466457767,0.03760610999354832,0.03670546550613006,0.0,0.0,0.0,0.022614483578129493,0.0,0.0,0.018626074134295123,0.0,0.0,0.0,0.0,0.0014757963163672355,0.0,0.003768966304586548,0.0,0.0
2005-09-30,0.5311407667014956,0.0,0.0,0.011103594664161134,0.0,0.07595537602476064,0.001857043342366112,0.0,0.08053917841579754,0.0,0.03811381183912996,0.0,0.0,0.0,0.10738557122106338,0.0,0.04331926603048014,0.04295422848842535,0.03683073796054964,0.0,0.0,0.0,0.019696830647609194,0.0,0.0,0.011103594664161134,0.0,0.0,0.0,0.0,0.0,0.0,0.0,0.0,0.0
2005-10-07,0.5322338143849187,0.0,0.0,0.009746334277774875,0.0,0.07437207523004766,0.0026073832603643434,0.0,0.08255807589466722,0.0,0.0383227495211718,0.0,0.0,0.0,0.11007743452622296,0.0,0.042769564635641764,0.044030973810489184,0.03546784133594238,0.0,0.0,0.0,0.018067418844984015,0.0,0.0,0.009746334277774875,0.0,0.0,0.0,0.0,0.0,0.0,0.0,0.0,0.0
2005-10-14,0.5381568424501633,0.0,0.0,0.01490958266799932,0.0,0.07752909793470031,0.004740495694024341,0.0,0.06631616792893148,0.0,0.05476149799232532,0.0,0.0,0.0,0.0884215572385753,0.0,0.041436049839571915,0.03536862289543012,0.04106915062738594,0.0,0.0,0.0,0.022381352062893142,0.0,0.0,0.01490958266799932,0.0,0.0,0.0,0.0,0.0,0.0,0.0,0.0,0.0
2005-10-21,0.5339753566404308,0.0,0.0,0.0102153806428133,0.0,0.07573808136085315,0.0026359459598493708,0.0,0.07911977285951377,0.0,0.04422119623036895,0.0,0.0,0.0,0.1054930304793517,0.0,0.04186328978661881,0.042197212191740684,0.03561577529104732,0.0,0.0,0.0,0.01870957791459861,0.0,0.0,0.0102153806428133,0.0,0.0,0.0,0.0,0.0,0.0,0.0,0.0,0.0
2005-10-28,0.5365846776986516,0.0,0.0054471996582220565,0.015601833515541771,0.0,0.07742882248534881,0.0,0.0,0.07385771325330852,0.0,0.042065954627816135,0.0,0.0,0.001501035116447024,0.09847695100441137,0.0,0.029543085301323407,0.039390780401764545,0.03741402163195176,0.0,0.0,0.0,0.022176635370654035,0.0,0.0,0.020377127810058147,0.0,0.0,0.0001341621245005107,0.0,0.0,0.0,0.0,0.0,0.0
2005-11-04,0.5293032853415498,0.0,0.005303463022264498,0.01715696646450844,0.0,0.0779889823551235,0.0,0.0,0.07534138213036626,0.0,0.04223541403267626,0.0,0.0,0.0,0.10045517617382167,0.0,0.0301365528521465,0.04018207046952867,0.03639462132525434,0.0,0.0,0.0,0.023196879182313043,0.0,0.0,0.022305206650446677,0.0,0.0,0.0,0.0,0.0,0.0,0.0,0.0,0.0
2005-11-11,0.5276038045521612,0.0,0.0054013248441095296,0.017851323790972415,0.0,0.07753905244176293,0.0,0.0,0.07500230831868909,0.0,0.042355510352755546,0.0,0.0,0.0017038743019204337,0.10000307775825212,0.0,0.030000923327475636,0.04000123110330085,0.03610053052152608,0.0,0.0,0.0,0.02367911519536456,0.0,0.0004823201007110975,0.022275603390998412,0.0,0.0,0.0,0.0,0.0,0.0,0.0,0.0,0.0
2005-11-18,0.5302869735252748,0.0,0.003754755327655516,0.016037476949571625,0.0,0.07751412172339225,0.0,0.0,0.07644423059495548,0.0,0.04005684876777528,0.0,0.0,0.002028498330780801,0.10192564079327397,0.0,0.03057769223798219,0.04077025631730959,0.036964666916476596,0.0,0.0,0.0,0.022520071118116103,0.0,0.0,0.019180210736341907,0.0,0.0,0.0019385566610937263,0.0,0.0,0.0,0.0,0.0,0.0
2005-11-25,0.5284149593604799,0.0,0.0026614392182931065,0.01353648436403397,0.0,0.07838727397693178,0.0,0.0,0.08000790781868872,0.0,0.03798555510339892,0.0,0.0,0.0012223337139625461,0.10667721042491829,0.0,0.045539647491509454,0.04267088416996732,0.024144169821901172,0.0,0.0,0.0,0.02188118168533275,0.0,0.0,0.015843894931647118,0.0,0.0,0.0010270579189346231,0.0,0.0,0.0,0.0,0.0,0.0
2005-12-02,0.5334950047932181,0.0,0.0027026339402840237,0.014358140000445278,0.0,0.07975491138362781,0.0,0.0,0.0750320457497232,0.0,0.04004208235172303,0.0,0.0,0.0,0.1000427276662976,0.0,0.04437095830033456,0.040017091066519045,0.026682783453122777,0.0,0.0,0.0,0.02353953491591785,0.0,0.0008768204749887321,0.017092242824792395,0.0,0.0,0.001993023079005372,0.0,0.0,0.0,0.0,0.0,0.0
2005-12-09,0.5310326786664388,0.0,0.002430441007528825,0.013042564146477599,0.0,0.07736943634864243,0.0,0.0,0.08000790781868872,0.0,0.03620892229020012,0.0,0.0,0.0017015862832137703,0.10667721042491829,0.0,0.04504572727395308,0.04267088416996732,0.02484377784917627,0.0,0.0,0.0,0.02151574816686063,0.0,0.0,0.015509752216318092,0.0,0.0,0.00194336333761585,0.0,0.0,0.0,0.0,0.0,0.0
2005-12-16,0.5309534889188912,0.0,0.0027234302144452955,0.013015028995544974,0.0,0.07714679592966198,0.0,0.0,0.08006959458808122,0.0,0.035751020939462634,0.0,0.0,0.0017743399970140726,0.10675945945077496,0.0,0.04504286683077746,0.042703783780309985,0.02496094041582482,0.0,0.0,0.0,0.021479720302511916,0.0,0.0,0.015566467357245789,0.0,0.0,0.002053062279453507,0.0,0.0,0.0,0.0,0.0,0.0
2005-12-23,0.5355019198292015,0.0,0.004346100114094946,0.015831674281666264,0.0,0.07543857727375516,0.0,0.0,0.07451761779430874,0.0,0.0363404312021164,0.0,0.0,0.0035939954295010285,0.09935682372574499,0.0,0.045638721399389764,0.039742729490298,0.0230245080590694,0.0,0.0,0.0,0.022557688967062034,0.0,0.0,0.0203192837818204,0.0,0.0,0.003789928651971178,0.0,0.0,0.0,0.0,0.0,0.0
2005-12-30,0.5376597289712055,0.0,0.0027208458627525104,0.012035339919274258,0.0,0.07576641674052614,0.0,0.0,0.07800651385036131,0.0,0.03596754279944156,0.0,0.0,0.0018915384333406107,0.10400868513381507,0.0,0.04323794545941878,0.04160347405352603,0.03767433569744774,0.0,0.0,0.0,0.012035339919274258,0.0,0.0,0.014956554268594286,0.0,0.0,0.0024357388910215766,0.0,0.0,0.0,0.0,0.0,0.0
2006-01-06,0.5377090043673183,0.0,0.002786482481489299,0.011097961820626947,0.0,0.07510961249899378,0.0,0.0,0.08012461729863717,0.0,0.03544030245677471,0.0,0.0,0.0017824493577972022,0.10683282306484955,0.0,0.04314780874008181,0.042733129225939824,0.036143922361603166,0.0,0.0,0.0,0.011097961820626947,0.0,0.0,0.014283404998776313,0.0,0.0,0.0017105195064847235,0.0,0.0,0.0,0.0,0.0,0.0
2006-01-13,0.5249816516799213,0.0,0.0,0.02871413969459747,0.0,0.06690795141507573,0.0015456585139215987,0.0,0.08678185138682022,0.0,0.02211740172357148,0.0,0.0,0.0,0.11570913518242695,0.0,0.04677856216376021,0.04628365407297078,0.03082896650565406,0.0,0.0,0.0,0.006180529963077934,0.0,0.011057603386916626,0.006180529963077934,0.0,0.0,0.005932364348207469,0.0,0.0,0.0,0.0,0.0,0.0
2006-01-20,0.5377411842940422,0.0,0.0,0.004613034791913556,0.0,0.07462399226063623,0.0014714273729872986,0.0,0.08872193855753753,0.0,0.02556892768316644,0.0,0.0,0.0,0.1182959180767167,0.0,0.04102183786747942,0.047318367230686685,0.040606644210608514,0.0,0.0,0.0,0.004613034791913556,0.0,0.005718475838353958,0.004613034791913556,0.0,0.0,0.005072182232044117,0.0,0.0,0.0,0.0,0.0,0.0
2006-01-27,0.5271499610813449,0.0,0.007323738828551909,0.03736417496451214,0.0,0.061992499682920935,0.0,0.0,0.07345016093751289,0.0,0.01751260952170447,0.0,0.0,0.0006671088729111341,0.09793354791668385,0.0,0.049757205577159916,0.039173419166673544,0.027256915381222463,0.0,0.0,0.0,0.016559260792387533,0.0,0.02764873337751829,0.015668159166471046,0.0,0.0,0.0005425047324246781,0.0,0.0,0.0,0.0,0.0,0.0
2006-02-03,0.5358761829270048,0.0,0.006015580106829721,0.017489595010084978,0.0,0.0671596514862671,0.0,0.0,0.07042429886854736,0.0,0.020525593203460646,0.0,0.0,0.0007067124523248732,0.09389906515806315,0.0,0.04488338483068094,0.037559626063225264,0.03645042740159676,0.0,0.0,0.0,0.017489595010084978,0.0,0.03484509938664991,0.016675188095179268,0.0,0.0,0.0,0.0,0.0,0.0,0.0,0.0,0.0
2006-02-10,0.5344640169143736,0.0,0.005725528468405542,0.017629219331780674,0.0,0.06737926549513548,0.0,0.0,0.07125516745262021,0.0,0.02011133880189011,0.0,0.0,0.0,0.09500688993682696,0.0,0.045717840245020666,0.03800275597473079,0.03642477986993338,0.0,0.0,0.0,0.017629219331780674,0.0,0.03346224595972698,0.017191732217774654,0.0,0.0,0.0,0.0,0.0,0.0,0.0,0.0,0.0
2006-02-17,0.5338564660594096,0.0,0.005506924853339703,0.017745725435917917,0.0,0.06752527094215174,0.0,0.0,0.07140101126696458,0.0,0.019962603251596073,0.0,0.0,0.0,0.09520134835595277,0.0,0.046079080030139136,0.03808053934238111,0.036613036011016536,0.0,0.0,0.0,0.017745725435917917,0.0,0.03293107017530676,0.01735119883990585,0.0,0.0,0.0,0.0,0.0,0.0,0.0,0.0,0.0
2006-02-24,0.5099162414901509,0.0,0.005118512869929861,0.02630553989697873,0.009412561505018256,0.0721561362330557,0.0,0.0,0.0750937325191157,0.0,0.024005360352396293,0.0,0.0,0.0,0.10012497669215428,0.0,0.04243893192721993,0.04004999067686171,0.03055945242649439,0.0,0.0,0.0,0.01689297839196046,0.0,0.031263018255059574,0.016190158753496706,0.0,0.0,0.0,0.0,0.0,0.0,0.00047240801010719525,0.0,0.0
2006-03-03,0.5127650851840119,0.0,0.005485544035752288,0.027686386273131875,0.009887187389607258,0.07282968408336692,0.0,0.0,0.07133205748923702,0.0,0.02520441394449196,0.0,0.0,0.0,0.09510940998564936,0.0,0.04165954360056369,0.038043763994259745,0.032142304741490636,0.0,0.0,0.0,0.017799198883524582,0.0,0.03279380653746977,0.017261613857442723,0.0,0.0,0.0,0.0,0.0,0.0,0.0,0.0,0.0
2006-03-10,0.5144051451994255,0.0,0.005190798467083221,0.0274877953542323,0.009798889841722903,0.07251033479511267,0.0,0.0,0.07140101126696458,0.0,0.02496549633824638,0.0,0.0,0.0,0.09520134835595277,0.0,0.0416846761452347,0.03808053934238111,0.03191031785160208,0.0,0.0,0.0,0.017688905512509366,0.0,0.03244562324193179,0.01722911828760036,0.0,0.0,0.0,0.0,0.0,0.0,0.0,0.0,0.0
2006-03-17,0.5187520840173343,0.0,0.0038145527332203856,0.0284618979831188,0.010102768276935903,0.08442514890187394,0.0,0.0,0.06974223641813745,0.0,0.04233759914038737,0.0,0.0,0.0,0.09298964855751661,0.0,0.04176248614236694,0.03719585942300665,0.03307170379589682,0.0,0.0,0.0,0.018359129706182864,0.0,0.0,0.018176506928874365,0.0,0.0,0.0008083779751472653,0.0,0.0,0.0,0.0,0.0,0.0
2006-03-24,0.5110767572319794,0.0,0.003696890638584689,0.027389642705117144,0.009702912670248497,0.07279777538597584,0.0,0.0,0.07276809848710297,0.0,0.024654183427910897,0.0,0.0,0.0,0.0970241313161373,0.0,0.042608816242576925,0.03880965252645492,0.031865781823714086,0.0,0.0,0.0,0.017686730034868633,0.0,0.011149706490960424,0.01744460887532729,0.0,0.0,0.021324312143040574,0.0,0.0,0.0,0.0,0.0,0.0
2006-03-31,0.4993027793980909,0.0,0.0036227080193750516,0.030618035135144377,0.0,0.07965097578833957,0.0,0.0,0.06988808023248183,0.0,0.028930285336127216,0.0,0.0,0.0,0.09318410697664244,0.0,0.0481551928260059,0.03727364279065697,0.032383480329794836,0.0,0.0,0.0,0.021324135616691327,0.0,0.009033928530393063,0.02500657535706182,0.0,0.0,0.021626073663194384,0.0,0.0,0.0,0.0,0.0,0.0
2006-04-07,0.5003654503797181,0.0,0.003564911083287241,0.028032680149141186,0.0,0.07743014990573498,0.0,0.0,0.07516652850834388,0.0,0.026518134297065017,0.0,0.0,0.0,0.10022203801112517,0.0,0.04578125758577778,0.04008881520445007,0.029701392317786263,0.0,0.0,0.0,0.019524781737653277,0.0,0.030193447953382295,0.023148471577898476,0.0,0.0,0.0,0.0,0.00026194128863604586,0.0,0.0,0.0,0.0
2006-04-14,0.49879644463620576,0.0,0.0032312648940703123,0.026792707135507937,0.0,0.07657145788749843,0.0,0.0,0.07836049402558527,0.0,0.025310779008085513,0.0,0.0,0.0,0.10448065870078035,0.0,0.05756601745215484,0.04179226348031215,0.028341049413603568,0.0,0.0,0.0,0.018652126068740678,0.0,0.017620215302464947,0.022436361416613815,0.0,0.0,0.0,0.0,4.8160578376162596e-05,0.0,0.0,0.0,0.0
2006-04-21,0.5028509736835288,0.0,0.0036297768762975167,0.03007589144440461,0.0,0.08995072696579726,0.0,0.0,0.07200618368075769,0.0,0.0441700216079363,0.0,0.0,0.0,0.09600824490767693,0.0,0.04577857528884949,0.03840329796307077,0.0314845619571333,0.0,0.0,0.0,0.02087768645407479,0.0,0.0,0.024268722382464095,0.0,0.0,0.0004953367880082408,0.0,0.0,0.0,0.0,0.0,0.0
2006-04-28,0.49652045875145134,0.0,0.0033207244269930266,0.02721948793744236,0.0,0.07712997344330175,0.0,0.0,0.07819239057730941,0.0,0.025636792254040357,0.0,0.0,0.0,0.10425652076974587,0.0,0.04658154107950323,0.041702608307898355,0.01677887938129028,0.0,0.0,0.0,0.018925336231547858,0.0,0.01625258967110854,0.034021832064846665,0.0,0.0,0.013460865103520792,0.0,0.0,0.0,0.0,0.0,0.0
2006-05-05,0.4923950362683579,0.0,0.0031586973856700716,0.0469520965127769,0.0,0.0830832490654493,0.0,0.0,0.07836049402558527,0.0,0.038395716321494036,0.0,0.0,0.0,0.10448065870078035,0.0,0.04680587991233619,0.04179226348031215,0.010425079033235665,0.0,0.0,0.0,0.01910269281459917,0.0,0.0,0.03504813647940282,0.0,0.0,0.0,0.0,0.0,0.0,0.0,0.0,0.0
2006-05-12,0.4877413390654164,0.0,0.003078236694438762,0.046802348739417854,0.0,0.07321552818140553,0.0,0.0,0.07828069205364566,0.0,0.02374123753343305,0.0,0.0,0.0,0.10437425607152755,0.0,0.04659678504676956,0.04174970242861102,0.010499406911860193,0.0,0.0,0.0,0.019046802132160076,0.0,0.0,0.03461542979144489,0.0,0.0,0.030258235349869343,0.0,0.0,0.0,0.0,0.0,0.0
2006-05-19,0.490180936873381,0.0,0.0034086581613438013,0.044842642061177,0.0,0.07222847506892432,0.0,0.0,0.07988990666641888,0.0,0.022914457086712133,0.0,0.0,0.0,0.10651987555522517,0.0,0.04641590836024925,0.042607950222090074,0.010229901556237276,0.0,0.0,0.0,0.018239259311425067,0.0,0.0,0.033948883264003235,0.0,0.0,0.02857314581281253,0.0,0.0,0.0,0.0,0.0,0.0
2006-05-26,0.5447791626772016,0.0,0.0,0.014858543386199522,0.0,0.06970677093383379,0.0015154725543767085,0.0,0.08801913301413454,0.0,0.019743880482849346,0.0,0.0,0.0,0.11735884401884607,0.0,0.05369959403729515,0.04694353760753843,0.021156046896357153,0.0,0.0,0.0,0.006747629497193189,0.0,0.0,0.009273417087821038,0.0,0.0,0.0061979678063532285,0.0,0.0,0.0,0.0,0.0,0.0
2006-06-02,0.5297333467886987,0.0,0.0,0.020503165828835036,0.0,0.06711995163900059,0.0,0.0,0.08058781430692039,0.0,0.01760968305167221,0.0,0.0,0.0,0.10745041907589385,0.0,0.06273337320340747,0.042980167630357544,0.01752783604599145,0.0,0.0,0.0,0.010679892397415333,0.0,0.0,0.026624810435536037,0.0,0.0,0.01644953959627122,0.0,0.0,0.0,0.0,0.0,0.0
2006-06-09,0.544690669244271,0.0,0.0,0.022496506710221163,0.0,0.07887307054194172,0.004253222438545704,0.0,0.07301067039133548,0.0,0.04404803598497739,0.0,0.0,0.0,0.09734756052178065,0.0,0.045866179871442744,0.03893902420871226,0.020145915690512335,0.0,0.0,0.0,0.012247274700473373,0.0,0.0,0.018081869695785985,0.0,0.0,0.0,0.0,0.0,0.0,0.0,0.0,0.0
2006-06-16,0.5436127065455914,0.0,0.0,0.019879077407692864,0.0,0.07558011944270368,0.003845234016709089,0.0,0.07924650803993,0.0,0.0390425077551545,0.0,0.0,0.0,0.10566201071990666,0.0,0.04629788597678281,0.04226480428796267,0.017897725167004157,0.0,0.0,0.0,0.01069581299683996,0.0,0.0,0.01597560764372201,0.0,0.0,0.0,0.0,0.0,0.0,0.0,0.0,0.0
2006-06-23,0.5702020660401025,0.0,0.0,0.014873929821170476,0.0,0.07360170794649668,0.0016273833508148778,0.0,0.07955752418422582,0.0,0.029025573237925466,0.0,0.0,0.0,0.10607669891230109,0.0,0.04398463391016934,0.04243067956492044,0.02386062733063521,0.0,0.0,0.0,0.006023435058273231,0.0,0.0,0.008735740642964694,0.0,0.0,0.0,0.0,0.0,0.0,0.0,0.0,0.0
2006-06-30,0.4010141368078538,0.0,0.0,0.05411725459089516,0.0,0.11217026684132617,0.0,0.0,0.08069507145624964,0.0,0.03331771628217267,0.0,0.0,0.0,0.10759342860833285,0.0,0.05264898385592162,0.043037371443333146,0.028824232094408028,0.0,0.0,0.0,0.040659863752944,0.0,0.0,0.01712043830056082,0.0,0.0,0.02880123596600173,0.0,0.0,0.0,0.0,0.0,0.0
2006-07-07,0.40065813550257123,0.0,0.0,0.05471221561287205,0.0,0.11276456254326592,0.0,0.0,0.08082785539118076,0.0,0.03319244829902338,0.0,0.0,0.0,0.10777047385490768,0.0,0.051041854689365715,0.04310818954196308,0.02850398305956059,0.0,0.0,0.0,0.04197873632015122,0.0,0.0,0.016412260047786394,0.0,0.0,0.022807585867022216,0.0,0.0,0.0,0.006221699270329471,0.0,0.0
2006-07-14,0.40585533824276937,0.0,0.0,0.05399030523832507,0.0,0.12126187066732022,0.0038011108517810206,0.0,0.08176111304646709,0.0,0.053074035510354875,0.0,0.0,0.0,0.10901481739528947,0.0,0.04085223337787793,0.04360592695811579,0.029178454309353424,0.0,0.0,0.0,0.0413199569916296,0.0,0.0,0.01628483741071577,0.0,0.0,0.0,0.0,0.0,0.0,0.0,0.0,0.0
2006-07-21,0.415255263774035,0.0,0.0,0.04742422067292019,0.0,0.11272813245665325,0.0016865806082426178,0.0,0.08111405886393788,0.0,0.04250027632905161,0.0,0.0,0.0,0.1081520784852505,0.0,0.04320378790119872,0.0432608313941002,0.026649380772371764,0.0,0.0,0.0,0.0638468649574213,0.0,0.0,0.0141785237848167,0.0,0.0,0.0,0.0,0.0,0.0,0.0,0.0,0.0
2006-07-28,0.34121083399836044,0.0,0.0,0.08503059900373171,0.024205123233880493,0.12473535844370859,0.0,0.0,0.07143826479497414,0.0,0.02371141158475415,0.0,0.0,0.0,0.09525101972663219,0.0,0.028575305917989655,0.03810040789065288,0.0124604648156115,0.0,0.0,0.0,0.09200925997081758,0.0,0.0,0.016739919051625887,0.0,0.0,0.01663755376088827,0.0,0.0,0.021052885508149377,0.008841592298222801,0.0,0.0
2006-08-04,0.3408988478182948,0.0,0.0,0.08550487594797919,0.025314490999569186,0.12535374651912914,0.0,0.0,0.0721095300807804,0.0,0.023372751733592583,0.0,0.0,0.0,0.09614604010770719,0.0,0.02884381203231216,0.03845841604308288,0.011796019702905492,0.0,0.0,0.0,0.09339811727192514,0.0,0.0,0.015463514262224736,0.0,0.0,0.01476191396502785,0.0,0.0,0.019999880675009324,0.00857804284045953,0.0,0.0
2006-08-11,0.34048790680199126,0.0,0.0,0.0856743436651345,0.025004591186099247,0.12667257102675183,0.0,0.0,0.0722017963781463,0.0,0.023196862502639908,0.0,0.0,0.0,0.09626906183752841,0.0,0.028880718551258525,0.03850762473501137,0.011568025618313504,0.0,0.0,0.0,0.09457007266111638,0.0,0.0,0.015113953515125688,0.0,0.0,0.014648864473375994,0.0,0.0,0.019206749050173874,0.007996857997332938,0.0,0.0
2006-08-18,0.3786206522355702,0.0,0.0,0.06398294306035758,0.019523206008128242,0.12217957354304147,0.0014497442696005652,0.0,0.08847017036383072,0.0,0.02275611088231624,0.0,0.0,0.0,0.1179602271517743,0.0,0.03538806814553229,0.047184090860709724,0.020703820766512917,0.0,0.0,0.0,0.059084809016580704,0.0,0.0,0.010823070714278554,0.0,0.0,0.0037106415895674545,0.0,0.0,0.008162871392198776,0.0,0.0,0.0
2006-08-25,0.3275828136278274,0.0,0.0,0.055045876772224306,0.024378062535778195,0.11427394916279605,0.0,0.0,0.07740307849086096,0.0,0.02041920978352702,0.0,0.0,0.0,0.1032041046544813,0.0,0.044473468580125415,0.04128164186179252,0.024817198727382982,0.0,0.0,0.0,0.0975164546302031,0.0,0.0,0.02756758467448687,0.0,0.0,0.014054256161963541,0.0,0.0,0.018867097058669423,0.009115203277880513,0.0,0.0
2006-09-01,0.33708534330039874,0.0,0.0,0.05590031020974865,0.03116287859003121,0.11543765972542418,0.0016149679605579424,0.0,0.08343328093583784,0.0,0.020537380585809964,0.0,0.0,0.0,0.1112443745811171,0.0,0.044594374663204234,0.044497749832446844,0.023600651234953196,0.0,0.0,0.0,0.09941678892210296,0.0,0.0,0.01974832265781793,0.0,0.0,0.0043903851230249185,0.0,0.0,0.007335531677523893,0.0,0.0,0.0
2006-09-08,0.34336624904173246,0.0,0.0,0.05100240064460783,0.02791152335117843,0.11317961563274133,0.0015354078359296767,0.0,0.08810655679790678,0.0,0.01907219672069286,0.0,0.0,0.0,0.11747540906387573,0.0,0.04408577427969722,0.046990163625550294,0.02303558565063362,0.0,0.0,0.0,0.09596247369208895,0.0,0.0,0.020313680850589128,0.0,0.0,0.0030485352493901845,0.0,0.0,0.004914427563385185,0.0,0.0,0.0
2006-09-15,0.3276319374525231,0.0,0.0022927855022622625,0.052415765351091985,0.02765885821090917,0.11058844136766914,0.0,0.0,0.0772741976521158,0.0,0.02046081386329151,0.0,0.0,0.0,0.1030322635361544,0.0,0.04438353033683554,0.041212905414461765,0.02529519794178102,0.0,0.0,0.0,0.08905187402325566,0.0,0.0,0.0368510763718589,0.0,0.0,0.012033765857061689,0.0,0.0,0.02047978608293224,0.009336801035795286,0.0,0.0
2006-09-22,0.32663417368433767,0.0,0.0,0.0557596912376652,0.02669066828566535,0.10899644018976279,0.0,0.0,0.0772741976521158,0.0,0.020371737965382535,0.0,0.0,0.0,0.1030322635361544,0.0,0.049885962324209866,0.041212905414461765,0.025929496996829976,0.0,0.0,0.0,0.09198559636565859,0.0,0.0,0.034810474688021786,0.0,0.0,0.01424383952029774,0.0,0.0,0.01679380800488165,0.006378744134554575,0.0,0.0
2006-09-29,0.326745027096335,0.0,0.0,0.06064096360128428,0.0007237262385936311,0.09673362247998422,0.0,0.0,0.0776448179160853,0.0,0.040172577184912676,0.0,0.0,0.0,0.10352642388811373,0.0,0.05471977070208094,0.0414105695552455,0.02830885725264059,0.0,0.0,0.0,0.09646478767303089,0.0,0.0,0.037617566383993356,0.0,0.0,0.012182934654381434,0.0,0.0,0.017023155367735902,0.006085200005582282,0.0,0.0
2006-10-06,0.3225027405804848,0.0,0.0,0.06855062601975927,0.0,0.09451513940154575,0.0,0.0,0.07575566469775752,0.0,0.04161108787346588,0.0,0.0,0.0,0.10100755293034336,0.0,0.054031967567041136,0.04040302117213734,0.02956024647098235,0.0,0.0,0.0,0.10037426721800233,0.0,0.0,0.03594896633057721,0.0,0.0,0.011821628250570138,0.0,0.0,0.01744646349559266,0.006470627991740068,0.0,0.0
2006-10-13,0.33202122489202646,0.0,0.0,0.05933412167536612,0.0,0.09207377716059134,0.0,0.0,0.08067067998505081,0.0,0.038524676793754625,0.0,0.0,0.0,0.10756090664673441,0.0,0.05492571686458303,0.04302436265869377,0.027208739628004554,0.0,0.0,0.0,0.10026001479133127,0.0,0.0,0.03181092825453032,0.0,0.0,0.012081306134303318,0.0,0.0,0.01506781938343424,0.00543572513159533,0.0,0.0
2006-10-20,0.3315269756179969,0.0,0.0,0.06271110224267691,0.0,0.08064070981574539,0.0,0.0,0.08042894055982648,0.00235892856626701,0.037952778583850696,0.0,0.0,0.0,0.10723858741310197,0.0,0.06502786079281245,0.04289543496524079,0.02738040288440849,0.0,0.0,0.0,0.095132022819289,0.0,0.0,0.0350843409642109,0.0,0.0,0.013773821141307967,0.0,0.0,0.013572699694158263,0.004275393939106469,0.0,0.0
2006-10-27,0.29848143798614907,0.0,0.0,0.07454265894198223,0.0,0.08324396150818222,0.0,0.0,0.08036809377815426,0.0,0.03979157245860534,0.0,0.0,0.0,0.10715745837087236,0.0,0.07759605558818088,0.04286298334834895,0.028307974097808726,0.0,0.0,0.0,0.10362352762774982,0.0,0.0,0.03517226994167761,0.0,0.0,0.014071632895301755,0.0,0.0006597754863958151,0.014120597970590681,0.0,0.0,0.0
2006-11-03,0.2929942895296934,0.0,0.0,0.0776485550384687,0.0,0.08408781837810186,0.0,0.0,0.07770566469775753,0.0,0.04132728266193448,0.0,0.0,0.0,0.10360755293034336,0.0,0.07916216124275907,0.04144302117213735,0.03217123794584134,0.0,0.0,0.0,0.10750413087087135,0.0,0.0,0.031074818467846023,0.0,0.0,0.011956461890658365,0.0,0.00032272442309936114,0.013797913580957815,0.005196367169529657,0.0,0.0
2006-11-10,0.30086736404516196,0.0,0.0,0.07767760135821822,0.0,0.09354633043693819,0.0,0.0,0.08262302734513272,0.0,0.043681633550135414,0.0,0.0,0.0,0.11016403646017696,0.0,0.08566692149604908,0.04406561458407079,0.025239539495657375,0.0,0.0,0.0,0.09478516728321178,0.0,0.0,0.025707150950496332,0.0,0.0,0.006418148285107287,0.0,0.0006664452435540337,0.00535252698481598,0.003538492481273526,0.0,0.0
2006-11-17,0.29649388936204296,0.0,0.0,0.07816929314811095,0.0,0.09737663688489942,0.0,0.0,0.0821884995686147,0.011238885451435776,0.04495646529275411,0.0,0.0,0.0011234077002241145,0.10958466609148627,0.0,0.06088812098496212,0.04383386643659451,0.025347027609753933,0.0,0.0,0.0,0.11060631896582443,0.0,0.0,0.02615634546135423,0.0,0.0,0.004723478774044856,0.0,0.0014723887744596516,0.0030357272082389055,0.00280498228519873,0.0,0.0
2006-11-24,0.28602775085895343,0.0,0.0,0.09327969270474794,0.0,0.05674323477057433,0.0017632012179081117,0.0,0.0819248713318579,0.007200796002753838,0.05589006211714724,0.0,0.0,0.0,0.10923316177581052,0.0,0.11086133775664508,0.04369326471032421,0.022140844166015305,0.0,0.0,0.0,0.10504091409395971,0.0,0.0,0.018499590237494357,0.0,0.0,0.00334902136625772,0.0,0.0,0.004352256889549998,0.0,0.0,0.0
2006-12-01,0.28448462861190876,0.0,0.0,0.11368273269046023,0.0,0.04967030674593985,0.0018667261891682036,0.0,0.08152631517502956,0.005381271759066805,0.06006915101798517,0.0,0.0,0.0,0.10870175356670608,0.0,0.12659311892582556,0.043480701426682436,0.007960896247412103,0.0,0.0,0.0,0.08845580131500386,0.0,0.0,0.02080088521284052,0.0,0.0,0.0035708125047863772,0.0,0.0,0.003754898611184154,0.0,0.0,0.0
2006-12-08,0.2978318099936157,0.0,0.00606976754057372,0.09464985478816453,0.0,0.05264601926476922,0.0,0.0,0.08728940547113039,0.0,0.0431551672619762,0.0,0.0,0.0,0.1163858739615072,0.0,0.10598280284077599,0.046554349584602875,0.006672950958433262,0.0,0.0,0.0,0.0792916768909811,0.0,0.0,0.04446762564891245,0.0,0.0,0.002540040390550889,0.0,0.0,0.002817077620548439,0.01364557778345777,0.0,0.0
2006-12-15,0.2631793992264545,0.0,0.008147020376849367,0.10652058059148585,0.0,0.05275679644825388,0.0,0.0,0.07594971174595899,0.0,0.046843139237317456,0.0,0.0,0.0,0.10126628232794532,0.0,0.1067325997613857,0.04050651293117813,0.01892435656024076,0.0,0.0,0.0,0.08436505809420866,0.0,0.0,0.0582840518573967,0.0,0.0,0.016737574197878368,0.0,0.0,0.01304264779154301,0.006744268851903054,0.0,0.0
2006-12-22,0.2524397305290516,0.0,0.010939709608428876,0.09449245118459296,0.0,0.06209788576272981,0.0,0.0,0.076082273372575,0.007975327600636196,0.04640128973360938,0.0,0.0,0.0,0.10144303116343334,0.0,0.11056224574599785,0.04057721246537334,0.013409549119926797,0.0,0.0,0.0,0.08277202419014958,0.0,0.0,0.057883732190435765,0.0,0.0,0.019010675839282558,0.0,0.0,0.011551695344503003,0.012361166149273592,0.0,0.0
2006-12-29,0.2597110242618443,0.0,0.007332525139651668,0.07990599243282773,0.0,0.11105553900484777,0.0,0.0,0.0751331299664107,0.0011591700956816683,0.04815145376919287,0.0,0.0,0.0033330105494787797,0.10017750662188092,0.0,0.067766159972423,0.04007100264875237,0.020368359427592724,0.0,0.0,0.0,0.09033928195506949,0.0,0.0,0.05252244810313843,0.0,0.0,0.022373641038746308,0.0,0.0,0.013148074701151868,0.00745168031130909,0.0,0.0
2007-01-05,0.258829661713002,0.0,0.007031610314185697,0.08797058503340657,0.0,0.10121662083488378,0.0,0.0,0.07447848759730165,0.0,0.047927287211579114,0.0,0.0,0.0,0.09930465012973552,0.0,0.07869600540085792,0.039721860051894216,0.02117997896618267,0.0,0.0,0.0,0.08980842771206511,0.0,0.0,0.05238557480688598,0.0,0.0,0.022622843866749766,0.0,0.0,0.010887468492105873,0.00793893786916375,0.0,0.0
2007-01-12,0.2534355695139982,0.0,0.0126681471056744,0.08418372837511853,0.0,0.0921928999721294,0.0,0.0,0.07647836497435838,0.003569971691339789,0.04694471217297119,0.0,0.0,0.0,0.1019711532991445,0.0,0.08326111987228212,0.040788461319657805,0.01391111325738041,0.0,0.0,0.0,0.08652852756192968,0.0,0.0,0.057746512868989006,0.0,0.0,0.017020380325699996,0.0,0.0038318278805067295,0.013337034159429896,0.01213047564938957,0.0,0.0
2007-01-19,0.250977448021314,0.0,0.008855130956305914,0.08845738323741648,0.0,0.09296430526015172,0.0,0.0,0.07369388640422553,0.0011729494024957524,0.04810896265415052,0.0,0.0,0.0,0.09825851520563404,0.0,0.09138172197823373,0.03930340608225362,0.021360414456763482,0.0,0.0,0.0,0.08808774576965482,0.0,0.0,0.05535018681913188,0.0,0.0,0.022580745716450898,0.0,0.0,0.015881497960461143,0.0035657000753561044,0.0,0.0
2007-01-26,0.24622584183422677,0.0,0.00916137339918327,0.101837593760195,0.0,0.04865103137867664,0.0,0.0,0.07231177895734234,0.0,0.057068490037383755,0.0,0.0,0.0,0.09641570527645645,0.0,0.08586380379094755,0.03856628211058258,0.0594312440639094,0.0,0.0,0.0,0.08221544381460086,0.0,0.0,0.06408088095285447,0.0,0.0,0.025447551434736294,0.0,0.0,0.012722979188904242,0.0,0.0,0.0
2007-02-02,0.23571610243889513,0.0,0.01461302323103457,0.10188086682514078,0.0,0.048886356249566276,0.0,0.0,0.0721107671746945,0.0,0.05670813876209852,0.0,0.0,0.0,0.09614768956625934,0.0,0.08722152878497774,0.03845907582650374,0.05392192474195705,0.0,0.0,0.0,0.08603974383367982,0.0,0.0,0.0662820524515176,0.0,0.0,0.03068000477637241,0.0,0.0,0.011332725337302233,0.0,0.0,0.0
2007-02-09,0.24665802985187057,0.0,0.0070467336461325115,0.10037200462001741,0.0,0.04927064490409444,0.0,0.0,0.07290014102630786,0.0,0.056485400276196064,0.0,0.0,0.005496213653747324,0.09720018803507716,0.0,0.08677357403939388,0.03888007521403086,0.05883269336707602,0.0,0.0,0.0,0.09015618844774552,0.0,0.0,0.04990232258710162,0.0,0.0,0.02590479761245651,0.0,0.0,0.01412099271875192,0.0,0.0,0.0
2007-02-16,0.2671173187836896,0.0,0.00572110497510755,0.08888468173715706,0.0,0.05326041813118898,0.0,0.0,0.07813466654577782,0.0010752537441401356,0.044658021517343244,0.0,0.0,0.01960671612496837,0.10417955539437043,0.0,0.07860475497927422,0.04167182215774817,0.059772115891029966,0.0,0.0,0.0,0.08134870495039617,0.0,0.009003308310015095,0.037352435209575575,0.0,0.0,0.01728800827765825,0.0,0.0,0.01232111327055899,0.0,0.0,0.0
2007-02-23,0.2847553732933154,0.0,0.004360363299450273,0.09521739204832365,0.0,0.05371370226006099,0.0,0.0,0.07631914930439851,0.0,0.047406375378157006,0.0,0.0,0.0,0.10175886573919801,0.0,0.09418123091997943,0.04070354629567921,0.046015658199687115,0.0,0.0,0.0,0.07549373664710338,0.0,0.0069086205616531,0.042180453817126165,0.0,0.0,0.01989804907149213,0.0,0.0,0.0110874831643753,0.0,0.0,0.0
2007-03-02,0.28919369581828264,0.0,0.003426567480010458,0.08842306947527231,0.0,0.05411891274532318,0.0,0.0,0.07838453289916551,0.0,0.045947719274885404,0.0,0.0,0.0,0.10451271053222069,0.0,0.09444519309358129,0.041805084212888276,0.04470435613671011,0.0,0.0,0.0,0.07813219142968147,0.0,0.006438909995392611,0.03996225943459215,0.0,0.0,0.015966037645675085,0.0,0.0,0.011841772550893439,0.002696987275424969,0.0,0.0
2007-03-09,0.3020451921167947,0.0,0.0013350683948775807,0.08760165544039616,0.0,0.055646087472393954,0.0,0.0,0.0793737042292303,0.0,0.05639170390482651,0.0,0.0,0.0,0.10583160563897373,0.0,0.08916574420843124,0.0423326422555895,0.04326830808295274,0.0,0.0,0.0,0.07607496992590762,0.0,0.0002892586137854342,0.034203536880411944,0.0,0.0,0.011593703995634606,0.0,0.0,0.011828719600853983,0.0030180992389395754,0.0,0.0
2007-03-16,0.3012064818608277,0.0,0.0023798747361022726,0.09298757416410347,0.0,0.058552172795192446,0.0,0.0,0.07874318619114429,0.0025514316060221485,0.0574232901072,0.0,0.0,0.0,0.10499091492152572,0.0,0.07825471435144818,0.04199636596861029,0.04350495555369516,0.0,0.0,0.0,0.07657988129021415,0.0,0.0,0.036818009146375626,0.0,0.0,0.009003223227660437,0.0,0.0,0.01083643722420626,0.004171486855671435,0.0,0.0
2007-03-23,0.2980626120207399,0.0,0.0022334422788884228,0.09072830624709806,0.0,0.06512157486658277,0.0,0.0,0.07728463195661976,0.0024569647805433785,0.06024963819420021,0.0,0.0,0.0,0.10304617594215967,0.0,0.07674962705348246,0.041218470376863874,0.044386782973078,0.0,0.0,0.0,0.07781310187674448,0.0,0.0,0.03524025595965477,0.0,0.0,0.0,0.0,0.0,0.01280159260950883,0.005953129384663475,0.0066536934791715935,0.0
2007-03-30,0.34753893086242044,0.0,0.0020664442317718966,0.04913684670478103,0.0,0.08855383018643534,0.0,0.0,0.07728111069836853,0.005213606529613583,0.05597529622061384,0.0,0.0,0.002188885688370469,0.10304148093115803,0.0,0.06967343393094501,0.041216592372463216,0.03262421111066844,0.0,0.0,0.0,0.06495905594536298,0.0,0.010575260656159925,0.03413732376261135,0.0,0.0,0.0,0.0,0.0,0.011400619964921706,0.0044170702033338675,0.0,0.0
2007-04-06,0.3506183415194153,0.0,0.001492529688684685,0.04553815369362292,0.0,0.08151288127345682,0.0,0.0,0.0794027354048956,0.0,0.07860053607797178,0.0,0.0,0.0,0.10587031387319415,0.0,0.06091567905654438,0.04234812554927766,0.04705825520501868,0.0,0.0,0.0,0.05973247039062094,0.0,0.0,0.02594513873869775,0.0,0.0,0.001287702651129936,0.0,0.0,0.013904476118107408,0.00577266075936162,0.0,0.0
2007-04-13,0.346506223565258,0.0,0.002105555056945199,0.051405952450258884,0.0,0.08724581821547135,0.0,0.0,0.07667945954282665,0.0008771626918422712,0.05522716506308312,0.0,0.0,0.0,0.10223927939043553,0.0,0.07939553313409815,0.040895711756174215,0.03295444358768333,0.0,0.0,0.0,0.0677274366138445,0.0,0.0,0.032871107257407425,0.0,0.0,0.0,0.0,0.0,0.014686541324982112,0.0045604801817645075,0.0046221301679244715,0.0
2007-04-20,0.32303954458498746,0.0,0.0024920231145905292,0.052404554455617126,0.0,0.08547736502168887,0.0,0.0,0.07471602681586052,0.0,0.059792584591485384,0.0,0.0,0.0,0.09962136908781402,0.0,0.07737648504741275,0.03984854763512562,0.050305400386779234,0.0,0.0,0.0,0.06534423353960327,0.0,0.0,0.03496169910010888,0.0,0.0,0.0,0.0,0.0,0.020522612890948203,0.006214000290472808,0.007883553437504964,0.0
2007-04-27,0.2879809473222743,0.016613884991947193,0.002380960530149146,0.062283076234281,0.0,0.05568292731100438,0.0,0.0,0.07509722492952181,0.008205472150570001,0.057392837735175894,0.0,0.0,0.0008473177584010895,0.10012963323936241,0.0,0.08544556098842443,0.04005185329574497,0.0649031343498159,0.0,0.0,0.0,0.07583965395308911,0.0,0.0,0.0301610854616744,0.0,0.0,0.0,0.0,0.0,0.02198916699710394,0.0051486027726908995,0.00984665997876882,0.0
2007-05-04,0.2879276937423478,0.016557623740626463,0.002341965871384102,0.0632613606677956,0.0,0.05580906429780591,0.0,0.0,0.07508793495731138,0.007027489200181694,0.06752971892575857,0.0,0.0,0.0,0.1001172466097485,0.0,0.07764865858261574,0.0400468986438994,0.06300335044559477,0.0,0.0,0.0,0.07330084967774475,0.0,0.0,0.0340038054408089,0.0,0.0,0.0,0.0,0.0,0.019515392852321796,0.004990890203382494,0.011830056140671678,0.0
2007-05-11,0.2876423663761659,0.01659380905363294,0.002498826839675434,0.062348842593997,0.0,0.05555446075118202,0.0,0.0,0.07478534875041482,0.0,0.06315498438400027,0.0,0.0,0.006335968043036707,0.09971379833388642,0.0,0.07886782704835346,0.039885519333554574,0.0632633093225507,0.0,0.0,0.0,0.0726699432943323,0.0,0.00026881481843872736,0.03392218581901165,0.0,0.0,0.0,0.0,0.0,0.01806219031071147,0.005537324048835781,0.01889448087821932,0.0
2007-05-18,0.28842999229617156,0.01648013969452709,0.0032818780245613814,0.06134364189382596,0.0,0.05568762146466757,0.0,0.0,0.07483267955134774,0.00879334579118114,0.04614928118718325,0.0,0.0,0.002711420724355993,0.09977690606846365,0.0,0.08143285402884717,0.03991076242738546,0.0630910404663087,0.0,0.0,0.0,0.07044275929457236,0.0,0.011368510826412503,0.03543881182956597,0.0,0.0,0.0,0.0,0.0,0.014755884456801406,0.005070603572899096,0.021001866400921547,0.0
2007-05-25,0.29252216442828305,0.0,0.002847168129795529,0.07916679500651834,0.0,0.058470772026789464,0.0,0.0,0.0768034802060788,0.0010159209175288177,0.044079675805146046,0.0,0.0,0.0,0.10240464027477174,0.0,0.08524704141057368,0.0409618561099087,0.0633251492612779,0.0,0.0,0.0,0.053642415698012424,0.0,0.011134887310609534,0.047916149636342026,0.0,0.0,0.0,0.0,0.0,0.013067151824814877,0.005013997175693449,0.02238073477785527,0.0
2007-06-01,0.2932539852865555,0.0,0.003309821807819406,0.08046017716069236,0.0,0.05791865775576278,0.0,0.0,0.0770609438783937,0.0,0.04425041483872827,0.0,0.0,0.011366614499684643,0.1027479251711916,0.0,0.08402325861676893,0.041099170068476645,0.06290453148550308,0.0,0.0,0.0,0.04366765913258484,0.0,0.010388824270047047,0.04844017492629235,0.0,0.0,0.0,0.0,0.0,0.012931305404934491,0.004334568579168209,0.02184196711739579,0.0
2007-06-08,0.2921835911497104,0.0,0.003595896855209003,0.08119881091728505,0.0,0.05769129051157729,0.0,0.0,0.07655007916059765,0.0,0.04461323476990002,0.0,0.0,0.012113484961000485,0.10206677221413021,0.0,0.08500999176933022,0.04082670888565208,0.06313518755700387,0.0,0.0,0.0,0.041482429202862735,0.0,0.013056988756253909,0.0502151807192973,0.0,0.0,0.0,0.0,0.01879273636694058,0.0,0.002431800606295916,0.015035815596952964,0.0
2007-06-15,0.2859289595686014,0.0,0.003549588015369599,0.08461955815183612,0.0,0.05749905564595277,0.0,0.0,0.07520565357563704,0.001091967113852096,0.04497697429637852,0.0,0.0,0.03381839124707677,0.10027420476751606,0.0,0.07826991702465262,0.04010968190700642,0.06416688380092009,0.0,0.0,0.0,0.04187524083144809,0.0,0.015025676147116702,0.05097654358011697,0.0,0.0,0.0,0.0,0.02261170432651837,0.0,0.0,0.0,0.0
2007-06-22,0.2872364924113668,0.0,0.0042359495389292495,0.08201334180153717,0.0,0.05731383934591772,0.0,0.0,0.07558500492765387,0.0,0.044100834234277776,0.0,0.0,0.009847538608962893,0.10078000657020517,0.0,0.09247658935904357,0.040312002628082065,0.06353730708342759,0.0,0.0,0.0,0.041172035179391574,0.0,0.01574816149405242,0.05231377349714255,0.0,0.0,0.0,0.0,0.019891250517090973,0.0,0.0,0.013435872802918343,0.0
2007-06-29,0.2878390044981941,0.0,0.004147517773689682,0.09591352324502646,0.0,0.0622900195783276,0.015215851205412564,0.0,0.07580015877286624,0.0012409989984880155,0.0432314027241834,0.0,0.0,0.01849458080968669,0.10106687836382164,0.0,0.10796697434054373,0.04042675134552866,0.042433992379093385,0.0,0.0,0.0,0.0,0.0,0.0185791633537907,0.059882717511441516,0.0,0.0,0.0,0.0,0.02547046509990521,0.0,0.0,0.0,0.0
2007-07-06,0.29122078440028715,0.0,0.003896409312247288,0.09159393178275652,0.0,0.062383865998615146,0.01512736881115709,0.0,0.0766848654539373,0.0032844742402785665,0.04263967959659613,0.0,0.0,0.026272013390155086,0.10224648727191639,0.0,0.10562291357628797,0.04089859490876656,0.04202196894439029,0.0,0.0,0.0,0.0,0.0,0.017248455465374783,0.05608619857819155,0.0,0.0,0.0,0.0,0.022771988269041827,0.0,0.0,0.0,0.0
2007-07-13,0.29073421883069145,0.0,0.003988984282496463,0.09086118204603574,0.0,0.062486744691780984,0.015290258608495855,0.0,0.07647250391779381,0.007340331274381335,0.042942259985250135,0.0,0.0,0.025179450946346243,0.10196333855705841,0.0,0.1056013089487021,0.040785335422823366,0.04224922736284393,0.0,0.0,0.0,0.0,0.0,0.017578480183548108,0.05440710484626689,0.0,0.0,0.0,0.0,0.02211927009548475,0.0,0.0,0.0,0.0
2007-07-20,0.28625826295859114,0.0,0.004245685969899624,0.08972289887566588,0.0,0.062380622031962527,0.015292190728941425,0.0,0.07518926722579868,0.0076656439935031875,0.043416161602486125,0.0,0.0,0.020470440364430322,0.10025235630106491,0.0,0.10449093811065344,0.04010094252042597,0.042470528281112085,0.0,0.0,0.0,0.0,0.0,0.02151544582642057,0.05653425894450975,0.0,0.0,0.0,0.0,0.029994356264534033,0.0,0.0,0.0,0.0
2007-07-27,0.3185464317000491,0.0,0.0040242866701993354,0.06438767783380406,0.0,0.06382852006030457,0.026543645025418863,0.0,0.07518457875362233,0.007208887224346048,0.03630374121759024,0.0,0.0,0.03573687979864708,0.10024610500482978,0.0,0.092334993651186,0.04009844200193191,0.03540425442774979,0.0,0.0,0.0,0.0,0.0,0.018560450739682356,0.05601117649833531,0.0,0.0,0.0,0.0,0.025579929392302837,0.0,0.0,0.0,0.0
2007-08-03,0.3636410857815786,0.0,0.0,0.04652456274949436,0.0,0.0686303207824975,0.03323779605495905,0.0,0.08098994745138366,0.006571342506937375,0.05441120188419089,0.0,0.0,0.031607667908413704,0.10798659660184488,0.0,0.08171500526953551,0.043194638640737956,0.045153056773021075,0.0,0.0,0.0,0.0,0.0,0.0,0.03633677759540505,0.0,0.0,0.0,0.0,0.0,0.0,0.0,0.0,0.0
2007-08-10,0.3631772764903197,0.0,0.0,0.03878716604639593,0.0,0.06301535763256479,0.03381084377863524,0.0,0.08341173205669537,0.006076153092000063,0.04484185020357531,0.0,0.0,0.045312273255292475,0.11121564274226049,0.0,0.07849145893589032,0.0444862570969042,0.048018353667745595,0.0,0.0,0.0,0.0,0.0,0.0024303525173137277,0.032277121184651876,0.0,0.0,0.0,0.0,0.0036218042405220937,0.0010263570592324162,0.0,0.0,0.0
2007-08-17,0.3683241986348401,0.0,0.0,0.03636499423391792,0.0,0.0627706482949327,0.032289257113790146,0.0,0.08753744104052703,0.004748363575727411,0.04247337347023341,0.0,0.0,0.04301649633092833,0.11671658805403604,0.0,0.0778727743728102,0.04668663522161442,0.046188414461274065,0.0,0.0,0.0,0.0,0.0,0.001726118510920875,0.029743554362762114,0.0,0.0,0.0,0.0,0.0026592681129679963,0.00088187420871692,0.0,0.0,0.0
2007-08-24,0.36096142088256883,0.0,0.0,0.03993695454601746,0.0,0.06322854760180932,0.03492813114434373,0.0,0.08288245944296704,0.0008231887526161163,0.045700217119326716,0.0,0.0,0.04355783544176249,0.11050994592395606,0.0,0.08499676535122105,0.044203978369582425,0.049866763760984006,0.0,0.0,0.0,0.0,0.0,0.0018182572812431971,0.03307916826925309,0.0,0.0,0.0,0.0,0.0023864542697096206,0.001119911842638498,0.0,0.0,0.0
2007-08-31,0.47581713683987203,0.0,0.0,0.022586217737627118,0.0,0.05963197282698985,0.015515969400080876,0.0,0.08227033276324684,0.0,0.02641434716400743,0.0,0.0,0.04151331611643028,0.10969377701766245,0.0,0.05816800071000932,0.043877510807064986,0.03846635674112906,0.0,0.0,0.0,0.0,0.0,0.002353389537299062,0.019657178880706307,0.0,0.0,0.0,0.0,0.0027129647342882266,0.0013215287235858204,0.0,0.0,0.0
2007-09-07,0.47528879142008806,0.0,0.0,0.023025701259860757,0.0,0.06263874206526965,0.015571227378171487,0.0,0.08197460353736483,0.0,0.026639016618854913,0.0,0.0,0.04289292123589683,0.1092994713831531,0.0,0.05426370948651477,0.043719788553261245,0.03876756708837146,0.0,0.0,0.0,0.0,0.0,0.002535789735728171,0.019243741468758353,0.0,0.0,0.0,0.0,0.0025853066692674894,0.0015536220994385548,0.0,0.0,0.0
2007-09-14,0.47529731278013054,0.0,0.0,0.02050346699658986,0.0,0.06440533337897347,0.015519276542671788,0.0,0.08222432027489297,0.0,0.02652013804787619,0.0,0.0,0.04266380966891217,0.10963242703319062,0.0,0.05421346702963938,0.04385297081327625,0.0386106454063567,0.0,0.0,0.0,0.0,0.0,0.00262447129230982,0.0201552318943304,0.0,0.0,0.0,0.0,0.0022923458477175926,0.0014847829931319682,0.0,0.0,0.0
2007-09-21,0.47244846882352787,0.0,0.0,0.016156503628749614,0.0,0.07765515939428806,0.013478208493106375,0.0,0.0913410924524722,0.0,0.022820364422118915,0.0,0.0,0.03088949783677149,0.12178812326996293,0.0,0.04901247997713529,0.048715249307985174,0.0333744045181056,0.0,0.0,0.0,0.0,0.0,0.0022407568205577246,0.018033447020193383,0.0,0.0,0.0,0.0,0.002046244035025137,0.0,0.0,0.0,0.0
2007-09-28,0.3320141948376484,0.0,0.0,0.039249436410130074,0.0,0.0797716107609367,0.04513437277662705,0.0,0.08427081490227649,0.0,0.04536047161813643,0.0,0.0,0.061517147705281425,0.11236108653636864,0.0,0.055257680753179425,0.04494443461454746,0.05994822395655568,0.0,0.0,0.0,0.0,0.0,0.0021303762580891557,0.03505862436168149,0.0,0.0,0.0,0.0,0.001977717107342388,0.001003807401198946,0.0,0.0,0.0
2007-10-05,0.32991684273962546,0.0,0.0,0.040820322149709494,0.0,0.08184904265832806,0.04560061655622992,0.0,0.08452669773655927,0.0,0.045040394702053996,0.0,0.0,0.05889208541199078,0.11270226364874569,0.0,0.05582930346597126,0.04508090545949828,0.05945712903290813,0.0,0.0,0.0,0.0,0.0,0.002008307139226573,0.035639523330107434,0.0,0.0,0.0,0.0,0.0017701223061595533,0.0008664436628858106,0.0,0.0,0.0
2007-10-12,0.3429627473656608,0.0,0.0,0.02865449536245261,0.0,0.10404796499192506,0.040780811971640435,0.0,0.0909083755488352,0.0,0.04073662847861688,0.0,0.0,0.02943820447867828,0.12121116739844692,0.0,0.05709559604350123,0.048484466959378775,0.063574866031596,0.0,0.0,0.0,0.0,0.0,0.001353061324096618,0.028638032381570415,0.0,0.0,0.0,0.0,0.001462206570022215,0.0006513750935781938,0.0,0.0,0.0
2007-10-19,0.34346798479477747,0.0,0.0,0.028275929931477314,0.0,0.10593457858164686,0.040549971007765945,0.0,0.09079626240447493,0.0,0.040890845154934054,0.0,0.0,0.029247388692566018,0.12106168320596657,0.0,0.054638952961832514,0.04842467328238663,0.06427285845748179,0.0,0.0,0.0,0.0,0.0,0.0017117136945903168,0.028151660635713154,0.0,0.0,0.0,0.0,0.0016180894880570996,0.000957407706329082,0.0,0.0,0.0
2007-10-26,0.473855557036418,0.0,0.0,0.012447487594801675,0.0,0.1003274882577245,0.01938336688405532,0.0,0.08992653833847995,0.0,0.022758726933808822,0.0,0.0,0.01942454551682624,0.11990205111797327,0.0,0.04255584362588545,0.047960820447189315,0.03261276526655699,0.0,0.0,0.0,0.0,0.0,0.0012136491093240407,0.016066580767360273,0.0,0.0,0.0,0.0,0.0015645791035957565,0.0,0.0,0.0,0.0
2007-11-02,0.47303254471628486,0.0,0.0,0.013279191023843909,0.0,0.09841749477706682,0.019110376622874185,0.0,0.09076531277160041,0.0,0.022528322381813355,0.0,0.0,0.019822197635121726,0.12102041702880055,0.0,0.04275841765064554,0.04840816681152022,0.03226240679322222,0.0,0.0,0.0,0.0,0.0,0.0013276837450150528,0.01584961304181657,0.0,0.0,0.0,0.0,0.0014178550003742698,0.0,0.0,0.0,0.0
2007-11-09,0.4752687025343228,0.0,0.0,0.013966544491312438,0.0,0.09748869164476338,0.019951522623295935,0.0,0.08799578285685439,0.0,0.027390383337889318,0.0,0.0,0.02046905850497937,0.11732771047580585,0.0,0.04261857602795049,0.046931084190322346,0.03375250645910815,0.0,0.0,0.0,0.0,0.0,0.0,0.016839436853395142,0.0,0.0,0.0,0.0,0.0,0.0,0.0,0.0,0.0
2007-11-16,0.47622905561726264,0.0,0.0,0.014206368186591732,0.0,0.11247019139202863,0.01978082578704081,0.0,0.08831237359034276,0.0,0.027112730976850494,0.0,0.0,0.004933908422780933,0.11774983145379034,0.0,0.04257607742979675,0.04709993258151614,0.033292584203450076,0.0,0.0,0.0,0.0,0.0,0.0,0.016236120358548416,0.0,0.0,0.0,0.0,0.0,0.0,0.0,0.0,0.0
2007-11-23,0.4748305873441065,0.0,0.0,0.014403028828298069,0.0,0.11552856897446999,0.019961797468877954,0.0,0.08773033740933928,0.0,0.02788419309594045,0.0,0.0,0.004077439239605174,0.11697378321245237,0.0,0.04146866076874596,0.04678951328498095,0.033976318915679905,0.0,0.0,0.0,0.0,0.0,0.0,0.016375771457503158,0.0,0.0,0.0,0.0,0.0,0.0,0.0,0.0,0.0
2007-11-30,0.4891399074568257,0.0,0.0,0.021479441278164653,0.0,0.0778177127013669,0.015187434826977755,0.0,0.0852454363875164,0.0,0.02939545453593051,0.0,0.0,0.012300145826062706,0.11366058185002188,0.0,0.042595190148072976,0.045464232740008756,0.041119417150195466,0.0,0.0,0.0,0.0,0.0,0.004730718845283566,0.018407634566146525,0.0,0.0,0.0,0.0,0.0,0.003456691687425897,0.0,0.0,0.0
2007-12-07,0.49051236747870847,0.0,0.0,0.02197973540861208,0.0,0.07839609694183916,0.015545758878930727,0.0,0.0839920686344665,0.0,0.029760962382030735,0.0,0.0,0.012718209512509036,0.11198942484595532,0.0,0.04221321342347646,0.044795769938382135,0.04179289256801426,0.0,0.0,0.0,0.0,0.0,0.0041821970652803925,0.018590395420522543,0.0,0.0,0.0,0.0,0.0,0.0035309075012718598,0.0,0.0,0.0
2007-12-14,0.4925944964863014,0.0,0.0,0.021587576063361882,0.0,0.08238146263028791,0.015558705310881892,0.0,0.08368172392302943,0.0,0.034032295561162995,0.0,0.0,0.011166112074421426,0.11157563189737259,0.0,0.04211030584650194,0.04463025275894904,0.041661537012750105,0.0,0.0,0.0,0.0,0.0,0.0,0.01901990043497906,0.0,0.0,0.0,0.0,0.0,0.0,0.0,0.0,0.0
2007-12-21,0.4909453560626787,0.0,0.0,0.020164733826419506,0.0,0.07940405998340497,0.015747073867221587,0.0,0.08320598143830644,0.0,0.03009003744436932,0.0,0.0,0.01196653974285776,0.11094130858440861,0.0,0.04200055204774479,0.04437652343376344,0.044669586835554526,0.0,0.0,0.0,0.0,0.0,0.0019878279966368366,0.018886194431508973,0.0,0.0,0.0,0.0,0.0,0.005614224305124213,0.0,0.0,0.0
2007-12-28,0.3662113808883294,0.0,0.0,0.024232303380442324,0.0,0.11718373664085367,0.04757908452045625,0.0,0.08080673793930651,0.0,0.06623037783930555,0.0,0.0,0.0022317527212693204,0.10774231725240868,0.0,0.045136166083188524,0.04309692690096348,0.06932073455635337,0.0,0.0,0.0,0.0,0.0,0.0,0.030228481277122663,0.0,0.0,0.0,0.0,0.0,0.0,0.0,0.0,0.0
2008-01-04,0.3801396044298784,0.0,0.0,0.015203794241263904,0.0,0.11823524429029683,0.04577324520488027,0.0,0.08226153181303933,0.0,0.06028415439195541,0.0,0.0,0.003991058052267435,0.10968204241738577,0.0,0.04156698511146398,0.04387281696695431,0.07705999944698608,0.0,0.0,0.0,0.0,0.0,0.0,0.021929523633627917,0.0,0.0,0.0,0.0,0.0,0.0,0.0,0.0,0.0
2008-01-11,0.3694274649791446,0.032439091070922375,0.0,0.013949286758745755,0.0,0.11580641028751408,0.045120748479053466,0.0,0.08223768246169963,0.0,0.05576027923128514,0.0,0.0,0.003453142001229299,0.10965024328226618,0.0,0.04030592051813957,0.04386009731290647,0.06478226530894671,0.0,0.0,0.0,0.0,0.0,0.0,0.023207368308146452,0.0,0.0,0.0,0.0,0.0,0.0,0.0,0.0,0.0
2008-01-18,0.36850554460885965,0.03356259207993774,0.0,0.013878891174597797,0.0,0.11748660363239848,0.04518309074096911,0.0,0.0822242031357636,0.0,0.054826224918623004,0.0,0.0,0.0013846365012486726,0.1096322708476848,0.0,0.04021576324128178,0.043852908339073925,0.06929435818904708,0.0,0.0,0.0,0.0,0.0,0.0,0.019952912590514075,0.0,0.0,0.0,0.0,0.0,0.0,0.0,0.0,0.0
2008-01-25,0.4844148377665165,0.03983416594748998,0.0,0.004387169965133622,0.0,0.0777286700740869,0.016840579628517607,0.0,0.08229856058648248,0.0,0.0337480547540739,0.0,0.0,0.012070377877478092,0.10973141411530997,0.0,0.032919424234592994,0.043892565646123996,0.04364269687643421,0.0,0.0,0.0,0.0,0.0,0.0,0.018491482527759468,0.0,0.0,0.0,0.0,0.0,0.0,0.0,0.0,0.0
2008-02-01,0.49014419895930184,0.03155151200103846,0.0,0.005205890625027144,0.0,0.08081293873187517,0.0200375078374305,0.0,0.0696620397760947,0.0,0.039434981784659415,0.0,0.0,0.011674965608226893,0.0928827197014596,0.0,0.02786481591043788,0.03715308788058384,0.07052075926392587,0.0,0.0,0.0,0.0,0.0,0.0,0.023054581919938248,0.0,0.0,0.0,0.0,0.0,0.0,0.0,0.0,0.0
2008-02-08,0.48997622909010385,0.03176547650900963,0.0,0.005249539698868856,0.0,0.09410706334979249,0.020771100715838077,0.0,0.06898229622833632,0.0,0.0393605925631911,0.0,0.0,0.011059487338437552,0.0919763949711151,0.0,0.027592918491334526,0.03679055798844604,0.059475075740725025,0.0,0.0,0.0,0.0,0.0,0.0,0.022893267314801135,0.0,0.0,0.0,0.0,0.0,0.0,0.0,0.0,0.0
2008-02-15,0.4892670151657469,0.029370446399279652,0.0,0.005197885257628538,0.0,0.09574070486965791,0.020428257325841682,0.0,0.06980544106167429,0.0,0.04008089218708095,0.0,0.0,0.010775088289589285,0.09307392141556572,0.0,0.027922176424669716,0.03722956856622629,0.057791191092093325,0.0,0.0,0.0,0.0,0.0,0.0,0.023317411944945427,0.0,0.0,0.0,0.0,0.0,0.0,0.0,0.0,0.0
2008-02-22,0.48963276965132174,0.027872912650601073,0.0,0.005163765034286602,0.0,0.09339604048431799,0.02049704642109645,0.0,0.07033683702112314,0.0,0.04329761657994574,0.0,0.0,0.010801985677578202,0.09378244936149753,0.0,0.02813473480844926,0.037512979744599016,0.058059300018684104,0.0,0.0,0.0,0.0,0.0,0.0,0.021511562546498764,0.0,0.0,0.0,0.0,0.0,0.0,0.0,0.0,0.0
2008-02-29,0.49018275359242763,0.03901041096747551,0.0,0.0,0.0,0.09289203281391267,0.020748680090016118,0.0,0.07028733363765494,0.0,0.04490245022697516,0.0,0.0,0.0,0.09371644485020658,0.0,0.028114933455061972,0.03748657794008264,0.062264274355417586,0.0,0.0,0.0,0.0,0.0,0.0,0.020394108070768975,0.0,0.0,0.0,0.0,0.0,0.0,0.0,0.0,0.0
2008-03-07,0.49116546156258084,0.038610804587643474,0.0,0.0,0.0,0.09467888687321434,0.02117905253973067,0.0,0.06974100178431977,0.0,0.04256807855528135,0.0,0.0,0.0,0.09298800237909303,0.0,0.027896400713727912,0.03719520095163722,0.06290263683195493,0.0,0.0,0.0,0.0,0.0,0.0,0.021074473220816202,0.0,0.0,0.0,0.0,0.0,0.0,0.0,0.0,0.0
2008-03-14,0.4907159872974074,0.03613265176635618,0.0,0.0,0.0,0.09369725881863752,0.020796965873571063,0.0,0.07133164104596018,0.0,0.04516505077762113,0.0,0.0,0.0,0.0951088547279469,0.0,0.02853265641838407,0.03804354189117876,0.060335992219264736,0.0,0.0,0.0,0.0,0.0,0.0,0.020139399163671773,0.0,0.0,0.0,0.0,0.0,0.0,0.0,0.0,0.0
2008-03-21,0.49198338885842285,0.037379395758797805,0.0,0.0,0.0,0.0945773686833695,0.019761846211192292,0.0,0.07128860993680022,0.0,0.04249034838293343,0.0,0.0,0.0,0.09505147991573364,0.0,0.02851544397472009,0.03802059196629346,0.06002353511322822,0.0,0.0,0.0,0.0,0.0,0.0,0.020907991198508266,0.0,0.0,0.0,0.0,0.0,0.0,0.0,0.0,0.0
2008-03-28,0.49286475695072984,0.01098174017634453,0.0,0.0,0.0,0.08955281001234944,0.01980444734643222,0.0,0.07156026059181565,0.0,0.05912515603917353,0.0,0.0,0.0,0.09541368078908755,0.0,0.02862410423672626,0.03816547231563502,0.08744082598167138,0.0,0.0,0.0,0.0,0.0,0.0,0.006466745560034333,0.0,0.0,0.0,0.0,0.0,0.0,0.0,0.0,0.0
2008-04-04,0.4939030926204385,0.011141816322638182,0.0,0.0,0.0,0.08995559310871229,0.020043861008558882,0.0,0.07073586113844366,0.0,0.05912625626529436,0.0,0.0,0.0,0.09431448151792488,0.0,0.02829434445537746,0.037725792607169954,0.0887794400028317,0.0,0.0,0.0,0.0,0.0,0.0,0.005979460952609798,0.0,0.0,0.0,0.0,0.0,0.0,0.0,0.0,0.0
2008-04-11,0.49049499796196194,0.010434571305339297,0.0,0.0,0.0,0.08807995699566466,0.01879309052502635,0.0,0.07556330975835089,0.0,0.056454240984166466,0.0,0.0,0.0,0.1007510796778012,0.0,0.030225323903340356,0.04030043187112048,0.08380589705319755,0.0,0.0,0.0,0.0,0.0,0.0,0.0050970999640304535,0.0,0.0,0.0,0.0,0.0,0.0,0.0,0.0,0.0
2008-04-18,0.4885390358844154,0.012531637701978689,0.0,0.0,0.0,0.09547886804028094,0.02193738765497754,0.0,0.0630844002505979,0.0,0.06597852196912615,0.0,0.0,0.0,0.08411253366746388,0.0,0.02523376010023916,0.033645013466985556,0.10394527849004999,0.0,0.0,0.0,0.0,0.0,0.0,0.005513562773884626,0.0,0.0,0.0,0.0,0.0,0.0,0.0,0.0,0.0
2008-04-25,0.44374762758931846,0.02319442932543466,0.0,0.0,0.0,0.09949872913701904,0.017099204327377788,0.0,0.07312784010801429,0.0,0.06762190972041798,0.0,0.0,0.0,0.09750378681068572,0.0,0.029251136043205714,0.039001514724274294,0.08820595383497876,0.0,0.0,0.0,0.008905263547194838,0.0,0.0,0.01284260483207815,0.0,0.0,0.0,0.0,0.0,0.0,0.0,0.0,0.0
2008-05-02,0.4446060881006051,0.02359107655926267,0.0,0.0,0.0,0.09956693527786684,0.016923630834368708,0.0,0.07214321041848529,0.0,0.06988463357594975,0.0,0.0,0.0,0.09619094722464705,0.0,0.028857284167394113,0.038476378889858824,0.08896674218005485,0.0,0.0,0.0,0.007867820899355865,0.0,0.0,0.01292525187215066,0.0,0.0,0.0,0.0,0.0,0.0,0.0,0.0,0.0
2008-05-09,0.4317669794832172,0.017949130794739875,0.0,0.0,0.0,0.10398694034148973,0.027837577436347873,0.0,0.06737265893551726,0.0,0.07680907071664178,0.0,0.0,0.0,0.089830211914023,0.0,0.0269490635742069,0.035932084765609204,0.08189152214254967,0.0,0.0,0.0,0.015491644949185096,0.0,0.0,0.02418311494647219,0.0,0.0,0.0,0.0,0.0,0.0,0.0,0.0,0.0
2008-05-16,0.3764307136207592,0.03987039230931427,0.0,0.0,0.0,0.12819502738342914,0.030820283678248205,0.0,0.023103941200564554,0.0,0.13493504100565984,0.0,0.0,0.0,0.030805254934086073,0.0,0.00924157648022582,0.01232210197363443,0.15504882345941784,0.0,0.0,0.0,0.01985654833301609,0.0,0.0,0.029645190826956727,0.0,0.0,0.0,0.0,0.0,0.009725104794687474,0.0,0.0,0.0
2008-05-23,0.4232179445391032,0.016722677722698295,0.0,0.0,0.0,0.10737266597275755,0.03578683362856407,0.0,0.05896237235574359,0.0,0.08359119796915335,0.0,0.0,0.0,0.07861649647432478,0.0,0.023584948942297436,0.03144659858972992,0.08607024844395257,0.0,0.0,0.0,0.02103552648234384,0.0,0.0,0.03359248887933106,0.0,0.0,0.0,0.0,0.0,0.0,0.0,0.0,0.0
2008-05-30,0.284254469853601,0.029634864898467745,0.0,0.030042179232140184,0.0,0.1493479395931294,0.08850219319598493,0.0,0.024109394615983045,0.0,0.11349836579911365,0.0,0.0,0.0,0.03214585948797739,0.0,0.009643757846393219,0.01285834379519096,0.1412927086040508,0.0,0.0,0.0,0.0339725785728547,0.0,0.0,0.050697344505112506,0.0,0.0,0.0,0.0,0.0,0.0,0.0,0.0,0.0
2008-06-06,0.34080694031400105,0.023665409711748103,0.0,0.017082580486461177,0.0,0.1257205673195814,0.06318965985162965,0.0,0.06236617308916595,0.0,0.07076241905097522,0.0,0.0,0.0005496228876872803,0.08315489745222127,0.0,0.02494646923566638,0.03326195898088851,0.09578728551973198,0.0,0.0,0.0,0.020667588931949768,0.0,0.0,0.03803842716829197,0.0,0.0,0.0,0.0,0.0,0.0,0.0,0.0,0.0
2008-06-13,0.2930465319368095,0.028410707090706977,0.0,0.028268925960626294,0.0,0.14778793326321296,0.08081001169781804,0.0,0.02818313002772182,0.0,0.11459977316371243,0.0,0.0,0.0010752591594179225,0.03757750670362909,0.0,0.011273252011088726,0.015031002681451638,0.13632388655511307,0.0,0.0,0.0,0.028268925960626294,0.0,0.0,0.04934315378806496,0.0,0.0,0.0,0.0,0.0,0.0,0.0,0.0,0.0
2008-06-20,0.2974414649043113,0.028380559689904744,0.0,0.026794462419492446,0.0035033156456124905,0.14432225972626106,0.07816664152830857,0.0,0.0351752501954218,0.0,0.10663081671138742,0.0,0.0,0.004267075589086777,0.04690033359389574,0.0,0.01407010007816872,0.018760133437558297,0.11770494656962699,0.0,0.0,0.0,0.030699018360366908,0.0,0.0,0.047183621550596355,0.0,0.0,0.0,0.0,0.0,0.0,0.0,0.0,0.0
2008-06-27,0.30356858441550816,0.0,0.0,0.0,0.0,0.27288253566191967,0.05015462529877596,0.0,0.03932987602964789,0.0,0.1327629719754212,0.0,0.0,0.0,0.05243983470619719,0.0,0.015731950411859156,0.020975933882478877,0.09356097399113003,0.0,0.0,0.0,0.0,0.0,0.0,0.018592713627061573,0.0,0.0,0.0,0.0,0.0,0.0,0.0,0.0,0.0
2008-07-04,0.34757188954461093,0.008734251209536395,0.0,0.0,0.0,0.20273800254429308,0.041660721505763394,0.0,0.07193326944168706,0.0,0.08097315093837906,0.0,0.0,0.0033215516203372445,0.0959110259222494,0.0,0.02877330777667482,0.038364410368899766,0.0658211440100974,0.0,0.0,0.0,0.0,0.0,0.0,0.01419727511747115,0.0,0.0,0.0,0.0,0.0,0.0,0.0,0.0,0.0
2008-07-11,0.3067767466651593,0.006370028727751821,0.0,0.0,0.0,0.24826660077636567,0.061363191930581165,0.0,0.027881367394917707,0.0,0.13803242650978123,0.0,0.0,0.0006666259379940684,0.037175156526556945,0.0,0.011152546957967082,0.014870062610622778,0.1381123452896927,0.0,0.0,0.0,0.0,0.0,0.0,0.009332900672609293,0.0,0.0,0.0,0.0,0.0,0.0,0.0,0.0,0.0
2008-07-18,0.3541759217913695,0.01372149160567741,0.0,0.0,0.0,0.1720540552254627,0.04924021043447797,0.0,0.06804978572621607,0.0,0.0863908434577427,0.0,0.0,0.0,0.09073304763495475,0.0,0.027219914290486424,0.036293219053981904,0.09577754749781558,0.0,0.0,0.0,0.0,0.0,0.0,0.0063439632818147835,0.0,0.0,0.0,0.0,0.0,0.0,0.0,0.0,0.0
2008-07-25,0.4258757610476649,0.022811571911940016,0.0,0.0,0.0,0.12939351169411462,0.031547638483450095,0.0,0.071025863055811,0.0,0.07754795186537021,0.0,0.0,0.0,0.09470115074108135,0.0,0.028410345222324402,0.03788046029643254,0.08080574568181065,0.0,0.0,0.0,0.0,0.0,0.0,0.0,0.0,0.0,0.0,0.0,0.0,0.0,0.0,0.0,0.0
2008-08-01,0.40960814657862366,0.02813939306481086,0.0,0.0,0.0,0.16459544336909288,0.039483876179397574,0.0,0.029144882766662168,0.0,0.12683852674343432,0.0,0.0,0.0,0.03885984368888289,0.0,0.011657953106664867,0.015543937475553158,0.13612799702687733,0.0,0.0,0.0,0.0,0.0,0.0,0.0,0.0,0.0,0.0,0.0,0.0,0.0,0.0,0.0,0.0
2008-08-08,0.40715037817897487,0.01779906078154949,0.0,0.0,0.0,0.15584097235941685,0.03106082069655939,0.0,0.07153528563315613,0.0,0.08562041023475563,0.0,0.0,0.0,0.09538038084420816,0.0,0.02861411425326245,0.03815215233768327,0.06884642468043345,0.0,0.0,0.0,0.0,0.0,0.0,0.0,0.0,0.0,0.0,0.0,0.0,0.0,0.0,0.0,0.0
2008-08-15,0.3698972527317155,0.018622075850632823,0.0,0.0,0.0,0.2025287323132893,0.03840599049574224,0.0,0.04638152792824814,0.0,0.13113649733364885,0.0,0.0,0.0,0.06184203723766418,0.0,0.018552611171299253,0.024736814895065674,0.08789646004269389,0.0,0.0,0.0,0.0,0.0,0.0,0.0,0.0,0.0,0.0,0.0,0.0,0.0,0.0,0.0,0.0
2008-08-22,0.38646496978900696,0.016666062009281713,0.0,0.0,0.0,0.1767291990977212,0.037788250152970625,0.0,0.05849540738000244,0.0,0.11592655620044706,0.0,0.0,0.0,0.07799387650666992,0.0,0.023398162952000975,0.03119755060266797,0.07533996530923096,0.0,0.0,0.0,0.0,0.0,0.0,0.0,0.0,0.0,0.0,0.0,0.0,0.0,0.0,0.0,0.0
2008-08-29,0.2993227319008065,0.03671842604983556,0.0,0.0,0.0,0.1175045819600431,0.07615388705837453,0.0,0.05685903090043577,0.0017029118671151786,0.09093425401174303,0.0,0.0,0.0,0.07581204120058103,0.0,0.022743612360174307,0.030324816480232414,0.19192370621065835,0.0,0.0,0.0,0.0,0.0,0.0,0.0,0.0,0.0,0.0,0.0,0.0,0.0,0.0,0.0,0.0
2008-09-05,0.27709074925710697,0.05021650165419751,0.0,0.0,0.0,0.130191276005184,0.08042397173707673,0.0,0.04197653659718944,0.0017210224042088988,0.09200597178509365,0.0,0.0,0.0,0.05596871546291925,0.0,0.016790614638875774,0.022387486185167702,0.23122715427297988,0.0,0.0,0.0,0.0,0.0,0.0,0.0,0.0,0.0,0.0,0.0,0.0,0.0,0.0,0.0,0.0
2008-09-12,0.2754583459899691,0.04718393898250431,0.0,0.0,0.0,0.13027154771713595,0.07878299146351059,0.0,0.03955477620065344,0.0024219147416914546,0.09202956947063251,0.0,0.0,0.0004946283907169694,0.05273970160087125,0.0,0.015821910480261374,0.0210958806403485,0.24414479432170422,0.0,0.0,0.0,0.0,0.0,0.0,0.0,0.0,0.0,0.0,0.0,0.0,0.0,0.0,0.0,0.0
2008-09-19,0.3135637354851225,0.04447517365798012,0.0,0.0,0.0,0.11984919166167793,0.06782612714623705,0.0,0.06637885919090562,0.00472735928290658,0.06112141860894854,0.0,0.0,0.0026581353319226598,0.08850514558787417,0.0,0.02655154367636225,0.03540205823514967,0.16761126398936027,0.0,0.0,0.0,0.001329988145552302,0.0,0.0,0.0,0.0,0.0,0.0,0.0,0.0,0.0,0.0,0.0,0.0
2008-09-26,0.49131993811896946,0.01728150041108527,0.0,0.0,0.0,0.07230197764885195,0.025557289693412796,0.0,0.04827818442649558,0.001009788873651911,0.0785825922139358,0.0,0.0,0.0006782850896286705,0.06437091256866077,0.0,0.01931127377059823,0.02574836502746431,0.13066915056330541,0.0,0.0,0.0,0.02489074159393954,0.0,0.0,0.0,0.0,0.0,0.0,0.0,0.0,0.0,0.0,0.0,0.0
2008-10-03,0.494051613903739,0.013376642691448495,0.0,0.0,0.0,0.06848228712733045,0.02224960703760723,0.0,0.0636930311164127,0.001711915023653331,0.06146914562049863,0.0,0.0,0.0,0.08492404148855026,0.0,0.02547721244656508,0.03396961659542011,0.11005209222445808,0.0,0.0,0.0,0.020542794724316304,0.0,0.0,0.0,0.0,0.0,0.0,0.0,0.0,0.0,0.0,0.0,0.0
2008-10-10,0.47994865481725935,0.017883144056982422,0.0,0.0,0.0,0.07631793557095043,0.029782004344849802,0.0,0.03421676794256028,0.0010248750539260912,0.09125574925244051,0.0,0.0,0.0,0.045622357256747036,0.0,0.01368670717702411,0.018248942902698816,0.16092050995613655,0.0,0.0,0.0,0.03109235166842467,0.0,0.0,0.0,0.0,0.0,0.0,0.0,0.0,0.0,0.0,0.0,0.0
2008-10-17,0.4672438496648916,0.017115423260728846,0.0,0.0,0.0,0.09129050205982797,0.03159245825218357,0.0,0.03245088082777686,0.0009647950564776703,0.08207142407213355,0.0,0.0,0.0,0.043267841103702485,0.0,0.012980352331110744,0.017307136441480995,0.16410687206865884,0.0,0.0,0.0,0.039608464861026656,0.0,0.0,0.0,0.0,0.0,0.0,0.0,0.0,0.0,0.0,0.0,0.0
2008-10-24,0.46974006488662,0.017776551764079503,0.0,0.0,0.0,0.09400508135300818,0.03153389801261669,0.0,0.027867389797661506,0.002345276653195512,0.08525672289647221,0.0,0.0,0.0,0.03715651973021534,0.0,0.011146955919064602,0.014862607892086138,0.16785554442853612,0.0,0.0,0.0,0.0404533866664439,0.0,0.0,0.0,0.0,0.0,0.0,0.0,0.0,0.0,0.0,0.0,0.0
2008-10-31,0.48179500261410957,0.01883683345120682,0.0,0.0,0.0,0.09406627960938335,0.032220093898618136,0.0,0.024543510084854857,0.0006798522744955107,0.07678977202893131,0.0,0.0,0.0,0.03272468011313981,0.0,0.009817404033941941,0.013089872045255925,0.21473289371925908,0.0,0.0,0.0,0.0007038061268034551,0.0,0.0,0.0,0.0,0.0,0.0,0.0,0.0,0.0,0.0,0.0,0.0
2008-11-07,0.4821203451752831,0.01758240448916927,0.0,0.0,0.0,0.09677070706084512,0.03179284703951761,0.0,0.02971617224782209,0.0003387827985250512,0.07413366000848308,0.0,0.0,0.0,0.03962156299709612,0.0,0.011886468899128835,0.015848625198838447,0.20001554473780386,0.0,0.0,0.0,0.0001728793474871153,0.0,0.0,0.0,0.0,0.0,0.0,0.0,0.0,0.0,0.0,0.0,0.0
2008-11-14,0.48494853464285825,0.01867442855542492,0.0,0.0,0.0,0.10119373996576178,0.029971482612962248,0.0,0.03142956431149006,6.377616823371604e-05,0.06579720609806414,0.0,0.0,0.0,0.04190608574865342,0.0,0.012571825724596024,0.01676243429946137,0.19621930914142494,0.0,0.0,0.0,0.00046161273106880415,0.0,0.0,0.0,0.0,0.0,0.0,0.0,0.0,0.0,0.0,0.0,0.0
2008-11-21,0.4903785096710128,0.01626702390813688,0.0,0.0,7.992411351076766e-05,0.09538221269445657,0.026967895444805913,0.0,0.04529170235561139,0.0003288769339892373,0.060976725243048494,0.0,0.0,0.0,0.06038893647414852,0.0,0.018116680942244556,0.02415557458965941,0.16166593762937517,0.0,0.0,0.0,0.0,0.0,0.0,0.0,0.0,0.0,0.0,0.0,0.0,0.0,0.0,0.0,0.0
2008-11-28,0.4925866876376141,0.0002431757310063492,0.0,0.0,0.0,0.1120711987005848,0.029310924733064396,0.0,0.032706851102773195,0.0,0.07209989948406437,0.0,0.0,0.0,0.043609134803697595,0.0,0.013082740441109277,0.01744365392147904,0.18684573344460675,0.0,0.0,0.0,0.0,0.0,0.0,0.0,0.0,0.0,0.0,0.0,0.0,0.0,0.0,0.0,0.0
2008-12-05,0.49655057322233404,0.00014429322955083346,0.0,0.0,0.0,0.1088607618108039,0.028630540958047894,0.0,0.0370560849723478,0.0002409893828018321,0.06863439023725516,0.0,0.0,0.0,0.04940811329646373,0.0,0.01482243398893912,0.019763245318585497,0.17588857358286986,0.0,0.0,0.0,0.0,0.0,0.0,0.0,0.0,0.0,0.0,0.0,0.0,0.0,0.0,0.0,0.0
2008-12-12,0.4983625562009265,0.00012964255574915084,0.0,0.0,0.00028296286260821456,0.1047522979062757,0.027155407398339097,0.0,0.04351131625666734,0.0,0.06405253762252769,0.0,0.0,0.0,0.05801508834222312,0.0,0.017404526502666936,0.02320603533688925,0.16312762901512662,0.0,0.0,0.0,0.0,0.0,0.0,0.0,0.0,0.0,0.0,0.0,0.0,0.0,0.0,0.0,0.0
2008-12-19,0.5037556783235924,0.00014493413849243875,0.0,0.0,0.0003177928204541797,0.09963891883516568,0.025492894846956826,0.0,0.05189548824686831,0.0,0.057724493555401504,0.0,0.0,0.0,0.06919398432915774,0.0,0.020758195298747322,0.0276775937316631,0.14340002587350015,0.0,0.0,0.0,0.0,0.0,0.0,0.0,0.0,0.0,0.0,0.0,0.0,0.0,0.0,0.0,0.0
2008-12-26,0.5005556960689905,0.016788266295924698,0.0,0.0,0.0002877256817067692,0.06878107571324121,0.02775979092772847,0.0,0.03957275638678235,0.0,0.09049447453881518,0.0,0.0,0.0,0.05276367518237647,0.0,0.01582910255471294,0.021105470072950588,0.16606196657677058,0.0,0.0,0.0,0.0,0.0,0.0,0.0,0.0,0.0,0.0,0.0,0.0,0.0,0.0,0.0,0.0
2009-01-02,0.4958950299521576,0.01760529571332336,0.0,0.0,0.0002762462468072698,0.07024363124827648,0.028662413389678197,0.0,0.03521025608453076,0.0,0.09552019979701645,0.0,0.0,0.0,0.046947008112707675,0.0,0.014084102433812303,0.018778803245083072,0.17677701377660654,0.0,0.0,0.0,0.0,0.0,0.0,0.0,0.0,0.0,0.0,0.0,0.0,0.0,0.0,0.0,0.0
2009-01-09,0.4956266075672473,0.01609896174933012,0.0,0.0,0.0001442241742737946,0.06841027307364425,0.026554832152265118,0.0,0.04460373734573768,0.0,0.08806643142384299,0.0,0.0,0.0,0.059471649794316905,0.0,0.01784149493829507,0.023788659917726763,0.15939312786331977,0.0,0.0,0.0,0.0,0.0,0.0,0.0,0.0,0.0,0.0,0.0,0.0,0.0,0.0,0.0,0.0
2009-01-16,0.4990357839432243,0.015164216090890963,0.0,0.0,0.0004212112852982203,0.06762138235333827,0.025346125352928413,0.0,0.04880944899642714,0.0,0.08645814663778065,0.0,0.0,0.0,0.06507926532856952,0.0,0.019523779598570854,0.02603170613142781,0.1465089342815436,0.0,0.0,0.0,0.0,0.0,0.0,0.0,0.0,0.0,0.0,0.0,0.0,0.0,0.0,0.0,0.0
2009-01-23,0.4940055020819306,0.016892824796422637,0.0,0.0,0.00018710819416744412,0.06996154842743979,0.027658508389985844,0.0,0.03937975391330574,0.0,0.09712137088488791,0.0,0.0,0.0,0.05250633855107432,0.0,0.015751901565322295,0.02100253542042973,0.16553260777503348,0.0,0.0,0.0,0.0,0.0,0.0,0.0,0.0,0.0,0.0,0.0,0.0,0.0,0.0,0.0,0.0
2009-01-30,0.4468047278900893,0.00034142087278151155,0.0,0.0,0.025020302836156486,0.08334439815523915,0.03399970545534757,0.0,0.07063696881906296,0.0,0.07761989640111036,0.0,0.0,0.0,0.09418262509208394,0.0,0.028254787527625183,0.037673050036833584,0.10212211691366971,0.0,0.0,0.0,0.0,0.0,0.0,0.0,0.0,0.0,0.0,0.0,0.0,0.0,0.0,0.0,0.0
2009-02-06,0.4500977797505845,0.00015264372174496744,0.0,0.0,0.02368176281944976,0.08133540271834161,0.03268347357907225,0.0,0.0744762343075837,0.0,0.07140738276242857,0.0,0.0,0.0,0.09930164574344494,0.0,0.029790493723033478,0.039720658297377975,0.097352522576938,0.0,0.0,0.0,0.0,0.0,0.0,0.0,0.0,0.0,0.0,0.0,0.0,0.0,0.0,0.0,0.0
2009-02-13,0.45239191831576964,0.000516706583137616,0.0,0.0,0.022230189231095814,0.07918829478214195,0.03110959129377229,0.0,0.07862128799327177,0.0,0.06623001608258286,0.0,0.0,0.0,0.10482838399102903,0.0,0.03144851519730871,0.04193135359641161,0.09150374293347854,0.0,0.0,0.0,0.0,0.0,0.0,0.0,0.0,0.0,0.0,0.0,0.0,0.0,0.0,0.0,0.0
2009-02-20,0.4507848900585185,0.00015860413590725563,0.0,0.0,0.022535206636675697,0.07998123002343112,0.03174247014811978,0.0,0.07783841533379836,0.0,0.06620404081037325,0.0,0.0,0.0,0.10378455377839782,0.0,0.031135366133519343,0.04151382151135913,0.09432140142989953,0.0,0.0,0.0,0.0,0.0,0.0,0.0,0.0,0.0,0.0,0.0,0.0,0.0,0.0,0.0,0.0
2009-02-27,0.5085452270674387,0.00030605804467411223,0.0,0.0,0.01064055054928936,0.08084255031305072,0.02141383953044634,0.0,0.07211387098727169,0.0,0.06065245925280492,0.0,0.0,0.0,0.09615182798302893,0.0,0.028845548394908677,0.03846073119321158,0.08202733668387469,0.0,0.0,0.0,0.0,0.0,0.0,0.0,0.0,0.0,0.0,0.0,0.0,0.0,0.0,0.0,0.0
2009-03-06,0.5079430693288911,0.00017219019898131763,0.0,0.0,0.010410422463409605,0.08071352123869177,0.020832333724936,0.0,0.07363915422764525,0.0,0.05919031024422621,0.0,0.0,0.0,0.09818553897019366,0.0,0.029455661691058097,0.03927421558807747,0.08018358232388935,0.0,0.0,0.0,0.0,0.0,0.0,0.0,0.0,0.0,0.0,0.0,0.0,0.0,0.0,0.0,0.0
2009-03-13,0.5079939256008772,0.0004342808234032697,0.0,0.0,0.01022599304156105,0.08069241121481449,0.020524308662263974,0.0,0.0742792738264387,0.0,0.05768117111598471,0.0,0.0,0.0,0.09903903176858493,0.0,0.02971170953057548,0.039615612707433974,0.079802281708062,0.0,0.0,0.0,0.0,0.0,0.0,0.0,0.0,0.0,0.0,0.0,0.0,0.0,0.0,0.0,0.0
2009-03-20,0.50704978910159,0.00017565122616278566,0.0,0.0,0.01091917447554888,0.0989762786607517,0.020299099306469937,0.0,0.07365711352410481,0.0,0.04117759120645888,0.0,0.0,5.244415811810909e-05,0.09820948469880642,0.0,0.029462845409641922,0.03928379387952257,0.08073673435282368,0.0,0.0,0.0,0.0,0.0,0.0,0.0,0.0,0.0,0.0,0.0,0.0,0.0,0.0,0.0,0.0
2009-03-27,0.49021170869119846,0.0002879262769802405,0.0,0.0,0.0,0.1523443859943899,0.02640568229257368,0.0,0.04623481665673739,0.0,0.05744064813221521,0.0,0.0,5.11284562793175e-05,0.061646422208983184,0.0,0.018493926662694955,0.024658568883593277,0.12222478574435405,0.0,0.0,0.0,0.0,0.0,0.0,0.0,0.0,0.0,0.0,0.0,0.0,0.0,0.0,0.0,0.0
2009-04-03,0.4974725833460917,0.00029420846069929,0.0,0.0,0.0,0.12582539519031577,0.02167138977098515,0.0,0.06728881222529619,0.0,0.04451814005976433,0.0,0.0,0.0,0.08971841630039493,0.0,0.026915524890118475,0.03588736652015797,0.09040816323617604,0.0,0.0,0.0,0.0,0.0,0.0,0.0,0.0,0.0,0.0,0.0,0.0,0.0,0.0,0.0,0.0
2009-04-10,0.49795683507207417,0.0006364042161186438,0.0,0.0,0.0,0.11552351273233613,0.019910375605149654,0.0,0.07492085394048952,0.0,0.03953801135197748,0.0,0.0,4.937037122689561e-05,0.09989447192065268,0.0,0.029968341576195802,0.039957788768261074,0.08164403444551765,0.0,0.0,0.0,0.0,0.0,0.0,0.0,0.0,0.0,0.0,0.0,0.0,0.0,0.0,0.0,0.0
2009-04-17,0.4900185196817765,0.0003111222874272661,0.0,0.0,0.0,0.16195106054886105,0.028164634348168294,0.0,0.03848567655584164,0.0,0.06254771068076377,0.0,0.0,5.3343940737748775e-05,0.05131423540778886,0.0,0.015394270622336656,0.020525694163115542,0.13123373176318254,0.0,0.0,0.0,0.0,0.0,0.0,0.0,0.0,0.0,0.0,0.0,0.0,0.0,0.0,0.0,0.0
2009-04-24,0.3493633398869306,0.0017182862211198699,0.0,0.0,0.0,0.17396307842522513,0.07189937522961937,0.0,0.05482316969060302,0.0,0.08293002983742279,0.0,0.0,0.0,0.07309755958747069,0.0,0.021929267876241207,0.02923902383498828,0.1410368694103789,0.0,0.0,0.0,0.0,0.0,0.0,0.0,0.0,0.0,0.0,0.0,0.0,0.0,0.0,0.0,0.0
2009-05-01,0.35716682321460747,0.00017060796157278928,0.0,0.0,0.0,0.15933528887329707,0.06814632552113892,0.0,0.06190926521364171,0.0,0.07732633963406478,0.0,0.0,0.0,0.08254568695152227,0.0,0.02476370608545668,0.03301827478060891,0.13444156871195134,0.0,0.0,0.0,0.0,0.0,0.0,0.0011761130521378573,0.0,0.0,0.0,0.0,0.0,0.0,0.0,0.0,0.0
2009-05-08,0.31478108798607685,0.0017157030522589258,0.0,0.0,0.0,0.1756426831800363,0.10742225901294629,0.0,0.023764573898895816,0.0,0.14879445655637397,0.0,0.0,0.0,0.031686098531861086,0.0,0.009505829559558325,0.012674439412744437,0.17301974699068276,0.0,0.0,0.0,0.0,0.0,0.0,0.0009931218185650896,0.0,0.0,0.0,0.0,0.0,0.0,0.0,0.0,0.0
2009-05-15,0.33334404720536825,0.0014345388843515193,0.0,0.0,0.0,0.18733447988709898,0.08734424315651543,0.0,0.038580407714443356,0.0,0.1320340390666637,0.0,0.0,0.0,0.0514405436192578,0.0,0.01543216308577734,0.020576217447703122,0.1318545336395888,0.0,0.0,0.0,0.0,0.0,0.0,0.0006247862932315749,0.0,0.0,0.0,0.0,0.0,0.0,0.0,0.0,0.0
2009-05-22,0.311925884916797,0.000525577168839134,0.0,0.0,0.0,0.17133857980240222,0.10754127841603978,0.0,0.030495288015946517,0.0,0.14493614308269914,0.0,0.0,0.0,0.04066038402126202,0.0,0.012198115206378606,0.01626415360850481,0.16290034433569206,0.0,0.0,0.0,0.0,0.0,0.0,0.0012142514254385422,0.0,0.0,0.0,0.0,0.0,0.0,0.0,0.0,0.0
2009-05-29,0.36549475101370776,0.00021078056460406403,0.0,0.027675917490460566,0.0,0.13019203717376596,0.07408585546245343,0.0,0.054899199858310814,0.0,0.11150630214674417,0.0,0.0,0.0,0.07319893314441442,0.0,0.021959679943324324,0.02927957325776577,0.08235826851244339,0.0,0.0,0.0,0.0,0.0,0.0,0.029138701432004924,0.0,0.0,0.0,0.0,0.0,0.0,0.0,0.0,0.0
2009-06-05,0.33407590667929293,0.0012223086335348007,0.0,0.03387334308008583,0.0,0.15620964614593233,0.08992963117964485,0.0,0.029941510288721954,0.0,0.16287839360051454,0.0,0.0,0.006244614964695385,0.039922013718295936,0.0,0.01197660411548878,0.015968805487318376,0.07614911545246512,0.0,0.0,0.0,0.0,0.0,0.0,0.0348996400416615,0.0,0.0,0.0,0.0,0.006708466612347581,0.0,0.0,0.0,0.0
2009-06-12,0.3353003713299888,0.0051223845741686915,0.0,0.03364466096932949,0.0,0.15870785828222933,0.08964967612178362,0.0,0.031083936247361395,0.0,0.16086320700250123,0.0,0.0,0.0,0.04144524832981519,0.0,0.012433574498944559,0.01657809933192608,0.0697836086203786,0.0,0.0,0.0,0.0,0.0,0.0,0.037115790013558664,0.0,0.0,0.0,0.0,0.005539791602181236,0.0027317930758329516,0.0,0.0,0.0
2009-06-19,0.33744444440995,0.0012847884226664034,0.0,0.032110068125658295,0.0,0.13475438699524164,0.08593970695428567,0.0,0.03126242341307854,0.0,0.1804473136607396,0.0,0.0,0.0,0.041683231217438055,0.0,0.012504969365231416,0.016673292486975223,0.07696327946292157,0.0,0.0,0.0,0.0,0.0,0.0,0.03336689609425521,0.0,0.0,0.0,0.0,0.008125794851900955,0.0030705411674310477,0.0,0.004368863372226054,0.0
2009-06-26,0.21167589868172554,0.00407565447903416,0.0,0.02678093542781581,0.0,0.1897470825712376,0.09996826627673885,0.0,0.028583096614716506,0.0,0.2145784113609266,0.0,0.0,0.0,0.03811079548628868,0.0,0.03821417407370241,0.015244318194515471,0.09351683528359242,0.0,0.0,0.0,0.0,0.0,0.0,0.029616290710021607,0.0,0.0,0.0,0.0,0.006369896448236576,0.0035183443914474297,0.0,0.0,0.0
2009-07-03,0.18003821357200547,0.003908924389503431,0.008555483302824064,0.029138885339202687,0.0,0.1614864037076345,0.08990176144936017,0.0,0.03860676431842225,0.0,0.17219620473521263,0.0,0.0,0.028773360921722682,0.05147568575789633,0.0,0.044581591066571585,0.02059027430315853,0.10238132951561157,0.0,0.0,0.0,0.0,0.0,0.0,0.0438033734198317,0.0,0.0,0.0,0.0,0.024561744201041937,0.0,0.0,0.0,0.0
2009-07-10,0.18526380505808793,0.004143561332702232,0.004379431016730026,0.029936773529529018,0.0,0.1765152020960043,0.09566531934735972,0.0,0.045799266492026466,0.0,0.15713322694046566,0.0,0.0,0.0221825501213241,0.06106568865603529,0.0,0.0482564801263396,0.024426275462414115,0.0920962331780317,0.0,0.0,0.0,0.0,0.0,0.0,0.04001667598698004,0.0,0.0,0.0,0.0,0.013119510655969484,0.0,0.0,0.0,0.0
2009-07-17,0.13303124200884298,0.0,0.005068012860710171,0.03822104318111614,0.0007388063765512747,0.17974556257608904,0.1151173646855716,0.0,0.02472092004872594,0.0,0.19868352408947415,0.0,0.0,0.03305755858267804,0.03296122673163459,0.0,0.04607929330151592,0.013184490692653837,0.1043657335606345,0.0,0.0,0.001667574534953168,0.0,0.0,0.0,0.04707160835204929,0.0,0.0,0.0,0.0,0.026286038416798947,0.0,0.0,0.0,0.0
2009-07-24,0.1771098630088006,0.0,0.0045952158615433746,0.02917549184477259,0.0,0.17103059561748862,0.09879423915481175,0.0,0.041895897067541175,0.0,0.17410559222324376,0.0,0.0,0.027286968319031962,0.055861196090054896,0.0,0.04534566910503144,0.02234447843602196,0.09337688639579628,0.0,0.0,0.00019858226788998932,0.0,0.0,0.0,0.038825376821360724,0.0,0.0,0.0,0.0,0.020053947786610484,0.0,0.0,0.0,0.0
2009-07-31,0.14242727821895815,0.0,0.01661965872335327,0.03170241898324895,0.0006439197731783667,0.18832905013816784,0.08684115468629242,0.0,0.020768915073049534,0.0,0.20868545175372705,0.0,0.0,0.07730684932308542,0.02769188676406605,0.0,0.03818885997672755,0.01107675470562642,0.03735635251130448,0.0,0.0,0.0021801451389151945,0.029881293947507735,0.0,0.0,0.05139537961698202,0.0,0.0,0.0,0.0,0.028904630665809034,0.0,0.0,0.0,0.0
2009-08-07,0.11570425852882801,0.0,0.01712008929534242,0.02940750383639923,0.0002223173973328326,0.19754623189132295,0.08761902616725267,0.0,0.017257582612862504,0.0,0.2257660332418132,0.0,0.0,0.08327190755933186,0.023010110150483338,0.0,0.03631053688154423,0.009204044060193336,0.04254142010500223,0.0,0.0,0.0,0.02940750383639923,0.0,0.0,0.05321086150008146,0.0,0.0,0.0,0.0,0.03240057293580997,0.0,0.0,0.0,0.0
2009-08-14,0.12998644664232134,0.0,0.011461255779954493,0.029051247433030232,0.0,0.19095414637771319,0.08351369634182151,0.0,0.023745569960611793,0.0,0.2039009138314562,0.0,0.0,0.08459133035114055,0.03166075994748239,0.0,0.03854947541727495,0.012664303978992958,0.04205826428851332,0.0,0.0,0.0,0.029051247433030232,0.0,0.0,0.044757030487018915,0.0,0.0,0.0,0.0,0.044054311729637405,0.0,0.0,0.0,0.0
2009-08-21,0.1557317774259155,0.0,0.007839128234452488,0.02980721445502487,0.0,0.1517495803846766,0.08329319451745992,0.0,0.03361429199402932,0.0,0.18182831571487063,0.0,0.0,0.1053902097271996,0.04481905599203909,0.0,0.041906942468604075,0.01792762239681564,0.03298810625930791,0.0,0.0,0.0021303033558723716,0.02846122567099235,0.0,0.0,0.0432910793399323,0.0,0.0,0.0,0.0,0.03922195206280679,0.0,0.0,0.0,0.0
2009-08-28,0.17025536332822874,0.0,0.0027198940000490936,0.03253714831673842,0.0008070342429014372,0.1571603656845115,0.08681153055734847,0.0,0.03704004071007785,0.0021499861378243487,0.18848612135588877,0.0,0.0,0.011598838618922655,0.04938672094677046,0.0,0.04440324641654995,0.019754688378708186,0.08808612462832566,0.0,0.0,0.012980502431808346,0.029402886251775638,0.0,0.022676597217942206,0.03768088449202904,0.0,0.0,0.0,0.0,0.006062026283598513,0.0,0.0,0.0,0.0
2009-09-04,0.15521280860169226,0.0,0.0,0.03332044044428788,0.0022954120055762328,0.14962924207165293,0.1123893376080915,0.0,0.034803479591389214,0.0007455673097297006,0.19579366403172943,0.0,0.0,0.009235013756740124,0.046404639455185616,0.0,0.044490022162797085,0.018561855782074248,0.07920336175684171,0.0,0.0,0.0035165901548473134,0.030568630326241405,0.0,0.02793513221618013,0.03549275098849529,0.0,0.0,0.0017083953660077973,0.0,0.00330570830320391,0.0,0.0,0.015387948067235488,0.0
2009-09-11,0.16832296758844967,0.0,0.0030785380785910204,0.03237182509697396,0.00035953981971079027,0.14610770982245747,0.1069150596367769,0.0,0.039593311933397816,0.0011909088416364002,0.18258197092821915,0.0,0.0,0.008940795735426006,0.05279108257786376,0.0,0.057401627504090585,0.021116433031145503,0.07720456032592876,0.0,0.0,0.005158872645152915,0.03152165170301939,0.0,0.0,0.03928423928876447,0.0,0.0,0.0,0.0,0.001541362044092138,0.0,0.0,0.024517543398302886,0.0
2009-09-18,0.15707271543866141,0.0,0.003611607456134317,0.03382870590030505,0.002251046476525595,0.16304432875895847,0.09328488346470871,0.0,0.0353318681895444,0.0007989683172330117,0.20064224781893472,0.0,0.0,0.00706700889153203,0.0471091575860592,0.0,0.045517930299073237,0.018843663034423683,0.09106621138770374,0.0,0.0,0.0035835807420189626,0.03138518302325548,0.0,0.0,0.04072987180223035,0.0,0.0,0.002392781832416164,0.0,0.0,0.022438239580280975,0.0,0.0,0.0
2009-09-25,0.16695920026149513,0.0,0.002651126041648499,0.030395528832792385,0.0030420436997191116,0.1500682899369866,0.10488624500140975,0.0,0.0442571452283395,0.0,0.19502911311431695,0.0,0.0,0.0071477650769680295,0.05900952697111933,0.0,0.04476900554794075,0.023603810788447734,0.03844653302517589,0.0,0.0,0.003712961288686564,0.027145831341095328,0.0,0.0,0.07736708865373004,0.0,0.0,0.00208784294679969,0.0,0.0,0.019420942243328226,0.0,0.0,0.0
2009-10-02,0.1508189707224998,0.0,0.013598841919125679,0.03178815239634562,0.0013036908588316615,0.14074551361079085,0.10232694967725864,0.0,0.042539928524192146,0.0,0.17679264594062621,0.0,0.0,0.0479368723858722,0.05671990469892286,0.0,0.04543353826516808,0.022687961879569146,0.033442230397683424,0.0,0.0,0.003988119109327026,0.029212564262221023,0.0,0.0,0.09164221481877972,0.0,0.0,0.00902190053278543,0.0,0.0,0.0,0.0,0.0,0.0
2009-10-09,0.2267281720488823,0.0,0.005650746615364086,0.024473990958599694,0.0012463648000230498,0.12917063936622755,0.07061107641620856,0.0,0.06600398818855255,0.0,0.127230604119765,0.0,0.0,0.047390874243111315,0.08800531758473673,0.0,0.04773291856513737,0.0352021270338947,0.03617813257072388,0.0,0.0,0.003535456319229049,0.021331323289716347,0.0,0.0,0.06709940883249473,0.0,0.0,0.0024088590473326493,0.0,0.0,0.0,0.0,0.0,0.0
2009-10-16,0.20129979588198826,0.0,0.01231332261058779,0.02983347734471941,0.0009758115170077198,0.12080030154125032,0.09264820767874812,0.0,0.059345032650815234,0.002367332587267755,0.10211766069556225,0.0,0.0,0.05434818572514427,0.07912671020108697,0.0,0.052813776238945634,0.03165068408043479,0.032016694080904184,0.0,0.0,0.006170817105394543,0.023216467242866433,0.0,0.013524100470370382,0.08051565247189636,0.0,0.0,0.004915969875009165,0.0,0.0,0.0,0.0,0.0,0.0
2009-10-23,0.17087386976233912,0.0,0.014596099772011893,0.03332727865274977,0.0,0.12478726215597073,0.09705694314667818,0.0,0.04745220313959009,0.00326319601774068,0.10995151365656075,0.0,0.0,0.06145285708758373,0.06326960418612011,0.0,0.045390131116800236,0.02530784167444805,0.034245379985626045,0.0,0.0,0.007884120358996828,0.029123814430219202,0.0,0.016193234119558163,0.08923183351751396,0.0,0.0,0.003551494764457414,0.0,0.023041322455034485,0.0,0.0,0.0,0.0
2009-10-30,0.18718318186387997,0.0,0.0059721722423991385,0.06607985896529806,0.0,0.05010915242136605,0.10319026891310305,0.0,0.05238281506575673,0.002486210737423311,0.08639972607535296,0.0,0.0,0.06064067893875119,0.06984375342100897,0.0,0.04522375947276983,0.027937501368403592,0.004506520201106314,0.0,0.0,0.07201416474580327,0.026231658018574272,0.0,0.014054098690138878,0.0965799589130831,0.0,0.0,0.002180922536919536,0.0,0.026983597408861172,0.0,0.0,0.0,0.0
2009-11-06,0.21133789969000294,0.0,0.006321830884025048,0.05952461371869407,0.0,0.07944526377339628,0.10319108362854462,0.0,0.0633157109937116,0.0008212093168997802,0.08461643475761169,0.0,0.0,0.03277624481400221,0.08442094799161547,0.0,0.04550110325947995,0.03376837919664619,0.0,0.0,0.0,0.05677982556069103,0.021502036428097178,0.0,0.0,0.09128590983670389,0.0,0.0,0.0,0.0,0.025391506149877653,0.0,0.0,0.0,0.0
2009-11-13,0.20753394172045064,0.0,0.0033771654417894307,0.061725766979926794,0.0,0.07840900774193697,0.09520213130902903,0.0,0.06063336463159597,0.0024134571715415604,0.08336286937262319,0.0,0.0,0.023981968298782304,0.0808444861754613,0.0,0.04444304592771822,0.03233779447018452,0.003383905939666639,0.0,0.0,0.05632579937837949,0.02122640524015041,0.0,0.0181058519578765,0.08842389568386684,0.0,0.0,0.0,0.0,0.038269142559019774,0.0,0.0,0.0,0.0
2009-11-20,0.21726167490803922,0.0,0.003925455220774173,0.059562962368823816,0.0,0.04946541943908748,0.10049466879956603,0.0,0.06378605753365982,0.0028675061885739257,0.0795577212629396,0.0,0.0,0.02053162218282535,0.08504807671154642,0.0,0.05177760109899617,0.03401923068461857,0.0034251261256155172,0.0,0.0,0.056965403672375306,0.023077864402148762,0.0,0.020743759928714228,0.08783286826134833,0.0,0.0,0.0,0.0,0.039656981210347046,0.0,0.0,0.0,0.0
2009-11-27,0.21830553082939433,0.0,0.006158642699464341,0.07793883166725159,0.0,0.054581991833889454,0.0783233694443938,0.0,0.06644732730099566,0.003000745389785264,0.02814884255221689,0.0,0.0,0.021149361375347252,0.08859643640132756,0.0,0.05269524918497061,0.035438574560531025,0.0,0.0,0.0,0.0547858742529984,0.04331038545210059,0.0,0.023708990623205715,0.1033677550872086,0.0,0.0,0.0,0.0,0.04404209134491857,0.0,0.0,0.0,0.0
2009-12-04,0.22006561863068497,0.0,0.0031720763460840735,0.0784613018267886,0.0,0.05876410710620531,0.0886015070310799,0.0,0.06479779569237465,0.0008563627826140352,0.04867785988304142,0.0,0.0,0.01764229401921657,0.0863970609231662,0.0,0.04684727700038023,0.03455882436926648,0.003244401840103838,0.0,0.0,0.053977788691071074,0.04317231594728322,0.0,0.01825245591859394,0.09956671824549396,0.0,0.0,0.0,0.0,0.032944233746551116,0.0,0.0,0.0,0.0
2009-12-11,0.2199100902509104,0.0,0.003509687600856652,0.08212481688684362,0.0,0.06697969710634852,0.08370459328487201,0.0,0.06493127111741819,0.0006414574519714229,0.04159081515415094,0.0,0.0,0.016163989171202552,0.08657502815655758,0.0,0.04572725130548198,0.03463001126262304,0.0028673834990310156,0.0,0.0,0.055657957047623496,0.04482263593597231,0.0,0.01688668813801987,0.10208738021692075,0.0,0.0,0.0,0.0,0.031189246413195183,0.0,0.0,0.0,0.0
2009-12-18,0.237829468975231,0.0,0.002288451281503519,0.07572924972087644,0.0,0.058271918724662045,0.07606533867826437,0.0,0.07130666949270639,0.0,0.025694980430380654,0.0,0.0,0.01566181867057906,0.09507555932360852,0.0,0.05679788476308329,0.03803022372944341,0.002183470768311266,0.0,0.0,0.051336298860465604,0.04344074737699249,0.0,0.022092066171183616,0.09597745720116864,0.0,0.0,0.0,0.0,0.03221839583153932,0.0,0.0,0.0,0.0
2009-12-25,0.21234410803675915,0.0,0.0027957914883023705,0.02423043576338023,0.0,0.12836198899124857,0.10656765053369302,0.0,0.061852742996808076,0.0,0.02912622037905991,0.0,0.0,0.042500683907088645,0.0824703239957441,0.0,0.06040699177199817,0.032988129598297646,0.003173016953727014,0.0,0.0,0.018356452797853768,0.04263862314639433,0.0,0.02699023379974797,0.08885071741337322,0.0,0.0,0.0,0.0,0.03634588842652349,0.0,0.0,0.0,0.0
2010-01-01,0.22387498040545276,0.0,0.002791058881262187,0.022885890150125633,0.0,0.1312476373881306,0.09936883236542482,0.0,0.06679707550343876,0.0,0.02753273375370329,0.0,0.0,0.040810744229290465,0.08906276733791833,0.0,0.05885573089954786,0.035625106935167336,0.0031176333094613097,0.0,0.0,0.01667908745406673,0.03942517274268598,0.0,0.023581763066174505,0.08398925969884857,0.0,0.0,0.0,0.0,0.03435452587930048,0.0,0.0,0.0,0.0
2010-01-08,0.20502602522742033,0.0,0.002861574158863953,0.02619493904631742,0.0,0.11946608391411564,0.10922741329543906,0.0,0.05904004186186279,0.0,0.02990004562417573,0.0,0.0,0.04189726522297514,0.07872005581581705,0.0,0.0686231086765129,0.031488022326326824,0.0032827737360828853,0.0,0.0,0.019770877544605995,0.04373650935278933,0.0,0.02895121248919901,0.08969417972294488,0.0,0.0,0.0,0.0,0.042119871984550625,0.0,0.0,0.0,0.0
2010-01-15,0.2147038292232656,0.0,0.0032349579580425976,0.02334451668269931,0.0,0.11286916000026365,0.09109473293776116,0.0,0.06218685163246632,0.0,0.02882789056028552,0.0,0.0,0.0809541703912118,0.08291580217662176,0.0,0.06550194326343728,0.033166320870648705,0.003685445267858239,0.0,0.0,0.017920095127584346,0.043013931616997,0.0,0.0177408706747455,0.08821164159229836,0.0,0.0,0.0,0.0,0.03062784002381232,0.0,0.0,0.0,0.0
2010-01-22,0.22403468539777427,0.0,0.0,0.022551599011101115,0.0,0.1103023518693991,0.0987123186067969,0.0,0.0655310167493202,0.0003155271113694369,0.02785498382094386,0.0,0.0,0.041414452598867786,0.0873746889990936,0.0,0.07366753456387522,0.03494987559963744,0.003628747850610536,0.0,0.0,0.015129646168186326,0.042354070785332584,0.0,0.02635752352153416,0.08368162354929158,0.0,0.0,0.0,0.0,0.04213935379686533,0.0,0.0,0.0,0.0
2010-01-29,0.2600775572433086,0.0,0.0,0.04186313751853895,0.0,0.0895951029067838,0.046798750048149124,0.0,0.06772221486114796,0.006004218937336028,0.012287263811155767,0.0,0.0,0.03453477731724239,0.09029628648153061,0.0,0.08657119464923932,0.03611851459261225,0.0034148193475836736,0.0,0.0,0.0017821889106692716,0.08410412002887879,0.0,0.02638483541591064,0.07238609212336049,0.0,0.0,0.0,0.0,0.02991509558746541,0.010143830219086518,0.0,0.0,0.0
2010-02-05,0.24211079171930516,0.0,0.003070362514896811,0.046089431236431916,0.0,0.09190058607058485,0.049953874209097734,0.0,0.060433352686212666,0.0038259855638789306,0.013866688577547696,0.0,0.0,0.0363663508598839,0.08057780358161688,0.0,0.10296746842847387,0.03223112143264675,0.0038203789877798706,0.0,0.0,0.003096705138418888,0.09021950988754948,0.0,0.0335188558756512,0.08076573246315383,0.0,0.0,0.0,0.0,0.025185000766869206,0.0,0.0,0.0,0.0
2010-02-12,0.2445698419444876,0.0,0.0,0.048029915462070416,0.0,0.09110973274426218,0.051517779639877,0.0,0.060791892290471355,0.004430660566130551,0.013723219690098367,0.0,0.0,0.08627339612792932,0.08105585638729514,0.0,0.08226940886810956,0.032422342554918056,0.003360623368411053,0.0,0.0,0.0031679811599884446,0.09121435887591765,0.0,0.028121429848363393,0.07794156047166961,0.0,0.0,0.0,0.0,0.0,0.0,0.0,0.0,0.0
2010-02-19,0.1762742870987946,0.0,0.0,0.06361647522730329,0.0,0.09779801399661653,0.06419002548440514,0.0,0.031061482615833465,0.005456598101677471,0.02184057395199062,0.0,0.0,0.11344046398642896,0.04141531015444462,0.0,0.08589387029463835,0.016566124061777848,0.006281936538614938,0.0,0.0,0.0037564866510391365,0.10858633128612394,0.0,0.04920721783481781,0.09456100316773623,0.0,0.0,0.0,0.0,0.020053799547756424,0.0,0.0,0.0,0.0
2010-02-26,0.1730191419176179,0.0,0.0,0.101165704107122,0.004085824410207721,0.05164505042030762,0.05266382276914444,0.0,0.04675324654749504,0.006463929102866061,0.01913151124381169,0.0,0.0,0.07965867981102571,0.06233766206332672,0.0,0.08842169974371711,0.024935064825330693,0.003812651112395098,0.0,0.0,0.03431506349001675,0.1052109412033354,0.0,0.0352650801072335,0.0893549005116254,0.0,0.0,0.0,0.0,0.02176002661342065,0.0,0.0,0.0,0.0
2010-03-05,0.10596734772579067,0.0,0.0,0.12016755486273091,0.0013822026016010337,0.056036434838645614,0.08586319831338195,0.0,0.017945044839298402,0.005412943169598415,0.02612071881833282,0.0,0.0,0.08071701374411577,0.023926726452397868,0.0,0.06560685339087106,0.009570690580959147,0.0068774893842167145,0.0,0.0,0.03821309055200279,0.12502395736146366,0.0,0.03672419831670517,0.10946210358672968,0.0,0.0,0.0,0.0,0.0030262248546517414,0.02442113020648666,0.0,0.057535076400019376,0.0
2010-03-12,0.12363076836328572,0.0,0.0,0.11445753555642166,0.0007584900194431509,0.05589174271536824,0.0847657520051883,0.0,0.02310646517760456,0.005011368729265822,0.025011688456258646,0.0,0.0,0.01313422441632298,0.030808620236806077,0.0,0.12889565073027134,0.012323448094722432,0.0062806924386099375,0.0,0.0,0.03646963657536178,0.11972354643934704,0.0,0.006492186587964662,0.1035416658251046,0.0,0.0,0.0,0.0,0.012663889478612245,0.02788920382071513,0.0,0.0691434243333251,0.0
2010-03-19,0.12871332379655862,0.0,0.0,0.11362842184987602,0.0,0.05781136115604954,0.07111609104421497,0.0,0.026826060399711773,0.006482782865432073,0.02350466263833907,0.0,0.0,0.01602582226078045,0.035768080532949026,0.0,0.12066852370504938,0.014307232213179612,0.006259826250133325,0.0,0.0,0.03649974729428689,0.12085204672531046,0.0,0.007414714311678918,0.10747667681549339,0.0,0.0,0.0,0.0,0.0,0.037610688495898145,0.0,0.06903393764505775,0.0
2010-03-26,0.11739107470672311,0.0,0.0,0.06569784366783225,0.0,0.05840328083402563,0.10842068085005982,0.0,0.02272308091553928,0.04262956458445698,0.03915338031458445,0.0,0.0,0.013058787043821577,0.030297441220719038,0.0,0.1606609922654792,0.012118976488287617,0.006486388667226989,0.0,0.0,0.0,0.1233362597781617,0.0,0.0074277439496626355,0.07568297236660644,0.0,0.0,0.0,0.0,0.0,0.047232725263729514,0.0,0.0692788070830832,0.0
2010-04-02,0.10768783402427531,0.0,0.0,0.06713490848005416,0.0,0.06367862239392412,0.11598704140287658,0.0,0.01941479612567655,0.04270753530175341,0.040275888815526927,0.0,0.0,0.012049716003885897,0.0258863948342354,0.0,0.16827895768773846,0.01035455793369416,0.006791539824709148,0.0,0.0,0.0,0.12525407255053855,0.0,0.007885346994674032,0.07342386239966038,0.0,0.0,0.0,0.0,0.0,0.046401711919762154,0.0,0.0667872133070142,0.0
2010-04-09,0.17895181638740124,0.0,0.0,0.0558505598465729,0.0,0.062057367874952925,0.0880942423967734,0.0,0.04564413677286109,0.04133381044988245,0.031113351669811787,0.0,0.0,0.011276954726718798,0.06085884903048145,0.0,0.149542110740361,0.024343539612192582,0.006702488139056855,0.0,0.0,0.0,0.11341206395921981,0.0,0.007424064658149468,0.06470682268438532,0.0,0.0,0.0,0.0,0.0,0.019627701477687567,0.0,0.03906011957349086,0.0
2010-04-16,0.15312879049132336,0.0,0.0,0.058972858270043574,0.0,0.05410885932443206,0.09289107027836739,0.0,0.03548130065198478,0.04240670998226306,0.035519313184161544,0.0,0.0,0.017292502572211408,0.04730840086931304,0.0,0.16536722426798478,0.018923360347725217,0.005837053568286161,0.0,0.0,0.0,0.11718687556422108,0.0,0.005951730792923812,0.06676864586436085,0.0,0.0,0.0,0.0,0.0,0.03155718627504072,0.0,0.05129811769535663,0.0
2010-04-23,0.11065248114943343,0.0,0.0,0.0622927405211095,0.0,0.05445463316943704,0.08934645058590147,0.0,0.016086608168781623,0.043319482379383406,0.0397849919102259,0.0,0.0,0.028136949042972554,0.02144881089170883,0.0,0.1840373533175816,0.008579524356683533,0.01324837986111449,0.0,0.0,0.0,0.12036508956980851,0.0,0.05550557555665378,0.0658084847270888,0.0,0.0,0.0,0.0,0.009165601872478231,0.0345628248536395,0.0,0.04320401806599723,0.0
2010-04-30,0.10295637416291806,0.0,0.0,0.05545025924895398,0.0,0.09085827576953147,0.0506996399085588,0.0,0.02222434225171888,0.047003476366810515,0.0385272637938066,0.0,0.0,0.0974353327761823,0.02963245633562517,0.0,0.166311374745209,0.01185298253425007,0.0,0.0,0.0,0.0,0.11801780010207807,0.0,0.06109158233743786,0.05935594547247693,0.0,0.0,0.01684971587648902,0.0,0.0,0.0,0.0,0.031733178317952915,0.0
2010-05-07,0.23094414366298122,0.0,0.0,0.04124808920590801,0.0,0.08335169386844903,0.03671589423706562,0.0,0.06678726156852201,0.03995338948189386,0.025941065649229256,0.0,0.0,0.045061309516172196,0.08904968209136269,0.0,0.11812143094143429,0.03561987283654507,0.004974353765285756,0.0,0.0,0.0003606546098293804,0.09656815120579265,0.0,0.01815712262480354,0.04802224969944353,0.0,0.0,0.0037007541140280245,0.0,0.003708188370132097,0.0,0.0,0.011714692551121392,0.0
2010-05-14,0.1148834197077375,0.0,0.0,0.06079914475101565,0.0,0.14391570012498422,0.0542334852313531,0.0,0.01730209899404688,0.04778375532355747,0.03751723101314591,0.0,0.0,0.018388715866303314,0.023069465325395843,0.0,0.16740935355680528,0.009227786130158337,0.022935877497658304,0.0,0.0,0.0,0.12343440446149007,0.0,0.006723712552635924,0.06790054108246409,0.0,0.0,0.007332495412312082,0.0,0.0,0.04539919223744239,0.0,0.031743620731493005,0.0
2010-05-21,0.22961919909883224,0.0,0.0,0.047561537489511016,0.0,0.11298542228945024,0.05513733821348653,0.0,0.050792692429746725,0.041300810779289536,0.07631771845508067,0.0,0.0,0.008760476945382296,0.06772358990632897,0.0,0.11390606495247113,0.02708943596253159,0.013952098614190268,0.0,0.0,0.0,0.10326885922242779,0.0,0.0,0.051584755641270616,0.0,0.0,0.0,0.0,0.0,0.0,0.0,0.0,0.0
2010-05-28,0.2716015543055581,0.0,0.0,0.0,0.0,0.11173501355687965,0.08826843289820402,0.0,0.024348131809510492,0.03139908053605041,0.10495745002911289,0.0,0.0,0.03172539797235733,0.03246417574601399,0.0,0.08618744423054576,0.012985670298405597,0.07424978037411206,0.0,0.0,0.0,0.11123962324282549,0.0,0.0,0.018838245000423894,0.0,0.0,0.0,0.0,0.0,0.0,0.0,0.0,0.0
2010-06-04,0.2966424348182093,0.0,0.0,0.0,0.0,0.11755834515275962,0.07548430309614346,0.0,0.038333557188216266,0.029305304195050664,0.09019379093168645,0.0,0.0,0.03004200950934672,0.05111140958428836,0.0,0.0704993144397838,0.020444563833715346,0.06320294131149903,0.0,0.0,0.0,0.09943118884450156,0.0,0.0,0.01775083709479902,0.0,0.0,0.0,0.0,0.0,0.0,0.0,0.0,0.0
2010-06-11,0.3147990768287608,0.0,0.0,0.0,0.0,0.12135996502507514,0.06265965685946913,0.0,0.04434929378560677,0.0304487161155676,0.07650166194917647,0.0,0.0,0.02971510559767421,0.05913239171414236,0.0,0.07186758639345611,0.023652956685656947,0.059163049185260067,0.0,0.0,0.0,0.09266867734862153,0.0,0.0,0.013681862511532483,0.0,0.0,0.0,0.0,0.0,0.0,0.0,0.0,0.0
2010-06-18,0.2585680095837414,0.0,0.0,0.0,0.0,0.1559708243617157,0.07654494012773955,0.0,0.019411789980825617,0.035434896677448695,0.07279160199162253,0.0,0.0,0.049245164372669445,0.025882386641100825,0.0,0.07526882258500325,0.01035295465644033,0.07793089619535495,0.0,0.0,0.0,0.11225285710307958,0.0,0.0,0.016791316596205696,0.0,0.0,0.0,0.0,0.0,0.01355353912705208,0.0,0.0,0.0
2010-06-25,0.2643740522309576,0.0,0.0,0.0,0.0,0.17762785388235364,0.05829151162009875,0.0,0.037549225136560706,0.041106451007914255,0.08404316590404923,0.0,0.0,0.00012437164402549647,0.05006563351541428,0.0,0.07849260866610866,0.020026253406165713,0.05408613309664073,0.0,0.0,0.0,0.0951427855440664,0.0,0.0,0.03906995434564413,0.0,0.0,0.0,0.0,0.0,0.0,0.0,0.0,0.0
2010-07-02,0.2503802246069917,0.0,0.0,0.0,0.0,0.18989097133545563,0.06104926924401553,0.0,0.02806359618234233,0.04378178501091624,0.0959186063736939,0.0,0.0,0.0007880226275198278,0.0374181282431231,0.0,0.0784799258609661,0.014967251297249242,0.05760551841588944,0.0,0.0,0.0,0.09957626259125785,0.0,0.0,0.04208043821057868,0.0,0.0,0.0,0.0,0.0,0.0,0.0,0.0,0.0
2010-07-09,0.24043180047770482,0.0,0.0,0.0,0.0,0.19459064032402132,0.06537670700786524,0.0,0.0220404264064345,0.04503197739859434,0.10584956599287806,0.0,0.0,0.0006893120800122997,0.029387235208579332,0.0,0.07815469884253926,0.011754894083431734,0.06093078075136543,0.0,0.0,0.0,0.1025977283825664,0.0,0.0,0.04316423304400717,0.0,0.0,0.0,0.0,0.0,0.0,0.0,0.0,0.0
2010-07-16,0.2512494193547608,0.0,0.0,0.0,0.0,0.1844068576158673,0.06319143449357134,0.0,0.030210272989658133,0.042301639918001725,0.09364466734495877,0.0,0.0,0.00048172986494955493,0.04028036398621085,0.0,0.07885734353807634,0.016112145594484338,0.056549686168113164,0.0,0.0,0.0,0.09989442854198358,0.0,0.0,0.042820010589363626,0.0,0.0,0.0,0.0,0.0,0.0,0.0,0.0,0.0
2010-07-23,0.2101453022069852,0.0,0.0,0.0,0.0,0.20563930208939082,0.05561544303583782,0.0,0.014055106108757752,0.044213591578103825,0.13450097794403942,0.0,0.0,0.0007237568231930204,0.018740141478343672,0.0,0.07918332211441455,0.007496056591337469,0.06716810112902388,0.0,0.0,0.0,0.10721435674637132,0.0,0.0,0.047967100115859286,0.0,0.0,0.0,0.0,0.0,0.007337442038341525,0.0,0.0,0.0
2010-07-30,0.26390926383985236,0.0,0.0,0.0,0.0,0.16701839043262276,0.05443877126535013,0.0,0.032690228153248034,0.03441715711521518,0.11702488390626192,0.0,0.0,7.424318620877252e-05,0.04358697087099738,0.0,0.03827079161659093,0.01743478834839895,0.1041251714091341,0.0,0.0,0.0,0.08137230010647592,0.0,0.0,0.04563703974964313,0.0,0.0,0.0,0.0,0.0,0.0,0.0,0.0,0.0
2010-08-06,0.15072803058522427,0.0,0.0,0.0,0.0,0.2227102624137346,0.06946134299423845,0.0,0.013260869073994546,0.036327782713847755,0.16447391213330115,0.0,0.0,0.0,0.017681158765326062,0.0,0.04110819743176922,0.007072463506130425,0.11897435911807559,0.0,0.0,0.0,0.091162659104271,0.0,0.0,0.055145378523775074,0.0,0.0,0.0,0.0,0.0,0.01189358363631146,0.0,0.0,0.0
2010-08-13,0.2739885431521364,0.0,0.0,0.0,0.0,0.14495588802158643,0.06263526047669976,0.0,0.045279142004592376,0.030751163981154177,0.11404173443244214,0.0,0.0,0.00021195697048853097,0.060372189339456504,0.0,0.04133667257352515,0.0241488757357826,0.09256050377709606,0.0,0.0,0.0,0.07012547023700846,0.0,0.0,0.03959259929803105,0.0,0.0,0.0,0.0,0.0,0.0,0.0,0.0,0.0
2010-08-20,0.23373845233701046,0.0012391152982992894,0.0,0.0,0.0,0.16539393816825743,0.07526616231048681,0.0,0.020475561941814987,0.03467010230994966,0.15237751811269035,0.0,0.0,6.143936594422333e-05,0.027300749255753314,0.0,0.0385234198206521,0.010920299702301326,0.10931239042480273,0.0,0.0,0.0,0.08314236949480854,0.0,0.0,0.04757848145722836,0.0,0.0,0.0,0.0,0.0,0.0,0.0,0.0,0.0
2010-08-27,0.20279882621143858,0.0,0.0,0.0,0.0,0.20107934497660576,0.11175458847123812,0.0,0.009680436555828766,0.000369843094795395,0.15398407074524884,0.0,0.0,0.00034547291711950115,0.01290724874110502,0.0,0.003872174622331506,0.0051628994964420085,0.1286770130776939,0.0,0.0,0.0,0.1028249186674324,0.0,0.0,0.06654316242271999,0.0,0.0,0.0,0.0,0.0,0.0,0.0,0.0,0.0
2010-09-03,0.15431276929611437,0.0,0.0,0.0,0.0,0.20367551868501219,0.11983146080009112,0.0,0.015803399007963178,0.0007268416187753652,0.17231851838289408,0.0,0.0,0.00030730285808512587,0.02107119867728424,0.0,0.006321359603185271,0.008428479470913696,0.11712330380378494,0.0,0.0,0.0,0.09666813927184811,0.0,0.0,0.06595589342531422,0.0,0.0,0.0,0.0,0.0,0.012513818544853174,0.00494199655388084,0.0,0.0
2010-09-10,0.17232730196811166,0.0,0.0,0.0013333094338802284,0.0,0.19536911964823406,0.11618479460153724,0.0,0.02320726057103593,0.0,0.15440635709617836,0.0,0.0,0.00022306153897567047,0.030943014094714574,0.0,0.009282904228414372,0.012377205637885831,0.11188737199682477,0.0,0.0,0.0010369950569440825,0.09261032790221306,0.0,0.0,0.061977164704085284,0.0,0.0,0.0,0.0,0.0,0.011295294507771416,0.00553851701319307,0.0,0.0
2010-09-17,0.1852874633579485,0.0017219391574857614,0.0,0.0,0.0,0.18968127002610763,0.1114562593685412,0.0,0.02673105243797591,0.0,0.14910534028812142,0.0,0.0,0.0,0.03564140325063455,0.0,0.010692420975190364,0.014256561300253821,0.11014230081192702,0.0,0.0,0.0,0.08926656628907531,0.0,0.0,0.05863077430755833,0.0,0.0,0.0,0.0,0.0,0.011165657187310548,0.00622099124186935,0.0,0.0
2010-09-24,0.15330581341844468,0.002642596310388467,0.0,0.02568058600871169,0.0,0.18616262462296812,0.10673212230147829,0.0,0.026357372305950318,0.0,0.15480622503269267,0.0,0.0,0.0,0.03514316307460042,0.0,0.036223534931091816,0.01405726522984017,0.1260633050003229,0.0,0.0,0.0,0.08412681506608168,0.0,0.0,0.03256152775267521,0.0,0.0,0.0,0.0,0.0,0.011979943239920375,0.004157105704832827,0.0,0.0
2010-10-01,0.13380073311781615,0.0021430976789525626,0.0033761537513348765,0.02909700310106974,0.0,0.19263595181195053,0.11331607575569086,0.0,0.018142802728539496,0.0,0.14687794658175524,0.0,0.0,0.0,0.024190403638052662,0.0,0.036354124192485536,0.009676161455221067,0.1339347297142844,0.0,0.0,0.0,0.08974836838712602,0.0,0.0,0.036663490751136854,0.0,0.0,0.0,0.0,0.0,0.015336215673320327,0.014706741661263277,0.0,0.0
2010-10-08,0.10960069633641598,0.0029915084188816285,0.012092651444482714,0.027520866818425485,0.0,0.22737943827330942,0.08486826934165903,0.0,0.02184704813002922,0.0,0.15036126776285433,0.0,0.0,0.00011252505816209055,0.029129397506705627,0.0,0.03625968607043717,0.011651759002682251,0.11084160116996335,0.0,0.0,0.0,0.09024908807684133,0.0,0.0,0.04785071933765498,0.0,0.0,0.0,0.0,0.0,0.014114697907837027,0.023128779343657997,0.0,0.0
2010-10-15,0.15981454559437813,0.002270453215389594,0.0051967248039165815,0.0269142143961736,0.0,0.21222169258089293,0.0832132450511096,0.0,0.021357537085320198,0.0,0.13563851347945444,0.0,0.0,0.0,0.028476716113760264,0.0,0.03545722923030168,0.011390686445504106,0.12788266885484165,0.0,0.0,0.0,0.08733983717195563,0.0,0.0,0.038438841944696295,0.0,0.0,0.0,0.0,0.0,0.013537537101591224,0.010849556930713551,0.0,0.0
2010-10-22,0.18648221128235365,0.002765362691459121,0.01706898181933012,0.02814426913998339,0.0,0.19845948575395844,0.08518803428443104,0.0,0.018707153761141165,0.0,0.10230737988618122,0.0,0.0,0.0007740598684649758,0.024942871681521553,0.0,0.035627130644439856,0.009977148672608621,0.13687076951878144,0.0,0.0,0.0,0.09471502629747279,0.0,0.0,0.05057113133041043,0.0,0.0,0.0,0.0,0.0,0.007398983367461743,0.0,0.0,0.0
2010-10-29,0.15851130157715282,0.04057636958120417,0.013878048951959703,0.028038594476369805,0.0,0.20488392069417946,0.0422926441764638,0.0,0.030631629388074157,0.0,0.09859111850380135,0.0,0.0,0.001892828735382558,0.04084217251743221,0.0,0.040291246231599465,0.016336869006972884,0.1303790994751678,0.0,0.0,0.0,0.09118139713745504,0.0,0.0,0.04996184854885209,0.0,0.0,0.0,0.0,0.0,0.011710910997932283,0.0,0.0,0.0
2010-11-05,0.2234615056358371,0.03526881660181143,0.006069994210028316,0.022359936062570213,0.0,0.18422165719507283,0.03548786301225759,0.0,0.046074489714557874,0.0008691173715819826,0.07527952189744799,0.0,0.0,0.005940829073804037,0.06143265295274383,0.0,0.04078973194839336,0.024573061181097536,0.11624576503472603,0.0,0.0,0.0004834603279125541,0.08083200818898206,0.0,0.0,0.03636779094836729,0.0,0.0,0.0,0.0,0.0,0.00424179864280743,0.0,0.0,0.0
2010-11-12,0.16711044922373808,0.03799772075389618,0.007443286698534749,0.024729782480586365,0.0,0.2096328382288953,0.0403230591278714,0.0,0.0449874277336198,0.0022724766303463886,0.09562997365209304,0.0,0.0,0.0063720544105005964,0.059983236978159736,0.0,0.04208313940007767,0.023993294791263896,0.10509296966504464,0.0,0.0,0.001479322154002453,0.08415684966329953,0.0,0.00033763408028481164,0.03895663858844182,0.0,0.0,0.0,0.0,0.0,0.007417845739342964,0.0,0.0,0.0
2010-11-19,0.2184972039343847,0.03904084123859579,0.0034772958341462747,0.024262001530910578,0.0,0.18025876887293296,0.0364513631601185,0.0,0.047948637726748365,0.0013948972759557155,0.07092100088382522,0.0,0.0,0.008835322536002109,0.06393151696899782,0.0,0.040733018937798224,0.02557260678759913,0.11199070246895375,0.0,0.0,0.0030548106865558576,0.0830187561026184,0.0,0.0014232222169920034,0.03233140858066186,0.0,0.0,0.0,0.0,0.0,0.006856624256202179,0.0,0.0,0.0
2010-11-26,0.22699809984359548,0.041706898503962996,0.002847405861739075,0.02375064438559828,0.0,0.17005149121119711,0.04966376348625598,0.0,0.04875748611869525,0.002393924909457546,0.05543817074441179,0.0,0.0,0.009325566968643948,0.06500998149159366,0.0,0.040257246355397056,0.02600399259663747,0.07517303803119418,0.0,0.0,0.0036916676948567607,0.09897152407468113,0.0,0.00209224177426573,0.05168483490046851,0.0,0.0,0.0,0.0,0.0,0.0061820210473473095,0.0,0.0,0.0
2010-12-03,0.20194821180011802,0.047068245594288544,0.0032551794701528866,0.026095572279540027,0.0,0.1917152658052828,0.053495176794388186,0.0,0.03353794694632604,0.0012062415731404765,0.060745889501386915,0.0,0.0,0.012784250281173196,0.044717262595101386,0.0,0.03782208987476238,0.017886905038040555,0.08765593986491069,0.0,0.0,0.002432525525015845,0.10704914031478881,0.0,0.003507869590928977,0.057737655931150655,0.0,0.0,0.0,0.0,0.0,0.009338631219502937,0.0,0.0,0.0
2010-12-10,0.2057839398016561,0.046226490995335934,0.0025327684325250985,0.025598511879616037,0.0,0.1414112259675957,0.05835943172576484,0.0,0.03839290527374987,0.0022115408015127586,0.07804565551973391,0.0,0.0,0.030688980139721593,0.05119054036499983,0.0,0.03961678491292145,0.020476216145999933,0.08408133390749546,0.0,0.0,0.0020958481488646433,0.105958119223075,0.0,0.0028701296125554264,0.05577397772477298,0.0,0.0,0.0,0.0,0.0,0.008685599422102841,0.0,0.0,0.0
2010-12-17,0.21333037371410224,0.04332569841513122,0.0018966656295600762,0.02492830807204252,0.0,0.14433803908540738,0.057035499382020086,0.0,0.04176015614031522,0.002365742505603901,0.06833175042175624,0.0,0.0,0.02841188956716571,0.05568020818708695,0.0,0.041012881979035985,0.02227208327483478,0.08196035612427066,0.0,0.0,0.0010279149891464039,0.10129749977623753,0.0,0.0028236969284886142,0.05451154859070924,0.0,0.0,0.0,0.0,0.0,0.013689687217084807,0.0,0.0,0.0
2010-12-24,0.19358863722245911,0.038536691376393886,0.0041164026939479095,0.026345908934023117,0.0,0.13897843262652126,0.05148096099021127,0.0,0.0410129064084953,0.0026681075838658947,0.054337834639164195,0.0,0.0,0.059033336496094074,0.05468387521132707,0.0,0.0414206139373226,0.02187355008453083,0.07621408007352679,0.0,0.0,0.0020516537890579354,0.09764224639488729,0.0,0.005154397571728751,0.06082164930565439,0.0,0.0,0.0,0.0,0.0,0.030038714660787856,0.0,0.0,0.0
2010-12-31,0.13275367975991642,0.04498602230078314,0.0,0.036724451402582146,0.0,0.15953123553385004,0.06613745653850049,0.0,0.024666453765570306,0.0050344373552507074,0.08647715113020765,0.0,0.0,0.06271335839460465,0.03288860502076041,0.0,0.04764536082561337,0.013155442008304164,0.08516813603305606,0.0,0.0,0.0,0.12128683693895233,0.0,0.00640199499011611,0.04213168159550381,0.0,0.0,0.0,0.0,0.0019822776526864307,0.030315418753741226,0.0,0.0,0.0
2011-01-07,0.2022107423697761,0.037723294194247824,0.0,0.027831844092060583,0.0,0.13875550227521172,0.057707694207557156,0.0,0.050727943154742,0.005296714275311233,0.04729990087274364,0.0,0.0,0.04767727778090032,0.067637257539656,0.0,0.04932468608350066,0.027054903015862403,0.06891649713341225,0.0,0.0,0.00029379973073510575,0.09894704256891396,0.0,0.02151636903207215,0.0324673471573552,0.0,0.0,0.0,0.0,0.001851674781596718,0.01675950973434453,0.0,0.0,0.0
2011-01-14,0.20510203736683277,0.036612871287067056,0.0,0.026870591358109132,0.0,0.13479420357747054,0.04848333924119171,0.0,0.05161823432882343,0.008103439634303811,0.037093793414276724,0.0,0.0,0.06516697716173031,0.06882431243843123,0.0,0.05071260843612889,0.0275297249753725,0.06872222838729877,0.0,0.0,0.0,0.0966070713040672,0.0,0.022105161238922824,0.02960680387501659,0.0,0.0,0.0,0.0,0.003508913848980872,0.01853768812597511,0.0,0.0,0.0
2011-01-21,0.18379280798515052,0.04086705007499508,0.0,0.030213014701455314,0.0,0.13909691127882667,0.05368396729685297,0.0,0.044155362327493564,0.0078043877405924765,0.0397420050357423,0.0,0.0,0.06879001434513146,0.05887381643665809,0.0,0.05213071127837256,0.023549526574663235,0.07322125636019301,0.0,0.0,0.0,0.10260345641384155,0.0,0.025217614217376748,0.03382143058852506,0.0,0.0,0.0,0.0,0.0023101597987374477,0.02012650754539137,0.0,0.0,0.0
2011-01-28,0.2509179880748017,0.03615911165702994,0.0,0.027550228444868617,0.0,0.13346030951145058,0.056391430713533655,0.0,0.04120847552723778,0.034160182134465485,0.03724071966533646,0.0,0.0,0.05699386286951609,0.05494463403631704,0.0,0.08480145930609836,0.021977853614526817,0.01969573992419112,0.0,0.0,0.0,0.06307205368333937,0.0,0.019858298988760306,0.048916840560366076,0.0,0.0,0.0,0.0,0.002712418030269872,0.00993839325789004,0.0,0.0,0.0
2011-02-04,0.2263663885408403,0.039761636565085065,0.0,0.03154356902269642,0.0,0.14191955030524644,0.06308416280754055,0.0,0.02627539111221294,0.036884329736441616,0.04178277919422049,0.0,0.0,0.07093689469137002,0.03503385481628392,0.0,0.08446334063408804,0.014013541926513568,0.024295492953193915,0.0,0.0,0.0,0.06896205082666712,0.0,0.02608037171835683,0.05591277342081913,0.0,0.0,0.0,0.0,0.003046059543691772,0.009637812184731155,0.0,0.0,0.0
2011-02-11,0.1889081336487905,0.03328706987595162,0.0,0.03682873243026129,0.0005098928968698464,0.13130275051446963,0.06114957566439959,0.0,0.026143975301703978,0.0350668680591934,0.03514512128625676,0.0,0.0,0.0959174247211913,0.0348586337356053,0.0,0.09463401667906854,0.013943453494242123,0.022529204390531424,0.0,0.0,0.0,0.074435854807953,0.0,0.04682881793532531,0.06250524176126956,0.0,0.0,0.0,0.0,0.0060052327969160515,0.0,0.0,0.0,0.0
2011-02-18,0.23002765147888157,0.03655369014474479,0.0,0.03405381996123098,0.0,0.12985833483489304,0.05872377875523169,0.0,0.02802197076880622,0.03762962202827553,0.040623777787136724,0.0,0.0,0.07308717991995603,0.037362627691741625,0.0,0.09034027502042381,0.014945051076696652,0.024041012053570704,0.0,0.0,0.0017918661100693445,0.06700670072223769,0.0,0.02628826413334729,0.05553316810264297,0.0,0.0,0.0,0.0,0.0141112094101126,0.0,0.0,0.0,0.0
2011-02-25,0.15348275196728006,0.05391001254202096,0.0,0.04092753437434431,0.0,0.14018321453199128,0.06692047924084144,0.0,0.013675280590167047,0.052640041051586706,0.043227932978128054,0.0,0.0,0.07722879112720224,0.018233707453556063,0.0,0.12433201030361214,0.0072934829814224255,0.025077464938811286,0.0,0.0,0.0027557238364831088,0.07635227642665929,0.0,0.02749180418228511,0.06354583137425561,0.0,0.0,0.0,0.0,0.012721660099352185,0.0,0.0,0.0,0.0
2011-03-04,0.15044664162714355,0.04596016824518526,0.0,0.046404991370982265,0.0,0.13635705076610743,0.0668186773257442,0.0,0.010935606684284921,0.04502224693146311,0.043155355191890135,0.0,0.0,0.07802419175692718,0.014580808912379895,0.0,0.12393892135348294,0.005832323564951958,0.023784067181592695,0.0,0.0,0.004375080360608954,0.08665829420556106,0.0,0.02689816289076343,0.07168219500956095,0.0,0.0,0.0,0.0,0.019125216621369436,0.0,0.0,0.0,0.0
2011-03-11,0.15921612996776033,0.04248568306086654,0.0,0.0394525979954151,0.0022676618373702975,0.12446488192655257,0.06552014542498964,0.0,0.030125656645841353,0.04225070876831332,0.03535544924599629,0.0,0.0,0.014683450040351747,0.04016754219445514,0.0,0.15474804033678863,0.016067016877782055,0.017503919600074178,0.0,0.0,0.004801122461165441,0.0764891800970977,0.0,0.044924628561318236,0.060013179454288954,0.0,0.0,0.0,0.0,0.02946300550357185,0.0,0.0,0.0,0.0
2011-03-18,0.19114271254692128,0.04834456722627016,0.0,0.03508802409695561,0.00088868758626484,0.12916478305930681,0.06497789608956442,0.0,0.031154583993970315,0.04731955753668522,0.037811455200964905,0.0,0.0,0.012688234919050103,0.04153944532529375,0.0,0.15649290264758745,0.0166157781301175,0.020058857042302675,0.0,0.0,0.0021505280781307064,0.07247800012869748,0.0,0.027331280172303143,0.054742714346450824,0.0,0.0,0.0003725587655130725,0.0,0.00963743310764902,0.0,0.0,0.0,0.0
2011-03-25,0.20791398952769827,0.020696909987808952,0.0,0.05761857188730958,0.015789282580613052,0.1182025264943244,0.07837881264283944,0.0,0.012498981092313276,0.007182342754962528,0.0380873971335998,0.0,0.0,0.006936478466930963,0.01666530812308437,0.0,0.19906859571901506,0.006666123249233748,0.0219687763303725,0.0,0.0,0.0027767986967900914,0.0859213486213943,0.0,0.056107148016402555,0.042336017470014226,0.0,0.0,0.005184591205292316,0.0,0.0,0.0,0.0,0.0,0.0
2011-04-01,0.2836533853659221,0.018503029633765888,0.0,0.042539862782358204,0.012797138595368365,0.09947453935418023,0.05805022571717235,0.0,0.04366960654529879,0.0077665493347190365,0.02985924804904975,0.0,0.0,0.011623322429958512,0.05822614206039839,0.0,0.15360273037283245,0.023290456824159356,0.015289604875461285,0.0,0.0,0.001990501698583708,0.07221624992918477,0.0,0.03620102113107761,0.030255403761899904,0.0,0.0,0.0,0.0,0.0009909815386087003,0.0,0.0,0.0,0.0
2011-04-08,0.26566335801179236,0.019903103387557672,0.0,0.048563571619679655,0.0121471189029441,0.10242522721445346,0.06337348326268627,0.0,0.029720760514339563,0.007144671967429171,0.0329909085721989,0.0,0.0,0.014481296629159209,0.039627680685786086,0.0,0.1692593532388561,0.015851072274314437,0.01860363920714058,0.0,0.0,0.0013390702665612264,0.07524767553770678,0.0,0.04709676639786363,0.03561990184646023,0.0,0.0,0.0,0.0,0.0009413404630700718,0.0,0.0,0.0,0.0
2011-04-15,0.2596050242031315,0.04179276505256767,0.0,0.050314963380465136,0.012622498333805802,0.13986809003808778,0.05073787737033068,0.0,0.024318949187648063,0.005738370062303374,0.033535141601911685,0.0,0.0,0.005995292255933736,0.03242526558353075,0.0,0.15693347731467286,0.012970106233412302,0.020182990378985532,0.0,0.0,0.00025416345523416586,0.0801377259138994,0.0,0.010535163373418737,0.03769246504665931,0.0,0.0,0.0,0.0,0.0,0.024339671214000956,0.0,0.0,0.0
2011-04-22,0.22552345422409562,0.04273154757880798,0.0,0.05293005844985954,0.013364565638606862,0.15770778914560676,0.06373868177309167,0.0,0.019323686322753053,0.007697405024315032,0.03483661221158569,0.0,0.0,0.0015731673637770034,0.02576491509700407,0.0,0.16625369845495386,0.010305966038801628,0.021334575374881995,0.0,0.0,0.0,0.08852855711000052,0.0,0.0,0.03956549281125261,0.0,0.0,0.0,0.0,0.0,0.02881982738060563,0.0,0.0,0.0
2011-04-29,0.14572116647145106,0.06012224535934017,0.0,0.03559267940594163,0.0,0.21082035410430192,0.08693249912552208,0.0,0.02952944140773706,0.007025040587829693,0.03481117218824246,0.0,0.0,0.010457630413236895,0.03937258854364942,0.0,0.12835787590312914,0.015749035417459766,0.018303811895990237,0.0,0.0,0.0,0.08222459687041682,0.0,0.006985914879172434,0.06516797925337355,0.0,0.0,0.0,0.0,0.0,0.022825968173205136,0.0,0.0,0.0
2011-05-06,0.2554876472304751,0.04604965135628518,0.008703328609785784,0.01609783193182554,0.0,0.1503824281740365,0.059647645814909264,0.0,0.06447185997897802,0.00844892582903876,0.02281639148235448,0.0,0.0,0.004290914027309731,0.08596247997197069,0.0,0.09630192852793651,0.03438499198878828,0.01836532652124785,0.0,0.0,0.0,0.06116402367727743,0.0,0.009634331364589622,0.057790293513190885,0.0,0.0,0.0,0.0,0.0,0.0,0.0,0.0,0.0
2011-05-13,0.23495906458669685,0.03713510615472604,0.0005378597479361496,0.02263980328833389,0.0,0.13465378115182913,0.06916436451245996,0.0,0.06423664515064985,0.008377685161667975,0.026385881819126548,0.0,0.0,0.002456453379492899,0.08564886020086647,0.0,0.11912510512260258,0.034259544080346586,0.011906958742301927,0.0,0.0,0.0009130040856038624,0.07358080362116463,0.0,0.02270837645010909,0.05131070274408515,0.0,0.0,0.0,0.0,0.0,0.0,0.0,0.0,0.0
2011-05-20,0.24844075857238396,0.026024381002420247,0.0,0.02161271076204188,0.0,0.11869759125058515,0.05655263258940668,0.0,0.07642922842627048,0.007035167100925846,0.025242961412630407,0.0,0.0,0.000881095087021433,0.10190563790169398,0.0,0.09801484244580001,0.04076225516067759,0.0,0.0,0.0,0.0023200438560441136,0.07996112097923401,0.0,0.043823332113453295,0.05229624133941055,0.0,0.0,0.0,0.0,0.0,0.0,0.0,0.0,0.0
2011-05-27,0.22422374856775534,0.03869846573167672,0.0017462240473537977,0.07211488098611069,0.0,0.054738466224342544,0.03933356123783019,0.0,0.053023156060293036,0.007162731847396854,0.03242079638915429,0.0,0.0,0.005055315030631744,0.07069754141372404,0.0,0.08514233356210851,0.02827901656548962,0.027508731238141806,0.0,0.0,0.024033634250366722,0.09524018807233278,0.0,0.05857658792801195,0.08200462084727889,0.0,0.0,0.0,0.0,0.0,0.0,0.0,0.0,0.0
2011-06-03,0.19853518285524335,0.03906632840845537,0.0020754219414737935,0.08007673745492583,0.0,0.05326282899003498,0.04293476644137896,0.0,0.043236376444745275,0.0061648638035534595,0.03464599479848918,0.0,0.0,0.0039024983200258044,0.057648501926327034,0.0,0.11262505198930128,0.023059400770530813,0.03230057405819278,0.0,0.0,0.028351086570486482,0.0884565956996723,0.0,0.06810823224530912,0.08554955728185365,0.0,0.0,0.0,0.0,0.0,0.0,0.0,0.0,0.0
2011-06-10,0.19675480174948884,0.04040004115075226,0.0,0.08063117178032009,0.0,0.05007570400438962,0.04543726952048257,0.0,0.04118060336225577,0.006974214193797916,0.0348306001653441,0.0,0.0,0.006080147751165458,0.054907471149674356,0.0,0.07708060951296608,0.021962988459869746,0.033295276480168105,0.0,0.0,0.027118666322741767,0.09417012958613649,0.0,0.03474231852722401,0.07912501250492793,0.0,0.0,0.0,0.0,0.0,0.022040825480753146,0.012311527664756742,0.04088062063278426,0.0
2011-06-17,0.18753265970255892,0.04133289422337811,0.0,0.08896807539268538,0.0,0.05095577320351273,0.05169570096214715,0.0,0.03789715018028037,0.008422242065007654,0.042759716415327186,0.0,0.0,0.006775419934540385,0.05052953357370717,0.0,0.07876811116182644,0.020211813429482868,0.034923864465335464,0.0,0.0,0.024814301973159803,0.07750953355526628,0.0,0.016564206371290333,0.07979472987257838,0.0,0.0,0.0,0.0,0.0,0.03084845959967421,0.012756741991249423,0.056939071926991144,0.0
2011-06-24,0.23665498198438828,0.022469495688150584,0.0,0.07299412208067957,0.0,0.06125913003605854,0.041753508850280674,0.0,0.057615036794288484,0.007163805380737449,0.031720339842428696,0.0,0.0,0.005918077270808543,0.07682004905905132,0.0,0.14085903602624167,0.03072801962362053,0.03570157161489911,0.0,0.0,0.022469495688150584,0.0732234383004874,0.0,0.011334358799196977,0.0,0.0,0.0,0.0,0.0,0.0,0.02251859231445138,0.008544901992446468,0.04025203865363326,0.0
2011-07-01,0.2553549393754548,0.020285323292344604,0.0,0.06521052650261985,0.0,0.05679864640773635,0.03778979463306292,0.0,0.06826893632363253,0.006960186026597203,0.037098419333797164,0.0,0.0,0.0023978676504088333,0.09102524843151004,0.0,0.1405227515618952,0.03641009937260402,0.019344708962163094,0.0,0.0,0.020556041561211335,0.06876702307659989,0.0,0.011935411176126568,0.0,0.0,0.0,0.0,0.0,0.0,0.012202932782319985,0.02169752157505312,0.0273736219548621,0.0
2011-07-08,0.2604994724819069,0.019562609048588447,0.0,0.06435012342180457,0.0,0.0705433147303081,0.033522304371713565,0.0,0.07074702035169544,0.003970871235762918,0.028198537592245145,0.0,0.0,0.0037242047823793944,0.09432936046892726,0.0,0.12711790785717905,0.03773174418757091,0.018337278953648697,0.0,0.0,0.020660247456312182,0.0653181077719451,0.0,0.01439083628789422,0.0,0.0,0.0,0.0,0.0,0.0,0.013784592260235267,0.027502414057997693,0.025709052681884784,0.0
2011-07-15,0.24482492256494387,0.024997663773312376,0.0,0.06514176566299643,0.0,0.09700999554480269,0.03531321159594887,0.0,0.06421581145297449,0.003227607222204861,0.04036019561252743,0.0,0.0,0.0023582004888672327,0.08562108193729932,0.0,0.11233490310098754,0.03424843277491973,0.01897546498968719,0.0,0.0,0.020945581574403058,0.06637878701233266,0.0,0.005757871914396527,0.0,0.0,0.0,0.0,0.0,0.0,0.01407685028007599,0.0390898039023851,0.0251218485949342,0.0
2011-07-22,0.2629242541950284,0.019593059280615267,0.0,0.06077524153197161,0.0,0.09464986338770806,0.03312292988327126,0.0,0.07101142176464857,0.0038178497757948306,0.03874792035032848,0.0,0.0,0.00125558210833344,0.09468189568619809,0.0,0.10883412353619208,0.03787275827447924,0.018252872205674342,0.0,0.0,0.01922209350672082,0.06365775232083082,0.0,0.00399162699323229,0.0,0.0,0.0,0.0,0.0,0.0,0.012266965579691284,0.03611942541727505,0.019202364202005565,0.0
2011-07-29,0.22576613232258458,0.027036133886141605,0.0,0.018847943290820898,0.0,0.17003779845143155,0.035193125058466376,0.0,0.05834953156504665,0.007295853582682487,0.03672153500206134,0.0,0.0,0.0,0.07779937542006221,0.0,0.09926427707136193,0.031119750168024884,0.027507564069692833,0.0,0.0,0.0,0.09596572500153777,0.0,0.005704455963140729,0.018847943290820898,0.0,0.0,0.0,0.0,0.0,0.012484045467260247,0.025766160939835945,0.026292649449026723,0.0
2011-08-05,0.2267648421253895,0.030825077666535954,0.0,0.025550686252339597,0.0,0.17433770952809888,0.048046874513222704,0.0,0.044046843928484604,0.007840624682763616,0.08593818517147314,0.0,0.0,0.0041199128423216776,0.05872912523797947,0.0,0.1034908162326617,0.02349165009519179,0.04035408316841769,0.0,0.0,0.0,0.10091288230277973,0.0,0.0,0.025550686252339597,0.0,0.0,0.0,0.0,0.0,0.0,0.0,0.0,0.0
2011-08-12,0.20889577945280455,0.05126726167038613,0.0,0.025777098702752348,0.0,0.20712176869931417,0.047301760195618874,0.0,0.02322355569601534,0.004795723636197262,0.08937344781500228,0.0,0.0,0.004630233328644988,0.03096474092802045,0.0,0.1045082520386486,0.012385896371208181,0.05238818287149867,0.0,0.0,0.0,0.1115891998911352,0.0,0.0,0.025777098702752348,0.0,0.0,0.0,0.0,0.0,0.0,0.0,0.0,0.0
2011-08-19,0.25763993628730053,0.05513190639677049,0.0,0.012779565377981333,0.0,0.18502733530140897,0.029473183131049886,0.0,0.05631732375389675,0.004955149317172447,0.0459219898239616,0.0,0.0,0.004233573569431659,0.07508976500519567,0.0,0.10136786073157342,0.03003590600207827,0.03400274519255783,0.0,0.0,0.0,0.09524419473163939,0.0,0.0,0.012779565377981333,0.0,0.0,0.0,0.0,0.0,0.0,0.0,0.0,0.0
2011-08-26,0.4678640163046771,0.019654786054302917,0.0,0.0,0.0,0.18026091111678538,0.024718213461476977,0.0,0.03734085627954982,0.0016494408816028463,0.04097751697247608,0.0,0.0,0.0016539598245114632,0.04978780837273309,0.0,0.048960874154545135,0.019915123349093237,0.07205024295975411,0.0,0.0,0.0,0.03516625026849152,0.0,0.0,0.0,0.0,0.0,0.0,0.0,0.0,0.0,0.0,0.0,0.0
2011-09-02,0.4842618348666722,0.013587084382336105,0.0,0.0,0.0007669930306175838,0.14076940473367977,0.019231004727522785,0.0,0.06326995488922854,0.0011734687133635557,0.02309880875121454,0.0,0.0,0.002166639255563038,0.08435993985230472,0.0,0.053033304936667275,0.03374397594092189,0.05022225564701172,0.0,0.0,0.0,0.02915579972617234,0.0,0.0,0.0011595305467236216,0.0,0.0,0.0,0.0,0.0,0.0,0.0,0.0,0.0
2011-09-09,0.48472553512716693,0.017749792926104367,0.0,0.0,0.0,0.13637738962253312,0.01967205600125016,0.0,0.0627200107680097,0.0,0.029070142566945706,0.0,0.0,0.0007566550562382354,0.08362668102401294,0.0,0.05257514002417956,0.03345067240960518,0.051788788756978135,0.0,0.0,0.0,0.02748713571697568,0.0,0.0,0.0,0.0,0.0,0.0,0.0,0.0,0.0,0.0,0.0,0.0
2011-09-16,0.41606578483002477,0.01258952209919022,0.0,0.0,0.0,0.17179409577915036,0.025872744949017024,0.0,0.042190191578154686,0.0,0.07557989432042847,0.0,0.0,0.0007025314505587158,0.05625358877087292,0.0,0.047998308118601965,0.02250143550834917,0.09728374691708877,0.0,0.0,0.0,0.031168155678562723,0.0,0.0,0.0,0.0,0.0,0.0,0.0,0.0,0.0,0.0,0.0,0.0
2011-09-23,0.4602153354909235,0.001793550425415618,0.0,0.0,0.0,0.15334443435105696,0.023600511896859126,0.0,0.048200022500346856,0.0,0.06904488513694476,0.0,0.0,5.019330611220545e-05,0.06426669666712914,0.0,0.04854854762396052,0.025706678666851657,0.07574131367975917,0.0,0.0,0.0,0.029487830254640194,0.0,0.0,0.0,0.0,0.0,0.0,0.0,0.0,0.0,0.0,0.0,0.0
2011-09-30,0.44956260066435827,0.014281538874115741,0.0,0.0,0.0,0.16638140240349444,0.025505045643762197,0.0,0.03832881195497644,0.0,0.08188064448890961,0.0,0.0,0.0005071145560228017,0.05110508260663525,0.0,0.015331524781990576,0.020442033042654104,0.12315201037507603,0.0,0.0,0.0,0.013522190608004239,0.0,0.0,0.0,0.0,0.0,0.0,0.0,0.0,0.0,0.0,0.0,0.0
2011-10-07,0.4453797116613346,0.014979580501458416,0.0,0.0,0.0,0.17393016849423873,0.027563221483464573,0.0,0.030673127176445797,0.0,0.08882405081867081,0.0,0.0,0.0001959581897292452,0.04089750290192773,0.0,0.012269250870578318,0.016359001160771092,0.13497071658928791,0.0,0.0,0.0,0.013957710152092528,0.0,0.0,0.0,0.0,0.0,0.0,0.0,0.0,0.0,0.0,0.0,0.0
2011-10-14,0.4434382092283088,0.014637353737759307,0.0,0.0,0.0,0.17582266734973892,0.02747304327717954,0.0,0.028757813854845212,0.0,0.09140995393893833,0.0,0.0,0.00018230645618854603,0.03834375180646028,0.0,0.011503125541938084,0.015337500722584115,0.1391953201801901,0.0,0.0,0.0,0.013898953905868493,0.0,0.0,0.0,0.0,0.0,0.0,0.0,0.0,0.0,0.0,0.0,0.0
2011-10-21,0.4729590942505699,0.013820271061128778,0.0,0.0,0.0,0.12429802876360052,0.023307563210362474,0.0,0.04983385703192671,0.0,0.08427427512225144,0.0,0.0,0.0009490549466511137,0.06644514270923561,0.0,0.019933542812770683,0.026578057083694248,0.10769835268143592,0.0,0.0,0.0,0.00990276032637236,0.0,0.0,0.0,0.0,0.0,0.0,0.0,0.0,0.0,0.0,0.0,0.0
2011-10-28,0.45955009579948236,0.013813787096207418,0.0,0.0,0.0,0.11354867830186086,0.03461565785360385,0.0,0.04836223193726933,0.0,0.09641270975825296,0.0,0.0,0.0006424730431547719,0.06448297591635911,0.0,0.01934489277490773,0.025793190366543643,0.11743168395980744,0.0,0.0,0.0,0.0,0.0,0.0,0.0,0.0,0.0,0.0,0.0,0.0,0.003684394369021517,0.0,0.0023172288235286847,0.0
2011-11-04,0.47549683062628983,0.00991610929433721,0.0,0.0,0.0,0.09907970403978908,0.026476413359469056,0.0,0.0701246603209922,0.0,0.07232595229567634,0.0,0.0,0.0005381090382004887,0.09349954709465627,0.0,0.028049864128396877,0.03739981883786251,0.08709299096432996,0.0,0.0,0.0,0.0,0.0,0.0,0.0,0.0,0.0,0.0,0.0,0.0,0.0,0.0,0.0,0.0
2011-11-11,0.4620724780139909,0.014455347747808938,0.0,0.0,0.0,0.10988485484760604,0.03347395831306518,0.0,0.043645650161372916,0.0,0.09703712302492035,0.0,0.0,0.0006482961865655172,0.058194200215163895,0.0,0.017458260064549168,0.02327768008606556,0.12958143437023367,0.0,0.0,0.0,0.0,0.0,0.0,0.0,0.0,0.0,0.0,0.0,0.0,0.006291058771106545,0.0,0.003979658197551052,0.0
2011-11-18,0.39567503399809656,0.00804212256673676,0.0,0.0,0.0,0.14297607564390577,0.07560749165101033,0.0,0.03185962696188181,0.0,0.13227114579980379,0.0,0.0,0.002290305723371325,0.042479502615842414,0.0,0.012743850784752724,0.016991801046336966,0.13906304320826135,0.0,0.0,0.0,0.0,0.0,0.0,0.0,0.0,0.0,0.0,0.0,0.0,0.0,0.0,0.0,0.0
2011-11-25,0.3029751144385627,0.0,0.0,0.0,0.0,0.1935249547972139,0.0224430067667239,0.0,0.03317414539691061,0.0,0.13175632022348757,0.0,0.0,0.033886465658831674,0.044232193862547474,0.0,0.014458019101974506,0.01769287754501899,0.1901599758770156,0.0,0.0,0.0,0.015696926331712772,0.0,0.0,0.0,0.0,0.0,0.0,0.0,0.0,0.0,0.0,0.0,0.0
2011-12-02,0.2772975230421533,0.0,0.0,0.0,0.0,0.21056736244304153,0.026718670544471176,0.0,0.027805415583021766,0.0,0.14429435624828718,0.0,0.0,0.025614658602590178,0.03707388744402902,0.0,0.011729479076926034,0.01482955497761161,0.20284057414155732,0.0,0.0,0.0,0.021228517896310573,0.0,0.0,0.0,0.0,0.0,0.0,0.0,0.0,0.0,0.0,0.0,0.0
2011-12-09,0.24769343691214507,0.0,0.0,0.0,0.0,0.21976668214529424,0.015852706843107446,0.0,0.018096322361513373,0.0,0.12996600681166048,0.0,0.0,0.03537827661311048,0.024128429815351165,0.0,0.0074180501612783984,0.009651371926140467,0.2261805017665614,0.0,0.0,0.0,0.016372904892789523,0.0,0.0031247298421477254,0.0,0.0,0.0,0.0,0.0,0.007288175311235892,0.01692657383762056,0.014644819405381924,0.0075110113546615655,0.0
2011-12-16,0.2891080312376757,0.0,0.0,0.0,0.0,0.20108627800047976,0.024521934773696196,0.0,0.02830232698544467,0.0,0.14105392939869982,0.0,0.0,0.029881075368607058,0.0377364359805929,0.0,0.012519138997630566,0.015094574392237159,0.20170119668136355,0.0,0.0,0.0,0.018995078183572236,0.0,0.0,0.0,0.0,0.0,0.0,0.0,0.0,0.0,0.0,0.0,0.0
2011-12-23,0.27034054086182924,0.0,0.0,0.0,0.0,0.1817173941042929,0.01708052231616984,0.0,0.023645916118198114,0.0,0.1454541346990849,0.0,0.0,0.02893113930849366,0.03152788815759749,0.0,0.009458366447279246,0.012611155263038996,0.203969116596999,0.0,0.0,0.0,0.01615765243527767,0.0,0.0,0.0,0.0,0.0,0.0,0.0,0.010521664629896572,0.020293657317443838,0.018085087990878976,0.010205763753519028,0.0
2011-12-30,0.2180173914008578,0.0,0.0,0.0,0.0,0.12816226345703094,0.10125411807331916,0.0,0.023610692730767095,0.0,0.15868222257311,0.0,0.0,0.0,0.03148092364102279,0.0,0.05404824573302009,0.012592369456409118,0.1746826304586066,0.0,0.0,0.0,0.044603968640713254,0.0,0.0012695830544156932,0.0,0.0,0.0,0.0,0.0,0.002202333421700248,0.01755930137649702,0.02111078525510411,0.01072317072742571,0.0
2012-01-06,0.20766393362708038,0.0,0.0,0.0,0.0,0.13039498861229537,0.1073923264772056,0.0,0.020303379251274407,0.0,0.1616544001829554,0.0,0.0,0.0018679647096957548,0.027071172335032544,0.0,0.05577068395096427,0.010828468934013019,0.18198738246101676,0.0,0.0,0.0,0.0476493322504545,0.0,0.00280925928462781,0.0,0.0,0.0,0.0,0.0,0.002465526605473763,0.02006504525217539,0.013066657658284991,0.009009478407449601,0.0
2012-01-13,0.21953749266085404,0.0,0.0,0.0,0.0,0.12593931880144757,0.10212418264753045,0.0,0.025817828302579303,0.0,0.1648884202691606,0.0,0.0,0.0,0.03442377107010574,0.0,0.05589695429481392,0.013769508428042296,0.1712584560254914,0.0,0.0,0.0,0.04701148670122937,0.0,0.0,0.0,0.0,0.0,0.0,0.0,0.001395177291665382,0.01838023861658973,0.009501547458385749,0.010055617432104123,0.0
2012-01-20,0.22427378380352186,0.0,0.0,0.0,0.0,0.10729300081196205,0.1063845378207071,0.0,0.03557817307190881,0.0,0.14793384381872274,0.0,0.0,0.0016492210105104252,0.04743756409587841,0.0,0.06232158191195312,0.018975025638351364,0.16381577129778094,0.0,0.0,0.0,0.04959326088397918,0.0,0.0,0.0,0.0,0.0,0.0,0.0,0.0,0.016850887297969987,0.005279384796442766,0.012613963740310881,0.0
2012-01-27,0.1566797616993209,0.0,0.0,0.0,0.0,0.15836951473724747,0.13220031385617112,0.0,0.02704088805090799,0.0,0.10978253914272013,0.0,0.0,0.0,0.036054517401210656,0.0,0.0571114780623448,0.014421806960484262,0.17228541234441502,0.0,0.0,0.0,0.06797192368939706,0.0,0.0,0.0,0.0,0.0,0.0,0.0,0.060134435775753725,0.004586054096007616,0.0,0.0033613541840190045,0.0
2012-02-03,0.2021652053542829,0.0,0.0,0.0,0.0,0.15616105709272815,0.1054725042157407,0.0,0.04167960046585352,0.0,0.15399147256022042,0.0,0.0,0.0,0.05557280062113803,0.0,0.03892508464774488,0.022229120248455213,0.17413896236839155,0.0,0.0,0.0,0.0408230051046692,0.0,0.00047010005651806485,0.0,0.0,0.0,0.0,0.0,0.0031780529915938264,0.0028931641390488104,0.0,0.002299870133614385,0.0
2012-02-10,0.21787011406024584,0.0,0.0,0.0,0.0,0.15647954043376705,0.08802875004236288,0.0,0.048960600466050636,0.0,0.1272328904061337,0.0,0.0,0.007254916203976261,0.06528080062140085,0.0,0.041911819450710444,0.02611232024856034,0.169496794083642,0.0,0.0,0.0,0.037993926409463114,0.0,0.0031260250154996104,0.0,0.0,0.0,0.0,0.0,0.004240270091893969,0.0032256262454413293,0.0,0.0027856062208515995,0.0
2012-02-17,0.18670069004625078,0.0,0.0,0.0,0.0,0.1448220676224577,0.07854755821409366,0.0,0.03891046075536355,0.0,0.11693556116136192,0.0,0.0,0.038035087483219335,0.05188061434048473,0.0,0.04834811142777755,0.020752245736193893,0.1525243953972799,0.0,0.0,0.0,0.056444693110806306,0.0,0.019497318416192268,0.0,0.0,0.0,0.0,0.0,0.029799152211570597,0.009789628140685184,0.0,0.0070124159362622025,0.0
2012-02-24,0.22187434541245948,0.0,0.0,0.014515297723012799,0.0,0.14124526215182145,0.07851040197190134,0.0,0.046068108002836325,0.002829416104422099,0.1264032485524727,0.0,0.0,0.02242087907638579,0.06142414400378177,0.0,0.044001750807430906,0.024569657601512706,0.16268647238129452,0.0,0.0,0.0,0.025687264572040153,0.0,0.0025953387906789693,0.014515297723012799,0.0,0.0,0.0,0.0,0.0051255336371046,0.0030826170334622106,0.0,0.002444964454368883,0.0
2012-03-02,0.21421361406121378,0.0,0.0,0.02226015352819576,0.0,0.13192596032881415,0.07687465887845088,0.0,0.03432266922557303,0.005446777756943569,0.13191232213702414,0.0,0.0,0.032122990423406786,0.04576355896743071,0.0,0.041179816718766575,0.018305423586972284,0.1464932518145577,0.0,0.0,0.0,0.032324060705534015,0.0,0.004257398232374937,0.02226015352819576,0.0,0.0,0.0,0.0,0.008884644268405892,0.01763973431866412,0.0,0.013812811519475214,0.0
2012-03-09,0.24912709443303158,0.0,0.0,0.014005185341530967,0.0,0.12879556401224296,0.0692712801405932,0.0,0.05779309031237512,0.0072723099163006025,0.1222852292253089,0.0,0.0,0.035983440237236576,0.07705745374983348,0.0,0.04381867744362791,0.030822981499933396,0.11106310981122884,0.0,0.0,0.0,0.024433695023844515,0.0,0.0023268578224561343,0.014005185341530967,0.0,0.0,0.0,0.0,0.004357619088032557,0.004001195260273024,0.0,0.003580031340618738,0.0
2012-03-16,0.23200634751213464,0.0,0.0,0.020486520836269805,0.0,0.12468017995546454,0.06833711546414306,0.0,0.043366176414399264,0.00563370531561939,0.12312581743498358,0.0,0.0,0.04804962197021878,0.05782156855253235,0.0,0.046805778893434846,0.023128627421012942,0.11724993496208533,0.0,0.0,0.0,0.02998299935828258,0.0,0.004950176197136119,0.020486520836269805,0.0,0.0,0.0,0.0,0.007859050525263096,0.014035013866044804,0.0,0.011994844484704397,0.0
2012-03-23,0.2417387839606835,0.0,0.0,0.021209908505481104,0.0,0.1243797587773647,0.06706582725645646,0.0,0.05319096399837892,0.008806357608878879,0.10321836581954512,0.0,0.0,0.04591143935240298,0.0709212853311719,0.0,0.0534529822423503,0.02836851413246876,0.10051279869597818,0.0,0.0,0.0,0.030556953361176725,0.0,0.003121914537147367,0.021209908505481104,0.0,0.0,0.0,0.0,0.015380945469830772,0.010953292445202836,0.0,0.0,0.0
2012-03-30,0.24658356619322053,0.0,0.0,0.022551739527919286,0.0,0.07978087556740285,0.03687079677892997,0.0,0.05495434896914065,0.004487361978383405,0.106514392784851,0.0,0.0,0.0777360573132871,0.07327246529218753,0.0,0.05099931878288548,0.029308986116875015,0.10259894130913563,0.0,0.0,0.0,0.0605701787009511,0.0,0.003585190361498891,0.02348725843842602,0.0,0.0,0.0,0.0,0.004291151808922637,0.012203440093126133,0.0,0.010203929982856259,0.0
2012-04-06,0.2514753192021155,0.0,0.0,0.021669483074327436,0.0,0.07700948295346524,0.03639069461186808,0.0,0.059266581245170626,0.0,0.10201696310785668,0.0,0.0,0.07377524888980512,0.07902210832689416,0.0,0.054946570979876916,0.03160884333075767,0.10116280716065365,0.0,0.0,0.0,0.05686179847967679,0.0,0.012609706033491047,0.027475979359905228,0.0,0.0,0.0,0.0,0.0038068524227319895,0.010901560821403393,0.0,0.0,0.0
2012-04-13,0.24079306455360194,0.0,0.0,0.022892004768143105,0.0,0.07423061465254109,0.03749402724331206,0.0,0.05281036696480809,0.002855017086983486,0.11138903045297374,0.0,0.0,0.07968829628637894,0.07041382261974412,0.0,0.04921998462046595,0.02816552904789765,0.11092246010570919,0.0,0.0,0.0,0.06280626884145278,0.0,0.004290325184716749,0.023494453841777358,0.0,0.0,0.0022502054277847715,0.0,0.015192048448647688,0.011092479853060822,0.0,0.0,0.0
2012-04-20,0.25420187265289707,0.0,0.0,0.02146789595350111,0.0,0.06694122820567058,0.03786706104667921,0.0,0.05727289674853577,0.0037376756629386174,0.08917380039683359,0.0,0.0,0.08061603533123833,0.07636386233138104,0.0,0.056908217178068175,0.030545544932552415,0.0999969073728989,0.0,0.0,0.0,0.0639646411024829,0.0,0.013955777887045044,0.02146789595350111,0.0,0.0,0.0,0.0,0.015741176082146098,0.0097775111616295,0.0,0.0,0.0
2012-04-27,0.29444781376295504,0.0,0.0,0.02038168655958371,0.0,0.0514307837633971,0.05647758173405493,0.0,0.06431455210844099,0.003753508402500628,0.08393623471294548,0.0,0.0,0.06554873903395904,0.08575273614458799,0.0,0.05801694606024317,0.0343010944578352,0.09315152104415067,0.0,0.0,0.0,0.04095749379072258,0.0,0.013059837779606436,0.02038168655958371,0.0,0.0,0.0,0.0,0.005370709482961386,0.008717074602471595,0.0,0.0,0.0
2012-05-04,0.2949151464943265,0.0,0.0,0.02037736409798736,0.0,0.051883191945114794,0.064693400922055,0.0,0.06360702190277494,0.0022474225403366003,0.09435572670480746,0.0,0.0,0.05215812424506581,0.08480936253703324,0.0,0.057730033714490536,0.0339237450148133,0.0910049689969487,0.0,0.0,0.0,0.040572343692892976,0.0,0.013357133028523375,0.02037736409798736,0.0,0.0,0.0,0.0,0.005240956076928608,0.008746693987912994,0.0,0.0,0.0
2012-05-11,0.2450441203609673,0.0,0.0,0.029136555657808344,0.0,0.05223548416714929,0.09050623552991899,0.0,0.029257237410742137,0.0018598654560880387,0.12668997561921214,0.0,0.0,0.05465528489373049,0.03900964988098951,0.0,0.055060693208253596,0.015603859952395806,0.118850790669488,0.0,0.0,0.0,0.05142986603521823,0.0,0.0217626654201179,0.029136555657808344,0.0,0.0,0.0,0.0,0.008307628406326978,0.019166834269075,0.0,0.012286697404709357,0.0
2012-05-18,0.24074994048493903,0.0,0.0,0.02819096597600941,0.0,0.05138518081527163,0.09744216271542715,0.0,0.032562985472273834,0.0,0.1304431997218047,0.0,0.0,0.05234673128636665,0.04341731396303178,0.0,0.048249842111612345,0.017366925585212713,0.12332940140089357,0.0,0.0,0.0,0.05048087383613934,0.0,0.01889725858931221,0.02819096597600941,0.0,0.0,0.0,0.0,0.00797388845923541,0.016809051177313395,0.0,0.012163312429146797,0.0
2012-05-25,0.2701074906690499,0.0,0.0,0.0,0.0,0.03411694631946455,0.05805941353012577,0.0,0.026795505723554432,0.003115786642436641,0.12884205399152285,0.0,0.0,0.04840837507849042,0.03572734096473924,0.0,0.09052420362778417,0.014290936385895698,0.1490512439019704,0.0,0.0,0.0,0.08091668506382857,0.0,0.017594714674013766,0.0,0.0,0.0,0.0,0.0,0.007469589517972404,0.01957785521920899,0.0,0.01540185868994158,0.0
2012-06-01,0.24687118899522764,0.0,0.0,0.0,0.0,0.03142255647888816,0.06421392031987268,0.0,0.03898900570250653,0.003384801398620852,0.11135861730834813,0.0,0.0,0.04075108350077973,0.051985340936675374,0.0,0.1073548610485263,0.02079413637467015,0.1307865455711068,0.0,0.0,0.0,0.08392099025781546,0.0,0.004522210853841567,0.0,0.0,0.0,0.002195240317943094,0.0,0.006315660938133164,0.030647846912656984,0.0,0.024485993084387023,0.0
2012-06-08,0.2411032650601419,0.0,0.0,0.0,0.0,0.030855385848088064,0.07529719474524477,0.0,0.041445892992731576,0.0015626247630755306,0.1381757222875346,0.0,0.0,0.03046131941802775,0.055261190656975434,0.0,0.09260359885780742,0.022104476262790176,0.11183748037497333,0.0,0.0,0.0,0.08268333858104851,0.0,0.0018035650202043703,0.0,0.0,0.0,0.0,0.0,0.003660899784147682,0.042575072688041546,0.0,0.028568972659166893,0.0
2012-06-15,0.24529671116179957,0.0,0.0,0.0,0.0,0.030420484613032078,0.07117067847430375,0.0,0.043930441605301775,0.0014824700039094752,0.13340340255705296,0.0,0.0,0.032977566354475955,0.058573922140402364,0.0,0.08917450105231961,0.02342956885616095,0.1083659686507219,0.0,0.0,0.0,0.07922821619026553,0.0,0.0,0.0,0.0,0.0,0.0,0.0,0.0024488218374626412,0.045839095972283035,0.0026774790145360234,0.03158067151597198,0.0
2012-06-22,0.2588522361106058,0.0,0.0,0.0,0.0,0.03070148994716492,0.06764027550768496,0.0,0.04952610437642611,0.0,0.13029939469768814,0.0,0.0,0.025182638111257385,0.06603480583523481,0.0,0.09593490359934921,0.026413922334093926,0.1069972686523262,0.0,0.0,0.0,0.07280802810527992,0.0,0.001213517284168589,0.0,0.0,0.0,0.0,0.0,0.0023631577149032922,0.03720230834325727,0.0029755488369367505,0.025854400543622317,0.0
2012-06-29,0.1834779614158607,0.0,0.0,0.0,0.0,0.030721504811749276,0.10502685650986601,0.0,0.04275177277562995,0.0,0.14466370031903664,0.0,0.0,0.012277256186179041,0.05700236370083993,0.0,0.07909595578899983,0.022800945480335972,0.13452089040436,0.0,0.0,0.0,0.1184017071495733,0.0,0.0026504450641284655,0.0,0.0,0.0,0.0,0.0,0.004600744614545798,0.03559135811048449,0.0,0.02641653766841029,0.0
2012-07-06,0.15725672925103773,0.0,0.0,0.0,0.0,0.029992524801210105,0.09948393527244195,0.0,0.031435500995434226,0.0,0.18413244382685062,0.0,0.0,0.004427623158134064,0.04191400132724563,0.0,0.06770767066026273,0.016765600530898254,0.15885404132754444,0.0,0.0,0.0,0.12577247581491868,0.0,0.002623842396906524,0.0,0.0,0.0,0.0,0.0,0.017909254663243043,0.036448668621792656,0.0,0.02527568735207903,0.0
2012-07-13,0.16371756503390927,0.0,0.0,0.0,0.0,0.028435984784663852,0.1045145929884237,0.0,0.036275763580173,0.0,0.15762887840663511,0.0,0.0,0.005500406478658185,0.048367684773564,0.0,0.0694826364645327,0.019347073909425604,0.1486625875393759,0.0,0.0,0.0,0.12131268412083407,0.0,0.0,0.0,0.0,0.0,0.0,0.0,0.020614155701490746,0.04205457050890274,0.005562559718656353,0.02852285599075447,0.0
2012-07-20,0.16003354329783606,0.0,0.0,0.0,0.0,0.028374268559859386,0.10711390028696602,0.0,0.032987401396101006,0.0,0.15250200559013077,0.0,0.0,0.004955279709264904,0.043983201861468,0.0,0.07141695367211252,0.017593280744587204,0.16049679652019355,0.0,0.0,0.0,0.12692547377317587,0.0,0.0,0.0,0.0,0.0,0.0,0.0,0.014457996939715044,0.03976352172893309,0.00965900317933622,0.02973737274031988,0.0
2012-07-27,0.16655451586951342,0.0,0.0,0.0,0.0,0.0254466588612397,0.1235988393653229,0.0,0.046411577200991636,0.0,0.15365765441188758,0.0,0.0,0.036611185438777276,0.061882102934655514,0.0,0.07496488336492288,0.024752841173862207,0.14059044005975563,0.0,0.0,0.0,0.06957054543439699,0.0,0.0,0.0,0.0,0.0,0.0,0.0,0.0045402817213415145,0.03079867814751835,0.011760907586757937,0.028858888429056,0.0
2012-08-03,0.1404846288932875,0.0,0.0,0.0,0.0,0.02706465091239249,0.14490194447362348,0.0,0.033443646869067756,0.0,0.1538277646422349,0.0,0.0,0.03902355420829438,0.044591529158757005,0.0,0.06948659818441677,0.017836611663502804,0.1483194964927125,0.0,0.0,0.0,0.07462535283926712,0.0,0.0013780135486590643,0.0,0.0,0.0,0.0,0.0,0.016706030100961035,0.0417784328619029,0.008884578712416203,0.03764716643850358,0.0
2012-08-10,0.17642630181131003,0.0,0.0,0.0,0.0,0.028972846207768327,0.12554017122719907,0.0,0.04844639783315787,0.003607305708937126,0.12082298426456546,0.0,0.0,0.03802597503543798,0.06459519711087716,0.0,0.07384108257028027,0.025838078844350867,0.13218093090994207,0.0,0.0,0.0,0.07206592118799668,0.0,0.0,0.0,0.0,0.0,0.0,0.0,0.016565093893259587,0.03553503297309372,0.005784107511951131,0.03175257290987222,0.0
2012-08-17,0.2269073747033351,0.0,0.0,0.0,0.0,0.0340204835602463,0.09857011789074732,0.0,0.06598329807121495,0.0027431054169799692,0.09517244096582815,0.0,0.0,0.033463423025113195,0.08797773076161992,0.0,0.09049272686363066,0.035191092304647974,0.11075366476409751,0.0,0.0,0.0,0.06299271850600469,0.0,0.0,0.0,0.0,0.0,0.0,0.0,0.002472540806689252,0.02475707543213284,0.005545636522116787,0.02295657040559502,0.0
2012-08-24,0.2214689931078113,0.0,0.0,0.0,0.0,0.03323741231188986,0.09792942194647655,0.0,0.06294594178486304,0.0031786138213455925,0.0861706404247991,0.0,0.0,0.06527541098891831,0.08392792237981739,0.0,0.08520082208644783,0.03357116895192696,0.10835178177641586,0.0,0.0,0.0,0.06648234357698138,0.0,0.0022856147474984772,0.0,0.0,0.0,0.0,0.0,0.004103899907516452,0.022007397686013223,0.0,0.023862614501278384,0.0
2012-08-31,0.21520946732071952,0.0,0.0,0.024846711968661825,0.0,0.05416101100586806,0.08125783084963631,0.0,0.062380227929105816,0.0025733963451564533,0.07566256306548413,0.0,0.0,0.01647180704923128,0.08317363723880776,0.0,0.0986025639949429,0.033269454895523104,0.08509707809555424,0.0,0.0,0.0,0.08799023063382314,0.0,0.0,0.024846711968661825,0.0,0.0,0.0,0.0,0.005467724580564268,0.02286651339027341,0.0,0.026123069667985346,0.0
2012-09-07,0.1982454255369589,0.0,0.0,0.026283928635483678,0.0,0.054308601284419375,0.08330077253193391,0.0,0.057465197554921986,0.003102679241969872,0.07901258880193035,0.0,0.0,0.019406373968720168,0.07662026340656264,0.0,0.08969453736926228,0.03064810536262506,0.08159131257942637,0.0,0.0,0.0,0.09124471621277502,0.0,0.005644866990958243,0.026283928635483678,0.0,0.0,0.0,0.0,0.024869468745864577,0.023830102012490216,0.0,0.028447131128213253,0.0
2012-09-14,0.20273583402387432,0.0,0.0,0.026053796458938544,0.0,0.054178356110010824,0.07136920712933627,0.0,0.058552381249803255,0.003151832256100162,0.07571467589896538,0.0,0.0,0.035218147117011135,0.07806984166640435,0.0,0.08941368168039548,0.03122793666656174,0.08782104615106445,0.0,0.0,0.0,0.10201415797201058,0.0,0.003211564212975338,0.026053796458938544,0.0,0.0,0.0,0.0,0.0049908157052247866,0.022798370884880813,0.0,0.02742455835750366,0.0
2012-09-21,0.23851248905845288,0.0,0.0,0.02251881801681115,0.0,0.054333204765204424,0.06392516597560843,0.0,0.07097111955918815,0.00352872878130433,0.06444867799984769,0.0,0.0,0.031213080444545096,0.09462815941225086,0.0,0.08202079648214472,0.03785126376490035,0.07428846184618414,0.0,0.0,0.000955010422089831,0.09003655594736192,0.0,0.0027247363951668387,0.02220378259996727,0.0,0.0,0.0,0.0,0.0046389472593459545,0.019439333848676632,0.0,0.021761667420948903,0.0
2012-09-28,0.23448146938028508,0.0,0.0,0.02276330194568549,0.0,0.054355150018302115,0.08193259402362786,0.0,0.0723259441568378,0.003609735523462657,0.061711190075432736,0.0,0.0,0.03539649855030186,0.09643459220911706,0.0,0.10933042168518785,0.03857383688364682,0.03263159487528235,0.0,0.0,0.0003223517633006565,0.08084897859658742,0.0,0.004369602345273069,0.021806752517747892,0.0,0.0,0.0,0.0,0.008080901339004506,0.01766400501766299,0.0,0.023361079093253304,0.0
2012-10-05,0.24299426645002026,0.0,0.0,0.021530295465734803,0.0,0.054220399263068375,0.07840252952718856,0.0,0.07269786752313583,0.0061914108945299775,0.06612305465009079,0.0,0.0,0.0175843891328972,0.09693049003084778,0.0,0.10479840918032972,0.03877219601233911,0.03732527672801089,0.0,0.0,0.0,0.07915016881628333,0.0,0.0035495368595822316,0.021530295465734803,0.0,0.0,0.0,0.0,0.018288047237301222,0.018633357176461116,0.0,0.021278009586443644,0.0
2012-10-12,0.2479016825599495,0.0,0.0,0.022523281591975013,0.0,0.054922377031256464,0.07481460040307045,0.0,0.07478201684882531,0.0066107564457004615,0.06100944754873783,0.0,0.0,0.01263442106196652,0.09970935579843374,0.0,0.11915719498286315,0.0398837423193735,0.035637162603174316,0.0,0.0,0.00034659641353898676,0.07846022029086833,0.0,0.0,0.02149773813870402,0.0,0.0,0.0,0.0,0.007726000014721183,0.01797615565109282,0.0,0.02440725029574802,0.0
2012-10-19,0.23944351967119634,0.0,0.0,0.02599606760917737,0.0,0.055071645892420945,0.08023714204399439,0.0,0.07092643008112744,0.0064292060799337756,0.06313092565837541,0.0,0.0,0.009788008770684775,0.09456857344150324,0.0,0.12075465531809051,0.0378274293766013,0.03679270408171718,0.0,0.0,0.0026449858635326892,0.08072036460896777,0.0,0.0024974533622069885,0.022641208715887113,0.0,0.0,0.003968287157080333,0.0,0.0032007839364015557,0.01671907455650753,0.0,0.026641533774592795,0.0
2012-10-26,0.2706039946970741,0.0,0.0,0.023120911507071466,0.0,0.060907602710782265,0.07339875199940962,0.0,0.07363595591187001,0.025535786900811916,0.06549739478905849,0.0,0.0,0.014341248350018754,0.09818127454916001,0.0,0.09639591920491078,0.03927250981966401,0.024874159934013367,0.0,0.0,0.000387962965047774,0.0651927844062946,0.0,0.002265234144296678,0.021971982543782367,0.0,0.0,0.003679338833038526,0.0,0.0,0.01568668536314432,0.0,0.025050501370550555,0.0
2012-11-02,0.21842258293828398,0.0,0.0,0.029073894695746914,0.0,0.05793994339327478,0.09413010902303819,0.0,0.050460715129483094,0.025790684821446613,0.11336466282926207,0.0,0.0,0.013904036168956739,0.06728095350597746,0.0,0.10222531304181903,0.026912381402390984,0.03478437365869866,0.0,0.0,0.0,0.07618061787671071,0.0,0.0,0.029073894695746914,0.0,0.0,0.0,0.0,0.0,0.024692746521340597,0.0,0.03576309029782284,0.0
2012-11-09,0.2455469128681647,0.0,0.0,0.0271181767385802,0.0,0.059669219068619314,0.07924395578649152,0.0,0.0633598968444049,0.025268177956342834,0.0722375573293607,0.0,0.0,0.01236492389675151,0.08447986245920654,0.0,0.11709441192395281,0.03379194498368262,0.02858228348178827,0.0,0.0,0.0012047630366822132,0.06875011411842367,0.0,0.0018196952843840984,0.025136043414089804,0.0,0.0,0.006037668526949864,0.0,0.0,0.019905477341411286,0.0,0.028388914940712665,0.0
2012-11-16,0.29506097353281285,0.0,0.0,0.020682234612392998,0.0,0.07563011932863431,0.08421269460633311,0.0,0.06561953862166604,0.02177249185925603,0.11145064959751858,0.0,0.0,0.004672937896683557,0.0874927181622214,0.0,0.07769616520338635,0.03499708726488856,0.03447493727317302,0.0,0.0,0.0,0.06555521742863986,0.0,0.0,0.020682234612392998,0.0,0.0,0.0,0.0,0.0,0.0,0.0,0.0,0.0
2012-11-23,0.23836520084462284,0.0,0.0001386387264166619,0.030521642770560388,0.0,0.06111935013065298,0.09210663405122879,0.0,0.057893017592974536,0.02248815503273641,0.10705808046677998,0.0,0.0,0.0012410873278419531,0.07719069012396605,0.0,0.0893495307326512,0.030876276049586423,0.03875568981447157,0.0,0.0,0.004637333225412051,0.0761250538914569,0.0,0.0,0.02639029348944142,0.0,0.0,0.005203161288867122,0.0,0.0,0.012403514935385265,0.0,0.02813664950494706,0.0
2012-11-30,0.2181449209479862,0.0,0.0,0.047750272380850375,0.0,0.063339154663874,0.08601515587979978,0.0,0.053867168933970394,0.0025212052168679657,0.10360827523269514,0.0,0.0,0.003789714332637352,0.07182289191196052,0.0,0.1170197949168206,0.02872915676478421,0.03936450453933012,0.0,0.0,0.028182312951949652,0.05482775797070165,0.0,0.0,0.029894196060478283,0.0,0.0,0.009215647083849556,0.0,0.0,0.013736800557148316,0.0,0.02817106965429541,0.0
2012-12-07,0.19813730978354577,0.0,0.006523342127945924,0.05246486449264533,0.0,0.06425554077754983,0.08831444830945023,0.0,0.0444134278811633,0.0017300695309930396,0.10249803168871739,0.0,0.0,0.0013588189947149984,0.05921790384155107,0.0,0.12268346819026968,0.023687161536620427,0.04369298515657135,0.0,0.0,0.028922578769580987,0.063714846926767,0.0,0.0,0.03783595784300254,0.0,0.0,0.015018985100186453,0.0,0.0,0.015960374957542087,0.0,0.029569884091182046,0.0
2012-12-14,0.1982829203383743,0.0,0.005727416408192571,0.05144730585459467,0.0,0.06563541613763328,0.09664898332004991,0.0,0.04541848285342988,0.0,0.12176225336832583,0.0,0.0,0.0,0.060557977137906505,0.0,0.10819641411807934,0.024223190855162603,0.04846361708749513,0.0,0.0,0.027907174180033044,0.06200948165475935,0.0,0.0,0.03229002174858262,0.0,0.0,0.010061394262867944,0.0,0.0,0.01392021015326364,0.0,0.02744774052124887,0.0
2012-12-21,0.14725281486275632,0.0,0.0,0.06075634857471101,0.0,0.06171247464110458,0.11083368492722337,0.0,0.022450933896416867,0.0,0.17217099924211926,0.0,0.0,0.0,0.02993457852855582,0.0,0.11192759355613303,0.01197383141142233,0.05552304851575114,0.0,0.0,0.0259982358497686,0.06958706632497788,0.0,0.0,0.045166888254213645,0.0,0.0,0.008179890725485427,0.0,0.0,0.022731557641413686,0.0,0.043800053047946264,0.0
2012-12-28,0.15318503567667285,0.0,0.004327933965445665,0.09110118732225903,0.0,0.022997111626841538,0.10124410177770506,0.0,0.027853356199462928,0.0,0.1622606650580959,0.0,0.0,0.0,0.03713780826595057,0.0,0.08864656619389862,0.01485512330638023,0.05176828460878213,0.0,0.0,0.04058825375922734,0.07168773850227705,0.0,0.0,0.048170669449739606,0.0,0.0,0.007016377705253322,0.0,0.0,0.023759026479926143,0.0,0.05340076010208156,0.0
2013-01-04,0.17918485968738734,0.0,0.0026187809276394785,0.08498239586178429,0.0,0.026454491524204364,0.09771779236225546,0.0,0.03719072574038894,0.0,0.1444243120213931,0.0,0.0,0.0017586635941015494,0.04958763432051858,0.0,0.08580286206067991,0.019835053728207434,0.054673436351515226,0.0,0.0,0.041543288141520605,0.06448398804445689,0.0,0.0,0.04061084881794383,0.0,0.0,0.0037384727439547815,0.0,0.0,0.022565735321474628,0.0,0.042826658750572934,0.0
2013-01-11,0.19819512316598967,0.0,0.0054415958506143,0.0833501354320376,0.0,0.024492710887536698,0.10037449005028538,0.0,0.04513737856903923,0.0,0.12552633883397707,0.0,0.0,0.0,0.06018317142538564,0.0,0.0718924578488161,0.024073268570154256,0.045529633426961355,0.0,0.0,0.040364412242500404,0.06512488480258648,0.0,0.0,0.04780413803927823,0.0,0.0,0.006588450103941412,0.0,0.0,0.01756936582985904,0.0,0.03835244492103666,0.0
2013-01-18,0.25836355531479194,0.0,0.004635664192098882,0.06714194596011798,0.0,0.03206432006209299,0.08152499055320644,0.0,0.06998581938987157,0.0006906163110194316,0.0850975130764724,0.0,0.0,0.0,0.0933144258531621,0.0,0.07116484302657203,0.037325770341264844,0.03364333652419002,0.0,0.0,0.036401053468356405,0.050256991616279736,0.0,0.0,0.0412258074788161,0.0,0.0,0.005621307919603341,0.0,0.0,0.0,0.0,0.03154203891208349,0.0
2013-01-25,0.18888994469460046,0.0,0.010851150313753714,0.09462251548116406,0.004114643207280682,0.06086723355461203,0.10189163874233736,0.0,0.04843446327478733,0.00528219702836526,0.11056109448440708,0.0,0.0,0.0,0.0645792843663831,0.0,0.06939162230002471,0.025831713746553242,0.009497312859013764,0.0,0.0,0.046712634631374136,0.04937213844968019,0.0,0.0,0.05264433571021474,0.0,0.0,0.010847579997291346,0.0,0.0,0.0,0.0,0.04560849715815632,0.0
2013-02-01,0.17574488414757913,0.0,0.01017778315950272,0.09660431066654168,0.00377753950232396,0.061159457689462016,0.10964851247883817,0.0,0.04295990701057114,0.0025133225752245504,0.1696297282964444,0.0,0.0,0.0,0.05727987601409485,0.0,0.06859818252464203,0.022911950405637944,0.010793157972077572,0.0,0.0,0.045850740085593714,0.052645926925505536,0.0,0.0,0.054621768538968586,0.0,0.0,0.015082952006991675,0.0,0.0,0.0,0.0,0.0,0.0
2013-02-08,0.19703905536137906,0.0,0.010908389950288165,0.10464994805619134,0.004128973971228832,0.06005997956413535,0.08094956709906823,0.0,0.058561013969382056,0.007783516667098506,0.08006101741183289,0.0,0.0,0.0,0.07808135195917608,0.0,0.07863287863323462,0.031232540783670434,0.0,0.0,0.0,0.04683890718473137,0.04718387233458468,0.0,0.0,0.05435830473010138,0.0,0.0,0.02167878194601582,0.0,0.0,0.0,0.0,0.037851900377880825,0.0
2013-02-15,0.21946105726738244,0.0,0.004057414484940488,0.09832286416838062,0.0030133926583891363,0.06068929259364682,0.08287407013832204,0.0,0.059419928195888594,0.006542621650673823,0.07583074381552433,0.0,0.0,0.0,0.07922657092785146,0.0,0.07554466874579871,0.03169062837114059,0.008252258119016158,0.0,0.0,0.044882248479073454,0.044698279843383426,0.0,0.0,0.04423623403676055,0.0,0.0,0.018423266403233014,0.0,0.0,0.0,0.0,0.04283446010059387,0.0
2013-02-22,0.2161425411481712,0.0,0.005360640401509352,0.09780752026068674,0.0,0.02426785822953808,0.10122912767597246,0.0,0.04544618496634838,0.007694498679785592,0.06640525654876665,0.0,0.0,0.0,0.0605949132884645,0.0,0.08248521034927685,0.0242379653153858,0.009599181817438258,0.0,0.0,0.04047185348641582,0.057704271131193446,0.0,0.0,0.07886345644324513,0.0,0.0,0.01921825567225474,0.0,0.0,0.0,0.0,0.062471264585546624,0.0
2013-03-01,0.2536322432366909,0.0,0.002652057924598098,0.08606153894952001,0.00038628977196663515,0.02997652784098588,0.0832404712276203,0.0,0.06368881885127271,0.007991124598898305,0.0467136047569167,0.0,0.0,0.0,0.08491842513503027,0.0,0.09167152044637156,0.03396737005401211,0.006676968257028237,0.0,0.0,0.03837270150246209,0.05025180260858887,0.0,0.0,0.062196761165778436,0.0,0.0,0.016326391100933133,0.0,0.0,0.0,0.0,0.04127538257132535,0.0
2013-03-08,0.21562221561759995,0.0,0.0020839644548309054,0.09829457312427377,0.00039648540274881555,0.029655804643540645,0.09847549492205937,0.0,0.04652135434954556,0.009088719125521076,0.047328459654115036,0.0,0.0,0.0,0.06202847246606075,0.0,0.09940374190089343,0.0248113889864243,0.013203049992095095,0.0,0.0,0.04326995075263809,0.05969669552396582,0.0,0.0,0.07357205563429534,0.0,0.0,0.0096390333861229,0.0,0.0,0.016978372489900088,0.0,0.049930167573368656,0.0
2013-03-15,0.22965950720129402,0.0,0.0,0.0951838030386956,0.003870209351403801,0.02771549115944336,0.09658721978522071,0.0,0.055130297472749175,0.009832693777608719,0.05095640118962881,0.0,0.0,0.0,0.07350706329699891,0.0,0.0830847333394189,0.029402825318799564,0.0036247237682449527,0.0,0.0,0.04189698349637654,0.055124710400532004,0.0,0.0013847379191226955,0.06543233357307068,0.0,0.0,0.009056623824901678,0.0,0.0,0.016902816556957724,0.0,0.051646825529531634,0.0
2013-03-22,0.2624732088156858,0.0,0.0,0.08069598623727936,0.0005203336798196708,0.03231441116164956,0.08360507712773688,0.0,0.07011410544321679,0.012971735400375738,0.03788746807752896,0.0,0.0,0.0,0.09348547392428906,0.0,0.09061528122090681,0.03739418956971562,0.002767833506423392,0.0,0.0,0.036528091576672285,0.049888740451025725,0.0,0.0008621471705874199,0.054227375300975864,0.0,0.0,0.006625589659135262,0.0,0.0,0.014371045037945899,0.0013075197019416513,0.031344386937087854,0.0
2013-03-29,0.24100071734223752,0.0,0.0,0.10545409744619912,0.0024243010410423677,0.029055313507813877,0.08415255677834865,0.0,0.05970438743230784,0.005098919484207456,0.054172210605844234,0.0,0.0,0.0,0.07960584990974379,0.0,0.07805089996115959,0.03184233996389752,0.0033244883958013804,0.0,0.0,0.023947615253048685,0.07415113645012462,0.0,0.001101928818385136,0.050298618348344086,0.0,0.0,0.00743015830786623,0.0,0.0,0.024699902310914828,0.002012952105388939,0.04247160653732373,0.0
2013-04-05,0.26139994756733737,0.0,0.0,0.08430592142982087,0.0029697505556394877,0.03274733917645779,0.0763719473081019,0.0,0.07134429480430866,0.004839126502201929,0.04381899857908057,0.0,0.0,0.0,0.09512572640574488,0.0,0.0863791389973946,0.03805029056229796,0.0,0.0,0.0,0.021649623656468154,0.07362250594260383,0.0,0.00215211386687777,0.04340352560540589,0.0,0.0,0.008564351775039454,0.0,0.0,0.01979742342822226,0.004073644921298175,0.02938432891569811,0.0
2013-04-12,0.2585024003680333,0.0,0.0,0.08508835801819767,0.003863960502744544,0.03234111864250004,0.07389658791505718,0.0,0.07030474140502371,0.004656191582051436,0.03996098147653762,0.0,0.0,0.0,0.09373965520669829,0.0,0.10246653427998935,0.03749586208267932,0.0,0.0,0.0,0.022278269282582166,0.06449323272454431,0.0,0.0029086278955411603,0.04431957068283985,0.0,0.0,0.011564473157648004,0.0,0.0,0.01808215737026204,0.004761654906728818,0.02927562250034072,0.0
2013-04-19,0.23059145421162924,0.0,0.0,0.0952055839197242,0.005252191196065082,0.0337674899557851,0.0839591082829196,0.0,0.05459591178157884,0.0060046708429424235,0.0349926539009601,0.0,0.0,0.0,0.07279454904210513,0.0,0.10637286698114212,0.029117819616842053,0.009543300194522854,0.0,0.0,0.024512909376902866,0.07246750379705641,0.0,0.013183594917619581,0.05033958172916156,0.0,0.0,0.01768747815238391,0.0,0.0,0.01782419185810973,0.010297302956955332,0.031489837285593514,0.0
2013-04-26,0.26731865226579293,0.0,0.0,0.08443896149943227,0.00760503874148104,0.037602739963083893,0.0787449807288481,0.0,0.05590128676537918,0.026900429363243713,0.0328392665137443,0.0,0.0,0.00018164200643062034,0.07453504902050556,0.0,0.07787616526222163,0.02981401960820223,0.040233142967685,0.0,0.0,0.059093231775415,0.04067520143533179,0.0,0.010006054167888167,0.023063158451799733,0.0,0.0,0.007713337164937384,0.0,0.0,0.015667041886105963,0.00530889288778349,0.024481707524687382,0.0
2013-05-03,0.25291107084578957,0.0,0.0,0.0910102985830608,0.008091519354810483,0.036891146242086545,0.08271466645233694,0.0,0.04849024365550463,0.02932094574211094,0.03530564887718897,0.0,0.0,0.00019963996838609288,0.06465365820733951,0.0,0.09961812856747898,0.025861463282935808,0.042293516024370384,0.0,0.0,0.04660127935723364,0.0453793508372737,0.0,0.01032679707851046,0.024422802725275326,0.0,0.0,0.005859596352084545,0.0,0.0,0.019071504830191495,0.00387082576196414,0.027105897254066327,0.0
2013-05-10,0.23690030688556923,0.0,0.0,0.09540013594282139,0.00820272232949418,0.03578685651531155,0.0755369100817338,0.0,0.04247825944622086,0.02969003432624185,0.04456973520386223,0.0,0.0,0.0,0.05663767926162781,0.0,0.09645983602716163,0.022655071704651128,0.04603973499546099,0.0,0.0,0.049257617122980005,0.07007069105406674,0.0,0.0013742921296915774,0.02799570765538069,0.0,0.0,0.0045317869357977235,0.0,0.0,0.018664483411005944,0.003942675092753891,0.03380546387816598,0.0
2013-05-17,0.19035459611079977,0.0,0.0,0.10306527200771089,0.007279178257277145,0.02132062378509654,0.07898145516615339,0.0,0.03491313283238333,0.025922257760537304,0.04036875063810162,0.0,0.0,0.0005212945947598996,0.04655084377651111,0.0,0.09918210321090193,0.018620337510604445,0.04261630737106118,0.0,0.0,0.06399817259400564,0.07958300860612974,0.0,0.01446779767230547,0.035319639778964476,0.0,0.0,0.01208856520696318,0.0,0.0,0.02477110730202043,0.0076188859722476215,0.05245666984546424,0.0
2013-05-24,0.24087026772002207,0.0,0.0,0.08775310462979079,0.005162692229134566,0.02744114680036319,0.06976763711931444,0.0,0.05535818721936205,0.02102394067683358,0.03463409822351275,0.0,0.0,0.0,0.07381091629248274,0.0,0.08967262959545805,0.029524366516993097,0.03393683272714186,0.0,0.0,0.05419051215519232,0.0633596739844483,0.0,0.010902280796405739,0.027502129539264352,0.0,0.0,0.01006464088264147,0.0,0.0,0.0192737114287915,0.007308649076312464,0.038442582386534134,0.0
2013-05-31,0.21873690905241466,0.0,0.0,0.08190783767032703,0.028497522239277755,0.029586707289408144,0.06459188172228608,0.0,0.048017516226350726,0.0030564032268840077,0.05898424641994178,0.0,0.0,0.0002663204261312903,0.06402335496846763,0.0,0.11169111455506724,0.025609341987387055,0.012246212108976463,0.0,0.0,0.04993950288648453,0.08141859705903087,0.0,0.01182035907756703,0.03492651627553177,0.0,0.0,0.007104834072504751,0.0,0.0,0.020853867544406674,0.0028721594838337925,0.04384879570772011,0.0
2013-06-07,0.22642966735146947,0.0,0.0,0.08008411553886415,0.026893539107361655,0.030585902589498976,0.05926330077961321,0.0,0.052356978946352675,0.0030366781556309987,0.057496252632730574,0.0,0.0,0.0022040404106911738,0.06980930526180357,0.0,0.11032505363626124,0.027923722104721427,0.011340419887547843,0.0,0.0,0.04948000728938412,0.07888031726649812,0.0,0.002060067088503223,0.032977111176760214,0.0,0.0,0.03502145021934844,0.0,0.0,0.011851158512801642,0.0,0.03198091204415679,0.0
2013-06-14,0.23799554354538893,0.0,0.0,0.07381640894892376,0.02585897126626962,0.032069260011788184,0.055395868005313806,0.0,0.05794482135493481,0.0030825518209868703,0.0549268824959846,0.0,0.0,0.002292568253790061,0.07725976180657974,0.0,0.10907509469193369,0.0309039047226319,0.01042882307495361,0.0,0.0,0.046790515088745974,0.07635718837830478,0.0,0.0020785982978032587,0.030607024164888082,0.0,0.0,0.03254755715037218,0.0,0.0,0.010731940942992135,0.0,0.029836715977413504,0.0
2013-06-21,0.18686087471681778,0.0,0.0,0.08357177178229713,0.0305889485566885,0.02642516949615431,0.061487533202099875,0.0,0.03976064278537706,0.004576628631069984,0.06628132946140412,0.0,0.0,0.007618529495196878,0.05301419038050274,0.0,0.1275394141367128,0.0212056761522011,0.011061897564515028,0.0,0.0,0.050604002432552,0.0873333180097918,0.0,0.019831254076923235,0.0374649692297551,0.0,0.0,0.0045641006911510285,0.0,0.0,0.02339179976241416,0.0,0.056817949436374734,0.0
2013-06-28,0.26369914840681674,0.0,0.0,0.15452748746475067,0.03359931113485996,0.032603636592725346,0.05396899526765884,0.0,0.03061181905420448,0.004469485369293665,0.04392140584867104,0.0,0.0,0.00302225385154155,0.040815758738939306,0.0,0.16842479912476485,0.016326303495575723,0.019178213937441024,0.0,0.0,0.049030380237003915,0.020045407300597676,0.0,0.0017366438152754942,0.0,0.0,0.0,0.026615512422778445,0.0,0.0,0.010879326588013712,0.0,0.02652411134908707,0.0
2013-07-05,0.2748602623109776,0.0,0.0,0.14675073221153342,0.028569627384598003,0.03538709555089693,0.0489109950055492,0.0,0.04192205877916474,0.006293205255589595,0.03845804373887814,0.0,0.0,0.005195113618712548,0.055896078372219646,0.0,0.16704928021064516,0.02235843134888786,0.017406015010432156,0.0,0.0,0.04656757329144996,0.016290711453636652,0.0,0.0014972141793868966,0.0,0.0,0.0,0.020024601153228808,0.0,0.0,0.007289476903390738,0.0,0.01927348422082152,0.0
2013-07-12,0.2856292355347809,0.0,0.0,0.13996863040685054,0.027376358796641655,0.036274267805009246,0.046995496529598516,0.0,0.04908221900821482,0.005887658527648742,0.035770880163714394,0.0,0.0,0.004423576312971164,0.06544295867761976,0.0,0.16176897521602418,0.02617718347104791,0.01557516823329086,0.0,0.0,0.04473243443896385,0.015682992000718956,0.0,0.007273830960708617,0.0,0.0,0.0,0.004041610773941828,0.0,0.0,0.007713067252466073,0.0,0.020183455889787358,0.0
2013-07-19,0.2594605748958996,0.0,0.0,0.1594518551135327,0.031663466768930344,0.03399690839437346,0.052064652895536724,0.0,0.03125042692077512,0.007094818186255537,0.041345529144954096,0.0,0.0,0.005071508105478643,0.04166723589436683,0.0,0.1793674968302227,0.016666894357746733,0.02042875740259561,0.0,0.0,0.04825629355802463,0.017813401999488974,0.0,0.0020746061174107535,0.0,0.0,0.0,0.023691378806366622,0.0,0.0,0.008049246411637085,0.0,0.020584948196403573,0.0
2013-07-26,0.200232695269479,0.0,0.0,0.11015106373640789,0.006407947812344375,0.029511156281253503,0.12744970674368278,0.0,0.0371434757697873,0.012467137266491438,0.03683682305904532,0.0,0.0,0.0068162210866733524,0.049524634359716393,0.0,0.18836766264847624,0.01980985374388656,0.014886223367426107,0.0,0.0,0.058229381172229276,0.047804699001708514,0.0,0.009557806427072628,0.0,0.0,0.0,0.02424431021999634,0.0,0.0,0.0,0.0,0.02055920203432243,0.0
2013-08-02,0.18536038622759463,0.0,0.0,0.11688008130520432,0.006333065742372167,0.02730445461228744,0.13239872700828864,0.0,0.02545031289293772,0.011430301016381251,0.0413440788112857,0.0,0.0,0.007813483913183105,0.03393375052391696,0.0,0.19860024482596095,0.013573500209566785,0.017101678990877365,0.0,0.0,0.06036382631326291,0.054408564469696385,0.0,0.010837653268048059,0.0,0.0,0.0,0.029680444028800317,0.0,0.0,0.0,0.0,0.027185445840334863,0.0
2013-08-09,0.19897304029766388,0.0,0.0,0.10737044613492605,0.007495208577723942,0.028963235511708284,0.12272474554510324,0.0,0.0332272768523591,0.012480695186945922,0.03992824421768223,0.0,0.0,0.014073011347793221,0.04430303580314547,0.0,0.19162849927787254,0.01772121432125819,0.015380488851496683,0.0,0.0,0.05710761601882429,0.050023956957427514,0.0,0.015008978108476869,0.0,0.0,0.0,0.004727618806118644,0.0,0.004855251237379978,0.0,0.0,0.03400743694609348,0.0
2013-08-16,0.19557699103845802,0.0,0.0,0.10751317060230288,0.007365013047935941,0.03113469139481744,0.12289079184273297,0.0,0.0331366435237991,0.01170295677157383,0.03973407440508239,0.0,0.0,0.016847736142334035,0.044182191365065474,0.0,0.1945829908470641,0.01767287654602619,0.017414417088867096,0.0,0.0,0.058787549748060317,0.04886104387204442,0.0,0.01399262620923199,0.0,0.0,0.0,0.004964971325453548,0.0,0.0,0.0,0.0,0.033639264229149826,0.0
2013-08-23,0.18364401865901295,0.0,0.0,0.11747430755985402,0.007180482131093773,0.028688472571974377,0.1304161459430498,0.0,0.02699623804975767,0.012359361533199486,0.04017798793905134,0.0,0.0,0.015551406462408292,0.035994984066343556,0.0,0.20173634781802963,0.014397993626537424,0.017618974556103655,0.0,0.0,0.05986105745462732,0.05493258806581064,0.0,0.012975523461394035,0.0,0.0,0.0,0.039994110101751496,0.0,0.0,0.0,0.0,0.0,0.0
2013-08-30,0.2502363203402571,0.0,0.0,0.07651504733392865,0.04116187371424869,0.032001531480564935,0.10581997687847258,0.0,0.04480584087674267,0.04849700780283646,0.029645605241922467,0.0,0.0,0.007990881199065885,0.059741121168990226,0.0,0.2125467786715311,0.023896448467596094,0.014324075590220028,0.0,0.0,0.012494267033560965,0.01656145770981586,0.0,0.0192458297756355,0.0,0.0,0.0,0.004515936714610482,0.0,0.0,0.0,0.0,0.0,0.0
2013-09-06,0.24232731919274142,0.0,0.0,0.0800899785686368,0.04382291721261095,0.033471768461726205,0.10898109464992166,0.0,0.040921638756914853,0.04738475730032597,0.030937237540843304,0.0,0.0,0.019641263336458076,0.05456218500921981,0.0,0.1893045511348181,0.021824874003687926,0.016509900309468084,0.0,0.0,0.013692211142555326,0.016620432761407823,0.0,0.011859792666842391,0.0,0.0,0.0,0.0,0.0,0.0,0.005648714452964265,0.00014391472927988012,0.022255448769576688,0.0
2013-09-13,0.2255262137654413,0.0,0.0,0.08600244564393968,0.04522949483855318,0.03398075545934939,0.11223557850148994,0.0,0.03352679027138158,0.04931935540440749,0.03353598730466835,0.0,0.0,0.02208410122973448,0.044702387028508775,0.0,0.19764391903403772,0.01788095481140351,0.01928906407645916,0.0,0.0,0.013413005800059967,0.020787594093154234,0.0,0.011883042497833365,0.0,0.0,0.0,0.0,0.0,0.0009957064074349472,0.006846999295397351,0.0,0.02511660453674519,0.0
2013-09-20,0.21409570261676064,0.0,0.0,0.08829241502481115,0.0469207630445324,0.03406895904955788,0.11965038968535308,0.0,0.024676058975019316,0.050492127805753594,0.03642335913616592,0.0,0.0,0.043749992793829656,0.03290141196669242,0.0,0.19798501010686112,0.01316056478667697,0.0235930420640567,0.0,0.0,0.012957047428313346,0.017278969265101595,0.0,0.01395565338201336,0.0,0.0,0.0,0.004323513340619759,0.0,0.0,0.0,0.0,0.025475019527880578,0.0
2013-09-27,0.2157310801542118,0.0,0.0,0.1140310255392058,0.002205918490649781,0.03407090815298586,0.07759898605904937,0.0,0.02821831573491013,0.05188260145883104,0.034124145294496463,0.0,0.0,0.04037838271924285,0.03762442097988017,0.0,0.18105756578550855,0.01504976839195207,0.021506160724002216,0.0,0.0,0.05489792613547752,0.0,0.0,0.014063257404086262,0.05111678517353685,0.0,0.0,0.0030964453900272698,0.0,0.0,0.0,0.0,0.02334630641194546,0.0
2013-10-04,0.2250472488848877,0.0,0.0,0.10889368358215501,0.00026219867653935985,0.034483036237496635,0.07580927143472026,0.0,0.03045486514220474,0.05155340995643991,0.03318730346931742,0.0,0.0,0.047424086309505245,0.04060648685627299,0.0,0.17642686075846759,0.016242594742509196,0.021196723817069968,0.0,0.0,0.052194333432918724,0.0,0.0,0.01406517099736169,0.04882566416517545,0.0,0.0,0.0,0.0,0.001447557411550763,0.0,0.0,0.021879504125406804,0.0
2013-10-11,0.21486839197583893,0.0,0.0,0.11384110507825343,0.001085041084729384,0.034024395309847605,0.07847102387484974,0.0,0.024281150934398605,0.051870430271716006,0.035037759591207245,0.0,0.0,0.04922817008652744,0.032374867912531476,0.0,0.18121573432523203,0.01294994716501259,0.023279001243591134,0.0,0.0,0.055516998511610655,0.0,0.0,0.01635867900835309,0.051334718694791795,0.0,0.0,0.0,0.0,0.0013968297238279603,0.0,0.0,0.022865755207680232,0.0
2013-10-18,0.2836363394475885,0.0,0.0,0.08315694882222183,0.0011911764085522562,0.03910170812123791,0.056303175166121114,0.0,0.06051078434568342,0.0463248589333184,0.017790176330903087,0.0,0.0,0.04135512161771682,0.08068104579424457,0.0,0.14325784335691744,0.032272418317697824,0.021324295782924538,0.0,0.0,0.047028981003120064,0.0,0.0,0.011796925109659417,0.027800961527412255,0.0,0.0,0.0,0.0,0.0037161084985267807,0.0,0.0,0.0027511314161534394,0.0
2013-10-25,0.27710814339544154,0.0,0.0,0.06139980572108723,0.0021645765650183772,0.03784150341275021,0.03467812239592618,0.0,0.052040935688792964,0.04340032545776773,0.009969446651289222,0.0,0.0,0.08385172688999401,0.06938791425172396,0.0,0.13332443564198287,0.027755165700689585,0.02450301776558387,0.0,0.0,0.0466720767388545,0.0456745378542837,0.0,0.013630432904932084,0.024328372587458,0.0,0.0,0.0,0.0,0.008319087179136101,0.0,0.0,0.003950373197287331,0.0
2013-11-01,0.28834972742985965,0.0,0.0,0.057902336160211634,0.00534637016284709,0.0387425973494384,0.033060662419512964,0.0,0.05908948118600685,0.03960495620960631,0.00895375695545024,0.0,0.0,0.07580649958049504,0.0787859749146758,0.0,0.12810132735366506,0.031514389965870325,0.021528158554894948,0.0,0.0,0.044802981333122695,0.04220649965336504,0.0,0.014213471913061194,0.022774294546223327,0.0,0.0,0.0,0.0,0.00599315513580471,0.0,0.0,0.0032233591758883172,0.0
2013-11-08,0.266126579962787,0.0,0.0,0.05896775837446715,0.0037403951110333623,0.03695329041992876,0.04002288061317713,0.0,0.04179253961724593,0.044331797481258865,0.020240126205426562,0.0,0.0,0.09201403205313727,0.055723386156327916,0.0,0.13790537301553454,0.022289354462531167,0.02205799087397424,0.0,0.0,0.0489907691325971,0.04457681460593875,0.0,0.01605179452526091,0.029876066083289212,0.0,0.0,0.0,0.0,0.0034199569199868133,0.0,0.0,0.01491909438609676,0.0
2013-11-15,0.2673613989173441,0.0,0.0,0.059937563968439786,0.004608608141839054,0.037330591012647366,0.04134563469436964,0.0,0.04246474498802114,0.043314451104255094,0.02030593775646907,0.0,0.0,0.08602420977891123,0.05661965998402819,0.0,0.13928455264905432,0.022647863993611277,0.020880664749673896,0.0,0.0,0.04840903592227475,0.045588295327362506,0.0,0.014490244656263513,0.03151784452348695,0.0,0.0,0.0,0.0,0.0032465589960769627,0.0,0.0,0.014622138835870574,0.0
2013-11-22,0.2516930226706223,0.0,0.0,0.06501892002655402,0.002983578582031787,0.03600944474268615,0.04355990487633185,0.0,0.034568000019851386,0.04649020400123644,0.022121945476336148,0.0,0.0,0.09403569562908161,0.046090666693135184,0.0,0.14525297368360124,0.018436266677254076,0.023022437986780487,0.0,0.0,0.052086251067313585,0.0489941380686133,0.0,0.018764627113058735,0.033125414496470745,0.0,0.0,0.0,0.0,0.0025386339512329034,0.0,0.0,0.015207874237807482,0.0
2013-11-29,0.26772760417704505,0.0,0.0,0.0688914696646135,0.002431732512570438,0.03666275664185881,0.03978975238754598,0.0,0.0417923396519218,0.04611810570278249,0.01369143502105645,0.0,0.0,0.0920349668853826,0.05572311953589574,0.0,0.15098269012479437,0.022289247814358298,0.028241492984424493,0.0,0.0,0.05034096168182052,0.02280742897780664,0.0,0.01873662893975918,0.02999914460244172,0.0,0.0,0.005422478024365083,0.0,0.0,0.0,0.0,0.00631664466955645,0.0
2013-12-06,0.28386917050818294,0.0,0.0,0.06309678305512435,0.003384609513489359,0.038082407644997415,0.03627147784703634,0.0,0.053671463386497066,0.03996359447953827,0.011783542355706077,0.0,0.0,0.08301830976394277,0.0715619511819961,0.0,0.14193464795075975,0.028624780472798438,0.023613363212393067,0.0,0.0,0.04774303328512265,0.020162930572269408,0.0,0.015584594356754713,0.02650543734758149,0.0,0.0,0.0,0.0,0.005701283190634754,0.0,0.0,0.005426619875174678,0.0
2013-12-13,0.29594332836728676,0.0,0.0,0.05457478866403444,0.0016595292855179293,0.03918025057290455,0.03978634342742916,0.0,0.061002987168977785,0.039977339807793236,0.01470510203797134,0.0,0.0,0.0768472217386788,0.08133731622530371,0.0,0.13648723608889177,0.03253492649012149,0.0164074398787834,0.0,0.0,0.04272772697739159,0.01174097852611514,0.0,0.012126998001484635,0.030341676867256445,0.0,0.0,0.0,0.0,0.003442975377930654,0.0,0.0,0.009175834496126752,0.0
2013-12-20,0.2735005035933323,0.0,0.0,0.06363437439109862,0.004174211552855728,0.03600715988150295,0.04695644214775237,0.0,0.04903523098510215,0.04076731290656765,0.017822336379701327,0.0,0.0,0.08597561578123616,0.0653803079801362,0.0,0.14958438093200324,0.026152123192054483,0.018358550745846816,0.0,0.0,0.04279664423285903,0.014480979260223913,0.0,0.017132021910654827,0.037236495818494954,0.0,0.0,0.0,0.0,0.011005308308576744,0.0,0.0,0.0,0.0
2013-12-27,0.2649021761761636,0.0,0.0,0.06949703412160174,0.0009711571024609049,0.03568945359246292,0.10697510189455234,0.0,0.041633182955582805,0.04255852179560409,0.030090163681857643,0.0,0.0,0.09632040824304122,0.05551091060744374,0.0,0.165723576196979,0.022204364242977497,0.02177510657157811,0.0,0.0,0.012918462321159422,0.0,0.0,0.02043010431979099,0.0,0.0,0.0,0.0,0.0,0.012800276176743617,0.0,0.0,0.0,0.0
2014-01-03,0.2600723056883832,0.0,0.0,0.06891800014450838,0.0009867439063086065,0.03460675107701932,0.10818785649621543,0.0,0.03667616649972048,0.04408717912026739,0.03140838184970011,0.0,0.0,0.10267282543764202,0.048901555332960644,0.0,0.16760080645301761,0.01956062213318426,0.02435493268487981,0.0,0.0,0.013109914337319558,0.0,0.0,0.02000445204403678,0.0,0.0,0.0,0.0,0.0,0.018851506794835993,0.0,0.0,0.0,0.0
2014-01-10,0.2733014193095419,0.0,0.0,0.06560701432833392,0.0009438512409513549,0.03579030590196377,0.10297552173372682,0.0,0.048062326598301036,0.04167960525798802,0.027992745928752234,0.0,0.0,0.0552306393208333,0.06408310213106805,0.0,0.18225255801174192,0.02563324085242722,0.0189407322883042,0.0,0.0,0.013434758204980453,0.0,0.0,0.021089570119633857,0.0,0.0,0.0,0.00641309537434938,0.0,0.016569513397102054,0.0,0.0,0.0,0.0
2014-01-17,0.18525152317573035,0.0,0.0,0.0907277292687664,0.001042235791854981,0.025428340932430016,0.1293109456092105,0.0,0.029187387038197128,0.04154802255419159,0.029985873304293937,0.0,0.0,0.11775302341262987,0.0389165160509295,0.0,0.1929783668437553,0.015566606420371802,0.018169402740188426,0.0,0.0,0.013636716931966148,0.0,0.0,0.039628366325339545,0.0,0.0,0.0,0.0,0.0,0.03086894360014402,0.0,0.0,0.0,0.0
2014-01-24,0.24548361293988424,0.0,0.0,0.07227225621289646,0.0010712809435920677,0.03115352641946444,0.10532350317842447,0.0,0.05571009576255335,0.03641977464785527,0.0229470724606704,0.0,0.0,0.0911100824587804,0.07428012768340447,0.0,0.16164569456101424,0.02971205107336179,0.011483150637153796,0.0,0.0,0.01338857292043014,0.0,0.0,0.027059323336731486,0.0,0.0,0.0,0.0,0.0,0.020939874763782604,0.0,0.0,0.0,0.0
2014-01-31,0.2803686693021614,0.0,0.0,0.07697634093073596,0.0010828152804807072,0.028046256867353996,0.09802811556179453,0.0,0.04554236869215546,0.02502108129122001,0.0267070045007696,0.0,0.0,0.10227761679852679,0.06072315825620728,0.0,0.15328364043861556,0.024289263302482912,0.012100193602625639,0.0,0.0,0.00468826564483999,0.0,0.0,0.033853740500829246,0.0,0.0,0.0,0.0,0.0,0.027011469029200576,0.0,0.0,0.0,0.0
2014-02-07,0.2913151772387392,0.0,0.0,0.07823648379797483,0.001107139951091005,0.02927615898201282,0.09752035879560352,0.0,0.04838937437825455,0.02684280002337723,0.02389591902334524,0.0,0.0,0.09061558627718704,0.06451916583767274,0.0,0.14834783093919054,0.025807666335069097,0.013532396259651431,0.0,0.0,0.004612428945159695,0.0,0.0,0.029396371728201164,0.0,0.0,0.0,0.0029337259405584513,0.0,0.023651415546911164,0.0,0.0,0.0,0.0
2014-02-14,0.3019752856912995,0.0,0.0,0.07311891007567087,0.0023455757158475435,0.031660137886271256,0.09165417426386402,0.0,0.05658132876956396,0.023496922186271377,0.02231510263552214,0.0,0.0,0.08440633542662693,0.07544177169275196,0.0,0.14506960283397768,0.03017670867710078,0.011162963709852465,0.0,0.0,0.00409429313415431,0.0,0.0,0.027279970848552933,0.0,0.0,0.0,0.0,0.0,0.019220916452671863,0.0,0.0,0.0,0.0
2014-02-21,0.3428941428179484,0.0,0.0,0.05550321690748828,0.002437896259627977,0.0366848094086691,0.07445017812978687,0.0,0.06096678174910204,0.02484541279766029,0.019762993743839136,0.0,0.0,0.0872563470984542,0.08128904233213606,0.0,0.12581635615840567,0.03251561693285442,0.019139511473868925,0.0,0.0,0.0035015763866767047,0.0,0.0,0.02365569910379997,0.0,0.0,0.0,0.0,0.0,0.008424518708225203,0.0008558999914564073,0.0,0.0,0.0
2014-02-28,0.3405600790948381,0.0,0.0,0.03976130124953288,0.002217461104781305,0.052482238998643335,0.06120482490880363,0.0,0.055666468144803416,0.011178047331346242,0.033603436023597145,0.0,0.0,0.08719316008635218,0.07422195752640455,0.0,0.11072704148643055,0.029688783010561822,0.037877730206564736,0.0,0.0,0.011979793897682165,0.015435619165250124,0.0,0.025533040184550534,0.0,0.0,0.0,0.0,0.0,0.009554792314589116,0.001114225265267724,0.0,0.0,0.0
2014-03-07,0.3538202935165776,0.0,0.0,0.0360756601233206,0.0,0.05464825172520786,0.05847128847537314,0.0,0.06543400014275226,0.010443491174528622,0.029539087719813648,0.0,0.0,0.07051786451204546,0.08724533352366969,0.0,0.10410359830503746,0.034898133409467874,0.0347322901122729,0.0,0.0,0.010802846371476984,0.016058449665744625,0.0,0.019715305777835156,0.0,0.0,0.0,0.0,0.0,0.013494105444875754,0.0,0.0,0.0,0.0
2014-03-14,0.3763274269066711,0.0,0.0,0.03435372446851206,0.0,0.055980428154941114,0.05490970673347367,0.0,0.07248887396408765,0.006137534403393345,0.029029062751500877,0.0,0.0,0.0564389756436489,0.09665183195211687,0.0,0.09905477558024742,0.038660732780846745,0.03187721968539714,0.0,0.0,0.012247816244410412,0.015355076959690234,0.0,0.011940147044388666,0.0,0.0,0.0,0.0,0.0,0.008546666726673494,0.0,0.0,0.0,0.0
2014-03-21,0.37962692472669224,0.0,0.0,0.03138860266177858,0.0,0.06542268554704547,0.05561592567178142,0.0,0.054475079981348984,0.008187889212985489,0.04874327406592706,0.0,0.0,0.07303358119495668,0.07263343997513198,0.0,0.09854739111290367,0.029053375990052796,0.04244069790246274,0.0,0.0,0.012789014205685198,0.01747978563665826,0.0,0.003635459600466722,0.0,0.0,0.0,0.0,0.0,0.0026136927453059445,0.0,0.0,0.004313179768816207,0.0
2014-03-28,0.3442160702710324,0.0009516632940652465,0.0,0.03878222974185309,0.0,0.05756238236221749,0.05863510690413495,0.0,0.06060454180559366,0.006807073472757687,0.036730748822561096,0.0,0.0,0.07630825124557244,0.08080605574079154,0.0,0.09774703841805689,0.03232242229631662,0.034886838314721155,0.0,0.0,0.0038915086203966057,0.02071198552881608,0.0,0.016646484479402278,0.0,0.0,0.0,0.0,0.0,0.013481121559191109,0.0,0.002986337295207745,0.0159221398273115,0.0
2014-04-04,0.3553842411591567,0.002794487709481839,0.0,0.03368184038117279,0.0,0.056619395233066167,0.06157177961486381,0.0,0.0696669905561625,0.006125200042060334,0.03349281372872401,0.0,0.0,0.057601791371745786,0.09288932074155001,0.0,0.09041250961105432,0.037155728296620005,0.03125975566679226,0.0,0.0,0.0038431471060431516,0.017598848612739013,0.0,0.015187702443887625,0.0,0.0,0.0,0.0,0.0,0.01441277191216122,0.0,0.00535885673747706,0.014942819075240935,0.0
2014-04-11,0.35445607487993036,0.006622443808289364,0.0,0.03219909692736044,0.0,0.05458526255990996,0.05539422529718539,0.0,0.07700807614940222,0.006813403218105249,0.02814992502093502,0.0,0.0,0.04882119289217178,0.10267743486586962,0.0,0.1100819623163609,0.04107097394634785,0.021756635674574996,0.0,0.0,0.0020766292294128797,0.013655049972278656,0.0,0.006086129970723324,0.0,0.0,0.0,0.0,0.0,0.021268706296891794,0.0,0.017276776974249862,0.0,0.0
2014-04-18,0.38536774041192573,0.009686908929744857,0.0,0.025775177789643028,0.0,0.06434020674769039,0.07738427151807285,0.0,0.06378818730965828,0.006123553190238801,0.045449058390645496,0.0,0.0,0.03986429006282811,0.0850509164128777,0.0,0.10606146098157015,0.03402036656515108,0.0366176266939444,0.0,0.0,0.0002909406456161009,0.013942621820000906,0.0,0.0025769772040678575,0.0,0.0,0.0,0.0,0.0,0.003659695326323837,0.0,0.0,0.0,0.0
2014-04-25,0.29790376012692144,0.0476254589509427,0.0,0.03539372791863968,0.0,0.039257166857701406,0.08911253301648803,0.0,0.06907194888181328,0.006552667031302787,0.022808335321612465,0.0,0.0,0.03852210013685868,0.09209593184241771,0.0,0.1305331949242049,0.036838372736967086,0.02404171595448411,0.0,0.0,0.0008024470928484717,0.014739006110503215,0.0,0.0,0.014739006110503215,0.0,0.0,0.0,0.0,0.02217377036179643,0.0018839953346172374,0.015904861289376595,0.0,0.0
2014-05-02,0.2814841940198245,0.054428964286755505,0.0,0.03473467166064407,0.0,0.038074063397510086,0.08905867430631606,0.0,0.06192405947614778,0.0029369885448482617,0.02758342044623944,0.0,0.0,0.043837188161608365,0.08256541263486371,0.0,0.13919404192043,0.03302616505394548,0.033874252316173144,0.0,0.0,0.002008812295413386,0.019201140928094648,0.0,0.0,0.019201140928094648,0.0,0.0,0.0020640082513927213,0.0,0.012702062328696001,0.0,0.008264400775379575,0.013836338267622136,0.0
2014-05-09,0.27132702407574033,0.05646058093962203,0.0,0.03914010994811744,0.0,0.037234049182243385,0.09142881693226676,0.0,0.05792803083784921,0.003624784013736547,0.028807543683144594,0.0,0.0,0.042669682454514406,0.07723737445046562,0.0,0.14862221710633766,0.03089494978018625,0.03557604561785091,0.0,0.0,0.0033716014468997578,0.02136905150556792,0.0,0.010435903742929268,0.02136905150556792,0.0,0.0,0.0,0.0,0.017637916337291733,0.0,0.004865266439667653,0.0,0.0
2014-05-16,0.2555653438094202,0.06132278452726801,0.0,0.043659593084248376,0.0,0.0358646620503644,0.08834955186144955,0.0,0.050264383763827906,0.0010108525470806436,0.032560095983467416,0.0,0.0,0.031334996588434146,0.06701917835177054,0.0,0.16149015206090306,0.02680767134070822,0.039461451726477755,0.0,0.0,0.012113064810765932,0.023629057038579267,0.0,0.01073001333211309,0.023629057038579267,0.0,0.0,0.0,0.0,0.025030845202926068,0.004020245709909475,0.006136999171706152,0.0,0.0
2014-05-23,0.26040586980335884,0.06011856117197486,0.0,0.041603810947263786,0.0,0.03627922223596183,0.08662878891052687,0.0,0.05375617300070591,0.00031553254895084554,0.03178735702313444,0.0,0.0,0.03969861644826318,0.07167489733427455,0.0,0.15466466243492066,0.028669958933709824,0.03764326577465494,0.0,0.0,0.008491462468140337,0.026860187809644186,0.0,0.0,0.0230142389435988,0.0,0.0,0.0,0.0,0.017651605921489403,0.0,0.00549274335551477,0.015243044933911432,0.0
2014-05-30,0.33113912864978456,0.04567921921258694,0.0,0.031872485106891,0.0,0.04874373174613929,0.06478820220081254,0.0,0.0793873418674357,0.0,0.05011346227182149,0.0,0.0,0.0006017170348947012,0.10584978915658094,0.0,0.11620104461338965,0.04233991566263238,0.039089038410149005,0.0,0.0,0.0016112081393598956,0.017080619911128327,0.0,0.0,0.012176399431115007,0.0,0.0,0.0,0.0,0.0062238609271461805,0.0008609576985283631,0.0034480162279622445,0.002793861731641348,0.0
2014-06-06,0.2785284250100101,0.04737492096568982,0.0,0.03915638513902682,0.0,0.0381144026426834,0.08505773963790854,0.0,0.06336758745882422,0.0,0.05611204454440891,0.0,0.0,0.000911037565975469,0.08449011661176563,0.0,0.1236269866285267,0.03379604664470625,0.0440968500262783,0.0,0.0,0.003180800692718154,0.02429281048485636,0.0,0.0,0.01833963781214861,0.0,0.0,0.0,0.0,0.026204038184372183,0.006847566512120845,0.011486463151716652,0.015016140286262684,0.0
2014-06-13,0.28460978556865385,0.0438311955855561,0.0,0.03616522716098551,0.0,0.038696296522809134,0.081189881320643,0.0,0.06668556269959006,0.0,0.055884974175261365,0.0,0.0,0.00017132843420275193,0.08891408359945341,0.0,0.1195593931342585,0.03556563343978136,0.04391168185510222,0.0,0.0,0.0020708631654594426,0.026384647165567085,0.0,0.0,0.018597223021087773,0.0,0.0,0.0,0.0,0.02414758378268535,0.006816920994235344,0.013139071594718634,0.013658646779948653,0.0
2014-06-20,0.28631300767106227,0.03553455469115066,0.0,0.03792468290540986,0.0,0.03282489691516996,0.06900191568638135,0.0,0.07330745432402239,0.0,0.04348261320376781,0.0,0.0,0.00017538808714283904,0.09774327243202985,0.0,0.11895073194486597,0.03909730897281194,0.03430986013740014,0.0,0.0,0.010926562601010503,0.028524986506534337,0.0,0.0,0.027803293661548902,0.0,0.0,0.0,0.0,0.04038612810673628,0.008215296638417215,0.015478045514537426,0.0,0.0
2014-06-27,0.24888332705831356,0.02761283681209732,0.0,0.04343561366359937,0.0,0.05504485440822632,0.02825032672361608,0.0,0.07492058140711466,0.0,0.05431432995284119,0.0,0.0,0.004423650514043664,0.09989410854281955,0.0,0.09075957908714499,0.03995764341712782,0.054062713186783844,0.0,0.0,0.005721982262997636,0.07176368993694718,0.0,0.0,0.04483433294823542,0.0,0.0,0.0,0.0,0.029481275798131208,0.006158285218565485,0.020480869061394274,0.0,0.0
2014-07-04,0.2474805435763133,0.027015033665797907,0.0,0.03603769198540373,0.0,0.054809977396076334,0.028467247907220807,0.0,0.07403111030082019,0.0,0.05585345469819623,0.0,0.0,0.018051668734888067,0.09870814706776025,0.0,0.09311180894385881,0.03948325882710411,0.056658993492943184,0.0,0.0,0.00915900524770721,0.0687891210123104,0.0,0.005961927749093239,0.031601471842566314,0.0,0.0,0.0,0.0,0.032255957239848865,0.007700216045179259,0.014823364266911334,0.0,0.0
2014-07-11,0.24002029386645418,0.02774226481267089,0.0,0.0384854554357458,0.0,0.05427325814606597,0.03042465009501607,0.0,0.06802684453669285,0.0,0.05755274854514052,0.0,0.0,0.033416607940946585,0.09070245938225711,0.0,0.09838336913177552,0.03628098375290285,0.06456610829584221,0.0,0.0,0.011225952690596426,0.07564599033603511,0.0,0.004831769916958949,0.03490877879430977,0.0,0.0,0.0,0.0,0.03351246432058873,0.0,0.0,0.0,0.0
2014-07-18,0.26236225078840675,0.02499015932262787,0.0,0.034091061854285926,0.0,0.05470563503309063,0.03232548310695255,0.0,0.07653417201275456,0.0,0.041472772554746774,0.0,0.0,0.035001989287517146,0.10204556268367275,0.0,0.09618590021647522,0.040818225073469105,0.057645979385220814,0.0,0.0,0.003775247470351454,0.06050645606836563,0.0,0.003944499282506505,0.03214632487804487,0.0,0.0,0.0,0.0,0.02834243186537711,0.0,0.0,0.013105849116133855,0.0
2014-07-25,0.28628306349501664,0.02062605712711767,0.0,0.05392055417895188,0.0,0.05422430699637998,0.030361596348424565,0.0,0.07545527319505822,0.0,0.016801787412752324,0.0,0.0,0.03178578771513575,0.1006070309267443,0.0,0.10082291801086826,0.040242812370697725,0.05347006624778989,0.0,0.0,0.0029214354153451307,0.05517694704037465,0.0,0.00429606005013921,0.03153783145466395,0.0,0.0,0.0,0.0,0.02739899315881192,0.0,0.0,0.014067478855727369,0.0
2014-08-01,0.25622087710416386,0.023463619922039772,0.0,0.05911102769121085,0.0,0.052549974530205955,0.03508437945654101,0.0,0.060299732268629114,0.0,0.02024434025470144,0.0,0.0,0.042450974663189624,0.08039964302483882,0.0,0.10149966436976779,0.032159857209935534,0.0633216820075669,0.0,0.0,0.003172132716856828,0.060960944571140346,0.0,0.006665005884666584,0.046099475470110285,0.0,0.0,0.0,0.0,0.03807950032427345,0.0,0.0,0.018217168530161407,0.0
2014-08-08,0.21022033433701137,0.026279238223556572,0.0,0.0718585602395917,0.0,0.05837682885995214,0.03790962386928817,0.0,0.04082800912194759,0.003212759973656098,0.023805493819457693,0.0,0.0,0.04820507730755258,0.05443734549593012,0.0,0.10302343810903004,0.02177493819837205,0.08247221401256233,0.0,0.0,0.003555029699157746,0.07639537490983882,0.0,0.006590965007968677,0.055360782284279084,0.0,0.0,0.0,0.0,0.048464093867205474,0.0,0.0,0.027229892663641127,0.0
2014-08-15,0.20989262026522362,0.026362735047638194,0.0,0.06979059812484453,0.0,0.05239480344445483,0.03802485351672394,0.0,0.03654675721660087,0.0,0.026032983991764274,0.0,0.0,0.05317812659484564,0.04872900962213449,0.0,0.10589986532020686,0.0194916038488538,0.07652230971357749,0.0,0.0,0.0,0.0881466909969278,0.0,0.00867887571429897,0.06074679817254479,0.0,0.0,0.0,0.0,0.05314468683709518,0.0,0.0,0.026416681572264157,0.0
2014-08-22,0.20163092988433323,0.026964407639290235,0.0,0.07184508137535553,0.0,0.053248363196297555,0.03946859738737309,0.0,0.035541484225875684,0.0,0.026566188711872194,0.0,0.0,0.05057286528678425,0.04738864563450092,0.0,0.10685509789807927,0.018955458253800368,0.07760078192497533,0.0,0.0,0.0,0.09648911794906667,0.0,0.007798587821983057,0.05741680833280382,0.0,0.0,0.0,0.0,0.05735617750580409,0.0,0.0,0.024301406971804128,0.0
2014-08-29,0.19192465915488677,0.0,0.0,0.03313411451276117,0.00021524855087893865,0.02399525428851974,0.039425536280696505,0.0,0.045772191204529133,0.0,0.05808725823751403,0.0,0.0,0.047992638518470465,0.061029588272705514,0.0,0.10303742360231483,0.024411835309082208,0.08866080804080603,0.0,0.0,0.0,0.11014320949136891,0.0,0.02725797587794656,0.09467580904689867,0.0,0.0,0.0,0.0,0.05023644961062018,0.0,0.0,0.0,0.0
2014-09-05,0.13374682052821354,0.0,0.017811803986955515,0.03500583079476755,0.0013850532591828414,0.019595223441016073,0.04152309385009898,0.0,0.03161673613648468,0.0,0.06513141607443655,0.0,0.0,0.06981776623128652,0.04215564818197957,0.0,0.10714868430158275,0.01686225927279183,0.08278950013124675,0.0,0.0,0.00030990046832393844,0.12267340987416589,0.0,0.0203652268797399,0.1179321314278659,0.0,0.0,0.0,0.0,0.07412949515986067,0.0,0.0,0.0,0.0
2014-09-12,0.19185940310158628,0.0,0.008704467151588907,0.032633859118112236,0.0,0.023498596456148255,0.03883301587252659,0.0,0.044142261290917875,0.0,0.08495911992092561,0.0,0.0,0.050666304476614,0.0588563483878905,0.0,0.07821008376224838,0.0235425393551562,0.09386987177091406,0.0,0.0,0.0,0.10840303472683113,0.0,0.01967200360364886,0.09640504107862809,0.0,0.0,0.0,0.0,0.04574404992626256,0.0,0.0,0.0,0.0
2014-09-19,0.2058545338483586,0.0,0.0,0.03117972574475668,0.00023078947329403408,0.025326923583978637,0.03719795415684299,0.0,0.04973603122081342,0.0,0.06292784269759115,0.0,0.0,0.049287211519616736,0.06631470829441789,0.0,0.11095387441444818,0.02652588331776716,0.08893307987232216,0.0,0.0,0.0,0.09088460050549428,0.0,0.008282984082364855,0.08150373255708443,0.0,0.0,0.0,0.0,0.042762012643404165,0.0,0.0,0.022098112067444182,0.0
2014-09-26,0.15737304372019598,0.0,0.0,0.038946645069019556,0.0,0.025985103047462557,0.04667462881229062,0.0,0.032520056119121246,0.0,0.060385182455520034,0.0,0.0,0.07278159416140056,0.043360074825495,0.0,0.08939169055556806,0.017344029930198,0.12299494680631808,0.0,0.0,0.0,0.10546554198079788,0.0,0.03210657687167043,0.07920245215806038,0.0,0.0,0.0,0.0,0.048068332920309556,0.0,0.0,0.027400100566571488,0.0
2014-10-03,0.15199289580407663,0.0,0.0,0.039855115958193514,0.0,0.026507947207613715,0.04800141447121638,0.0,0.03440166550327612,0.0,0.06148920930390806,0.0,0.0,0.07182726804106403,0.045868887337701496,0.0,0.11429750574570141,0.018347554935080602,0.12224296497202242,0.0,0.0,0.0,0.10887938416769427,0.0,0.031032452715118897,0.08066444168520341,0.0,0.0,0.0,0.0,0.04459129215212854,0.0,0.0,0.0,0.0
2014-10-10,0.11963244968258249,0.0,0.0,0.041026808520038524,0.0,0.022207292542963157,0.05038482864670406,0.0,0.022779674763573298,0.0,0.07040743121900055,0.0,0.0,0.0843061556845531,0.030372899684764396,0.0,0.08834155594871787,0.01214915987390576,0.1270840889327872,0.0,0.0,0.0,0.11756793277203106,0.0,0.032727430485055505,0.08760420211154696,0.0,0.0,0.0,0.0,0.05118191893569694,0.0,0.0,0.042226170196078605,0.0
2014-10-17,0.20298782321693842,0.0,0.0,0.024034835598830732,0.0,0.059246225359491464,0.035700093938508856,0.0,0.025865611885763952,0.0,0.12060307426520553,0.0,0.0,0.014959040302846232,0.034487482514351936,0.0,0.09522713887916286,0.013794993005740774,0.17190851020967363,0.0,0.0,0.0,0.11025434552474309,0.0,0.0,0.09093082529874219,0.0,0.0,0.0,0.0,0.0,0.0,0.0,0.0,0.0
2014-10-24,0.2053869429039532,0.0,0.0,0.021043122043558356,0.0,0.051509527421244324,0.03233861331039337,0.0,0.03478026092694814,0.0,0.09954757564161319,0.0,0.0,0.015744247703790758,0.04637368123593085,0.0,0.10241390079491763,0.018549472494372343,0.17449376047558707,0.0,0.0,0.0,0.10202733343405192,0.0,0.006193542555739786,0.08382226723828556,0.0,0.0,0.0,0.0,0.0057757518196130736,0.0,0.0,0.0,0.0
2014-10-31,0.2894701062496571,0.0,0.0,0.0,0.0,0.03577087261939989,0.04128446868447062,0.0,0.02835578409463231,0.0,0.07118326592973163,0.0,0.0,0.045810136898769324,0.03780771212617642,0.0,0.10552985165282429,0.015123084850470567,0.1402778103968106,0.0,0.0,0.0,0.07675617044130682,0.0,0.017852733992449105,0.050178091699300056,0.0,0.0,0.015297739722425176,0.0,0.018647057639903257,0.010655113001672423,0.0,0.0,0.0
2014-11-07,0.2958153701563026,0.0,0.0,0.0,0.0,0.035989745176843724,0.041727197340030615,0.0,0.04269204762907113,0.0,0.039502068942515046,0.0,0.0,0.03443544396864098,0.05692273017209485,0.0,0.12098612285461446,0.02276909206883794,0.12791004294114497,0.0,0.0,0.0,0.0751523871141977,0.0,0.0,0.04421703982011538,0.0,0.0,0.023699143974388513,0.0,0.015771028421736194,0.005474609317265295,0.016935930102200295,0.0,0.0
2014-11-14,0.28814065110631815,0.0003194045675060567,0.0,0.0,0.0,0.037007791855795905,0.041055526468219125,0.0,0.05119106982156255,0.0,0.052965557714378546,0.0,0.0,0.02834477167778499,0.06825475976208341,0.0,0.09879705651908578,0.027301903904833363,0.12515490975751287,0.0,0.0,0.0,0.07702902041277396,0.0,0.0,0.041275786965356054,0.0,0.0,0.018943008702927755,0.0,0.01671100437421682,0.004052617813894778,0.023455158575749417,0.0,0.0
2014-11-21,0.2933565534452147,0.0,0.0,0.0,0.0,0.03757177416229742,0.039552662515839956,0.0,0.05442491932130643,0.0,0.05641089527334027,0.0,0.0,0.025000335171563803,0.07256655909507524,0.0,0.094637034939269,0.0290266236380301,0.12028768522807196,0.0,0.0,0.0,0.07629765318903323,0.0,0.0,0.038725571019629375,0.0,0.0,0.0189409111813712,0.0,0.01676849732971391,0.0034905169191957333,0.02294180757104728,0.0,0.0
2014-11-28,0.16532618361735618,0.0,0.0,0.0,0.0,0.033062510331184534,0.09654681780149703,0.0,0.026740590893101556,0.0,0.09413864351146525,0.0,0.0,0.01284268032539908,0.03565412119080208,0.0,0.09984873130879153,0.014261648476320832,0.17526852316370142,0.0,0.0,0.0,0.12880667393234868,0.0,0.01754267898721688,0.04632591805286777,0.0,0.0,0.022533217425245493,0.0,0.0026844779439384302,0.02453828906189851,0.003878293976864387,0.0,0.0
2014-12-05,0.15143358682946195,0.0,0.0,0.0,0.002024843422116739,0.03313468034065859,0.09930648584881678,0.0,0.020810936633087612,0.0,0.09226024130222077,0.0,0.0,0.014815381644154448,0.027747915510783483,0.0,0.10369992201400122,0.011099166204313393,0.1792280204586373,0.0,0.0,0.0,0.1336106794361631,0.0,0.02036065730681251,0.04896450098276008,0.0,0.0,0.026413500517105365,0.0,0.0038709366668998875,0.0265371027400598,0.00468144214194645,0.0,0.0
2014-12-12,0.1617149398918359,0.0,0.0,0.0,0.0,0.03359173534400677,0.09662104969734112,0.0,0.025090111959310334,0.0,0.09228740159569992,0.0,0.0,0.013726536411270081,0.03345348261241378,0.0,0.09838156735764511,0.013381393044965512,0.17845165939594368,0.0,0.0,0.0,0.12948470274882676,0.0,0.01774282014256602,0.04632964125389881,0.0,0.0,0.02545905213254716,0.0,0.0030935796639648128,0.02676217443822438,0.00442815230953938,0.0,0.0
2014-12-19,0.2056299030761306,0.0,0.0,0.0,0.0,0.04848947406165104,0.09565147971125708,0.0,0.03254034098535275,0.0,0.09465756297099212,0.0,0.0,0.0106606717363054,0.04338712131380367,0.0,0.06822497119884649,0.01735484852552147,0.18376785406991314,0.0,0.0,0.0,0.15473994511626907,0.0,0.004060937196256203,0.02896843171734615,0.0,0.0,0.005007111674033607,0.0,0.0,0.006859346646320756,0.0,0.0,0.0
2014-12-26,0.2347149383149041,0.0,0.0,0.0,0.0,0.033248099141514095,0.038333451571945926,0.0,0.0222392886692984,0.0,0.08047601231724545,0.0,0.0,0.01536141256085858,0.02965238489239787,0.0,0.1197780405529803,0.011860953956959148,0.18138285352069558,0.0,0.0,0.0,0.1610377877165946,0.0,0.0,0.001668061681009763,0.0,0.0,0.0266680255540267,0.0,0.00450335093206943,0.031651731776501144,0.00742360684099843,0.0,0.0
2015-01-02,0.24318136430840365,0.0,0.0,0.0,0.0,0.0339022183111229,0.03703610049540579,0.0,0.026399211840442215,0.0,0.08153162501012583,0.0,0.0,0.012845016568236872,0.03519894912058962,0.0,0.11820682264765484,0.014079579648235849,0.1771022694088185,0.0,0.0,0.0,0.15683814378305705,0.0,0.0,0.0,0.0,0.0,0.02290434743542608,0.0,0.003960730601973789,0.03062670809062485,0.006186912729881544,0.0,0.0
2015-01-09,0.23926124442572294,0.0,0.0,0.0,0.0,0.033412269070126115,0.03773975267245597,0.0,0.022884694972621588,0.0008226193661969526,0.08604658448529774,0.0,0.0,0.014552912395444022,0.030512926630162116,0.0,0.1043726341811569,0.012205170652064848,0.17899959212964422,0.0,0.0,0.0,0.1598443278081077,0.0,0.0031645105681860543,0.0,0.0,0.0,0.029545928202621995,0.0,0.0,0.03744340513215472,0.009191427308035658,0.0,0.0
2015-01-16,0.29642871902016,0.0,0.0,0.0,0.0,0.04909891044995429,0.04924674802119487,0.0,0.03690484796978879,0.001199669400027766,0.07888498464206085,0.0,0.0,0.007989539291241741,0.04920646395971838,0.0,0.07573618638597109,0.019682585583887354,0.17217398731163344,0.0,0.0,0.0,0.1432403352768517,0.0,0.0055503743597783,0.0,0.0,0.0,0.006597161694814179,0.0,0.0,0.008059486632916897,0.0,0.0,0.0
2015-01-23,0.29314594570656094,0.0,0.0,0.0,0.0,0.0528276201673734,0.051229899770741105,0.0,0.03421742872276251,0.001370279003585823,0.08146064128089066,0.0,0.0,0.008750760187818283,0.04562323829701668,0.0,0.07696026744093987,0.018249295318806674,0.17414957477011694,0.0,0.0,0.0,0.146744748149549,0.0,0.005096527004653547,0.0,0.0,0.0,0.0,0.0,0.0,0.010173774179184128,0.0,0.0,0.0
2015-01-30,0.2869979802221386,0.0,0.0,0.0,0.0,0.06378883134387386,0.011173423524338472,0.0,0.07612461745300309,0.0019833735781472684,0.03724531214596835,0.0,0.01679390148568992,0.02677179035036957,0.10149948993733744,0.0,0.08751464390445272,0.04059979597493498,0.09976278485870985,0.0,0.0,0.0,0.10009726456758347,0.0,0.007090496581724438,0.0,0.0,0.0,0.0,0.0,0.009017170758094334,0.0054373824382010875,0.022193108661662884,0.0059086322137693395,0.0
2015-02-06,0.2827082045329368,0.0,0.0,0.0,0.0,0.07398312737279807,0.016429824173814295,0.0,0.05717182124472903,0.001862205174448241,0.06452880045149716,0.0,0.030868611494904784,0.009248647278629145,0.07622909499297204,0.0,0.07558984692713233,0.03049163799718882,0.14615044917703746,0.0,0.0,0.0,0.1286551101645269,0.0,0.001205060045356707,0.0,0.0,0.0,0.0,0.0,0.0,0.0021551528338055476,0.0,0.002722406138222365,0.0
2015-02-13,0.2939245969363079,0.0,0.0,0.0,0.0,0.06623992370302666,0.011352322599639314,0.0,0.07284479800451835,0.0015896551001137514,0.04461378691934608,0.0,0.01734947349767899,0.019167752283717636,0.0971263973393578,0.0,0.08587197440027956,0.03885055893574312,0.10045080067535654,0.0,0.0,0.0,0.10882561558189693,0.0,0.01054528441595928,0.0,0.0,0.0,0.0,0.0,0.005575442158747907,0.004692602731181065,0.014685782405728032,0.006293232311400601,0.0
2015-02-20,0.28206739900887784,0.0,0.0,0.0,0.0,0.06565898829633596,0.011485445261590356,0.0,0.07308931789260514,0.0009151519320575868,0.043094876698390634,0.0,0.017399456770380958,0.031198553805191646,0.09745242385680686,0.0,0.09504011245798724,0.038980969542722746,0.09906045717160519,0.0,0.0,0.0,0.10766606763614636,0.0,0.017514473664752273,0.0,0.0,0.0,0.0,0.0,0.008266575608320824,0.004643147322369723,0.0,0.006466583073858447,0.0
2015-02-27,0.2994443672993952,0.0,0.0,0.01873324019710073,0.0,0.05077637858268226,0.030064637615536283,0.0,0.06578827994292513,0.0002979656919422436,0.06847481465730436,0.0,0.0,0.010429779336461775,0.08771770659056684,0.0,0.09629425083990442,0.03508708263622674,0.10591575937540217,0.0,0.0,0.0,0.12014855471051693,0.0,0.004073062479824713,0.0,0.0,0.0,0.0,0.0,0.0024956122734121,0.0018227630021302498,0.0,0.0024357447686674323,0.0
2015-03-06,0.2709389505003053,0.0,0.0,0.024734795742888248,0.0,0.03867004342827959,0.036928496864089576,0.0,0.05920734294996385,0.0,0.08752704367201145,0.0,0.0,0.010473798050250145,0.07894312393328512,0.0,0.09652509553182548,0.03157724957331405,0.10759341447101173,0.0,0.0,0.0,0.109436004896387,0.0,0.01375352866865361,0.0,0.0,0.0,0.0,0.0,0.0012071651800537658,0.013652943076501523,0.0,0.0188310034611791,0.0
2015-03-13,0.23506428694411097,0.0,0.0,0.03416077711380263,0.0,0.03510401019124748,0.04608214378728337,0.0,0.037719048395426544,0.0009553568311804168,0.10004583182606505,0.0,0.0,0.013228142781693604,0.05029206452723539,0.0,0.1179306990357165,0.02011682581089416,0.1284702817484603,0.0,0.0,0.0,0.11070862763564902,0.0,0.020883919353584947,0.0,0.0,0.0,0.0,0.0,0.002838117135837364,0.020032920352964258,0.0,0.026366946528847655,0.0
2015-03-20,0.24082515456025622,0.0,0.0,0.03351173430700656,0.0003180802263801349,0.035785282355297834,0.04503791846327273,0.0,0.04057376079315293,0.0011020988697444463,0.0854576562029325,0.0,0.0,0.015791204101231564,0.05409834772420391,0.0,0.12623271134894787,0.021639339089681565,0.12219190408255837,0.0,0.0,0.0,0.10864601559389432,0.0,0.021196742960130247,0.0,0.0,0.0,0.0,0.0,0.0032273498389486207,0.01594439221170544,0.0,0.028420307270654283,0.0
2015-03-27,0.30006186569511517,0.0,0.0,0.018892195959176166,0.003295981514631869,0.04064085919851061,0.030386966633110194,0.0,0.06993159439363236,0.0010454839891034134,0.052443753746864226,0.0,0.0,0.020670692457481037,0.09324212585817648,0.0,0.0947804658682929,0.0372968503432706,0.10234539865928488,0.0,0.0,0.0,0.0906651690386719,0.0,0.012708902139162218,0.021879134649333776,0.0,0.0,0.0,0.0,0.005083313185736648,0.0018362133307283557,0.0,0.0027930333397167906,0.0
2015-04-03,0.2927403956732723,0.0,0.0,0.018121687104218978,0.002563953313754579,0.04028956816938055,0.029972807144818675,0.0,0.06513450969357265,0.004165709196127794,0.0690451485000886,0.0,0.0,0.02981758794486567,0.08684601292476353,0.0,0.08826401916593568,0.034738405169905416,0.10007984709939706,0.0,0.0,0.0,0.0901728828185522,0.0,0.018340123554192185,0.02305124010079572,0.0,0.0,0.0,0.0,0.0,0.0027571506900466803,0.0,0.0038989517363112935,0.0
2015-04-10,0.30394402933484826,0.0,0.0,0.01563398398606699,0.005203847241526109,0.04252812897349876,0.02638567517788766,0.0,0.07477966327251322,0.0039902320418135455,0.05298990229916964,0.0,0.0,0.03418551992024594,0.09970621769668428,0.0,0.08654423132051209,0.039882487078673715,0.08607189423263362,0.0,0.0,0.0,0.0781333477776171,0.0,0.026917645756739012,0.02074112830495716,0.0,0.0,0.0,0.0,0.0,0.0023620655846125944,0.0,0.0,0.0
2015-04-17,0.2934432337683284,0.0,0.0,0.017216744951650036,0.007758502003149313,0.041452108546506244,0.0282197834370435,0.0,0.06945004531496582,0.00772820380121384,0.0539192259314034,0.0,0.0,0.026305917764583676,0.09260006041995443,0.0,0.09796168294123847,0.03704002416798178,0.0906316020194578,0.0,0.0,0.0,0.08244943125152986,0.0,0.020869638906160913,0.022294896500982545,0.0,0.0,0.0,0.0,0.008246901259859354,0.002411997013990204,0.0,0.0,0.0
2015-04-24,0.2915224336387946,0.0,0.0,0.014845085528586977,0.005152396672449906,0.04141413698066998,0.024599887978539934,0.0,0.0696411458424007,0.007714479362319798,0.05420386371388307,0.0,0.0,0.05009230857109644,0.09285486112320095,0.0,0.09714244768111788,0.03714194444928038,0.08841763630682896,0.0,0.0,0.0003267398545283671,0.0819844679134213,0.0,0.017586336682367816,0.013883789538461356,0.0,0.0,0.0,0.0,0.008051385745126462,0.0034246524169245975,0.0,0.0,0.0
2015-05-01,0.3047262564171704,0.0,0.0,0.01440529361968921,0.008689496783949665,0.041247619714853474,0.024741010373804148,0.0,0.07010573426329507,0.00698021142706515,0.05419239389614611,0.0,0.0,0.04126371750246232,0.0934743123510601,0.0,0.09049600526287026,0.03738972494042404,0.09808537230538547,0.0,0.0,0.0,0.07892478077616467,0.0,0.013908988170561305,0.014095238296139515,0.0,0.0,0.0,0.0,0.004854604944914242,0.002419238954044372,0.0,0.0,0.0
2015-05-08,0.30176433317312257,0.0,0.0,0.014473562389746831,0.005326008216392673,0.04092333236340684,0.025266398225110794,0.0,0.0683621795578179,0.010109173919190388,0.05304718950806572,0.0,0.0,0.0414039707856772,0.09114957274375719,0.0,0.0942617944933526,0.03645982909750288,0.09888353988881379,0.0,0.0,0.0,0.08348609784297646,0.0,0.01144134529845148,0.014473562389746831,0.0,0.0,0.0,0.0,0.006525577802794067,0.0026425323040733476,0.0,0.0,0.0
2015-05-15,0.31261092416098024,0.0,0.0,0.013090935326999646,0.008543496262353015,0.04211106576087224,0.023187512486683527,0.0,0.07360234887107377,0.007069540047750337,0.048653433767995455,0.0,0.0,0.04058146103423205,0.09813646516143168,0.0,0.09391012380552392,0.039254586064572675,0.09216449431009226,0.0,0.0,0.0,0.07373413002102301,0.0,0.008610539729563533,0.014448755907527724,0.0,0.0,0.0012925902706574315,0.0,0.005286875146563231,0.0037107218641037496,0.0,0.0,0.0
2015-05-22,0.31511766116633133,0.0,0.0,0.013340321705824639,0.009184092531042009,0.04233621107893951,0.023349936652877247,0.0,0.07533897526503139,0.006309987836451033,0.04867053553305924,0.0,0.0,0.03719275851631677,0.10045196702004185,0.0,0.0931214377548692,0.04018078680801674,0.0918830497688455,0.0,0.0,0.0,0.07281723624245061,0.0,0.012703397073330947,0.015557052312934559,0.0,0.0,0.0,0.0,0.0,0.0024445927336369383,0.0,0.0,0.0
2015-05-29,0.31142299133390317,0.0,0.0,0.015671759359597713,0.03376008550566743,0.039223989642496,0.027562681085097813,0.0,0.06776805271001353,0.030931902138820654,0.03194221104493702,0.0,0.0,0.018266221562949724,0.09035740361335136,0.0,0.09379161576638798,0.03614296144534055,0.07943310096129284,0.0,0.0,0.0,0.07681857995212364,0.0,0.017612485634533923,0.016968067091328767,0.0,0.0,0.0,0.0,0.0052940678535617295,0.00703182329859567,0.0,0.0,0.0
2015-06-05,0.3089277404946266,0.0,0.0,0.015774420197277678,0.035113082219309324,0.039071169320763446,0.027940691208117988,0.0,0.06763334050693078,0.02997040124397514,0.02361182636130803,0.0,0.0,0.01850982787482188,0.09017778734257435,0.0,0.1029806518653051,0.03607111493702975,0.075398442547632,0.0,0.0,0.001538803305927294,0.07585893941462057,0.0,0.015868405196165634,0.01888030156513803,0.0,0.0,0.003532238125657881,0.0,0.006804512156572852,0.006336304116245193,0.0,0.0,0.0
2015-06-12,0.31349869530526375,0.0,0.0,0.016236973388272534,0.0341777007381207,0.039644729713341056,0.02712141540035225,0.0,0.07001996717298808,0.028249276088647544,0.022904299962849265,0.0,0.0,0.01603849779929431,0.09335995623065078,0.0,0.10158886208199652,0.03734398249226032,0.07524063525767634,0.0,0.0,0.0015806005642327342,0.07391445359305872,0.0,0.01720294998994993,0.01674858364613459,0.0,0.0,0.0034431623903924567,0.0,0.0058572812973803345,0.005827976887137356,0.0,0.0,0.0
2015-06-19,0.2964859835075374,0.0,0.0,0.023970868551523857,0.03401392498126747,0.039098826204282885,0.03155695593927446,0.0,0.0641000813831363,0.025265527005609918,0.026697623179945455,0.0,0.0,0.015458916517811703,0.08546677517751507,0.0,0.10150940492008928,0.03418671007100603,0.071817775555158,0.0,0.0,0.005020196701864399,0.07617026710186114,0.0,0.01894680157410055,0.028946743049676302,0.0,0.0,0.005494434367894969,0.0,0.007133072973098641,0.008659111237345689,0.0,0.0,0.0
2015-06-26,0.3156821599001849,0.0,0.0,0.03545387503875966,0.03426809115529833,0.03771454298919669,0.04513446916243381,0.0,0.05504215259836586,0.003802022200669893,0.028834920294034862,0.0,0.0,0.044807109407371176,0.07338953679782115,0.0,0.14751264882777265,0.029355814719128463,0.04722351569459049,0.0,0.0,0.027892583397316366,0.026968312298795035,0.0,0.016024109814230855,0.009325029165685415,0.0,0.0,0.005329195709073009,0.0,0.006176923044026585,0.010062987785244268,0.0,0.0,0.0
2015-07-03,0.32462168476997466,0.0,0.0,0.03223892682175784,0.033269356395496406,0.03814811476458932,0.04303584673043746,0.0,0.059538387171993244,0.0056295311496495,0.027322973643105236,0.0,0.0,0.0425025766451317,0.07938451622932433,0.0,0.14193417353700705,0.03175380649172973,0.04494734235760021,0.0,0.0,0.025816376226108367,0.02801491081280732,0.0,0.020898720464767803,0.0001917827754192812,0.0,0.0,0.006644042907473243,0.0,0.014106930105626948,0.0,0.0,0.0,0.0
2015-07-10,0.31527850733875284,0.0,0.0,0.03405105557959044,0.036165734565335596,0.036877457065655275,0.044643065380138035,0.0,0.05514513129002382,0.006710038019595843,0.028757822892036274,0.0,0.0,0.04539768185399638,0.07352684172003177,0.0,0.13681855325009964,0.029410736688012706,0.047951484956427655,0.0,0.0,0.029493194467846533,0.02724983018670254,0.0,0.021245510771570747,0.0,0.0,0.0,0.015924646757317917,0.0,0.015352707216865734,0.0,0.0,0.0,0.0
2015-07-17,0.3483796701767121,0.0,0.0,0.022803761405246325,0.03568658399808522,0.04701249341703565,0.03582602640221107,0.0,0.07112276490362085,0.00612344177221991,0.031212956454104508,0.0,0.0,0.03262714194546898,0.0948303532048278,0.0,0.12842228803922998,0.03793214128193112,0.042579086765345636,0.0,0.0,0.03172551309522682,0.0223982692991806,0.0,0.0038233824017884113,0.0,0.0,0.0,0.003252797807634243,0.0,0.0,0.0,0.0,0.004241327630130403,0.0
2015-07-24,0.34200298120452527,0.0,0.0,0.024040866955872167,0.02751704567521457,0.04046979096924418,0.033651963889524183,0.0,0.07319017893605151,0.007665748566469119,0.021278475741388487,0.0,0.0,0.03598501053529909,0.09758690524806868,0.0,0.12036790630329922,0.039034762099227474,0.04605499482646223,0.0,0.0,0.022276733117171585,0.029499865333126086,0.0,0.014097077513305897,0.0,0.0,0.0,0.012100971723177305,0.0,0.005987447903093957,0.0,0.0,0.007191273459478642,0.0
2015-07-31,0.32307040152533384,0.0,0.0,0.05811173030658483,0.03251492450089821,0.03804727742532526,0.03473062254951623,0.0,0.05788415049572887,0.03200506492322831,0.025977734613020078,0.0,0.0,0.0122532234318697,0.0771788673276385,0.0,0.16756593607498904,0.0308715469310554,0.04217010048814867,0.0,0.0,0.002431851283201048,0.013758728439373969,0.0,0.01754075464185341,0.0,0.0,0.0,0.018288828930154856,0.0,0.004014563157743101,0.0,0.0,0.011583692954336183,0.0
2015-08-07,0.32531054585797226,0.0,0.0,0.05835022393646837,0.032175215432011524,0.038048042575317,0.034517952046694535,0.0,0.059266074791989365,0.03300250341743105,0.025511647125667086,0.0,0.0,0.011560053208514873,0.07902143305598582,0.0,0.17013137996413383,0.031608573222394326,0.040856382628184695,0.0,0.0,0.00264150888940864,0.013845283395966801,0.0,0.016124096984434698,0.0,0.0,0.0,0.016236520003845026,0.0,0.0,0.0,0.0,0.011792563463579686,0.0
2015-08-14,0.3279145173819296,0.0,0.0,0.05766138150631325,0.031807518169874927,0.03815679615623724,0.03430973678353483,0.0,0.06108197153312778,0.032515169033611895,0.025005337684887483,0.0,0.0,0.012319022139231767,0.08144262871083703,0.0,0.1673692666117738,0.03257705148433482,0.04012609847962819,0.0,0.0,0.0020364233490979184,0.013876116131990166,0.0,0.01725088173669765,0.0,0.0,0.0,0.017098244958735867,0.0,0.0,0.007451838148155402,0.0,0.0,0.0
2015-08-21,0.3568361550146324,0.0,0.0,0.03368573878837018,0.03286535979456566,0.053264777964669434,0.03929063564823244,0.0,0.07554392337293907,0.03344905940811715,0.032717084817870945,0.0,0.0,0.006593081959150743,0.10072523116391877,0.0,0.14484202810826655,0.04029009246556751,0.037102389411609774,0.0,0.0,0.0019579676788289055,0.010836474403260165,0.0,0.0,0.0,0.0,0.0,0.0,0.0,0.0,0.0,0.0,0.0,0.0
2015-08-28,0.48249758110201324,0.0,0.0,0.0,0.0023064538176651287,0.055645042657514895,0.019793750579407722,0.0,0.06740044838230924,0.01897628888083117,0.03082368173233726,0.0,0.011315378953065953,0.0028283881393842674,0.08986726450974565,0.0,0.09065598528202748,0.03594690580389826,0.0841318192508484,0.0,0.0,0.0,0.007811010908951024,0.0,0.0,0.0,0.0,0.0,0.0,0.0,0.0,0.0,0.0,0.0,0.0
2015-09-04,0.48366355979863307,0.0,0.0,0.0003254213556567193,0.0025892308144078425,0.05587552464344476,0.020688636527623795,0.0,0.062267831886071864,0.019874806499850284,0.03187102324064778,0.0,0.012110218642889317,0.002410402279189288,0.08302377584809582,0.0,0.09444326402957681,0.03320951033923833,0.0885670089818076,0.0,0.0,0.0,0.009079785112866293,0.0,0.0,0.0,0.0,0.0,0.0,0.0,0.0,0.0,0.0,0.0,0.0
2015-09-11,0.4834032622218813,0.0,0.0,0.00032910582258550064,0.0025264139726395084,0.05521522777866848,0.018716569910055433,0.0,0.07102815770404923,0.016028968955223894,0.02816874576654123,0.0,0.010713463477447952,0.0021229855544795326,0.09470421027206563,0.0,0.08879945336216086,0.03788168410882626,0.08162201305407069,0.0,0.0,0.00010912834809133339,0.008630609691212885,0.0,0.0,0.0,0.0,0.0,0.0,0.0,0.0,0.0,0.0,0.0,0.0
2015-09-18,0.48678966660291473,0.0,0.0,0.00035682937486054795,0.0025778269849903598,0.054793847007205715,0.019036674340824872,0.0,0.06881082570608316,0.01650164741393791,0.029576142697879705,0.0,0.0108827494625857,0.002197759380541137,0.09174776760811088,0.0,0.08863174535649578,0.036699107043244354,0.08180907740716546,0.0,0.0,0.00011815350075220071,0.009470180112407236,0.0,0.0,0.0,0.0,0.0,0.0,0.0,0.0,0.0,0.0,0.0,0.0
2015-09-25,0.5222975605423128,0.0,0.0,0.009493947155253098,0.0007728244133531951,0.05519970045860009,0.007719806793325381,0.0,0.07654374178536406,0.0,0.07441356914599431,0.0,0.0,0.00011172593974771726,0.10205832238048543,0.0,0.04011144386939872,0.04082332895219417,0.04604060139482252,0.0,0.0,0.0,0.02441342716914828,0.0,0.0,0.0,0.0,0.0,0.0,0.0,0.0,0.0,0.0,0.0,0.0
2015-10-02,0.5194173648340945,0.0,0.0,0.00879974726388644,0.0019401623947550228,0.055078135244948034,0.00830388410242915,0.0,0.08102685958545179,0.0,0.061663621216276165,0.0,0.0,0.002165856780785949,0.10803581278060238,0.0,0.047021203306869916,0.04321432511224096,0.04207396509589223,0.0,0.0,0.0,0.021259062281767174,0.0,0.0,0.0,0.0,0.0,0.0,0.0,0.0,0.0,0.0,0.0,0.0
2015-10-09,0.523642598535055,0.0,0.0,0.009186617959466046,0.00022391108905522227,0.054605962729414925,0.00952238462129837,0.0,0.0775558516084942,9.726325250979365e-05,0.0675868578965846,0.0,0.0,0.001327837099752399,0.10340780214465892,0.0,0.04020895860286372,0.04136312085786357,0.04270292642541536,0.0,0.0,0.0,0.028567907177567672,0.0,0.0,0.0,0.0,0.0,0.0,0.0,0.0,0.0,0.0,0.0,0.0
2015-10-16,0.51958118284285,0.0,0.0,0.007021145011530033,0.001418527416965777,0.04614646067713937,0.020043539644712158,0.0,0.06502749431861665,0.0012868837739716762,0.07025616517797821,0.0,0.0,0.003674975921453199,0.08670332575815554,0.0,0.042364794511151896,0.03468133030326222,0.056362852601990254,0.0,0.0,0.0,0.0454313220402227,0.0,0.0,0.0,0.0,0.0,0.0,0.0,0.0,0.0,0.0,0.0,0.0
2015-10-23,0.5232064420799286,0.0,0.0,0.006557214984066379,0.0,0.03999081838688438,0.00756174728671901,0.0,0.07017167001915331,0.0009314718769900104,0.045955925177287756,0.0,0.0,0.0033911630065861518,0.09356222669220442,0.0,0.03636556614738652,0.03742489067688177,0.06914512662265583,0.0,0.0,0.0,0.028238603032563477,0.0,0.0,0.0,0.0,0.0,0.0,0.0,0.006364248935468586,0.014913086905159571,0.016219798170063995,0.0,0.0
2015-10-30,0.3125685513690659,0.0,0.0,0.0,0.0019314204897219849,0.03753474031447819,0.03710898382734371,0.0,0.0562226718673009,0.021162848296702133,0.07523406122673902,0.0,0.0,0.013016340411244245,0.07496356248973453,0.0,0.10060737404891276,0.029985424995893815,0.10576447570888332,0.0,0.0,0.0,0.10047687338248121,0.0,0.0,0.0,0.0,0.0,0.0,0.0,0.0069471727705338005,0.014973760500171577,0.011501738300792506,0.0,0.0
2015-11-06,0.255658471800132,0.0,0.0,0.0,0.0,0.030173562601678007,0.03654505597716284,0.0,0.03061119028900711,0.023128990320777698,0.15333721946645382,0.0,0.0,0.0177695391411761,0.04081492038534281,0.0,0.1221717417243445,0.016325968154137126,0.10932546572885149,0.0,0.0,0.0,0.12075546849917757,0.0,0.0019871594193345775,0.0,0.0,0.0,0.0,0.0,0.0,0.03452799011745536,0.006867256374968484,0.0,0.0
2015-11-13,0.27674790633417956,0.0,0.0,0.0,0.002029734555273777,0.05631653409302059,0.049816776968623196,0.0,0.02661023424531296,0.02378017313345315,0.1579295077376468,0.0,0.0,0.005538567094332466,0.03548031232708395,0.0,0.11767935164027302,0.01419212493083358,0.10705954585039211,0.0,0.0,0.0,0.12681923108957463,0.0,0.0,0.0,0.0,0.0,0.0,0.0,0.0,0.0,0.0,0.0,0.0
2015-11-20,0.28449735688786504,0.0,0.0,0.0,0.0012234960107456038,0.04537355803127086,0.059953400654134695,0.0,0.025158424421072044,0.04211948133513256,0.15834406231070175,0.0,0.0,0.003160784344399917,0.03354456589476273,0.0,0.08686869475046569,0.013417826357905092,0.13996442118520258,0.0,0.0,0.0,0.09248816508448399,0.0,0.0,0.0,0.0,0.0,0.0,0.0,0.0,0.013885762731856965,0.0,0.0,0.0
2015-11-27,0.2626430770924933,0.0,0.0,0.0,0.0038335983165663067,0.051944763863689,0.038022287281457005,0.0,0.02827780750469731,0.0,0.1214528631293396,0.0,0.0,0.01907251446787258,0.03770374333959642,0.0,0.12976974067185415,0.015081497335838568,0.10306200950298039,0.0,0.0,0.0,0.13494626551199507,0.0,0.019029798856095327,0.0,0.0,0.0,0.0,0.0,0.010379404391239147,0.024780628734285427,0.0,0.0,0.0
2015-12-04,0.2631343700464994,0.0,0.0,0.0,0.003016724739214588,0.05204384270486682,0.036386836587373524,0.0,0.030401473260097525,0.0,0.08326102927383541,0.0,0.0,0.016481221870187898,0.040535297680130034,0.0,0.16322228577841474,0.016214119072052016,0.1007600086712273,0.0,0.0,0.0,0.1441842372545189,0.0,0.02058807341955814,0.0,0.0,0.0,0.0,0.0,0.007815252173452882,0.02195522746857055,0.0,0.0,0.0
2015-12-11,0.2780801546671006,0.0,0.0,0.0,0.003357928399609874,0.08945605091396208,0.05214785015555854,0.0,0.02684900629008156,0.0017082953299507773,0.15426934424569322,0.0,0.0,0.006726086430965538,0.035798675053442086,0.0,0.12102137820452365,0.014319470021376835,0.08566962141641585,0.0,0.0,0.0,0.13059613887131905,0.0,0.0,0.0,0.0,0.0,0.0,0.0,0.0,0.0,0.0,0.0,0.0
2015-12-18,0.29945926698454,0.0,0.0,0.0,0.006283465067152096,0.09869272512114531,0.0569835460270324,0.0,0.033638249702013935,0.0,0.09595996180433473,0.0,0.0,0.007578920032919013,0.044850999602685244,0.0,0.15115067907842036,0.0179403998410741,0.10343307849031388,0.0,0.0,0.0,0.08402870824836872,0.0,0.0,0.0,0.0,0.0,0.0,0.0,0.0,0.0,0.0,0.0,0.0
2015-12-25,0.457565964199482,0.0,0.0,0.011849168046646359,0.018992348616792033,0.05429947398874792,0.02751159790394801,0.0,0.032221619394790936,0.0,0.05524985426879153,0.0,0.0,0.002962958805279701,0.042962159193054586,0.0,0.07323542151999299,0.017184863677221836,0.08835660440720086,0.0,0.0,0.0,0.11135010746440413,0.0,0.0,0.0,0.0,0.0,0.0,0.0,0.0,0.006257858513646646,0.0,0.0,0.0
2016-01-01,0.4407941529989418,0.0,0.0,0.014828232772718483,0.013017638788338007,0.05439252178141369,0.02625774188837485,0.0,0.03549623865720947,0.00028481847150535185,0.10601950791918477,0.0,0.0,0.0026450465135879515,0.04732831820961263,0.0,0.04277536674751621,0.018931327283845053,0.09505933468746375,0.0,0.0,0.0,0.10216975328028763,0.0,0.0,0.0,0.0,0.0,0.0,0.0,0.0,0.0,0.0,0.0,0.0
2016-01-08,0.47149524225364803,0.0,0.0,0.010601396656630329,0.015162207568387435,0.057228942781243325,0.02323768709278766,0.0,0.04906775926213323,0.0,0.05519452536858967,0.0,0.0,0.00270468214917024,0.06542367901617764,0.0,0.09919383103818112,0.026169471606471057,0.06965230886359945,0.0,0.0,0.0004951682907679377,0.054373098052212514,0.0,0.0,0.0,0.0,0.0,0.0,0.0,0.0,0.0,0.0,0.0,0.0
2016-01-15,0.4890427063895548,0.0,0.0,0.010399170420468107,0.01455122198220344,0.07197118370913301,0.023753613150303908,0.0,0.04729634086215735,0.0,0.06507225016833483,0.0,0.0,0.0018584692519905174,0.0630617878162098,0.0,0.043533236834164594,0.025224715126483922,0.09279852967810519,0.0,0.0,0.0,0.051436774610890135,0.0,0.0,0.0,0.0,0.0,0.0,0.0,0.0,0.0,0.0,0.0,0.0
2016-01-22,0.4672553120212239,0.0,0.0,0.010616803034595603,0.015509205151657051,0.05915359734823138,0.024279422176554523,0.0,0.04575282504405207,0.0,0.05518611945306556,0.0,0.0,0.002619168403335617,0.06100376672540276,0.0,0.04358682675104572,0.024401506690161105,0.13792959538168983,0.0,0.0,0.0,0.05270585181898455,0.0,0.0,0.0,0.0,0.0,0.0,0.0,0.0,0.0,0.0,0.0,0.0
2016-01-29,0.5096495748830223,0.0,0.0,0.011409015464445392,0.0003497563176972602,0.0658476941336306,0.008878264456909259,0.0,0.0647085586114197,0.0,0.046097871529580836,0.0,0.0,0.0030790393207778583,0.08627807814855962,0.0,0.04804223953116493,0.03451123125942385,0.10222708998829325,0.0,0.0,0.017861854344060825,0.0010597320110141049,0.0,0.0,0.0,0.0,0.0,0.0,0.0,0.0,0.0,0.0,0.0,0.0
2016-02-05,0.49558628765769897,0.0,0.0,0.011300557284973492,0.0008270671004387524,0.05614885821091502,0.00870519283100455,0.0,0.0652611471735232,0.0,0.04318000962583905,0.0,0.0,0.002397567117536728,0.08701486289803094,0.0,0.06103997052424697,0.03480594515921238,0.11320304033315064,0.0,0.0,0.017706460383262408,0.002823033700166619,0.0,0.0,0.0,0.0,0.0,0.0,0.0,0.0,0.0,0.0,0.0,0.0
2016-02-12,0.49676274987049174,0.0,0.0,0.011516483382396154,0.0,0.05663496274763277,0.009412305567664982,0.0,0.06335488595253101,0.0,0.06710718941124233,0.0,0.0,0.00017253399725963915,0.08447318127004136,0.0,0.04483640645848452,0.03378927250801655,0.11325174053499724,0.0,0.0,0.01796170326702314,0.0007265850322182251,0.0,0.0,0.0,0.0,0.0,0.0,0.0,0.0,0.0,0.0,0.0,0.0
2016-02-19,0.4969283017975498,0.0,0.0,0.012227974822274109,0.0,0.05688133271648881,0.009862195219928201,0.0,0.058816266215704474,0.0,0.07162815629177721,0.0,0.0,3.944672739316661e-05,0.07842168828760597,0.0,0.04409454370102398,0.03136867531504239,0.12032466897112762,0.0,0.0,0.018772364361435256,0.0006343855726487218,0.0,0.0,0.0,0.0,0.0,0.0,0.0,0.0,0.0,0.0,0.0,0.0
2016-02-26,0.4984781764983536,0.012361217430731725,0.0,0.0,0.0,0.08437205209712687,0.022056473297500247,0.0,0.05989590582158672,0.0,0.06971534606322753,0.0,0.0,0.00030527015524553416,0.07986120776211564,0.0,0.02395836232863469,0.03194448310484625,0.0978076629768675,0.0,0.0,0.0,0.01924384246376351,0.0,0.0,0.0,0.0,0.0,0.0,0.0,0.0,0.0,0.0,0.0,0.0
2016-03-04,0.4940269238018604,0.01426506134081577,0.0,0.0,0.0,0.09064974814197956,0.024845936882943002,0.0,0.0492460158362849,0.0,0.07962055762864148,0.0,0.0,0.00011451179884682193,0.06566135444837987,0.0,0.01969840633451396,0.02626454177935195,0.11426783171764329,0.0,0.0,0.0,0.021339110288738704,0.0,0.0,0.0,0.0,0.0,0.0,0.0,0.0,0.0,0.0,0.0,0.0
2016-03-11,0.49003185967787943,0.011560053697919556,0.0,0.0,0.0,0.09977887480408854,0.020010817887474393,0.0,0.06678351213597657,0.0,0.04161983564089815,0.0,0.0,0.0,0.08904468284796876,0.0,0.02691102701760824,0.03561787313918751,0.0952798893796994,0.0,0.0,0.0,0.017964786191803007,0.0,0.0,0.0,0.0,0.0,0.0,0.0,0.0,0.005396787579496197,0.0,0.0,0.0
2016-03-18,0.4920198494671854,0.011690089951885658,0.0,0.0,0.0,0.10342499244387343,0.020700478337993607,0.0,0.06517673484619523,0.0,0.04246446018361874,0.0,0.0,0.0,0.08690231312826029,0.0,0.026259538252344106,0.03476092525130412,0.09274060315471673,0.0,0.0,0.0,0.018056083368023536,0.0,0.0,0.0,0.0,0.0,0.0,0.0,0.0,0.005803931614598894,0.0,0.0,0.0
2016-03-25,0.3317337698577084,0.03171053524608762,0.0,0.0,0.0,0.1340329376852578,0.027882108068763203,0.0,0.07144823682338436,0.0,0.06522188110340926,0.0,0.0,0.0,0.09526431576451248,0.0,0.04379504844089856,0.038105726305805,0.11235900919045466,0.0,0.0,0.0,0.015539075734264165,0.0,0.0,0.0,0.0,0.0,0.0,0.0,0.005049730588834308,0.005373334390680641,0.02248429079993923,0.0,0.0
2016-04-01,0.3210740549047624,0.031316927487874985,0.0,0.0,0.0,0.12220917444898245,0.027404581294354982,0.0,0.07156827092449004,0.0,0.08174211949164278,0.0,0.0,0.0,0.09542436123265338,0.0,0.04379625628589236,0.03816974449306136,0.10469581951715512,0.0,0.0,0.0,0.015485716029268317,0.0,0.0,0.0,0.0,0.0,0.0,0.0,0.007399677096468278,0.00453948240766914,0.035173814385724034,0.0,0.0
2016-04-08,0.3296187182516313,0.03248775134721605,0.0,0.0,0.0,0.12537569507600083,0.028447192457893032,0.0,0.06899080121586255,0.0,0.07051137731604165,0.0,0.0,0.0,0.09198773495448341,0.0,0.044355250687267006,0.03679509398179336,0.11617455398234273,0.0,0.0,0.0,0.017470236896830565,0.0,0.0,0.0,0.0,0.0,0.0,0.0,0.00766574693223983,0.005489925324129945,0.024629921576267397,0.0,0.0
2016-04-15,0.3177072110060363,0.035911046820087056,0.0,0.0,0.0,0.13963007679085204,0.029791622105088962,0.0,0.06027847756865054,0.0,0.07447558880438462,0.0,0.0,0.00033956678734546554,0.08037130342486738,0.0,0.04276177594876122,0.032148521369946954,0.12894276364603685,0.0,0.0,0.0,0.01808848550423953,0.0,0.0,0.0,0.0,0.0,0.0,0.0,0.01076149556869273,0.006843654528504829,0.021948410126505148,0.0,0.0
2016-04-22,0.3409932577191239,0.0300461434455841,0.0,0.0,0.0,0.11679861874752638,0.025945899646157986,0.0,0.07556184337720573,0.0,0.05653475412496027,0.0,0.0,0.0,0.10074912450294098,0.0,0.05352673713402241,0.040299649801176396,0.1091062626060737,0.0,0.0,0.0,0.016368690341400118,0.0,0.0,0.0,0.0,0.0,0.0,0.0,0.008367556678515397,0.006438302306339532,0.019263159568972715,0.0,0.0
2016-04-29,0.3075881368264237,0.0,0.0,0.01078268803534406,0.0,0.11364006984941868,0.01078268803534406,0.0,0.07289231967139606,0.0,0.07110558155263852,0.0,0.0,0.0,0.09718975956186142,0.0,0.046831107725583035,0.038875903824744575,0.09618832064591613,0.0,0.0,0.0,0.07129715864402403,0.0,0.0,0.01078268803534406,0.0,0.0,0.0,0.0,0.0,0.0052598370761944655,0.04678374051576685,0.0,0.0
2016-05-06,0.29926156598711745,0.0,0.0,0.013048100631343353,0.0,0.12100428211638847,0.013048100631343353,0.0,0.06012674223457255,0.0,0.0998621202734319,0.0,0.0,0.0,0.08016898964609674,0.0,0.040541635605402485,0.0320675958584387,0.1182258637770765,0.0,0.0,0.0,0.08173088110009664,0.0,0.0,0.013048100631343353,0.0,0.0,0.0,0.0,0.0,0.006225919426658914,0.02164010208068931,0.0,0.0
2016-05-13,0.2793841051196003,0.0,0.0,0.01820783989499728,0.0,0.12289943985849873,0.024448519934511182,0.0,0.04525611102399001,0.0,0.11748572886767236,0.0,0.0,0.00022555251655640405,0.06034148136532001,0.0,0.05801414500719891,0.024136592546128006,0.1263902906749769,0.0,0.0,0.0,0.08562630355862742,0.0,0.0,0.01820783989499728,0.0,0.0,0.0,0.0,0.0,0.019376049736924854,0.0,0.0,0.0
2016-05-20,0.24019497112846677,0.0,0.0,0.02567788954716628,0.0,0.1249240069454042,0.02567788954716628,0.0,0.03228660149120331,0.0,0.12661169058908384,0.0,0.0,0.0008564424521453639,0.04304880198827108,0.0,0.04944170431367205,0.017219520795308432,0.1346551792111993,0.0,0.0,0.0,0.0966603960715465,0.0,0.0,0.02567788954716628,0.0,0.0,0.0,0.0,0.00498258543468022,0.027581627087808078,0.024502803849711506,0.0,0.0
2016-05-27,0.3098912421317439,0.0,0.0,0.0,0.0,0.09461156752491086,0.04607924922764993,0.0,0.07069831457015063,0.0,0.09876518515892677,0.0,0.014657004769653382,0.0,0.09426441942686752,0.0,0.06324215373367284,0.03770576777074701,0.09168545078934066,0.0,0.0,0.0,0.0749066568048038,0.0,0.0,0.0,0.0,0.0,0.0,0.0,0.00028062274237408133,0.003212365349158233,0.0,0.0,0.0
2016-06-03,0.29362963398095643,0.0002250411606738738,0.0,0.0,0.0,0.09665735402876163,0.0260699177072703,0.0,0.06887403056728783,0.0,0.09429562901557546,0.0,0.013942497927694362,0.0,0.09183204075638378,0.0,0.04353888275744713,0.03673281630255352,0.09546655025907633,0.0,0.0,0.0,0.07606959171349618,0.0,0.0,0.0,0.0,0.0,0.0,0.0,0.0,0.007684237775944359,0.05498177604687836,0.0,0.0
2016-06-10,0.28941123879201275,0.0,0.0,0.0,0.0,0.10225809112442266,0.022413314376021017,0.0,0.06218804323294414,0.0,0.12437997221746114,0.0,0.016143091211162662,0.0,0.08291739097725885,0.0,0.04274348262913799,0.03316695639090354,0.10625421492070147,0.0,0.0,0.0,0.0818360641799156,0.0,0.0,0.0,0.0,0.0,0.0,0.0,0.0,0.0038081139024177054,0.032480026045639925,0.0,0.0
2016-06-17,0.25470643479889776,0.0,0.0,0.0,0.0,0.10394610885383188,0.032044197763662456,0.0,0.0538546881619946,0.0,0.12914912927151412,0.0,0.02297165014087056,0.0,0.07180625088265946,0.0,0.046667055714829944,0.028722500353063788,0.11344461331338952,0.0,0.0,0.0,0.0947757466524211,0.0,0.0,0.0,0.0,0.0,0.0,0.0,0.0,0.005743779082643765,0.04216784501022071,0.0,0.0
2016-06-24,0.2356821315704419,0.0,0.0,0.0,0.0,0.1047051773843626,0.03152680034445501,0.0,0.04561759886428314,0.0,0.14136453440888214,0.0,0.027728186309227576,0.0,0.06082346515237752,0.0,0.04684697817970583,0.02432938606095101,0.11624381283180313,0.0,0.0,0.0,0.08874269526991252,0.0,0.00184335344476101,0.027728186309227576,0.0,0.0,0.0,0.0,0.0,0.028128152588651742,0.01868954128095695,0.0,0.0
2016-07-01,0.15538778496220693,0.0,0.0,0.0,0.0,0.10965887332928484,0.041261010320011254,0.0,0.015815569445802265,0.0,0.20654233300902947,0.0,0.03714555469420894,0.0,0.021087425927736353,0.0,0.059589896669085846,0.008434970371094542,0.13664660897728845,0.0,0.0,0.0,0.10491717984854924,0.0,0.0,0.03714555469420894,0.0,0.0,0.0,0.0,0.0,0.05516584358869802,0.011201394162794356,0.0,0.0
2016-07-08,0.2370086430120277,0.0005003029229667603,0.0,0.0,0.0,0.1166283762026282,0.031912974810859314,0.0,0.024642487664828766,0.0,0.16168489925149965,0.0,0.02895648191863652,0.0,0.03285665021977169,0.0,0.04841494395581785,0.013142660087908676,0.14416732571290547,0.0,0.0,0.0,0.09757729151021398,0.0,0.0011136056242512606,0.02895648191863652,0.0,0.0,0.0,0.0,0.0,0.022877779193121728,0.009559095993925338,0.0,0.0
2016-07-15,0.26795133257699616,0.0019209012342172951,0.0,0.0,0.0,0.09487266607516573,0.016622821499001333,0.0,0.06129476772411184,0.00046606378066785513,0.09969670560907176,0.0,0.016622821499001333,0.0,0.08172635696548246,0.0,0.050709845965773215,0.03269054278619298,0.0983301725318978,0.0,0.0,0.0,0.07978108584424672,0.0,0.0,0.016622821499001333,0.0,0.0,0.0,0.0,0.0006097917859078398,0.014433670213977005,0.06564763240928687,0.0,0.0
2016-07-22,0.18373181987426224,0.0019121081011557396,0.0,0.0,0.0,0.09753721563696541,0.02700418736720707,0.0,0.03382645739157925,0.0,0.16212038412371202,0.0,0.027975378257295652,0.0,0.04510194318877233,0.0,0.04376619160932218,0.018040777275508933,0.09258288276386997,0.0,0.0,0.0,0.0919336288109538,0.0,0.0,0.02700418736720707,0.0,0.0,0.0,0.0,0.0,0.04181035598722445,0.10565248224496329,0.0,0.0
2016-07-29,0.1735544346617753,0.0009275354777572339,0.0,0.02268463269854324,0.0,0.11545994311969993,0.04256497671726908,0.0,0.04689892870140157,0.0,0.1421872597709744,0.0,0.02299708792332835,0.0,0.0625319049352021,0.0,0.04144420417910387,0.025012761974080838,0.09210845541061607,0.0,0.0,0.0,0.09112015703056295,0.0,0.0,0.027644713627388424,0.0,0.0,0.0,0.0,0.0,0.03719030864869224,0.05567269512360411,0.0,0.0
2016-08-05,0.18586927627593247,0.0004974869901118778,0.0,0.02285657311702482,0.0,0.11281705271494048,0.02285657311702482,0.0,0.04925776426803984,0.0,0.13920362782151105,0.0,0.023717675398052612,0.0,0.06567701902405312,0.0,0.07193353563419143,0.026270807609621253,0.08804244481147598,0.0,0.0,0.0,0.08759193727741031,0.0,0.0,0.026485515668910328,0.0,0.0,0.0,0.0,0.0058974698015065346,0.025096578579452918,0.04592866189073982,0.0,0.0
2016-08-12,0.14285110789384833,0.0,0.0,0.029754107905950004,0.0,0.11837797426682434,0.03010983558244485,0.0,0.02540217068151297,0.0,0.1552785800877265,0.0,0.029754107905950004,0.0,0.03386956090868396,0.0,0.09391130421145129,0.013547824363473585,0.11215156068846127,0.0,0.0,0.0,0.1003553965429767,0.0,0.008898900562745643,0.0412582850880784,0.0,0.0,0.0,0.0,0.009523246732862305,0.038308326887953006,0.016647709689056434,0.0,0.0
2016-08-19,0.1493893353790895,0.0,0.016227940399281122,0.026978477989788835,0.0,0.1170413711457527,0.026978477989788835,0.0,0.03481555439261798,0.0023100159791181393,0.13794688122773724,0.0,0.026978477989788835,0.0,0.0464207391901573,0.0,0.0803462371568525,0.018568295676062923,0.09425247544313033,0.0,0.0,0.0,0.09729525643918385,0.0,0.010440081627981823,0.049866344937405986,0.0,0.0,0.0,0.0,0.028452595335479197,0.035691441700782534,0.0,0.0,0.0
2016-08-26,0.12978112884555365,0.0,0.013941714872469552,0.03054346066160181,0.0,0.11897252473024558,0.03054346066160181,0.0,0.020163149692263453,0.0014799186082884881,0.13957685575827986,0.0,0.03054346066160181,0.0,0.026884199589684604,0.0,0.09486374469367402,0.010753679835873843,0.11411023846734582,0.0,0.0,0.0,0.10596648624767402,0.0,0.016222506439334865,0.0523084934541109,0.0,0.0,0.0,0.0,0.012970462946001087,0.05037451383439444,0.0,0.0,0.0
2016-09-02,0.127507661154576,0.0,0.012133624697367715,0.02946515289762341,0.0,0.1199470653690112,0.02946515289762341,0.0,0.021716939999411895,0.0008080539116096501,0.1606779328751491,0.0,0.02946515289762341,0.0030124946387496713,0.028955919999215863,0.0,0.08225365334752435,0.011582367999686346,0.11432547588530366,0.0,0.0,0.0,0.10430078012153603,0.0,0.0,0.046685959694878605,0.0,0.0,0.0,0.0,0.03701346389904474,0.04068314771406441,0.0,0.0,0.0
2016-09-09,0.140525598207226,0.0,0.00732490535608744,0.029830678076485574,0.0,0.12310899195158108,0.029830678076485574,0.0,0.028655157173694063,0.0008719599411071071,0.13477735200445493,0.0,0.029830678076485574,0.004114007768765162,0.03820687623159208,0.0,0.09170394913629222,0.015282750492636834,0.10948968422130229,0.0,0.0,0.0,0.10480061282520156,0.0,0.0,0.042230468787874065,0.0,0.0,0.0,0.0,0.03216086838512295,0.03725478328760508,0.0,0.0,0.0
2016-09-16,0.1377604175522385,0.0,0.005371194455960199,0.028921976565530423,0.0,0.15528514931085538,0.028921976565530423,0.0,0.03210899476615459,0.0006112823631842203,0.1563778453128799,0.0,0.028921976565530423,0.0025279794577607634,0.04281199302153946,0.0,0.08905866148179047,0.017124797208615785,0.10264171357919014,0.0,0.0,0.0,0.09930877688828087,0.0,0.0,0.03911874919916623,0.0,0.0,0.0,0.0,0.0331265157057917,0.0,0.0,0.0,0.0
2016-09-23,0.13782441149786928,0.0,0.006079671045871503,0.029223805202348414,0.0,0.1520963203901996,0.04736965030538579,0.0,0.03157828230326166,0.002235605171730975,0.138748208135916,0.0,0.029223805202348414,0.006088945981618987,0.04210437640434888,0.0,0.07245236325640063,0.016841750561739553,0.10956432698835857,0.0,0.0,0.0,0.10489227331576624,0.0,0.0,0.04005057863484841,0.0,0.0,0.0,0.0,0.03362562560198647,0.0,0.0,0.0,0.0
2016-09-30,0.16504630578204976,0.0,0.0061156735069715,0.02614285392767607,0.0,0.10427794854985498,0.041691515744775656,0.0,0.04255177271800708,0.009392808131914069,0.06584321866951418,0.0,0.02614285392767607,0.009429506602491686,0.05673569695734277,0.0,0.09143169391803657,0.02269427878293711,0.10193927654053661,0.0,0.0,0.0,0.09935657022117587,0.0,0.0,0.09886625920261012,0.0,0.0,0.0,0.0,0.032341766816429404,0.0,0.0,0.0,0.0
2016-10-07,0.19539885934720413,0.0,0.005857191850330233,0.02390763132504891,0.0021926972911454185,0.08811011681082297,0.05030542221665542,0.0,0.052864448725984774,0.009739438669219266,0.0697581569290183,0.0,0.02390763132504891,0.0020993936148854353,0.07048593163464636,0.0,0.07080685731037892,0.02819437265385855,0.09003838080227361,0.0,0.0,0.0,0.08766457386782577,0.0,0.0,0.08813234800162369,0.0,0.0,0.0,0.0,0.03448822346809172,0.0060483241559371285,0.0,0.0,0.0
2016-10-14,0.19464477108817577,0.0,0.00821978229294441,0.024562250863307367,0.004855325756790846,0.08805904638589838,0.040491466724810674,0.0,0.05139961906211822,0.009560315431110068,0.07772819032883237,0.0,0.024562250863307367,0.008801522629098868,0.06853282541615763,0.0,0.07217399158907446,0.027413130166463053,0.08817204865992322,0.0,0.0,0.0006809410978171187,0.08031465810034008,0.0,0.0,0.08908620532151296,0.0,0.0,0.0,0.0,0.04074165822231682,0.0,0.0,0.0,0.0
2016-10-21,0.19198252352303036,0.0,0.0,0.024056099484076235,0.0,0.08778317456923816,0.051095350876414494,0.0,0.0500651383307479,0.00891427016515911,0.06811821683970906,0.0,0.024056099484076235,0.03164481867065908,0.06675351777433054,0.0,0.06488496458969935,0.026701407109732216,0.08972801444520981,0.0,0.0,0.0,0.08082333503869944,0.0,0.0,0.08391361905509098,0.0,0.0,0.0,0.0,0.049479450044126565,0.0,0.0,0.0,0.0
2016-10-28,0.20280634456777588,0.0,0.007853757616293918,0.0261798457077081,0.003752494193785558,0.10794557054313954,0.08210109464713708,0.0,0.04497250231145705,0.008401033348732784,0.10050960404709502,0.0,0.0261798457077081,0.00581122161134036,0.05996333641527607,0.0,0.06466897736874543,0.02398533456611043,0.08755280100731987,0.0,0.0,0.0,0.05237723806491834,0.0,0.0,0.04024076205780417,0.0,0.0,0.0,0.0,0.05469823621765188,0.0,0.0,0.0,0.0
2016-11-04,0.24479228096533578,0.0,0.0,0.026105522262620258,0.0048544306143678976,0.11097973599307087,0.0849424149087987,0.0,0.04712624653088559,0.008188791373222886,0.08707962105836729,0.0,0.026105522262620258,0.009621113185904773,0.06283499537451412,0.0,0.04828310458522664,0.02513399814980565,0.09307261327039953,0.0,0.0,0.0,0.04624612551836568,0.0,0.0,0.036599384959094615,0.0,0.0,0.0,0.0,0.038034098987398915,0.0,0.0,0.0,0.0
2016-11-11,0.2735614667395301,0.0,0.002169034640388503,0.020320579544613946,0.004283803335877149,0.10957530022555281,0.07851626547782628,0.0,0.060538146978299595,0.0034481506998428474,0.08087920607719418,0.0,0.024139395871689853,0.0054499523083469305,0.08071752930439946,0.0,0.05181772962814498,0.03228701172175979,0.08525498528054021,0.0,0.0,0.0008035413147434329,0.03910222470030095,0.0,0.0,0.028815295975689333,0.0,0.0,0.0,0.0,0.018320380175259148,0.0,0.0,0.0,0.0
2016-11-18,0.2503047521913624,0.0,0.0,0.021301582354096592,0.004920299129201577,0.11307541848833041,0.08408462987934714,0.0,0.05472808830487661,0.00390517145475654,0.0757552749907385,0.0,0.0256631145330927,0.009370206151943866,0.07297078440650215,0.0,0.05442064363149424,0.02918831376260086,0.09135528030703609,0.0,0.0,0.0,0.041779407215538945,0.0,0.0,0.027790746526222276,0.0,0.0,0.0021585779909108296,0.0,0.03722770868194772,0.0,0.0,0.0,0.0
2016-11-25,0.26899158918226757,0.0,0.0,0.0,0.004722645233117577,0.08869508245395244,0.11764852601355881,0.0,0.06167250526661527,0.0031659159018548864,0.07307785077974444,0.0,0.04368136822736367,0.009079750019186114,0.08223000702215369,0.0,0.06731714638555118,0.032892002808861474,0.043914810830639826,0.0,0.0,0.0,0.0,0.0,0.0,0.06579391428299115,0.0,0.0,0.0017344016901729249,0.0,0.035382483901968596,0.0,0.0,0.0,0.0
2016-12-02,0.2685661475464324,0.0,0.0,0.0,0.00822644381522503,0.09284329385132659,0.1187475565310478,0.0,0.06117741874590376,0.0,0.06412794070699898,0.0,0.04370028481649452,0.018092048404526127,0.08156989166120501,0.0,0.07100715108303221,0.032627956664482004,0.04496922224127793,0.0,0.0,0.0,0.0,0.0,0.0,0.06671278172581126,0.0,0.0,0.0018807505072185723,0.0,0.025751111699017552,0.0,0.0,0.0,0.0
2016-12-09,0.27957508946911425,0.0,0.0,0.0,0.004418644241706536,0.09306637458651404,0.11457573872740466,0.0,0.06495346302450125,0.0,0.07637161291752817,0.0,0.03983841308332334,0.004074662123691191,0.08660461736600167,0.0,0.0621655979019354,0.03464184694640067,0.042865094473191284,0.0,0.0,0.0,0.0,0.0,0.0,0.06273809216446652,0.0,0.0,0.0034957534395726286,0.0,0.030614999534648107,0.0,0.0,0.0,0.0
2016-12-16,0.2125030455569188,0.0,0.0,0.0,0.007197518957666027,0.07572635830175398,0.11319086200859493,0.0,0.05298759244316599,0.00797001120609107,0.04144806745725691,0.0,0.04730994470978703,0.03823127578720821,0.07065012325755465,0.0,0.11998948790288547,0.02826004930302186,0.03276249419694892,0.0,0.0,0.0,0.0,0.0,0.009698024969931298,0.06894014756699393,0.0,0.0,0.02496888157083029,0.0,0.048166114803390225,0.0,0.0,0.0,0.0
2016-12-23,0.23190648272700265,0.0,0.0,0.0,0.006391669443538078,0.07728668653650232,0.11088262923084069,0.0,0.0522789182082166,0.007879500615982376,0.04155080172773376,0.0,0.04999967597213904,0.035478898289457925,0.06970522427762213,0.0,0.1134407696107484,0.027882089711048854,0.04526974167770102,0.0,0.0,0.0,0.0,0.0,0.012144814845745002,0.06670766781960452,0.0,0.0,0.011682257463629143,0.0,0.03951217184248712,0.0,0.0,0.0,0.0
2016-12-30,0.12309215112492165,0.0,0.0,0.05671176728100131,0.0017603265841292148,0.05816848566587391,0.14567874566220124,0.0,0.03291903534930498,0.008957517614522464,0.05681497705539132,0.0,0.08439679919101792,0.059765054985673,0.043892047132406645,0.0,0.13600610740045366,0.017556818852962657,0.0,0.0,0.0,0.0,0.0,0.0,0.012263652046316055,0.06350083510672044,0.0,0.0,0.03508575008029262,0.0,0.06342992886681047,0.0,0.0,0.0,0.0
2017-01-06,0.16410430786410746,0.0,0.0,0.048879008373403386,0.005774394495387336,0.058975066055191566,0.12945219143723902,0.0,0.04572577500618658,0.008100543292673797,0.05096949633624355,0.0,0.07866283006832445,0.040144465195566414,0.060967700008248776,0.0,0.1262676477305648,0.024387080003299512,0.0,0.0,0.0,0.0,0.0,0.0,0.01266159578338549,0.05788762353742481,0.0,0.0,0.03444082071335928,0.0,0.052599454099393275,0.0,0.0,0.0,0.0
2017-01-13,0.10773663691589035,0.0,0.0,0.05293857279593564,0.007814743367703112,0.05786859277964627,0.13751157890026194,0.0,0.026404435687341635,0.010301417477604368,0.059783091775252775,0.0,0.09289573250023846,0.022033076208643018,0.03520591424978885,0.0,0.20324488633589,0.01408236569991554,0.0,0.0,0.0,0.0011498940110094226,0.0,0.0,0.028771395261155394,0.07579933841560482,0.0,0.0,0.04128660954578433,0.0,0.0251717180723336,0.0,0.0,0.0,0.0
2017-01-20,0.20021193287784672,0.0,0.0,0.041167149350306215,0.003733136232475166,0.06044611100512054,0.10480005640155102,0.0,0.05939130179833231,0.009813467199333965,0.04567475045703926,0.0,0.06833187643786774,0.02108475426785461,0.07918840239777641,0.0,0.15912753094070015,0.03167536095911057,0.0,0.0,0.0,0.001102338090707354,0.0,0.0,0.02285264126876329,0.0512891886242947,0.0,0.0,0.02352013163602426,0.0,0.016589870054895258,0.0,0.0,0.0,0.0
2017-01-27,0.18695214616757133,0.0,0.0,0.03026433852073178,0.00412050943674904,0.02467659141642286,0.08253455286567984,0.0,0.047833304509810964,0.03530720343282178,0.026775557585601163,0.0,0.0936779526890123,0.018159010593706136,0.06377773934641462,0.0,0.2112662887222976,0.02551109573856585,0.01163214502347615,0.0,0.0,0.0,0.03026433852073178,0.0,0.027630921333870566,0.051723708071388305,0.0,0.0,0.016320254487416072,0.0,0.011572341537731179,0.0,0.0,0.0,0.0
2017-02-03,0.1945918395251575,0.0,0.0,0.029974019242125234,0.0017681961087906222,0.02576352346695144,0.08579910885978854,0.0,0.05139753026975068,0.03292799796423586,0.025672324051992903,0.0,0.09357585251308462,0.015177863480152416,0.06853004035966757,0.0,0.1996678304051815,0.02741201614386703,0.01108191487004984,0.0,0.0,0.0,0.03065566175662162,0.0,0.029356121113864504,0.050375779774991324,0.0,0.0,0.016831751042590923,0.0,0.009440629051135387,0.0,0.0,0.0,0.0
2017-02-10,0.16320013952238802,0.0,0.0,0.03615177757199791,0.0036920903890111448,0.021100169876663185,0.0780521851645108,0.0,0.036999955096630704,0.03550357916278403,0.028800705130219734,0.0,0.10111420431436344,0.07432965022574789,0.049333273462174275,0.0,0.1884880012776085,0.019733309384869713,0.012834448999612336,0.0,0.0,0.002240725804170841,0.03615177757199791,0.0,0.02490852721222347,0.05782482306220271,0.0,0.0,0.017605499972482667,0.0,0.011935156798340152,0.0,0.0,0.0,0.0
2017-02-17,0.18594055306871496,0.0,0.0,0.03171103086769625,0.005379474011086803,0.02466284633258839,0.07728380578440805,0.0,0.04778430854532076,0.033629865897443614,0.02751268512921152,0.0,0.09597861189564771,0.02102542818076335,0.063712411393761,0.0,0.20935131223381237,0.025484964557504406,0.00961812318438187,0.0,0.0,0.0010880902474141522,0.03171103086769625,0.0,0.031232242731354186,0.054825670488101684,0.0,0.0,0.01190697282834237,0.0,0.01016057175474971,0.0,0.0,0.0,0.0
2017-02-24,0.20028746277397128,0.0,0.0,0.03165703449787379,0.0028747610798722824,0.025422572299559347,0.07013357554587005,0.0,0.050034673621500395,0.027584898011682218,0.025300541396760606,0.0,0.08851368404297802,0.03160504117053224,0.06671289816200053,0.0,0.18194166097491052,0.026685159264800213,0.0,0.0,0.0,0.011161196808134542,0.03165703449787379,0.0,0.03129173170220302,0.05463269569409991,0.0,0.0,0.023208835549947467,0.0,0.019294542905429292,0.0,0.0,0.0,0.0
2017-03-03,0.19609975033367033,0.0,0.0,0.03591602974248088,0.002967717341468851,0.022106365456932862,0.0759635449445419,0.0,0.039472247631930725,0.029156932918803682,0.027633987370068835,0.0,0.09096011717864097,0.024774987591000996,0.05262966350924096,0.0,0.19546140041322382,0.02105186540369639,0.012609507890662102,0.0,0.0,0.011283351339431744,0.03591602974248088,0.0,0.03238835516029499,0.0653000062838237,0.0,0.0,0.014095685382314153,0.0,0.014212454365290825,0.0,0.0,0.0,0.0
2017-03-10,0.19114565397363187,0.0,0.0,0.03185440242288133,0.003809748268537307,0.026975265370589332,0.0706556890802769,0.0,0.040258899764749466,0.029824288733476936,0.02912676826243351,0.0,0.08975038470945382,0.024747251010847127,0.05367853301966595,0.0,0.184806409415466,0.021471413207866382,0.01822132275376607,0.0,0.0,0.012165308303254536,0.03185440242288133,0.0,0.05793343606011074,0.061079444799149035,0.0,0.0,0.008990413278763352,0.0,0.011650965142198483,0.0,0.0,0.0,0.0
2017-03-17,0.22216770127149982,0.0,0.0,0.032832187468919354,0.0033371389686669573,0.030290001765634476,0.06269856218429315,0.0,0.040067618320214486,0.0269352562620324,0.026952040438872053,0.0,0.08711987337258698,0.0634406921133089,0.05342349109361931,0.0,0.13001302505121612,0.021369396437447726,0.021370183862333324,0.0,0.0,0.013236329442807226,0.03186194993824202,0.0,0.02293328939168395,0.0608773099489195,0.0,0.0,0.008121087322569434,0.0,0.0409528653451323,0.0,0.0,0.0,0.0
2017-03-24,0.24323958767227286,0.0,0.0,0.03010383562430597,0.0047293928563634435,0.033217776446422806,0.05581766222823487,0.0,0.0519548486619978,0.02452924528324542,0.024865415795195283,0.0,0.07527631876377472,0.05536142532226178,0.0692731315493304,0.0,0.12428507899670982,0.02770925261973216,0.018959715813558937,0.0,0.0,0.014326759746572243,0.027085715609480816,0.0,0.022811008410093352,0.05456209378245395,0.0,0.0,0.0063242506369469405,0.0,0.035567484181045814,0.0,0.0,0.0,0.0
2017-03-31,0.24033708956204133,0.0,0.0,0.0435538919843374,0.02123836082227893,0.027784141150102866,0.06992052768266792,0.0,0.05369637839150427,0.02475349649479443,0.023917454381517208,0.0,0.04888656977144758,0.059788909920773216,0.07159517118867237,0.0,0.12652589023658692,0.028638068475468948,0.010249065616200953,0.0,0.0,0.012229118410863013,0.0,0.0,0.021419985089975054,0.07998681631853996,0.0,0.0,0.0,0.0,0.03547906450222718,0.0,0.0,0.0,0.0
2017-04-07,0.23201132851016096,0.0,0.0,0.04381641372402154,0.02151721701139662,0.028871782047213725,0.06850865861256733,0.0,0.058457977697479215,0.023326649352644273,0.022589258636095823,0.0,0.04736453161544591,0.06226359562950032,0.07794397026330563,0.0,0.1351743049018202,0.03117758810532225,0.0,0.0,0.0,0.013647117461544891,0.0,0.0,0.024144946953964155,0.06714844729974637,0.0,0.0,0.0,0.0,0.04203621217777042,0.0,0.0,0.0,0.0
2017-04-14,0.23407756723027684,0.0,0.0,0.0421430114257414,0.018804520077420697,0.02947703068615018,0.06488924843955621,0.0,0.06065035980288014,0.021284210979029838,0.022629945400694768,0.0,0.045467320151614546,0.06625065232774134,0.08086714640384018,0.0,0.13171694866734013,0.03234685856153608,0.0,0.0,0.0,0.014987696097908862,0.0,0.0,0.02820417242708878,0.0622020642411641,0.0,0.0,0.0,0.0,0.044001247080015495,0.0,0.0,0.0,0.0
2017-04-21,0.21750305371736414,0.0,0.0,0.05419804105788189,0.01938593494751112,0.028981532536661792,0.07702531759134722,0.0,0.048941800057926386,0.024788154811117097,0.024227948641489395,0.0,0.049027777411964,0.05591779039039323,0.06525573341056852,0.0,0.13733786356274813,0.026102293364227407,0.016762693328969187,0.0,0.0,0.01555535254498758,0.0,0.0,0.025849871888854674,0.074639056042807,0.0,0.0,0.0,0.0,0.038499784693180814,0.0,0.0,0.0,0.0
2017-04-28,0.1831657941619677,0.0,0.013171902691793656,0.06615289943960181,0.020133445584160633,0.057300032284303956,0.06365023736848292,0.0,0.042591964395541144,0.003940377752040877,0.018088156159063836,0.0,0.009569942308685988,0.08226516833636291,0.056789285860721524,0.0,0.13255225098757856,0.022715714344288613,0.0,0.0,0.0,0.03347422526810103,0.034245429768537394,0.0,0.039046333732672266,0.06308503242816939,0.0,0.0,0.0,0.0,0.058061807127925226,0.0,0.0,0.0,0.0
2017-05-05,0.20133022885000446,0.0,0.005387676887446537,0.06753457824164387,0.019155610953802065,0.05846096774631502,0.06598948137890492,0.0,0.04375094051732141,0.006569446902679129,0.017404906518608806,0.0,0.010090239065933853,0.07372533295107407,0.05833458735642855,0.0,0.13446804528354278,0.023333834942571418,0.009833794300389718,0.0,0.0,0.0339657981550501,0.03520098727599331,0.0,0.03403385135102971,0.06104803701665648,0.0,0.0,0.0,0.0,0.04038165430460324,0.0,0.0,0.0,0.0
2017-05-12,0.22220366525464685,0.0,0.0,0.06364895121876375,0.016876076059777992,0.05841135892903154,0.061555008966211265,0.0,0.05215541339011055,0.00785712547855531,0.015620999139596473,0.0,0.009742990244495493,0.06589961028210467,0.06954055118681407,0.0,0.13153526069220317,0.02781622047472563,0.008400316761652142,0.0,0.0,0.030771590919215497,0.03242431819852052,0.0,0.030908885928438053,0.05940704194844977,0.0,0.0,0.0,0.0,0.035224614926686854,0.0,0.0,0.0,0.0
2017-05-19,0.1782762779149814,0.0,0.010093745561127772,0.07177825256282458,0.019203102702654823,0.0587499947823656,0.07096606759895611,0.0,0.03300593366145172,0.0020379268627649786,0.0211047220886226,0.0,0.009217480264646534,0.08241390475371099,0.0440079115486023,0.0,0.1364152406044703,0.01760316461944092,0.011750567618657635,0.0,0.0,0.03635792269255314,0.038578651604303286,0.0,0.04127623527691873,0.06893752832357995,0.0,0.0,0.0,0.0,0.04822536895736594,0.0,0.0,0.0,0.0
2017-05-26,0.18951339405550754,0.0,0.010503652594063611,0.0825887772285525,0.0,0.06510393102078638,0.07197480849594118,0.0,0.037984748432558876,0.0029368056965576278,0.030035870617393736,0.0,0.0,0.09676634415156808,0.050646331243411835,0.0,0.11917553811886195,0.020258532497364735,0.011488863234136176,0.0,0.0,0.0359526224503642,0.0004989100896320634,0.0,0.03728016098346293,0.09242491208144878,0.0,0.0,0.0,0.0,0.04486579700838742,0.0,0.0,0.0,0.0
2017-06-02,0.15166899782636808,0.0,0.017303656296337486,0.09027579670364562,0.0005304971107633453,0.06672083718564568,0.07740082624210587,0.0,0.031030588318646572,0.0021357543255936134,0.03188862958117333,0.0,0.0,0.11136916045257582,0.04137411775819543,0.0,0.11005076208482922,0.01654964710327817,0.0,0.0,0.0,0.050209726676126075,0.0,0.0,0.049474673160708166,0.09740059919112194,0.0,0.0,0.0,0.0,0.05461572998288535,0.0,0.0,0.0,0.0
2017-06-09,0.1455336808680951,0.0,0.014970620438698581,0.09292279852956961,0.0019440443335266326,0.06877344552555995,0.08021399218238796,0.0,0.027493957566726266,0.002800397236012658,0.03273659420609614,0.0,0.0,0.11094218576752246,0.036658610088968355,0.0,0.1113865024362965,0.014663444035587343,0.0,0.0,0.0,0.05141713699141625,0.0,0.0,0.053860834594228094,0.09721953728575194,0.0,0.0,0.0,0.0,0.05646221791355559,0.0,0.0,0.0,0.0
2017-06-16,0.1521484163428489,0.0,0.018898218156700675,0.09090002340031207,0.0005193818886516115,0.06955386816844653,0.08035147571760382,0.0,0.027878990395683142,0.0018927004726490846,0.03271424858621058,0.0,0.0,0.045451843494828885,0.037171987194244194,0.0,0.14529396068321315,0.014868794877697678,0.0,0.0,0.0,0.05821232008952616,0.0,0.0,0.09468097806059395,0.09902369637549599,0.0,0.0,0.0,0.0,0.01619483372438099,0.0,0.0,0.014244262370911972,0.0
2017-06-23,0.14504365385457807,0.0,0.019902747301011225,0.0923849245141849,0.0029862208333520236,0.069457494142177,0.08134983667203688,0.0,0.025434453373067573,0.00090673422978411,0.03328177112105507,0.0,0.0,0.04750104067870761,0.03391260449742343,0.0,0.13784308442409682,0.013565041798969373,0.0,0.0,0.0,0.06074076527482433,0.0,0.0,0.08222607005114552,0.09970214386235299,0.0,0.0,0.0,0.0,0.014896160174325735,0.02135053959988128,0.0,0.017514713597025475,0.0
2017-06-30,0.16112242112255026,0.0,0.008175700052435314,0.09962815294755689,0.0006564826294458955,0.052873677482377555,0.04330120124748672,0.0,0.0349042184476312,0.001153321311694231,0.03173851686629674,0.0,0.0,0.04407001903334149,0.04653895793017493,0.0,0.12845630676645553,0.018615583172069974,0.041868503909097826,0.0,0.0,0.06369028779283017,0.03224547575879734,0.0,0.08516773040289047,0.08565216250481963,0.0,0.0,0.0,0.0,0.00960688765641192,0.010534392965635315,0.0,0.0,0.0
2017-07-07,0.1760920851229076,0.0,0.012784852734455685,0.09648093899405673,0.005859698708048548,0.05219435885380253,0.04112358093670976,0.0,0.0418385858811852,0.001035695879473025,0.02946971695439342,0.0,0.0,0.042155109606737864,0.055784781174913596,0.0,0.1250327910936107,0.02231391246996544,0.039973004233747715,0.0,0.0,0.06126664814070758,0.029496402174310408,0.0,0.07353581686533639,0.08035191269676806,0.0,0.0,0.0,0.0,0.008051709645961568,0.00515839783290771,0.0,0.0,0.0
2017-07-14,0.15980034383235167,0.0,0.013080040891812496,0.10093030165786486,0.0028282708873429547,0.05216648207441747,0.04280021457175913,0.0,0.03517217626085783,0.004525096479136072,0.030868306803642984,0.0,0.0,0.044884749403491415,0.04689623501447711,0.0,0.13155490381471405,0.018758494005790844,0.042789914547794995,0.0,0.0,0.06449918882102973,0.03146167285424735,0.0,0.07931506958663098,0.08437230838328251,0.0,0.0,0.0,0.0,0.009808789109017342,0.0034874410003374852,0.0,0.0,0.0
2017-07-21,0.13737281006239532,0.0,0.018032143164532402,0.10591881590345188,0.0017340933307378507,0.04980162759467674,0.041570925131936845,0.0,0.03502946378609797,0.0028507125528536626,0.03167158910921357,0.0,0.0,0.05562924565898156,0.04670595171479729,0.0,0.13708817095754827,0.018682380685918917,0.029369034650850757,0.0,0.0,0.06728364230708585,0.029369034650850757,0.0,0.08462164283507279,0.08324880853694347,0.0,0.0,0.0,0.0,0.018301076700628062,0.00571883066542535,0.0,0.0,0.0
2017-07-28,0.16044703018834103,0.0,0.010211160672369471,0.10438345473403947,0.028182428113758762,0.0486037021061148,0.03966884040893985,0.0,0.03782131278336284,0.0046488101764790716,0.030745767065579518,0.0,0.0,0.04691904477459738,0.05042841704448379,0.0,0.13985756788283038,0.020171366817793517,0.03766967033451591,0.0,0.0,0.06299480951207866,0.02746725876682304,0.0,0.07790729559091289,0.062242853559746986,0.0,0.0,0.0,0.0,0.009629209467232166,0.0,0.0,0.0,0.0
2017-08-04,0.14488980994074302,0.0,0.020708280600116036,0.11903563379846147,0.025922404137945013,0.0474946104128169,0.037654028773615615,0.0,0.038542601613737744,0.0058519049876823844,0.03040177501661734,0.0,0.0,0.04786765816624185,0.051390135484983654,0.0,0.13106473695229492,0.020556054193993464,0.025966526487485382,0.0,0.0,0.06456311009748807,0.025966526487485382,0.0,0.08005301349341762,0.06346818511542794,0.0,0.0,0.0,0.0,0.01540343154850891,0.003199572690936725,0.0,0.0,0.0
2017-08-11,0.14473928500519043,0.0,0.018864018486604413,0.11720999481494108,0.02618214548985781,0.04915447678012186,0.03943253606184974,0.0,0.038053522208222335,0.00807599369869416,0.02922534653420681,0.0,0.0,0.0519946887377029,0.05073802961096311,0.0,0.13208415998539208,0.020295211844385246,0.02776858435263006,0.0,0.0,0.0622614062829909,0.02776858435263006,0.0,0.07284941109645754,0.06525417540583286,0.0,0.0,0.0,0.0,0.018048429251325934,0.0,0.0,0.0,0.0
2017-08-18,0.1429943693220242,0.0,0.0064367735262571895,0.10914821018673823,0.027298363810827682,0.054370485936384785,0.04192519245848956,0.0,0.03279250931253713,0.003080170002802493,0.032063093622805086,0.0,0.0,0.04283036116842512,0.04372334575004951,0.0,0.15158633242076205,0.017489338300019804,0.044750013057593505,0.0,0.0,0.06055007795127643,0.02958824841280689,0.0,0.0768913700600733,0.07150680448813343,0.0,0.0,0.005095348808790547,0.0,0.005879591403202357,0.0,0.0,0.0,0.0
2017-08-25,0.15998659598698592,0.0,0.006204247797066673,0.10239799662059092,0.0016189714700726044,0.05678698001196488,0.044841388851225655,0.0,0.02516641902734504,0.001935740962556183,0.03339705087636425,0.0,0.0,0.03521541346957644,0.033555225369793384,0.0,0.18299828620198857,0.013422090147917353,0.04914334424468507,0.0,0.0,0.05374265266386791,0.033791255809276485,0.0,0.0840681743877252,0.07652798746152503,0.0,0.0,0.0,0.0,0.00520017863947175,0.0,0.0,0.0,0.0
2017-09-01,0.167881629868777,0.0,0.010711499328599106,0.1142916414292874,0.0035758927463755085,0.05126970570850177,0.04195445229499197,0.0,0.033920104172486865,0.0005345490966373319,0.032765703928049617,0.0,0.0,0.02554327837890783,0.04522680556331582,0.0,0.16047815824518405,0.01809072222532633,0.03124875960531316,0.0,0.0,0.05621532981037204,0.03124875960531316,0.0,0.08700734587059977,0.0811073606629207,0.0,0.0,0.0,0.0,0.006928301459039981,0.0,0.0,0.0,0.0
2017-09-08,0.13415002697865333,0.0,0.020854285883543683,0.10499107284722647,0.0036701332344374156,0.05306154097251775,0.04724015530762753,0.0,0.020437264355874687,0.0005654938617001412,0.03370480273642994,0.0,0.0,0.03995276651728848,0.027249685807832918,0.0,0.18056637072074735,0.010899874323133168,0.03704297906099406,0.0,0.0,0.05963150343293953,0.03704297906099406,0.0,0.07899881326786401,0.094723355700717,0.0,0.0,0.0,0.0,0.015216895929477978,0.0,0.0,0.0,0.0
2017-09-15,0.154340657289744,0.0,0.02013657610261114,0.11621308569542524,0.0029385278770748006,0.0522463984688403,0.04336185177705816,0.0,0.027549954642671733,0.0,0.03169637432917177,0.0,0.0,0.038543605349549724,0.03673327285689565,0.0,0.15464455644316194,0.01469330914275826,0.03343597636064796,0.0,0.0,0.05703296070079468,0.03343597636064796,0.0,0.0761819990797959,0.09314012387166846,0.0,0.0,0.0,0.0,0.013674793651481892,0.0,0.0,0.0,0.0
2017-09-22,0.1669108429472997,0.0,0.021549237809622188,0.11262456739199464,0.004860071968802588,0.05233047405889837,0.04159729142214946,0.0,0.03347490587229175,0.0,0.02909578199045986,0.0,0.0,0.042167810864329636,0.044633207829722334,0.0,0.14636498637614584,0.017853283131888935,0.03129107280071794,0.0,0.0,0.054868626011861904,0.03129107280071794,0.0,0.06095911070680801,0.09062175363124671,0.0,0.0,0.0,0.0,0.01750590238504183,0.0,0.0,0.0,0.0
2017-09-29,0.1600505668653187,0.0,0.012134930881273914,0.11578684234308795,0.0033133997489168446,0.04500108798626283,0.03554935915022173,0.0,0.03755341943605889,0.0,0.030376786220180793,0.0,0.02383376545866047,0.03945407776440722,0.050071225914745186,0.0,0.15199770977101593,0.020028490365898075,0.03419539243913078,0.0,0.0,0.0644649304046109,0.02383376545866047,0.0,0.0623353452053831,0.08031829083927737,0.0,0.0,0.0,0.0,0.009700613746888371,0.0,0.0,0.0,0.0
2017-10-06,0.15238569627516893,0.0,0.006760716159004726,0.1043175665256993,0.001871705403115517,0.04947233190751392,0.03846609658617683,0.0,0.035848012644456306,0.0,0.030736057507559995,0.0,0.02688383643541198,0.040961260971002666,0.04779735019260841,0.0,0.14950072946269477,0.019118940077043366,0.03407722761932426,0.0,0.0,0.0634305022197637,0.02688383643541198,0.0,0.044087513884774554,0.07855023923149504,0.0,0.0,0.0,0.0,0.048850380461773285,0.0,0.0,0.0,0.0
2017-10-13,0.1487558021934047,0.0,0.007815552634800504,0.11555293448375795,0.0050019002086697266,0.05047587008693695,0.037362338230614536,0.0,0.03496321555711332,0.0,0.03257410973873305,0.0,0.025860717531338354,0.03920537985094743,0.04661762074281776,0.0,0.14896163047835387,0.018647048297127104,0.03402383321057531,0.0,0.0,0.06351603408437903,0.025860717531338354,0.0,0.08117847802000663,0.07543266612296169,0.0,0.0,0.0,0.0,0.008194150996123094,0.0,0.0,0.0,0.0
2017-10-20,0.16684508740631304,0.0,0.007933785754202973,0.09830055677553193,0.0036809133562122663,0.04466160621842283,0.0340348315456499,0.0,0.041769497865231056,0.0015367576197814967,0.031097011386390934,0.0,0.022065410893030088,0.07850456726829633,0.055692663820308075,0.0,0.12409232694599061,0.02227706552812323,0.029800134849473123,0.0,0.0,0.06317426989248967,0.022065410893030088,0.0,0.0367779510656184,0.07398331464045411,0.0,0.0,0.0,0.0,0.04170683627544948,0.0,0.0,0.0,0.0
2017-10-27,0.1791218060920312,0.0,0.005096237758126939,0.09505552976034734,0.002594627169693975,0.08187144669893033,0.03642167529939916,0.0,0.03248529068473367,0.001481112011427726,0.03242793474379341,0.0,0.024866421967751694,0.04027730968896726,0.043313720912978235,0.0,0.1068101171333785,0.017325488365191294,0.039373960488830184,0.0,0.0,0.05467860211849754,0.024866421967751694,0.0,0.04067624522581732,0.0925008634726345,0.0,0.0,0.0,0.0,0.048755188439717406,0.0,0.0,0.0,0.0
2017-11-03,0.14555625597882318,0.0,0.003677650803506417,0.0912008853686692,0.0016054938095700036,0.08398669626167901,0.03942382172008516,0.0,0.020386173481482056,0.006699326255436896,0.03663725578478507,0.0,0.028561576014050377,0.007468493520216609,0.027181564641976075,0.0,0.134406115969879,0.01087262585679043,0.04389147137417801,0.0,0.0,0.05781177266854931,0.028561576014050377,0.0,0.07002492783909546,0.09412574516089212,0.0,0.0,0.0,0.0,0.06792057147628458,0.0,0.0,0.0,0.0
2017-11-10,0.18653136889724495,0.0,0.008729982035037907,0.07399884741555407,0.0009176113371916878,0.07383741870800963,0.03392468343485844,0.0,0.033581896702023696,0.008198724010011755,0.03388174502364839,0.0,0.022956388817072168,0.015740952272656997,0.044775862269364926,0.0,0.12588585148722956,0.01791034490774597,0.03285052845602955,0.0,0.0,0.054045970707734384,0.022956388817072168,0.0,0.0665314788460645,0.08093656618535289,0.0,0.0,0.0,0.0,0.06180738967009569,0.0,0.0,0.0,0.0
2017-11-17,0.21858105954519008,0.0,0.005218541799112207,0.08781762833963216,0.00364543326583655,0.08080879550579338,0.03232010682376379,0.0,0.039523697579598616,0.003624399097602101,0.03162454916100757,0.0,0.02121246603548588,0.031624945329501115,0.05269826343946482,0.0,0.09378040154712472,0.02107930537578593,0.03614552442699021,0.0,0.0,0.05459085313252597,0.021875223329890798,0.0,0.04143036520122872,0.08239743147779656,0.0,0.0,0.0,0.0,0.04000100958666833,0.0,0.0,0.0,0.0
2017-11-24,0.20032092962557863,0.0,0.006930095043932432,0.10448027406025287,0.0029946431268121293,0.05202705918776068,0.035052285582537215,0.0,0.029610657186913757,0.005156496625060734,0.051843852489595166,0.0,0.02529745148298534,0.03775650977680171,0.03948087624921834,0.0,0.09874242468637003,0.015792350499687337,0.0444577309521844,0.0,0.0,0.05355269811783419,0.02529745148298534,0.0,0.04300173060698961,0.08773994283574145,0.0,0.0,0.0,0.0,0.040464540380758154,0.0,0.0,0.0,0.0
2017-12-01,0.25160133151213054,0.0,0.003432968733338968,0.10216690768709455,0.008458766140228648,0.05551128978322616,0.03028447349432494,0.0,0.035598087458309315,0.003002742869276134,0.07259625612905675,0.0,0.020781239205836483,0.010378046178602234,0.047464116611079084,0.0,0.08116603865405272,0.018985646644431635,0.04113432179432169,0.0,0.0,0.06321125746958386,0.020781239205836483,0.0,0.028591069702904995,0.07776456442968896,0.0,0.0,0.0,0.0,0.0270896362966752,0.0,0.0,0.0,0.0
2017-12-08,0.1970745794981043,0.0,0.0,0.0920719559347591,0.008393194367844057,0.05428059926812502,0.035052593575306865,0.0,0.026770453822086288,0.0025427371941982636,0.07303092500664424,0.0,0.025327722281811568,0.0625492130336298,0.03569393842944838,0.0,0.09875087589175172,0.014277575371779355,0.04644055988931933,0.0,0.0,0.05700361964327268,0.025327722281811568,0.0,0.04867762131457188,0.08264992116663832,0.0,0.0,0.0044889381927577425,0.0,0.009595253836138956,0.0,0.0,0.0,0.0
2017-12-15,0.24974810133264344,0.0,0.0027505789382148804,0.08382050036295446,0.00840284896393635,0.0552378492646688,0.029688411930791123,0.0,0.03528139841433839,0.0,0.06289585493560525,0.0,0.024441563161766256,0.05207535429829336,0.047041864552451185,0.0,0.07995161772932864,0.018816745820980474,0.04119998162758626,0.0,0.0,0.05916172880637476,0.02029903221923181,0.0,0.026786191876151604,0.07657465045067136,0.0,0.0,0.0,0.0,0.02582572531401091,0.0,0.0,0.0,0.0
2017-12-22,0.28923593735004394,0.0,0.0,0.07631620973320445,0.008791894130781904,0.051789795410293035,0.021485398203861965,0.0,0.05833114668482279,0.0010002151970869779,0.0433893564972138,0.0,0.015306601000554754,0.04256407688471265,0.07777486224643038,0.0,0.08117787147459612,0.031109944898572155,0.035291245301515214,0.0,0.0,0.049121725376394865,0.012406465408210757,0.0,0.015473801424896867,0.06955206015301767,0.0,0.0,0.0,0.0,0.019881392623789233,0.0,0.0,0.0,0.0
2017-12-29,0.23575492516989227,0.0,0.008328518646931638,0.08075399907117763,0.008015873417465402,0.07159610587497006,0.029151222101935787,0.0,0.0382835873168134,0.0014415210910518666,0.02663081449690139,0.0,0.023352442759290843,0.06440091701068823,0.051044783089084535,0.0,0.09310434644814582,0.020417913235633814,0.04468541638051905,0.0,0.0,0.036492557192145815,0.019826756249191613,0.0,0.03398136453574644,0.07185383047885059,0.0,0.0,0.0,0.0,0.04088310543356312,0.0,0.0,0.0,0.0
2018-01-05,0.2786564713163323,0.0,0.00795541563831061,0.07783549325123124,0.011136119103170606,0.07590868113211388,0.02233271008726118,0.0,0.049961445275448255,0.0006262114168813554,0.02285630418700364,0.0,0.013481969952800977,0.05021278178586473,0.06661526036726434,0.0,0.09587492501140868,0.026646104146905738,0.03960424555576887,0.0,0.0,0.03536589269975032,0.013481969952800977,0.0,0.016779678199006883,0.07294645548385609,0.0,0.0,0.0,0.0,0.021721865436818803,0.0,0.0,0.0,0.0
2018-01-12,0.22528593474493536,0.0,0.010078935144302154,0.07937517839422197,0.011793142507871559,0.0692984299411346,0.03046402385923777,0.0,0.03689301918365272,0.0006690596659011105,0.04177712794298866,0.0,0.020592918481545125,0.026416096904624837,0.049190692244870285,0.0,0.1214027475906775,0.019676276897948118,0.04378684080759633,0.0,0.0,0.046040130445938084,0.020592918481545125,0.0,0.06017636674065333,0.07067432244859018,0.0,0.0,0.0,0.0,0.01581583757176469,0.0,0.0,0.0,0.0
2018-01-19,0.2256297016500447,0.0,0.0,0.08092313634673831,0.011622164155347428,0.08051851248468778,0.029826103698295792,0.0,0.03367951708449312,0.0026176066742437574,0.045374500114987906,0.0,0.020502272632997056,0.03893738173806466,0.044906022779324165,0.0,0.132827376953817,0.017962409111729666,0.0424301425224141,0.0,0.0,0.03640908115405557,0.020502272632997056,0.0,0.054271003291193456,0.0745476410612723,0.0,0.0,0.0,0.0,0.006513153913295672,0.0,0.0,0.0,0.0
2018-01-26,0.22295206722755512,0.0,0.0,0.05650110732751917,0.03727796292853716,0.061993765407984985,0.03753083847209699,0.0,0.03310560142768333,0.0014143149545174302,0.07220671541146918,0.0,0.027920879715025743,0.016588901141581267,0.044140801903577775,0.0,0.1362228229764457,0.017656320761431112,0.05757191841250871,0.0,0.0,0.05735947156977998,0.0,0.0,0.05315938599016337,0.05723021770003165,0.0,0.0,0.003375174341590621,0.0,0.005791732330500229,0.0,0.0,0.0,0.0
2018-02-02,0.2560456820218,0.0,0.0028014963389214748,0.05040459396157467,0.03267942615971053,0.06121035820736016,0.03400401932001838,0.0,0.0536841090308269,0.0,0.05936995316026404,0.0,0.026238802649177783,0.013354230472149698,0.07157881204110253,0.0,0.11829513625056576,0.028631524816441014,0.04701800492603822,0.0,0.0,0.04870772004726637,0.0,0.0,0.03883350121791564,0.05392780091909834,0.0,0.0,0.0,0.0,0.0032148284597679445,0.0,0.0,0.0,0.0
2018-02-09,0.29648725577968393,0.0,0.0,0.060433867212795575,0.03754588330469945,0.06443157148783744,0.02814501774408941,0.0,0.05829033589235201,0.0,0.06290584440608646,0.0,0.017011395647433453,0.010404615687264838,0.07772044785646935,0.0,0.07468705982025879,0.03108817914258774,0.05937375227268778,0.0,0.0,0.06131705487428379,0.0,0.0,0.013238338419929323,0.04691938045154029,0.0,0.0,0.0,0.0,0.0,0.0,0.0,0.0,0.0
2018-02-16,0.26982149327883265,0.0,0.0,0.041032836573781865,0.04779493710602453,0.07052463055043,0.030655690177380433,0.0,0.03890443978485288,0.002005133743246271,0.14540115246935587,0.0,0.01856677478408758,0.007145646793158571,0.05187258637980384,0.0,0.06921199898827038,0.02074903455192154,0.0778188822769723,0.0,0.0,0.04850289779353849,0.0,0.0,0.01238155355219855,0.04761031119614369,0.0,0.0,0.0,0.0,0.0,0.0,0.0,0.0,0.0
2018-02-23,0.4867013776312118,0.0,0.0,0.04002625687533924,0.003610775847979605,0.08997209626102762,0.020019750096973536,0.0,0.03871240687058381,0.0,0.06576388642150066,0.0,0.01652391318992681,0.0037752516619215435,0.05161654249411175,0.0,0.04258898649395484,0.020646616997644703,0.07242004294507101,0.0,0.0,0.019621852300004017,0.0,0.0,0.0,0.02800024391274851,0.0,0.0,0.0,0.0,0.0,0.0,0.0,0.0,0.0
2018-03-02,0.48921975713398663,0.0,0.0,0.037615251937897345,0.0029960760200012674,0.08604061050356757,0.018958198453599306,0.0,0.04499683701800248,0.0,0.06010913447995511,0.0,0.0157659228922323,0.004154335364123096,0.05999578269066997,0.0,0.044022242305254464,0.023998313076267992,0.06627625710770803,0.0,0.0,0.01858148491885335,0.0,0.0,0.0,0.027269796097880487,0.0,0.0,0.0,0.0,0.0,0.0,0.0,0.0,0.0
2018-03-09,0.48740864389254035,0.0,0.0,0.039001168944817005,0.0028315627300831096,0.08842696124055698,0.01934441559790444,0.0,0.04188841336147221,0.0,0.06339715323061466,0.0,0.016980884764991627,0.0033540616790193245,0.055851217815296283,0.0,0.042680477412298884,0.022340487126118514,0.0698033401675515,0.0,0.0,0.019639304872715632,0.0,0.0,0.0,0.027051907164018958,0.0,0.0,0.0,0.0,0.0,0.0,0.0,0.0,0.0
2018-03-16,0.4874659773025851,0.0,0.0,0.037124229483321364,0.0027382263944718144,0.08577058113095433,0.01878892098816385,0.0,0.046945060473854154,0.0,0.05998036537625502,0.0,0.017648907222935564,0.0037363597256718957,0.06259341396513887,0.0,0.043011595813631606,0.02503736558605555,0.06530948027633257,0.0,0.0,0.018367325172178164,0.0,0.0,0.0,0.025482191088449565,0.0,0.0,0.0,0.0,0.0,0.0,0.0,0.0,0.0
2018-03-23,0.4865749345612988,0.0,0.0,0.035618715980612205,0.002599722631824795,0.08468791294047545,0.017791352376999522,0.0,0.0512215644181791,0.0002824391252696955,0.05686995962904137,0.0,0.016765540915049115,0.0032220636964010937,0.0682954192242388,0.0,0.044172376128218206,0.027318167689695524,0.062401014752471916,0.0,0.0,0.017645319191925142,0.0,0.0,0.0,0.024533496738298775,0.0,0.0,0.0,0.0,0.0,0.0,0.0,0.0,0.0
2018-03-30,0.46694733429651947,0.0,0.0,0.010610069689489481,0.0015973297791898745,0.09184124859063969,0.0068034359433982936,0.0,0.04857493725379742,0.0008495066532741709,0.05313973779785273,0.0,0.0374297076860938,0.0031419244962978604,0.06476658300506323,0.0,0.049089125156481894,0.02590663320202529,0.0301036883074667,0.0,0.0,0.07871043676789752,0.0,0.0,0.0,0.030488301374512056,0.0,0.0,0.0,0.0,0.0,0.0,0.0,0.0,0.0
2018-04-06,0.46969510439876017,0.0,0.0,0.010041913044022919,0.001905728700139443,0.08908275504280377,0.0066452813118048435,0.0,0.052958848694500474,0.0008834355409121026,0.04978231817375051,0.0,0.03504550909145043,0.003796648865903712,0.07061179825933396,0.0,0.05043935468628264,0.02824471930373359,0.02795579508888877,0.0,0.0,0.07334037471520125,0.0,0.0,0.0,0.029570415082510966,0.0,0.0,0.0,0.0,0.0,0.0,0.0,0.0,0.0
2018-04-13,0.4698115278080608,0.0,0.0,0.009761840246869852,0.0015171790187552656,0.08766286388991762,0.006469070036723362,0.0,0.05621659704842105,0.001899404633201491,0.047046455558074865,0.0,0.03340698296390826,0.00408880994121245,0.07495546273122806,0.0,0.051153821212087586,0.029982185092491228,0.02699964734917273,0.0,0.0,0.07097698355729967,0.0,0.0,0.0,0.028051168912575294,0.0,0.0,0.0,0.0,0.0,0.0,0.0,0.0,0.0
2018-04-20,0.46907574733780893,0.0,0.0,0.01032762254002638,0.0015447295952604157,0.08851205652841507,0.008375768890464728,0.0,0.049997587509232465,0.0019304005071612838,0.049382768677806506,0.0,0.036293420290230916,0.004166991312349107,0.06666345001230996,0.0,0.051963228370136824,0.026665380004923984,0.02983702895006628,0.0,0.0,0.07452970473416501,0.0,0.0,0.0,0.03073411473964186,0.0,0.0,0.0,0.0,0.0,0.0,0.0,0.0,0.0
2018-04-27,0.4711258818441295,0.010905191954661381,0.0,0.019421837808576328,0.001007102604918886,0.08440661382973629,0.027696329469730586,0.0,0.0655479233641957,0.0006239926637847241,0.03822589613968054,0.0,0.06789474455086122,0.002134664072657524,0.08739723115226093,0.0,0.037548686242756146,0.034958892460904376,0.023483354446738373,0.0,0.0,0.006695932131755707,0.0,0.0,0.0,0.020925725262651414,0.0,0.0,0.0,0.0,0.0,0.0,0.0,0.0,0.0
2018-05-04,0.4731743601613495,0.011496313975677443,0.0,0.02008496848049699,0.002581909555331278,0.08319845588032848,0.02834829595936316,0.0,0.06156573032966616,0.0008872707323984789,0.043232006003380515,0.0,0.0700334838045591,0.0022645294812092646,0.08208764043955488,0.0,0.0363342929217835,0.032835056175821956,0.02419839313590054,0.0,0.0,0.006465304482999425,0.0,0.0,0.0,0.02121198848017888,0.0,0.0,0.0,0.0,0.0,0.0,0.0,0.0,0.0
2018-05-11,0.46816042810791425,0.011953533631426025,0.0,0.0197204742188967,0.0018728170708344368,0.09977400659481435,0.028831807352296304,0.0,0.05939684619697725,0.0009567504677794579,0.03650680082564804,0.0,0.07268978817300611,0.0017967410786834468,0.07919579492930301,0.0,0.03475814646850466,0.0316783179717212,0.025429513927110868,0.0,0.0,0.00557836881725266,0.0,0.0,0.0,0.021699864167830735,0.0,0.0,0.0,0.0,0.0,0.0,0.0,0.0,0.0
2018-05-18,0.46994340941939644,0.012135567271508153,0.0,0.021030746935672046,0.0018389016602395095,0.08435878801064818,0.030535362037107466,0.0,0.058172848666207165,0.002502240276584171,0.04362985490621078,0.0,0.07132878094595292,0.002108389590057242,0.07756379822160955,0.0,0.03544773810373504,0.031025519288643822,0.026339218710891697,0.0,0.0,0.009920239746758194,0.0,0.0,0.0,0.02211859620877723,0.0,0.0,0.0,0.0,0.0,0.0,0.0,0.0,0.0
2018-05-25,0.41808625183196635,0.0,0.0,0.02211744729139136,0.001904375072413164,0.08494736041548465,0.006811473125886575,0.0,0.06309683400814878,0.0021808829531992655,0.029289406869984366,0.0,0.105477567441412,0.0018741388700052072,0.08412911201086504,0.0,0.05680898929350897,0.03365164480434602,0.04920615437365186,0.0,0.0,0.006904431498381461,0.0,0.0,0.0,0.0335139301393545,0.0,0.0,0.0,0.0,0.0,0.0,0.0,0.0,0.0
2018-06-01,0.41801156082389807,0.0,0.0,0.022144402206866698,0.0018772961202360493,0.08530261287418402,0.006934660794251378,0.0,0.06235521311618871,0.0021199555248912374,0.02988037210968772,0.0,0.10907927509619955,0.0018051529100849043,0.08314028415491828,0.0,0.05671456341259678,0.03325611366196731,0.04973686786733525,0.0,0.0,0.003854508834081458,0.0,0.0,0.0,0.033787160492612205,0.0,0.0,0.0,0.0,0.0,0.0,0.0,0.0,0.0
2018-06-08,0.39184821378484413,0.0,0.0,0.04344725846044296,0.0021901078189570117,0.07984929217400989,0.004201892629963744,0.0,0.03858133465905926,0.0020349059574500616,0.05578052124449202,0.0,0.11806233341224517,0.01072417859003284,0.05144177954541235,0.0,0.07657020113998975,0.02057671181816494,0.043789681655751506,0.0,0.0,0.006436690110575995,0.0,0.0,0.007526238476146321,0.03692002583288896,0.0,0.0,0.0,0.0,0.010018632689572777,0.0,0.0,0.0,0.0
2018-06-15,0.38760117022300733,0.0,0.0,0.03964935347779306,0.001889554917390618,0.0658803722102355,0.00421795859195287,0.0,0.043252759606810874,0.002151113920494331,0.02913126818543965,0.0,0.11732571667072568,0.022040116247682814,0.057670346142414494,0.0,0.08209704935888801,0.0230681384569658,0.032874252313199064,0.0,0.0,0.004298180741452078,0.0,0.0,0.020055878391153678,0.040529028887663764,0.0,0.0,0.0,0.0,0.026267741656729834,0.0,0.0,0.0,0.0
2018-06-22,0.395666296360999,0.0,0.0,0.04574068436218301,0.0021538007555374824,0.07807576997758872,0.0046259768670759505,0.0,0.03729635104991559,0.002720928693125379,0.0529968241514345,0.0,0.1179424149061123,0.01237339695403263,0.04972846806655412,0.0,0.07767977883681525,0.01989138722662165,0.04466980574664457,0.0,0.0,0.005955732977697649,0.0,0.0,0.008979647053928062,0.033484632118005946,0.0,0.0,0.0,0.0,0.010018103895727678,0.0,0.0,0.0,0.0
2018-06-29,0.2986823166665332,0.0,0.0,0.0010839813217825638,0.025486798445516413,0.06873833974649887,0.048972451178468136,0.0,0.04626404914741175,0.028593487061001593,0.02905641974569794,0.0,0.10004867424877681,0.03775728377650216,0.06168539886321567,0.0,0.10314723179021656,0.02467415954528627,0.01904691336339864,0.0,0.0,0.007122606683622516,0.03939720362029798,0.0,0.035466332038385506,0.01908880772636789,0.0,0.0,0.0,0.0,0.005687545031018941,0.0,0.0,0.0,0.0
2018-07-06,0.3108271526554942,0.0,0.0,0.0,0.025221515758944914,0.06799834837831732,0.045839486638408845,0.0,0.05358519446037168,0.026594340531352196,0.02689044232091351,0.0,0.09296186869610029,0.012834538016435226,0.07144692594716223,0.0,0.12741486192759596,0.028578770378864898,0.016960535661280432,0.0,0.0,0.028978299930904186,0.03633965404800321,0.0,0.004206704406932537,0.018250206037189628,0.0,0.0,0.0,0.0,0.0050711542057281685,0.0,0.0,0.0,0.0
2018-07-13,0.32746912861101857,0.0,0.0,0.0006042678087914552,0.023958583764194977,0.07371547755921778,0.04153335544633659,0.0,0.05719934465994404,0.02693644679175286,0.02924919886982583,0.0,0.08625083702708225,0.013109653932375575,0.0762657928799254,0.0,0.09854001107939814,0.03050631715197016,0.02629633418413892,0.0,0.0,0.0012217216803817434,0.03221584867504261,0.0,0.030918986016426467,0.01797218878046814,0.0,0.0,0.0,0.0,0.006036505081708045,0.0,0.0,0.0,0.0
2018-07-20,0.31877151192947045,0.0,0.0,0.0,0.023212412661980125,0.06772946307018551,0.041404756000240454,0.0,0.05875435783026082,0.028033754507637697,0.025655545477861984,0.0,0.0851661168430305,0.013445060184028077,0.07833914377368109,0.0,0.09783071530405191,0.03133565750947244,0.016657035700234114,0.0,0.0,0.026074476315317317,0.03247855785382563,0.0,0.030896796890108876,0.018327458286776826,0.0,0.0,0.0,0.0,0.005887179861835663,0.0,0.0,0.0,0.0
2018-07-27,0.32239071691824017,0.0,0.0,0.017881051058241487,0.00208600132090789,0.06759385097045917,0.06010764063201264,0.0,0.0585725525656709,0.0264339070753809,0.025667139124359216,0.0,0.08325606638261716,0.014297683559471329,0.07809673675422786,0.0,0.11842637007016206,0.031238694701691147,0.017618071301158868,0.0,0.0,0.002369756515030508,0.034706853886141927,0.0,0.0321387126255652,0.0,0.0,0.0,0.0,0.0,0.007118194538661084,0.0,0.0,0.0,0.0
2018-08-03,0.31057209536855707,0.0,0.0,0.019271038429718435,0.0,0.0683064412840815,0.06481496588478791,0.0,0.051534701850567716,0.027739532602451787,0.027822999711088925,0.0,0.08945121774858235,0.014581371451565246,0.06871293580075695,0.0,0.12518639551621186,0.027485174320302782,0.024161157180767154,0.0,0.0,0.003527454057216875,0.03716257170231255,0.0,0.030170421246118715,0.0,0.0,0.0,0.0,0.0,0.008621689513212384,0.0,0.0008778363316993534,0.0,0.0
2018-08-10,0.28619421195296907,0.0,0.0,0.019820690596550596,0.0,0.06070801448929116,0.07258965498061902,0.0,0.03696598648831778,0.028395312006652733,0.03154985778873417,0.0,0.09569078244785421,0.02127262483991122,0.04928798198442371,0.0,0.14029896731700253,0.019715192793769487,0.026360232257424662,0.0,0.0,0.0034245316583789475,0.047211516643895834,0.0,0.04649746075010555,0.0,0.0,0.0,0.0,0.0,0.014016981004098783,0.0,0.0,0.0,0.0
2018-08-17,0.2667505668363398,0.0,0.0,0.01690183617030475,0.0,0.053726944681112464,0.0700565601114178,0.0,0.041797103806637,0.026653058095215735,0.030530410892618362,0.0,0.08769851675814327,0.026241912580069835,0.055729471742182665,0.0,0.1743460116691739,0.02229178869687307,0.0022678282657452226,0.0,0.0,0.0026920691394677907,0.045647421946084524,0.0,0.06241800810888841,0.0,0.0,0.0,0.0,0.0,0.014250490499725061,0.0,0.0,0.0,0.0
2018-08-24,0.26868573112502947,0.0,0.0,0.016884393408522432,0.0,0.053716275929010314,0.07312040711193689,0.0,0.043369479881121775,0.02667673183283474,0.02909244185522497,0.0,0.08781894986743591,0.02552933351799466,0.057825973174829036,0.0,0.1628406639329457,0.023130389269931616,0.0,0.0,0.0,0.0,0.047041229305352324,0.0,0.04227456909590514,0.0,0.0,0.0,0.0,0.0,0.04199343069192462,0.0,0.0,0.0,0.0
2018-08-31,0.21238784223030183,0.0,0.0,0.01810402735858313,0.0,0.025160177277442672,0.06733182177307026,0.0,0.04391732563372691,0.03245812700668733,0.030176991658322362,0.0,0.08675472333892843,0.03380048487976564,0.05855643417830255,0.0,0.16502809585240164,0.02342257367132102,0.048387806820225934,0.0,0.0,0.0,0.059099920693619905,0.0,0.05084504918907955,0.0,0.0,0.0,0.0,0.0,0.04456859843822043,0.0,0.0,0.0,0.0
2018-09-07,0.1844983371435811,0.0,0.0,0.01937440595668772,0.0,0.025587532244838382,0.08029485444812429,0.0,0.03516337730138504,0.033824905306363715,0.03029986495503766,0.0,0.09966926040481203,0.021897919170248442,0.04688450306851338,0.0,0.152416841565968,0.018753801227405355,0.07580626676096501,0.0,0.0,0.0,0.0751797959239511,0.0,0.04159651111451973,0.0,0.0,0.0,0.0,0.0,0.03448400834856129,0.0,0.0,0.0242678150590373,0.0
2018-09-14,0.16456302870633216,0.0,0.0,0.019558556505912712,0.0,0.023934615633518848,0.09827907194644067,0.0,0.027111884436155424,0.03400673884982165,0.03227292656025531,0.0,0.10914512166044843,0.017261989632239662,0.036149179248207236,0.0,0.17863097978450448,0.014459671699282894,0.08122630014288879,0.0,0.0,0.0,0.07811011068512526,0.0,0.07481023148698708,0.0,0.0,0.0,0.0,0.0,0.004808620487592232,0.0,0.005670972534286729,0.0,0.0
2018-09-21,0.15876310415922537,0.0,0.0,0.020530724686197186,0.0,0.023920763262361804,0.09098583483007594,0.0,0.02706269991884521,0.034369044183400234,0.03543403907768659,0.0,0.10431952132704045,0.015065544294657266,0.03608359989179361,0.0,0.19800987696153932,0.014433439956717446,0.07547260153115076,0.0,0.0,0.0,0.07586211171243168,0.0,0.07121760109279635,0.0,0.0,0.0,0.011576602612149843,0.0,0.003342761332174813,0.0,0.0035501291697555997,0.0,0.0
2018-09-28,0.21244625968996872,0.0,0.0,0.0,0.0,0.025009806463287088,0.09295962070394513,0.0,0.03163852886336775,0.02826842834619779,0.03203649416456518,0.0,0.10462822554734594,0.012494497225069979,0.042184705151157,0.0,0.1922202159503116,0.0168738820604628,0.0128829650408958,0.0,0.0,0.0,0.10764127446499179,0.0,0.06962742664136692,0.0,0.0,0.0,0.01569386791982006,0.0,0.0033938017672458937,0.0,0.0,0.0,0.0
2018-10-05,0.26141423591243906,0.0,0.0,0.0,0.0,0.02976835993213408,0.07842889167936967,0.0,0.05146618514807433,0.02440809114187896,0.02622374268244796,0.0,0.08936308128969095,0.013028380055234448,0.06862158019743243,0.0,0.1473286792118095,0.027448632078972978,0.009602882772246881,0.0,0.0,0.0,0.09098881707536575,0.0,0.04158168876930653,0.0,0.0,0.0,0.0,0.0,0.0025609149081552898,0.0,0.0,0.03776583714544082,0.0
2018-10-12,0.25116885079852835,0.0,0.0,0.0,0.0,0.02834481809015986,0.08180655841363815,0.0,0.04644470998228617,0.02502843769121639,0.027579214894271672,0.0,0.09399197922124715,0.015002900572967636,0.06192627997638156,0.0,0.1505266744090765,0.024770511990552625,0.010215726043409971,0.0,0.0,0.0,0.09508045529971186,0.0,0.040526754737577234,0.0,0.0,0.0,0.0,0.0,0.0027292826198856684,0.0,0.0,0.04485684525908891,0.0
2018-10-19,0.3563722312928986,0.0,0.0,0.0,0.0,0.04580513207325376,0.06802057827089283,0.0,0.07723499082942206,0.026612108100356375,0.02253580571338961,0.0,0.06356204587603505,0.008181562226902323,0.10297998777256274,0.0,0.09292810550508185,0.0411919951090251,0.0138005739458309,0.0,0.0,0.0,0.06522900335390716,0.0,0.006028093275995964,0.0,0.0,0.0,0.0,0.0,0.0,0.0,0.0,0.009517786654445196,0.0
2018-10-26,0.47375743443944757,0.0,0.0,0.0,0.0,0.05534824520086125,0.056084278006907635,0.0,0.06262164187601904,0.013789698746123515,0.029645464010421972,0.0,0.042149652881860206,0.004230922525313509,0.08349552250135872,0.0,0.07963941977998513,0.033398209000543494,0.022665854401725437,0.0,0.0,0.0,0.043173656629432275,0.0,0.0,0.0,0.0,0.0,0.0,0.0,0.0,0.0,0.0,0.0,0.0
2018-11-02,0.4749255791864633,0.0,0.0,0.0,0.0,0.054257575529690155,0.06162930743105054,0.0,0.05955951010533109,0.01374024911213454,0.027254340044372948,0.0,0.07064293799077556,0.0037293044296782263,0.07941268014044145,0.0,0.05416928103077018,0.03176507205617658,0.024668054003066632,0.0,0.0,0.0,0.044246108940048504,0.0,0.0,0.0,0.0,0.0,0.0,0.0,0.0,0.0,0.0,0.0,0.0
2018-11-09,0.47300234702507993,0.0,0.0,0.0,0.0,0.051458375089310324,0.05879553628140625,0.0,0.0687081345069442,0.011686557743923732,0.019790827927262486,0.0,0.04109375940309213,0.003925045236370012,0.09161084600925894,0.0,0.07738190883559165,0.036644338403703576,0.02148225258181746,0.0,0.0,0.0,0.03857050514428422,0.0,0.0,0.0,0.0,0.0,0.0,0.0,0.0022574005533730476,0.0,0.0,0.0035921652585817875,0.0
2018-11-16,0.47212211876937693,0.0,0.0,0.0,0.0,0.05474283465814883,0.06842688519178877,0.0,0.0596266214836707,0.01178859135791684,0.02708259763550845,0.0,0.04625800601292668,0.003682590389943894,0.0795021619782276,0.0,0.07687394483398594,0.03180086479129104,0.025243894497103223,0.0,0.0,0.0,0.04284888840011081,0.0,0.0,0.0,0.0,0.0,0.0,0.0,0.0,0.0,0.0,0.0,0.0
2018-11-23,0.47587312413432037,0.0,0.0,0.0,0.0,0.053765162220723375,0.05959682894341762,0.0,0.06990544954278924,0.009834545019425343,0.02355590039472867,0.0,0.04177892158049484,0.0035207674851993527,0.09320726605705232,0.0,0.07229143863701425,0.03728290642282093,0.02092041421727283,0.0,0.0,0.0,0.03846727534474054,0.0,0.0,0.0,0.0,0.0,0.0,0.0,0.0,0.0,0.0,0.0,0.0
2018-11-30,0.47646739293391327,0.0,0.0,0.0,0.0,0.05119436457078509,0.056937921251658453,0.0,0.07223783607879626,0.0,0.029600246837372585,0.0,0.02432202411680582,0.00034598253454404075,0.09631711477172836,0.0,0.05223777948215765,0.03852684590869134,0.03503551324365752,0.0,0.0,0.0,0.062308376483386635,0.0,0.0,0.0,0.0,0.0,0.0,0.0,0.0,0.004468601786502734,0.0,0.0,0.0
2018-12-07,0.47851041057575944,0.0,0.0,0.0,0.0,0.05331591910001518,0.07498852029634898,0.0,0.06786117105069805,0.0,0.0349735554678116,0.0,0.023013280588090775,0.000922091916061132,0.09048156140093074,0.0,0.0361156487049279,0.0361926245603723,0.03710854203293857,0.0,0.0,0.0,0.06651667430604519,0.0,0.0,0.0,0.0,0.0,0.0,0.0,0.0,0.0,0.0,0.0,0.0
2018-12-14,0.47930374285898536,0.0,0.0,0.0,0.0,0.05292845721433396,0.05344646933109931,0.0,0.0686002026226421,0.0,0.03484412890762263,0.0,0.022785778337134563,0.0012265872551967738,0.09146693683018947,0.0,0.03646014211677803,0.03658677473207579,0.036427874020499906,0.0,0.0,0.0,0.08592290577344178,0.0,0.0,0.0,0.0,0.0,0.0,0.0,0.0,0.0,0.0,0.0,0.0
2018-12-21,0.47911976098878706,0.0,0.0,0.0,0.0,0.05615269932386135,0.06800514784092619,0.0,0.07112062565190917,0.0,0.0394248444273273,0.0,0.02187442435814832,0.00015437656179506556,0.09482750086921224,0.0,0.036533619548565544,0.037931000347684894,0.03549388759996851,0.0,0.0,0.0,0.059362112481814,0.0,0.0,0.0,0.0,0.0,0.0,0.0,0.0,0.0,0.0,0.0,0.0
2018-12-28,0.4934919823476023,0.0,0.0,0.0,0.0,0.06933218495779471,0.023549182706656756,0.0,0.05821352443850418,0.0,0.04832132810301535,0.0,0.01840027576052526,0.0,0.07761803258467224,0.0,0.023748644552336183,0.031047213033868898,0.09031566517828749,0.0,0.0,0.0,0.06596196633673633,0.0,0.0,0.0,0.0,0.0,0.0,0.0,0.0,0.0,0.0,0.0,0.0
2019-01-04,0.4926199698500154,0.0,0.0,0.0,0.0,0.06705639679299666,0.04366672457375147,0.0,0.06425242706901203,0.0,0.04113381390858812,0.0,0.01729435637230103,0.0013018533196947353,0.08566990275868272,0.0,0.02764517869683173,0.03426796110347309,0.08426035515009894,0.0,0.0,0.0,0.040831060404553886,0.0,0.0,0.0,0.0,0.0,0.0,0.0,0.0,0.0,0.0,0.0,0.0
2019-01-11,0.4907294548394421,0.0,0.0,0.0,0.0,0.06818352002964931,0.02044971735280644,0.0,0.0686882099981249,0.0,0.041126588899116426,0.0,0.016394024525828395,0.0,0.09158427999749988,0.0,0.02747528399924996,0.03663371199899995,0.09987946911035371,0.0,0.0,0.0,0.038855739248928614,0.0,0.0,0.0,0.0,0.0,0.0,0.0,0.0,0.0,0.0,0.0,0.0
2019-01-18,0.4870521375301026,0.0,0.0,0.0,0.0,0.06005532262420964,0.02948946065136248,0.0,0.06583920255122039,0.0,0.05671690278191974,0.0,0.014263116535769529,0.0,0.08778560340162718,0.0,0.026335681020488153,0.035114241360650875,0.12182283429722865,0.0,0.0,0.0,0.015525497245420423,0.0,0.0,0.0,0.0,0.0,0.0,0.0,0.0,0.0,0.0,0.0,0.0
2019-01-25,0.4451820192674786,0.00025530792663902053,0.0,0.0,0.0,0.07513886686182775,0.05673340791362145,0.0,0.06010180647998934,0.0,0.08385885459023346,0.0,0.0,0.0,0.08013574197331913,0.0,0.024040722591995738,0.032054296789327655,0.09200765795065405,0.0,0.0,0.0,0.050491317654913506,0.0,0.0,0.0,0.0,0.0,0.0,0.0,0.0,0.0,0.0,0.0,0.0
2019-02-01,0.4495935030690126,0.0001484041411464951,0.0,0.0,0.0,0.0734870450093067,0.05261199162785818,0.0,0.06616001349531794,0.0,0.07636430103952643,0.0,0.0,0.0,0.08821335132709059,0.0,0.026464005398127176,0.035285340530836234,0.08477140137157063,0.0,0.0,0.0,0.04690064299020689,0.0,0.0,0.0,0.0,0.0,0.0,0.0,0.0,0.0,0.0,0.0,0.0
2019-02-08,0.4124622679857536,0.0,0.0,0.0,0.0,0.0887399480131183,0.07157296847435118,0.0,0.04164233618632977,0.0,0.12263219984473725,0.0,0.0,0.0,0.055523114915106364,0.0,0.01665693447453191,0.022209245966042547,0.11266306270663051,0.0,0.0,0.0,0.0558979214333983,0.0,0.0,0.0,0.0,0.0,0.0,0.0,0.0,0.0,0.0,0.0,0.0
2019-02-15,0.3807490554301306,0.0,0.0003992416978616841,0.0,0.0,0.05939831754072691,0.060425654433941475,0.0,0.04436903373765901,0.0,0.18383035610968979,0.0,0.0,0.0,0.05915871165021201,0.0,0.017747613495063604,0.023663484660084808,0.09437791751395365,0.0,0.0,0.0,0.051698555079845575,0.0,0.0,0.0,0.0,0.0,0.0,0.0,0.0,0.0,0.024182058650830646,0.0,0.0
2019-02-22,0.2770924760555208,0.0,0.001001541814579609,0.0,0.0,0.06940863811491932,0.08473554805743856,0.0,0.04923067708829311,0.0,0.19643438115302947,0.0,0.0,0.0,0.06564090278439082,0.0,0.0401866618113538,0.02625636111375633,0.1008715967935603,0.0,0.0,0.0,0.05502637798357134,0.0,0.0,0.020494390976036562,0.0,0.0,0.0,0.0,0.0,0.0,0.013620446253549714,0.0,0.0
2019-03-01,0.28977275568859473,0.0,0.0017270417908759068,0.0,0.0,0.06998416900220741,0.07433965713061012,0.0,0.05451965110315964,0.0,0.17798354130677096,0.0,0.0,0.0,0.07269286813754619,0.0,0.04117500775245318,0.02907714725501848,0.09497946036961502,0.0,0.0,0.0,0.0523426732122242,0.0,0.0,0.019367147311189326,0.0,0.0,0.0,0.0,0.0,0.0,0.022038879939734475,0.0,0.0
2019-03-08,0.30345677403289417,0.0,0.0,0.0,0.0,0.0718937682330846,0.08064761840009545,0.0,0.06083357386044465,0.0,0.15187261628768758,0.0,0.0,0.0,0.0811114318139262,0.0,0.04569156845834649,0.032444572725570484,0.08249650561543491,0.0,0.0,0.0,0.05320183599952806,0.0,0.0,0.023027613369637275,0.0,0.0,0.0,0.0,0.0,0.0,0.013322121203349798,0.0,0.0
2019-03-15,0.2784281139446927,0.0,0.004657464658584846,0.0,0.0,0.07136964598094847,0.09370048031379964,0.0,0.04612100261399955,0.0,0.19052238251664577,0.0,0.0,0.0,0.061494670151999394,0.0,0.04188424496037094,0.02459786806079976,0.09627677080836466,0.0,0.0,0.0,0.05878443911107061,0.0,0.0,0.03216291687872337,0.0,0.0,0.0,0.0,0.0,0.0,0.0,0.0,0.0
2019-03-22,0.2936110324282483,0.0,0.0045409800222077044,0.0,0.0,0.07330666956652845,0.07868130118732025,0.0,0.05546247190206531,0.0,0.17276070595466173,0.0,0.0,0.0,0.07394996253608709,0.0,0.043167012817388356,0.029579985014434835,0.08930137555382928,0.0,0.0,0.0,0.05545772329926488,0.0,0.0,0.03018077971796351,0.0,0.0,0.0,0.0,0.0,0.0,0.0,0.0,0.0
2019-03-29,0.30052243386041366,0.0,0.0,0.017261390140458594,0.0,0.09033570850607539,0.029462869952719486,0.0,0.059227612948141516,0.0012374961048456131,0.10755257162454296,0.0,0.0,0.0015593462699838917,0.07897015059752202,0.0,0.05300572573932972,0.03158806023900881,0.07067644337712797,0.0,0.0,0.0,0.08060710817358492,0.0,0.0,0.017571007918334058,0.0,0.0,0.0,0.0,0.0,0.02542432937733883,0.03499774517057205,0.0,0.0
2019-04-05,0.2808500424852164,0.0,0.0,0.013006066893280101,0.0,0.08856350054128335,0.0472086476830792,0.0,0.05009075755072962,0.001276484893069923,0.08023979070253764,0.0,0.0,0.0016032724001082334,0.06678767673430616,0.0,0.05574273274031104,0.02671507069372247,0.06583000039085414,0.0,0.0,0.0,0.09505262116868748,0.0,0.0,0.014324613733989716,0.0,0.0,0.0,0.0,0.0,0.015301501177241068,0.09740722021158313,0.0,0.0
2019-04-12,0.29374485780904797,0.0,0.0,0.013217862736150832,0.0,0.08777808332263767,0.036067549498533795,0.0,0.05594119360288445,0.0,0.0803990493799064,0.0,0.0,0.0006777222449674915,0.07458825813717927,0.0,0.055187774064346204,0.02983530325487171,0.06405240311938541,0.0,0.0,0.0,0.08811868101760034,0.0,0.0,0.02050990044733072,0.0,0.0,0.0,0.0,0.0,0.007128509601709654,0.09275285176344777,0.0,0.0
2019-04-19,0.29435935807721786,0.0,0.0,0.014963671180051832,0.0,0.08194768709578366,0.03519808413327409,0.0,0.06021140137957793,0.0,0.09123325933777181,0.0,0.0,0.0016357124159064732,0.08028186850610392,0.0,0.059091891155981,0.03211274740244156,0.052660612811686054,0.0,0.0,0.0,0.08899759533855353,0.0,0.013185688935864668,0.016565009767053104,0.0,0.0,0.0,0.0,0.01896207488250029,0.0060471179969190485,0.05254621958331274,0.0,0.0
2019-04-26,0.2708759073157463,0.0,0.0,0.01617198055647658,0.0,0.04644916713394552,0.0725416019429933,0.0,0.06233758171339125,0.0,0.10214762903634382,0.0,0.0,0.0011361571767863309,0.08311677561785501,0.0,0.06026652761295874,0.033246710247142,0.08252718524584021,0.0,0.0,0.0,0.08168889646747962,0.0,0.012224945059414427,0.01617198055647658,0.0,0.0,0.0,0.0,0.018708243362420798,0.004992302510564579,0.03539640844416453,0.0,0.0
2019-05-03,0.260827041895874,0.0,0.0,0.016874683842281323,0.0,0.04588600551690586,0.07483087466554093,0.0,0.05941084438260916,0.0,0.08290319841217311,0.0,0.0,0.018444687512464697,0.0792144591768122,0.0,0.06190895838166213,0.03168578367072489,0.08615475181863906,0.0,0.0,0.0,0.08509198585008328,0.0,0.01721124641981622,0.017074870145705766,0.0,0.0,0.0,0.0,0.022926406593803336,0.00531939232660477,0.03423480938829884,0.0,0.0
2019-05-10,0.17717019018212793,0.0,0.0,0.032655104835173435,0.0,0.05425628830780012,0.08346108195354138,0.0,0.01740787871846409,0.0,0.16734385951395098,0.0,0.0,0.011599499257229303,0.023210504957952117,0.0,0.06686977067572028,0.009284201983180848,0.12233351911158373,0.0,0.0,0.0,0.11208089744820882,0.0,0.009488814980425461,0.03399757314547998,0.0,0.0,0.0,0.0,0.013001372056788526,0.04929435629861401,0.01654508657375834,0.0,0.0
2019-05-17,0.14798230523678446,0.0,0.0,0.03272562991586425,0.0,0.0569528537397852,0.08451005857412036,0.0,0.012482005635291057,0.0,0.22147835913432343,0.0,0.0,0.005653712542975418,0.016642674180388076,0.0,0.0662765031011745,0.006657069672155231,0.11630857836905115,0.0,0.0,0.0,0.11578919307130738,0.0,0.0034276131754609326,0.03488116036576282,0.0,0.0,0.0,0.0,0.004647812177202993,0.0684993960298968,0.005085075078455234,0.0,0.0
2019-05-24,0.14705695284152376,0.0,0.0,0.0319234257829816,0.0,0.05578913092742867,0.08404250399714747,0.0,0.011277735637143854,0.0,0.23323109925625496,0.0,0.0,0.005417217183676266,0.015036980849525138,0.0,0.06545943785505887,0.006014792339810056,0.11570551069423647,0.0,0.0,0.0,0.11333661044458464,0.0,0.0,0.03436135011377289,0.0,0.0,0.0,0.0,0.003671426695364464,0.07301209714224205,0.004663728239248291,0.0,0.0
2019-05-31,0.2577249649902939,0.0,0.0,0.03542562134283699,0.0,0.1052701055378609,0.08758250985985455,0.0,0.014227365199048065,0.0,0.19949078843582962,0.0,0.0,0.001822053419347755,0.01896982026539742,0.0,0.05553016406274686,0.007587928106158969,0.10363067807414945,0.0,0.0,0.0,0.11177798923689333,0.0,0.0,0.0009600114695817862,0.0,0.0,0.0,0.0,0.0,0.0,0.0,0.0,0.0
2019-06-07,0.24453366100409044,0.0,0.0,0.03450194621373659,0.0,0.062015552463725546,0.07745773683171975,0.0,0.03393712210945216,0.0,0.1703223062682766,0.0,0.0,0.0016768179653505913,0.04524949614593622,0.0,0.064738214692896,0.018099798458374488,0.1064803830944554,0.0,0.0,0.0,0.09354744570502288,0.0,0.003603383361301553,0.001187879255176524,0.0,0.0,0.0,0.0,0.005717031890865087,0.028427083804577473,0.008504140735042139,0.0,0.0
2019-06-14,0.2627455930261942,0.0,0.0,0.01925314913387073,0.0,0.04535174644790797,0.06658344269470612,0.0,0.03409721307194238,0.0,0.18328295119893953,0.0,0.0,0.022810921242514326,0.04546295076258984,0.0,0.06415235417225834,0.018185180305035936,0.09390241721950952,0.0,0.0,0.0,0.09091735904851146,0.0,0.02373685385800193,0.0,0.0,0.0,0.0,0.0,0.02951786781801735,0.0,0.0,0.0,0.0
2019-06-21,0.2974481242779905,0.0,0.0,0.014883100591851123,0.0,0.045428746341756206,0.057467692847830654,0.0,0.05250585133241228,0.0,0.15036377636271336,0.0,0.0,0.014994998179284633,0.0700078017765497,0.0,0.0580463379412859,0.028003120710619882,0.058766682733327955,0.0,0.0,0.0,0.10241139158895676,0.0,0.02618535774650495,0.0,0.0,0.0,0.0,0.0,0.023487017568915823,0.0,0.0,0.0,0.0
2019-06-28,0.22322190340674103,0.0,0.0,0.012714710444985794,0.0,0.03943580733424788,0.06562159582020284,0.0,0.042519583030886286,0.0,0.12784498756171842,0.0,0.0,0.023250285599015784,0.056692777374515044,0.0,0.03369034212215628,0.02267711094980602,0.09699016318791649,0.0,0.0,0.0,0.11337620607644165,0.0,0.041103171849223796,0.012714710444985794,0.0,0.0,0.0,0.0,0.046315554849035136,0.0,0.04183108994812143,0.0,0.0
2019-07-05,0.26249706663350275,0.0,0.0,0.013275679944172399,0.0,0.04923791503043999,0.06155181218817241,0.0,0.05938451798682656,0.0,0.14182207225513288,0.0,0.0,0.0,0.07917935731576875,0.0,0.03702948713890303,0.031671742926307506,0.09846799232571357,0.0,0.0,0.0,0.0849168078771628,0.0,0.019845773129932492,0.013275679944172399,0.0,0.0,0.0,0.0,0.0247802653164726,0.0,0.02306382998731949,0.0,0.0
2019-07-12,0.27788869974679076,0.0,0.0,0.012847871939397123,0.0,0.051249773210618854,0.05734565123851429,0.0,0.06615061329219117,0.0,0.12449997008464625,0.0,0.0,0.0003559899215298847,0.08820081772292157,0.0,0.03998749944069132,0.03528032708916863,0.09478044435449567,0.0,0.0,0.0,0.08009112467872218,0.0,0.014801617887335989,0.012847871939397123,0.0,0.0,0.0,0.0,0.018588029759753006,0.0,0.0250836976938258,0.0,0.0
2019-07-19,0.20561444501093976,0.0,0.0,0.028762673011882203,0.0,0.08534528637547631,0.07575859241749297,0.0,0.03272603921808206,0.0,0.17447152500581506,0.0,0.0,0.00029016517437659416,0.043634718957442746,0.0,0.042863984135063864,0.0174538875829771,0.1349297506291207,0.0,0.0,0.0,0.10575290221885662,0.0,0.005781791174087395,0.028762673011882203,0.0,0.0,0.0,0.0,0.00682559846328184,0.0,0.011025967613221978,0.0,0.0
2019-07-26,0.1995908989631018,0.0,0.0,0.02946686915684374,0.0,0.18033539667589416,0.02946686915684374,0.0,0.03351251771768957,0.0,0.17323654659630033,0.0,0.0,0.001073903987780784,0.04468335695691943,0.0,0.05432175325312031,0.017873342782767775,0.10642952445444227,0.0,0.0,0.0,0.09187808951125064,0.0,0.0019040552379471336,0.02946686915684374,0.0,0.0,0.0,0.0,0.0021399615708593213,0.0,0.004620044821394731,0.0,0.0
2019-08-02,0.1839620470340546,0.0,0.0,0.029977869739638854,0.0,0.17583426745969577,0.029977869739638854,0.0,0.025245815344103736,0.0,0.19375441734579774,0.0,0.0,0.000594604281465242,0.033661087125471646,0.0,0.040965653786730165,0.01346443485018866,0.12963234022552747,0.0,0.0,0.0,0.09483484380278118,0.0,0.0041756884425660674,0.029977869739638854,0.0,0.0,0.0,0.0,0.0056300687951701235,0.0,0.008311122287530313,0.0,0.0
2019-08-09,0.16230150002506633,0.0,0.0,0.03181011348136857,0.0,0.1861793288517759,0.03181011348136857,0.0,0.017866263925494244,0.0,0.20264963396037966,0.0,0.0,0.0013439474795141455,0.023821685233992328,0.0,0.04016362065645359,0.009528674093596931,0.13705692287636734,0.0,0.0,0.0,0.09981420942338401,0.0,0.004343518408954406,0.03181011348136857,0.0,0.0,0.0,0.0,0.005721128443045441,0.0,0.013779226177869754,0.0,0.0
2019-08-16,0.2364868620247526,0.0,0.0,0.024195461419845198,0.0,0.17646955425896274,0.024195461419845198,0.0,0.032691535860203055,0.0,0.15816204853897894,0.0,0.0,0.001929002936944853,0.04358871448027074,0.0,0.03876485453219288,0.0174354857921083,0.11327753299930138,0.0,0.0,0.0,0.09061855187750571,0.0,0.0035381956596247993,0.024195461419845198,0.0,0.0,0.0,0.0,0.005305984228087651,0.0,0.009145292551530333,0.0,0.0
2019-08-23,0.2437478940093361,0.0,0.0,0.022895827767270352,0.0,0.17656179609943864,0.022895827767270352,0.0,0.0364262891741605,0.0,0.14863174207539231,0.0,0.0,0.0018677373151259852,0.04856838556554734,0.0,0.03871147170348442,0.019427354226218937,0.11258233142000068,0.0,0.0,0.0,0.08803245318486207,0.0,0.002562766132541156,0.02373295103519946,0.0,0.0,0.0,0.0,0.005468549002419644,0.0,0.007886623521731438,0.0,0.0
2019-08-30,0.28815584559143115,0.0,0.0,0.0,0.0,0.1777680468813246,0.05232437991896795,0.0,0.027572967750257558,0.0,0.1580682585480453,0.0,0.0,0.0029801315786777286,0.036763957000343406,0.0,0.05118519729332473,0.014705582800137364,0.0954643013148171,0.0,0.0,0.0,0.0745637858132939,0.0,0.005011986320925994,0.0,0.0,0.0,0.0,0.0,0.007910914689824626,0.0,0.007524644498628254,0.0,0.0
2019-09-06,0.29394136105080215,0.0,0.0,0.0,0.0,0.16606588585533316,0.05121982198813557,0.0,0.027293072433301677,0.0,0.1445029625379786,0.0,0.0,0.000866336932649585,0.03639076324440224,0.0,0.04755124805003011,0.014556305297760896,0.09711903124490341,0.0,0.0,0.0,0.07159072345361184,0.0,0.006405313328040458,0.0,0.0,0.0,0.0,0.0,0.009745220475893147,0.018332896058832353,0.014419058048324426,0.0,0.0
2019-09-13,0.31544389420499963,0.0,0.0,0.0,0.0,0.14464416385046674,0.03929514584499187,0.0,0.04193992228868617,0.0,0.1303590703555025,0.0,0.0,0.0013510454986575555,0.05591989638491489,0.0,0.043035577395269586,0.022367958553965957,0.0833202753411523,0.0,0.0,0.0,0.06972068538884725,0.0,0.008459272807326147,0.0,0.0,0.0,0.0,0.0,0.012853962798305096,0.017191617347144517,0.014097511939769377,0.0,0.0
2019-09-20,0.2525295609642735,0.0,0.0,0.0,0.0,0.15502885971433578,0.04102929717315985,0.0,0.04117793537440272,0.0,0.11898542791733435,0.0,0.0,0.01493103707306074,0.05490391383253696,0.0,0.04971001963456838,0.021961565533014787,0.061847333471656316,0.0,0.0,0.0,0.0743594178198721,0.0,0.02105041755096093,0.0,0.0,0.0,0.0,0.0,0.030128034863807322,0.021238832874617003,0.041118346202398764,0.0,0.0
2019-09-27,0.2482615309654012,0.0,0.0,0.020173873071532483,0.0,0.15501277366785757,0.03973894565103114,0.0,0.05271690107163435,0.0,0.13185533367745192,0.0,0.0,0.0008564463336637381,0.0702892014288458,0.0,0.04189101506725771,0.02811568057153832,0.0956776232005417,0.0,0.0,0.0,0.05011755641827064,0.0,0.003439651725053003,0.020173873071532483,0.0,0.0,0.0,0.0,0.005024230842637678,0.02289929280353266,0.0137560704322171,0.0,0.0
2019-10-04,0.2291542790923136,0.0,0.0,0.02405061751264289,0.0,0.1643983263864811,0.04479821529447843,0.0,0.048077614202994244,0.0,0.12404495214531969,0.0,0.0,0.0009305424937933517,0.06410348560399233,0.0,0.047116173301247115,0.02564139424159693,0.09830449380594287,0.0,0.0,0.0,0.06360765385360787,0.0,0.0014253081844299146,0.02405061751264289,0.0,0.0,0.0,0.0,0.002882120637597463,0.029227792082869714,0.008186413648049283,0.0,0.0
2019-10-11,0.24232501746893764,0.0,0.0,0.023147122314609025,0.0,0.1557375703671855,0.04368980089254289,0.0,0.053995906665831865,0.0,0.11594023524582564,0.0,0.0,0.0011748033790564757,0.07199454222110915,0.0,0.0480358286448937,0.028797816888443663,0.0922139822978342,0.0,0.0,0.0,0.0622292374130405,0.0,0.0009640420742553291,0.023147122314609025,0.0,0.0,0.0,0.0,0.0016977541648684426,0.029931757268672855,0.004977460378283611,0.0,0.0
2019-10-18,0.18872754126884694,0.0,0.0,0.029774209762749637,0.0,0.17482604411545505,0.04773121873011098,0.0,0.03317610960194366,0.0,0.1390589735305509,0.0,0.0,0.0017965595623059957,0.04423481280259154,0.0,0.04492779340092466,0.017693925121036617,0.09805746354960995,0.0,0.0,0.0,0.07938390617300074,0.0,0.01421106566505143,0.029774209762749637,0.0,0.0,0.0,0.0,0.0039084541899647735,0.04216832934440602,0.010549383418700937,0.0,0.0
2019-10-25,0.22227953605302847,0.0,0.0,0.021940604957548647,0.0,0.15446340547816917,0.02557187742450568,0.0,0.052805761244986496,0.0,0.1153576036319931,0.0,0.0,0.0014505432400184145,0.070407681659982,0.0,0.04433560327000584,0.028163072663992803,0.08444886157742412,0.0,0.0,0.0,0.09868584164272784,0.0,0.013319668413840129,0.021940604957548647,0.0,0.0,0.0,0.0,0.0,0.023919037224545893,0.020910296559682406,0.0,0.0
2019-11-01,0.19151806875052735,0.0,0.0,0.023384202547193634,0.0,0.16083954312124674,0.029608207857633,0.0,0.04150399252942138,0.0,0.13019586044090756,0.0,0.0,0.0004404768470112205,0.05533865670589517,0.0,0.04106582268987086,0.02213546268235807,0.09221659650413978,0.0,0.0,0.0,0.10966030472688548,0.0,0.007653218155985552,0.023384202547193634,0.0,0.0,0.0,0.0,0.00606747753917029,0.028953577401113276,0.03603432895344644,0.0,0.0
2019-11-08,0.20069410964681947,0.0,0.0,0.021564688414774325,0.0005941021976701183,0.10566784320660837,0.022289915729691107,0.0,0.04569876398657743,0.0,0.11729673314820876,0.0,0.0,0.0012519296556951752,0.060931685315436565,0.0,0.0558283667539123,0.024372674126174627,0.0815111947909156,0.0,0.0,0.0,0.10011707479623586,0.0,0.03595661527406788,0.021564688414774325,0.0,0.0,0.0,0.0,0.025375662858698966,0.03242625532604322,0.046857696357695516,0.0,0.0
2019-11-15,0.2261769814204601,0.0,0.0,0.02222921919639479,0.0018158518701764208,0.12706810155918807,0.021388106721768288,0.0,0.046065620369693076,0.0,0.11273719540072359,0.0,0.0,0.01411993416460943,0.06142082715959077,0.0,0.048504113053279084,0.02456833086383631,0.09430838253774824,0.0,0.0,0.00028334087019870295,0.09327762699658144,0.0,0.03570874021928339,0.021388106721768288,0.0,0.0,0.0,0.0,0.023905810298418886,0.0250337105762805,0.0,0.0,0.0
2019-11-22,0.21666804000847262,0.0,0.0,0.024375799242622696,0.0016790647657128463,0.10635593906670729,0.02344167492864539,0.0,0.04113891344771406,0.0,0.11317008661017855,0.0,0.0,0.014583019673883356,0.05485188459695208,0.0,0.07141966665012349,0.021940753838780833,0.09822129879445812,0.0,0.0,0.00031392206349010576,0.08557974385181837,0.0,0.03956128974424121,0.02344167492864539,0.0,0.0,0.0,0.0,0.024280717448121318,0.026016172531098985,0.012960337808332764,0.0,0.0
2019-11-29,0.188280413018592,0.0,0.0,0.023850021585552602,0.00179040721011397,0.11331336987919227,0.023186143979034617,0.0,0.04631871518101816,0.0,0.10706689802977898,0.0,0.0,0.041465694783250365,0.061758286908024214,0.0,0.059399294419542815,0.024703314763209687,0.1013152950952545,0.0,0.0,0.0,0.0908556773838879,0.0,0.039982263560445444,0.023186143979034617,0.0,0.0,0.007282333093638741,0.0,0.022376140489359805,0.023869586641068804,0.0,0.0,0.0
2019-12-06,0.1715198919422501,0.0,0.0,0.024978756004370647,0.002632383559506892,0.1155216340407669,0.02402173195662064,0.0,0.04890851624808319,0.0,0.08139244766652706,0.0,0.0,0.049229508858310206,0.06521135499744425,0.0,0.0728529073964827,0.026084541998977705,0.08773371267698833,0.0,0.0,0.0,0.09108690475237365,0.0,0.039693864555118426,0.02402173195662064,0.0,0.0,0.0,0.0,0.05477098527055019,0.020339126119007858,0.0,0.0,0.0
2019-12-13,0.16943156436121473,0.0,0.0,0.027618758310952,0.003389588070072233,0.1132483023937569,0.025471878787978706,0.0,0.047285880595394625,0.0009783658798572183,0.07748122574219565,0.0,0.0,0.05228632130478213,0.0630478407938595,0.0,0.1015694152644408,0.0252191363175438,0.08872518445337071,0.0,0.0,0.0015951255339923327,0.08872518445337071,0.0,0.024038726962342886,0.026227050610678926,0.0,0.0,0.018536896002617584,0.0,0.04512355416157812,0.0,0.0,0.0,0.0
2019-12-20,0.17456215035939324,0.0,0.0,0.025972232772052052,0.0034146942456120028,0.11348784365148003,0.02504810822012795,0.0,0.04933402414838782,0.0,0.07759146473779105,0.0,0.0,0.04651092712489831,0.0657786988645171,0.0,0.08285019389502782,0.02631147954580684,0.08848679695204491,0.0,0.0,0.001535694704614553,0.09017446189429722,0.0,0.0431544465894759,0.02504810822012795,0.0,0.0,0.017200597447544395,0.0,0.025622175684676483,0.017915900942123895,0.0,0.0,0.0
2019-12-27,0.182205562596214,0.0,0.0,0.07007861599585967,0.0030161383705064743,0.10022902962882796,0.03751111087525705,0.0,0.0522045106521377,0.0012439115676906119,0.07430541878325131,0.0,0.020725861920522705,0.04278711094117796,0.06960601420285027,0.0,0.09084881256077683,0.02784240568114011,0.057401065154812164,0.0,0.0,0.0009003847882886005,0.04921865036184621,0.0,0.037449664296743346,0.020725861920522705,0.0,0.0,0.017662481935720453,0.0,0.022644556312456262,0.021392831453397113,0.0,0.0,0.0
2020-01-03,0.18076384372213006,0.0,0.0,0.07278115853791199,0.0015442835372850195,0.10140020169418654,0.04005590584550901,0.0,0.043254484441254626,0.0018930936132711984,0.07780317059956274,0.0,0.023437253297234943,0.04341019400309888,0.05767264592167284,0.0,0.10627317742561801,0.023069058368669137,0.07501872836263276,0.0,0.0,0.0003025795156296957,0.052224252363204306,0.0,0.040184076215986866,0.023437253297234943,0.0,0.0,0.0,0.0,0.014661182074650121,0.020813457163255868,0.0,0.0,0.0
2020-01-10,0.188597060204366,0.0,0.0,0.0715739581255016,0.0025840072425453416,0.10135415542982193,0.0393056689291535,0.0,0.04681885727831361,0.0013540021686290237,0.07605062055235255,0.0,0.02248247563727683,0.03886619204114306,0.06242514303775147,0.0,0.09721462107540334,0.02497005721510059,0.07289536464658285,0.0,0.0,0.0008396485576188257,0.0507298545255247,0.0,0.037831568655490797,0.02248247563727683,0.0,0.0,0.011675200149572424,0.0,0.013714946733018988,0.016234122157555216,0.0,0.0,0.0
2020-01-17,0.1818944716843805,0.0,0.0,0.07296437162076007,0.0029568006781025805,0.10184520395157408,0.04009870034370608,0.0,0.044420377924715086,0.000775044074377718,0.08003587321507784,0.0,0.02323920988189787,0.04052578746362216,0.05922717056628678,0.0,0.0975257389208749,0.023690868226514714,0.07400954633453878,0.0,0.0,0.0014043960898416578,0.04997639819080113,0.0,0.03735154243556895,0.02323920988189787,0.0,0.0,0.010508317198638449,0.0,0.014015584892806559,0.020295386424015762,0.0,0.0,0.0
2020-01-24,0.14712063310178033,0.0,0.0,0.07675670166819884,0.002134439544924749,0.10044065555595655,0.041437868184213036,0.0,0.030423358139364663,0.0015842458883131617,0.0894787839595487,0.0,0.025283037634898933,0.05577497444448482,0.04056447751915288,0.0,0.11981015921726257,0.016225791007661153,0.07826716602065084,0.0,0.0,0.0014204542618773952,0.052839018936502564,0.0,0.051368396622242574,0.025477088314308373,0.0,0.0,0.0,0.0,0.014934815418835262,0.028657934559822074,0.0,0.0,0.0
2020-01-31,0.19243404560544614,0.0,0.0,0.07320864834427682,0.029737723934480022,0.04811160173270287,0.04284670462390527,0.0,0.032260662469680436,0.00021865109200865993,0.06885408033545672,0.0,0.0,0.07804533792436347,0.043014216626240574,0.0,0.11492288082402394,0.01720568665049623,0.08079183300362903,0.0,0.0,0.0015337553802603216,0.05351957933632483,0.0,0.05288843268100769,0.026592205375499202,0.0,0.0,0.0,0.0,0.0162466692706034,0.027567284789593888,0.0,0.0,0.0
2020-02-07,0.19308537168086848,0.0,0.0,0.07406449253360992,0.02996044812729489,0.0508160744663451,0.04410404440631502,0.0,0.03359430600641077,0.0,0.0688008721517612,0.0,0.0,0.0792238970736786,0.04479240800854769,0.0,0.10817549521567663,0.017916963203419078,0.08023344454918688,0.0,0.0,0.0,0.05468983725190539,0.0,0.04778765001634451,0.028130673922718445,0.0,0.0,0.0,0.0,0.014143930822907517,0.030480090563009453,0.0,0.0,0.0
2020-02-14,0.19292409224077262,0.0,0.0,0.07849114239799142,0.030652375790890633,0.05280653233550054,0.04783876660710072,0.0,0.031222976575508307,0.0,0.09634406074667912,0.0,0.0,0.02163882677388649,0.041630635434011076,0.0,0.12020561386570165,0.01665225417360443,0.08851740186699548,0.0,0.0,0.0006165952756410752,0.0599966506201569,0.0,0.014668809369984439,0.033313577953958576,0.0,0.0,0.026263060228551974,0.0,0.016797813575022604,0.029418814168041346,0.0,0.0,0.0
2020-02-21,0.2637533175184432,0.0,0.0,0.06543956590463983,0.02880966919590184,0.053920279920316894,0.03662989670873795,0.0,0.05709860518755434,0.0004909059673289011,0.07507309913185702,0.0,0.0,0.015431222426889615,0.07613147358340577,0.0,0.0869456850899025,0.030452589433362313,0.0763176674921519,0.0,0.0,0.0009906426682754802,0.04662247454888689,0.0,0.00845894623460879,0.02290238836454983,0.0,0.0,0.018369840546506068,0.0,0.01039386029395782,0.019523518625696963,0.00624435115702564,0.0,0.0
2020-02-28,0.3894524335156606,0.0,0.0,0.044817881829840485,0.0,0.11207635216058039,0.03851964654728361,0.0,0.05047868978855965,0.0,0.08423604686220576,0.0,0.0,0.0027833845404406344,0.06730491971807953,0.0,0.06832962423474437,0.026921967887231814,0.04964520659630031,0.0,0.0,0.014226340385177352,0.017655177817282406,0.0,0.0,0.03355232811661261,0.0,0.0,0.0,0.0,0.0,0.0,0.0,0.0,0.0
2020-03-06,0.4283462531019766,0.0,0.0,0.035093439488105276,0.0,0.1173758424940895,0.023085984164746644,0.0,0.0730533497531704,0.0,0.03659752246148676,0.0,0.0,0.0025529502616457806,0.09740446633756054,0.0,0.04683122810326834,0.038961786535024225,0.05250922406447743,0.0,0.0,0.014280934087102914,0.010013576070362327,0.0,0.0,0.023893443076982934,0.0,0.0,0.0,0.0,0.0,0.0,0.0,0.0,0.0
2020-03-13,0.4280961672491093,0.0,0.0,0.034226049869696976,0.0,0.11832448728526086,0.02225908585707107,0.0,0.07384173857533985,0.00026723815265211316,0.054446619008505844,0.0,0.0,0.0031639433789253245,0.09845565143378647,0.0,0.046758503205861696,0.03938226057351459,0.034528695545246166,0.0,0.0,0.014202374128830386,0.009231316966768738,0.0,0.0,0.02281586876943028,0.0,0.0,0.0,0.0,0.0,0.0,0.0,0.0,0.0
2020-03-20,0.41619078110654073,0.0,0.0,0.04433415832068613,0.0,0.14425756578845364,0.028006354823097747,0.0,0.04487257168710978,0.00013109255295864548,0.04663840304465123,0.0,0.0,0.0029788887608904403,0.059830095582813034,0.0,0.0400594683032499,0.023932038233125216,0.08486747728921808,0.0,0.0,0.01952880187996061,0.013150808840193788,0.0,0.0,0.031221493787050594,0.0,0.0,0.0,0.0,0.0,0.0,0.0,0.0,0.0
2020-03-27,0.48556110473313097,0.0,0.0,0.013431389420795348,0.0,0.1094754175728959,0.008082981917831062,0.0,0.059983558307018486,6.584148468881425e-05,0.04556220692686344,0.0,0.0,0.0015070810946779725,0.07997807774269132,0.0,0.031976132225020173,0.03199123109707653,0.1129336224624723,0.0,0.0,0.013431389420795348,0.006019965594042124,0.0,0.0,0.0,0.0,0.0,0.0,0.0,0.0,0.0,0.0,0.0,0.0
2020-04-03,0.4858833816513852,0.0,0.0,0.012378298515531867,0.0,0.10279505217507683,0.008033637533307943,0.0,0.06635855892871878,0.0,0.04207955512444921,0.0,0.0,0.0008417579087563111,0.08847807857162504,0.0,0.03346556973776587,0.03539123142865002,0.10662842793326929,0.0,0.0,0.012378298515531867,0.005288151975931409,0.0,0.0,0.0,0.0,0.0,0.0,0.0,0.0,0.0,0.0,0.0,0.0
2020-04-10,0.48617982259719217,0.0,0.0,0.012758074112950425,0.0,0.10498161523044576,0.00781829895983226,0.0,0.06401233259699106,0.0,0.044161195170641515,0.0,0.0,0.0007005193881955619,0.08534977679598808,0.0,0.03262268223975936,0.034139910718395235,0.10912984992120482,0.0,0.0,0.012758074112950425,0.005387848155452938,0.0,0.0,0.0,0.0,0.0,0.0,0.0,0.0,0.0,0.0,0.0,0.0
2020-04-17,0.48644174733564105,0.0,0.0,0.011053444542933099,0.0,0.09825876943727452,0.007141410831394628,0.0,0.07438083286899218,0.0,0.03853829260428557,0.0,0.0,0.0004141366492325679,0.0991744438253229,0.0,0.03591662065625809,0.039669777530129166,0.09293804487462241,0.0,0.0,0.011053444542933099,0.005019034300980446,0.0,0.0,0.0,0.0,0.0,0.0,0.0,0.0,0.0,0.0,0.0,0.0
2020-04-24,0.4930323790063993,0.0011751907452603608,0.0,0.0,0.0,0.11900742696030905,0.017677005734840386,0.0,0.0748018258128197,0.0,0.036960412987530535,0.0,0.0,0.0003650068048580696,0.09973576775042628,0.0,0.029920730325127882,0.039894307100170515,0.08742994677225768,0.0,0.0,0.0,0.0,0.0,0.0,0.0,0.0,0.0,0.0,0.0,0.0,0.0,0.0,0.0,0.0
2020-05-01,0.49494575146490477,0.0,0.0,0.0,9.861837056226194e-05,0.12197119394183276,0.018525120843668006,0.0,0.07161076363277984,0.0,0.03921203616300113,0.0,0.0,0.0004486373981644101,0.09548101817703977,0.0,0.028644305453111932,0.038192407270815916,0.09087014728411894,0.0,0.0,0.0,0.0,0.0,0.0,0.0,0.0,0.0,0.0,0.0,0.0,0.0,0.0,0.0,0.0
2020-05-08,0.49154195531143086,0.0,0.0,0.0,0.0,0.13041154723776036,0.01980059743824608,0.0,0.0652615904170976,0.0,0.04245138095845968,0.0,0.0,0.00043973804242598364,0.08701545388946345,0.0,0.026104636166839036,0.03480618155578539,0.10216691898249142,0.0,0.0,0.0,0.0,0.0,0.0,0.0,0.0,0.0,0.0,0.0,0.0,0.0,0.0,0.0,0.0
2020-05-15,0.4931563688373686,0.0,0.0,0.0,0.0,0.1224095317386026,0.018145644130751742,0.0,0.07288590587126145,0.0,0.0379906762166519,0.0,0.0,0.00038037471267392134,0.0971812078283486,0.0,0.02915436234850458,0.038872483131339446,0.08982344518449695,0.0,0.0,0.0,0.0,0.0,0.0,0.0,0.0,0.0,0.0,0.0,0.0,0.0,0.0,0.0,0.0
2020-05-22,0.492111097967315,0.0,0.0,0.0,0.0,0.1283704580568397,0.019191385466481498,0.0,0.06671343813735624,0.0,0.043195118396311724,0.0,0.0,0.0008701786944511067,0.0889512508498083,0.0,0.02668537525494249,0.03558050033992333,0.09833119683657038,0.0,0.0,0.0,0.0,0.0,0.0,0.0,0.0,0.0,0.0,0.0,0.0,0.0,0.0,0.0,0.0
2020-05-29,0.43323878691099427,0.0,0.0,0.0,0.0,0.13650092567149902,0.030023279387143224,0.0,0.07331513372593378,0.0,0.053779537353661665,0.0,0.0,0.003959025842552285,0.09775351163457838,0.0,0.029464965531638847,0.03910140465383135,0.10084144845229734,0.0,0.0,0.0,0.0,0.0,0.0,0.0,0.0,0.0,0.0,0.0,0.0,0.0,0.0,0.0020219808358695923,0.0
2020-06-05,0.4360125084370276,0.0,0.0,0.0,0.0,0.13780776402097103,0.030902860369571402,0.0,0.0716352544644982,0.0,0.0511970239010974,0.0,0.0,0.003915986048316871,0.09551367261933093,0.0,0.028809297997591136,0.03820546904773237,0.10238979962950767,0.0,0.0,0.0,0.0,0.0,0.0,0.0,0.0,0.0,0.0,0.0,0.0017202343566630994,0.0,0.0,0.0018901291076920163,0.0
2020-06-12,0.4342022909316321,0.0,0.0,0.0,0.0,0.1355818353396076,0.029899971688832013,0.0,0.07381903593479647,0.0,0.051785964508445956,0.0,0.0,0.025444013214673048,0.09842538124639529,0.0,0.02967831809209816,0.03937015249855812,0.07940399292133302,0.0,0.0,0.0,0.0,0.0,0.0,0.0,0.0,0.0,0.0,0.0,0.0,0.0,0.0,0.00238904362362792,0.0
2020-06-19,0.43064593081870617,0.0,0.0,0.0,0.0,0.14341265338068812,0.032033767232857294,0.0,0.06838391935981201,0.0,0.05671353541108443,0.0,0.0,0.005675058412494723,0.09117855914641602,0.0,0.027427392721682757,0.03647142365856641,0.10592721254373544,0.0,0.0,0.0,0.0,0.0,0.0,0.0,0.0,0.0,0.0,0.0,0.0,0.0,0.0,0.002130547313956263,0.0
2020-06-26,0.4281172388510971,0.0,0.0,0.0,0.0,0.10739630850215215,0.018776160649926224,0.0,0.06801372525648951,0.0,0.05494660758791678,0.0,0.0,0.05314259822302056,0.09068496700865268,0.0,0.040354477690688846,0.03627398680346107,0.09547007264533558,0.0,0.0,0.0,0.0,0.0,0.0031038106569670496,0.0,0.0,0.0,0.0,0.0,0.0037200461242921064,0.0,0.0,0.0,0.0
2020-07-03,0.41408584154369216,0.0,0.0,0.0,0.0,0.1516973615973988,0.024122786038752675,0.0,0.04506432748609431,0.0,0.07830910162379295,0.0,0.0,0.06963802847808398,0.06008576998145908,0.0,0.03498753426349063,0.024034307992583635,0.09275372801140591,0.0,0.0,0.0,0.0,0.0,0.0,0.0,0.0,0.0,0.0,0.0,0.005221212983245576,0.0,0.0,0.0,0.0
2020-07-10,0.41152222270255523,0.0,0.0,0.0,0.0004853397893084724,0.1299927857034012,0.02954627305554006,0.0,0.053416427398416184,0.00035545558683733547,0.06548335140953594,0.0,0.0,0.056637822044888354,0.07122190319788824,0.0,0.047934165519691777,0.0284887612791553,0.08210547553425278,0.0,0.0,9.690463113189952e-05,0.0,0.0,0.005910329564783557,0.0,0.0,0.0,0.0,0.0,0.01680278258261334,0.0,0.0,0.0,0.0
2020-07-17,0.4019262520630776,0.0,0.0,0.0,0.00022034047381465252,0.13505088511590635,0.031227798535554276,0.0,0.04511689707994488,0.0,0.07645399057495815,0.0,0.0,0.06345700805568938,0.060155862773259836,0.0,0.04497303784180415,0.024062345109303936,0.09018419545690821,0.0,0.0,0.0,0.0,0.0,0.006870581779441016,0.0,0.0,0.0,0.0,0.0,0.0203008051403371,0.0,0.0,0.0,0.0
2020-07-24,0.41112342302306504,0.0,0.0,0.0,0.00021702824276629017,0.1286037402658732,0.02892080238130062,0.0,0.05080158670697115,0.0,0.07234962934791869,0.0,0.0,0.059942644093498906,0.0677354489426282,0.0,0.04509121817412666,0.027094179577051285,0.08364962079488791,0.0,0.0,0.0,0.0,0.0,0.006148213960467446,0.0,0.0,0.0,0.0,0.0,0.018322464489444336,0.0,0.0,0.0,0.0
2020-07-31,0.28901882399902157,0.0,0.0,0.014202365570517034,0.032900243835030374,0.14767234205057903,0.025653495984983607,0.0,0.055276729436741605,0.0,0.06149175148354078,0.0,0.0,0.07899256764406143,0.07370230591565546,0.0,0.03653559677930866,0.02948092236626219,0.0993512116612336,0.0,0.0,0.0,0.0,0.0,0.01652927653835644,0.014202365570517034,0.0,0.0,0.0,0.0,0.02499000116419056,0.0,0.0,0.0,0.0
2020-08-07,0.2917647086429862,0.0,0.0,0.0182908885497397,0.0332371241655741,0.1441967890768453,0.02925670980142587,0.0,0.05578540833476141,0.0,0.05317733260431733,0.0,0.0,0.0756574210839373,0.07438054444634855,0.0,0.04179167074748191,0.02975221777853942,0.10278909661332163,0.0,0.0,0.0,0.0,0.0,0.009079427190348946,0.02097605879761402,0.0,0.0,0.0,0.0,0.019864602166757735,0.0,0.0,0.0,0.0
2020-08-14,0.2932413311769307,0.0,0.0,0.018502823791884164,0.032861437834797294,0.14420681167846627,0.02940974822672612,0.0,0.05703753672113211,0.0,0.05892052396570001,0.0,0.0,0.07079357503670361,0.07605004896150948,0.0,0.04200157704869921,0.030420019584603795,0.1014653742227792,0.0,0.0,0.0,0.0,0.0,0.0069128247768268074,0.02044007232895409,0.0,0.0,0.0,0.0,0.017736294644286707,0.0,0.0,0.0,0.0
2020-08-21,0.2918074959271838,0.0,0.0015374084328982855,0.01877627046916343,0.032988238709491365,0.1416539121996115,0.029688355545146528,0.0,0.056555684249856096,0.0,0.05660835922544764,0.0,0.0,0.07546283912252776,0.07540757899980813,0.0,0.04212882287501252,0.030163031599923253,0.10119573605443333,0.0,0.0,0.0,0.0,0.0,0.0066045802569319936,0.02025495802842619,0.0,0.0,0.0,0.0,0.019166728304137653,0.0,0.0,0.0,0.0
2020-08-28,0.26986382832285866,0.0,0.0,0.011733336937966247,0.0,0.13712556793460967,0.011733336937966247,0.0,0.06866375850430594,0.0,0.023465680317959724,0.0,0.0,0.08570277019411321,0.09155167800574125,0.0,0.05975512535409339,0.0366206712022965,0.09181039019095043,0.0,0.0,0.0,0.0,0.0,0.0227902795442707,0.0633094007776124,0.0,0.0,0.0,0.0,0.025874175775255276,0.0,0.0,0.0,0.0
2020-09-04,0.26325846679130027,0.0,0.0,0.014244063242848763,0.0,0.14038697266673505,0.014244063242848763,0.0,0.06617870188891702,0.0,0.02104439817855913,0.0,0.0,0.08287062496605657,0.08823826918522269,0.0,0.06306794141750222,0.035295307674089074,0.09673422822029636,0.0,0.0,0.0,0.0,0.0,0.02273057190005643,0.06707697452768385,0.0,0.0,0.0,0.0,0.024629416097883564,0.0,0.0,0.0,0.0
2020-09-11,0.25439402767547925,0.0,0.0,0.016080238708335144,0.0,0.15756933459296646,0.016080238708335144,0.0,0.06214268552541488,0.0,0.028468075133520274,0.0,0.0,0.0660327541243004,0.08285691403388651,0.0,0.06407571959406672,0.03314276561355461,0.11058224867169067,0.0,0.0,0.0,0.0,0.0,0.018187652522630795,0.0706140497948272,0.0,0.0,0.0,0.0,0.01977329530099163,0.0,0.0,0.0,0.0
2020-09-18,0.23325872286391092,0.0,0.0,0.01911007982544967,0.0,0.12769132828641927,0.01911007982544967,0.0,0.05786862858701272,0.0012715966610941808,0.06430216192735913,0.0,0.0,0.07087756228329994,0.07715817144935029,0.0,0.0754401142638058,0.03086326857974012,0.09476379072005683,0.0,0.0,0.01330730289978357,0.0,0.0,0.021249033741483778,0.06966117046407867,0.0,0.0,0.0,0.0,0.01911746690851801,0.004949520713186927,0.0,0.0,0.0
2020-09-25,0.24556907933292219,0.0,0.005521596799203177,0.022972353996328028,0.0,0.11316112186096332,0.03336623812494572,0.0,0.04834292759475496,0.00022497716139751353,0.08849763540464009,0.0,0.022972353996328028,0.04743643560676307,0.06445723679300662,0.0,0.09102259379294982,0.02578289471720265,0.09899911406581355,0.0,0.0,0.0,0.0,0.0,0.009952097830870334,0.05686720268096377,0.0,0.0,0.0,0.0,0.010654603919548214,0.014199536321398375,0.0,0.0,0.0
2020-10-02,0.2367347168394167,0.0,0.0,0.019769721655842825,0.0,0.11547486570375695,0.029683439768385167,0.0,0.05019982760061612,0.0007660947665835434,0.05554315395391131,0.0,0.019769721655842825,0.06317969034820406,0.06693310346748817,0.0,0.10500283103601063,0.026773241386995265,0.0841596498752093,0.0,0.0,0.00089982923449403,0.0,0.0,0.024854135364454185,0.0518237648719344,0.0,0.0,0.0,0.0,0.02398068309682716,0.011355682670341578,0.0,0.01309584670368514,0.0
2020-10-09,0.27189488631901704,0.0,0.0,0.014715203957276202,0.0,0.10820134714757304,0.023946123919382875,0.0,0.0650736795161718,0.0008704899072271467,0.0459097791720605,0.0,0.014715203957276202,0.05562040293665606,0.0867649060215624,0.0,0.09825298579468036,0.03470596240862496,0.07360122651021934,0.0,0.0,0.00048058001771857025,0.0,0.0,0.021967230014802115,0.04420383703155273,0.0,0.0,0.0,0.0,0.0211063826318528,0.009456185233935814,0.0,0.008513587502409558,0.0
2020-10-16,0.2461837294734584,0.0,0.0,0.018511063796852575,0.0,0.11460694401097732,0.028028536885731474,0.0,0.05432152595467341,0.0,0.04829682571937914,0.0,0.018511063796852575,0.06045244186198101,0.07242870127289788,0.0,0.10156718341115101,0.028971480509159157,0.0872015456492106,0.0,0.0,0.0,0.0,0.0,0.027737698494861327,0.04880367484737505,0.0,0.0,0.0,0.0,0.02465290089717343,0.010086775022774858,0.0,0.009637908395490141,0.0
2020-10-23,0.23085736315221925,0.0,0.0,0.02350358891563556,0.0010062798575723023,0.11893837128332263,0.03241889570191338,0.0,0.04582797145720715,0.0,0.04968816689748015,0.0,0.02350358891563556,0.06393781139487846,0.06110396194294286,0.0,0.10085879143936621,0.024441584777177148,0.09327376451732325,0.0,0.0,0.0,0.0,0.0,0.027134409980706438,0.055717034862361195,0.0,0.0,0.0,0.0,0.02848018519108059,0.008760469946468513,0.0,0.010547759766708836,0.0
2020-10-30,0.25359372547848774,0.0,0.0037082267023525,0.024761214435920977,0.03171322543994433,0.1130336560683926,0.034775364602156945,0.0,0.05166424029773632,0.0,0.05414448442184597,0.0,0.024761214435920977,0.045002475009565356,0.06888565373031509,0.0,0.08439955222689105,0.02755426149212604,0.07477550436551653,0.0,0.0,0.0,0.024761214435920977,0.0,0.010093377802791613,0.024761214435920977,0.0,0.0,0.0,0.0,0.010975427189282488,0.017501776722318868,0.0,0.019134190706592023,0.0
2020-11-06,0.22050786262529745,0.0,0.002379256838822567,0.028104996074676713,0.03167620277185764,0.14918233923414034,0.03810832389080539,0.0,0.04263482200385131,0.0,0.09124947369302844,0.0,0.028104996074676713,0.039389319792351954,0.05684642933846842,0.0,0.06248560400289301,0.022738571735387368,0.07571057414057808,0.0,0.0,0.0,0.028104996074676713,0.0,0.0034399851716362456,0.030791357677135565,0.0,0.0,0.0,0.0,0.0034541840444246297,0.026523059684572435,0.0,0.018567645130718652,0.0
2020-11-13,0.25200055213453687,0.0,0.004652208918055063,0.025397175868327133,0.029110555153057605,0.14164237382544592,0.03503960495988901,0.0,0.05270493332867845,0.0005732288643169728,0.06731569667568839,0.0,0.025397175868327133,0.041318806257990184,0.07027324443823793,0.0,0.06672018074364762,0.028109297775295174,0.07791221782966956,0.0,0.0,0.0,0.025397175868327133,0.0,0.005582281095751531,0.028427730521181124,0.0,0.0,0.0,0.0,0.005127230567806948,0.017298329305769668,0.0,0.0,0.0
2020-11-20,0.19807208644080282,0.0,0.026797399018187004,0.02370998797511484,0.03134181972634309,0.14341086805562103,0.03327784064053871,0.0,0.033572611630483896,0.0005851615199701577,0.08581225309284812,0.0,0.02370998797511484,0.06769977958280622,0.04476348217397853,0.0,0.08153386798522393,0.017905392869591415,0.07251162480979188,0.0,0.0,0.0,0.02370998797511484,0.0,0.02605099508048999,0.027078034109915935,0.0,0.0,0.0,0.0,0.024714522906566172,0.013742296431495937,0.0,0.0,0.0
2020-11-27,0.2298676201772094,0.0,0.03215074485009936,0.016412808253317854,0.0006678576835292818,0.13224324929942005,0.02498790742117845,0.0,0.04418363011744108,0.0006146434215297271,0.07999746323352663,0.0,0.016412808253317854,0.06058977550415827,0.05891150682325478,0.0,0.062915115017724,0.02356460272930191,0.08845410700395796,0.0,0.0,0.0,0.016412808253317854,0.0,0.019114484073123945,0.07932883659048252,0.0,0.0,0.0,0.0,0.0,0.013170031294108587,0.0,0.0,0.0
2020-12-04,0.2484923384536189,0.0,0.007749692252178657,0.020763043034790214,0.002364956766322097,0.13306890257977988,0.029738501753020556,0.0,0.051147313193947455,0.0,0.09294585453184627,0.0,0.020763043034790214,0.03465043168464444,0.06819641759192994,0.0,0.06697640594574883,0.027278567036771978,0.09031358847368617,0.0,0.0,0.0,0.020763043034790214,0.0,0.0032671596056625066,0.05971693278833337,0.0,0.0,0.0,0.0,0.0,0.019216139857320524,0.0025876683808173555,0.0,0.0
2020-12-11,0.2567514242019734,0.0,0.004059338578693034,0.021331301207718686,0.002852674162485691,0.1282886310905404,0.03028007808819663,0.0,0.05432423616380744,0.0012005776785711836,0.08957430042748396,0.0,0.021331301207718686,0.03783478815281678,0.07243231488507658,0.0,0.06757698776290108,0.028972925954030636,0.08595538279121327,0.0,0.0,0.00040844978185684464,0.021331301207718686,0.0,0.0030066674504142625,0.05683569259302062,0.0,0.0,0.0,0.0,0.0,0.015651626613761682,0.0,0.0,0.0
2020-12-18,0.23969160379742782,0.0,0.006191410937128548,0.025225932451792832,0.0030475013709087098,0.11653826754273008,0.032883805603023696,0.0,0.04584215175404838,0.00293825068004016,0.06665420092881057,0.0,0.024148606982067236,0.04230141175734355,0.06112286900539784,0.0,0.09859210726223844,0.024449147602159136,0.09683361293546675,0.0,0.0,0.0014559202561610727,0.024148606982067236,0.0,0.0053941797012226,0.056700591868362196,0.0,0.0,0.0,0.0,0.00525281926014293,0.020587001321459814,0.0,0.0,0.0
2020-12-25,0.2008377524706091,0.0,0.028086102369322397,0.026641013273468055,0.0018686197591551738,0.1149645331919272,0.03359976606936385,0.0,0.03252998258324744,0.003063695171714348,0.07983975606530408,0.0,0.024978071574245427,0.07191154837718429,0.04337331011099659,0.0,0.10417082827548854,0.017349324044398637,0.06937510486422352,0.0,0.0,0.0020319562777671237,0.024978071574245427,0.0,0.02496296039489549,0.0598226395342249,0.0,0.0,0.0,0.0,0.02381548687393584,0.01179947714428196,0.0,0.0,0.0
2021-01-01,0.22423365550675528,0.0,0.006026573272308015,0.029170932465000694,0.00204900110272041,0.11048663804915845,0.03784251996217207,0.0,0.04144073051502513,0.004666351820029551,0.1337675189093359,0.0,0.02805743525000689,0.04069421261082644,0.05525430735336684,0.0,0.06158675951384843,0.022101722941346737,0.06857670356581809,0.0,0.0,0.001890773576056635,0.02805743525000689,0.0,0.004052203938862905,0.06702829143097487,0.0,0.0,0.0,0.0,0.0,0.03301623296637922,0.0,0.0,0.0
2021-01-08,0.1858758396057712,0.0,0.0039898769858711615,0.03321993106286312,0.0020443284768370497,0.11559051975131322,0.04200021839158779,0.0,0.02868699772010311,0.004607441867854591,0.1477140589121451,0.0,0.03212128223333142,0.04133885273469536,0.038249330293470815,0.0,0.06266369651276556,0.015299732117388326,0.07254580137297784,0.0,0.0,0.001856156483244599,0.03212128223333142,0.0,0.001987184746912827,0.07164776874481299,0.0,0.0,0.0,0.0,0.0,0.06643969975272208,0.0,0.0,0.0
2021-01-15,0.21033270063819276,0.0,0.0067161569152833405,0.03221991092233769,0.0032549738049124886,0.11528546524572275,0.04043928892877014,0.0,0.03514552895839772,0.004294573734175741,0.12054127148259258,0.0,0.030885816523979953,0.04041941355662553,0.046860705277863623,0.0,0.07832364624515971,0.01874428211114545,0.0726201874516013,0.0,0.0,0.0016830678474508201,0.030885816523979953,0.0,0.0030201550902726913,0.07075411108134247,0.0,0.0,0.0,0.0,0.0,0.03757292766019281,0.0,0.0,0.0
2021-01-22,0.18745223988120793,0.0,0.008464080624748462,0.035526666610846164,0.0035576236083329537,0.11801209137106611,0.04365070697110324,0.0,0.024953489273848512,0.004083891822119906,0.14447155019940797,0.0,0.03426131548899192,0.0421450814922882,0.033271319031798016,0.0,0.07739633739375695,0.013308527612719208,0.07642207822334883,0.0,0.0,0.0019136181415627114,0.03426131548899192,0.0,0.0,0.07643970079960893,0.0,0.0,0.0,0.0,0.003344459606474626,0.037063906357776885,0.0,0.0,0.0
2021-01-29,0.21266219227610167,0.0,0.005473625754526633,0.03177180537011497,0.03484353334250776,0.08293880398931508,0.03993371755995121,0.0,0.03795404027743224,0.004271296070920097,0.15133481904656354,0.0,0.0307996075744569,0.0411879523140497,0.05060538703657632,0.0,0.08498045290992122,0.02024215481463053,0.02384118371643284,0.0,0.0,0.0023631905194543682,0.030417867795587437,0.0,0.0,0.08531567392223173,0.0,0.0,0.0,0.0,0.0034630825816241214,0.02559961312760107,0.0,0.0,0.0
2021-02-05,0.1948155917726992,0.0,0.007021039346785525,0.03437108301030885,0.037265153892833074,0.0846700704628941,0.042597122222897826,0.0,0.029524062537629524,0.004183818571095019,0.06276493139382894,0.0,0.03301327109711398,0.04231233249104829,0.039365416716839366,0.0,0.1892029108938572,0.015746166686735747,0.025654597051229803,0.0,0.0,0.002026958229925867,0.03301327109711398,0.0,0.0,0.09146117518892205,0.0,0.0,0.0,0.0,0.0035689242124726014,0.027422103123768516,0.0,0.0,0.0
2021-02-12,0.21631338568172037,0.0,0.011524797914487878,0.03164224832997481,0.03329423780068349,0.07568564889612833,0.03975655666800558,0.0,0.03939721176701007,0.004068232326219886,0.058541060916176946,0.0,0.030701323070277814,0.040641564795241183,0.052529615689346755,0.0,0.1248887887284196,0.021011846275738703,0.017892010411305607,0.0,0.0,0.016773242871935337,0.029994598651747605,0.0,0.0,0.08694116653829546,0.0,0.0,0.004821438779362123,0.0,0.0,0.011172407840335661,0.0,0.052408616047586266,0.0
2021-02-19,0.24287887146116194,0.0,0.008779923141497979,0.04052822740554428,0.03230005177331296,0.07403938599874871,0.035570838172293714,0.0,0.050063893935957164,0.003891809622678847,0.09413466861946378,0.0,0.026735142451319787,0.038880641382016884,0.06675185858127622,0.0,0.07293931141157653,0.02670074343251049,0.016573406636980745,0.0,0.0,0.0018766198771796572,0.02606265603676232,0.0,0.0,0.08005776280219846,0.0,0.0,0.0,0.0,0.004656771710345352,0.0,0.0,0.05657741554717358,0.0
2021-02-26,0.20452213920632584,0.0,0.01050817188726587,0.09345381361217739,0.03693383868110385,0.025470343740287244,0.0447928270793981,0.0,0.032542800927901405,0.004093817102861194,0.02871061497955725,0.0,0.03466907466794777,0.011376624763931264,0.04339040123720187,0.0,0.13675186765952532,0.01735616049488075,0.028240278712671003,0.0,0.0,0.03581613267919265,0.03466907466794777,0.0,0.0,0.10693803136033594,0.0,0.0,0.0,0.0,0.00542420167988849,0.0,0.0,0.06433978485959846,0.0
2021-03-05,0.20920629457920695,0.0,0.008817675314833693,0.08266716727636923,0.0365756116602754,0.02591932605472662,0.043324747377834656,0.0,0.034362778823846314,0.004090999545833734,0.02897783317484726,0.0,0.03443261594221351,0.008926170130673147,0.04581703843179509,0.0,0.0858642430019691,0.018326815372718037,0.02693945305899402,0.0,0.0,0.03550531333334174,0.033339260261345365,0.0,0.0,0.10301960481958053,0.0,0.0,0.006783109605050323,0.0,0.0,0.0,0.0,0.12710394223454458,0.0
2021-03-12,0.1991719526343576,0.0,0.008606570072062312,0.08513001017839113,0.03688287479910564,0.024882869156737833,0.04522261156015033,0.0,0.029439845650186907,0.0038537673109294854,0.030195668128475496,0.0,0.050323289269888674,0.008392641448975276,0.03925312753358254,0.0,0.1616152444320084,0.015701251013433018,0.027347454116948673,0.0,0.0,0.03490948149002384,0.035488688000136985,0.0,0.0,0.10578604476839926,0.0,0.0,0.007192384627844427,0.0,0.0,0.0,0.0,0.05060422380836152,0.0
2021-03-19,0.2280380778710868,0.0,0.011219957805994923,0.0753321103391144,0.031619294640985576,0.023281934130581546,0.04125251933090869,0.0,0.04356708225163855,0.004135355470945225,0.02669793092856158,0.0,0.049955247238623574,0.011429563172098532,0.058089443002184736,0.0,0.14538574030085416,0.023235777200873897,0.019792617506282275,0.0,0.0,0.030707058550919042,0.03189047852130977,0.0,0.0,0.09880243469590128,0.0,0.0,0.012645285451747108,0.0,0.0,0.0,0.0,0.0329220915893877,0.0
2021-03-26,0.23253709238903866,0.0,0.010407171085112844,0.04810612367351035,0.03839461745568491,0.025198924558510458,0.034790491553552884,0.0,0.04941825054229462,0.034313677815725724,0.025749716959339582,0.0,0.04145040341317519,0.0327327471653654,0.06589100072305949,0.0,0.15170313357602228,0.0263564002892238,0.010240692016803998,0.0,0.0,0.0023105239294702808,0.02525552985145562,0.0,0.0,0.09996914645247126,0.0,0.0,0.01566428278975461,0.0,0.005605748478683897,0.0,0.0,0.023904325281743563,0.0
2021-04-02,0.23352073469411924,0.0,0.01080619255155375,0.046830912820737675,0.03804780383280682,0.025249852196180395,0.0346397410675528,0.0,0.04950032399687085,0.03383701525450828,0.025690781186405498,0.0,0.04767692383372533,0.03080888315062298,0.0660004319958278,0.0,0.15344458026528457,0.02640017279833112,0.010431004355256991,0.0,0.0,0.00043667902618787976,0.025223865593000133,0.0,0.0,0.09885248430314966,0.0,0.0,0.017081763224590235,0.0,0.0,0.0,0.0,0.025519853853287377,0.0
2021-04-09,0.1931504323029781,0.0,0.009103327030524043,0.05363636929236552,0.04005531847846856,0.020052689797632507,0.03929483828667692,0.0,0.03293402329541775,0.03535916915139322,0.031757919157331414,0.0,0.053612946319551796,0.0316445467648883,0.043912031060557,0.0,0.2278742716698293,0.017564812424222802,0.011326622205512251,0.0,0.0,0.002297535662842654,0.02993587473559811,0.0,0.0,0.10491976240997378,0.0,0.0,0.021567509954235377,0.0,0.0,0.0,0.0,0.0,0.0
2021-04-16,0.25725719821255244,0.0,0.0,0.05182168169786562,0.03933675268416071,0.046911605530654696,0.038137869476373765,0.0,0.0427513945918832,0.03473312551279064,0.06929089001533593,0.0,0.05337188806246246,0.037654002987613476,0.057001859455844274,0.0,0.07581318710288949,0.02280074378233771,0.010542739825771311,0.0,0.0,0.012042154598656723,0.02854121982434331,0.0,0.0,0.09339475519456378,0.0,0.0,0.02145966215645318,0.0,0.007137269287446703,0.0,0.0,0.0,0.0
2021-04-23,0.21479311669937948,0.0,0.0,0.05200886179868782,0.041091493954848464,0.02282017659839556,0.03758512161356854,0.0,0.04178217041648921,0.03416912063173306,0.027704550749969695,0.0,0.033349406026105366,0.034551149449293925,0.05570956055531895,0.0,0.1933053463209452,0.02228382422212758,0.01152032310105342,0.0,0.0,0.023526074020022523,0.028249955855333048,0.0,0.0,0.09142796080970819,0.0,0.0,0.02580897592684546,0.0,0.008312811250173767,0.0,0.0,0.0,0.0
2021-04-30,0.21828771771100883,0.029234663567119998,0.0,0.027066912709168348,0.001111543924559545,0.02341948140722048,0.034975520658250936,0.0,0.04367454340120668,0.032824778545664055,0.027416340101564143,0.0,0.1143931776598306,0.0033590991842792507,0.05823272453494225,0.0,0.19511278390651196,0.0232930898139769,0.011462443633949302,0.0,0.0,0.012234877360667432,0.02821661397409006,0.0,0.0,0.08005854004604944,0.0,0.0,0.02742693479587155,0.0,0.008198213064067681,0.0,0.0,0.0,0.0
2021-05-07,0.21767156312275432,0.028532984050892923,0.0,0.030001949953613292,0.0,0.023370899273523385,0.036883075523132726,0.0,0.04317675197131761,0.03206444091068204,0.02752639091894525,0.0,0.09243626967666142,0.004885622042529702,0.05756900262842348,0.0,0.2076286961121256,0.023027601051369393,0.010750320775497813,0.0,0.0,0.024879287357658025,0.02867843013659547,0.0,0.0,0.07919214120835266,0.0,0.0,0.025214017765960314,0.0,0.006510555519963932,0.0,0.0,0.0,0.0
2021-05-14,0.2276100871643212,0.02843041616700763,0.0,0.02884175009842572,0.0,0.02595719956057624,0.03644892879521562,0.0,0.05087375933246092,0.03182025357865432,0.025945450878493228,0.0,0.0916989184989711,0.002835043787087995,0.06783167910994789,0.0,0.1359309009446172,0.02713267164397916,0.006841630529969972,0.0,0.0,0.023202378367340494,0.028289761038929086,0.0,0.0006618596203239284,0.07873722618974201,0.0,0.0,0.07759976195528559,0.0,0.0033103227386500358,0.0,0.0,0.0,0.0
2021-05-21,0.23796921701027152,0.02817729076956741,0.0,0.02555477911610074,0.0,0.027863951411080518,0.033614523461290485,0.0,0.05615800599823764,0.031446505246562555,0.024714672668860876,0.0,0.0867917476763187,0.003003162938467282,0.07487734133098352,0.0,0.1317899922419776,0.02995093653239341,0.0,0.0,0.0,0.022782975631713373,0.026512345565092136,0.0,0.0,0.07283493564542978,0.0,0.0,0.08595761675565206,0.0,0.0,0.0,0.0,0.0,0.0
2021-05-28,0.22361451454900105,0.029920699435608277,0.0,0.021683800985025013,0.0,0.047626841603140235,0.030962829761942152,0.0,0.04996825753361917,0.032192082202915764,0.026509560993358553,0.0,0.08524174470553321,0.0025127343233258184,0.0666243433781589,0.0,0.13385201334754465,0.02664973735126356,0.0,0.0,0.0,0.05136050993213826,0.025456307210594963,0.0,0.0,0.04271236491018926,0.0,0.0,0.09657048867823068,0.0,0.006541169098409915,0.0,0.0,0.0,0.0
2021-06-04,0.18269166059937916,0.03323313150114746,0.0,0.024323964370420344,0.0,0.044819821395432474,0.03324919790248153,0.0,0.031604208577715114,0.03529720783991621,0.031319119308606355,0.0,0.09188352865290152,0.01014594107873614,0.04213894477028681,0.0,0.2369592062059325,0.016855577908114726,0.0,0.0,0.0,0.056143719264214076,0.02861316533621227,0.0,0.0,0.04671176970197287,0.0,0.0,0.04712932426228994,0.0,0.0068805113242399385,0.0,0.0,0.0,0.0
2021-06-11,0.20007964730698988,0.034681884680398394,0.0,0.0215528715245853,0.0,0.04439788678029715,0.030769160706373748,0.0,0.039505601543502744,0.032909153543261814,0.029167426935111714,0.0,0.08864017620319603,0.008403189403690703,0.052674135391336994,0.0,0.1551535817239539,0.0210696541565348,0.0,0.0,0.0,0.05033110954978111,0.022984874568176314,0.0,0.005222100299801543,0.04379612772467199,0.0,0.0,0.11033667462418043,0.0,0.0,0.0,0.0,0.008324743334154784,0.0
2021-06-18,0.19096237781315628,0.03143798439349303,0.0,0.027405643551922515,0.0,0.04688638613748258,0.03665434525453531,0.0,0.030925570584015433,0.033315527252124,0.030888733411554757,0.0,0.09509348840438223,0.00885086333847124,0.04123409411202058,0.0,0.23348674332913227,0.016493637644808233,0.013073997527550264,0.0,0.0,0.05362474469437074,0.02904818391882078,0.0,0.0,0.04991515843334335,0.0,0.0,0.026151743945314478,0.0,0.004550776253501204,0.0,0.0,0.0,0.0
2021-06-25,0.19132096060686393,0.042822538607698045,0.0,0.03126549890746336,0.0,0.019752244136894855,0.0713505535973798,0.0,0.03208070287324961,0.031799063050416805,0.030631302499311383,0.0,0.1006307591227831,0.037452490317774,0.04277427049766615,0.0,0.18774587187221886,0.01710970819906646,0.013161484569928869,0.0,0.0,0.013781815662779877,0.035370582391656594,0.0,0.021050496699579153,0.055119401628537804,0.0,0.0,0.013538174583198481,0.0,0.011242080175532047,0.0,0.0,0.0,0.0
2021-07-02,0.19677897367661384,0.04195359499934029,0.0,0.02845006675637484,0.0,0.020535961615161455,0.06785471663835867,0.0,0.03446129338378032,0.032802013653257335,0.029943681920422995,0.0,0.10132228333175307,0.027064327302774624,0.04594839117837376,0.0,0.1920306089936539,0.018379356471349504,0.012329170337433394,0.0,0.0,0.012806310189784563,0.031872618278536456,0.0,0.03135944518903764,0.05723612113959733,0.0,0.0,0.016871064944395383,0.0,0.0,0.0,0.0,0.0,0.0
2021-07-09,0.1784220036268958,0.04347829173210661,0.0,0.035734501819302086,0.0,0.018002448144672393,0.0746136692015063,0.0,0.026436538345562595,0.03314250150057542,0.0316709912184632,0.0,0.10576351414798323,0.026175897981406196,0.03524871779408346,0.0,0.20695391557680468,0.014099487117633385,0.01238393743348663,0.0,0.0,0.01431459088669786,0.037004594475593885,0.0,0.018022808230144276,0.062351445495947844,0.0,0.0,0.016906996845781744,0.0,0.00927314842535171,0.0,0.0,0.0,0.0
2021-07-16,0.15611652289452493,0.04375597704830506,0.0,0.0344959892212899,0.0,0.018016370549149674,0.07373152215729173,0.0,0.026654931392593676,0.03358769473495142,0.03174408933234964,0.0,0.10910306443586791,0.03816904199496024,0.03553990852345823,0.0,0.17821942577961536,0.014215963409383294,0.0,0.0,0.0,0.0021908565434084035,0.054614991014392156,0.0,0.04384147060346982,0.06348209201653258,0.0,0.0,0.025141057387699804,0.0,0.01737903096075549,0.0,0.0,0.0,0.0
2021-07-23,0.15319931845281673,0.04363461439645236,0.0,0.031846364736178884,0.0,0.017634877619572623,0.07307615978712848,0.0,0.025754402173107316,0.03392833719246609,0.0344253528531874,0.0,0.11049679991266081,0.025796839919024372,0.03433920289747642,0.0,0.17189732591866366,0.013735681158990569,0.0,0.0,0.0,0.0013442484170855145,0.05395589216072537,0.0,0.043203030893959944,0.06511055756744932,0.0,0.0,0.014267447540534172,0.0,0.052353546402519185,0.0,0.0,0.0,0.0
2021-07-30,0.12227081157509045,0.0410880612084768,0.0,0.03357383783130747,0.0,0.01752464270581893,0.04149070332429638,0.0,0.02504902252845087,0.0026071547329472883,0.034685289034869504,0.0,0.11486992597840041,0.02526383983060864,0.03339869670460116,0.0,0.1680212006419026,0.013359478681840465,0.03770294904937141,0.0,0.0,0.04296805530278609,0.1323392701785471,0.0,0.03565769998774557,0.03226840202833816,0.0,0.0,0.0051363320169933654,0.0,0.0407246266576068,0.0,0.0,0.0,0.0
2021-08-06,0.12416783994304165,0.042442643977837764,0.0,0.0340456827150739,0.0,0.017881756946594364,0.04368172417745828,0.0,0.026179296666046344,0.002744982624436834,0.031999128395339076,0.0,0.12068974201031167,0.027030324897363768,0.03490572888806179,0.0,0.16041516912637993,0.013962291555224717,0.039764906774238766,0.0,0.0,0.04389825712010093,0.13193273355938806,0.0,0.004831067770949091,0.033547368616863124,0.0,0.0,0.0,0.0,0.03685631771623785,0.0,0.0,0.029023036519051318,0.0
2021-08-13,0.10966547771377119,0.042360088011698056,0.0,0.033256934583226976,0.0,0.01647560102571707,0.04265842016117042,0.0,0.022093001287302173,0.0017317413103748397,0.03537877452567034,0.0,0.12331413779408448,0.027736284895633782,0.029457335049736234,0.0,0.17745618856495848,0.011782934019894494,0.03629400219285202,0.0,0.0,0.05311546675007524,0.12433045486731406,0.0,0.0030967967999578645,0.03280536091835175,0.0,0.0,0.0,0.0,0.03822510359493183,0.0,0.0,0.03876589593327813,0.0
2021-08-20,0.15243906820248151,0.04151535999010586,0.0,0.03034528994534018,0.0,0.021685602137917148,0.04012104115283329,0.0,0.037204666300851646,0.0,0.029455196773014544,0.0,0.11125909563553309,0.02811522984106704,0.04960622173446886,0.0,0.13459437914185107,0.019842488693787543,0.034666778002789486,0.0,0.0,0.040804312844169965,0.13035636190314348,0.0,0.003654788072130945,0.03034528994534018,0.0,0.0,0.0,0.0,0.036111784245756284,0.0,0.0,0.0278770454374172,0.0
2021-08-27,0.12606243035510917,0.0013470499440735562,0.0,0.037232531579314804,0.0,0.01896275256686535,0.08768151130465188,0.0,0.02977478485032301,0.0005115586068639469,0.03181758365939202,0.0,0.11894344270745626,0.016768289221373196,0.03969971313376401,0.0,0.14642714037484997,0.015879885253505605,0.037232531579314804,0.0,0.0,0.039695019763068086,0.13783339581526383,0.0,0.03769484067179478,0.0,0.0,0.0,0.0,0.0,0.04394478293570042,0.0,0.0,0.03249075567731467,0.0
2021-09-03,0.15175876553185855,0.0002776245681616448,0.0,0.03154632916020627,0.0,0.022177785792678664,0.08060169599537212,0.0,0.04020596871647658,0.0,0.02924096359521583,0.0,0.10950162275167123,0.02056695222593776,0.05360795828863544,0.0,0.1315146859343234,0.021443183315454178,0.03154632916020627,0.0,0.0,0.03815430095255162,0.12721477091294986,0.0,0.03960326831575366,0.0,0.0,0.0,0.0,0.0,0.04233661636357897,0.0,0.0,0.02870117841896759,0.0
2021-09-10,0.14494578955129966,0.0007541506460143433,0.0,0.0320440273613327,0.0,0.021618957392410102,0.07999440513160785,0.0,0.03783947525374764,0.0005611977454208665,0.029785717368417182,0.0,0.10120177068882343,0.02692717245399208,0.05045263367166351,0.0,0.1336222873222275,0.02018105346866541,0.0320440273613327,0.0,0.0,0.038070873722794565,0.11972560098279,0.0,0.04963306113439013,0.0,0.0,0.0,0.0,0.0,0.049960273254057275,0.0,0.0,0.030637525489012343,0.0
2021-09-17,0.1414771259927824,0.0012772081824229341,0.0,0.03387352760870001,0.0,0.02094736686740084,0.08231108156626198,0.0,0.03584936120392317,0.0,0.0301582522862896,0.0,0.10015071154235686,0.07172122417037444,0.04779914827189756,0.0,0.1361124647069769,0.019119659308759026,0.03387352760870001,0.0,0.0,0.03803016130345633,0.10227158076631274,0.0,0.02126722374392282,0.0,0.0,0.0,0.0,0.0,0.05699608532047648,0.0,0.0,0.026764289548985482,0.0
2021-09-24,0.20530532471308682,0.030502860933850722,0.0,0.03552389229778369,0.0,0.021951632507742916,0.04477066120011218,0.0,0.039248901468672576,0.0,0.02941573315295945,0.0,0.07841462890463953,0.05786577723616572,0.05233186862489677,0.0,0.15452675119042003,0.02093274744995871,0.04538292460987779,0.0,0.0,0.011037210067829746,0.09299804097303041,0.0,0.010762936989066687,0.0,0.0,0.0,0.0,0.0,0.04178829953521471,0.0,0.0,0.027239808144690937,0.0
2021-10-01,0.17288909519416978,0.0342048831326889,0.0,0.0366431466209345,0.0,0.017519107729163545,0.04783008001691558,0.0,0.025654124911182342,0.0003283440181457937,0.03443949456252681,0.0,0.08740025533532676,0.033180665101346145,0.03420549988157646,0.0,0.17241863178477207,0.013682199952630583,0.04923672781021764,0.0,0.0,0.011186933395981083,0.10028136889910977,0.0,0.04855618732462233,0.0,0.0,0.0,0.0,0.0,0.04776360065262781,0.0,0.0,0.0325796536760615,0.0
2021-10-08,0.20252151700600168,0.032251338948567104,0.0,0.033408183947852346,0.0,0.026065133962614284,0.04428893296429914,0.0,0.037827620861035804,0.0002781203421424684,0.030086549986417382,0.0,0.08169472551519916,0.020405090707728047,0.050436827814714404,0.0,0.16117477127284852,0.02017473112588576,0.04919187279355086,0.0,0.0,0.01294175325495539,0.09691027751046011,0.0,0.00747137288516553,0.0,0.0,0.0,0.00790958106171756,0.0,0.05383392604454412,0.007213197493133592,0.0,0.023914474501166162,0.0
2021-10-15,0.18827778281719482,0.031177914967196085,0.0,0.038773065772938764,0.0016180734738609683,0.019680570871065582,0.04840790999633622,0.0,0.032128768803211215,0.0,0.030450069095440305,0.0,0.08790986842833215,0.02847104565631648,0.04283835840428162,0.0,0.17218985755135696,0.01713534336171265,0.04979449904353837,0.0,0.0,0.01147261700310993,0.0982014844384736,0.0,0.010647701207899526,0.0,0.0,0.0,0.014339660405451937,0.0,0.052355644624251366,0.0,0.0,0.024129764078030885,0.0
2021-10-22,0.18782113942303696,0.030818612051532267,0.0,0.03780089525563849,0.002189882593420994,0.01980190620286982,0.04769038272814667,0.0,0.032823089717328065,0.0015302363308044974,0.030165682094415454,0.0,0.09229650912890558,0.025159398352702388,0.04376411962310408,0.0,0.1759379920162277,0.017505647849241635,0.04679883890808353,0.0,0.0,0.011747595378169141,0.10315824301916988,0.0,0.009451019632000221,0.0,0.0,0.0,0.011579149306630565,0.0,0.049800721707571355,0.0,0.0,0.022158938681000113,0.0
2021-10-29,0.14902457034774494,0.0009751580603329661,0.0,0.08204923348301651,0.0030516870001213703,0.020512488973718598,0.04162530765920911,0.0,0.03500174800271631,0.0013841008166797471,0.0318181074656666,0.0,0.10666681063055172,0.04886200571069474,0.046668997336955086,0.0,0.13382565655481116,0.018667598934782037,0.03744773057584151,0.0,0.0,0.03997360095723214,0.11832228958597757,0.0,0.03583159787007319,0.0,0.0,0.0,0.009455162609250235,0.0,0.03883614742462385,0.0,0.0,0.0,0.0
2021-11-05,0.14927774882443312,0.0031515665178940165,0.0,0.07233589341547167,0.0018096638173732643,0.021891758832474094,0.03369585220404638,0.0,0.03940542283864663,0.0022204767727097576,0.028103792705520627,0.0,0.10099801656263825,0.03771777772408854,0.052540563784862174,0.0,0.12700045951022015,0.02101622551394487,0.02166179826977198,0.0,0.0,0.0390422223836165,0.1121070307530966,0.0,0.05089172795973905,0.0,0.0,0.0,0.024969773099867774,0.0,0.05601440446882542,0.004147824040758479,0.0,0.0,0.0
2021-11-12,0.13700482772783779,0.0037103260233919294,0.0,0.08204860800269254,0.0,0.02054632973194486,0.039628711645400376,0.0,0.03481108447009082,0.001628796623001441,0.02914438445184509,0.0,0.10445102741010981,0.02675174432098061,0.046414779293454424,0.0,0.16041703972406562,0.01856591171738177,0.027920846915697344,0.0,0.0,0.03850745595614964,0.11554537734670985,0.0,0.05407607797084811,0.0,0.0,0.0,0.0,0.0,0.05275989450029386,0.006066776168103714,0.0,0.0,0.0
2021-11-19,0.16458846121113407,0.002275252117948131,0.0,0.07632419500861666,0.0,0.023346779413500066,0.03832053457925398,0.0,0.04293283423818534,0.0013970912775990681,0.02718901286723712,0.0,0.10073058673676831,0.020691384961188754,0.05724377898424713,0.0,0.15935875862313104,0.022897511593698853,0.026351833118550348,0.0,0.0,0.03848508810663033,0.11288058449403478,0.0,0.055393697675189466,0.0,0.0,0.0,0.0,0.0,0.023173817279211167,0.0064187977138749535,0.0,0.0,0.0
2021-11-26,0.22270223898563266,0.03060533598641675,0.0,0.024632691999202302,0.0,0.053868802218984144,0.06625581908529318,0.0,0.04513236465839024,0.001518392189427387,0.026755321076113777,0.0,0.08296730926089028,0.009901570533735167,0.060176486211186986,0.0,0.1772296092739274,0.024070594484474794,0.03957002495322139,0.0,0.0,0.013311274682970563,0.09509349946438099,0.0,0.006288278294079533,0.0,0.0,0.0,0.0,0.0,0.007806045173355722,0.0121143414683162,0.0,0.0,0.0
2021-12-03,0.1948450070600703,0.03419717462452339,0.0,0.02706654213626706,0.0,0.05257016095667077,0.07203704779464898,0.0,0.03312569900355676,0.0006885839795834865,0.03242151195439166,0.0,0.08651037420061927,0.010549882851001174,0.04416759867140901,0.0,0.15075269627045143,0.017667039468563604,0.04238155540173184,0.0,0.0,0.012503035496699752,0.09859603615182481,0.0,0.005687082582617112,0.0,0.0,0.0,0.03428027589056992,0.0,0.007149979988312717,0.018867410976373605,0.0,0.023935304540112768,0.0
2021-12-10,0.23008437551341676,0.029885543033559118,0.0,0.024026851480416674,0.0,0.053916495279843386,0.06533242693099843,0.0,0.047964502231889486,0.0022300842949080813,0.02707043862949466,0.0,0.07847414573417019,0.010290006959055648,0.06395266964251932,0.0,0.13429929479467895,0.025581067857007728,0.03742776148027248,0.0,0.0,0.011821872756897554,0.09020036262286804,0.0,0.003746645210044407,0.0,0.0,0.0,0.031033698787691688,0.0,0.006680150252834597,0.012519473675374232,0.0,0.013462132832058014,0.0
2021-12-17,0.20036812457930375,0.04401018894377775,0.0,0.025428395234958767,0.0,0.05191313181952791,0.06922545883228876,0.0,0.03901598460214324,0.0013889837109677884,0.03130265626141237,0.0,0.08241211081404354,0.010255881299626832,0.052021312802857655,0.0,0.13615512598154647,0.020808525121143062,0.039900323311252914,0.0,0.0,0.012489290883748413,0.09449862160322332,0.0,0.005213402144948092,0.0,0.0,0.0,0.0413733944629086,0.0,0.007671489406520911,0.01767323265508334,0.0,0.016874365528715855,0.0
2021-12-24,0.24045760449671977,0.04152987288779021,0.0,0.02187402385319172,0.0,0.05263254409668272,0.06236943207646502,0.0,0.054880832169431466,0.0003174728873347142,0.02520345488152759,0.0,0.07363171863611497,0.010913795394134236,0.0731744428925753,0.0,0.11851084168608064,0.02926977715703012,0.03481768080740949,0.0,0.0,0.012002256579200192,0.0854371439501335,0.0,0.0,0.0,0.0,0.0,0.041657860500435906,0.0,0.00863655253151778,0.01268269251622425,0.0,0.0,0.0
2021-12-31,0.19234274502482462,0.05256308338844165,0.0,0.022185119073382074,0.0,0.050751137380803175,0.03408567640719379,0.0,0.04735611102938185,0.0,0.028019818660921687,0.0,0.09728428205357947,0.010167007556962865,0.06314148137250913,0.0,0.15937040265442895,0.025256592549003653,0.03579935403611763,0.0,0.0,0.0,0.09858540390859022,0.0,0.0,0.0,0.0,0.0,0.03173956144107954,0.0,0.008242834389777423,0.01801725763598915,0.0050314939061558974,0.020060637530856615,0.0
2022-01-07,0.21074183966919452,0.04727740655084765,0.0,0.021681001078250543,0.0,0.05257765032409118,0.03297905185061514,0.0,0.05432165997343306,0.0,0.024940469825724235,0.0,0.0916911329805068,0.009089239078750838,0.07242887996457742,0.0,0.14936324727468808,0.028971551985830967,0.03641681786366513,0.0,0.0,0.0,0.09515809180554338,0.0,0.004077503716469136,0.0,0.0,0.0,0.020935659053678626,0.0,0.00700030348917988,0.017961953711558665,0.005645347551813869,0.01674119225158033,0.0
2022-01-14,0.17162907146403394,0.053513744074798864,0.0,0.026694237281404222,0.0,0.05325774864339311,0.0385440016296876,0.0,0.03879032614249657,0.0,0.02867183410150623,0.0,0.10345431327311683,0.0103010922897047,0.05172043485666209,0.0,0.19317814689290022,0.020688173942664836,0.04254691954434457,0.0,0.0,0.0,0.10589289043905899,0.0,0.0,0.0,0.0,0.0,0.0,0.0,0.00944428649939494,0.044952334573940086,0.0067204443508919,0.0,0.0
2022-01-21,0.24509409158907394,0.05418805538596291,0.0,0.019675578334143358,0.0,0.07389185311296388,0.03766439195604875,0.0,0.04684739800078743,0.0,0.07757257162631986,0.0,0.09568224395874957,0.003673630437741739,0.06246319733438324,0.0,0.11984996936891572,0.0249852789337533,0.03813477075674665,0.0,0.0,0.0,0.10027696920440911,0.0,0.0,0.0,0.0,0.0,0.0,0.0,0.0,0.0,0.0,0.0,0.0
2022-01-28,0.3653447564990817,0.036096070566912664,0.0,0.0,0.0,0.07282626752161162,0.009331344119248691,0.0,0.054604751807743705,0.0,0.02146686752523138,0.0,0.0741756919649338,0.003131218897389743,0.07280633574365827,0.0,0.05935911697402386,0.029122534297463313,0.028007004413909707,0.0,0.0,0.0,0.08847804074396745,0.0,0.0,0.0,0.0,0.0,0.0,0.0,0.0,0.05932922554035985,0.02592077338446392,0.0,0.0
2022-02-04,0.3802655003520215,0.029250775176746957,0.0,0.0,0.0,0.06949293443534992,0.008919533558253217,0.0,0.06725123295107234,0.0,0.018728400967362925,0.0,0.06508414417552852,0.00235421321558932,0.0896683106014298,0.0,0.0610576026070498,0.03586732424057192,0.02368965231865312,0.0,0.0,0.0,0.07980580613061818,0.0,0.0,0.0,0.0,0.0,0.0,0.0,0.010105978109926052,0.047954462888980864,0.010504128270845165,0.0,0.0
2022-02-11,0.37321035356399235,0.03801687121078254,0.0,0.0,0.0,0.09494380448060616,0.017074999757066,0.0,0.052437202920788475,0.0,0.0649388319594868,0.0,0.08026242153177254,0.0006109229993083229,0.0699162705610513,0.0,0.0575558829564189,0.027966508224420525,0.030642268156044178,0.0,0.0,0.0,0.09242366167826162,0.0,0.0,0.0,0.0,0.0,0.0,0.0,0.0,0.0,0.0,0.0,0.0
2022-02-18,0.38073393213999807,0.051237057519969875,0.0,0.0,0.0,0.09582086113504645,0.01578083211061148,0.0,0.044422493117619734,0.0,0.06845816555917669,0.0,0.07715000858459355,0.001103090103588359,0.059229990823492985,0.0,0.0556376141607902,0.023691996329397193,0.03601216522186532,0.0,0.0,0.0,0.09072179319384971,0.0,0.0,0.0,0.0,0.0,0.0,0.0,0.0,0.0,0.0,0.0,0.0
2022-02-25,0.3129110624786544,0.0398194084248242,0.0,0.0,0.0,0.11967950947713901,0.04696273323440447,0.0,0.041780929611444924,0.0,0.0718364981903574,0.0,0.13062512450701957,0.0,0.05570790614859323,0.0,0.03969144240147973,0.022283162459437296,0.05329360866351732,0.0,0.0,0.0,0.06540861440312817,0.0,0.0,0.0,0.0,0.0,0.0,0.0,0.0,0.0,0.0,0.0,0.0
2022-03-04,0.31178345779125866,0.040389652007722626,0.0,0.0,0.0,0.1167215666051798,0.050648247433754984,0.0,0.03908666319726139,0.0,0.0760530312493561,0.0,0.12850300583269575,0.0,0.052115550929681856,0.0,0.040416819250204156,0.020846220371872743,0.05518896882447782,0.0,0.0,0.0,0.06824681650653368,0.0,0.0,0.0,0.0,0.0,0.0,0.0,0.0,0.0,0.0,0.0,0.0
2022-03-11,0.32588788102625044,0.03675532172424431,0.0,0.0,0.0,0.10593851456761284,0.04507205746572242,0.0,0.05012735688917307,0.0,0.06680390670250277,0.0,0.11592446469984713,0.0,0.06683647585223076,0.0,0.04539936695891911,0.02673459034089231,0.04953555628020902,0.0,0.0,0.0,0.0649845074923955,0.0,0.0,0.0,0.0,0.0,0.0,0.0,0.0,0.0,0.0,0.0,0.0
2022-03-18,0.349044229772127,0.041323276018936,0.0,0.0,0.0,0.08176812019346895,0.04511493922784076,0.0,0.06315455098886469,0.0,0.026460242758882625,0.0,0.09420071480688429,0.0,0.08420606798515291,0.0,0.049337120572429616,0.03368242719406117,0.05352893967938428,0.0,0.0,0.0,0.06068068551689394,0.0,0.0,0.0,0.0,0.0,0.0,0.0,0.0,0.017498685285073395,0.0,0.0,0.0
2022-03-25,0.484618783092137,0.05849178652633512,0.0,0.0,0.0,0.06477907114919518,0.018480916736777316,0.0,0.06597570286465866,0.0,0.029800092082043282,0.0,0.026900775582840146,0.0,0.08796760381954487,0.0,0.055018220185229845,0.03518704152781795,0.034003604949499534,0.0,0.0,0.0,0.026077460641554466,0.0,0.0,0.0,0.0,0.0,0.0,0.0,0.0,0.012698940842366335,0.0,0.0,0.0
2022-04-01,0.48668000948171963,0.05139621382622481,0.0,0.0,0.0,0.0821486746557479,0.018652550769348852,0.0,0.06547605739075894,0.0,0.02984455092482498,0.0,0.026692462963083023,0.0,0.08730140985434524,0.0,0.048858096899406754,0.0349205639417381,0.03418692040541493,0.0,0.0,0.0,0.026028612921176475,0.0,0.0,0.0,0.0,0.0,0.0,0.0,0.0,0.007813875966210092,0.0,0.0,0.0
2022-04-08,0.48593135126368336,0.05137093813834039,0.0,0.0,0.0,0.08536851462182506,0.019143336399555302,0.0,0.06337594224093895,0.0,0.03065392732205964,0.0,0.02757850786225176,0.0,0.08450125632125194,0.0,0.048332902643184995,0.03380050252850078,0.03536676010191123,0.0,0.0,0.0,0.026918378385783842,0.0,0.0,0.0,0.0,0.0,0.0,0.0,0.0,0.007657682170712344,0.0,0.0,0.0
2022-04-15,0.487064100449136,0.052870209944070864,0.0,0.0,0.0,0.0920069005377123,0.02063820517295023,0.0,0.05630613255767987,0.0,0.04508735977017821,0.0,0.028144439021798053,0.0,0.07507484341023983,0.0,0.0453231176389918,0.030029937364095934,0.03956793531298317,0.0,0.0,0.0,0.027886818820163323,0.0,0.0,0.0,0.0,0.0,0.0,0.0,0.0,0.0,0.0,0.0,0.0
2022-04-22,0.4870167469947953,0.05178982903524961,0.0,0.0,0.0,0.08854450788093426,0.01975914313990403,0.0,0.060302394679720726,0.0,0.042575658947644514,0.0,0.027086626960865386,0.0,0.0804031929062943,0.0,0.04608699965295127,0.032161277162517724,0.03756502014926441,0.0,0.0,0.0,0.026708602489858086,0.0,0.0,0.0,0.0,0.0,0.0,0.0,0.0,0.0,0.0,0.0,0.0
2022-04-29,0.486259837059017,0.054775439074669904,0.0,0.0,0.0,0.11093874930775718,0.006671552998537942,0.0,0.057913852669499034,0.0,0.030096902229731805,0.0,0.04535234333083267,0.0,0.0772184702259987,0.0,0.034001320994044494,0.030887388090399485,0.039194232571901494,0.0,0.0,0.0,0.026689911447610015,0.0,0.0,0.0,0.0,0.0,0.0,0.0,0.0,0.0,0.0,0.0,0.0
2022-05-06,0.4892785910235745,0.04447465933571593,0.0,0.0,0.0,0.1051086294826985,0.008476006057446403,0.0,0.0591799549858415,0.0,0.03355281104716164,0.0,0.047806674253834086,0.0,0.07890660664778866,0.0,0.03614438171401573,0.031562642659115465,0.03436701263011358,0.0,0.0,0.0,0.031142030162693755,0.0,0.0,0.0,0.0,0.0,0.0,0.0,0.0,0.0,0.0,0.0,0.0
2022-05-13,0.4913707932902326,0.055368909500494015,0.0,0.0,0.0,0.11826408321538022,0.007360282030349432,0.0,0.04812596167848098,0.0,0.03595046847676881,0.0,0.0500501863641977,0.0,0.06416794890464131,0.0,0.031053318864905345,0.025667179561856525,0.042211373313694865,0.0,0.0,0.0,0.03040949479899773,0.0,0.0,0.0,0.0,0.0,0.0,0.0,0.0,0.0,0.0,0.0,0.0
2022-05-20,0.4860795336884207,0.07333645220980657,0.0,0.0,0.0,0.12576470777537216,0.008086181817607584,0.0,0.032663640083732154,0.0,0.04291770547855325,0.0,0.0575043721013468,0.0,0.04355152011164287,0.0,0.025923607045758003,0.01742060804465715,0.051709510383965804,0.0,0.0,0.0,0.03504216125913656,0.0,0.0,0.0,0.0,0.0,0.0,0.0,0.0,0.0,0.0,0.0,0.0
2022-05-27,0.48657971755261636,0.06702024347614496,0.0,0.0,0.0,0.12965964708023592,0.023962808850443097,0.0,0.04134295951411158,0.0,0.039096601899791444,0.0,0.046648655807172576,0.0,0.055123946018815435,0.0,0.028237469878987738,0.022049578407526176,0.030791043087062108,0.0,0.0,0.0,0.029487328427092264,0.0,0.0,0.0,0.0,0.0,0.0,0.0,0.0,0.0,0.0,0.0,0.0
2022-06-03,0.4861953534746753,0.08603088388445021,0.0,0.0,0.0,0.11298954061821326,0.024363023957801065,0.0,0.039287499512769275,0.0,0.042135998783579105,0.0,0.04769878934180236,0.0,0.052383332683692364,0.0,0.027526311347666053,0.020953333073476948,0.031004430408036493,0.0,0.0,0.0,0.02943150291383733,0.0,0.0,0.0,0.0,0.0,0.0,0.0,0.0,0.0,0.0,0.0,0.0
2022-06-10,0.48928613918802444,0.07314619273649177,0.0,0.0,0.0,0.12119350545964873,0.02396989761336258,0.0,0.04136171817658315,0.0,0.040398909612296044,0.0,0.04698051124833706,0.0,0.05514895756877753,0.0,0.028292326291316165,0.022059583027511015,0.029651521727119035,0.0,0.0,0.0,0.028510737350532153,0.0,0.0,0.0,0.0,0.0,0.0,0.0,0.0,0.0,0.0,0.0,0.0
2022-06-17,0.48521348428648875,0.05970606644313896,0.0,0.0,0.0,0.1136375021466867,0.02460872429849748,0.0,0.03771992067474829,0.0,0.04393409992101563,0.0,0.07744169983595293,0.0,0.050293227566331054,0.0,0.02699684095666744,0.020117291026532425,0.031546956417956046,0.0,0.0,0.0,0.028784186425983967,0.0,0.0,0.0,0.0,0.0,0.0,0.0,0.0,0.0,0.0,0.0,0.0
2022-06-24,0.49947873664368153,0.06216026991424752,0.0,0.0,0.0,0.11700763865735297,0.02431622477899113,0.0,0.04133852956003763,0.0,0.03876481091839913,0.0,0.09249388417627907,0.0,0.05511803941338351,0.0,0.016535411824015054,0.022047215765353408,0.03073923834825875,0.0,0.0,0.0,0.0,0.0,0.0,0.0,0.0,0.0,0.0,0.0,0.0,0.0,0.0,0.0,0.0
2022-07-01,0.49919576602737126,0.05554286081796043,0.0,0.0,0.0,0.09509045285482759,0.026705884017360095,0.0,0.03574274947919509,0.0,0.04461041011723434,0.0,0.12969688382909195,0.0,0.04765699930559346,0.0,0.014297099791678036,0.019062799722237383,0.0323980940374502,0.0,0.0,0.0,0.0,0.0,0.0,0.0,0.0,0.0,0.0,0.0,0.0,0.0,0.0,0.0,0.0
2022-07-08,0.49528686942173206,0.06100768924687398,0.0,0.0,0.0,0.10063214458765567,0.028013498357291243,0.0,0.02585192048383101,0.0,0.04840306164409858,0.0,0.14531489037052564,0.0,0.03446922731177468,0.0,0.010340768193532404,0.013787690924709873,0.036892239457974554,0.0,0.0,0.0,0.0,0.0,0.0,0.0,0.0,0.0,0.0,0.0,0.0,0.0,0.0,0.0,0.0
2022-07-15,0.497891627691348,0.05611781588828864,0.0,0.0,0.0,0.0945570085568458,0.02445846469480278,0.0,0.0405456471290551,0.0,0.040743537577358824,0.0,0.12270076420627105,0.0,0.05406086283874013,0.0,0.01621825885162204,0.021624345135496055,0.031081667430171326,0.0,0.0,0.0,0.0,0.0,0.0,0.0,0.0,0.0,0.0,0.0,0.0,0.0,0.0,0.0,0.0
2022-07-22,0.49975267389429956,0.047432233024723616,0.0,0.0,0.0,0.08796121258531858,0.021108042113198354,0.0,0.056806244827902065,0.0,0.031925009478450256,0.0,0.10146372935870847,0.0,0.0757416597705361,0.0,0.022722497931160827,0.03029666390821444,0.02479003310748759,0.0,0.0,0.0,0.0,0.0,0.0,0.0,0.0,0.0,0.0,0.0,0.0,0.0,0.0,0.0,0.0
2022-07-29,0.49807043226014003,0.04400256165860926,0.0,0.0,0.0,0.08576532322251501,0.020265538510109846,0.0,0.06151718625214246,0.0,0.02949218883445269,0.0,0.09767173519057909,0.0,0.08202291500285662,0.0,0.02460687450085698,0.03280916600114265,0.023776078566595246,0.0,0.0,0.0,0.0,0.0,0.0,0.0,0.0,0.0,0.0,0.0,0.0,0.0,0.0,0.0,0.0
2022-08-05,0.49616267197095376,0.041805350141551526,0.0,0.0,0.0,0.08561009955178153,0.019506157903255588,0.0,0.06404010079508221,0.0,0.02733575135325843,0.0,0.09699669481170753,0.0,0.08538680106010961,0.0,0.02561604031803288,0.03415472042404385,0.02338561167022283,0.0,0.0,0.0,0.0,0.0,0.0,0.0,0.0,0.0,0.0,0.0,0.0,0.0,0.0,0.0,0.0
2022-08-12,0.4957608977867538,0.0464515063888921,0.0,0.0,0.0,0.0853024579619126,0.019711189203261488,0.0,0.06412447299875787,0.0,0.027024420822252357,0.0,0.09279733300178425,0.0,0.08549929733167716,0.0,0.02564978919950315,0.03419971893267087,0.023478916372534124,0.0,0.0,0.0,0.0,0.0,0.0,0.0,0.0,0.0,0.0,0.0,0.0,0.0,0.0,0.0,0.0
2022-08-19,0.4965178607597509,0.04341138064265111,0.0,0.0,0.0,0.10980060467757097,0.021790019201814538,0.0,0.061560528740782224,0.0,0.02758277115705242,0.0,0.0754005395856964,0.0,0.08208070498770963,0.0,0.02462421149631289,0.032832281995083853,0.024399096755574775,0.0,0.0,0.0,0.0,0.0,0.0,0.0,0.0,0.0,0.0,0.0,0.0,0.0,0.0,0.0,0.0
2022-08-26,0.4514350924784596,0.05713253520686501,0.0,0.0,0.0,0.11395649650549125,0.041052152809313194,0.0,0.05398319828634778,0.0,0.03556009689088692,0.0,0.09753092009214101,0.0,0.07197759771513038,0.0,0.021871617698457326,0.028791039086052152,0.02560848057886644,0.0,0.0,0.0,0.001100772651988554,0.0,0.0,0.0,0.0,0.0,0.0,0.0,0.0,0.0,0.0,0.0,0.0
2022-09-02,0.4545306791086199,0.05374728405185139,0.0,0.0,0.0,0.10990353874973367,0.03529223644800218,0.0,0.06179725844351644,0.0,0.03121571415399879,0.0,0.08969868341313969,0.0,0.08239634459135525,0.0,0.0249445689273364,0.0329585378365421,0.022848881966641685,0.0,0.0,0.0,0.0006662723092622199,0.0,0.0,0.0,0.0,0.0,0.0,0.0,0.0,0.0,0.0,0.0,0.0
2022-09-09,0.4519044253319654,0.05196811978437828,0.0,0.0,0.0,0.1087382039114681,0.03511562661494269,0.0,0.0641804996138088,0.00037575919012234444,0.031197054320707594,0.0,0.08744040566575889,0.0,0.0855739994850784,0.0,0.02669098668874189,0.03422959979403136,0.022585319598995963,0.0,0.0,0.0,0.0,0.0,0.0,0.0,0.0,0.0,0.0,0.0,0.0,0.0,0.0,0.0,0.0
2022-09-16,0.4535107661979362,0.05120961262625191,0.0,0.0,0.0,0.10374684406002678,0.03232397040407695,0.0,0.06750827413150255,0.0011383734268255008,0.029492833290939914,0.0,0.08392523729585323,0.0001758506015709553,0.09001103217533672,0.0,0.0284637183203271,0.03600441287013469,0.021541970742710883,0.0,0.0,0.0,0.0009471038565062845,0.0,0.0,0.0,0.0,0.0,0.0,0.0,0.0,0.0,0.0,0.0,0.0
2022-09-23,0.45176032599626464,0.06222653442454802,0.0,0.0,0.0,0.1058725001982024,0.036064745332973755,0.0,0.0581113747786693,0.0008383108335890944,0.03162634177739293,0.0,0.09410929656678833,0.0,0.07748183303822574,0.0,0.025145052895281222,0.030992733215290297,0.024513806850487894,0.0,0.0,0.0,0.0012571440922860833,0.0,0.0,0.0,0.0,0.0,0.0,0.0,0.0,0.0,0.0,0.0,0.0
2022-09-30,0.5824902674846121,0.05068015213264453,0.0,0.0,0.0,0.09566326189938473,0.025264995821936906,0.0,0.0421509834960883,0.0001511066681644873,0.04136594743909986,0.0,0.035059081329959295,0.0,0.05620131132811773,0.0,0.01719980250407835,0.022480524531247093,0.031292565364666416,0.0,0.0,0.0,0.0,0.0,0.0,0.0,0.0,0.0,0.0,0.0,0.0,0.0,0.0,0.0,0.0
2022-10-07,0.5740969877207092,0.04647365831552029,0.0,0.0,0.0,0.08743255186510364,0.02276927042554256,0.0,0.05394813281784059,0.0,0.03457509664144284,0.0,0.03169358531202088,0.0,0.07193084375712078,0.0,0.021579253127136235,0.028772337502848314,0.0267282825147145,0.0,0.0,0.0,0.0,0.0,0.0,0.0,0.0,0.0,0.0,0.0,0.0,0.0,0.0,0.0,0.0
2022-10-14,0.5709076258826433,0.03797316016031709,0.0,0.0,0.0,0.09162289806992333,0.02220189060284054,0.0,0.057658167307139796,0.0,0.03274026001949849,0.0,0.03066992448594224,0.0,0.07687755640951972,0.0,0.023227871943052984,0.030751022563807892,0.025369622555314258,0.0,0.0,0.0,0.0,0.0,0.0,0.0,0.0,0.0,0.0,0.0,0.0,0.0,0.0,0.0,0.0
2022-10-21,0.5624279477017932,0.03256643465085521,0.0,0.0,0.0,0.08588964213955973,0.019945817357908506,0.0,0.0679920049724055,0.0,0.027808933502516696,0.0,0.02780105261128766,0.0,0.09065600662987398,0.0,0.027196801988962196,0.0362624026519496,0.02145295579288759,0.0,0.0,0.0,0.0,0.0,0.0,0.0,0.0,0.0,0.0,0.0,0.0,0.0,0.0,0.0,0.0
2022-10-28,0.5536877644201699,0.04359012754434849,0.0,0.0,0.0,0.07221985726067251,0.0356471147317782,0.0,0.06628658174139858,0.0,0.04026328056877322,0.0,0.016367091650922518,0.0,0.08838210898853142,0.0,0.026514632696559428,0.035352843595412575,0.02168859680143297,0.0,0.0,0.0,0.0,0.0,0.0,0.0,0.0,0.0,0.0,0.0,0.0,0.0,0.0,0.0,0.0
2022-11-04,0.5623835292343606,0.04701579441326502,0.0,0.0,0.0,0.07710371099052948,0.044405477889256244,0.0,0.05457312982636102,0.0,0.04768655931838568,0.0,0.017292024312805923,0.0,0.0727641731018147,0.0,0.021829251930544406,0.02910566924072588,0.02584067974195073,0.0,0.0,0.0,0.0,0.0,0.0,0.0,0.0,0.0,0.0,0.0,0.0,0.0,0.0,0.0,0.0
2022-11-11,0.5666117057290319,0.049124247894948694,0.0,0.0,0.0,0.09607585087401896,0.02311314017918767,0.0,0.05321399003151948,0.0,0.04784240747773099,0.0,0.017807324418975066,0.0,0.07095198670869263,0.0,0.02128559601260779,0.028380794683477057,0.025592955989809624,0.0,0.0,0.0,0.0,0.0,0.0,0.0,0.0,0.0,0.0,0.0,0.0,0.0,0.0,0.0,0.0
2022-11-18,0.5498789385316667,0.03964452743518214,0.0,0.0,0.0,0.07135078208063031,0.03394323896291327,0.0,0.0708709246458867,0.0,0.03828191490656123,0.0,0.015543178833424211,0.0,0.0944945661945156,0.0,0.028348369858354677,0.03779782647780624,0.01984573207305858,0.0,0.0,0.0,0.0,0.0,0.0,0.0,0.0,0.0,0.0,0.0,0.0,0.0,0.0,0.0,0.0
2022-11-25,0.4978283306882958,0.0504934037967027,0.0,0.0,0.0,0.09836425627241448,0.03231924210879295,0.0,0.07208954677166074,0.0,0.0266949263468098,0.0,0.039559915537932054,0.0,0.09611939569554766,0.0,0.028835818708664297,0.038447758278219064,0.019247405794960246,0.0,0.0,0.0,0.0,0.0,0.0,0.0,0.0,0.0,0.0,0.0,0.0,0.0,0.0,0.0,0.0
2022-12-02,0.5299360776735818,0.03974318789801627,0.0,0.0,0.0,0.07097486194944574,0.04485557356914042,0.0,0.058863630736422874,0.0007783804106785558,0.020097930567059264,0.0,0.04268042094632689,0.0,0.07848484098189717,0.0,0.02439709351720808,0.03139393639275887,0.01593959993048972,0.0,0.0,0.0,0.0,0.0,0.0,0.0,0.0,0.0,0.009726101865778899,0.0,0.0,0.012600286696460131,0.0,0.019528076864734917,0.0
2022-12-09,0.5341373145987569,0.04261103736095579,0.0,0.0,0.0,0.09250426594594147,0.034424110699431985,0.0,0.055920199336749896,0.0001933637954634947,0.050806605064838466,0.0,0.043559512259093366,0.0,0.0745602657823332,0.0,0.022368079734699956,0.02982410631293328,0.019091139108801974,0.0,0.0,0.0,0.0,0.0,0.0,0.0,0.0,0.0,0.0,0.0,0.0,0.0,0.0,0.0,0.0
2022-12-16,0.5419188113358112,0.04172330104641793,0.0,0.0015284752578833027,0.0,0.10071870876719023,0.03618461869106668,0.0,0.04122416646619536,0.0008581478453031236,0.06938866025961764,0.0,0.04882693975734592,0.0,0.05496555528826048,0.0,0.016723738087590912,0.021986222115304193,0.02270146882014164,0.0,0.0,0.0012511862618708601,0.0,0.0,0.0,0.0,0.0,0.0,0.0,0.0,0.0,0.0,0.0,0.0,0.0
2022-12-23,0.5027575359525668,0.060605725318080686,0.0,0.0014794212663734104,0.0,0.11211648487672213,0.03881463301368159,0.0,0.05036044179316661,0.0005117819275421288,0.042874088063164215,0.0,0.05000606630442173,0.0,0.06714725572422214,0.0,0.021004766883491666,0.026858902289688857,0.024309360894198447,0.0,0.0,0.0011535356926793451,0.0,0.0,0.0,0.0,0.0,0.0,0.0,0.0,0.0,0.0,0.0,0.0,0.0
2022-12-30,0.3854626728709065,0.02296273424127295,0.0,0.09124544795963484,0.0009815049287965573,0.1195456137660773,0.046518598325427374,0.0,0.06316085948738216,0.0,0.038944637754309515,0.0,0.062378434233257174,0.0,0.08421447931650954,0.0,0.026553286997434165,0.03368579172660382,0.021336269105840702,0.0,0.0,0.0030096692865471068,0.0,0.0,0.0,0.0,0.0,0.0,0.0,0.0,0.0,0.0,0.0,0.0,0.0
2023-01-06,0.37771315656893695,0.017225343505722406,0.0,0.12921381740808796,0.0,0.10077777970230672,0.04496682513033381,0.0,0.056202285254928964,0.0,0.059548210241981585,0.0,0.06237972469821286,0.0,0.0749363803399053,0.0,0.025052980381558693,0.029974552135962118,0.019000061476507513,0.0,0.0,0.0030088831555548684,0.0,0.0,0.0,0.0,0.0,0.0,0.0,0.0,0.0,0.0,0.0,0.0,0.0
2023-01-13,0.3776098164696413,0.0,0.0,0.12159925132570844,0.0,0.09864906403139866,0.049531324393343984,0.0,0.06541729650579843,0.0,0.023027646770596426,0.0,0.053642693287988236,0.0,0.08722306200773125,0.0,0.026166918602319372,0.0348892248030925,0.010460263775477936,0.0,0.0,0.003673170180499061,0.0,0.0,0.0,0.0,0.0,0.0,0.009422858557341372,0.0,0.0,0.01038142366456243,0.010285053825135037,0.018020931799365307,0.0
2023-01-20,0.3686499398957302,0.008215684613043114,0.0,0.1325939711144373,0.0,0.10931508836162593,0.039002919164506364,0.0,0.05852203309175702,0.0,0.02577391269773946,0.0,0.05682345401319201,0.0,0.07802937745567602,0.0,0.023408813236702807,0.03121175098227041,0.011758731237821809,0.0,0.0,0.0018627463789211748,0.0,0.0,0.0,0.0,0.0,0.0,0.010605511729723273,0.0,0.0,0.010302880940967362,0.01425386948314011,0.019669315602745374,0.0
2023-01-27,0.34233151878180124,0.010658068543332986,0.0,0.04939182841841783,0.0,0.12158805808274475,0.06144307679230854,0.0,0.060973737447063164,0.0,0.054945298165694725,0.0,0.0426672682251313,0.0,0.08129831659608422,0.0,0.037733246380513424,0.03251932663843369,0.011096605933115872,0.0,0.0,0.0011758109597056028,0.0,0.0,0.0,0.013343751401688163,0.0,0.0,0.022201762254473553,0.0,0.0,0.007271927073446429,0.03500943426964975,0.014350964036394308,0.0
2023-02-03,0.32638033814125755,0.011409884626384783,0.0,0.05046113614176813,0.0,0.1395418174629195,0.06001909950727215,0.0,0.04872750565144713,0.0,0.06003034279791664,0.0,0.04649884705942815,0.0,0.06497000753526284,0.0,0.0346005274864709,0.025988003014105136,0.013786579447800238,0.0,0.0,0.000416010507119273,0.0,0.0,0.0,0.05000131791875559,0.0,0.0,0.04637084814338767,0.0,0.0,0.006016689754037209,0.0,0.014781044804666826,0.0
2023-02-10,0.32825933769154775,0.0,0.00359432087171727,0.059433419189182476,0.0,0.15060754543364782,0.07811479508371418,0.0,0.047909062655920195,0.0,0.06612742971332917,0.0,0.037780704396371316,0.0,0.06387875020789359,0.0,0.04031885655900082,0.02555150008315744,0.02007251702481965,0.0,0.0,0.0026201759338534813,0.0,0.0,0.0,0.028572454617300486,0.0,0.0,0.014236273863640814,0.0,0.0,0.009598619461562147,0.0,0.023324237213340933,0.0
2023-02-17,0.3196867569462254,0.0,0.010863184356268532,0.07104336666131524,0.0,0.15045203235483964,0.07342344951027988,0.0,0.04892372538759651,0.0,0.0642507495342372,0.0,0.035958851949356024,0.0,0.06523163385012869,0.0,0.04237650612015906,0.026092653540051476,0.013853664940386496,0.0,0.0,0.002607992006474732,0.0,0.0,0.0,0.03724610873802424,0.0,0.0,0.010005548031854763,0.0,0.0,0.0062032369335247774,0.0,0.02178053913927695,0.0
2023-02-24,0.33603712605884095,0.0,0.00579408461662272,0.06502254522438261,0.0004707703655153028,0.15917789205912652,0.06027298971089481,0.0,0.04872685911700431,0.0,0.06042475872116854,0.0,0.033821154403374694,0.0,0.06496914548933909,0.0,0.03735419442988474,0.025987658195735636,0.018220984913782344,0.0,0.0,0.0024900955681229483,0.017863450783083015,0.0,0.0,0.02723470474175259,0.0,0.0,0.0052069596478353415,0.0,0.0,0.0069014662728442274,0.0,0.02402315968068916,0.0
2023-03-03,0.3405972398668773,0.0,0.0064683233676393805,0.06195314468981225,0.0015834501575138459,0.16148031864078044,0.060809152267278,0.0,0.05016606884039858,0.0001725125294224793,0.05947762092314057,0.0,0.03326210174441465,0.0,0.06688809178719811,0.0,0.0371707376764097,0.026755236714879244,0.018015102541903263,0.0,0.0,0.0024006682102733126,0.017104310140250267,0.0,0.0,0.027814322824780892,0.0,0.0,0.0,0.0,0.0,0.006697746281568195,0.0,0.021183850795459022,0.0
2023-03-10,0.342837042010245,0.0,0.0,0.06741991557793768,0.0019087419492252542,0.13898757821281127,0.06652306992434873,0.0,0.0454674857567151,0.0019405383077377321,0.10339119051519995,0.0,0.03401957176508218,0.00014510980607329411,0.0606233143422868,0.0,0.036737298324212866,0.024249325736914722,0.020913002273428547,0.0,0.0,0.01996496521958619,0.01743592513909714,0.0,0.0,0.01743592513909714,0.0,0.0,0.0,0.0,0.0,0.0,0.0,0.0,0.0
2023-03-17,0.3310336271545886,0.0,0.0,0.07206987924997844,0.003060413567195452,0.120285175818281,0.0608694254387773,0.0,0.04635242171390063,0.0016236285166742772,0.0618032835868893,0.0,0.0335805731630468,0.0001724033101230293,0.0618032289518675,0.0,0.039005009743781044,0.024721291580747002,0.018612099396191906,0.0,0.0,0.016848697169397474,0.019071626419179664,0.0,0.0,0.019071626419179664,0.0,0.0,0.0,0.0,0.018145232882278317,0.02426269711171048,0.0,0.02760765880621155,0.0
2023-03-24,0.3158521776619122,0.0,0.0,0.07171270468987666,0.0009350730274228843,0.14194349843788387,0.057977209407581234,0.0,0.047804068351789894,0.00208185433027949,0.05457582402213952,0.0,0.03379869219053314,0.005200382692957264,0.06373875780238653,0.0,0.04870145755905222,0.02549550312095461,0.0,0.0,0.0,0.021520656599829324,0.02151302261214652,0.0,0.0,0.023248965203915756,0.0,0.0,0.0,0.0,0.017600252749026546,0.02677681302828675,0.0,0.019523086512025035,0.0
2023-03-31,0.31524521081436097,0.0,0.0,0.072146339059009,0.0013832640454878489,0.12245032396318235,0.06960939085401197,0.0,0.05284868460447047,0.0021773429273080494,0.034085637219685584,0.0,0.0,0.0048970384395324315,0.07046491280596062,0.0,0.04967320403403504,0.02818596512238425,0.023840729037495213,0.0,0.0,0.05887801873659389,0.0,0.0,0.0,0.052472722239081386,0.0,0.0,0.0,0.0,0.013944428950242567,0.02023189270970712,0.0,0.007464894437450705,0.0
2023-04-07,0.31733445610262545,0.0,0.0,0.07120578790362143,0.0023021215409906553,0.10848179000458916,0.0835819358663278,0.0,0.05427184429059638,0.001835898320588965,0.03379984238090779,0.0,0.0,0.005951460976272393,0.07236245905412851,0.0,0.06527448033712913,0.028944983621651404,0.023269185147622166,0.0,0.0,0.047616608398542794,0.0,0.0,0.002142705940718896,0.049730270755829156,0.0,0.0,0.0,0.0,0.013134182809065444,0.018759986548791952,0.0,0.0,0.0
2023-04-14,0.2645884237035979,0.0,0.0,0.07849449064713766,0.0028858810882724764,0.11317328360728818,0.07713917394174026,0.0,0.033252326230761776,0.0,0.08705786916483382,0.0,0.0,0.00855221978585691,0.04433643497434903,0.0,0.09989623085915318,0.017734573989739613,0.03018709480009974,0.0,0.0,0.0477981258182891,0.0,0.0,0.0,0.05902262821175212,0.0,0.0,0.0,0.0,0.017460667588037406,0.0184205755890903,0.0,0.0,0.0
2023-04-21,0.3069146601323037,0.0,0.0,0.0728527016367462,0.002353852915096963,0.10609766014779604,0.06983616794548211,0.0,0.048693863280604,0.0,0.07925489317529032,0.0,0.0,0.008245750740162006,0.06492515104080533,0.0,0.06308699994034939,0.025970060416322136,0.0357439482243333,0.0,0.0,0.04849442685356424,0.0,0.0,0.003140914457896886,0.050789554997809044,0.0,0.0,0.0,0.0,0.007035551672808818,0.006563842422628965,0.0,0.0,0.0
2023-04-28,0.23212492379889055,0.0,0.0,0.11672070110145022,0.0371588180815463,0.16446609469428664,0.081055553373744,0.0,0.05367312142963539,0.0,0.11109428980286717,0.0,0.0,0.006229318067993607,0.07156416190618052,0.0,0.04872114351664719,0.02862566476247221,0.010995348724014047,0.0,0.0,0.0018837020684137286,0.0,0.0,0.0028322452370997185,0.026144588067745687,0.0,0.0,0.0,0.0,0.006710325367012629,0.0,0.0,0.0,0.0
2023-05-05,0.2464432252497082,0.0003057060454617526,0.0,0.11710267028102085,0.03338935780044184,0.14247045574045877,0.07455284963928901,0.0,0.056695099396210334,0.0,0.0912756973626566,0.0,0.0,0.006190968918299185,0.07559346586161378,0.0,0.07074073528824924,0.030237386344645515,0.004068793489153059,0.0,0.0,0.012192751611177798,0.0,0.0,0.0032906112953254864,0.02450937832735477,0.0,0.0,0.0,0.0,0.006849784120831641,0.0,0.0,0.004091063228101762,0.0
2023-05-12,0.2379873132804658,0.0,0.0,0.11581180050087227,0.03630969805945524,0.1630413914483679,0.0752290287796134,0.0,0.053605411273101644,0.0,0.07073429851428384,0.0,0.0,0.010855397717467793,0.07147388169746886,0.0,0.05882380170480137,0.028589552678987547,0.0075557939678863595,0.0,0.0,0.0021616746740776216,0.0,0.0,0.005260038237889992,0.022234941327668876,0.0,0.0,0.0,0.0,0.013301591218436427,0.02145751356132054,0.0,0.005566871357833963,0.0
2023-05-19,0.26584639123174525,0.0005310962070788841,0.0,0.1011727118630628,0.032816836313901865,0.14860038584960947,0.06738004668954084,0.0,0.06495305044625276,0.0,0.06427863670344353,0.0,0.0,0.01134298369494594,0.08660406726167034,0.0,0.05966519187343478,0.03464162690466814,0.007492912216459258,0.0,0.0,0.00229278116437041,0.0,0.0,0.005879472170241384,0.01780195125688782,0.0,0.0,0.0,0.0,0.011810737841008636,0.014457462882811235,0.0,0.0024316574288662145,0.0
2023-05-26,0.17701522677815124,0.0006019961692927923,0.0,0.1212950023628213,0.0023568271999464836,0.20833689091919877,0.04115731373938517,0.0,0.04456519247345861,0.0,0.07411961076449679,0.0,0.0,0.014869920572170684,0.059420256631278145,0.0,0.10042510748164284,0.02376810265251126,0.01130433243661589,0.0,0.0,0.0384046158838176,0.0,0.0,0.01010182571078904,0.021179241094836224,0.0,0.0,0.0,0.0,0.017063749988297874,0.034014787141288735,0.0,0.0,0.0
2023-06-02,0.20795978045676786,0.000590540507843343,0.0,0.11011425093623894,0.0018064702771384113,0.1872863424234036,0.04077920690737235,0.0,0.05564343848116042,0.0,0.06794300084429052,0.0,0.0,0.012161199122778753,0.0741912513082139,0.0,0.09844845099137281,0.02967650052328556,0.015896244068717747,0.0,0.0,0.03668826674743186,0.0,0.0,0.008037568918851577,0.021770880880309918,0.0,0.0,0.0,0.0,0.011613462288050096,0.019393144316771957,0.0,0.0,0.0
2023-06-09,0.2016127971099429,0.0015271751293877856,0.0,0.11188577796634598,0.002327095272654942,0.190105806172132,0.04175515374720093,0.0,0.05317730460190539,0.0,0.06856778508880047,0.0,0.0,0.013739471442603277,0.07090307280254052,0.0,0.10008624934072514,0.02836122912101621,0.009905426585790685,0.0,0.0,0.036061926154490415,0.0,0.0,0.008627562476482399,0.023295930500075362,0.0,0.0,0.0,0.0,0.01321849656210229,0.024841739925802964,0.0,0.0,0.0
2023-06-16,0.1995194873884405,0.0010322358780851162,0.0,0.11027381532520238,0.0020082299803935635,0.1254067482301407,0.04173869253095146,0.0,0.05866103741373869,0.0,0.08046898618114556,0.0,0.0,0.021721158625581286,0.07821471655165158,0.0,0.10584696099600222,0.03128588662066063,0.0,0.0,0.0,0.044088051512020665,0.0,0.0,0.041432981978469924,0.022828527704193323,0.0,0.0,0.0,0.0,0.019443207008005302,0.016029276075316755,0.0,0.0,0.0
2023-06-23,0.18700057162917946,0.0,0.0,0.115127156970154,0.002801927428435953,0.15124673019638496,0.043053249688873446,0.0,0.0545046872435964,0.0,0.06713131278406811,0.0,0.0,0.022740657500980983,0.07267291632479521,0.0,0.12515966435202258,0.029069166529918086,0.0,0.0,0.0,0.03657802135244756,0.0,0.0,0.049189269038747256,0.024365769483370027,0.0,0.0,0.0,0.0,0.019358899477025668,0.0,0.0,0.0,0.0
2023-06-30,0.17919442418101514,0.0,0.0,0.10146465468063284,0.03491598061709732,0.14831461031008067,0.041331726328480506,0.0,0.05169864172403067,0.0003133459130264344,0.03436932655824827,0.0,0.0,0.03694110119141758,0.06893152229870757,0.0,0.12369857701762221,0.02757260891948303,0.02102462289648173,0.0,0.0,0.034855809594620576,0.0,0.0,0.05150513360488966,0.02102462289648173,0.0,0.0,0.0,0.0,0.018187408622779577,0.004655882644904011,0.0,0.0,0.0
2023-07-07,0.17858899584615545,0.0,0.0,0.11760755757060276,0.036129422566964754,0.15145829232457003,0.041528050722063004,0.0,0.051636480398541566,0.000675319753257295,0.03478208100471402,0.0,0.0,0.020954769191368326,0.06884864053138876,0.0,0.12209679846204266,0.027539456212555505,0.02137866606702369,0.0,0.0,0.034910575504795656,0.0,0.0,0.05105817031879413,0.02137866606702369,0.0,0.0,0.0,0.0,0.016043244752122057,0.003384812706016078,0.0,0.0,0.0
2023-07-14,0.1864077017431239,0.0009698442857467372,0.0,0.1065059569322763,0.035604662162229475,0.16445111125731404,0.04194678574499705,0.0,0.04870686625716523,0.0011476344791889804,0.03502013261528022,0.0,0.0,0.012541312291376673,0.06494248834288698,0.0,0.12479037508726988,0.02597699533715479,0.031317593126068535,0.0,0.0,0.034241258653756546,0.0,0.0,0.04773057117941311,0.023208714864278765,0.0,0.0,0.0,0.0,0.008879936207337723,0.00561005943313482,0.0,0.0,0.0
2023-07-21,0.15990822501529972,0.012785742397384819,0.0,0.10957150096747309,0.03622156817385984,0.1562003449866045,0.04315109531733048,0.0,0.04348922388282103,0.0,0.03611351897221316,0.0,0.0,0.020205431971591612,0.057985631843761376,0.0,0.141448206892215,0.023194252737504552,0.02477792405163564,0.0,0.0,0.034610516298919716,0.0,0.0,0.05938849472663438,0.025230108892396873,0.0,0.0,0.0,0.0,0.015718212872353764,0.0,0.0,0.0,0.0
2023-07-28,0.18842235452635064,0.002955923972535832,0.0,0.08202004095655221,0.053601027909943394,0.14451459693542013,0.0358933707050236,0.0,0.04922533911276416,0.0,0.03574496306890261,0.0,0.016067803872011528,0.028553987938870533,0.06563378548368555,0.0,0.11702410126152565,0.026253514193474218,0.024426168421139663,0.0,0.0,0.032811487757754366,0.016067803872011528,0.0,0.0453711145596226,0.016067803872011528,0.0,0.0,0.0,0.0,0.009130568229810463,0.010214243350589298,0.0,0.0,0.0
2023-08-04,0.1780196860415397,0.0017829935054299807,0.0,0.08171630288202382,0.05279599244370635,0.1538530278944977,0.036583106931368445,0.0,0.05028614404071779,0.0001591362996880224,0.03537643516224837,0.0,0.017228759331258437,0.017305520351123732,0.06704819205429038,0.0,0.12625642680707694,0.026819276821716156,0.017228759331258437,0.0,0.0,0.03247005014054164,0.017228759331258437,0.0,0.049003722880080064,0.017824064427537548,0.0,0.0,0.0,0.0,0.01220034248219121,0.008813300840446344,0.0,0.0,0.0
2023-08-11,0.15265766843847214,0.001965293149550177,0.0,0.09037501439930098,0.05460156351627803,0.19420401853893363,0.04068839269006322,0.0,0.03522410519073698,0.0,0.038907549194903704,0.0,0.021868932136900717,0.013226625650870509,0.04696547358764931,0.0,0.161248790864378,0.018786189435059726,0.03009377754320339,0.0,0.0,0.034648905122784776,0.021868932136900717,0.0,0.007968591731283382,0.022056958829407048,0.0,0.0,0.0,0.0,0.0087111154284503,0.003932102414872672,0.0,0.0,0.0
2023-08-18,0.13737842466583874,0.013841554806136035,0.0,0.08784579535727602,0.054699736481862396,0.17442812219210665,0.04136865998845517,0.0,0.02852128747100344,0.0001648822485292698,0.04278750630441763,0.0,0.02279506098547717,0.01438684852782607,0.03802838329467126,0.0,0.1886457765234895,0.015211353317868503,0.03168651381647079,0.0,0.0,0.03544113544785433,0.02279506098547717,0.0,0.008480008822638125,0.023788293340906083,0.0,0.0,0.0,0.0,0.008964889737735219,0.00874070568395973,0.0,0.0,0.0
2023-08-25,0.15496459737951987,0.0022988985028940825,0.0,0.10822549989658972,0.02832151875362083,0.12219168284748823,0.08610644650251487,0.0,0.02219732258999394,0.00035884126091721344,0.045014611230278334,0.0,0.049555333534603216,0.01738254678679413,0.029596430119991923,0.0,0.17881391876944835,0.01183857204799677,0.011079767069590858,0.0,0.0,0.04863951258498476,0.0,0.0,0.07263709707253127,0.0,0.0,0.0,0.0,0.0,0.01077740305024108,0.0,0.0,0.0,0.0
2023-09-01,0.15515979940189892,0.014199971715119795,0.0,0.10293967722126307,0.027625280192461077,0.12712178401355242,0.06765808583688145,0.0,0.02194998230209606,0.0005325403929605694,0.046244249599967396,0.0,0.047599281913650926,0.016337552654523604,0.02926664306946141,0.0,0.24937991711242774,0.011706657227784566,0.011396455225075415,0.0,0.0,0.046954748419948816,0.0,0.0,0.012987305212645243,0.0013685909138417298,0.0,0.0,0.0,0.0,0.009571477574439166,0.0,0.0,0.0,0.0
2023-09-08,0.16935679071962295,0.0017121741785467515,0.0,0.10126814530509166,0.026682619449294547,0.11775416880017181,0.08088165428123487,0.0,0.027054981079013465,0.00020873586621345555,0.04255867631168411,0.0,0.047549398242882,0.01860516076415756,0.03607330810535128,0.0,0.2313779896326221,0.014429323242140515,0.012826306628212047,0.0,0.0,0.04595018468596842,0.0,0.0,0.014090407774266529,0.0,0.0,0.0,0.0,0.0,0.011619974933525503,0.0,0.0,0.0,0.0
2023-09-15,0.15854122331757722,0.013025149109567999,0.0,0.09781413137202918,0.025766974941849978,0.105560595637136,0.06508302641168207,0.0,0.03067059751701985,0.0012422372939985412,0.04157656590405806,0.0,0.04492041545911681,0.031159918242676752,0.04089413002269313,0.0,0.2374295212502429,0.016357652009077253,0.0,0.0,0.0,0.04635680645109936,0.0,0.0,0.024608131020117392,0.0,0.0,0.0,0.0,0.0,0.018992924040057008,0.0,0.0,0.0,0.0
2023-09-22,0.23319044843695447,0.0,0.0,0.09671950168713911,0.03254761737244896,0.11967511879907752,0.0752259042164551,0.0,0.035197070855437565,0.0020965192392426095,0.04700480747751027,0.0,0.03879358769956361,0.0096381109377849,0.04692942780725009,0.0,0.16536139941776387,0.018771771122900037,0.018596760398195373,0.0,0.0,0.055569398879978985,0.0,0.0,0.003688079139148378,0.0,0.0,0.0,0.0009944765131484363,0.0,0.0,0.0,0.0,0.0,0.0
2023-09-29,0.25735285455719614,0.0,0.0,0.05552680405973374,0.03089057264386895,0.15393258225582024,0.07172418573740061,0.0,0.03597716141121699,0.0008389652137069653,0.04417716001293161,0.0,0.03690125418571617,0.011361439810927652,0.04796954854828932,0.0,0.16035416389946283,0.01918781941931573,0.019889985536924407,0.0,0.0,0.05178705031525298,0.0,0.0,0.0,0.0,0.0,0.0,0.002128452392235242,0.0,0.0,0.0,0.0,0.0,0.0
2023-10-06,0.2557712027316933,0.0003566782035666039,0.0,0.05531032674716855,0.03285808290048527,0.14403907631838186,0.07583146775161992,0.0,0.034460603831910505,0.0017062056461398243,0.04489457623911486,0.0,0.03555809313123246,0.010338482965237608,0.045947471775880676,0.0,0.16786960677274532,0.01837898871035227,0.020926061613366867,0.0,0.0,0.051405671753579074,0.0,0.0,0.00434740290752473,0.0,0.0,0.0,0.0,0.0,0.0,0.0,0.0,0.0,0.0
2023-10-13,0.25704446818960236,0.020542727327088027,0.0,0.054668543999700184,0.03261429679115942,0.1438610998426867,0.055663567049406705,0.0,0.03581774028581359,0.00020841596378852635,0.04535104928007744,0.0,0.03708458785654116,0.007505467413588856,0.047756987047751456,0.0,0.1661360494116632,0.019102794819100582,0.0193741609541622,0.0,0.0,0.051372974923971484,0.0,0.0,0.0029201620268083364,0.0,0.0,0.0,0.0,0.0,0.002974906817089254,0.0,0.0,0.0,0.0
2023-10-20,0.2781046044589996,0.017856847579894974,0.0,0.0509735977361447,0.03043090812602059,0.13678807685556982,0.049906081673079396,0.0,0.0503715457572661,0.0,0.03937734919574021,0.0,0.030941338866460666,0.008022861497163403,0.06716206100968813,0.0,0.1419192245748191,0.026864824403875255,0.01627238428469774,0.0,0.0,0.04862813977149319,0.0,0.0,0.003284967929058835,0.0,0.0,0.0,0.0,0.0,0.003095186280027998,0.0,0.0,0.0,0.0
2023-10-27,0.3259738429536875,0.01698251689051923,0.0,0.02074479714109874,0.02536721943935322,0.1484929809231492,0.022772034338948564,0.0,0.05658090627159252,0.0,0.08880267888074936,0.0,0.036367576964294296,0.0031469980917454643,0.07544120836212337,0.0,0.09294299383833365,0.030176483344849347,0.017162995687232212,0.0,0.0,0.039044766872322945,0.0,0.0,0.0,0.0,0.0,0.0,0.0,0.0,0.0,0.0,0.0,0.0,0.0
2023-11-03,0.2831443029464852,0.024225277969160616,0.0,0.023593527398058815,0.029534933803596675,0.15251032191043667,0.03664558394019205,0.0,0.036122225493001085,0.0,0.06717458819529394,0.0,0.052062189986917334,0.010149110553690019,0.048162967324001445,0.0,0.14668487345534803,0.019265186929600577,0.019812358682176377,0.0,0.0,0.045576383418657614,0.0,0.0,0.0,0.0,0.0,0.0,0.0,0.0,0.005336167993383116,0.0,0.0,0.0,0.0
2023-11-10,0.2974240367285276,0.021279503463720047,0.0,0.021782289614663084,0.026886975672726646,0.15637369095772524,0.035621501695948014,0.0,0.045608905415550474,0.0,0.07028408251089127,0.0,0.04627590375760145,0.007653874229639059,0.060811873887400635,0.0,0.11441630124564237,0.024324749554960255,0.01674906832308063,0.0,0.0,0.043766626724353594,0.0,0.0,0.0031259570233632358,0.0,0.0,0.0,0.0,0.0,0.003897204719438256,0.0,0.0,0.0037174544747676395,0.0
2023-11-17,0.28007512364462245,0.01767537998391972,0.0,0.029033249550561274,0.021623337796584586,0.14547718758239006,0.02514215591462691,0.0,0.05335971571443508,0.0,0.051665178291017265,0.0,0.037489438058403574,0.027719470086547758,0.07114628761924678,0.0,0.1208198113813105,0.028458515047698713,0.009816845945875551,0.0,0.0,0.037625639409028744,0.0,0.0,0.019348843795266947,0.0,0.0,0.0,0.0,0.0,0.02352382017846367,0.0,0.0,0.0,0.0
2023-11-24,0.21318361268518404,0.0464528560344769,0.0,0.05134533890059127,0.0005893219039141273,0.1461167090511607,0.0737840159787178,0.0,0.0582455016270291,0.0,0.02632303401168035,0.0,0.021718582511019387,0.060922260753846366,0.0776606688360388,0.0,0.10271346871215642,0.031064267534415522,0.007589791539921252,0.0,0.0,0.0,0.0,0.0,0.019310151172994106,0.0400101649663776,0.0,0.0,0.0,0.0,0.02297025378047592,0.0,0.0,0.0,0.0
2023-12-01,0.1998006740658312,0.0490575791621132,0.0,0.054496595888231664,0.0005569583980459444,0.15227495541442482,0.10053791183093677,0.0,0.05284810866920225,0.0,0.02720325193816622,0.0,0.023419459903977494,0.07182860372973952,0.07046414489226965,0.0,0.09331637718651158,0.028185657956907865,0.008002999402013596,0.0,0.0,0.0,0.0,0.0,0.025830259811852274,0.04217646174977544,0.0,0.0,0.0,0.0,0.0,0.0,0.0,0.0,0.0
2023-12-08,0.21283811038613765,0.04604563528987629,0.0,0.05155209455262991,0.0015272408821763665,0.1402581708521791,0.09334472140271113,0.0,0.058219732142908265,0.0,0.02609703016024139,0.0,0.01990008533694411,0.061555624492250924,0.07762630952387768,0.0,0.08779168216114107,0.031050523809551075,0.007319134734354686,0.0,0.0,0.0,0.0,0.0,0.02022711725872854,0.040224893325140225,0.0,0.0,0.0,0.0,0.024421893689151205,0.0,0.0,0.0,0.0
2023-12-15,0.18016268367212318,0.047900857751402556,0.0,0.05204219058135672,0.00037387732750151934,0.137564503923313,0.09494727702601138,0.0,0.04428272310992314,0.0,0.03446594756367776,0.0,0.027762262673849444,0.05186036017613678,0.059043630813230864,0.0,0.15819730607448604,0.023617452325292346,0.009296586937843503,0.0,0.0,0.0,0.0,0.0,0.013087605727601655,0.04877379078410072,0.0,0.0,0.0,0.0,0.016620943532148744,0.0,0.0,0.0,0.0
2023-12-22,0.15943686287884634,0.03587883017812256,0.0,0.059384830196204524,0.001323990641624002,0.14246541920646863,0.10127921917340202,0.0,0.03565177084517464,0.0,0.037068581922865856,0.0,0.03098756769095714,0.05146173294106001,0.04753569446023285,0.0,0.19060103711879586,0.01901427778409314,0.010770218836671064,0.0,0.0,0.0008889817432985218,0.0,0.0,0.010407402161524299,0.051830617490242537,0.0,0.0,0.0,0.0,0.01401296473041556,0.0,0.0,0.0,0.0
2023-12-29,0.16934148389187456,0.027625113873423555,0.0,0.05616782670362379,0.0022357983835639495,0.1337995300402775,0.0900622398362277,0.0,0.039385038315146975,0.0,0.038095698543622984,0.0,0.021991773444326512,0.05403393270062229,0.052513384420195965,0.0,0.17627982783993146,0.021005353768078387,0.039181503583028646,0.0,0.0,0.0020214938750177176,0.028618953736401283,0.0,0.008487275737550093,0.028618953736401283,0.0,0.0,0.0,0.0,0.010534817570684859,0.0,0.0,0.0,0.0
2024-01-05,0.1441381038565977,0.03108817612581849,0.0,0.059952224059297274,0.0016843409517823722,0.1402700223212053,0.09852285878744968,0.0,0.030230859695452188,0.0,0.040606496776873634,0.0,0.02238388167835358,0.043644600879570096,0.040307812927269586,0.0,0.20425749015820116,0.016123125170907835,0.043014186306326314,0.0,0.0,0.0012322833031750396,0.03187580136574407,0.0,0.008621873377966601,0.03152235297013056,0.0,0.0,0.0,0.0,0.0105235092878779,0.0,0.0,0.0,0.0
2024-01-12,0.20907505578420302,0.05083459105281629,0.0,0.05002867953599806,0.001944013698541217,0.13897316313842098,0.08209713004004106,0.0,0.04108871249882673,0.0014166096157657907,0.043187622903180845,0.0,0.021476362312754904,0.03900848708111711,0.05478494999843564,0.0,0.14163799455005938,0.021913979999374257,0.043589962473825655,0.0,0.0,0.0013475735334100623,0.025882008483226412,0.0,0.0,0.025420912498968135,0.0,0.0,0.003183962877345865,0.0,0.003108227923688157,0.0,0.0,0.0,0.0
2024-01-19,0.20367295264954183,0.03389320380810876,0.0,0.05011208997386958,0.0011921787204637207,0.15188980723413675,0.10241232972788064,0.0,0.038437303086263086,0.0016210371935546247,0.04526400122288821,0.0,0.021783400164572964,0.04150580206801127,0.051249737448350784,0.0,0.12930222455759235,0.020499894979340315,0.044442685982602356,0.0,0.0,0.0004548063060753401,0.025930766989610426,0.0,0.0037496654378544655,0.024523716632108547,0.0,0.0,0.0033069337745505927,0.0,0.004755462042622699,0.0,0.0,0.0,0.0
2024-01-26,0.20096260066858956,0.0560785152117956,0.0,0.055797024665771085,0.001686173591088986,0.09538940849338316,0.13214756753834964,0.0,0.034136947468912625,0.0018683113215788314,0.07980360824071416,0.0,0.0,0.04726411509288227,0.04551592995855016,0.0,0.13815511451102627,0.018206371983420067,0.020984284775172023,0.0,0.0,0.0016667762943841195,0.03169375479901038,0.0,0.003891777194329777,0.030203738964340695,0.0,0.0,0.0,0.0,0.00454797922669996,0.0,0.0,0.0,0.0
2024-02-02,0.17681307595554996,0.04860096421462786,0.0,0.05975480917101156,0.0014707698137306315,0.09009595409797583,0.12248022221531638,0.0,0.03274200696603752,0.0016468698088691665,0.06833068551777866,0.0,0.0,0.04230764794864551,0.04365600928805002,0.0,0.17493285862941124,0.01746240371522001,0.019483594557620786,0.0,0.0,0.001927232141738248,0.03399612470090076,0.0,0.0057337860324102406,0.03254225780439464,0.0,0.0,0.004975220725474586,0.0,0.006125876210440671,0.0,0.0,0.014921630484795025,0.0
2024-02-09,0.16482228007333777,0.04984097164681451,0.0,0.06253880743424008,0.00173915280242742,0.08190904914730027,0.12598582223421317,0.0,0.03102310925540168,0.0003861091667056109,0.06886161308972905,0.0,0.0,0.04283216125475134,0.0413641456738689,0.0,0.15767654834465047,0.016545658269547563,0.01901914831647227,0.0,0.0,0.001703898083806732,0.036876633655397666,0.0,0.005199319840549905,0.03535400809242118,0.0,0.0,0.03055499859519084,0.0,0.005124584407854299,0.0,0.0,0.02064198061531855,0.0
2024-02-16,0.1842327178781254,0.053206960613961254,0.0,0.05807854592844636,0.002918928662198959,0.07797143943442843,0.11881704667764678,0.0,0.041955482635728666,0.0004751362576469985,0.06428454632562902,0.0,0.0,0.03745037436675224,0.05594064351430489,0.0,0.12860637726853438,0.022376257405721956,0.013741680252206196,0.0,0.0,0.0016824366826676993,0.03369637774202617,0.0,0.004495825763624554,0.032288822825713485,0.0,0.0,0.03159802905642561,0.0,0.004294905877356015,0.0,0.0,0.031887464830854195,0.0
2024-02-23,0.19394636086110187,0.018799515435825698,0.0,0.035535765862876836,0.0026417867496910277,0.12044793099754018,0.12576010405676835,0.0,0.037159612591524345,0.0008399986728352442,0.06045199532645777,0.0,0.0,0.03788226537298835,0.049546150122032465,0.0,0.1335744277434174,0.019818460048812984,0.0056381816850252925,0.0,0.0,0.0005071688874060565,0.03589418845859903,0.0,0.005658772612925024,0.034730038878439194,0.0,0.0,0.04481841939451832,0.0,0.0,0.0,0.0,0.036348856241213964,0.0
2024-03-01,0.18789696642601464,0.0224612539041211,0.0,0.03721492089725531,0.002570711902067737,0.1198996711805749,0.12178069688093235,0.0,0.03268943649255562,0.0015805619526853868,0.0598542915788108,0.0,0.0,0.040893008914367875,0.04358591532340749,0.0,0.13462496655818676,0.017434366129362996,0.008229376636284586,0.0,0.0,0.0013325924334396297,0.036045743956181944,0.0,0.008203556896405968,0.03552962725345514,0.0,0.0,0.049376123899563695,0.0,0.0,0.0,0.0,0.03879621078432536,0.0
2024-03-08,0.15506770170848594,0.010920347158883697,0.0,0.03913630867367915,0.0022980240255741813,0.12418068421574162,0.12226010729594826,0.0,0.02612765839258418,0.0003247036293472024,0.06237709686854355,0.0,0.0,0.04887241875940947,0.03483687785677891,0.0,0.157904837676344,0.013934751142711563,0.0,0.0,0.0,0.001450606647359827,0.03736006146318347,0.0,0.01499666913538351,0.03736006146318347,0.0,0.0,0.05536563031363419,0.0,0.013828946476282236,0.0,0.0,0.04139650709694088,0.0
2024-03-15,0.15960437881990763,0.011542394185167483,0.0,0.03763972225329482,0.0021234077066376454,0.12369378897576547,0.11919419883997649,0.0,0.02739339531321113,0.0014732788525225907,0.060650404319638515,0.0,0.0,0.04740645232264491,0.036524527084281506,0.0,0.1665154471734316,0.014609810833712605,0.0,0.0,0.0,0.0011170005699674866,0.03652419769186388,0.0,0.015094839786350268,0.036178507152469896,0.0,0.0,0.06428499667607873,0.0,0.0,0.0,0.0,0.03842925144307665,0.0
2024-03-22,0.14405743902920998,0.009704247020313335,0.0,0.03747127583172418,0.002625165751420161,0.12758995824239563,0.1238484072444706,0.0,0.022893102981248917,0.0019347276573482269,0.06276617923373448,0.0,0.0,0.03353039715420723,0.030524137308331888,0.0,0.18224421054445586,0.012209654923332756,0.0,0.0,0.0,0.001298901196657406,0.03543193056803113,0.0,0.018040284085111144,0.03543193056803113,0.0,0.0,0.07362865528945897,0.0,0.013466033746654539,0.0,0.0,0.03130336162386176,0.0
2024-03-29,0.10509052071995748,0.05067089112413829,0.0,0.060507853047385,0.013936805840151108,0.041224634381010525,0.08807733168201252,0.0,0.023549502971191336,0.0016798788503200163,0.0727735001984855,0.0,0.02418003354796671,0.023690625354471244,0.03139933729492178,0.0,0.20240140516253421,0.012559734917968713,0.02418003354796671,0.0,0.0,0.0016431408453750252,0.05906168199061737,0.0,0.023812991160673286,0.02418003354796671,0.0,0.0,0.085277706957568,0.0,0.0,0.0,0.0,0.0301023568573179,0.0
2024-04-05,0.13929026172973147,0.05119183159386738,0.0,0.05336224837192109,0.013820192861745914,0.04300627769889843,0.08615287904481586,0.0,0.026697283313286288,0.0020383975407569865,0.07158581978503012,0.0,0.02486289631163132,0.015328521574003318,0.03559637775104838,0.0,0.19173224107681913,0.014238551100419354,0.03911216690705425,0.0,0.0,0.0009655009919013669,0.05155884661986726,0.0,0.014580672688491636,0.02486289631163132,0.0,0.0,0.07534387153705052,0.0,0.0,0.0,0.0,0.024672265190027798,0.0
2024-04-12,0.1167589106756519,0.05209678112163435,0.0,0.0712899857048664,0.014689332599405117,0.04243314357160058,0.10321560135693815,0.0,0.0174012614716295,0.0021645440351238427,0.07472497591836832,0.0,0.026673747282684266,0.021344465212617156,0.023201681962172666,0.0,0.16530045184241055,0.009280672784869068,0.04565374236657533,0.0,0.0,0.001988701207895518,0.05510458810789898,0.0,0.021631824978881678,0.026673747282684266,0.0,0.0,0.08280664462271198,0.0,0.016887469651567268,0.0,0.0,0.008677726241812478,0.0
2024-04-19,0.15428060566412488,0.06266154783547148,0.0,0.05048275235484494,0.014532921722587121,0.04965697843202845,0.07523169322443703,0.0,0.033443823624547835,0.0017169222462453278,0.07002602018097626,0.0,0.023919061934979453,0.012438163741991642,0.04459176483273044,0.0,0.17674702483227006,0.017836705933092178,0.04306493625797186,0.0,0.0,0.001719403867937863,0.04832742155867781,0.0,0.061163578757112605,0.023919061934979453,0.0,0.0,0.02574022468206453,0.0,0.0084993863809283,0.0,0.0,0.0,0.0
2024-04-26,0.18776409038880734,0.043939529659341045,0.0004420538245388917,0.058943322534226725,0.04342769848041417,0.05902772818483848,0.10896600412132425,0.0,0.02902972370352572,0.001469782201577943,0.032685675990109096,0.0,0.0342048504156089,0.0032295822253433754,0.03870629827136762,0.0,0.18807018193441055,0.015482519308547051,0.017257927527526,0.0,0.0,0.0013389513239401077,0.0,0.0,0.007496249751770825,0.0342048504156089,0.0,0.0,0.09431297973717233,0.0,0.0,0.0,0.0,0.0,0.0
2024-05-03,0.19008451122459902,0.04116923670236895,0.0005718039521825857,0.06049812976968374,0.04121526638538681,0.05604392558670218,0.11338048455893593,0.0,0.0329152437514224,0.002221289601759475,0.032085788631123706,0.0,0.03554678713190687,0.003412176474190894,0.0438869916685632,0.0,0.18269886231883178,0.01755479666742528,0.008142673311789504,0.0,0.0,0.0011974179726232262,0.0,0.0,0.00906697023131569,0.03554678713190687,0.0,0.0,0.0927608569272813,0.0,0.0,0.0,0.0,0.0,0.0
2024-05-10,0.19970308464731545,0.042077791783883406,0.0,0.056156617844309656,0.038514723478158285,0.05750565719366685,0.10566067046908244,0.0,0.03513446162566565,0.000577905347001017,0.03056342158575971,0.0,0.03427464820575804,0.0033241813182391423,0.046845948834220864,0.0,0.17843919058640573,0.018738379533688346,0.010625965325011404,0.0,0.0,0.0005001481811110425,0.0,0.0,0.012930689222255272,0.03427464820575804,0.0,0.0,0.09415186661270916,0.0,0.0,0.0,0.0,0.0,0.0
2024-05-17,0.16409974246645553,0.04253040914703116,0.0,0.05924342644715429,0.03974923662071537,0.06017574967783454,0.10936405071126079,0.0,0.02763205686106805,0.0006232621587283292,0.031290094659034345,0.0,0.036807851576306325,0.002648963713695085,0.036842742481424065,0.0,0.2743885401442894,0.014737096992569627,0.0,0.0,0.0,0.0,0.0,0.0,0.0,0.036807851576306325,0.0,0.0,0.0630589247661263,0.0,0.0,0.0,0.0,0.0,0.0
2024-05-24,0.1753169005666001,0.043343297511169415,0.0,0.057119319242412404,0.03989650209925669,0.05906559559173325,0.10978002069541808,0.0,0.030835737564282803,0.0003547883822772845,0.03039142118210906,0.0,0.03453679874298383,0.013015447465561027,0.04111431675237707,0.0,0.2533195816353784,0.01644572670095083,0.0,0.0,0.0,0.0,0.0,0.0,0.019345971792849696,0.03453679874298383,0.0,0.0,0.04158177533165565,0.0,0.0,0.0,0.0,0.0,0.0
2024-05-31,0.13582238400901897,0.052611182400945984,0.0,0.05325083899008452,0.0006601968264503554,0.12339507177987159,0.09180063338413684,0.0,0.02371610427311727,0.0008514203933920109,0.030954840170298474,0.0,0.06732566133654809,0.014154048175579925,0.03162147236415636,0.0,0.22192183677595256,0.012648588945662545,0.0440613751847283,0.0,0.0,0.0,0.02811606782013195,0.0,0.021392786790533927,0.02811606782013195,0.0,0.0,0.017579422559257662,0.0,0.0,0.0,0.0,0.0,0.0
2024-06-07,0.16648642878629727,0.04857972705366627,0.0,0.048140123434780205,0.0008070427106874541,0.11954061866707119,0.08402585864115955,0.0,0.03653923150859043,0.0,0.027641311591790618,0.0,0.061455782612879484,0.012292378247142507,0.04871897534478724,0.0,0.1404032353765398,0.019487590137914897,0.039210267633136696,0.0,0.0,0.0,0.025023922994767422,0.0,0.014443851391729375,0.02623407112450392,0.0,0.0,0.08096958274255531,0.0,0.0,0.0,0.0,0.0,0.0
2024-06-14,0.1570892255017905,0.05051352831268974,0.0,0.06098647434723714,0.0,0.12188639493769816,0.07306114983179827,0.0,0.03440890266365072,0.0,0.02885231844666101,0.0,0.06314244478699757,0.01494753775853521,0.045878536884867635,0.0,0.14806602605001343,0.018351414753947054,0.038866885177876495,0.0,0.0,0.0008598055636090217,0.025402858621077315,0.0,0.015758724513463686,0.025748276246661227,0.0,0.0,0.07617949560142523,0.0,0.0,0.0,0.0,0.0,0.0
2024-06-21,0.16729466222925926,0.04678066758146366,0.0,0.049456112095424755,0.0,0.12128514892656932,0.08115098856584094,0.0,0.0386736494826036,0.0,0.027868829508413122,0.0,0.06139974151082362,0.01695851498628976,0.0515648659768048,0.0,0.1488533732577122,0.02062594639072192,0.03686267242935769,0.0,0.0,0.00047606851454272387,0.02449226177459768,0.0,0.015177848737741351,0.026683292440846558,0.0,0.0,0.05425515964964964,0.0,0.0,0.0,0.010140195941336815,0.0,0.0
2024-06-28,0.15942739803998307,0.048077723904767826,0.0,0.046353984925619394,0.0,0.11807763641461455,0.07910713017100329,0.0,0.04362148615390424,0.0,0.024970047850989836,0.0,0.023700588264893373,0.02284029781298149,0.058161981538538986,0.0,0.18327803842212545,0.023264792615415596,0.023700588264893373,0.0,0.0,0.00047338281660132053,0.023700588264893373,0.0,0.02348944474706361,0.06377191456713686,0.0,0.0,0.0,0.0,0.018115068673648375,0.0,0.01586790655092561,0.0,0.0
2024-07-05,0.14936419926593653,0.049431299772921905,0.0,0.048827898002100995,0.0005649534654536135,0.11817983489356348,0.08180624318899164,0.0,0.03916980880756848,0.0,0.02675831816204821,0.0,0.024678998871825716,0.022189984217676782,0.05222641174342464,0.0,0.15866618239205624,0.020890564697369857,0.024678998871825716,0.0,0.0,0.0018408460238924864,0.024678998871825716,0.0,0.02399085035084441,0.06305796117537038,0.0,0.0,0.05151871015145571,0.0,0.017478937073846863,0.0,0.0,0.0,0.0
2024-07-12,0.1420407446474246,0.0515105035741867,0.0,0.05619718851446588,0.0005698064729932534,0.1250349692917238,0.0871064247377812,0.0,0.03126801889924623,0.0,0.02897088773249014,0.0,0.026772672958482707,0.013835448374073526,0.04169069186566164,0.0,0.17254985434849898,0.016676276746264658,0.03687327656007625,0.0,0.0,0.0020932106060763756,0.026772672958482707,0.0,0.011983101652310969,0.06743050111771798,0.0,0.0,0.04606341858728587,0.0,0.009642082056060274,0.0,0.0,0.004918248298695685,0.0
2024-07-19,0.17012685017500911,0.04995855455893756,0.0,0.05281952545470603,0.0,0.12545294984502123,0.07812935047376558,0.0,0.042550209374379734,0.0,0.026018878055393227,0.0,0.022991436442123946,0.01207608859440763,0.056733612499172976,0.0,0.1566310649246512,0.022693444999669195,0.030848799897220183,0.0,0.0,0.0,0.022991436442123946,0.0,0.009077136290839656,0.06366574722974275,0.0,0.0,0.03895543538330509,0.0,0.007707888308980802,0.0,0.0,0.010571591050549622,0.0
2024-07-26,0.1917192895260782,0.03699566484960671,0.0,0.03005151521837414,0.0,0.11869748154505474,0.07423296787051,0.0,0.03621760826177033,0.0,0.05558613892975925,0.0,0.0,0.013121971320905748,0.048290144349027106,0.0,0.17393361687068062,0.019316057739610846,0.03855545369579543,0.0,0.0,0.0,0.02922239613112791,0.0,0.01113902713761029,0.06273912405836492,0.0,0.0,0.04335453393348558,0.0,0.00837482698347069,0.0,0.0,0.008452181578766833,0.0
2024-08-02,0.2374663559518926,0.034320423346764516,0.0,0.025861128666786984,0.0019124513740127003,0.11860002678393909,0.0634346098320478,0.0,0.05704012277111156,0.000474432524645178,0.04786772842598507,0.0,0.0,0.007360561111746634,0.07605349702814874,0.0,0.14277240296836521,0.030421398811259503,0.035468614878749014,0.0,0.0,0.0004231831528271124,0.02464605102972508,0.0,0.0038853926802234068,0.04921158960271345,0.0,0.0,0.030759262457403846,0.0,0.0033157801716206504,0.0,0.0,0.008704986430031317,0.0
2024-08-09,0.2259611549042531,0.03653647664317207,0.0,0.02833212159220888,0.000953119221914499,0.12850989628644935,0.06152458234798133,0.0,0.05220866813446204,0.0,0.049991384962618825,0.0,0.0,0.006779240104740582,0.06961155751261605,0.0,0.1465440895616483,0.02784462300504642,0.0373910429406133,0.0,0.0,0.000741537118150884,0.025849595319130635,0.0,0.004784074019782149,0.0533407375220429,0.0,0.0,0.030565086959346503,0.0,0.0,0.0,0.0033419525316080714,0.009189059312213439,0.0
2024-08-16,0.2111482437038725,0.04585643643090815,0.0,0.029211295487739916,0.0020056568995341015,0.17856228045667225,0.07354042423665431,0.0,0.028329198566729507,0.0015539218343526074,0.06662145071972558,0.0,0.0,0.005768832191485997,0.03777226475563934,0.0,0.13965249304281926,0.015108905902255738,0.048142311494948735,0.0,0.0,0.0009431462256595563,0.02768398780574611,0.0,0.004113368041322069,0.05539203250473694,0.0,0.0,0.025112721891770884,0.0,0.0,0.0,0.0034810278074257264,0.0,0.0
2024-08-23,0.20554231048775787,0.04591319595678248,0.0,0.029244438127861046,0.001182866675384497,0.17562546755488556,0.07483216616111515,0.0,0.027710524029675172,0.0019089127620725936,0.06565717633525822,0.0,0.0,0.007745037469337824,0.03694736537290023,0.0,0.13895367871767494,0.014778946149160093,0.051636433732705336,0.0,0.0,0.00030500781291245387,0.031208672947940296,0.0,0.00495102279860327,0.05557935297014729,0.0,0.0,0.02740771519696812,0.0,0.0,0.0,0.0028697087408568397,0.0,0.0
2024-08-30,0.22128508132316543,0.045816241000276106,0.0,0.053483649454650097,0.0,0.180082569756157,0.07386636502978641,0.0,0.03201633465881762,0.0031385517806090703,0.06331681096294897,0.0,0.0,0.0022060008345663154,0.042688446211756825,0.0,0.11471168820181989,0.01707537848470273,0.04915462440437058,0.0,0.0,0.0,0.03111686074309677,0.0,0.003035319050357603,0.028687243113584546,0.0,0.0,0.028411835198867114,0.0,0.0,0.0,0.003572764228590413,0.006334235561875815,0.0
2024-09-06,0.21748034606671685,0.046111872853455124,0.0,0.05429116429599841,0.0,0.185726441635331,0.07479728131666499,0.0,0.03084779906899164,0.0006082618189067128,0.06537002535317328,0.0,0.0,0.0012704788574417838,0.04113039875865552,0.0,0.10913828782242178,0.01645215950346221,0.050716917317107285,0.0,0.0,0.0,0.03263023252718635,0.0,0.0,0.028685408463209813,0.0,0.0,0.005356771312153261,0.0,0.0,0.02205866241227652,0.005084003378555995,0.012243487238290838,0.0
2024-09-13,0.2030180499814122,0.04806014364340159,0.0,0.05666927473443334,0.0,0.203853548754579,0.07988475187072147,0.0,0.022815409011581463,0.0005924421137214711,0.06741820960922879,0.0,0.0,0.0007883021072183213,0.030420545348775283,0.0,0.10298765587822598,0.012168218139510115,0.054539346569860085,0.0,0.0,0.0,0.03518153402175486,0.0,0.0,0.03184631370911162,0.0,0.0,0.004444312765196403,0.0,0.0,0.026521564426313336,0.007884266100903255,0.010906111214050718,0.0
2024-09-20,0.21413998582042654,0.0391318228498149,0.0,0.05161449922801906,0.0,0.18253190260666596,0.06699568727837701,0.0,0.04115810092139808,0.0007002501776114123,0.05629138452597257,0.0,0.0,0.002368733255677713,0.054877467895197436,0.0,0.07280802976851909,0.02195098715807898,0.0410133466729385,0.0,0.0,0.0,0.030187726495555706,0.0,0.0,0.02858223275356684,0.0,0.0,0.03675106821951918,0.0,0.0,0.031171558704017506,0.011964133178401556,0.015761082490241378,0.0
2024-09-27,0.2120081442205388,0.0,0.0,0.027583905864798315,0.0002164414010273798,0.17779913543285775,0.06547754780777909,0.0,0.040355393920292006,0.0016270241020396434,0.05636964841349134,0.0,0.0,0.0018395784156940015,0.05380719189372267,0.0,0.07020909739301698,0.02152287675748907,0.04159042268887302,0.0,0.0,0.0,0.09287489139335581,0.0,0.0,0.02697360909036346,0.0,0.0,0.047448302834879795,0.0,0.0,0.03217305724003805,0.01560097207051878,0.014522759059223563,0.0
2024-10-04,0.2196438913349111,0.0007841436381907268,0.0004889307385794613,0.02703580819259077,0.0,0.17029441768277914,0.06391362403247768,0.0,0.045039675953268826,0.0006786836492602078,0.055038759439008454,0.0,0.0,0.0013414944990359562,0.060052901271025104,0.0,0.07611382777619057,0.024021160508410043,0.03823117504876042,0.0,0.0,0.0,0.09088998880730156,0.0,0.0,0.027914746804395284,0.0,0.0,0.03908412971537747,0.0,0.0,0.03143185619778424,0.009021080531348029,0.018979704179304464,0.0
2024-10-11,0.21605366883942265,0.00045458136584974104,0.0,0.02676550809948728,0.0,0.1636807480758614,0.06646498134025096,0.0,0.04255849623019344,0.0003600164735689557,0.058044703264175226,0.0,0.0,0.0,0.05674466164025792,0.0,0.06913894005137461,0.02269786465610317,0.04248406373722143,0.0,0.0,0.0,0.10000497996919515,0.0,0.0,0.02759427958816403,0.0,0.0,0.035582430896317505,0.0,0.0,0.03685737182904919,0.011512909768542027,0.02299979417496484,0.0
2024-10-18,0.18737263910817037,0.0009512536853302283,0.0,0.03032305303136833,0.0,0.1680414245593486,0.0711063688357004,0.0,0.030236714404815655,0.0013558695470588058,0.060369201488727285,0.0,0.0,0.0006993240020633611,0.04031561920642088,0.0,0.0747480529104945,0.016126247682568352,0.048076578197283004,0.0,0.0,0.0,0.11061819696170017,0.0,0.0,0.031102312075433198,0.0,0.0,0.04924470449909192,0.0,0.0,0.04038966390678351,0.015390000275700939,0.02353277562194005,0.0
2024-10-25,0.19279197152909133,0.0,0.0,0.030289192231332723,0.0,0.1641804607855454,0.029703371951370034,0.0,0.03174409612880822,0.0014067586423778455,0.05930295882709855,0.0,0.0,0.0017427171134582436,0.04232546150507762,0.0,0.11547418946866574,0.01693018460203105,0.08616803428661043,0.0,0.0,0.00029639915072501735,0.09977029543721798,0.0,0.004506385125843579,0.029703371951370034,0.0,0.0,0.04887888801270035,0.0,0.0,0.031901232904713306,0.012884030345961904,0.0,0.0
2024-11-01,0.16662954923769704,0.0010593488983091307,0.0,0.03241465597287568,0.0,0.18033841741772805,0.03209486740245883,0.0,0.02299116213715686,0.0,0.0646140599098689,0.0,0.0,0.0014054388059132861,0.03065488284954248,0.0,0.12195479197407345,0.012261953139816992,0.09108122390082836,0.0,0.0,0.0,0.10532910532484824,0.0,0.00620423821982362,0.03892088238283793,0.0,0.0,0.04894240391607485,0.0,0.0,0.03226853115401538,0.010834487356130351,0.0,0.0
2024-11-08,0.1663603179503811,0.00046930776750980297,0.0,0.032454240520284554,0.0,0.1917855404153738,0.032454240520284554,0.0,0.02352724553310087,0.0002072689860773442,0.06472121521287576,0.0,0.0,0.0014389842684807484,0.03136966071080116,0.0,0.11878415385842349,0.012547864284320465,0.09001080870024164,0.0,0.0,0.0,0.10306452271582925,0.0,0.005051244938869993,0.03643451560814892,0.0,0.0,0.05897378959784412,0.0,0.0,0.02402848051561902,0.0063165978955329865,0.0,0.0
2024-11-15,0.210626725513052,0.0005216689255940015,0.0,0.027128787987521788,0.0,0.18248437992177483,0.027128787987521788,0.0,0.040196562872712824,0.0006304874159315083,0.05705889261637524,0.0,0.0,0.0014652401582892782,0.0535954171636171,0.0,0.08126026854578743,0.02143816686544684,0.0787250953733521,0.0,0.0,0.0,0.09304776753665465,0.0,0.004407824057555846,0.029337717721040726,0.0,0.0,0.05879981166762242,0.0,0.0,0.024096737571475825,0.0050677195789107995,0.002981940519762468,0.0
2024-11-22,0.22760865145390197,0.0016098882303320749,0.0,0.026331756947438494,0.0,0.16874980460779082,0.026331756947438494,0.0,0.04714771461599861,0.0006018622432826306,0.05270020992221813,0.0,0.0,0.001899208240740549,0.06286361948799814,0.0,0.08391549202222828,0.02514544779519926,0.07633024085698321,0.0,0.0,0.0,0.09361939695765896,0.0,0.0033096508479829962,0.026642323686252398,0.0,0.0,0.05236746670606396,0.0,0.0,0.016888140116165136,0.0059373683143253645,0.0,0.0
2024-11-29,0.20988047643409374,0.0005195066670481329,0.0,0.0,0.0,0.14395709481206803,0.047980867558511484,0.0,0.03956593965295432,0.0005789973458022165,0.05751126669124233,0.0,0.0,0.001614662416751042,0.052754586203939094,0.0,0.12930655189966783,0.021101834481575637,0.01313312475706463,0.0,0.0,0.0,0.10511829932013346,0.0,0.002923745378629635,0.06888296710543657,0.0,0.0,0.07358768308397684,0.0,0.0,0.024762081405226816,0.006820314785877779,0.0,0.0
2024-12-06,0.18853844823331828,0.0019010619339090175,0.0,0.0,0.0,0.18976295847191932,0.050344466939174166,0.0,0.030710074250419262,0.00020463164420074005,0.062065865647898705,0.0,0.0,0.002168786557682709,0.04094676566722568,0.0,0.12496435531824172,0.016378706266890274,0.015094957791302217,0.0,0.0,0.0,0.10772182909178951,0.0,0.004479154354672922,0.07332398119504042,0.0,0.0,0.06485464157633367,0.0,0.0,0.019647737681570923,0.006891577378409905,0.0,0.0
2024-12-13,0.18993376338478998,0.0005711708579542415,0.0,0.0,0.0,0.1242604828020126,0.04483607048957783,0.0,0.03707580856252719,0.002983819960768317,0.056553512883013475,0.0,0.0,0.017635671626367328,0.04943441141670293,0.0,0.15524548923976492,0.019773764566681173,0.0,0.0,0.0,0.0,0.10148242484332626,0.0,0.05156238468477326,0.06504093776767067,0.0,0.0,0.07276243237412597,0.0,0.0,0.010847854539943486,0.0,0.0,0.0
2024-12-20,0.20852778265480354,0.0026314095270531363,0.0,0.0,0.0,0.12682245994911495,0.055169606122705286,0.0,0.03837962040570833,0.0024428634028202238,0.055977287911431355,0.0,0.0,0.01055142186764034,0.051172827207611106,0.0,0.14182939506301806,0.02046913088304444,0.010051497952364243,0.0,0.0,0.0,0.10408365451384285,0.0,0.036573769119169895,0.06576358333356808,0.0,0.0,0.05717212385721463,0.0,0.0,0.012381566228888943,0.0,0.0,0.0
2024-12-27,0.20425821619155154,0.04182175107842483,0.0,0.0,0.0,0.1371143184551631,0.05087946300923785,0.0,0.030163537986435,0.002933787403620141,0.03185922985339705,0.0,0.0,0.0036420020285793,0.04021805064858,0.0,0.13650939053960495,0.016087220259432003,0.014101204542859978,0.0,0.0,0.0,0.0846476879964589,0.0,0.0366006241695562,0.09746683844119505,0.0,0.0,0.05395318654986814,0.0,0.0,0.017743490846035416,0.0,0.0,0.0
2025-01-03,0.2316806365095525,0.03916389519338625,0.0,0.0,0.0,0.13111328587071971,0.04591247268003152,0.0,0.04100250405887567,0.0026075200112796824,0.028547444268273554,0.0,0.0,0.003341081564512587,0.054670005411834234,0.0,0.12836356871903248,0.021868002164733693,0.01162710627020911,0.0,0.0,0.0,0.07815629923307645,0.0,0.03128924923928783,0.0908410775819735,0.0,0.0,0.045959316390951736,0.0,0.0,0.013856534832269035,0.0,0.0,0.0
2025-01-10,0.2298235895371737,0.040085064873643744,0.0,0.0,0.0,0.13181260396161143,0.045516198683686344,0.0,0.040540739585502694,0.0024576093671037674,0.028407608594120698,0.0,0.0,0.00476536561367497,0.05405431944733693,0.0,0.13134330757444088,0.02162172777893477,0.011892333953973794,0.0,0.0,0.0,0.07637265385116085,0.0,0.03264975295318459,0.0932459859483519,0.0,0.0,0.042430595456822796,0.0,0.0,0.012980542819275612,0.0,0.0,0.0
2025-01-17,0.26189254469649315,0.03786035446558879,0.0,0.0,0.0,0.12499689069397807,0.04190143642376441,0.0,0.05428651130150301,0.001814473320324783,0.02275551376955439,0.0,0.0,0.006118462881596342,0.07238201506867069,0.0,0.12646623339065197,0.028952806027468275,0.011620098394296688,0.0,0.0,0.0,0.07018074822850232,0.0,0.04568102403259187,0.08253499786265736,0.0,0.0,0.004716783368157109,0.0,0.0,0.0058391060742005,0.0,0.0,0.0
2025-01-24,0.283312148907107,0.039411879179324566,0.0,0.0,0.0,0.12187037834075409,0.04261062906648314,0.0,0.053197496657146216,0.0008971526716222964,0.027515942199401726,0.0,0.0,0.00753922000619062,0.07092999554286161,0.0,0.14238113544774747,0.02837199821714465,0.014098253351225417,0.0,0.0,0.0,0.06695955202745743,0.0,0.0072627837777217,0.08032794516948993,0.0,0.0,0.006454796997486564,0.0,0.0,0.006858692440835298,0.0,0.0,0.0
2025-01-31,0.25045052193467143,0.058584579773996164,0.0,0.016119097373957992,0.0,0.1259167751533034,0.062085827706430556,0.0,0.049242564986042826,0.0010392066570178312,0.024841596967999632,0.0,0.016119097373957992,0.01446717850361715,0.06565675331472377,0.0,0.13380410017945282,0.02626270132588951,0.021362062442047032,0.0,0.0,0.0,0.016119097373957992,0.0,0.015890957510053743,0.08478650841397217,0.0,0.0,0.012787878410139227,0.0,0.0,0.004463494598768129,0.0,0.0,0.0
2025-02-07,0.24043292693152973,0.06291453887473167,0.0,0.016926244073124333,0.0,0.12941878314923003,0.06419937927095791,0.0,0.04412047656667527,0.0014961795746243076,0.025480525730114077,0.0,0.016926244073124333,0.015758269641095286,0.05882730208890036,0.0,0.14090446181198008,0.023530920835560142,0.023198990058181934,0.0,0.0,0.0,0.017168109734477736,0.0,0.015961729594924343,0.08855817191368287,0.0,0.0,0.01417674607708514,0.0,0.0,0.0,0.0,0.0,0.0
2025-02-14,0.22964459951569358,0.06666974940372838,0.0,0.017910332733373443,0.0,0.13262119352102855,0.0702103488786645,0.0,0.03707493005104547,0.0,0.027480065894379586,0.0,0.018131701085627276,0.029019913603061,0.04943324006806063,0.0,0.10317020605065172,0.019773296027224253,0.025423136691785468,0.0,0.0,0.0,0.017910332733373443,0.0,0.04530644153650718,0.09275900612796194,0.0,0.0,0.017461506077832888,0.0,0.0,0.0,0.0,0.0,0.0
2025-02-21,0.2384578229116474,0.0809166144555476,0.0,0.014113655979768155,0.0,0.14340784784771882,0.06944168934244657,0.0,0.0434644042353156,0.00037402282810044234,0.021006861385896646,0.0,0.014113655979768155,0.02442289291529863,0.0579525389804208,0.0,0.09785001403238182,0.02318101559216832,0.030139320499602697,0.0,0.0,0.0,0.014113655979768155,0.0,0.024689392178520876,0.09317203299476123,0.0,0.0,0.009182561860867352,0.0,0.0,0.0,0.0,0.0,0.0
2025-02-28,0.3666826168627102,0.04143964044162571,0.0,0.013943547325696585,0.0,0.14128877487119698,0.04314091241392304,0.0,0.0490846064799592,0.00036023595126022726,0.019173864311802142,0.0,0.029851859629692574,0.01921500494966225,0.06544614197327893,0.0,0.08122926857404215,0.026178456789311574,0.027167982466539415,0.0,0.0,0.0,0.04492545100198572,0.0,0.016928088631616284,0.013943547325696585,0.0,0.0,0.0,0.0,0.0,0.0,0.0,0.0,0.0
2025-03-07,0.36415632486962546,0.027258286776299087,0.0,0.017895550817510562,0.0,0.14876270738252023,0.06207599713083187,0.0,0.04771501831477083,0.00017064337422482924,0.02672397701980769,0.0,0.03395473745736803,0.0021350832591653323,0.06362002441969444,0.0,0.07515844037095279,0.02544800976787778,0.020585739387831575,0.0,0.0,0.0,0.040804204325846784,0.0,0.01341289155552999,0.01809901240125477,0.0,0.0,0.012023351368887457,0.0,0.0,0.0,0.0,0.0,0.0
2025-03-14,0.3932936288173928,0.04629160883470163,0.0,0.01225894672734674,0.0,0.15050731577189744,0.04020154723511858,0.0,0.055394808394008545,0.0003682201472035407,0.03955149307160496,0.0,0.03048540805148124,0.002427496312230812,0.07385974452534472,0.0,0.05663559551470889,0.02954389781013789,0.024971794044881597,0.0,0.0,0.0,0.031700772287287404,0.0,0.0,0.012507722454652712,0.0,0.0,0.0,0.0,0.0,0.0,0.0,0.0,0.0
2025-03-21,0.39503948889558194,0.027488150918120593,0.0,0.010875864593086934,0.0,0.1496325967357241,0.05264214591111859,0.0,0.06104212373721063,0.0006851899179756267,0.03515383895612707,0.0,0.02831111438194941,0.002476448161911143,0.08138949831628084,0.0,0.05692287698911644,0.03255579932651234,0.02428835247240466,0.0,0.0,0.0,0.029923522361241392,0.0,0.0,0.011572988325637922,0.0,0.0,0.0,0.0,0.0,0.0,0.0,0.0,0.0
2025-03-28,0.48680600675994545,0.01763140860681993,0.0,0.011348007482401756,0.0,0.13087349440454701,0.04568178508118817,0.0,0.05895815460085009,0.0,0.03109408781795994,0.0,0.02455882000035836,0.0007489083139719632,0.07861087280113345,0.0,0.03480187779220294,0.03144434912045338,0.024870084152886884,0.0,0.0,0.0,0.0003243131610845796,0.0,0.0,0.022247829904195694,0.0,0.0,0.0,0.0,0.0,0.0,0.0,0.0,0.0
2025-04-04,0.4864772543285588,0.01786189799315909,0.0,0.011174882867181282,0.0,0.1299934496411374,0.0461629207751352,0.0,0.05880533106756136,0.0,0.03434190893294836,0.0,0.024468079946708916,0.00013936874408698589,0.07840710809008182,0.0,0.03426615986343971,0.03136284323603273,0.02424666217703808,0.0,0.0,0.0,0.0009538991111651425,0.0,0.0,0.021338233225764617,0.0,0.0,0.0,0.0,0.0,0.0,0.0,0.0,0.0
2025-04-11,0.4727154410153285,0.01937387819321562,0.0,0.013407191686233381,0.0,0.1432687587985223,0.06069459132292382,0.0,0.047192295061470574,0.0,0.04079695031441326,0.0,0.028511203072234023,0.0,0.06292306008196076,0.0,0.029590824465228843,0.025169224032784307,0.031532600414386554,0.0,0.0,0.0005454373958548241,0.0005893120316618083,0.0,0.0,0.023689232113781104,0.0,0.0,0.0,0.0,0.0,0.0,0.0,0.0,0.0
2025-04-18,0.4790082806419983,0.017790376984231804,0.0,0.012278100111345981,0.0001673818016408926,0.13165785947146016,0.05612910098506417,0.0,0.05514077427070846,0.0,0.03570371189744423,0.0,0.025849025591277525,0.0,0.07352103236094461,0.0,0.03235180972088715,0.029408412944377845,0.0275511415602165,0.0,0.0,0.000542502611142225,0.00037362774773507386,0.0,0.0,0.022526861299524643,0.0,0.0,0.0,0.0,0.0,0.0,0.0,0.0,0.0
2025-04-25,0.4807060275992552,0.0017572893332321344,0.0,0.018974771188869893,0.0005033552102968338,0.11709488494017677,0.059494432291084184,0.0,0.06203987581474613,0.0,0.045266020010780006,0.0,0.0,0.0,0.0827198344196615,0.0,0.024815950325898454,0.033087933767864605,0.024077231231798245,0.0,0.0,0.0008842017635853862,0.02550271688213246,0.0,0.0,0.023075475220617817,0.0,0.0,0.0,0.0,0.0,0.0,0.0,0.0,0.0
2025-05-02,0.4811726669440127,0.0022107960324513265,0.0,0.018948914604042993,0.00026461393481384035,0.1166128684165784,0.056485960973176264,0.0,0.06373947910198258,0.0,0.043460837169654716,0.0,0.0,0.0,0.08498597213597676,0.0,0.02549579164079303,0.03399438885439071,0.023648098260372733,0.0,0.0,0.0011193876203182886,0.024999875870828754,0.0,0.0,0.022860348440606623,0.0,0.0,0.0,0.0,0.0,0.0,0.0,0.0,0.0
2025-05-09,0.48340836447148416,0.0021650651087847957,0.0,0.016322721780774586,0.0,0.1112953812258228,0.052007376438180236,0.0,0.06979631539052579,0.0,0.04081726087430948,0.0,0.00012194303830777123,0.0,0.0930617538540344,0.0,0.027918526156210315,0.03722470154161376,0.022268299566284046,0.0,0.0,0.0,0.023306149867264835,0.0,0.0,0.02028614068640274,0.0,0.0,0.0,0.0,0.0,0.0,0.0,0.0,0.0
2025-05-16,0.4776572288208697,0.002696854490656918,0.0,0.017518304977297124,0.0,0.1198849533200398,0.054337167358326915,0.0,0.06795637700016098,0.0,0.03318175783403929,0.0,0.0,0.0,0.0906085026668813,0.0,0.02718255080006439,0.03624340106675252,0.022469864014837873,0.0,0.0,0.0005099667352359583,0.023650888171567335,0.0,0.0,0.0208688538601291,0.0,0.0,0.0,0.0,0.0,0.00523332888314052,0.0,0.0,0.0
2025-05-23,0.461872127433835,0.0027287703080158855,0.0,0.034141600404330466,0.00018818777379230877,0.12574224590180616,0.0675123260152107,0.0,0.05360547969389475,0.0,0.05008670400668472,0.0,0.0,0.0,0.071473972925193,0.0,0.0214421918775579,0.028589589170077204,0.018696193352668675,0.0,0.0,0.0008335396022882828,0.02663509273240351,0.0,0.0,0.023482952505584274,0.0,0.0,0.0,0.0,0.0,0.012969026296656812,0.0,0.0,0.0
2025-05-30,0.40712367245069586,0.005734162036084058,0.0,0.02177861545187461,0.0008833493907025744,0.11485176962760575,0.08112676787002002,0.0,0.05248876707768451,0.0,0.05527621646629638,0.0,0.0,0.0,0.06998502277024601,0.0,0.041403696358108824,0.02799400910809841,0.04235619280939189,0.0,0.0,0.001336674726278225,0.012631064393045894,0.0,0.0,0.02040818952703502,0.0,0.0,0.0,0.0,0.0,0.04462182993683169,0.0,0.0,0.0
2025-06-06,0.35356595255821194,0.026292774045582758,0.029777307604698607,0.024963387912925204,0.0008037696734957199,0.0862152022237021,0.0956515715954374,0.0,0.04390965145602407,0.0,0.04016376320924372,0.0,0.0,0.0,0.05854620194136543,0.0,0.04073421727401557,0.023418480776546173,0.017290051674195454,0.0,0.0,0.0016377059589102383,0.013820879411483232,0.0,0.0,0.05669898268704464,0.0,0.0,0.0,0.0,0.0,0.0865100999971173,0.0,0.0,0.0
2025-06-13,0.3277302633465019,0.021698134861069467,0.02348843745551175,0.025565213209118455,0.0007268643771993855,0.10246556030670405,0.07292270617286882,0.0,0.038674733597623405,0.0,0.04175985120581795,0.0,0.0,0.0,0.05156631146349787,0.0,0.03945451292254168,0.02062652458539915,0.018038501910298228,0.0,0.0,0.001518474078676426,0.012312332924688977,0.0,0.0,0.04427632477934661,0.0,0.0,0.0,0.0,0.0,0.11502505789911972,0.042150194904015725,0.0,0.0
2025-06-20,0.3174029225155986,0.022975493691788123,0.02371396935047616,0.02665935742792285,0.0005311063771431556,0.08380123716212673,0.09738129772320836,0.0,0.03425493349757135,0.0,0.043840983178078996,0.0,0.0,0.0005756231144070509,0.04567324466342847,0.0,0.03886320351028653,0.018269297865371386,0.018617923104003193,0.0,0.0,0.0016989025154463455,0.012659873420078877,0.0,0.0,0.044869571228458416,0.0,0.0,0.0,0.0,0.0,0.12588246947635226,0.042328590178252544,0.0,0.0
2025-06-27,0.20886005274917518,0.03357496584563131,0.01667798038166514,0.043717876674689016,0.0012378857816853928,0.11278330504602063,0.10084225471125477,0.0,0.04317752648127898,0.0,0.036939331642303626,0.0,0.024482533962370514,0.0005418080248801293,0.05757003530837198,0.0,0.0417535445548821,0.023028014123348792,0.0,0.0,0.0,0.0307994583222721,0.0,0.0,0.0,0.08303064070568701,0.0,0.0,0.0,0.0,0.0,0.1153860612347459,0.02559672444973682,0.0,0.0
2025-07-04,0.24943980999965382,0.02882373156516793,0.021978778485439443,0.04424843752866511,0.0021412877545486262,0.11505562371362145,0.08491254511254302,0.0,0.06036540007177124,0.0,0.02817782923303354,0.0,0.016947790555867266,0.0013131083938667848,0.08048720009569499,0.0,0.0413221653717791,0.032194880038278,0.0,0.0,0.0,0.028155675185966223,0.0,0.0,0.0,0.0823210493840178,0.0,0.0,0.0,0.0,0.0,0.05746461873162437,0.024650068778460765,0.0,0.0
2025-07-11,0.26439507344068347,0.01875852331978394,0.028941380029991144,0.04543471540654515,0.001715879457877768,0.12790825289420799,0.07127129988457612,0.0,0.05756184422127258,0.0,0.04922471996909728,0.0,0.01763424894759499,0.0017052154496278657,0.07674912562836345,0.0,0.041120575318463526,0.030699650251345377,0.0,0.0,0.0,0.03953052772351709,0.0,0.0,0.0,0.08597006608725638,0.0,0.0,0.018627958209169057,0.0,0.0,0.0,0.022750943760626353,0.0,0.0
2025-07-18,0.2678691658780305,0.017147703128130458,0.029009835742343417,0.04411764455179035,0.0017663175056973131,0.12626576862076797,0.06943944438096851,0.0,0.05996888230609919,0.0,0.046624808204801846,0.0,0.017095077444059865,0.0009836178019314021,0.07995850974146558,0.0,0.04156531793605561,0.031983403896586236,0.0,0.0,0.0,0.03954090087838029,0.0,0.0,0.0,0.0886630749970867,0.0,0.0,0.014547930967248861,0.0,0.0,0.0,0.023452596018555535,0.0,0.0
2025-07-25,0.27686799984483584,0.018928378776560215,0.03183646818425281,0.060289910850478995,0.0004814457703151286,0.12022494057935004,0.06728708425828805,0.0,0.06128531699017217,0.0,0.04824340900483807,0.0,0.015446491288616552,0.0011774767098823833,0.08171375598689623,0.0,0.040102332248115255,0.032685502394758495,0.0,0.0,0.0,0.03673000555551972,0.015227133574268704,0.0,0.0,0.06232312360201203,0.0,0.0,0.0,0.0,0.011667243568984097,0.0,0.01748198081185473,0.0,0.0
2025-08-01,0.2656959738570579,0.018728472165308045,0.016692341659376053,0.07458640396286821,0.000846433041732968,0.13833513214819593,0.06990135076541634,0.0,0.03630548753237251,0.0,0.0845216586213967,0.0,0.025366659914618735,0.0011708412674715678,0.04840731670983002,0.0,0.040364343413558046,0.019362926683932007,0.02195297598260601,0.0,0.0,0.03962406823857282,0.025366659914618735,0.0,0.0,0.05247397941619052,0.0,0.0,0.0,0.0,0.010907111971896711,0.0,0.009389862732979534,0.0,0.0
2025-08-08,0.24899705489070573,0.019504746428297987,0.013519904431870008,0.07220848036168113,0.0006790906116360102,0.14610955604554365,0.0855392349338043,0.0,0.030285026382485234,0.0,0.08630320799350671,0.0,0.029771074674164885,0.0017577320984586563,0.04038003517664698,0.0,0.0424724577938653,0.016152014070658794,0.020623225586852593,0.0,0.0,0.0428900145977685,0.029771074674164885,0.0,0.0,0.05396093342732632,0.0,0.0,0.0,0.0,0.008571476715643978,0.0,0.010503659104917726,0.0,0.0
2025-08-15,0.27290452913859653,0.01822450919134127,0.014556219834516864,0.0645442719292712,0.0003146658373111661,0.13049475960415155,0.08107297575781297,0.0,0.04034942550548901,0.0,0.07964475469652565,0.0,0.026134841884503962,0.001354351707868301,0.05379923400731868,0.0,0.04319013882031027,0.021519693602927475,0.011621597506195718,0.0,0.0,0.042784899094906445,0.026134841884503962,0.0,0.0,0.049938919518097105,0.0,0.0,0.0,0.0,0.01049405552743679,0.0,0.010921314950914533,0.0,0.0
2025-08-22,0.18189050818999808,0.01837599878409513,0.029862601902256206,0.06865422182989593,0.0003313105921708801,0.10751003929800813,0.08642382163229131,0.0,0.0290729056228588,0.0,0.03939484341292259,0.0,0.028837098830850956,0.022775414231505087,0.03876387416381173,0.0,0.16653340461095745,0.015505549665524693,0.0,0.0,0.0,0.04694986634603822,0.028837098830850956,0.0,0.022362919805156478,0.04435689297658498,0.0,0.0,0.0,0.0,0.023561629274221778,0.0,0.0,0.0,0.0
2025-08-29,0.13185193110577798,0.0,0.0259786634815762,0.026684550468912223,0.0005314030359885104,0.19821887021458548,0.05672321926096023,0.0,0.028285908677412108,0.0,0.039282675499392156,0.0,0.07948894059079359,0.045599368728478404,0.03771454490321614,0.0,0.06660459247910024,0.015085817961286458,0.024687081711819284,0.0,0.0,0.04011119862950928,0.024687081711819284,0.0,0.05282794529186592,0.07718439746334041,0.0,0.0,0.0,0.0,0.02845180878416552,0.0,0.0,0.0,0.0
2025-09-05,0.18920817916318322,0.0,0.024861689048909646,0.016958531668754304,0.0005182624671286323,0.17324850247543033,0.044699793084007934,0.0,0.05208183366591128,0.0,0.031451859556110184,0.0,0.06822066843642599,0.011180279379636907,0.0694424448878817,0.0,0.06431026898716316,0.02777697795515268,0.01563729486811781,0.0,0.0,0.035965492518832555,0.01563729486811781,0.0,0.03800694192092434,0.09458835906941372,0.0,0.0,0.0,0.0,0.02620532597889732,0.0,0.0,0.0,0.0
2025-09-12,0.21115045437296925,0.0,0.019284154206881274,0.013834795554578942,0.0012813492366688306,0.11878635953040227,0.0548080088065534,0.0,0.05973214441352185,0.0,0.029104182698133727,0.0,0.06556126530793965,0.042123755966763717,0.07964285921802913,0.0,0.06712536356393504,0.03185714368721165,0.012808332464520941,0.0,0.0,0.03658935758652678,0.012808332464520941,0.0,0.04933847683687416,0.07012430373666785,0.0,0.0,0.0,0.0,0.02403936034730015,0.0,0.0,0.0,0.0
2025-09-19,0.16566823004785086,0.0,0.010940789700445517,0.024388368991060363,0.0017906930021423834,0.11940358064152079,0.06366735006073675,0.0,0.034140149262635706,0.00019136597590084083,0.037172278033196844,0.0,0.07690181402701582,0.05808170589831699,0.04552019901684761,0.0,0.07428979371550037,0.018208079606739043,0.046267548731129676,0.0,0.0,0.03835718700225127,0.022719626402752005,0.0,0.07432501274343141,0.07349979299658341,0.0,0.0,0.0,0.0,0.014466434143941699,0.0,0.0,0.0,0.0
2025-09-26,0.21519682586883948,0.018485923335998376,0.020780105101468202,0.044813041993918265,0.0015339485280901437,0.11145613527313517,0.09033278722515586,0.0,0.042593847948587935,0.0003568861385963056,0.033479475027183805,0.0,0.017927415656629583,0.023931283885962554,0.056791797264783915,0.0,0.05913296423146567,0.022716718905913567,0.017927415656629583,0.0,0.0,0.02674864343303547,0.017927415656629583,0.0,0.08371102410597411,0.06815807089992604,0.0,0.0,0.0,0.0,0.02599827386207589,0.0,0.0,0.0,0.0
2025-10-03,0.2160535787384269,0.019141423533854545,0.00807850843352265,0.0386306647213287,0.0013151622690271542,0.14397114057222485,0.06843137278136291,0.0,0.03568019320347088,0.0004460793530039654,0.03673668891520817,0.0,0.02419847285588949,0.02699564974812224,0.04757359093796117,0.0,0.08008021976704764,0.01902943637518447,0.04627981937579895,0.0,0.0,0.02820708641825622,0.02419847285588949,0.0,0.05980831546603212,0.06318706877069824,0.0,0.0,0.0,0.0,0.011957054907688837,0.0,0.0,0.0,0.0
2025-10-10,0.2349725978565339,0.018971018485195425,0.006039270168476071,0.03685796548143494,0.002001365740137317,0.11122076803835299,0.0761994812509166,0.0,0.04607886607111785,0.000582477116703209,0.03454409861053151,0.0,0.02310560224738451,0.05302634016883945,0.0614384880948238,0.0,0.06718708246084379,0.024575395237929523,0.04039929675823668,0.0,0.0,0.026030173815485867,0.02310560224738451,0.0,0.04641549510312624,0.0594404217090477,0.0,0.0,0.0,0.0,0.007808193337497535,0.0,0.0,0.0,0.0
2025-10-17,0.2226514766681679,0.019360606824175668,0.007140998484582772,0.03808977577888304,0.0022059605432764784,0.1398266617983972,0.08116088219775823,0.0,0.03725081937901138,0.0007996742952195338,0.037176737213181446,0.0,0.023396476701005798,0.05124289841162591,0.04966775917201518,0.0,0.058921508391242716,0.019867103668806074,0.0436615061913518,0.0,0.0,0.028182499238440226,0.023396476701005798,0.0,0.04228728549091915,0.06501115128724355,0.0,0.0,0.0,0.0,0.00870174156368949,0.0,0.0,0.0,0.0
2025-10-24,0.19894568890622738,0.020293677549470594,0.005870833804732183,0.04208303068788352,0.001980119285245457,0.12102722507916751,0.08616156933641185,0.0,0.03111987271804468,0.000855938097453548,0.04048219217492083,0.0,0.025085143455946066,0.06663865398267758,0.041493163624059574,0.0,0.0681851758032411,0.01659726544962383,0.044571331166056216,0.0,0.0,0.029965207554779664,0.025085143455946066,0.0,0.051075994112713186,0.07067704508878739,0.0,0.0,0.0050520571833882946,0.0,0.006753671483222777,0.0,0.0,0.0,0.0
2025-10-31,0.21026672391142456,0.02016491288710676,0.006953528344344988,0.038447733701090676,0.0016625139473321882,0.11703082713747605,0.07101466701701818,0.0,0.035784940129028185,0.0007987718359864726,0.08566431334088033,0.0,0.0231171676733962,0.06195802673877522,0.04771325350537091,0.0,0.07057650864612168,0.019085301402148366,0.04332307318005764,0.0,0.0,0.02984483474141387,0.0231171676733962,0.0,0.043950357851451974,0.03974027636328299,0.0,0.0,0.0,0.0,0.00978509997289594,0.0,0.0,0.0,0.0
2025-11-07,0.24396536887653103,0.01860486166171133,0.01760758199179046,0.039989859595901324,0.0012913623976194984,0.1125408910678871,0.061411640700998346,0.0,0.052763037573237734,0.001022501787412544,0.06198327826225866,0.0,0.01676902479965592,0.0501228788036421,0.07035071676431698,0.0,0.04989654601455939,0.02814028670572679,0.01676902479965592,0.0,0.0,0.04230577709496701,0.01676902479965592,0.0,0.033086518405242314,0.040890592117826724,0.0,0.0,0.0,0.0,0.0237192257794023,0.0,0.0,0.0,0.0
2025-11-14,0.2470523722678722,0.01861669714335671,0.024783946876909928,0.05342444987146343,0.0009400950090635704,0.11509407158054019,0.06292804024311217,0.0,0.05408764938528305,0.000685450939661554,0.05709160549277505,0.0,0.017839776160386286,0.02350190775473347,0.07211686584704408,0.0,0.04656776690310098,0.02884674633881763,0.017839776160386286,0.0,0.0,0.0451634001865342,0.017839776160386286,0.0,0.007160971168148214,0.06237052822692553,0.0,0.0,0.0,0.0,0.02604810628349858,0.0,0.0,0.0,0.0
2025-11-21,0.25574783369306936,0.018247503564127084,0.005404321046933938,0.03557540736393323,0.001451810624514647,0.12076304591945594,0.0674707787197037,0.0,0.04511517459650184,0.00070652006139262,0.08229735364037952,0.0,0.019658251639838344,0.005467814128942523,0.06015356612866912,0.0,0.07769112973469744,0.02406142645146765,0.03876847199657245,0.0,0.0,0.050164186983889254,0.019658251639838344,0.0,0.026805667999158712,0.04005490900908826,0.0,0.0,0.0,0.0,0.004736575057825394,0.0,0.0,0.0,0.0
2025-11-28,0.3022309614775896,0.0,0.004883222212644419,0.03849079269271291,0.0012037262606152612,0.10815603704482107,0.03998472770786859,0.0,0.03265249166678834,0.0006708485749091827,0.09830131073923612,0.0,0.021709521490717143,0.0065509320778308205,0.043536655555717785,0.0,0.09993815930910761,0.017414662222287117,0.07705403004794208,0.0,0.0,0.03800684080152405,0.021709521490717143,0.0,0.0033502763569953527,0.03922679754389848,0.0,0.0,0.0,0.0,0.0049284847260762325,0.0,0.0,0.0,0.0
2025-12-05,0.3038139797030569,0.0,0.005447078343472321,0.054218686381545755,0.001356587052206574,0.10819895040509764,0.04041944197799906,0.0,0.034213562888494024,0.0008593195196857951,0.05223863444924503,0.0,0.022075715364949785,0.007262332629760214,0.04561808385132537,0.0,0.1193007123537715,0.018247233540530147,0.07747368084722563,0.0,0.0,0.03929132780205955,0.022075715364949785,0.0,0.0039713463726867085,0.0390059031819568,0.0,0.0,0.0,0.0,0.0049117079699809,0.0,0.0,0.0,0.0
2025-12-12,0.29902052735048346,0.0,0.004340012543124612,0.05567553631443896,0.001497681910657036,0.11009834354188854,0.04220799781687294,0.0,0.03338070224870681,0.0005780241261903015,0.05269195557963078,0.0,0.023468049405135253,0.006468907279890673,0.04450760299827574,0.0,0.11872410489319696,0.0178030411993103,0.07874068669056075,0.0,0.0,0.03929172811843289,0.023468049405135253,0.0,0.0030725851537292664,0.0403655537861951,0.0,0.0,0.0,0.0,0.004598909638143895,0.0,0.0,0.0,0.0
2025-12-19,0.2739475049727417,0.0,0.006399215052102773,0.05997600344636527,0.0016275935583649796,0.10977375008968625,0.04562189295316682,0.0,0.027899061543141403,0.00036845946347953683,0.05203683415417993,0.0,0.026595464239053908,0.008028151031841561,0.03719874872418854,0.0,0.13801760165265253,0.014879499489675416,0.07918261305948765,0.0,0.0,0.034084753124563265,0.026595464239053908,0.0,0.0037358917031071236,0.04707070889818536,0.0,0.0,0.0,0.0,0.006960788604961739,0.0,0.0,0.0,0.0
2025-12-26,0.22275840222336307,0.0,0.00664199224157591,0.06005220935317741,0.0015238562227401276,0.12657525124990612,0.04889502058310137,0.0,0.032521965108432145,0.0004137693385342661,0.103126705637463,0.0,0.029827436014685224,0.007420715071149556,0.043362620144576196,0.0,0.10152250768856669,0.01734504805783048,0.06774438620295091,0.0,0.0,0.04793877467955296,0.0,0.0,0.0,0.0759988648105828,0.0,0.0,0.0,0.0,0.006330475371811205,0.0,0.0,0.0,0.0
2026-01-02,0.2862059733852592,0.0,0.015334155657961372,0.052548826551759714,0.0008399209773950458,0.12681381160600647,0.03250867429280643,0.0,0.04759769135414745,0.0013021895800833711,0.06947134678897718,0.0,0.014711195943928477,0.015096484882815253,0.0634635884721966,0.0,0.05452856046124213,0.025385435388878642,0.06035506719019101,0.0,0.0,0.05346874102342017,0.0,0.0,0.0,0.06877677966504447,0.0,0.0,0.0,0.0,0.011591556777886456,0.0,0.0,0.0,0.0
2026-01-09,0.2824509270947987,0.0,0.02096388210843346,0.05559582137455227,0.0015953248695663625,0.128863419019506,0.03392728380736683,0.0,0.04509868873375973,0.0011580471477551555,0.06673808872617497,0.0,0.01626447110577965,0.012650479579334767,0.06013158497834631,0.0,0.04358968197226527,0.024052633991338526,0.06287279478990151,0.0,0.0,0.054217622864646,0.0,0.0,0.0,0.07953460574079563,0.0,0.0,0.0,0.0,0.010294642095678316,0.0,0.0,0.0,0.0
2026-01-16,0.2757368346201604,0.0,0.022618120418849037,0.055660119192329355,0.0018875752858723263,0.12582014686205562,0.03704215323126688,0.0,0.04608263707403668,0.002087978900175558,0.05838615665374492,0.0,0.018929622234914942,0.010837316848155809,0.061443516098715574,0.0,0.05609626003224177,0.02457740643948623,0.06372102727429477,0.0,0.0,0.04814324967179448,0.0,0.0,0.0,0.08013226156527703,0.0,0.0,0.0029640654232988917,0.0,0.007833552173329173,0.0,0.0,0.0,0.0
2026-01-23,0.26988457204715105,0.0,0.012744625600156146,0.05158255462168815,0.0014238445782720024,0.12292858821095097,0.0400119940356639,0.0,0.04250373439025578,0.0015166076222824655,0.08880723489748282,0.0,0.021808728157344918,0.0059616100493751,0.05667164585367438,0.0,0.07516038447893532,0.022668658341469753,0.06106167462595688,0.0,0.0,0.05282496962542092,0.0,0.0,0.0,0.0724385728639188,0.0,0.0,0.0,0.0,0.0,0.0,0.0,0.0,0.0
2026-01-30,0.26270900853324697,0.0,0.011966126423952825,0.05296612621607545,0.03232400306471165,0.12183371517473535,0.03825754022396581,0.0,0.03909405743489162,0.0011313062190429816,0.09238434491763785,0.0,0.02032274316792104,0.00554399599035048,0.05212540991318883,0.0,0.07373230792145102,0.02085016396527553,0.05984428880484221,0.0,0.0,0.05315237074984705,0.02032274316792104,0.0,0.0,0.0414397481109418,0.0,0.0,0.0,0.0,0.0,0.0,0.0,0.0,0.0
2026-02-06,0.26138959244993953,0.0,0.014943334948955016,0.05384909292556492,0.03323395084644711,0.12219456499629439,0.03805304775505937,0.0,0.0363467084743362,0.0007888682821821489,0.07299010399348069,0.0,0.02002585614519933,0.0015958790721065544,0.0484622779657816,0.0,0.095276897430579,0.01938491118631264,0.060540490770955996,0.0,0.0,0.05570896840224368,0.02002585614519933,0.0,0.0,0.045189598209362,0.0,0.0,0.0,0.0,0.0,0.0,0.0,0.0,0.0
2026-02-13,0.26179749232953065,0.0,0.014261953407123289,0.053251419765503634,0.03336365112371847,0.12196306530919347,0.038204910946020854,0.0,0.03584590729831405,0.001883330221043926,0.07281129516862456,0.0,0.02053233372899519,0.0017161435087116406,0.047794543064418736,0.0,0.09649083258485812,0.019117817225767497,0.06062727464144331,0.0,0.0,0.055774733223472955,0.02053233372899519,0.0,0.0,0.044030962724264024,0.0,0.0,0.0,0.0,0.0,0.0,0.0,0.0,0.0
2026-02-20,0.28103800233528153,0.0,0.0343164871064512,0.05500776179300349,0.035260980601692235,0.12741460993515244,0.030216267653718074,0.0,0.04056835973780483,0.0023970030296654814,0.06545867162908117,0.0,0.012715887964052187,0.000723703429896901,0.054091146317073104,0.0,0.05069224255245182,0.02163645852682924,0.06128819634033918,0.0,0.0,0.059163384238303335,0.012715887964052187,0.0,0.0,0.055294948845151126,0.0,0.0,0.0,0.0,0.0,0.0,0.0,0.0,0.0
2026-02-27,0.2844009784721516,0.0,0.033332031090570514,0.05444583764202318,0.001052510080761338,0.09302108079342455,0.06295267777579625,0.0,0.04210359118601486,0.002076624358374537,0.06368684144543019,0.0,0.013162999529989613,0.0006840505086838225,0.05613812158135315,0.0,0.050781964493663304,0.022455248632541263,0.09375905520383512,0.0,0.0,0.05784233676156644,0.01298001388232552,0.0,0.0,0.05512403656149408,0.0,0.0,0.0,0.0,0.0,0.0,0.0,0.0,0.0
2026-03-06,0.27789496649257645,0.0,0.035782587393019,0.05515342634018354,0.0011230626251451223,0.09427424889745345,0.06519384754625403,0.0,0.03749620979960291,0.0019416393485084391,0.06667845233857457,0.0,0.0141322344611153,0.006455180303884296,0.04999494639947054,0.0,0.045587114262912704,0.01999797855978822,0.09734446264410833,0.0,0.0,0.061047625312230805,0.01334588032988205,0.0,0.0,0.05655613694528974,0.0,0.0,0.0,0.0,0.0,0.0,0.0,0.0,0.0
2026-03-13,0.299167959648238,0.0,0.0,0.021967130168770808,0.001939746456624563,0.09051108497909903,0.07149732212581475,0.0,0.0525956189304494,0.002193485026828373,0.08021472065136184,0.0,0.011038083384283782,0.019724788733891115,0.07012749190726586,0.0,0.08096767616953787,0.028050996762906347,0.0942058794180256,0.0,0.0,0.04019081397005557,0.010846873254253899,0.0,0.0,0.022150230932315516,0.0,0.0,0.0,0.0,0.0026100974802771553,0.0,0.0,0.0,0.0
2026-03-20,0.28242503821602444,0.0,0.0,0.024743348472956023,0.0026856561641449206,0.10345990347605698,0.07566272118828035,0.0,0.041113435703909774,0.001959114896371699,0.09947522481375733,0.0,0.012128815245154178,0.022820806835474744,0.054817914271879695,0.0,0.07111140801110022,0.02192716570875188,0.10454227103706332,0.0,0.0,0.0445656728460817,0.012128815245154178,0.0,0.0,0.024432687867838015,0.0,0.0,0.0,0.0,0.0,0.0,0.0,0.0,0.0
2026-03-27,0.39798437300378675,0.0,0.0,0.04881578602658359,0.015187225667486405,0.10562585009962032,0.050861553473399185,0.0,0.04443918210092656,0.002691867493167488,0.06777687283470414,0.0,0.01848637865846718,0.027783722923463712,0.05925224280123541,0.0,0.05387468670947271,0.023700897120494165,0.030976927617104306,0.0,0.0,0.02056533269684888,0.0,0.0,0.0,0.031977100773238794,0.0,0.0,0.0,0.0,0.0,0.0,0.0,0.0,0.0
2026-04-03,0.4202438374180654,0.0,0.0,0.050453412683686846,0.01690747920910943,0.11971912251258224,0.05188712024011923,0.0,0.04310295261646746,0.0023753642784658823,0.07431246668586312,0.0,0.018835745769911216,0.0,0.05747060348862328,0.0,0.017241181046586986,0.022988241395449315,0.05119879466120309,0.0,0.0,0.021393310530160047,0.0,0.0,0.0,0.0318703674637061,0.0,0.0,0.0,0.0,0.0,0.0,0.0,0.0,0.0
2026-04-10,0.31895616659757353,0.0,0.0,0.06016309991289047,0.015795980487633306,0.10474544811406047,0.026930867050470507,0.0,0.037602712827701765,0.005716542830489717,0.03813112660512511,0.0,0.025136073457467323,0.004992566192951575,0.05013695043693569,0.0,0.10201687003523752,0.020054780174774276,0.04485464954106837,0.0,0.0,0.018605893719676678,0.01637142321619611,0.0,0.0,0.01637142321619611,0.0,0.0,0.0,0.0,0.0,0.0,0.09341742558355096,0.0,0.0
