,gross_return,net_return,turnover,cost,wealth,drawdown
2005-01-07,0.0,0.0,,0.0,1.0,0.0
2005-01-14,0.0,0.0,0.0,0.0,1.0,0.0
2005-01-21,0.0,0.0,0.0,0.0,1.0,0.0
2005-01-28,0.0,0.0,0.0,0.0,1.0,0.0
2005-02-04,0.0,0.0,0.0,0.0,1.0,0.0
2005-02-11,0.0,0.0,0.0,0.0,1.0,0.0
2005-02-18,0.0,0.0,0.0,0.0,1.0,0.0
2005-02-25,0.0,0.0,0.0,0.0,1.0,0.0
2005-03-04,0.0,0.0,0.0,0.0,1.0,0.0
2005-03-11,0.0,0.0,0.0,0.0,1.0,0.0
2005-03-18,0.0,0.0,0.0,0.0,1.0,0.0
2005-03-25,0.0,0.0,0.0,0.0,1.0,0.0
2005-04-01,0.0,0.0,0.0,0.0,1.0,0.0
2005-04-08,0.0,0.0,0.0,0.0,1.0,0.0
2005-04-15,0.0,0.0,0.0,0.0,1.0,0.0
2005-04-22,0.0,0.0,0.0,0.0,1.0,0.0
2005-04-29,0.0,0.0,0.0,0.0,1.0,0.0
2005-05-06,0.0,0.0,0.0,0.0,1.0,0.0
2005-05-13,0.0,0.0,0.0,0.0,1.0,0.0
2005-05-20,0.0,0.0,0.0,0.0,1.0,0.0
2005-05-27,0.0,0.0,0.0,0.0,1.0,0.0
2005-06-03,0.0,0.0,0.0,0.0,1.0,0.0
2005-06-10,0.0,0.0,0.0,0.0,1.0,0.0
2005-06-17,0.0,0.0,0.0,0.0,1.0,0.0
2005-06-24,0.0,0.0,0.0,0.0,1.0,0.0
2005-07-01,0.0,0.0,0.0,0.0,1.0,0.0
2005-07-08,0.0,0.0,0.0,0.0,1.0,0.0
2005-07-15,0.0,0.0,0.0,0.0,1.0,0.0
2005-07-22,0.0,0.0,0.0,0.0,1.0,0.0
2005-07-29,0.0,0.0,0.0,0.0,1.0,0.0
2005-08-05,0.0,0.0,0.0,0.0,1.0,0.0
2005-08-12,0.0,0.0,0.0,0.0,1.0,0.0
2005-08-19,0.0,0.0,0.0,0.0,1.0,0.0
2005-08-26,0.0,0.0,0.0,0.0,1.0,0.0
2005-09-02,0.0,0.0,0.0,0.0,1.0,0.0
2005-09-09,0.0,0.0,0.0,0.0,1.0,0.0
2005-09-16,0.0,0.0,0.0,0.0,1.0,0.0
2005-09-23,0.0,0.0,0.0,0.0,1.0,0.0
2005-09-30,0.0,0.0,0.0,0.0,1.0,0.0
2005-10-07,0.0,0.0,0.0,0.0,1.0,0.0
2005-10-14,0.0,0.0,0.0,0.0,1.0,0.0
2005-10-21,0.0,0.0,0.0,0.0,1.0,0.0
2005-10-28,0.0,0.0,0.0,0.0,1.0,0.0
2005-11-04,0.0,0.0,0.0,0.0,1.0,0.0
2005-11-11,0.0,0.0,0.0,0.0,1.0,0.0
2005-11-18,0.0,0.0,0.0,0.0,1.0,0.0
2005-11-25,0.0,0.0,0.0,0.0,1.0,0.0
2005-12-02,0.0,0.0,0.0,0.0,1.0,0.0
2005-12-09,0.0,0.0,0.0,0.0,1.0,0.0
2005-12-16,0.0,0.0,0.0,0.0,1.0,0.0
2005-12-23,0.0,0.0,0.0,0.0,1.0,0.0
2005-12-30,0.0,0.0,0.0,0.0,1.0,0.0
2006-01-06,0.0,0.0,0.0,0.0,1.0,0.0
2006-01-13,0.0,0.0,0.0,0.0,1.0,0.0
2006-01-20,0.0,0.0,0.0,0.0,1.0,0.0
2006-01-27,0.0,0.0,0.0,0.0,1.0,0.0
2006-02-03,0.0,0.0,0.0,0.0,1.0,0.0
2006-02-10,0.0,0.0,0.0,0.0,1.0,0.0
2006-02-17,0.0,0.0,0.0,0.0,1.0,0.0
2006-02-24,0.0,0.0,0.0,0.0,1.0,0.0
2006-03-03,0.0,0.0,0.0,0.0,1.0,0.0
2006-03-10,0.0,0.0,0.0,0.0,1.0,0.0
2006-03-17,0.0,0.0,0.0,0.0,1.0,0.0
2006-03-24,0.0,0.0,0.0,0.0,1.0,0.0
2006-03-31,0.0,0.0,0.0,0.0,1.0,0.0
2006-04-07,0.0,0.0,0.0,0.0,1.0,0.0
2006-04-14,0.0,0.0,0.0,0.0,1.0,0.0
2006-04-21,0.0,0.0,0.0,0.0,1.0,0.0
2006-04-28,0.0,0.0,0.0,0.0,1.0,0.0
2006-05-05,0.0,0.0,0.0,0.0,1.0,0.0
2006-05-12,0.0,0.0,0.0,0.0,1.0,0.0
2006-05-19,0.0,0.0,0.0,0.0,1.0,0.0
2006-05-26,0.0,0.0,0.0,0.0,1.0,0.0
2006-06-02,0.0,0.0,0.0,0.0,1.0,0.0
2006-06-09,0.0,0.0,0.0,0.0,1.0,0.0
2006-06-16,0.0,0.0,0.0,0.0,1.0,0.0
2006-06-23,0.0,0.0,0.0,0.0,1.0,0.0
2006-06-30,0.004964394293370196,0.004317555528227221,0.6468387651429741,0.0006468387651429741,1.0043175555282273,0.0
2006-07-07,0.001558706065273102,0.001558706065273102,0.0,0.0,1.0058829913934895,0.0
2006-07-14,-0.010130689337587062,-0.010130689337587062,0.0,0.0,0.9956927032977192,-0.010130689337587095
2006-07-21,0.020912628044728827,0.020912628044728827,0.0,0.0,1.016515254448635,0.0
2006-07-28,0.006267700161230215,0.006043091470010304,0.22460869121991123,0.00022460869121991123,1.0226581491119289,0.0
2006-08-04,-0.014656691672414028,-0.014662238224890241,0.005546552476212097,5.546552476212097e-06,1.0076636917070245,-0.014662238224890212
2006-08-11,0.010803330433967123,0.010799980553194463,0.0033498807726599217,3.3498807726599217e-06,1.0185464399816204,-0.004020609559390875
2006-08-18,-0.0002848953332787161,-0.0003196576207972286,0.0347622875185125,3.47622875185125e-05,1.0182208538499444,-0.004338981961702237
2006-08-25,0.010053051830104198,0.00994315944704863,0.10989238305556737,0.00010989238305556737,1.0283451861520845,0.0
2006-09-01,-0.009191545355839922,-0.009210957785899017,0.01941243005909471,1.941243005909471e-05,1.0188731420531052,-0.009210957785898977
2006-09-08,-0.0052530742436255485,-0.005269606528092153,0.016532284466604458,1.6532284466604457e-05,1.0135040814924443,-0.01443202619071271
2006-09-15,0.0003918923966162997,0.0003489958655424386,0.04289653107386112,4.289653107386112e-05,1.0138577902265955,-0.014088067042642205
2006-09-22,0.010480928223056471,0.01045756328139236,0.02336494166411085,2.336494166411085e-05,1.0244602722262228,-0.003777830613860722
2006-09-29,-0.0005795390301558435,-0.0006540119569130349,0.0744729267571914,7.44729267571914e-05,1.0237902629588045,-0.004429371824381079
2006-10-06,0.01427517727476484,0.014246895005063816,0.028282269701023446,2.8282269701023448e-05,1.0383760953423853,0.0
2006-10-13,0.002426032916930435,0.002394177000482984,0.03185591644745127,3.185591644745127e-05,1.0408621515077052,0.0
2006-10-20,0.006867137988862258,0.0067924891845545735,0.07464880430768478,7.464880430768478e-05,1.0479321964144335,0.0
2006-10-27,-0.003189482431318959,-0.003375453266339668,0.1859708350207091,0.0001859708350207091,1.0443949502591439,-0.0033754532663397008
2006-11-03,0.009977103037965816,0.009953206268900457,0.02389676906535973,2.3896769065359732e-05,1.0547900286252712,0.0
2006-11-10,0.00671453906954312,0.00667301284269729,0.041526226845829566,4.1526226845829564e-05,1.0618286560326367,0.0
2006-11-17,0.02508216500531584,0.02501387491083684,0.06829009447900145,6.829009447900144e-05,1.088389105211379,0.0
2006-11-24,0.0037788771846671686,0.00354482703071161,0.23405015395555867,0.00023405015395555867,1.0922472563314645,0.0
2006-12-01,0.0040789551713372035,0.004038018331870274,0.04093683946692922,4.093683946692922e-05,1.096657770775466,0.0
2006-12-08,0.0017286531855041226,0.0016508580321749056,0.07779515332921695,7.779515332921695e-05,1.0984681970648975,0.0
2006-12-15,-0.007209386059197651,-0.007274282910543597,0.06489685134594575,6.489685134594575e-05,1.0904776286312128,-0.00727428291054355
2006-12-22,0.01432405777099283,0.014250727410822011,0.07333036017081862,7.333036017081862e-05,1.1060177280644359,0.0
2006-12-29,-0.021807778198412613,-0.02200985857750464,0.20208037909202825,0.00020208037909202827,1.0816744342855247,-0.022009858577504593
2007-01-05,0.02295115095110394,0.02287494186735139,0.07620908375254591,7.620908375254592e-05,1.1064176740892062,0.0
2007-01-12,0.011496297349698871,0.011444340758149341,0.0519565915495311,5.19565915495311e-05,1.119079894972322,0.0
2007-01-19,0.005533057675711935,0.005505789534700156,0.027268141011778803,2.7268141011778802e-05,1.125241313346554,0.0
2007-01-26,0.016389630215086753,0.016212161437458062,0.17746877762868904,0.00017746877762868905,1.1434839071746254,0.0
2007-02-02,0.0035060309104829367,0.0034921000253993434,0.013930885083593317,1.3930885083593317e-05,1.1474770673559136,0.0
2007-02-09,0.012601160159229404,0.012554456167447204,0.0467039917822009,4.6703991782200904e-05,1.161883017901184,0.0
2007-02-16,-0.001594846487158253,-0.0016665217867161749,0.07167529955792183,7.167529955792184e-05,1.1599467145382363,-0.001666521786716113
2007-02-23,-0.03985618052620146,-0.0400058882684566,0.1497077422551391,0.00014970774225513912,1.1135420158790563,-0.041605739370776385
2007-03-02,0.012424611354821292,0.012398173844383466,0.026437510437825537,2.6437510437825536e-05,1.12734790337495,-0.029723400716035964
2007-03-09,-0.009351885474321307,-0.00936093377586443,0.009048301543123242,9.048301543123242e-06,1.1167948743090976,-0.03880609570620397
2007-03-16,0.026804953638104242,0.02674558976535224,0.059363872752001126,5.936387275200113e-05,1.1466642118694168,-0.01309839785700495
2007-03-23,-0.005526971288776984,-0.005563440843064561,0.03646955428757631,3.646955428757631e-05,1.140284813359822,-0.0185889665384531
2007-03-30,0.011495183732799877,0.011285294755163017,0.20988897763686096,0.00020988897763686096,1.1531532635834236,-0.007513453749870447
2007-04-06,0.002903703097231714,0.0027632297375572946,0.14047335967441926,0.00014047335967441927,1.1563396909733186,-0.004770985411146622
2007-04-13,0.010999421367590963,0.010871987595441996,0.12743377214896695,0.00012743377214896696,1.1689114017496978,0.0
2007-04-20,-0.003212352933231273,-0.0032962295543362695,0.08387662110499651,8.387662110499652e-05,1.1650584014408498,-0.003296229554336283
2007-04-27,0.002844391275322939,0.00266296592784095,0.18142534748198888,0.00018142534748198888,1.1681609122678316,-0.0006420413734888886
2007-05-04,-0.0005730243857246502,-0.0006028527649388302,0.02982837921417996,2.982837921417996e-05,1.1674566832319775,-0.0012445070820105153
2007-05-11,-0.014644883925390744,-0.014689714097665701,0.04483017227495785,4.483017227495785e-05,1.1503070783338907,-0.01591593972644889
2007-05-18,0.00012250715396108054,6.957628787232202e-05,0.05293086608875851,5.293086608875851e-05,1.1503871124303144,-0.01584747081058069
2007-05-25,0.02045054099379936,0.020346384860759015,0.10415613304034393,0.00010415613304034394,1.1737933313586788,0.0
2007-06-01,-0.020456337117241968,-0.020521285543922792,0.06494842668082315,6.494842668082315e-05,1.149705583236315,-0.02052128554392274
2007-06-08,0.009356281933324653,0.009344637355528153,0.011644577796499661,1.1644577796499662e-05,1.1604491649772843,-0.011368412159871832
2007-06-15,-0.009589701306863272,-0.00960168324051346,0.011981933650188662,1.1981933650188662e-05,1.1493068996784541,-0.020860939507878595
2007-06-22,0.005326590718519557,0.005296183392917452,0.03040732560210465,3.040732560210465e-05,1.1553938397938965,-0.015675239476343417
2007-06-29,0.01339951475939673,0.013244422711542695,0.15509204785403494,0.00015509204785403493,1.1706963642064394,-0.0026384262625300803
2007-07-06,0.012086086472194491,0.012061291844610864,0.024794627583626824,2.4794627583626824e-05,1.1848164747165582,0.0
2007-07-13,-0.002907014112998523,-0.002925427661126515,0.018413548127991945,1.8413548127991944e-05,1.181350379828064,-0.0029254276611264673
2007-07-20,-0.03542284381663076,-0.03543148490283874,0.008641086207984504,8.641086207984504e-06,1.139493381680223,-0.03825326031795573
2007-07-27,0.00043041835666783775,0.00020162016213356665,0.22879819453427108,0.0002287981945342711,1.1397231265205876,-0.03805935278436956
2007-08-03,-0.0014927594992425837,-0.0015076232692970376,0.014863770054453922,1.4863770054453923e-05,1.1380048534144893,-0.03950959688779443
2007-08-10,-0.007433763936088914,-0.007451385249898969,0.01762131381005462,1.7621313810054622e-05,1.1295251408354432,-0.04666658091021414
2007-08-17,0.02193905751544527,0.021933382997063034,0.005674518382237934,5.674518382237934e-06,1.1542994483541984,-0.025756753905418428
2007-08-24,0.00828875373932447,0.008267634136063486,0.021119603260984304,2.1119603260984304e-05,1.1638427738766508,-0.017702067187177484
2007-08-31,-0.0005609975996987626,-0.0009766534983538754,0.41565589865511277,0.0004156558986551128,1.1627061027600103,-0.018661431899684944
2007-09-07,0.00504610731010928,0.005029720641114311,0.01638666899496941,1.638666899496941e-05,1.1685541896446119,-0.013725573047789208
2007-09-14,0.006288582554615152,0.006276246337546345,0.012336217068806261,1.2336217068806262e-05,1.1758883235975932,-0.007535471787814885
2007-09-21,0.005226681291639525,0.005214638743836213,0.01204254780331272,1.204254780331272e-05,1.18202015640825,-0.0023601278071163634
2007-09-28,0.016826333405390755,0.016228291470880278,0.5980419345104748,0.0005980419345104749,1.2012023240308984,0.0
2007-10-05,0.00660915540647611,0.006600213943244175,0.008941463231934954,8.941463231934954e-06,1.2091305163586246,0.0
2007-10-12,-0.006885899881676118,-0.006997665381342855,0.11176549966673636,0.00011176549966673637,1.2006694256027766,-0.0069976653813429435
2007-10-19,0.02026680579653957,0.020262104262585356,0.004701533954214285,4.701533954214285e-06,1.2249975146892387,0.0
2007-10-26,0.003523614795151236,0.0029430292349178944,0.5805855602333416,0.0005805855602333416,1.2286027181876709,0.0
2007-11-02,-0.003046154916497184,-0.0030537309415102592,0.007576025013075333,7.5760250130753325e-06,1.2248508960523175,-0.003053730941510402
2007-11-09,-0.0037426344712881403,-0.003750754378381406,0.00811990709326562,8.11990709326562e-06,1.2202567811910847,-0.0067930315251926165
2007-11-16,0.0011251492387175568,0.0011215193417728445,0.003629896944712361,3.629896944712361e-06,1.22162532277312,-0.005679130699664525
2007-11-23,0.001797343013410213,0.0017884892803282444,0.008853733081968566,8.853733081968567e-06,1.223810186567477,-0.003900798483714385
2007-11-30,0.0031062900073344953,0.0030521837273623344,0.0541062799721609,5.41062799721609e-05,1.2275454801042984,-0.0008605207100078616
2007-12-07,-0.007243794210187275,-0.0072464086134544055,0.002614403267130659,2.614403267130659e-06,1.2186501839638637,-0.008100693638777079
2007-12-14,0.004588400309364534,0.004578701238759621,0.009699070604913628,9.699070604913629e-06,1.2242300190707938,-0.0035590830560161546
2007-12-21,0.0031673120139412113,0.003152293790764363,0.015018223176848382,1.5018223176848383e-05,1.228089151758378,-0.0004180085406699785
2007-12-28,0.004148680038097791,0.0036994995107546206,0.44918052734316993,0.0004491805273431699,1.2326324669744713,0.0
2008-01-04,0.0055325152876957865,0.005518310284555119,0.014205003140666993,1.4205003140666992e-05,1.239434515394053,0.0
2008-01-11,-0.009390278390255356,-0.00941681776488449,0.02653937462913433,2.653937462913433e-05,1.2277629864310793,-0.009416817764884455
2008-01-18,0.006651843749102532,0.006624936876508612,0.02690687259391964,2.6906872593919643e-05,1.2358968387154987,-0.002854266711645903
2008-01-25,0.004803327049859834,0.004324598028146019,0.47872902171381426,0.0004787290217138143,1.2412415957471998,0.0
2008-02-01,-0.0030025387039914818,-0.0030202184442536945,0.017679740262212522,1.7679740262212522e-05,1.2374927749859492,-0.0030202184442537083
2008-02-08,-0.0009801667303625428,-0.0009867739238933993,0.006607193530856487,6.607193530856488e-06,1.2362716493845867,-0.004004012095341847
2008-02-15,0.004932780293729955,0.004929119774471139,0.0036605192588158204,3.6605192588158203e-06,1.2423653804181864,0.0
2008-02-22,0.004664923604204336,0.0046465127094665664,0.01841089473777035,1.841089473777035e-05,1.248138046948101,0.0
2008-02-29,-0.005024681191900504,-0.005055092572505039,0.030411380604535413,3.0411380604535414e-05,1.2418285935775126,-0.005055092572505027
2008-03-07,0.004518898987855387,0.004505362875564918,0.013536112290469478,1.3536112290469478e-05,1.2474234820208316,-0.00057250472334891
2008-03-14,-0.005183694323658028,-0.005198079029369773,0.014384705711744002,1.4384705711744001e-05,1.2409392761781957,-0.005767607827922072
2008-03-21,0.0017868278896710848,0.0017772663195071746,0.00956157016391014,9.561570163910141e-06,1.2431447557583009,-0.004000592083551524
2008-03-28,0.0017338484898695163,0.0016894373607448838,0.04441112912463245,4.441112912463245e-05,1.245244970953493,-0.002317913472537736
2008-04-04,0.0011217635240847084,0.001118000708394469,0.0037628156902393666,3.7628156902393666e-06,1.2466371557131435,-0.001202504193047682
2008-04-11,-0.003135597119369043,-0.0031392925985754853,0.0036954792064427117,3.6954792064427117e-06,1.242723596917104,-0.004338021779110246
2008-04-18,-0.003351234628882788,-0.003353998380874784,0.0027637519919956224,2.7637519919956226e-06,1.238555503985169,-0.0076774704419617645
2008-04-25,-0.0016977763870492215,-0.0017692803288504144,0.07150394180119296,7.150394180119296e-05,1.2363641520957787,-0.009433167173383827
2008-05-02,0.004492617162884217,0.004489092962945509,0.00352419993870818,3.52419993870818e-06,1.24191430571059,-0.004986420574814687
2008-05-09,0.001656948334984263,0.0016440137958253463,0.012934539158916845,1.2934539158916845e-05,1.243956029962411,-0.0033506045232060133
2008-05-16,-0.00045221786843418045,-0.0004648309011846227,0.012613032750442257,1.2613032750442257e-05,1.2433778007599696,-0.0038138779598706485
2008-05-23,-0.006137563182880865,-0.006161710341124575,0.02414715824370901,2.414715824370901e-05,1.2357164669071021,-0.009952088289730154
2008-05-30,0.005253678386698251,0.004893325103828077,0.3603532828701741,0.0003603532828701741,1.2417632293158325,-0.005107461989365625
2008-06-06,-0.007587746976074354,-0.007604574354057909,0.016827377983554326,1.6827377983554327e-05,1.2323201485083652,-0.012673196268964793
2008-06-13,0.003784515892972466,0.003734747301811638,0.04976859116082803,4.9768591160828035e-05,1.236922552857975,-0.008985780152723999
2008-06-20,0.007154027096264379,0.007102658286776576,0.05136880948780248,5.136880948780248e-05,1.2457079910781326,-0.001946944791812233
2008-06-27,-0.0012740467583418924,-0.0014269345834339825,0.15288782509209015,0.00015288782509209015,1.2439304472648032,-0.0033711012123907036
2008-07-04,0.005932452078940401,0.005880033231033627,0.052418847906773404,5.2418847906773404e-05,1.2512447996318148,0.0
2008-07-11,-0.009102881477986276,-0.009161394882203695,0.058513404217420295,5.85134042174203e-05,1.239781651928084,-0.009161394882203577
2008-07-18,-0.006832152242778972,-0.006881448168062023,0.04929592528305127,4.929592528305127e-05,1.2312501587506266,-0.015979799386236615
2008-07-25,-0.000807623468003193,-0.0009505033690558783,0.14287990105268528,0.0001428799010526853,1.2300798513265836,-0.016915113902138956
2008-08-01,-0.012757675501183074,-0.012777073946891856,0.019398445708782228,1.939844570878223e-05,1.214363030105602,-0.029476062187883123
2008-08-08,-0.008575341852480345,-0.008584630817319238,0.009288964838892806,9.288964838892807e-06,1.2039381718139444,-0.037807651893370986
2008-08-15,0.01038557713486928,0.010375863254325917,0.009713880543363612,9.713880543363613e-06,1.2164300696513488,-0.027824075665058068
2008-08-22,0.0012175575201549154,0.001205918905532078,0.011638614622837402,1.1638614622837403e-05,1.217896985669599,-0.026651710338399526
2008-08-29,-0.005965804769316743,-0.006215465223337574,0.2496604540208308,0.0002496604540208308,1.2103271893095617,-0.032701522782986436
2008-09-05,-0.010628722220260865,-0.010632747923169249,0.0040257029083839635,4.025702908383964e-06,1.1974580854010752,-0.04298656365770037
2008-09-12,0.010065648207275383,0.010035852197248684,0.029796010026698665,2.9796010026698666e-05,1.209475597758561,-0.033382118259787874
2008-09-19,-0.005500401229332399,-0.005527256614704868,0.026855385372469696,2.6855385372469697e-05,1.2027905157605259,-0.03872486334052849
2008-09-26,-0.006796340935226254,-0.0073131957641491005,0.5168548289228468,0.0005168548289228469,1.1939942732555073,-0.04575485659812828
2008-10-03,-0.018754475180977014,-0.018763093626567577,0.008618445590562351,8.618445590562352e-06,1.1715912469168288,-0.0636594475664749
2008-10-10,-0.005502004146953815,-0.00550922851792971,0.007224370975895283,7.224370975895283e-06,1.165136683007958,-0.06881796164043563
2008-10-17,-0.0007355817151186812,-0.000740155903424536,0.004574188305854746,4.574188305854746e-06,1.164274300213733,-0.0695071815232905
2008-10-24,0.003474150552126052,0.003460176007702719,0.013974544423333103,1.3974544423333103e-05,1.1683028942137175,-0.06628751259745769
2008-10-31,0.006412253207033683,0.006377155707830222,0.03509749920346106,3.509749920346106e-05,1.175753343684027,-0.060333082678946215
2008-11-07,-0.0005187239386174395,-0.0005276046387676176,0.008880700150178007,8.880700150178008e-06,1.1751330107658529,-0.06082885530342119
2008-11-14,0.006892284199854676,0.0068856437491307135,0.006640450723962455,6.640450723962455e-06,1.1832245580358298,-0.0543620573815774
2008-11-21,0.004920836165194327,0.004914125991145228,0.006710174049099145,6.710174049099145e-06,1.189039072589835,-0.04971507338954306
2008-11-28,0.0033610968935819203,0.0033421463060381213,0.018950587543799018,1.8950587543799017e-05,1.1930130151340261,-0.04653908213238822
2008-12-05,0.008236467657541297,0.008234845772938322,0.0016218846029738203,1.6218846029738204e-06,1.202837293318763,-0.038687478523224184
2008-12-12,0.01794494619845137,0.01794288751311608,0.002058685335290218,2.058685335290218e-06,1.2244196675693624,-0.021438756085416566
2008-12-19,0.006097435643126207,0.006095325801958145,0.002109841168061528,2.109841168061528e-06,1.2318829043615227,-0.01547410648658798
2008-12-26,-0.003967545440185464,-0.003990333149345432,0.022787709159968125,2.2787709159968125e-05,1.226967281172137,-0.019402692795863374
2009-01-02,-0.00016276810476491157,-0.00016384138915511747,0.0010732843902058814,1.0732843902058814e-06,1.2267662531483419,-0.019563355220877487
2009-01-09,-0.0014679768434083067,-0.0014701157209816944,0.002138877573387726,2.138877573387726e-06,1.2249627647936188,-0.02100471054579378
2009-01-16,-0.007034433636781036,-0.007036181691069713,0.0017480542886759878,1.7480542886759878e-06,1.216343704215736,-0.027893099277094824
2009-01-23,-0.000999750824293222,-0.0010031400860343875,0.0033892617411656065,3.3892617411656067e-06,1.2151235410876415,-0.028868258677120617
2009-01-30,-0.003481840739024693,-0.0035626725825620787,0.08083184353738562,8.083184353738563e-05,1.2107944537633828,-0.03232808310598756
2009-02-06,0.0006741048701091692,0.0006726948925861946,0.0014099775229746386,1.4099775229746387e-06,1.211608949008401,-0.03167713514979387
2009-02-13,-0.0010576407868238148,-0.0010608175713046003,0.0031767844807855457,3.176784480785546e-06,1.210323652945743,-0.03270434905952291
2009-02-20,-0.01197382045101638,-0.011975548827801996,0.0017283767856154987,1.7283767856154986e-06,1.1958293629424477,-0.04428824535828113
2009-02-27,-0.0018767216135936941,-0.0019518314448754152,0.07510983128172098,7.510983128172098e-05,1.1934953055891513,-0.046153633613227885
2009-03-06,0.0017709433791914782,0.0017691161873513983,0.0018271918400797798,1.8271918400797798e-06,1.195606737453797,-0.044466168566206665
2009-03-13,0.004702360387703108,0.004700264219010817,0.0020961686922911908,2.0961686922911907e-06,1.2012264050218595,-0.03997490708826401
2009-03-20,0.0017367011741891115,0.0017342110138606035,0.00249016032850804,2.49016032850804e-06,1.2033095850835884,-0.03831002099855407
2009-03-27,-0.0032429174678029575,-0.003272748435443411,0.02983096764045345,2.9830967640453452e-05,1.199371455521652,-0.04145739037271268
2009-04-03,9.150831164395047e-05,9.012595412549401e-05,0.001382357518456464,1.382357518456464e-06,1.1994795500184317,-0.0413710008054502
2009-04-10,0.0014755048062766339,0.0014730765465191115,0.002428259757522435,2.428259757522435e-06,1.2012464752115932,-0.03995886690992345
2009-04-17,0.0037557661566028646,0.003754215705944381,0.0015504506584834844,1.5504506584834845e-06,1.205756213595543,-0.036354665409723985
2009-04-24,-0.008719730950283933,-0.009133576303912238,0.41384535362830466,0.0004138453536283047,1.194743347214752,-0.04515619360311318
2009-05-01,0.0054913292942906835,0.005479439400910073,0.01188989338061019,1.188989338061019e-05,1.2012898709854556,-0.03992418482862725
2009-05-08,0.005040379347841742,0.005031092640816506,0.009286707025235697,9.286707025235698e-06,1.207333671614858,-0.03509395446029262
2009-05-15,0.0027885328201388768,0.002784191998833675,0.0043408213052015645,4.340821305201565e-06,1.2106951203632905,-0.03240747076867467
2009-05-22,0.008812282898237952,0.008804975578803404,0.00730731943454745,7.3073194345474496e-06,1.2213552613314655,-0.023887842178560437
2009-05-29,-0.00840488917664553,-0.008475862948084176,0.07097377143864503,7.097377143864503e-05,1.2110032215254984,-0.03216123505021373
2009-06-05,0.0022762383777146823,0.0022270487705002497,0.04918960721443244,4.918960721443244e-05,1.2137001847610687,-0.030005810918689813
2009-06-12,-0.004217605219669558,-0.004265921155827602,0.04831593615804426,4.831593615804426e-05,1.2085226354660645,-0.034143729650921606
2009-06-19,0.010688255474770007,0.0106403336117558,0.047921863014205486,4.7921863014205486e-05,1.2213817194847818,-0.023866696713401248
2009-06-26,-0.004829229467098047,-0.005106913960439876,0.2776844933418292,0.0002776844933418292,1.215144228130519,-0.028851725507205828
2009-07-03,-0.0029695356253526487,-0.0029805954670434607,0.011059841690812,1.1059841690812e-05,1.2115223747523491,-0.031746325651986096
2009-07-10,0.0068851779173013765,0.0068678140842347545,0.01736383306662237,1.736383306662237e-05,1.2198428851810388,-0.02509653943018675
2009-07-17,0.020245826253498085,0.02022147501394219,0.024351239555896246,2.4351239555896246e-05,1.2445099076046624,-0.00538255346126848
2009-07-24,0.020832252046255467,0.02081432454124587,0.017927505009596285,1.7927505009596285e-05,1.2704135407163417,0.0
2009-07-31,-0.003630803993137999,-0.003746288547445525,0.11548455430752597,0.00011548455430752597,1.2656542050182364,-0.003746288547445409
2009-08-07,-0.0005090207998316608,-0.0005409044206877124,0.03188362085605162,3.188362085605162e-05,1.2649696070636802,-0.004285166584096611
2009-08-14,0.006705999484852881,0.0066833618464141615,0.022637638438718934,2.2637638438718935e-05,1.2734238566724032,0.0
2009-08-21,0.007831003046417965,0.007777112357558985,0.053890688858979525,5.389068885897953e-05,1.2833274170845406,0.0
2009-08-28,0.00641514598211071,0.006289402621309288,0.12574336080142196,0.00012574336080142196,1.2913987799055502,0.0
2009-09-04,0.018953361693185622,0.01892588441352007,0.027477279665550886,2.7477279665550885e-05,1.3158396439458035,0.0
2009-09-11,0.006539267140175949,0.006483531576329996,0.055735563845953205,5.5735563845953205e-05,1.3243709318267132,0.0
2009-09-18,-6.443627579396337e-05,-0.00010993980866119675,0.04550353286723338,4.5503532867233385e-05,1.3242253307398717,-0.00010993980866114139
2009-09-25,-0.007814008085223319,-0.00794666924106303,0.13266115583971122,0.00013266115583971124,1.3137021500358446,-0.008055735394428387
2009-10-02,0.02262682479788609,0.02260602811106597,0.020796686820121806,2.0796686820121805e-05,1.3433997377691227,0.0
2009-10-09,0.004401875528165103,0.004385582630106066,0.01629289805903679,1.629289805903679e-05,1.349291328324372,0.0
2009-10-16,0.0028851419690789403,0.0028149873025485337,0.07015466653040656,7.015466653040656e-05,1.3530895662810438,0.0
2009-10-23,-0.020653094151131132,-0.020681395974844457,0.02830182371332409,2.830182371332409e-05,1.325105785171355,-0.02068139597484442
2009-10-30,0.02690032269724282,0.026529598430606215,0.37072426663660407,0.0003707242666366041,1.3602603095300243,0.0
2009-11-06,0.019192828215360908,0.019173604767010164,0.019223448350742574,1.9223448350742575e-05,1.386341403085204,0.0
2009-11-13,-0.006451676739092986,-0.006468641626758223,0.016964887665236503,1.6964887665236504e-05,1.3773736573763087,-0.006468641626758198
2009-11-20,-0.005163798672649522,-0.0051955002988618975,0.03170162621237566,3.170162621237566e-05,1.3702175121277655,-0.01163053409611503
2009-11-27,0.030846161505916268,0.030698802400781402,0.14735910513486514,0.00014735910513486515,1.4122815487786662,0.0
2009-12-04,-0.010155614681401982,-0.010193737257180523,0.03812257577854079,3.812257577854079e-05,1.3978851217372525,-0.010193737257180424
2009-12-11,-0.006745339835671896,-0.0067718140150258765,0.026474179353980432,2.6474179353980433e-05,1.388418903678476,-0.016896521179382784
2009-12-18,0.022105570821143214,0.022078985155802328,0.02658566534088435,2.658566534088435e-05,1.4190737840428285,0.0
2009-12-25,-0.004418671996502672,-0.0047236827122900974,0.3050107157874256,0.0003050107157874256,1.4123705297416813,-0.004723682712290067
2010-01-01,0.02686063753172518,0.026842202394234512,0.018435137490669773,1.8435137490669775e-05,1.4502816653566597,0.0
2010-01-08,-0.008980149360841117,-0.009005564893764646,0.02541553292352962,2.541553292352962e-05,1.4372210597050532,-0.009005564893764695
2010-01-15,-0.03845675827361512,-0.03848327608976762,0.026517816152504994,2.6517816152504995e-05,1.3819120848623951,-0.04714227734338128
2010-01-22,-0.01584574880315719,-0.015862722101007816,0.016973297850625915,1.6973297850625916e-05,1.3599911974921985,-0.062257194599682486
2010-01-29,-0.00903162314798767,-0.009351330904073933,0.31970775608626345,0.00031970775608626344,1.3472734697778213,-0.0710263378758954
2010-02-05,0.010103625162966135,0.010083963225130218,0.01966193783591654,1.966193783591654e-05,1.3608593259012542,-0.06165860162992154
2010-02-12,0.031050517797509045,0.03103901667681359,0.011501120695453788,1.1501120695453788e-05,1.4030990612127006,-0.03253340731736809
2010-02-19,-0.0005055803151349405,-0.0005246098803673593,0.019029565232418715,1.9029565232418715e-05,1.4023629815820542,-0.03304094985081474
2010-02-26,0.0412051746971739,0.04096743866062784,0.2377360365460603,0.0002377360365460603,1.4598142010099522,0.0
2010-03-05,0.015347225011812519,0.015310707441031062,0.036517570781457336,3.651757078145734e-05,1.482164989159878,0.0
2010-03-12,0.0038738818023248793,0.0038573251449009033,0.016556657423976155,1.6556657423976154e-05,1.4878821814414565,0.0
2010-03-19,0.005142066640047741,0.005094173784805094,0.047892855242647074,4.7892855242647076e-05,1.4954617118450342,0.0
2010-03-26,0.00874311350779496,0.00844133580039878,0.3017777073961797,0.0003017777073961797,1.5080854063313573,0.0
2010-04-02,0.019815105018385244,0.0197690093389477,0.04609567943754229,4.609567943754229e-05,1.5378987608130528,0.0
2010-04-09,-0.009762783010999435,-0.009785934030703039,0.023151019703603993,2.3151019703603992e-05,1.5228489849938363,-0.009785934030703047
2010-04-16,0.029372879196568558,0.029330283851925758,0.042595344642798856,4.259534464279886e-05,1.5675145779873225,0.0
2010-04-23,-0.015870864193987665,-0.01587827811525871,0.0074139212710485,7.4139212710485e-06,1.5426251455683175,-0.01587827811525866
2010-04-30,-0.05814184323222574,-0.05822165506965153,0.07981183742579641,7.981183742579642e-05,1.4528109564412681,-0.0731754735533835
2010-05-07,0.030431658157365423,0.030400073997925957,0.03158415943946694,3.158415943946694e-05,1.4969765170220803,-0.044999939366313635
2010-05-14,-0.04317311554700449,-0.0431849679413782,0.011852394373714891,1.185239437371489e-05,1.4323296341254859,-0.08624158636879353
2010-05-21,0.013509222265778397,0.013487679865631581,0.021542400146815473,2.1542400146815474e-05,1.4516484376926277,-0.07391710541120844
2010-05-28,-0.020484073606480403,-0.020800537161533364,0.31646355505296214,0.00031646355505296215,1.4214533704189203,-0.09318012707476298
2010-06-04,0.02463090943580403,0.024616945951238794,0.013963484565236849,1.3963484565236848e-05,1.4564452112107291,-0.0708569912754532
2010-06-11,0.01659058258671867,0.016516828524408833,0.07375406230983787,7.375406230983787e-05,1.4805010670194931,-0.055510495525696535
2010-06-18,-0.015392655331994078,-0.01543729290708671,0.044637575092631734,4.463757509263173e-05,1.4576461383986588,-0.07009085665393555
2010-06-25,-0.031809802668845526,-0.03199565554018178,0.18585287133625114,0.00018585287133625114,1.411007794654979,-0.09984390928810183
2010-07-02,0.02216280240894007,0.022155939804777595,0.006862604162475831,6.862604162475831e-06,1.442269998417427,-0.07990010512738499
2010-07-09,-0.008440623426116442,-0.008450597869731107,0.009974443614664725,9.974443614664725e-06,1.4300819546412236,-0.08767549933893526
2010-07-16,0.022809738335477517,0.02280417695675937,0.005561378718146801,5.561378718146802e-06,1.4626937965975302,-0.06687068998387335
2010-07-23,0.003557133533484482,0.0035477817603725864,0.009351773111895618,9.351773111895619e-06,1.467883114970109,-0.06356015083772915
2010-07-30,0.007885299524729373,0.007757532984061674,0.12776654066769844,0.00012776654066769843,1.4792702666512367,-0.05629568782026306
2010-08-06,-0.006884896882647157,-0.006888775686600692,0.0038788039535346142,3.8788039535346145e-06,1.4690799056044184,-0.06279665514134714
2010-08-13,0.009184122800308718,0.009169254443614553,0.01486835669416572,1.486835669416572e-05,1.4825502730569067,-0.054203199206931396
2010-08-20,0.001778159095369489,0.001764339261179222,0.013819834190266913,1.3819834190266913e-05,1.485165994710333,-0.05253449277819444
2010-08-27,0.012312380097822491,0.01221820374082104,0.0941763570014513,9.41763570014513e-05,1.503312055422643,-0.040958166173558186
2010-09-03,-0.0033948144923545962,-0.0034077263766728034,0.012911884318207351,1.2911884318207351e-05,1.498189179279009,-0.044226318327021175
2010-09-10,0.008963610159183859,0.008949730100076412,0.013880059107447095,1.3880059107447096e-05,1.5115975680724112,-0.035672401839291545
2010-09-17,0.008038645213999291,0.00801405321713891,0.02459199686038192,2.459199686038192e-05,1.5237115914258412,-0.027944229148875954
2010-09-24,0.008564287341313146,0.008363947191112098,0.20034015020104756,0.00020034015020104756,1.5364558347110124,-0.019814006014661323
2010-10-01,0.011455047463130093,0.01144844524848446,0.006602214645633187,6.602214645633187e-06,1.554045865211416,-0.008592400329188843
2010-10-08,-0.003684601246686693,-0.0037041786051602078,0.019577358473514953,1.9577358473514953e-05,1.548289401766062,-0.012264751148882813
2010-10-15,0.0007014182704194443,0.000686193911790269,0.01522435862917532,1.522435862917532e-05,1.5493518285272434,-0.011586973234660403
2010-10-22,0.0013330885274969845,0.0013171879796712545,0.015900547825729895,1.5900547825729896e-05,1.551392616132061,-0.010285047476854658
2010-10-29,0.017824425652481907,0.017682407039460925,0.14201861302098073,0.00014201861302098073,1.5788249718485223,0.0
2010-11-05,-0.029300956468660003,-0.029322804809584765,0.021848340924760627,2.1848340924760626e-05,1.5325293953705101,-0.0293228048095846
2010-11-12,-0.0041888891948942885,-0.004221743470983781,0.03285427608949228,3.2854276089492286e-05,1.5260594494015138,-0.033420754920812756
2010-11-19,0.0006497965202197573,0.0006241528103094782,0.02564370991027906,2.5643709910279062e-05,1.5270119436955572,-0.03281746176860967
2010-11-26,0.02308486743376525,0.02291768916221959,0.1671782715456616,0.00016717827154566158,1.5620075287681687,-0.010651872994296152
2010-12-03,-0.010670165933131304,-0.010685912929820345,0.01574699668904033,1.5746996689040333e-05,1.5453160523200282,-0.021223960936759934
2010-12-10,-0.00043171893778624166,-0.0004396151895457817,0.007896251759540026,7.896251759540026e-06,1.5446367079107794,-0.021654245750695522
2010-12-17,0.011413067047371488,0.011391165427380164,0.021901619991323756,2.1901619991323755e-05,1.562231920175795,-0.010509747418866677
2010-12-24,0.017646163145791503,0.01763178829469174,0.01437485109976492,1.4374851099764919e-05,1.5897768626595443,0.0
2010-12-31,-0.01543559578872973,-0.015564413756060332,0.1288179673306002,0.0001288179673306002,1.5650329177892996,-0.015564413756060325
2011-01-07,0.006719979936119336,0.006709756487957466,0.010223448161869809,1.022344816186981e-05,1.5755339075633035,-0.0089590906942838
2011-01-14,-0.005467799038220835,-0.005492690712861525,0.024891674640689837,2.4891674640689836e-05,1.566879987101432,-0.014402571892893179
2011-01-21,0.00386502009034849,0.0038497456631556,0.01527442719288941,1.527442719288941e-05,1.5729120765364613,-0.010608272468420443
2011-01-28,0.01364995086401111,0.013380936030127166,0.2690148338839445,0.00026901483388394446,1.59395911241361,0.0
2011-02-04,0.008111858496454911,0.008099274572544418,0.012583923910492508,1.2583923910492508e-05,1.606869024922457,0.0
2011-02-11,0.011171186391899828,0.01113484943100228,0.036336960897548655,3.6336960897548656e-05,1.62476126957031,0.0
2011-02-18,-0.003795160736984142,-0.0038190789371743187,0.0239182001901768,2.39182001901768e-05,1.6185561780277573,-0.0038190789371743694
2011-02-25,0.006101541589833123,0.0059950777604031134,0.10646382943000883,0.00010646382943000883,1.6282595481746147,0.0
2011-03-04,-0.013829203466587017,-0.013846657357425301,0.01745389083828399,1.745389083828399e-05,1.6057135961220848,-0.013846657357425296
2011-03-11,-0.009828915469014094,-0.009836964884904442,0.00804941589034839,8.04941589034839e-06,1.5899182478618181,-0.023547413160131425
2011-03-18,0.017299215188627752,0.01727739564263741,0.02181954599034297,2.181954599034297e-05,1.6173878944695754,-0.006676855491022371
2011-03-25,0.010637270035621357,0.01039943665528582,0.23783338033553714,0.00023783338033553714,1.6342078174251378,0.0
2011-04-01,-0.0004987641143822262,-0.0005089282353462618,0.010164120964035588,1.0164120964035588e-05,1.6333761229244266,-0.0005089282353462066
2011-04-08,0.0018570044543534895,0.001847254771006133,0.009749683347356507,9.749683347356507e-06,1.6363933847603465,0.0
2011-04-15,0.011699191800105698,0.01167760015986983,0.021591640235867845,2.1591640235867845e-05,1.6555025324118338,0.0
2011-04-22,0.016833013241894335,0.016792664780396677,0.040348461497659936,4.034846149765994e-05,1.6833028314817233,0.0
2011-04-29,-0.027114199365462808,-0.027445388647592255,0.33118928212944654,0.00033118928212944656,1.637103931060115,-0.027445388647592273
2011-05-06,-0.003840552354745704,-0.0038725020392478197,0.031949684502115695,3.1949684502115696e-05,1.630764242748624,-0.031211608363334364
2011-05-13,0.005399156913260788,0.005372101447483665,0.027055465777122083,2.7055465777122083e-05,1.6395248736975985,-0.026007178842317624
2011-05-20,0.008763594313018177,0.008744412878284197,0.01918143473398027,1.918143473398027e-05,1.6538615561174268,-0.017490183473630183
2011-05-27,-0.003347891785593376,-0.0037119026906615245,0.3640109050681487,0.0003640109050681487,1.6477225829572928,-0.021137164305195855
2011-06-03,-0.022598643082848154,-0.022624989422741874,0.02634633989372101,2.6346339893721012e-05,1.6104428769462713,-0.04328392560910577
2011-06-10,-0.003779226898786147,-0.003820173231619456,0.040946332833308785,4.094633283330878e-05,1.6042907061767089,-0.04693874674675391
2011-06-17,-0.001965538909915842,-0.001997844171030206,0.03230526111436372,3.230526111436372e-05,1.6010855833407358,-0.04884281461620066
2011-06-24,0.03873596959836283,0.03850582633545257,0.23014326291025977,0.0002301432629102598,1.6627367067610508,-0.01221772121809439
2011-07-01,0.007017346559994564,0.0069899619242450375,0.02738463574952604,2.738463574952604e-05,1.6743591730313552,-0.005313160699964792
2011-07-08,-0.013348378240454432,-0.013373877205972027,0.02549896551759608,2.549896551759608e-05,1.651966499052541,-0.018615980347159944
2011-07-15,0.01940976702686436,0.01938602027314715,0.023746753717207674,2.3746753717207675e-05,1.6839915550937332,0.0
2011-07-22,-0.0216380726712155,-0.021658579931798903,0.020507260583403256,2.0507260583403256e-05,1.6475186893932614,-0.02165857993179887
2011-07-29,-0.0425274936818436,-0.04292072605499508,0.39323237315147513,0.00039323237315147514,1.5768059910553287,-0.06364970401080094
2011-08-05,0.012469416686120477,0.012413757921593214,0.05565876452726203,5.5658764527262036e-05,1.5963800789176075,-0.05202607810657889
2011-08-12,1.6681009961001803e-07,-2.523463367306146e-05,0.025401443772671478,2.540144377267148e-05,1.5963397948511129,-0.05204999988122949
2011-08-19,0.013627143237617495,0.013615353693159088,0.011789544458407353,1.1789544458407353e-05,1.6180745257724758,-0.039143325346182256
2011-08-26,0.006132846224623779,0.0054990011507819285,0.6338450738418502,0.0006338450738418502,1.6269723194517494,-0.033859573386524566
2011-09-02,-0.003957937471148238,-0.0039725769219675815,0.014639450819342693,1.4639450819342692e-05,1.6205090467628152,-0.0376976405486692
2011-09-09,0.0023610638456054737,0.0023082424579807252,0.0528213876247484,5.28213876247484e-05,1.6242495745480952,-0.03547641338516849
2011-09-16,-0.01643384121057885,-0.016437425023222988,0.003583812644135742,3.583812644135742e-06,1.597551093947459,-0.0513306975232799
2011-09-23,-0.003685278979978386,-0.0036937437012280797,0.008464721249693847,8.464721249693847e-06,1.5916501496568005,-0.05483483878385176
2011-09-30,-0.0011343569901889074,-0.0012409998787022802,0.10664288851337275,0.00010664288851337275,1.58967491201414,-0.05600778863427458
2011-10-07,0.0031969574454621397,0.0031903307489582118,0.006626696503927707,6.626696503927708e-06,1.5947465007667863,-0.05299614125557739
2011-10-14,-0.0011076890616711944,-0.0011136588696937873,0.005969808022592912,5.969808022592912e-06,1.5929704971812941,-0.05405078050250245
2011-10-21,0.008432535472980236,0.008423271009426626,0.009264463553610583,9.264463553610583e-06,1.606388519389073,-0.0460827938655195
2011-10-28,0.005760320570488264,0.0057204865921318794,0.03983397835638409,3.983397835638409e-05,1.6155778433759929,-0.04062592327782333
2011-11-04,-0.0013963824770565987,-0.0013989687060105675,0.0025862289539688795,2.5862289539688797e-06,1.6133177005309858,-0.041968057588515406
2011-11-11,-0.002791062934240421,-0.002795918061535469,0.00485512729504796,4.85512729504796e-06,1.6088069964330765,-0.044646636399831574
2011-11-18,-0.0052611516938813494,-0.005272135445849192,0.01098375196784253,1.098375196784253e-05,1.6003251480416516,-0.04968338873137912
2011-11-25,0.016529635955247656,0.016110789831198985,0.4188461240486707,0.0004188461240486707,1.626107650163333,-0.03437303753413323
2011-12-02,-0.00694183627694293,-0.00695135541120075,0.009519134257819896,9.519134257819897e-06,1.6148039979501752,-0.0410854537448716
2011-12-09,-0.0033634939449470064,-0.0033879680776174505,0.024474132670444036,2.4474132670444038e-05,1.609333093553511,-0.044334225616746936
2011-12-16,-0.0024478462164750905,-0.002481683819069509,0.03383760259441866,3.383760259441866e-05,1.6053392376557463,-0.04670588590547242
2011-12-23,0.0021816766558664276,0.0021456506357410135,0.036026020125414185,3.6026020125414183e-05,1.608783734811602,-0.044660449783517464
2011-12-30,0.0009673069459902118,0.0008207969470279881,0.14650999896222366,0.00014650999896222367,1.6101042195895636,-0.043876309997324725
2012-01-06,0.008372940505723674,0.008359517623905062,0.01342288181861203,1.342288181861203e-05,1.6235639141895466,-0.035883577160114144
2012-01-13,-0.0014368737290840665,-0.0014537162742902716,0.01684254520620499,1.684254520620499e-05,1.6212037129051389,-0.03728512889430702
2012-01-20,0.0152843776254602,0.015270793431681145,0.013584193779054392,1.3584193779054391e-05,1.6459607799155878,-0.02258370896404438
2012-01-27,0.0006268818892303038,0.0004558106224328875,0.1710712667974163,0.00017107126679741632,1.646711026323181,-0.0221381922360514
2012-02-03,-0.0028522259030032164,-0.0028699870902597012,0.017761187256484803,1.7761187256484805e-05,1.6419849869362453,-0.024944643000391897
2012-02-10,0.0010309720478850438,0.0009805391572990086,0.05043289058603534,5.043289058603534e-05,1.6435950175116334,-0.023988563042319555
2012-02-17,0.011236171854871944,0.011203498810368473,0.03267304450347077,3.267304450347077e-05,1.6620090323350525,-0.01305382006945821
2012-02-24,-0.00598338937829058,-0.006075927332328629,0.09253795403804913,9.253795403804912e-05,1.6519107862289109,-0.01905043333963552
2012-03-02,-0.004365654656824047,-0.004391429731152908,0.025775074328861634,2.5775074328861635e-05,1.644656536089053,-0.02335820443142944
2012-03-09,-0.01685815235610238,-0.01688556729533746,0.027414939235077405,2.7414939235077407e-05,1.6168855774712048,-0.03984935519394173
2012-03-16,0.0038167750943296002,0.003799228364994131,0.01754672933546944,1.754672933546944e-05,1.6230284950200833,-0.03620152362952711
2012-03-23,0.002004459895311234,0.0019847873638484327,0.019672531462801165,1.9672531462801167e-05,1.6262498614681649,-0.03428858859233075
2012-03-30,-0.005266565205845936,-0.00539466890720888,0.12810370136294416,0.00012810370136294417,1.6174767819051499,-0.0394982819167885
2012-04-06,0.008358191743099697,0.008331656306926057,0.02653543617363939,2.653543617363939e-05,1.6309530425364163,-0.03149571171950727
2012-04-13,0.002562813787763442,0.0025251537667866733,0.037660020976768446,3.766002097676845e-05,1.6350714497552294,-0.029050089467806628
2012-04-20,0.009565961324940576,0.009519257956947367,0.04670336799320923,4.670336799320923e-05,1.6506361166634895,-0.019807366806175675
2012-04-27,-0.003402068047419905,-0.0035199335122825266,0.11786546486262131,0.00011786546486262131,1.6448259872798618,-0.023257579704247022
2012-05-04,-0.00021628442910939447,-0.00022760705037767144,0.011322621268276984,1.1322621268276984e-05,1.6444516132885125,-0.023479893165509247
2012-05-11,-0.016471483276142857,-0.01650066794170224,0.02918466555938379,2.9184665559383794e-05,1.6173170632714422,-0.039593127186780874
2012-05-18,0.00483556438739875,0.004806092620224096,0.02947176717465439,2.9471767174654393e-05,1.6250900388737934,-0.03497732280294075
2012-05-25,0.0018612150729026321,0.0016090865562278444,0.25212851667478775,0.00025212851667478776,1.6277049494080051,-0.03342451778660793
2012-06-01,0.008809714159062775,0.008798578264346074,0.011135894716701374,1.1135894716701375e-05,1.6420264387966348,-0.024920027757955432
2012-06-08,0.004740575392039591,0.004721337932867553,0.01923745917203777,1.9237459172037773e-05,1.6497790005088966,-0.020316345697429794
2012-06-15,-0.0016804264970035315,-0.001687171329960526,0.00674483295699445,6.7448329569944505e-06,1.646995540678467,-0.02196923987139998
2012-06-22,0.010559558348524154,0.010520416663401004,0.03914168512315029,3.9141685123150294e-05,1.6643226200091679,-0.01167994876522438
2012-06-29,0.009878382640290659,0.009633719523490913,0.24466311679974573,0.0002446631167997457,1.6803562373269378,-0.002158750592186287
2012-07-06,0.0072465316599778845,0.007195802377655393,0.05072928232249141,5.072928232249141e-05,1.6924477487348033,0.0
2012-07-13,0.002584123663931537,0.002548411850112518,0.03571181381901884,3.571181381901884e-05,1.6967608026333751,0.0
2012-07-20,0.0005249390099979624,0.0005167821174735934,0.008156892524368969,8.15689252436897e-06,1.6976376582738062,0.0
2012-07-27,0.002830603249213516,0.002696714406622609,0.13388884259090694,0.00013388884259090693,1.7022157022040982,0.0
2012-08-03,-0.005570473782634472,-0.005587923829606269,0.017450046971796584,1.7450046971796584e-05,1.692703850518622,-0.005587923829606267
2012-08-10,-0.00521482280170767,-0.00527031302903885,0.05549022733118008,5.5490227331180084e-05,1.6837827713609297,-0.010828786750880504
2012-08-17,0.009378185733934813,0.00936349058480962,0.014695149125192862,1.4695149125192862e-05,1.6995488554874325,-0.0015666914088576789
2012-08-24,0.0076766302471789425,0.007628162166422525,0.048468080756417106,4.846808075641711e-05,1.7125132897668485,0.0
2012-08-31,0.0061385120517030035,0.005962804523096884,0.17570752860611927,0.00017570752860611926,1.7227246717569336,0.0
2012-09-07,0.0037801830621526965,0.0037668208103862994,0.01336225176639707,1.336225176639707e-05,1.7292138669010735,0.0
2012-09-14,-0.0036954859018888103,-0.0037180347649535496,0.022548863064739175,2.2548863064739174e-05,1.7227845896278955,-0.0037180347649535817
2012-09-21,-0.005246268730057605,-0.005265128476483112,0.01885974642550724,1.8859746425507242e-05,1.7137139074261993,-0.008963587310719223
2012-09-28,0.00499374441203233,0.004898970531052542,0.09477388097978721,9.477388097978722e-05,1.7221093413573352,-0.004108529129754346
2012-10-05,-0.006741085059917861,-0.006756490126921887,0.015405067004025559,1.540506700402556e-05,1.7104739265949744,-0.010837260020174933
2012-10-12,0.0019323369043982082,0.0019131046605559143,0.019232243842293953,1.9232243842293953e-05,1.7137462422357026,-0.008944888172271237
2012-10-19,-0.010704517589239931,-0.010732680269865012,0.0281626806250805,2.8162680625080502e-05,1.6953531517541043,-0.0195815658173335
2012-10-26,0.002411981670166434,0.0022625852950789215,0.14939637508751286,0.00014939637508751285,1.6991890328652286,-0.017363285485127666
2012-11-02,-0.011174806350573824,-0.011263893010464265,0.08908665989044104,8.908665989044104e-05,1.6800495493944805,-0.02843160030557723
2012-11-09,-0.010965983362355703,-0.011008174226476238,0.0421908641205343,4.21908641205343e-05,1.6615552712456332,-0.039126794522352126
2012-11-16,0.01928149891378444,0.0191806149182047,0.10088399557974438,0.00010088399557974438,1.6934249230687088,-0.020696655582864376
2012-11-23,0.004693612105544695,0.004616008725308279,0.07760338023641593,7.760338023641593e-05,1.7012417872892485,-0.0161761828003113
2012-11-30,0.005431747013728077,0.0052879073259911955,0.14383968773688155,0.00014383968773688154,1.7102377961995379,-0.010973813629856388
2012-12-07,-0.000641925043988786,-0.0006710074418935462,0.029082397904760235,2.9082397904760235e-05,1.7090902139108803,-0.01163745756113832
2012-12-14,0.007505897325760391,0.007439806168876767,0.06609115688362416,6.609115688362416e-05,1.7218055138275015,-0.004284231820814943
2012-12-21,-0.0029939766350439464,-0.0030321295149510616,0.038152879907114946,3.815287990711495e-05,1.7165847765100197,-0.007303370990013103
2012-12-28,0.013810243637749704,0.013656108219265925,0.15413541848377782,0.0001541354184837778,1.740026643985585,0.0
2013-01-04,0.005745609622041554,0.005701618889491206,0.043990732550347966,4.399073255034797e-05,1.7499476127671512,0.0
2013-01-11,0.0032517014195875943,0.003217805198433533,0.03389622115406153,3.389622115406153e-05,1.7555786032924996,0.0
2013-01-18,0.005215894787246689,0.00516353615733994,0.05235862990674854,5.235862990674854e-05,1.7646435968876526,0.0
2013-01-25,0.0005869875245125161,0.0004088285553109584,0.1781589692015577,0.0001781589692015577,1.765365033580007,0.0
2013-02-01,-0.005708217689140463,-0.005733395317095653,0.025177627955189696,2.5177627955189695e-05,1.7552434979635152,-0.005733395317095602
2013-02-08,-0.0004431952545133856,-0.0004962090912387298,0.05301383672534422,5.301383672534422e-05,1.7543725301824882,-0.006226759445454255
2013-02-15,0.000938006014971852,0.0009271274315059806,0.010878583465871398,1.0878583465871399e-05,1.7559990570803008,-0.005305405013439568
2013-02-22,-0.0010726794140843792,-0.0012165117757027813,0.14383236161840207,0.00014383236161840207,1.7538628635492395,-0.006515462701468744
2013-03-01,0.013072481558257982,0.013063492604312657,0.008988953945324984,8.988953945324984e-06,1.7767744380961936,0.0
2013-03-08,0.0029282393071136,0.002918224337034319,0.010014970079281416,1.0014970079281416e-05,1.7819594645028662,0.0
2013-03-15,-0.004923008545435973,-0.004940373804432711,0.017365258996738187,1.7365258996738187e-05,1.7731559186438755,-0.004940373804432685
2013-03-22,0.0010472347420994053,0.0010282550535939048,0.01897968850550062,1.8979688505500618e-05,1.7749791751780308,-0.003917198715169823
2013-03-29,0.0016875350450377036,0.001533744151580001,0.15379089345770255,0.00015379089345770255,1.7777015391071362,-0.0023894625442099082
2013-04-05,0.01861194487863741,0.01860124376791704,0.01070111072037111,1.070111072037111e-05,1.8107689987826694,0.0
2013-04-12,-0.01048438516600433,-0.01049805376202971,0.01366859602537898,1.366859602537898e-05,1.791759448482832,-0.010498053762029835
2013-04-19,0.016126137931570056,0.016112013547578293,0.014124383991761974,1.4124383991761974e-05,1.8206283009907889,0.0
2013-04-26,0.015443182621076426,0.015239774902761603,0.2034077183148239,0.00020340771831482392,1.8483742664794856,0.0
2013-05-03,0.0025353282279339103,0.002525624474896442,0.009703753037468628,9.703753037468628e-06,1.8530425657656748,0.0
2013-05-10,0.007650676400501297,0.007632437291627936,0.018239108873361654,1.8239108873361653e-05,1.8671857969475987,0.0
2013-05-17,-0.018463818080671723,-0.018476595483533545,0.012777402861821333,1.2777402861821334e-05,1.8326865602847988,-0.01847659548353353
2013-05-24,-0.020677717276738502,-0.020698694032749827,0.020976756011326047,2.097675601132605e-05,1.7947523419155311,-0.03879284811960271
2013-05-31,0.001506616033027801,0.001283181514618544,0.22343451840925707,0.00022343451840925707,1.7970553349439955,-0.0375594448705906
2013-06-07,-0.006238696445414863,-0.006245298054342149,0.00660160892728516,6.601608927285161e-06,1.7858321887571247,-0.04357017299696031
2013-06-14,-0.02962687048141889,-0.02963788586737907,0.011015385960179192,1.1015385960179192e-05,1.7329038981684493,-0.07191673104983343
2013-06-21,0.016283331722087062,0.016250837347980347,0.032494374106716586,3.2494374106716584e-05,1.7610650375572658,-0.05683460080074243
2013-06-28,0.006376385373359149,0.006086254744156435,0.2901306292027135,0.00029013062920271347,1.7717833279968669,-0.05109425591534167
2013-07-05,0.022395695969335175,0.022371282965133917,0.02441300420125769,2.441300420125769e-05,1.8114203941803915,-0.029866017007182832
2013-07-12,0.009622014109367794,0.00960235389008372,0.01966021928407411,1.9660219284074112e-05,1.8288142938490266,-0.020550447181689302
2013-07-19,-0.004196605447973258,-0.004201487141292296,0.004881693319037813,4.8816933190378135e-06,1.8211305541096083,-0.024665591883399896
2013-07-26,0.0064376798241081445,0.006144721812913417,0.292958011194728,0.000292958011194728,1.8323208947496086,-0.01867243327096091
2013-08-02,-0.00413076957459566,-0.004133887386561159,0.0031178119654983252,3.1178119654983253e-06,1.8247462865146706,-0.022729130921146923
2013-08-09,-0.01340365156754553,-0.013413341632666529,0.009690065120997904,9.690065120997904e-06,1.8002703411807097,-0.03583759895575456
2013-08-16,0.004574383749804664,0.004566707280381025,0.007676469423638612,7.676469423638613e-06,1.8084916488544336,-0.03143455149943619
2013-08-23,-0.017720638397377073,-0.01773013473112712,0.009496333750045759,9.49633375004576e-06,1.7764268482601262,-0.0486073473972658
2013-08-30,0.0122823568339187,0.012007978090183011,0.2743787437356873,0.00027437874373568733,1.7977581429328466,-0.037183045269651105
2013-09-06,0.014630621707902573,0.014616387578497207,0.014234129405366856,1.4234129405366857e-05,1.8240348727223525,-0.023110139492163895
2013-09-13,0.013904637168968078,0.01390028561105448,0.004351557913597941,4.351557913597941e-06,1.8493894784177165,-0.009531091420561855
2013-09-20,-0.001955309510479118,-0.0019639138041554847,0.008604293676366642,8.604293676366643e-06,1.845757436891792,-0.011476286982707862
2013-09-27,0.00020865446874796564,4.0257191034198285e-05,0.16839727771376736,0.00016839727771376735,1.8458317419015318,-0.011436491794751036
2013-10-04,0.005833397185031667,0.005813430699302319,0.019966485729348105,1.9966485729348106e-05,1.8565623568156489,-0.0056895463479406105
2013-10-11,0.0180449307668932,0.01803191341368758,0.013017353205619815,1.3017353205619816e-05,1.89003972848086,0.0
2013-10-18,0.003613334721716106,0.003603543112916645,0.009791608799460885,9.791608799460885e-06,1.8968505681275662,0.0
2013-10-25,-0.008064697937698808,-0.008237689427780468,0.17299149008166018,0.00017299149008166017,1.8812249022564225,-0.00823768942778047
2013-11-01,-0.004593010761445506,-0.00462695914150799,0.033948380062483914,3.394838006248391e-05,1.8725205514976946,-0.012826533116885641
2013-11-08,0.013271700262055357,0.013261903234430142,0.009797027625214654,9.797027625214654e-06,1.8973537378561387,0.0
2013-11-15,-0.00022493836619507952,-0.0002468795629754966,0.02194119678041706,2.194119678041706e-05,1.8968853199945268,-0.0002468795629755327
2013-11-22,0.00399148033263585,0.0039845510875558075,0.006929245080042547,6.929245080042547e-06,1.9044435564592797,0.0
2013-11-29,-0.004682177752647295,-0.004734560465139684,0.05238271249238884,5.2382712492388846e-05,1.8954268532887777,-0.004734560465139648
2013-12-06,-0.014549738478599795,-0.01456160816739563,0.011869688795835186,1.1869688795835186e-05,1.8678263901412269,-0.019227225818197025
2013-12-13,0.018018911858233084,0.01798543523595823,0.033476622274852666,3.347662227485267e-05,1.9014200607131257,-0.0015876006069589499
2013-12-20,0.013156623339178346,0.013129669055668734,0.026954283509613396,2.6954283509613396e-05,1.9263850768460988,0.0
2013-12-27,-0.003814266522492506,-0.003987478720515756,0.1732121980232494,0.0001732121980232494,1.9187036573446559,-0.003987478720515747
2014-01-03,0.006999893214039409,0.0069943671613810834,0.005526052658325527,5.526052658325527e-06,1.932123775198009,0.0
2014-01-10,0.0010361408087205017,0.0010328442846876435,0.003296524032858109,3.296524032858109e-06,1.9341193581965312,0.0
2014-01-17,-0.017139392245953664,-0.01714860166371153,0.009209417757865015,9.209417757865015e-06,1.9009519157527455,-0.01714860166371157
2014-01-24,-0.005313238702282296,-0.005319962434651678,0.006723732369381697,6.723732369381697e-06,1.8908389229708618,-0.02237733418170551
2014-01-31,0.0071123962607579,0.007011253899124507,0.10114236163339237,0.00010114236163339237,1.9040960747421576,-0.015522973454114464
2014-02-07,0.0158732739865226,0.015853926674133333,0.01934731238926534,1.934731238926534e-05,1.9342834742916248,0.0
2014-02-14,0.002882799912642048,0.0028718548606766095,0.010945051965438348,1.0945051965438349e-05,1.9398384556891954,0.0
2014-02-21,0.008575502442051772,0.008567996573584053,0.007505868467718862,7.505868467718862e-06,1.9564589849308471,0.0
2014-02-28,0.0009021937734966164,0.0006978832309143487,0.20431054258226777,0.00020431054258226777,1.9578243648484022,0.0
2014-03-07,-0.009181649264985891,-0.009191348239764146,0.00969897477825546,9.69897477825546e-06,1.9398293193187854,-0.009191348239764197
2014-03-14,0.0021070540344713313,0.0020886944525085544,0.018359581962776872,1.8359581962776873e-05,1.9438810300568599,-0.0071218517053351915
2014-03-21,0.0009009310164529825,0.0008297580305635327,0.07117298588944984,7.117298588944985e-05,1.9454939809520098,-0.006298003088416548
2014-03-28,0.002227764073251996,0.0020991544676724643,0.128609605579532,0.00012860960557953198,1.949577873333955,-0.0042120691020645085
2014-04-04,-0.010303512654208275,-0.010311201479896316,0.007688825688041603,7.688825688041602e-06,1.929475383081261,-0.014479839088802127
2014-04-11,0.01119594037733701,0.01117702599075787,0.018914386579140116,1.8914386579140117e-05,1.9510411795864875,-0.0034646546358819696
2014-04-18,0.0008977133780518736,0.0008228965603611512,0.07481681769072242,7.481681769072242e-05,1.9526466846622923,-0.00264460912790343
2014-04-25,0.006039956898400135,0.005791014801097504,0.2489420973026304,0.0002489420973026304,1.9639544905144857,0.0
2014-05-02,-0.003550919168518973,-0.003576175234834947,0.025256066315973824,2.5256066315973824e-05,1.9569310451031647,-0.0035761752348349996
2014-05-09,0.0030217380167669094,0.003005978786399243,0.0157592303676667,1.57592303676667e-05,1.9628135383111909,-0.0005809463553281269
2014-05-16,0.0033082557296416288,0.0032930105518986607,0.015245177742967967,1.5245177742967968e-05,1.9692771040042591,0.0
2014-05-23,0.003454995224155494,0.003441004400415379,0.013990823740114905,1.3990823740114905e-05,1.9760533951847752,0.0
2014-05-30,0.0020241934023214115,0.00185136828507501,0.17282511724640162,0.00017282511724640162,1.979711797770235,0.0
2014-06-06,-0.0014754246353904088,-0.0015008961194457285,0.025471484055319595,2.5471484055319594e-05,1.9767404560153408,-0.0015008961194457049
2014-06-13,0.005091612486054917,0.005068850323380217,0.02276216267470021,2.276216267470021e-05,1.986760257515053,0.0
2014-06-20,0.0013274082959031962,0.0013007856344767962,0.02662266142639997,2.662266142639997e-05,1.989344606717178,0.0
2014-06-27,-0.003389647453784601,-0.003724411111109639,0.33476365732503777,0.0003347636573250378,1.9819354695600946,-0.00372441111110966
2014-07-04,0.001646362318908422,0.0016160146029092055,0.030347715999216585,3.0347715999216587e-05,1.9851383062209274,-0.0021144152109432435
2014-07-11,0.0059636295198010605,0.005953273645064944,0.010355874736116166,1.0355874736116166e-05,1.9969563777811612,0.0
2014-07-18,0.0033415672356627993,0.0033196815292563507,0.021885706406448786,2.1885706406448786e-05,2.003585636983212,0.0
2014-07-25,-0.016359928618438664,-0.01655542147143799,0.19549285299932528,0.0001954928529993253,1.9704154323088356,-0.01655542147143796
2014-08-01,-0.00017437130231408478,-0.00019797627663381033,0.02360497431972556,2.360497431972556e-05,1.9700253367981255,-0.016750120167370652
2014-08-08,0.013465429462512307,0.013427708711016966,0.037720751495340876,3.7720751495340875e-05,1.9964782631739741,-0.003547327190835503
2014-08-15,0.003855640341501975,0.003793095951005944,0.06254439049603125,6.254439049603125e-05,2.004051096790291,0.0
2014-08-22,0.007813856007285798,0.007789710199048099,0.024145808237698532,2.4145808237698533e-05,2.0196620740583717,0.0
2014-08-29,0.0012810512379722947,0.0010193070063656488,0.2617442316066459,0.0002617442316066459,2.02172072976095,0.0
2014-09-05,-0.029591144706167638,-0.02960715082122429,0.016006115056651043,1.6006115056651044e-05,1.961863339196522,-0.029607150821224337
2014-09-12,0.0025023249224327025,0.002449757137910565,0.052567784522137805,5.2567784522137805e-05,1.9666694279153236,-0.02722992401237123
2014-09-19,-0.007834960780013774,-0.007864319882939372,0.02935910292559852,2.935910292559852e-05,1.9512029104302002,-0.034880099062489234
2014-09-26,-0.00048314979742129506,-0.0005333645807230669,0.050214783301771884,5.0214783301771885e-05,1.950162207907973,-0.035394859833800196
2014-10-03,-0.0012348895572665678,-0.001236191360728278,0.0013018034617100702,1.3018034617100702e-06,1.9477514342345383,-0.0365872963745878
2014-10-10,0.005732415880439084,0.005717657853455345,0.014758026983738785,1.4758026983738786e-05,1.9588880105190682,-0.031078832163585313
2014-10-17,0.018337467570424867,0.018282339320972233,0.055128249452632797,5.51282494526328e-05,1.9947010658191622,-0.013364686597927222
2014-10-24,0.014993782414558754,0.014973704275494269,0.0200781390644858,2.00781390644858e-05,2.0245691296967516,0.0
2014-10-31,0.0012709818091072899,0.0010978895021732347,0.17309230693405503,0.00017309230693405504,2.0267918828906697,0.0
2014-11-07,-0.00019515707415144372,-0.0002280870715123589,0.03292999736091517,3.292999736091517e-05,2.0263295978655362,-0.00022808707151233953
2014-11-14,0.007174508330919762,0.0071105916310788535,0.06391669984090832,6.391669984090832e-05,2.040738000145926,0.0
2014-11-21,0.008039078744422678,0.008011435163491837,0.027643580930840562,2.764358093084056e-05,2.0570872403197695,0.0
2014-11-28,-0.0046121286659049215,-0.004748067117174486,0.13593845126956489,0.0001359384512695649,2.047320052036848,-0.004748067117174348
2014-12-05,-0.00338249257549741,-0.0034210120074276706,0.038519431930260556,3.8519431930260555e-05,2.040316145555783,-0.00815283592998206
2014-12-12,0.0141515547057083,0.014122718034180241,0.028836671528057883,2.8836671528057885e-05,2.0691309551800527,0.0
2014-12-19,0.003432866016113429,0.003417329636643969,0.01553637946945961,1.553637946945961e-05,2.076201857715287,0.0
2014-12-26,0.0029810156775306068,0.0027794110955480554,0.2016045819825512,0.0002016045819825512,2.0819724761952183,0.0
2015-01-02,0.01445278949741101,0.014440507012766076,0.012282484644934663,1.2282484644934663e-05,2.112037214338101,0.0
2015-01-09,0.006660899770403942,0.006645410599763579,0.015489170640362739,1.5489170640362738e-05,2.1260725688293585,0.0
2015-01-16,0.008388568592165128,0.008374117766248908,0.014450825916220314,1.4450825916220313e-05,2.143876550900327,0.0
2015-01-23,-0.001955103099275942,-0.001967103733244577,0.012000633968634787,1.2000633968634788e-05,2.139659323333435,-0.0019671037332446017
2015-01-30,-0.011915115128917826,-0.012117175603206092,0.20206047428826585,0.00020206047428826586,2.1137326955815667,-0.014060443595085292
2015-02-06,-0.0014287040164545743,-0.001458580917057404,0.029876900602829885,2.9876900602829884e-05,2.110649645408031,-0.015498516217429592
2015-02-13,-0.004460374970167251,-0.004486033777344316,0.02565880717706535,2.565880717706535e-05,2.101181199806591,-0.0199150231275238
2015-02-20,0.0035102725667999985,0.0034932144300112303,0.017058136788768052,1.705813678876805e-05,2.108521076293824,-0.016491376143675573
2015-02-27,-0.025754232859885658,-0.025890292082989756,0.1360592231040989,0.0001360592231040989,2.053930849765437,-0.04195470168145499
2015-03-06,0.010327883473927912,0.01029047896888778,0.03740450504013258,3.740450504013258e-05,2.075066781978498,-0.032095956687866134
2015-03-13,0.031182568357168913,0.031142511970176145,0.04005638699276616,4.005638699276616e-05,2.1396895740751782,-0.001952993433036121
2015-03-20,-0.01413440287007077,-0.014172322733286793,0.03791986321602442,3.791986321602442e-05,2.1093652028823358,-0.016097637713094026
2015-03-27,0.005882378681352229,0.0058236079930292705,0.058770688322958384,5.8770688322958386e-05,2.1216493189380587,-0.01036777605171979
2015-04-03,-0.0015429274588882411,-0.0015635027351904108,0.020575276302169633,2.0575276302169633e-05,2.118332114424784,-0.011915068740695589
2015-04-10,-0.0014841142172490574,-0.0015079464471166129,0.023832229867555545,2.3832229867555544e-05,2.115137783039024,-0.01340504790223751
2015-04-17,0.005544917985762673,0.005517929719367757,0.026988266394916,2.6988266394916e-05,2.1268089646726125,-0.00796108629507919
2015-04-24,-0.020348779994969188,-0.020394439358492025,0.045659363522837046,4.565936352283705e-05,2.0834338882154997,-0.02819316376189851
2015-05-01,-9.41608101127651e-05,-0.00012116458112352893,0.027003771010763837,2.700377101076384e-05,2.0831814498211356,-0.028310912330144267
2015-05-08,0.0020154630163970056,0.0019892729199535663,0.026190096443439514,2.6190096443439513e-05,2.0873254662666145,-0.026377957541428132
2015-05-15,-0.004679819189054532,-0.004708989172055984,0.02916998300145264,2.916998300145264e-05,2.0774962732474083,-0.03096273319704068
2015-05-22,-0.0019002233918876325,-0.0019231198290458823,0.022896437158249724,2.2896437158249723e-05,2.073500998969557,-0.03282630797991393
2015-05-29,-0.016283780521299154,-0.016415284749267716,0.131504227968563,0.000131504227968563,2.0394638896435806,-0.04870273953642423
2015-06-05,0.0015994107628514434,0.0015515614368016306,0.04784932604981288,4.784932604981288e-05,2.042628243166501,-0.04722674339215405
2015-06-12,0.00709705365241161,0.007081203514169621,0.015850138241988727,1.5850138241988727e-05,2.0570925094601535,-0.04047996205925575
2015-06-19,-0.009461951885885233,-0.009502917514285005,0.040965628399771664,4.096562839977166e-05,2.0375441290235003,-0.049598201833110145
2015-06-26,-0.0048758889747187355,-0.0051321371473073306,0.25624817258859467,0.00025624817258859466,2.027087173109661,-0.05447579420634996
2015-07-03,0.0009538791862590543,0.0009291681079998475,0.024711078259206754,2.4711078259206754e-05,2.0289706778630503,-0.05359724326898463
2015-07-10,0.013689070651022414,0.013672824800335827,0.016245850686587456,1.6245850686587458e-05,2.0567124384664908,-0.040657244185646424
2015-07-17,-0.009037424222804954,-0.009048821338060753,0.011397115255799308,1.1397115255799309e-05,2.03810161506704,-0.049338165384973376
2015-07-24,0.00805337878396613,0.008035218347606534,0.018160436359595092,1.8160436359595093e-05,2.0544782065587133,-0.041699389969105494
2015-07-31,-0.004840443175706234,-0.0050164617716112695,0.17601859590503516,0.00017601859590503515,2.044171995174903,-0.04650666834503725
2015-08-07,0.00044919573542257234,0.00044197665151756327,0.00721908390500904,7.21908390500904e-06,2.0450754714684565,-0.04608524655506796
2015-08-14,-0.030006015130090224,-0.0300104680033659,0.004452873275677052,4.452873275677052e-06,1.983701799467484,-0.07471267474126575
2015-08-21,0.0032840368841067866,0.0032723880154766904,0.011648868630096041,1.1648868630096041e-05,1.9901932414623407,-0.07168477558721675
2015-08-28,-0.0038312312499382177,-0.0043122831178624855,0.48105186792426735,0.00048105186792426737,1.9816109647458986,-0.0756879336575067
2015-09-04,0.0017162114011747033,0.0017077423508574943,0.008469050317208945,8.469050317208946e-06,1.984995045713319,-0.07410944679640497
2015-09-11,0.0012253387631123605,0.0012115068318449371,0.013831931267423278,1.3831931267423279e-05,1.9873998807723792,-0.07298772406565801
2015-09-18,-0.003458138471086213,-0.003463253761259006,0.005115290172792973,5.115290172792973e-06,1.9805170106601686,-0.07619820281702083
2015-09-25,0.0035081735825722416,0.0033546683047003642,0.15350527787187718,0.0001535052778718772,1.9871609883027501,-0.07309915420818591
2015-10-02,0.0025616259073461566,0.0025450569588040244,0.01656894854213243,1.656894854213243e-05,1.9922184262042937,-0.07074013876048224
2015-10-09,0.0024036392082654877,0.0023887224373375987,0.014916770927889223,1.4916770927889224e-05,1.9969772830590453,-0.06852039487982209
2015-10-16,0.001377172369129737,0.0013620973455660092,0.015075023563727842,1.5075023563727842e-05,1.9996973605154555,-0.06725162898223913
2015-10-23,-0.0015473640283297863,-0.0015554510648790394,0.00808703654925324,8.08703654925324e-06,1.9965869291266058,-0.06870247342920299
2015-10-30,-0.008051202159726906,-0.00856853198468197,0.517329824955065,0.000517329824955065,1.9794791101641864,-0.07668232607288006
2015-11-06,-0.011272843025546445,-0.011286063933598564,0.01322090805211986,1.3220908052119861e-05,1.9571385823716507,-0.08710294837184307
2015-11-13,0.014820388860498551,0.014794772636492445,0.025616224006106497,2.5616224006106497e-05,1.9860940027159466,-0.07359684405248001
2015-11-20,0.004134840008040615,0.004121484532002072,0.013355476038542997,1.3355476038542996e-05,1.9942796584272426,-0.06977868777484442
2015-11-27,-0.0018579577380990688,-0.001920143385606646,0.06218564750757734,6.218564750757734e-05,1.9904503555320636,-0.07156484607466385
2015-12-04,-0.010605638437396068,-0.010625386791657282,0.019748354261213845,1.9748354261213844e-05,1.9693010506149438,-0.08142982869609239
2015-12-11,0.0018412545203772383,0.0018324266552950748,0.008827865082163515,8.827865082163515e-06,1.9729096503523913,-0.07974661622943613
2015-12-18,0.009812027831604602,0.009798177391505089,0.013850440099513254,1.3850440099513254e-05,1.9922405690839562,-0.07072981033011938
2015-12-25,-0.0013478723079046052,-0.0017832161215701743,0.435343813665569,0.00043534381366556904,1.9886879735831196,-0.07238689991363323
2016-01-01,-0.0068455023963553,-0.0068507315950221605,0.005229198666860934,5.2291986668609335e-06,1.9750640060498532,-0.07874172828635129
2016-01-08,-0.004438916157986867,-0.00444501983475209,0.006103676765223238,6.103676765223238e-06,1.9662848073680568,-0.08283673957704785
2016-01-15,0.0023268537191810873,0.0023048222429347736,0.022031476246313672,2.2031476246313673e-05,1.9708167443280233,-0.08072284129402252
2016-01-22,0.004083437182604744,0.004074757092986708,0.008680089618036712,8.680089618036712e-06,1.9788473438359508,-0.07697701017116465
2016-01-29,-0.002560840289583743,-0.0026976078171872236,0.1367675276034807,0.00013676752760348072,1.9735091897721988,-0.07946696420397048
2016-02-05,-9.518280759152325e-05,-0.00010412108951259402,0.008938281921070778,8.938281921070778e-06,1.9733037058451965,-0.07956281110658991
2016-02-12,0.002608102885587136,0.0025829549818998875,0.025147903687248285,2.5147903687248285e-05,1.9784006604830109,-0.07718536328401182
2016-02-19,0.0009491536931292713,0.0009475825340117839,0.00157115911748748,1.57115911748748e-06,1.980275358394162,-0.07631092025212927
2016-02-26,0.0032027865771270007,0.003093361521208061,0.10942505591894006,0.00010942505591894005,1.986401065989215,-0.07345361599527711
2016-03-04,0.0006887607007123262,0.0006864139522553448,0.0023467484569814337,2.3467484569814337e-06,1.987764559395685,-0.07281762162988448
2016-03-11,0.0033011629675587057,0.0032976214306257795,0.0035415369329260963,3.5415369329260963e-06,1.9943194544057865,-0.06976012514887264
2016-03-18,-0.0021047801672989257,-0.0021067410697450037,0.0019609024460777898,1.9609024460777897e-06,1.9901179397049984,-0.07171989969793602
2016-03-25,0.00642068945241676,0.005943995360837405,0.47669409157935516,0.00047669409157935516,2.001947191506124,-0.06620220708818281
2016-04-01,0.004182714214667111,0.004171216195239447,0.011498019427663892,1.1498019427663892e-05,2.0102977460533484,-0.06230713461131032
2016-04-08,0.001662851493564361,0.001642259849137008,0.02059164442735291,2.059164442735291e-05,2.0135991773265025,-0.06076719926766028
2016-04-15,-0.005056217482815981,-0.005067701026696134,0.011483543880153234,1.1483543880153234e-05,2.0033948587082104,-0.06552695029623823
2016-04-22,0.013543478732991875,0.013531982431440631,0.011496301551244013,1.1496301551244012e-05,2.0305047627394885,-0.05288167740499217
2016-04-29,0.00890463667679525,0.008611819720004792,0.2928169567904596,0.00029281695679045963,2.0479911036968117,-0.044725265157290806
2016-05-06,-0.0029341264839256144,-0.002954060023912116,0.01993353998650128,1.993353998650128e-05,2.0419412150480536,-0.047547204063342674
2016-05-13,-0.014062069604006215,-0.0140803695386377,0.018299934631484573,1.8299934631484574e-05,2.013189928164002,-0.06095809139823949
2016-05-20,-9.023986086882912e-05,-0.00010934942088247422,0.019109560013645104,1.9109560013645102e-05,2.012969787011231,-0.06106077508712959
2016-05-27,0.01586194378663388,0.015737040516685192,0.12490326994868844,0.00012490326994868845,2.04464797410829,-0.04628465046197072
2016-06-03,0.009015871677517048,0.009008708173332209,0.007163504184838269,7.16350418483827e-06,2.063067611024226,-0.03769290719755514
2016-06-10,0.005736128367670461,0.005730167408701355,0.005960958969105529,5.960958969105529e-06,2.0748893338108645,-0.03217872645721642
2016-06-17,0.0028072544185862016,0.002805845006920032,0.0014094116661696274,1.4094116661696274e-06,2.080711151688049,-0.029463169969255465
2016-06-24,0.028529898905782756,0.0284978381284373,0.03206077734545609,3.206077734545609e-05,2.1400069212808894,-0.001804968489352743
2016-07-01,0.011749393835631557,0.011741391502686197,0.008002332945361153,8.002332945361154e-06,2.165133580362107,0.0
2016-07-08,-0.012635790935890338,-0.01264446302545403,0.008672089563690725,8.672089563690726e-06,2.137756628860049,-0.012644463025454189
2016-07-15,0.0038774530102910344,0.0038629549733968224,0.014498036894212038,1.4498036894212038e-05,2.146014686461416,-0.008830353043387529
2016-07-22,0.009637465031750898,0.009625587455879315,0.011877575871584148,1.1877575871584148e-05,2.1666713385075513,0.0
2016-07-29,-0.014007206303816935,-0.01410942174395437,0.102215440137437,0.000102215440137437,2.1361008588120103,-0.014109421743954353
2016-08-05,0.0066237246995107905,0.006618052386906632,0.005672312604158355,5.672312604158355e-06,2.150237686199344,-0.00758474624929828
2016-08-12,-0.004787984975632134,-0.004796857084264102,0.008872108631968464,8.872108631968464e-06,2.139923303321447,-0.01234522038978414
2016-08-19,-0.006488541778823022,-0.006522219109196497,0.033677330373474236,3.3677330373474234e-05,2.1259662546603093,-0.01878692126664705
2016-08-26,0.006515899669879295,0.006501540733426676,0.01435893645261809,1.435893645261809e-05,2.1397883108628735,-0.012407524467091258
2016-09-02,-0.017410771349926878,-0.0174266173713804,0.015846021453524227,1.5846021453524226e-05,2.102499038713714,-0.029617920657057595
2016-09-09,-0.0065158133227868915,-0.006528250415680483,0.012437092893592176,1.2437092893592176e-05,2.0887733984902632,-0.035952817869897125
2016-09-16,0.022146440721368895,0.02213832254762101,0.008118173747885446,8.118173747885446e-06,2.1350153377149312,-0.014610430400775698
2016-09-23,-0.005706601457135525,-0.005721296296996159,0.014694839860634292,1.4694839860634293e-05,2.1228002823692327,-0.020248136096422398
2016-09-30,-0.0223095661739334,-0.02252036721942457,0.2108010454911718,0.0002108010454911718,2.0749940404767795,-0.0423125078554466
2016-10-07,-0.006402341743657585,-0.0064458921167120445,0.043550373054459836,4.3550373054459836e-05,2.0616188527490458,-0.048485658111334984
2016-10-14,0.01097146425676825,0.010935800688735875,0.035663568032374277,3.566356803237428e-05,2.0841643056188497,-0.03808008691596676
2016-10-21,-0.01665869623382837,-0.016700720085208957,0.04202385138058786,4.202385138058786e-05,2.0493572609391255,-0.054144842128771686
2016-10-28,-0.0018756471080190646,-0.002111227595112784,0.2355804870937195,0.00023558048709371952,2.045030601337586,-0.05614175763904916
2016-11-04,-0.026559840119308446,-0.02659542810039112,0.03558798108267279,3.558798108267279e-05,1.9906421370166125,-0.08124407166072145
2016-11-11,-0.0018739525084339394,-0.001906768459153881,0.03281595071994154,3.2815950719941544e-05,1.9868464433762867,-0.08299592648653942
2016-11-18,0.0033305892798544193,0.003304753687056621,0.02583559279779831,2.5835592797798312e-05,1.9934124814856495,-0.07996545389354992
2016-11-25,-0.0004615986862437078,-0.000713803958230747,0.2522052719870391,0.00025220527198703915,1.9919895757659785,-0.08062217819426976
2016-12-02,0.005965135516449987,0.005932606301889356,0.032529214560630584,3.252921456063059e-05,2.003807265676466,-0.07516787153480775
2016-12-09,-0.009643696700249803,-0.009683815941729755,0.040119241479952834,4.0119241479952835e-05,1.9844027649329543,-0.08412377564386275
2016-12-16,0.00262265050425331,0.002515285335818062,0.10736516843524783,0.00010736516843524783,1.989394104107947,-0.08182008560731535
2016-12-23,0.005178924500418184,0.00515270561264116,0.02621888777702405,2.621888777702405e-05,1.9996448662739394,-0.07708897480900967
2016-12-30,0.013058831140900052,0.012801105961750178,0.2577251791498737,0.0002577251791498737,2.0252425320929817,-0.0652746929822724
2017-01-06,0.006433998505596309,0.006401181592992788,0.03281691260352114,3.281691260352114e-05,2.0382064773107613,-0.059291346552486024
2017-01-13,-0.0024366558039167763,-0.002474861740574414,0.0382059366576378,3.82059366576378e-05,2.033162198080674,-0.06161947040793059
2017-01-20,0.006004138392882077,0.005971526733989199,0.032611658892877426,3.261165889287743e-05,2.045303280501049,-0.05601590598881645
2017-01-27,0.0046023021189606035,0.004310560584931849,0.2917415340287547,0.0002917415340287547,2.0541196842062086,-0.05194680536036933
2017-02-03,0.007981932265507571,0.007952155622728725,0.029776642778845452,2.9776642778845454e-05,2.070454363602727,-0.04440773881796989
2017-02-10,0.002428300537524669,0.002397386321517855,0.030914216006813756,3.091421600681376e-05,2.075418042573355,-0.04211681500206366
2017-02-17,0.0031401184167206024,0.003112418853314913,0.027699563405689215,2.7699563405689215e-05,2.0818776128175704,-0.039135481317802756
2017-02-24,-0.0009652061099137518,-0.0010421226548672031,0.07691654495345121,7.691654495345121e-05,2.079708040992592,-0.04013682000097962
2017-03-03,-0.017412387579644938,-0.01743362506704167,0.021237487396730242,2.123748739673024e-05,2.0434511907570156,-0.056870714796740884
2017-03-10,0.012128968377515092,0.012112160859788914,0.016807517726177827,1.6807517726177827e-05,2.068201800288592,-0.04544738118278113
2017-03-17,-0.0042354070707905644,-0.0042567003848292834,0.02129331403871937,2.129331403871937e-05,2.059398084889399,-0.0495106256826402
2017-03-24,0.007421181060341016,0.007397672867113635,0.023508193227380184,2.3508193227380185e-05,2.074632838224571,-0.042479216227772953
2017-03-31,0.00029513224475892453,0.0001924741935967727,0.10265805116215185,0.00010265805116215185,2.0750321515071177,-0.0422949181870641
2017-04-07,-0.0033973807716159345,-0.0034139976193015603,0.016616847685625626,1.6616847685625627e-05,2.067947996681898,-0.04556452105636655
2017-04-14,0.00019881382521980953,0.00017892344278496431,0.01989038243484522,1.989038243484522e-05,2.0683180010569644,-0.045393750174557934
2017-04-21,0.011020324202393152,0.010999865419170482,0.02045878322267032,2.045878322267032e-05,2.091069220712639,-0.03489320989817901
2017-04-28,0.0055491008385707,0.005343778336500898,0.20532250206980218,0.00020532250206980218,2.102243431114407,-0.029735893140822922
2017-05-05,0.0012646636093689165,0.0012402098474915742,0.024453761877342346,2.4453761877342347e-05,2.1048506541194993,-0.028532562040828657
2017-05-12,0.004747127304907468,0.004728024390323564,0.019102914583903677,1.9102914583903678e-05,2.1148024393501648,-0.02393944029975259
2017-05-19,0.0062653850513972025,0.006234770832265319,0.030614219131883672,3.0614219131883675e-05,2.127987747915029,-0.017853926391608765
2017-05-26,0.010071981294677092,0.009879470151864508,0.19251114281258336,0.00019251114281258337,2.149011139354089,-0.008150843572623745
2017-06-02,-0.008436358167095558,-0.008453155521197893,0.016797354102335488,1.679735410233549e-05,2.1308452139763423,-0.01653509874547321
2017-06-09,-0.0014964268923268766,-0.0015146164182982895,0.018189525971412907,1.8189525971412906e-05,2.1276178008304014,-0.018024670831733425
2017-06-16,0.0024978350503001056,0.002479534423340425,0.018300626959680537,1.8300626959680537e-05,2.1328933024072723,-0.015589829200189698
2017-06-23,-0.0023491244253273625,-0.002365909247635783,0.016784822308420516,1.6784822308420518e-05,2.1278470704188863,-0.017918854326751776
2017-06-30,-0.005315054820967869,-0.005435609999284311,0.12055517831644152,0.00012055517831644153,2.1162809236059696,-0.023257064422281815
2017-07-07,0.023277340046446486,0.023256072341646488,0.02126770479999859,2.126770479999859e-05,2.165497305860596,-0.000541860053294374
2017-07-14,0.006239828708477807,0.006221543148476025,0.018285560001782067,1.8285560001782066e-05,2.1789700407869166,0.0
2017-07-21,0.002329205539260377,0.002302939879903885,0.026265659356491985,2.6265659356491986e-05,2.1839880777909606,0.0
2017-07-28,0.004478265002356285,0.004421793719672883,0.05647128268340128,5.647128268340128e-05,2.193645222557177,0.0
2017-08-04,-0.01513014585492762,-0.015156955599351174,0.02680974442355541,2.680974442355541e-05,2.1603962393181493,-0.015156955599351152
2017-08-11,0.001827012140407813,0.0018015461850597269,0.02546595534808609,2.546595534808609e-05,2.1642882929213103,-0.01338271536982849
2017-08-18,0.01061102712096778,0.010580309288854487,0.030717832113293108,3.071783211329311e-05,2.187187132450665,-0.002943999348711479
2017-08-25,0.008476337627754151,0.008381076969277744,0.09526065847640663,9.526065847640664e-05,2.205518116153948,0.0
2017-09-01,0.0018984253737498772,0.0018802629983146102,0.018162375435267122,1.8162375435267124e-05,2.209665070259865,0.0
2017-09-08,0.00717908891940621,0.0071727279580512835,0.006360961354926393,6.360961354926393e-06,2.225514396687247,0.0
2017-09-15,-0.0016900126745975712,-0.0017006570717421428,0.01064439714457158,1.0644397144571581e-05,2.2217295598902567,-0.001700657071742273
2017-09-22,7.056429864189134e-06,-4.318781402331422e-06,0.011375211266520555,1.1375211266520556e-05,2.2217199647259527,-0.0017049685083783128
2017-09-29,0.004885029651211876,0.004795301296788015,0.08972835442386048,8.972835442386049e-05,2.232373781353903,0.0
2017-10-06,0.012496883957986116,0.012478030055437229,0.018853902548886983,1.8853902548886984e-05,2.260229408492607,0.0
2017-10-13,-0.002570646959961307,-0.0025945172204596993,0.02387026049839259,2.387026049839259e-05,2.2543652043700835,-0.00259451722045978
2017-10-20,0.00039655333159583847,0.0003703932559019121,0.026160075693926407,2.6160075693926408e-05,2.255200206038122,-0.002225084956238632
2017-10-27,0.004206238413696807,0.004034368270065046,0.171870143631761,0.00017187014363176102,2.264298514192006,0.0
2017-11-03,-0.0024616237915460137,-0.0024835146810630467,0.021890889517033205,2.1890889517033204e-05,2.258675095589701,-0.002483514681063115
2017-11-10,0.002452829963975293,0.002415009089121171,0.03782087485412188,3.7820874854121886e-05,2.2641298164749215,-7.450330246971948e-05
2017-11-17,0.010992703007970298,0.01094098717254978,0.05171583542051869,5.1715835420518695e-05,2.288901631753961,0.0
2017-11-24,-0.006860088697777287,-0.006949053226990896,0.08896452921360876,8.896452921360876e-05,2.2729959324835565,-0.00694905322699102
2017-12-01,-0.0010331262021283979,-0.001061885995899374,0.028759793770976094,2.8759793770976093e-05,2.270582269934116,-0.008003560120583786
2017-12-08,0.0046243370451443,0.004615070024153804,0.009267020990496274,9.267020990496274e-06,2.2810611661054643,-0.003425427086828914
2017-12-15,0.008411752589128602,0.0083871756936773,0.02457689545130172,2.457689545130172e-05,2.3001928268736154,0.0
2017-12-22,0.0057596440488227735,0.005750478907157315,0.009165141665457859,9.165141665457859e-06,2.3134200372069467,0.0
2017-12-29,0.021105025062800584,0.02105914014404314,0.04588491875744588,4.588491875744588e-05,2.362138673982525,0.0
2018-01-05,0.00998539709872412,0.009927871092783426,0.05752600594069311,5.752600594069311e-05,2.3855896822411022,0.0
2018-01-12,0.005833231796798329,0.005819386409712917,0.01384538708541191,1.3845387085411911e-05,2.3994723504170876,0.0
2018-01-19,0.016398774553314552,0.01638026285523814,0.018511698076411585,1.8511698076411586e-05,2.4387763382307956,0.0
2018-01-26,-0.030405562911502846,-0.03054530884026339,0.13974592876054476,0.00013974592876054475,2.3642831617872093,-0.030545308840263408
2018-02-02,-0.03801775122772529,-0.03803839240657053,0.020641178845238913,2.0641178845238912e-05,2.2743496311189,-0.06742180680298804
2018-02-09,0.03317390185185301,0.0331373657239168,0.03653612793620846,3.653612793620846e-05,2.3497155866293427,-0.03651862214886914
2018-02-16,0.0019166257643376712,0.0018904226459848042,0.026203118352867046,2.6203118352867047e-05,2.35415754218593,-0.03469723513319467
2018-02-23,-0.006451903865370766,-0.007016959728098949,0.5650558627281828,0.0005650558627281828,2.337638513518811,-0.04147072575968758
2018-03-02,0.006393059423450543,0.0063897839562143816,0.003275467236161544,3.275467236161544e-06,2.3525755185879222,-0.0353459307815851
2018-03-09,-0.0018764770426914657,-0.0018847705334930772,0.008293490801611536,8.293490801611536e-06,2.3481414535726706,-0.03716408234626223
2018-03-16,-0.008936996147710098,-0.008944873407155425,0.007877259445325371,7.877259445325371e-06,2.327137625528369,-0.045776527741537176
2018-03-23,0.0060016627503307945,0.005998287877243287,0.0033748730875071647,3.3748730875071648e-06,2.3410964669362526,-0.040052820655708254
2018-03-30,-0.003366587540526931,-0.003425374761116891,0.05878722058996015,5.8787220589960155e-05,2.3330773341850692,-0.04334099949583958
2018-04-06,0.006451873192434621,0.0064447297699798956,0.0071434224547248315,7.143422454724832e-06,2.3481133871363573,-0.037175590755571086
2018-04-13,0.0004903404476348291,0.0004825681655992732,0.0077722820355558735,7.772282035555874e-06,2.349246511906207,-0.036710962346607645
2018-04-20,-0.0003752099368043321,-0.0003777560820091105,0.0025461452047783498,2.5461452047783497e-06,2.348359069748196,-0.03707485063931393
2018-04-27,-0.00017763573071971715,-0.0002771132223801031,0.09947749166038596,9.947749166038596e-05,2.3477083083990724,-0.03734168993036413
2018-05-04,0.0037967012019940924,0.003781217829363883,0.015483372630209203,1.5483372630209204e-05,2.3565855049129367,-0.033701669164743486
2018-05-11,-0.0019382503348930403,-0.0019515906759461146,0.013340341053074398,1.3340341053074397e-05,2.351986414614479,-0.03558748797738387
2018-05-18,0.0002447623873438966,0.0002302490661242203,0.014513321219676278,1.4513321219676278e-05,2.3525279572899804,-0.03536543289713234
2018-05-25,-0.0005444578872006943,-0.0006399792534024282,0.09552136620173389,9.552136620173389e-05,2.3510223882042656,-0.035982779007193044
2018-06-01,0.0016196090091018926,0.001616003047749303,0.0036059613525895482,3.6059613525895483e-06,2.3548216475489303,-0.03442492423998589
2018-06-08,-0.004728636554305933,-0.00473720153255325,0.008564978247316836,8.564978247316836e-06,2.343666382831272,-0.038999047968671485
2018-06-15,-0.0015239707282048913,-0.0015263180821863905,0.002347353981499253,2.347353981499253e-06,2.340089202452544,-0.040465841098755284
2018-06-22,-0.0010096601097897967,-0.0010193502063796122,0.009690096589815443,9.690096589815443e-06,2.3377038320410772,-0.04144394244165961
2018-06-29,0.003179656465700864,0.0027486736004437304,0.43098286525713353,0.0004309828652571335,2.344129416849865,-0.03880918471170347
2018-07-06,-0.002124977450733436,-0.0021406206297633727,0.01564317902993657,1.5643179029936572e-05,2.339111525061321,-0.04086672960004856
2018-07-13,-0.001819047301506978,-0.0018299238671426092,0.010876565635631077,1.0876565635631077e-05,2.3348311290537027,-0.04262187046332411
2018-07-20,0.004428194398243593,0.004413368701866013,0.014825696377580274,1.4825696377580274e-05,2.3451355996828105,-0.038396607790576076
2018-07-27,0.00249514785894241,0.0024028550944118583,0.0922927645305516,9.229276453055161e-05,2.350770620705595,-0.03608601418080182
2018-08-03,-0.003109660292401655,-0.0031304000885837967,0.02073979618214177,2.0739796182141774e-05,2.3434117681462983,-0.039103450607397394
2018-08-10,-0.0006948055267710512,-0.000715329194132665,0.020523667361613818,2.052366736161382e-05,2.341735457294669,-0.0397908079617193
2018-08-17,0.009368341466585639,0.009344885172576442,0.0234562940091977,2.34562940091977e-05,2.3636187062476384,-0.03081776332046926
2018-08-24,0.004333708043447215,0.0043212848072118025,0.01242323623541245,1.242323623541245e-05,2.373832575852988,-0.02662965084568636
2018-08-31,-0.011867367772158027,-0.012109662644515294,0.24229487235726746,0.00024229487235726747,2.3450862641848476,-0.03841683740211921
2018-09-07,0.005900917406178258,0.005876027857219015,0.024889548959242495,2.4889548959242496e-05,2.358866056400779,-0.03276654795166145
2018-09-14,0.003590581286355643,0.003566498895700009,0.024082390655633897,2.4082390655633897e-05,2.3672789495860367,-0.02931691091304689
2018-09-21,0.0032476416167229773,0.0032268973882450323,0.020744228477945013,2.0744228477945015e-05,2.374917915845703,-0.026184616188058674
2018-09-28,-0.008859626565633893,-0.009104850575980846,0.24522401034695304,0.00024522401034695305,2.3532946430917083,-0.03505105974625777
2018-10-05,-0.01993113639871951,-0.019940525237930835,0.009388839211323542,9.388839211323542e-06,2.3063687118688505,-0.05429264844270221
2018-10-12,0.003313965738920872,0.0033053301637341616,0.008635575186710202,8.635575186710203e-06,2.3139920219408836,-0.051166773407534616
2018-10-19,-0.014768316968982162,-0.014782209627587873,0.013892658605710904,1.3892658605710904e-05,2.2797861067959873,-0.06519262506464507
2018-10-26,0.00112408366958223,0.000710031124863624,0.4140525447186061,0.0004140525447186061,2.281404825889844,-0.06452888273268909
2018-11-02,0.0027494414471397237,0.0027367141285050134,0.012727318634710343,1.2727318634710343e-05,2.2876483787096964,-0.061968765709255136
2018-11-09,-0.00364827245782555,-0.0036575460094159964,0.009273551590446249,9.273551590446249e-06,2.2792811995111997,-0.06539965810694282
2018-11-16,-0.009643394048328553,-0.009656458867384879,0.013064819056325547,1.3064819056325547e-05,2.257271414360916,-0.07442458786587702
2018-11-23,0.006746203493485748,0.006740840247682789,0.005363245802958768,5.363245802958768e-06,2.272487320360784,-0.06818543187549764
2018-11-30,0.002066440927149419,0.001966611720522667,0.09982920662675179,9.98292066267518e-05,2.2769564205597446,-0.06635291442447033
2018-12-07,-0.002450219093632196,-0.0024615014801501385,0.011282386517942219,1.128238651794222e-05,2.2713516889602996,-0.06865108810755227
2018-12-14,-0.013883578432807844,-0.0138927527540972,0.009174321289355,9.174321289355e-06,2.239796361527973,-0.08159008826827152
2018-12-21,0.0014227271209323186,0.0014084798487182346,0.014247272214083872,1.4247272214083873e-05,2.2429510695684174,-0.08029652641473439
2018-12-28,0.0035205217314232475,0.0033935775030169073,0.12694422840634023,0.00012694422840634024,2.2505626978584727,-0.07717544139732879
2019-01-04,0.00422128108391183,0.004202944090742551,0.018336993169279246,1.8336993169279248e-05,2.2600216870502825,-0.07329686137195768
2019-01-11,0.0008845439375925882,0.0008630760030825282,0.021467934510060013,2.1467934510060013e-05,2.2619722575348216,-0.07249704613102659
2019-01-18,0.0022796886379056465,0.0022744379919831174,0.005250645922529181,5.250645922529181e-06,2.2671169731741703,-0.0703874981750705
2019-01-25,0.004928900556186725,0.004827233129451563,0.10166742673516158,0.00010166742673516157,2.278060875335419,-0.0659000419087088
2019-02-01,0.0028448557397154533,0.002841012230464576,0.003843509250876965,3.843509250876965e-06,2.284532874143989,-0.06324625250329519
2019-02-08,0.0014849701179010164,0.0014824493193780792,0.0025207985229373057,2.520798522937306e-06,2.287919578348361,-0.06185756254789376
2019-02-15,0.0005120433250112,0.0005070677706473887,0.004975554363811266,4.975554363811266e-06,2.2890797086283743,-0.061381860753585316
2019-02-22,-0.008080640014292494,-0.00847007013118543,0.3894301168929353,0.0003894301168929353,2.2696910429604187,-0.06933202221940515
2019-03-01,0.004102349774553552,0.004097970941819574,0.004378832733978599,4.3788327339785996e-06,2.278992170901379,-0.0655181718899781
2019-03-08,0.006832971792527774,0.0068266865200625705,0.006285272465203419,6.285272465203419e-06,2.2945501360337994,-0.05913875739077601
2019-03-15,0.007040984338137039,0.007033722450200205,0.00726188793683432,7.26188793683432e-06,2.3106893648387303,-0.052521000546112306
2019-03-22,0.0049197219720851105,0.004910937544400407,0.008784427684702976,8.784427684702977e-06,2.3220370159939634,-0.047867990355163315
2019-03-29,0.002830156333496596,0.0026653635842552714,0.16479274924132475,0.00016479274924132475,2.3282260888976865,-0.045330212369252165
2019-04-05,4.0341308050434715e-05,2.042117061280634e-05,0.019920137437628375,1.9920137437628375e-05,2.328273633999873,-0.04531071689464017
2019-04-12,-0.006564088608888288,-0.006591227189851505,0.027138580963216807,2.7138580963216808e-05,2.3129274535180384,-0.05160329085530413
2019-04-19,0.006408718703020804,0.006390469333062291,0.018249369958512743,1.8249369958512743e-05,2.327708145479343,-0.04554259076993783
2019-04-26,0.0020206698844175888,0.001768833204509406,0.2518366799081827,0.0002518366799081827,2.331825472937474,-0.0438543148122017
2019-05-03,-0.003801817890670127,-0.0038108079434972138,0.008990052827087059,8.990052827087059e-06,2.3229393339023545,-0.047498002384456006
2019-05-10,0.0022059164301222243,0.002189706461934221,0.01620996818800323,1.620996818800323e-05,2.3280258891724817,-0.04541230260527196
2019-05-17,0.002415290125991138,0.0024025638690565254,0.01272625693461277,1.272625693461277e-05,2.333619120060036,-0.04311884469366545
2019-05-24,0.0023538739471279345,0.0023436721004412167,0.010201846686717659,1.020184668671766e-05,2.3390883580847768,-0.04087622902653598
2019-05-31,0.012967274585659189,0.012814628797279343,0.15264578837984516,0.00015264578837984516,2.3690629071176708,-0.028585413930864334
2019-06-07,0.0019518182774010348,0.0019306667049085401,0.02115157249249474,2.115157249249474e-05,2.373636777994277,-0.026709936132878087
2019-06-14,0.008473568947173715,0.008462187675688432,0.01138127148528323,1.138127148528323e-05,2.393722937883581,-0.01847377294955166
2019-06-21,-0.0012781654408326637,-0.0012856032831576986,0.007437842325035012,7.437842325035012e-06,2.3906455598156677,-0.019735626289553165
2019-06-28,0.005922000697215657,0.005766517932584599,0.15548276463105837,0.00015548276463105837,2.4044312603067985,-0.01408291419987806
2019-07-05,-0.0046966603067778055,-0.004709707905868534,0.013047599090728942,1.3047599090728942e-05,2.393107091391014,-0.018726295693401895
2019-07-12,-0.002079814387086043,-0.0020877403255937605,0.007925938507717306,7.925938507717307e-06,2.3881109052128524,-0.020774940376327544
2019-07-19,0.003960945584431167,0.003949175870894466,0.011769713536701264,1.1769713536701264e-05,2.397541975176739,-0.016907808398686552
2019-07-26,0.012750804918712355,0.012565669453070019,0.18513546564233663,0.00018513546564233663,2.42766869513667,-0.004554596877130446
2019-08-02,0.017541464886353136,0.01753614660923314,0.00531827711999707,5.3182771199970705e-06,2.4702406492932325,0.0
2019-08-09,0.013768080804424172,0.013761948830096718,0.006131974327453864,6.131974327453864e-06,2.504235974706831,0.0
2019-08-16,0.0004965887548018043,0.0004681187835345143,0.02846997126729003,2.8469971267290033e-05,2.5054082546049936,0.0
2019-08-23,0.007651037514035373,0.00764021671327377,0.010820800761602863,1.0820800761602862e-05,2.524550116625401,0.0
2019-08-30,-0.0008600518786094106,-0.0009976444732300266,0.13759259462061602,0.00013759259462061603,2.5220315131541575,-0.0009976444732300305
2019-09-06,-0.020326815771714923,-0.02034429578991824,0.01748001820331676,1.748001820331676e-05,2.4707225580590544,-0.021321643888891573
2019-09-13,0.01714730569596322,0.01713825731957973,0.009048376383486628,9.048376383486629e-06,2.513066437024361,-0.004548802388756101
2019-09-20,-0.00196848745863902,-0.001990097618193541,0.021610159554520912,2.1610159554520913e-05,2.5080651894936765,-0.00652984744615015
2019-09-27,0.008350783745273498,0.008228977328445639,0.12180641682785924,0.00012180641682785925,2.528704001076284,0.0
2019-10-04,-0.011589728687339393,-0.011591815728477737,0.0020870411383444544,2.0870411383444544e-06,2.4993917302639432,-0.011591815728477672
2019-10-11,0.003074179662828711,0.0030693568874937457,0.004822775334965273,4.822775334965273e-06,2.507063255485774,-0.008558038260428669
2019-10-18,0.001822284798170399,0.001801176549051844,0.021108249118555196,2.1108249118555196e-05,2.5115789190285445,-0.0067722762491974065
2019-10-25,0.007179249873881787,0.00705125424747104,0.1279956264107463,0.0001279956264107463,2.5292887005492033,0.0
2019-11-01,-0.02614249990326721,-0.026148410862026742,0.0059109587595314,5.9109587595313995e-06,2.463151820418561,-0.026148410862026794
2019-11-08,0.011184158792023616,0.011174493253371193,0.009665538652423908,9.665538652423909e-06,2.4906762938178573,-0.015266112849419589
2019-11-15,0.0004101750609698416,0.0003969124470576689,0.013262613912172743,1.3262613912172743e-05,2.4916648742404655,-0.014875259712569866
2019-11-22,0.0059452354425496914,0.005934355203077635,0.01088023947205625,1.088023947205625e-05,2.5064512986512404,-0.009029179584364555
2019-11-29,-0.0028137048263102166,-0.002869768160862222,0.05606333455200524,5.606333455200524e-05,2.4992583645176194,-0.011873036093136835
2019-12-06,-0.00017917401349354161,-0.00018674049540128428,0.007566481907742665,7.566481907742665e-06,2.4987916517724935,-0.012057559411896235
2019-12-13,0.004100136809082045,0.004073666449282486,0.026470359799559175,2.6470359799559174e-05,2.508970895488066,-0.00803301143785029
2019-12-20,0.00846063875067671,0.008447485047257751,0.01315370341895869,1.315370341895869e-05,2.5301653896117067,0.0
2019-12-27,0.006816391148413061,0.0065776703006811595,0.23872084773190194,0.00023872084773190195,2.5468079833507673,0.0
2020-01-03,0.002364137952539897,0.0023516114310656137,0.012526521474283344,1.2526521474283344e-05,2.552797086117144,0.0
2020-01-10,0.006932636171561535,0.0069228627684627805,0.0097734030987546,9.7734030987546e-06,2.570469750020065,0.0
2020-01-17,0.0025047002321816605,0.0024953758663693055,0.009324365812355222,9.324365812355223e-06,2.576884038199497,0.0
2020-01-24,-0.004426838544796608,-0.004436303265324035,0.009464720527427233,9.464720527427234e-06,2.5654521991264714,-0.00443630326532396
2020-01-31,0.012276374215322648,0.012073884672459798,0.20248954286284948,0.0002024895428628495,2.5964271731114326,0.0
2020-02-07,0.008358343741655259,0.008346578143252913,0.011765598402345905,1.1765598402345906e-05,2.6180984554050726,0.0
2020-02-14,-0.0014385159848850975,-0.0014488503733172578,0.010334388432160299,1.0334388432160299e-05,2.614305222480578,-0.001448850373317212
2020-02-21,-0.047547779800902135,-0.04755816843332411,0.010388632421973885,1.0388632421973884e-05,2.4899736543737276,-0.04893811413655236
2020-02-28,0.013204990549420434,0.012723544174917402,0.48144637450303207,0.00048144637450303206,2.521654944159532,-0.03683723621868862
2020-03-06,-0.06068632686986086,-0.060705044648458134,0.018717778597272264,1.8717778597272264e-05,2.3685777681863227,-0.09530607479776543
2020-03-13,-0.059448751468406114,-0.05946326129530731,0.014509826901196069,1.450982690119607e-05,2.2277344094584035,-0.14910212606434314
2020-03-20,0.06454970682297471,0.06453695817736577,0.012748645608942382,1.2748645608942382e-05,2.3715056118718993,-0.0941877655609481
2020-03-27,-0.00445171465364544,-0.004808629678412118,0.3569150247666783,0.0003569150247666783,2.3601019196041313,-0.09854348115454048
2020-04-03,0.018353308988532994,0.018341022548205892,0.012286440327100374,1.2286440327100374e-05,2.403388602127655,-0.08200984681616863
2020-04-10,0.0008034760811462217,0.0008007836802171455,0.002692400929076136,2.692400929076136e-06,2.4053131964974583,-0.08127473528289908
2020-04-17,0.0006895716717157268,0.000686374015347651,0.00319765636807578,3.1976563680757802e-06,2.4069641409743068,-0.08064414613395399
2020-04-24,-0.003097750403225552,-0.0031705601525428098,0.07280974931725769,7.280974931725768e-05,2.3993327163803344,-0.08355901917022857
2020-05-01,-0.0018429750087972556,-0.001849894568377355,0.006919559580099497,6.919559580099497e-06,2.3948942038205723,-0.08525433836290397
2020-05-08,0.00393180211507472,0.003930685362815322,0.001116752259397392,1.116752259397392e-06,2.404307779413021,-0.08165876098000824
2020-05-15,0.0008037210834427164,0.000801616389748301,0.002104693694415318,2.104693694415318e-06,2.406235111934998,-0.080922603591428
2020-05-22,-0.0003352462668126122,-0.00033806760819149337,0.002821341378881172,2.821341378881172e-06,2.4054216417859595,-0.0812333138885748
2020-05-29,-0.006727910474055878,-0.006806889674648468,0.07897920059259053,7.897920059259053e-05,2.3890482020493105,-0.0874872573576777
2020-06-05,0.006779608995959249,0.006778431373989881,0.0011776219693676487,1.1776219693676486e-06,2.4052422013360553,-0.08130185235378562
2020-06-12,0.0023836012458312056,0.0023817920653495792,0.0018091804816263496,1.8091804816263495e-06,2.4109709881264414,-0.07911370439527055
2020-06-19,0.0024912698037770882,0.0024887157896378138,0.0025540141392745887,2.5540141392745888e-06,2.4169712096929503,-0.07682188013093794
2020-06-26,0.0038476642097663907,0.0037912220465048468,0.05644216326154392,5.6442163261543925e-05,2.4261344842289057,-0.07332190689003948
2020-07-03,0.005654297291240117,0.005652551656574875,0.001745634665242227,1.745634665242227e-06,2.439848334726807,-0.06808381109971917
2020-07-10,0.0016514056909657173,0.0016454060922599387,0.005999598705778597,5.999598705778597e-06,2.443862876040957,-0.06655043052502696
2020-07-17,0.006552376544676313,0.006545259997699932,0.007116546976381373,7.116546976381373e-06,2.4598585939633715,-0.060440760398072224
2020-07-24,0.006653152114199671,0.006652258741325909,0.0008933728737620475,8.933728737620475e-07,2.4762222097974895,-0.054190569233437014
2020-07-31,0.012473939124101528,0.011932550225825511,0.541388898276017,0.000541388898276017,2.505769855686203,-0.04290465069675542
2020-08-07,-0.01688028573810846,-0.01692042146683865,0.040135728730186296,4.0135728730186296e-05,2.463371173629093,-0.059099107390917505
2020-08-14,0.008128825574474332,0.008122807826101202,0.006017748373129642,6.017748373129642e-06,2.4833806642768397,-0.051456350256846806
2020-08-21,0.002822415128117999,0.002788828322098958,0.033586806019041154,3.3586806019041156e-05,2.490306386607928,-0.04881102486169597
2020-08-28,-0.010671245085793072,-0.010883071786209578,0.21182670041650636,0.00021182670041650637,2.4632042034328174,-0.05916288276037729
2020-09-04,-0.00595656638950969,-0.005963861765931999,0.007295376422308965,7.295376422308965e-06,2.4485139940622815,-0.06477390527185234
2020-09-11,0.0004903065136710354,0.0004836736136688113,0.006632900002224121,6.632900002224121e-06,2.4496982756739083,-0.06432156108701781
2020-09-18,-0.014981357031128632,-0.014996133823683271,0.01477679255463931,1.477679255463931e-05,2.4129622725042563,-0.07835312017289187
2020-09-25,0.007903223145914259,0.007781059445679135,0.12216370023512366,0.00012216370023512366,2.4317376753867928,-0.07118173101303249
2020-10-02,0.015389666248957334,0.015370955982926583,0.018710266030750846,1.8710266030750846e-05,2.469115808157187,-0.05690490628429601
2020-10-09,-0.0014981881037528498,-0.001505222251232229,0.0070341474793793385,7.034147479379339e-06,2.4653992401018794,-0.058324474004384785
2020-10-16,-0.0042681629649102245,-0.0042839997383222455,0.01583677341202116,1.583677341202116e-05,2.454837470402423,-0.0623586117113345
2020-10-23,-0.020725408091452818,-0.020735401707431083,0.00999361597826523,9.99361597826523e-06,2.403935429327175,-0.08180098255501334
2020-10-30,0.03921055890992212,0.03908777258192005,0.12278632800207334,0.00012278632800207334,2.497899910690336,-0.04591062817618119
2020-11-06,-0.001502555034489406,-0.001516640518565443,0.01408548407603705,1.408548407603705e-05,2.494111494474462,-0.047357638775821886
2020-11-13,0.005220924940688854,0.005212080101464379,0.008844839224475605,8.844839224475605e-06,2.507111003365646,-0.04239239048107324
2020-11-20,-0.0011490192551219117,-0.0011608205726306778,0.01180131750876617,1.180131750876617e-05,2.5042006973350706,-0.04350400109471042
2020-11-27,0.005880864176517492,0.005777099320770249,0.10376485574724294,0.00010376485574724294,2.518667713482717,-0.03797822870911538
2020-12-04,0.001927776229232128,0.0019109385038116667,0.01683772542046139,1.683772542046139e-05,2.5234807325947184,-0.036139864264850496
2020-12-11,0.009325487923736034,0.009316148784932208,0.009339138803827007,9.339138803827007e-06,2.5469898545554805,-0.027160399832476978
2020-12-18,-0.0004338928351841533,-0.00045303535013239645,0.01914251494824318,1.9142514948243183e-05,2.5458359781149382,-0.027601130561361487
2020-12-25,0.008774819810261705,0.008742123159130137,0.03269665113156828,3.269665113156828e-05,2.5680919897785635,-0.019100299884930116
2021-01-01,-0.000935323854703205,-0.0009502795404456329,0.01495568574242783,1.4955685742427831e-05,2.5656515845026946,-0.020032428801178725
2021-01-08,-0.005124442171609035,-0.005125304142101007,0.000861970491971733,8.61970491971733e-07,2.5525018398094548,-0.025055060652968697
2021-01-15,0.012892716853974511,0.012886020602439726,0.006696251534785539,6.6962515347855395e-06,2.585393431105005,-0.012491900078298479
2021-01-22,-0.014914485155507043,-0.01491808331387267,0.003598158365626849,3.598158365626849e-06,2.5468243165006412,-0.027223628186054505
2021-01-29,0.022670093893489632,0.02245623254259007,0.2138613508995606,0.0002138613508995606,2.6040163955971027,-0.005378735768663434
2021-02-05,0.013299023563141934,0.013294548983139714,0.004474580002220884,4.474580002220884e-06,2.6386356191212674,0.0
2021-02-12,-0.007956505054621763,-0.00797088522056488,0.014380165943115886,1.4380165943115887e-05,2.617603357462358,-0.007970885220564772
2021-02-19,-0.028367640783652726,-0.02837129002885221,0.003649245199484754,3.649245199484754e-06,2.543338573427296,-0.036116030953037614
2021-02-26,0.002224169248589362,0.001937298885074808,0.28687036351455397,0.00028687036351455396,2.5482657804099644,-0.03424869961446153
2021-03-05,0.011470750965465156,0.011466326302795224,0.004424662669932819,4.424662669932819e-06,2.5774850273543923,-0.023175080076892063
2021-03-12,-0.000813862846397365,-0.000819503077281706,0.005640230884340985,5.640230884340985e-06,2.575372770442828,-0.02397559110473446
2021-03-19,-0.0003324942186813606,-0.0003483507978988158,0.015856579217455195,1.5856579217455197e-05,2.5744756372833573,-0.024315589986341868
2021-03-26,0.007945188557854397,0.007664983478849765,0.2802050790046319,0.0002802050790046319,2.5942089505098354,-0.01683698510301601
2021-04-02,0.006603520353036674,0.006578440855600692,0.025079497435982354,2.5079497435982354e-05,2.611274800657834,-0.010369305358102099
2021-04-09,0.010863715607771949,0.01085009993111484,0.01361567665710925,1.3615676657109251e-05,2.6396073931925734,0.0
2021-04-16,0.0010443438434676873,0.0010418169094956653,0.00252693397202209,2.52693397202209e-06,2.6423573808092313,0.0
2021-04-23,-0.006295819200123041,-0.006311016415623761,0.015197215500720755,1.5197215500720755e-05,2.6256814200029996,-0.006311016415623816
2021-04-30,0.021350653401171538,0.02098765880330102,0.3629945978705198,0.0003629945978705198,2.68078832577219,0.0
2021-05-07,-0.01853095815217428,-0.018545871933331785,0.014913781157503496,1.4913781157503495e-05,2.631070768802048,-0.01854587193333168
2021-05-14,-0.0028002868378785503,-0.002808840267459856,0.008553429581305576,8.553429581305577e-06,2.6236805112801003,-0.021302619808910128
2021-05-21,0.01863931629081075,0.018629945240695743,0.009371050115005962,9.371050115005962e-06,2.672559535534329,-0.0030695412087377028
2021-05-28,0.014887803810794964,0.014777850019153738,0.10995379164122662,0.00010995379164122662,2.7120542195177144,0.0
2021-06-04,0.0057967702382357746,0.005792776115660548,0.003994122575226183,3.994122575226183e-06,2.7277645424249135,0.0
2021-06-11,-0.026291779725826372,-0.026313631517607853,0.021851791781481784,2.1851791781481784e-05,2.655987151388748,-0.026313631517607905
2021-06-18,0.017553468610417837,0.017538881233612746,0.014587376805091947,1.4587376805091948e-05,2.7025701945949567,-0.009236261942007551
2021-06-25,0.011496131185880328,0.011331056586409375,0.1650745994709525,0.0001650745994709525,2.7331931703986556,0.0
2021-07-02,-0.01165248507064473,-0.01166491435297298,0.012429282328248387,1.2429282328248386e-05,2.7013107061558244,-0.011664914352973121
2021-07-09,-0.0027888328632118048,-0.002806748258588192,0.017915395376387352,1.791539537638735e-05,2.693728807035416,-0.014438922133514498
2021-07-16,0.009563115147114052,0.009554806153717788,0.00830899339626568,8.308993396265681e-06,2.719466863617325,-0.005022077081850984
2021-07-23,0.0019461874254374156,0.0019314812947773103,0.014706130660105366,1.4706130660105366e-05,2.7247194629961684,-0.003100295835018252
2021-07-30,-0.001462142618707903,-0.001815663354314016,0.3535207356061128,0.0003535207356061128,2.71977228971642,-0.004910330095797111
2021-08-06,0.005295066553121153,0.005281879905590042,0.013186647531111671,1.3186647531111671e-05,2.7341378003212538,0.0
2021-08-13,-0.02286811843537787,-0.0228776774576344,0.009559022256532162,9.559022256532163e-06,2.6715870776007784,-0.02287767745763425
2021-08-20,0.026804270130384493,0.026790355662769723,0.013914467614770484,1.3914467614770484e-05,2.743159845593763,0.0
2021-08-27,0.014427573188819735,0.014291167602437626,0.13640558638210937,0.00013640558638210938,2.78236280270742,0.0
2021-09-03,-0.013950322722082478,-0.013956410645028993,0.006087922946513829,6.0879229465138295e-06,2.7435310048693817,-0.01395641064502895
2021-09-10,0.0008842895701426838,0.0008744383704291244,0.009851199713559463,9.851199713559463e-06,2.7459300536505014,-0.013094176295581295
2021-09-17,0.002179583429889201,0.002172825339629052,0.006758090260149319,6.75809026014932e-06,2.7518964800519226,-0.010949802314008772
2021-09-24,-0.0037124801370812125,-0.0039622059688015155,0.24972583172030333,0.0002497258317203033,2.740992899393137,-0.014868622910724438
2021-10-01,0.0024451341770621495,0.0024320820803062308,0.01305209675591867,1.3052096755918671e-05,2.747659219105998,-0.01247270254175814
2021-10-08,0.019755883652649284,0.019735080622954045,0.020803029695238867,2.0803029695238866e-05,2.801884495319458,0.0
2021-10-15,0.005920821245299431,0.005900033046309773,0.020788198989657915,2.0788198989657917e-05,2.8184157064337856,0.0
2021-10-22,0.0033540810368064946,0.0033460531196242574,0.008027917182237186,8.027917182237187e-06,2.8278462751006965,0.0
2021-10-29,0.009499163148465908,0.009237698479412054,0.26146466905385324,0.00026146466905385327,2.853969066336205,0.0
2021-11-05,-0.0016745878975713393,-0.0016865027320982224,0.011914834526883168,1.1914834526883168e-05,2.849155839708505,-0.0016865027320983605
2021-11-12,-0.007807383717035381,-0.007820777058163675,0.01339334112829415,1.339334112829415e-05,2.8268732270821797,-0.009494090028386304
2021-11-19,-0.02572865457757508,-0.02573527980617693,0.0066252286018479295,6.6252286018479295e-06,2.7541228536066296,-0.03498503677117759
2021-11-26,-0.005573188725270824,-0.005861366825082735,0.2881780998119102,0.00028817809981191025,2.7379799292802973,-0.040641343462355484
2021-12-03,0.020025426415149927,0.019986776784723995,0.03864963042593357,3.864963042593357e-05,2.792703322967877,-0.021466856137644985
2021-12-10,-0.004088510575653789,-0.004098865306845176,0.010354731191387509,1.0354731191387509e-05,2.7812564082050524,-0.025477731692620575
2021-12-17,0.015822581034878377,0.01581525361025311,0.0073274246252668105,7.3274246252668105e-06,2.825242683655957,-0.010065414870500278
2021-12-24,0.008947145669031216,0.008935835124157864,0.01131054487335162,1.1310544873351621e-05,2.85048858646284,-0.001219522634081427
2021-12-31,-0.011459462564350348,-0.01164898556513653,0.1895230007861825,0.00018952300078618251,2.817283286065548,-0.012854301997657136
2022-01-07,0.002678370666752742,0.002668957522865861,0.009413143886881085,9.413143886881084e-06,2.8248024954859368,-0.010219652060809215
2022-01-14,-0.018991807272910707,-0.01900009889830228,0.008291625391573706,8.291625391573706e-06,2.771130968703533,-0.029025576559249866
2022-01-21,0.003442886959994926,0.003435135201312275,0.007751758682650676,7.751758682650675e-06,2.7806501782415727,-0.025690148137714752
2022-01-28,0.0037898811406916456,0.0033776043968379065,0.412276743853739,0.000412276743853739,2.7900421145096694,-0.022399314898182254
2022-02-04,-0.002250677904631898,-0.0022590162414452522,0.008338336813354254,8.338336813354254e-06,2.783739364058676,-0.02460773072347522
2022-02-11,-0.002794404127521243,-0.0028087045761747745,0.014300448653531608,1.4300448653531609e-05,2.7759206625679664,-0.02734731945375768
2022-02-18,0.004791134533715978,0.004784810777496041,0.006323756219937583,6.3237562199375825e-06,2.789202917671696,-0.02269336042511949
2022-02-25,0.038492632799581115,0.038291248175497575,0.20138462408354302,0.00020138462408354302,2.896004978804085,0.0
2022-03-04,-0.01788137968386054,-0.01789306689487881,0.011687211018269816,1.1687211018269815e-05,2.8441865679904414,-0.017893066894878795
2022-03-11,0.0054389757746908796,0.005429014896270984,0.009960878419895952,9.960878419895953e-06,2.8596276992358356,-0.012561193725319941
2022-03-18,0.011211262835440052,0.01119926229439043,0.012000541049621944,1.2000541049621943e-05,2.8916534199038817,-0.0015026075341901812
2022-03-25,-0.00012581045729876024,-0.0005734835017676179,0.44767304446885764,0.00044767304446885763,2.8899951043747367,-0.0020752293153273316
2022-04-01,-0.0002941139105530631,-0.0002947010948396269,0.0005871842865637841,5.871842865637841e-07,2.8891434196533963,-0.0023693188378157704
2022-04-08,0.0018595021219571166,0.0018588264065453669,0.0006757154117496521,6.75715411749652e-07,2.894513835734145,-0.0005148965836915265
2022-04-15,-0.004088789579298669,-0.0040901422031569025,0.0013526238582336775,1.3526238582336777e-06,2.882674862536987,-0.004602932786601288
2022-04-22,-0.004785163856465691,-0.0047863008789263166,0.0011370224606254212,1.1370224606254212e-06,2.8688775133087674,-0.009367202644285477
2022-04-29,-0.0009323064722700483,-0.0009891523098342998,0.0568458375642514,5.68458375642514e-05,2.866039756489846,-0.010347089363987538
2022-05-06,-0.004161846974122535,-0.0041654557768495346,0.003608802726999991,3.608802726999991e-06,2.854101394629495,-0.014469444797672426
2022-05-13,-0.000320737641885612,-0.0003210327468782844,0.0002951049926723445,2.951049926723445e-07,2.853185134618908,-0.014785832378941488
2022-05-20,0.008936976177423747,0.008936384460197911,0.0005917172258354704,5.917172258354704e-07,2.878682293917984,-0.005981579801445758
2022-05-27,-0.0010507375222139849,-0.001077041320707573,0.026303798493588174,2.6303798493588174e-05,2.875581834138245,-0.007052178713544022
2022-06-03,-0.0033930186844081394,-0.0033950607650576063,0.0020420806494671484,2.0420806494671483e-06,2.86581905907645,-0.010423296903343093
2022-06-10,-0.009760027752815856,-0.00976210207214394,0.002074319328083586,2.074319328083586e-06,2.8378426409014503,-0.020083645687188345
2022-06-17,-0.0002718913214981569,-0.0002765573291697946,0.00466600767163769,4.66600767163769e-06,2.8370578147200787,-0.020354648736946812
2022-06-24,-0.006032266938405178,-0.006103426378849942,0.07115944044476466,7.115944044476466e-05,2.8197420412153935,-0.026333842015763498
2022-07-01,-0.0040705457930059336,-0.004072908736811184,0.002362943805250463,2.362943805250463e-06,2.8082574892201735,-0.030299495417354882
2022-07-08,-0.006678375036057777,-0.0066791999383736984,0.0008249023159214788,8.249023159214788e-07,2.7895005759712364,-0.03677631896780442
2022-07-15,9.454730125063701e-05,9.217476979248753e-05,0.002372531458149491,2.3725314581494913e-06,2.7897576975446623,-0.03668753404674663
2022-07-22,0.009286778317914164,0.00928460970194567,0.0021686159684948213,2.168615968494821e-06,2.8156595089293632,-0.02774355377935178
2022-07-29,-0.004767211805725662,-0.004769022702922859,0.0018108971971975939,1.810897197197594e-06,2.8022315648075784,-0.032380266844441175
2022-08-05,0.008889426549189292,0.008888040362765828,0.0013861864234635084,1.3861864234635084e-06,2.8271379120614046,-0.023780023600345923
2022-08-12,-0.004459917392212112,-0.004461884972167143,0.0019675799550316064,1.9675799550316064e-06,2.814523547897334,-0.02813580484257283
2022-08-19,0.0033247986442098525,0.0033157034681634895,0.009095176046362966,9.095176046362965e-06,2.823855673386325,-0.024913391360105397
2022-08-26,-0.00886305176659858,-0.008926908249784983,0.06385648318640413,6.385648318640413e-05,2.7986473728793704,-0.03361790005102783
2022-09-02,0.002688794644863077,0.0026781890121645845,0.010605632698492531,1.0605632698492531e-05,2.806142679522339,-0.03102974612939191
2022-09-09,-0.005543995876011718,-0.00555238817552501,0.00839229951329097,8.39229951329097e-06,2.790561886089723,-0.03640984510941858
2022-09-16,-0.008446994482500175,-0.008457579534627606,0.010585052127431393,1.0585052127431392e-05,2.766960486991819,-0.044559485483189776
2022-09-23,-0.0012666510413577542,-0.0012691169255830644,0.0024658842253102754,2.4658842253102756e-06,2.7634488906053583,-0.04577205121155081
2022-09-30,0.008008394872805434,0.007882607164876964,0.12578770792846955,0.00012578770792846954,2.7852320726302153,-0.03825024714550518
2022-10-07,-0.003704136670195873,-0.0037077169060604387,0.003580235864565607,3.580235864565607e-06,2.7749052205872227,-0.041816142963563174
2022-10-14,0.00019250999704817807,0.00019070848131468322,0.001801515733494846,1.8015157334948462e-06,2.7754344185476327,-0.04163340917536762
2022-10-21,0.002636295678670227,0.002635454007273402,0.0008416713968248776,8.416713968248777e-07,2.782748948307919,-0.03910767810314164
2022-10-28,0.004007462578552708,0.003974378721701545,0.03308385685116323,3.308385685116323e-05,2.7938086465159113,-0.03528872810514849
2022-11-04,0.003649280140847973,0.0036433229177638736,0.0059572230840993865,5.957223084099386e-06,2.8039873935856097,-0.03177397341922883
2022-11-11,-0.0017278012806261943,-0.0017293587906055687,0.0015575099793742869,1.557509979374287e-06,2.7991382933377653,-0.03344838360958935
2022-11-18,0.0007583978517968501,0.0007532544186812008,0.005143433115649373,5.143433115649373e-06,2.801246756625722,-0.03272032433365968
2022-11-25,0.004096471780561312,0.004008786593021744,0.08768518753956782,8.768518753956782e-05,2.812476357067429,-0.028842706538145912
2022-12-02,-0.0050331335339160125,-0.005040927547437585,0.007794013521571948,7.794013521571948e-06,2.798298867522571,-0.033738240091652716
2022-12-09,0.001786303066053097,0.0017799230707260891,0.006379995327007846,6.3799953270078465e-06,2.8032796242356612,-0.03201836849283146
2022-12-16,0.003436220789020848,0.0034213424767605694,0.01487831226027852,1.4878312260278521e-05,2.8128706038882965,-0.02870657182023184
2022-12-23,0.0008975068404266447,0.0008948766023496378,0.0026302380770068987,2.630238077006899e-06,2.815387775977153,-0.02783738405733782
2022-12-30,0.005952140371078034,0.005576619626548656,0.37552074452937695,0.00037552074452937696,2.8310881227050126,-0.022416002933074997
2023-01-06,0.02136391400247796,0.021355870047409055,0.008043955068904977,8.043955068904978e-06,2.891548472746264,-0.001538846131287075
2023-01-13,0.003379526577578131,0.0033103556771843104,0.06917090039382054,6.917090039382054e-05,2.901120526648873,0.0
2023-01-20,-0.0007945144253698126,-0.0008088938874377767,0.014379462067964104,1.4379462067964104e-05,2.8987738279881468,-0.0008088938874376561
2023-01-27,-0.01307329517891904,-0.01326269799538777,0.18940281646873053,0.00018940281646873054,2.8603282661506055,-0.014060863767486165
2023-02-03,-0.0025351536823200052,-0.002558832801014685,0.02367911869467977,2.367911869467977e-05,2.85300916436151,-0.016583717169082024
2023-02-10,-0.005386088933820919,-0.005474577486856679,0.0884885530357594,8.848855303575941e-05,2.8373901446205005,-0.02196750581127649
2023-02-17,-0.011141979873526657,-0.011217131451926292,0.07515157839963404,7.515157839963404e-05,2.8055627663878924,-0.0329382248628467
2023-02-24,0.014612890076739101,0.014440553801682202,0.17233627505689963,0.00017233627505689963,2.846076646459913,-0.018973317269428303
2023-03-03,-0.008414683475500935,-0.008458592753309908,0.043909277808974315,4.3909277808974314e-05,2.8220028431628026,-0.027271422458776784
2023-03-10,0.00509106034771802,0.00503043079482764,0.06062955289038005,6.062955289038005e-05,2.83619873316814,-0.022378178667304516
2023-03-17,0.006804368458962799,0.006758430293435178,0.045938165527621116,4.5938165527621117e-05,2.855366984604586,-0.01577098973448643
2023-03-24,0.01288504213609605,0.012875557442621461,0.009484693474588544,9.484693474588545e-06,2.8921314262346267,-0.0030984925761184945
2023-03-31,0.0020551858503553904,0.0017115274430825334,0.343658407272857,0.00034365840727285704,2.897081388539629,-0.0013922682881120085
2023-04-07,0.007200658280665274,0.007191568057148905,0.009090223516369178,9.090223516369178e-06,2.917915946512411,0.0
2023-04-14,-0.0007319186020943961,-0.0007529889167769476,0.02107031468255154,2.1070314682551538e-05,2.9157187881446003,-0.0007529889167769976
2023-04-21,0.002582347647648798,0.002564015048535038,0.01833259911375972,1.833259911375972e-05,2.9231947349946994,0.0
2023-04-28,0.002504686555522476,0.0020775791906966915,0.4271073648257844,0.00042710736482578436,2.9292679035464784,0.0
2023-05-05,-0.003681854949673173,-0.003697651019042287,0.015796069369113836,1.5796069369113836e-05,2.918436493097882,-0.0036976510190422918
2023-05-12,-0.0025968107951193555,-0.00260636098547661,0.009550190357254525,9.550190357254524e-06,2.9108299940836804,-0.006294374591164997
2023-05-19,-0.00968090483066754,-0.009691805682756766,0.010900852089224332,1.0900852089224333e-05,2.8826187954054814,-0.015925176418489673
2023-05-26,0.008490101202313331,0.008262315752680554,0.22778544963277633,0.00022778544963277634,2.9064359020877335,-0.0077944395017957024
2023-06-02,0.002329063754897662,0.0023201887368525425,0.008875018045119271,8.875018045119271e-06,2.913179381932141,-0.005492335335685383
2023-06-09,0.013269372415431939,0.013261356292785895,0.008016122646044458,8.016122646044458e-06,2.951812091660741,0.0
2023-06-16,-0.019659505314051025,-0.01966797149534563,0.008466181294603102,8.466181294603102e-06,2.893755935582341,-0.019667971495345604
2023-06-23,0.012381312478079269,0.012367381265182817,0.013931212896451479,1.393121289645148e-05,2.9295441185260733,-0.0075438315323586025
2023-06-30,-0.011614700973486485,-0.011701917266731303,0.08721629324481875,8.721629324481875e-05,2.8952628356218417,-0.01915747150662417
2023-07-07,0.025924366874985394,0.025919444866613857,0.004922008371535798,4.922008371535798e-06,2.970306441064098,0.0
2023-07-14,0.002909151500457583,0.0029033282600611173,0.005823240396465483,5.8232403964654836e-06,2.9789302156954807,0.0
2023-07-21,0.004641439783972226,0.004633202654074462,0.008237129897765032,8.237129897765032e-06,2.9927322030771437,0.0
2023-07-28,-0.01956764889625138,-0.019676248115947374,0.10859921969599595,0.00010859921969599596,2.933846461704812,-0.01967624811594737
2023-08-04,-0.006232172418019918,-0.006238894869188525,0.006722451168606279,6.722451168606279e-06,2.915542502067895,-0.025792384941720425
2023-08-11,-0.021392382799582204,-0.021395162373619995,0.002779574037792254,2.7795740377922542e-06,2.853163996828962,-0.04663571505150943
2023-08-18,0.009297667271373027,0.009290873227447089,0.006794043925938652,6.794043925938652e-06,2.879672381820616,-0.037778128340477335
2023-08-25,0.01700212475448346,0.016850056582203725,0.15206817227973532,0.0001520681722797353,2.9281950243925023,-0.02156463535838049
2023-09-01,-0.010724007456607646,-0.010733785550879312,0.009778094271666093,9.778094271666093e-06,2.8967644069495213,-0.03206695073784005
2023-09-08,0.0066366234364523425,0.006627234990194441,0.009388446257901199,9.3884462579012e-06,2.915961945385607,-0.025652230965604317
2023-09-15,-0.013257854955963972,-0.013270755128980091,0.012900173016118233,1.2900173016118232e-05,2.87726492844297,-0.038582561618927924
2023-09-22,-0.017309540516017952,-0.01734743772690872,0.03789721089076948,3.789721089076948e-05,2.827351754272987,-0.05526069076080775
2023-09-29,-0.006774537630318236,-0.006864493432951931,0.08995580263369594,8.995580263369595e-05,2.807943416723135,-0.06174584754493162
2023-10-06,0.013554595490881002,0.01354290525284759,0.011690238033412126,1.1690238033412125e-05,2.8459711283711733,-0.049039160455141895
2023-10-13,-0.008003629037218336,-0.00801776993128456,0.01414089406622431,1.4140894066224311e-05,2.8231527866328148,-0.05666374568027388
2023-10-20,-0.0016446637504923824,-0.0016505099830859073,0.005846232593524837,5.846232593524837e-06,2.8184931447747004,-0.0582207315854355
2023-10-27,0.023918782443800572,0.023784133429008626,0.1346490147919448,0.0001346490147919448,2.885528561798768,-0.035821327804789416
2023-11-03,-0.007371685351670349,-0.007380141072749313,0.008455721078964258,8.455721078964259e-06,2.8642329539432456,-0.0429371024249261
2023-11-10,0.018127764190709897,0.01811865049002608,0.009113700683818681,9.11370068381868e-06,2.9161289897577585,-0.025596414286791602
2023-11-17,0.005526623379716747,0.005495279355343447,0.03134402437330016,3.134402437330016e-05,2.9321539331926934,-0.020241794378449085
2023-11-24,0.01753136691414984,0.017098734628606036,0.43263228554380306,0.0004326322855438031,2.9822900551865787,-0.0034891688203269045
2023-12-01,-0.011323974941398621,-0.011333184390247332,0.009209448848710597,9.209448848710598e-06,2.9484912120859486,-0.01478280981696467
2023-12-08,0.017471864981658966,0.017456029304905436,0.015835676753529815,1.5835676753529816e-05,2.999960161089377,0.0
2023-12-15,0.008423070806650407,0.00840949398151085,0.01357682513955662,1.357682513955662e-05,3.025188308008831,0.0
2023-12-22,0.004432306712312392,0.004409141282691127,0.023165429621265214,2.3165429621265215e-05,3.0385267906655873,0.0
2023-12-29,-0.012375553118245765,-0.012536432705144469,0.1608795868987039,0.0001608795868987039,3.0004345040316296,-0.012536432705144485
2024-01-05,0.009715566432121691,0.009694583500753418,0.020982931368273776,2.0982931368273778e-05,3.0295224668695058,-0.0029633846980526846
2024-01-12,-0.004341701925306817,-0.004361415834389325,0.019713909082508432,1.971390908250843e-05,3.016309459611863,-0.007311875979496563
2024-01-19,0.006860006274233871,0.00684031765089886,0.019688623335010876,1.9688623335010875e-05,3.0369419744490194,-0.000521573882921289
2024-01-26,0.00541298768115952,0.005166429316199288,0.2465583649602311,0.0002465583649602311,3.052632120497409,0.0
2024-02-02,0.005006891742582011,0.005002527832778554,0.004363909803456887,4.363909803456887e-06,3.067902997643431,0.0
2024-02-09,-0.005353453451888755,-0.005365027754532775,0.01157430264402064,1.1574302644020641e-05,3.05144361291286,-0.005365027754532736
2024-02-16,0.011602384742879947,0.011591070520489884,0.0113142223900623,1.13142223900623e-05,3.0868131110194312,0.0
2024-02-23,0.010575185396791226,0.010411441377267657,0.16374401952356896,0.00016374401952356897,3.118951284767391,0.0
2024-03-01,0.012033845506392667,0.012019674992117183,0.014170514275484512,1.4170514275484512e-05,3.156440065526541,0.0
2024-03-08,-0.0041818561799614315,-0.004194922707214096,0.013066527252664006,1.3066527252664006e-05,3.143199043421703,-0.00419492270721411
2024-03-15,0.011086633959780375,0.011073310483026351,0.013323476754024979,1.3323476754024979e-05,3.178004662339463,0.0
2024-03-22,0.008495673059266143,0.008481348663201063,0.014324396065080063,1.4324396065080062e-05,3.204958427934043,0.0
2024-03-29,-0.007281108413735873,-0.007682451005741243,0.40134259200537026,0.00040134259200537024,3.1803364918360018,-0.007682451005741386
2024-04-05,-0.009350905570677467,-0.009360266426645475,0.009360855968008754,9.360855968008755e-06,3.1505676949460337,-0.016970807644163477
2024-04-12,-0.011352452174493953,-0.011365993876881893,0.013541702387940335,1.3541702387940336e-05,3.1147583618165755,-0.028143911425275947
2024-04-19,0.009700807258969366,0.009681491463841065,0.01931579512830036,1.931579512830036e-05,3.14491386830843,-0.01873489499965786
2024-04-26,-0.0006708564753124162,-0.0009151141674626966,0.2442576921502803,0.0002442576921502803,3.1420359130720907,-0.019632864599280597
2024-05-03,0.0074701420969989505,0.007455091142640915,0.015050954358035464,1.5050954358035465e-05,3.1654600771774946,-0.012324138251618266
2024-05-10,0.0035615874476271833,0.003537632799008062,0.02395464861912122,2.3954648619121224e-05,3.176658312570468,-0.008830103728308725
2024-05-17,0.002975936739487195,0.002960730061865308,0.015206677621887387,1.5206677621887387e-05,3.1860635403327695,-0.005895517220001256
2024-05-24,0.0017515817303981572,0.0017447183567099252,0.006863373688231977,6.863373688231977e-06,3.191622323877232,-0.004161084880407562
2024-05-31,-0.0027010351578570777,-0.00304619992306214,0.3451647652050625,0.0003451647652050625,3.1819000041997936,-0.007194609307027089
2024-06-07,0.009829509665882,0.009817149738359189,0.012359927522811384,1.2359927522811385e-05,3.213137192993509,0.0
2024-06-14,-0.004477370058304034,-0.004488313895493043,0.010943837189009608,1.0943837189009608e-05,3.1987156246820705,-0.00448831389549309
2024-06-21,-0.004576114369114445,-0.004592886780877449,0.0167724117630036,1.67724117630036e-05,3.184024285973682,-0.009060586358811462
2024-06-28,0.019297678279155604,0.019198940902532387,0.09873737662321665,9.873737662321665e-05,3.2451541800723187,0.0
2024-07-05,0.01149821667490537,0.011479225732222303,0.0189909426830666,1.89909426830666e-05,3.2824060374412336,0.0
2024-07-12,-0.016513283203597493,-0.016521701768718356,0.008418565120863912,8.418565120863912e-06,3.2281751038067887,-0.016521701768718478
2024-07-19,-0.0013845417123374674,-0.0014028278893946726,0.018286177057205165,1.8286177057205165e-05,3.223646529739319,-0.017901352554091643
2024-07-26,8.99229815406119e-05,-5.0355730700750207e-05,0.1402787122413621,0.0001402787122413621,3.223484200662793,-0.017950806849103995
2024-08-02,0.004139095824236173,0.004110698374109456,0.02839745012671667,2.839745012671667e-05,3.2367349719254253,-0.013913898827523141
2024-08-09,0.019927743095015882,0.019911640772463685,0.016102322552198935,1.6102322552198935e-05,3.3011836759620747,0.0
2024-08-16,0.011576782357188446,0.011560112492351482,0.016669864836963852,1.6669864836963853e-05,3.3393457306141108,0.0
2024-08-23,-0.0016911191127420922,-0.0017130226366110352,0.021903523868942915,2.1903523868942916e-05,3.3336253557860984,-0.0017130226366109946
2024-08-30,-0.011338508648006347,-0.01145859259786796,0.12008394986161244,0.00012008394986161244,3.2954267009602227,-0.013151986405975147
2024-09-06,0.02357236935359375,0.02355140231240324,0.020967041190510516,2.0967041190510517e-05,3.373038620985573,0.0
2024-09-13,0.008452939977511578,0.008441938605817947,0.011001371693630347,1.1001371693630347e-05,3.4015136059389857,0.0
2024-09-20,0.01170456320687169,0.011690152850784861,0.01441035608682762,1.4410356086827621e-05,3.441277819916437,0.0
2024-09-27,-0.005808645723080328,-0.006004013718012683,0.19536799493235563,0.00019536799493235563,3.4206163406781656,-0.006004013718012735
2024-10-04,-0.0005326266549497663,-0.0005397616334975509,0.007134978547784546,7.134978547784546e-06,3.418770023214553,-0.0065405346152582755
2024-10-11,0.012779744693855944,0.012756328620451493,0.023416073404451697,2.3416073404451697e-05,3.462380977108426,0.0
2024-10-18,-0.007314016070243858,-0.007334090248055867,0.020074177812009476,2.0074177812009475e-05,3.4369875625491613,-0.007334090248055869
2024-10-25,-0.011297963523589517,-0.011417771399969209,0.11980787637969313,0.00011980787637969314,3.3977448242554376,-0.018668122682146016
2024-11-01,0.012867498817607273,0.012851264916151224,0.01623390145604918,1.623390145604918e-05,3.441410143109426,-0.006056766756070253
2024-11-08,-0.024812772584484832,-0.024826173466297716,0.01340088181288265,1.3400881812882651e-05,3.355973097927915,-0.030732573880236758
2024-11-15,0.021636988406914644,0.02162995876455536,0.007029642359283479,7.029642359283479e-06,3.4285626576510535,-0.00976735942143947
2024-11-22,0.010356777426730423,0.010343406637872933,0.013370788857490067,1.3370788857490067e-05,3.4640256754025645,0.0
2024-11-29,-0.0043597157953277855,-0.004524956995504002,0.1652412001762169,0.0001652412001762169,3.448351108190046,-0.004524956995504037
2024-12-06,-0.005418073306220161,-0.005430271437707269,0.012198131487108254,1.2198131487108254e-05,3.4296256256600555,-0.009930656688481698
2024-12-13,-0.02005432314712117,-0.020076570721193766,0.022247574072599665,2.2247574072599664e-05,3.360770504239273,-0.029807853878361268
2024-12-20,0.0006494955385744957,0.0006365529448689841,0.012942593705511514,1.2942593705511514e-05,3.3629098126007757,-0.029190275210658756
2024-12-27,0.0038150841140588455,0.0036533188587230003,0.16176525533584513,0.00016176525533584513,3.3751955944393353,-0.025643597734853918
2025-01-03,-0.011411321191098002,-0.011420756038037482,0.009434846939479062,9.434846939479062e-06,3.336648308974585,-0.03677148449922407
2025-01-10,0.01810091815090064,0.018062291510632093,0.038626640268546265,3.862664026854626e-05,3.3969158233997416,-0.019373370260895584
2025-01-17,0.016195778522912773,0.016160434052526776,0.03534447038599554,3.5344470385995535e-05,3.451811457545778,-0.0035260182808452
2025-01-24,0.0011141993462000115,0.0010956619334143976,0.01853741278561405,1.853741278561405e-05,3.4555934759611344,-0.002434219671437643
2025-01-31,0.0072441505617960155,0.007051103459248124,0.1930471025478912,0.0001930471025478912,3.4799592230732395,0.0
2025-02-07,0.01359619345412036,0.013586934977056356,0.009258477064005125,9.258477064005125e-06,3.527241202759943,0.0
2025-02-14,0.001052132895791973,0.0010312720654918012,0.020860830300171846,2.0860830300171845e-05,3.530878748080601,0.0
2025-02-21,-0.0193829310739366,-0.01940091000958675,0.01797893565014854,1.7978935650148542e-05,3.462376487234327,-0.01940091000958677
2025-02-28,-0.0005980703011113793,-0.0008908335204796545,0.2927632193682752,0.0002927632193682752,3.4592920861989778,-0.02027446054910209
2025-03-07,-0.0011372022921280265,-0.0011416174344406416,0.004415142312615113,4.415142312615113e-06,3.4553428980425505,-0.021392932305906
2025-03-14,0.004991500149045637,0.004912631490199716,0.07886865884592195,7.886865884592196e-05,3.472317724372912,-0.01658539640862
2025-03-21,0.00021951425395496738,0.00021524406157550724,0.004270192379460127,4.2701923794601276e-06,3.4730651201429867,-0.01637372225513034
2025-03-28,-0.011557891582867196,-0.01199376589421272,0.435874311345524,0.000435874311345524,3.4314099901566357,-0.028171105557798226
2025-04-04,0.008919137231532665,0.008909884762967191,0.009252468565474759,9.25246856547476e-06,3.461983457743426,-0.01951222209899639
2025-04-11,0.004894845372701049,0.004886425997848727,0.008419374852321686,8.419374852321685e-06,3.4789001837154654,-0.014721141130488058
2025-04-18,0.005631376660882434,0.005628036928582804,0.003339732299630276,3.3397322996302763e-06,3.4984795624202696,-0.009175955327818563
2025-04-25,0.0027172340935950256,0.002621920464046453,0.0953136295485725,9.531362954857251e-05,3.5076522975780278,-0.006578093488823211
2025-05-02,0.0022643300541488743,0.002255535409840016,0.00879464430885819,8.79464430885819e-06,3.5155639315406213,-0.004337395201776562
2025-05-09,0.0006330144510936649,0.0006115922881648442,0.021422162928820702,2.1422162928820703e-05,3.517714023329702,-0.0037284556310678285
2025-05-16,0.0026256924536526304,0.002612276030792262,0.013416422860368489,1.341642286036849e-05,3.526903263356028,-0.001125919355552507
2025-05-23,0.0005599059945043088,0.0005550927099838992,0.004813284520409632,4.813284520409633e-06,3.528861021646336,-0.0005714516351947863
2025-05-30,0.0027270949819257905,0.0026091880243234713,0.11790695760231909,0.00011790695760231909,3.5380684835635177,0.0
2025-06-06,0.0040197614423578,0.004006600794830018,0.013160647527781844,1.3160647527781844e-05,3.5522441115619263,0.0
2025-06-13,-0.002181352407251754,-0.0021851491764904637,0.003796769238709514,3.7967692387095144e-06,3.5444819282668534,-0.0021851491764905973
2025-06-20,0.0015386994533382965,0.0015314578777788782,0.007241575559418342,7.241575559418342e-06,3.549910153038543,-0.0006570377626320401
2025-06-27,0.007984107856241996,0.007392864233167491,0.5912436230745047,0.0005912436230745047,3.5761541568399,0.0
2025-07-04,-0.002528702403985867,-0.002547002432753196,0.018300028767328932,1.8300028767328933e-05,3.567045683502528,-0.002547002432753298
2025-07-11,0.002758854794037753,0.0027550982989544537,0.0037564950832989687,3.7564950832989688e-06,3.5768732449974383,0.0
2025-07-18,0.006224640011160052,0.006213120623978831,0.011519387181220777,1.1519387181220778e-05,3.59909678992529,0.0
2025-07-25,-0.010006493563707405,-0.010123356758690409,0.11686319498300385,0.00011686319498300385,3.562661849111819,-0.01012335675869036
2025-08-01,0.014129818718511402,0.01412039161484393,0.009427103667470868,9.427103667470868e-06,3.612968029612542,0.0
2025-08-08,0.0045387113616377674,0.004530552555468192,0.008158806169575721,8.15880616957572e-06,3.629336771151928,0.0
2025-08-15,0.009412533200875494,0.009401723361250466,0.010809839625028165,1.0809839625028164e-05,3.6634587914591124,0.0
2025-08-22,0.001426925337472234,0.0014189121838888183,0.00801315358341576,8.01315358341576e-06,3.6686569177734882,0.0
2025-08-29,0.012402680195955262,0.01206654959554836,0.33613060040690124,0.00033613060040690125,3.7129249484208535,0.0
2025-09-05,0.0142458613649886,0.014234859607638456,0.011001757350145174,1.1001757350145175e-05,3.765777913795323,0.0
2025-09-12,0.004731548802140519,0.004725293590568804,0.006255211571715245,6.255211571715245e-06,3.7835723200348856,0.0
2025-09-19,0.0073634708810190064,0.007354109583655582,0.009361297363424413,9.361297363424414e-06,3.811397125494108,0.0
2025-09-26,0.013176814694288153,0.012891940285777786,0.28487440851036716,0.00028487440851036715,3.8605334296413636,0.0
2025-10-03,-0.007306887333543593,-0.007317079403244425,0.010192069700832262,1.0192069700832262e-05,3.8322855999977983,-0.007317079403244442
2025-10-10,0.023483078591814338,0.023476787598947557,0.006290992866779333,6.290992866779333e-06,3.9222553550474513,0.0
2025-10-17,-1.1699680659583815e-05,-2.0949152577523707e-05,0.00924947191793989,9.24947191793989e-06,3.92217318712157,-2.094915257755403e-05
2025-10-24,-0.008899078710051495,-0.008903316580407812,0.00423787035631706,4.237870356317061e-06,3.88725283755344,-0.008924079216047764
2025-10-31,-0.002343806634564435,-0.002415542433606008,0.07173579904157293,7.173579904157293e-05,3.8778630133741747,-0.011318065157626456
2025-11-07,0.0046415949500652675,0.004630855632025628,0.010739318039639647,1.0739318039639648e-05,3.8958208371498824,-0.006739621851379662
2025-11-14,-0.007274767985381613,-0.0072794755799469235,0.0047075945653106965,4.707594565310697e-06,3.8674613045020014,-0.013970036518641482
2025-11-21,0.020133015311344184,0.020123604374021355,0.009410937322828501,9.410937322828501e-06,3.9452885657256362,0.0
2025-11-28,-0.0026749822276751025,-0.002881645857904961,0.20666363022985826,0.00020666363022985826,3.9339196412719732,-0.0028816458579049575
2025-12-05,0.0014671347613700917,0.0014639384897140609,0.003196271656030728,3.196271656030728e-06,3.9396786576502736,-0.0014219259204759638
2025-12-12,0.004125919193591515,0.0041225239871577725,0.0033952064337422756,3.3952064337422758e-06,3.9559200774181305,0.0
2025-12-19,0.01359001816010175,0.01358665369439411,0.003364465707639901,3.364465707639901e-06,4.009667793552711,0.0
2025-12-26,-0.008738256357417021,-0.008880369451837582,0.14211309442056022,0.00014211309442056024,3.9740604621668285,-0.008880369451837566
2026-01-02,0.016304465868634814,0.016294730430388055,0.009735438246758949,9.73543824675895e-06,4.0388167061119,0.0
2026-01-09,0.005982823032701116,0.005977171627796244,0.005651404904872263,5.6514049048722625e-06,4.062957406737542,0.0
2026-01-16,0.022154398044698577,0.022147612019565985,0.006786025132592422,6.786025132592422e-06,4.152942211033988,0.0
2026-01-23,-0.006384914062041507,-0.00639341728104086,0.008503218999352998,8.503218999352998e-06,4.126390718534799,-0.006393417281040814
2026-01-30,0.01201910008522097,0.011936054496346974,0.08304558887399592,8.304558887399593e-05,4.175643543024451,0.0
2026-02-06,0.013495426197477473,0.013483139018544138,0.01228717893333414,1.228717893333414e-05,4.231944325406936,0.0
2026-02-13,0.004101588143120408,0.004093545253426528,0.00804288969387976,8.04288969387976e-06,4.249267981012971,0.0
2026-02-20,0.009579948391779464,0.009573728796154446,0.006219595625017721,6.219595625017721e-06,4.289949320245372,0.0
2026-02-27,-0.02180679882233586,-0.02193647243332258,0.12967361098671826,0.00012967361098671827,4.195842965241458,-0.02193647243332253
2026-03-06,-0.01384860878602774,-0.013854268793927505,0.0056600078997660706,5.660007899766071e-06,4.137712628983893,-0.03548682744176823
2026-03-13,-0.023338073031816984,-0.023368331219529217,0.03025818771223403,3.0258187712234032e-05,4.041021189778569,-0.058025890723707896
2026-03-20,-0.001117058727254653,-0.0011262874042483081,0.009228676993655252,9.228676993655251e-06,4.03646983851222,-0.05908682429811396
2026-03-27,0.020118521195227643,0.019770566209970395,0.3479549852572496,0.00034795498525724963,4.116273132709074,-0.04048443806006652
2026-04-03,0.014978403670334645,0.014966400814752484,0.012002855582161354,1.2002855582161354e-05,4.177878926276195,-0.02612394357208081
2026-04-10,0.0,-0.00026133099982658285,0.26133099982658287,0.00026133099982658285,4.176787116999237,-0.02637844757561425
