strategy_name,ann_return,ann_vol,sharpe,max_drawdown,calmar,hit_rate,avg_weekly_turnover,observations
risky_sleeve_unfiltered,0.07289365403319037,0.11980818414842717,0.6084196547281308,-0.38098083002262073,0.19133155342451827,0.5747747747747748,0.0,1110
risky_sleeve_with_overlay,0.046732855138535534,0.06481681636193898,0.72099892838886,-0.15556744255920274,0.3004025416227491,0.5828828828828829,0.04230644613955694,1110
