date,event,allocation,cap_multiple,scenario,turnover,capped_names,missing_ciks,cost_bps
2023-01-06,quarterly_reset,0.1,1.0,base,0.09999999999999999,,0001431959,50
2023-02-03,monthly_stock_cap,0.1,1.0,base,0.005490143438695936,0001561550|0001743725,,50
2023-03-03,monthly_stock_cap,0.1,1.0,base,5.633244165420796e-05,0000858470,,50
2023-04-07,quarterly_reset,0.1,1.0,base,0.015390642811098578,,0001431959,50
2023-05-05,monthly_stock_cap,0.1,1.0,base,0.003095238605757916,0001561550,,50
2023-06-02,monthly_stock_cap,0.1,1.0,base,0.004101161686764972,0001561550,,50
2023-07-07,quarterly_reset,0.1,1.0,base,0.10000000000000005,,,50
2023-08-04,monthly_stock_cap,0.1,1.0,base,0.0028678426212774516,0001035002|0001280452,,50
2023-09-01,monthly_stock_cap,0.1,1.0,base,0.0007722040375461908,0001035002,,50
2023-10-06,quarterly_reset,0.1,1.0,base,0.09999999999999999,,,50
2023-11-03,monthly_stock_cap,0.1,1.0,base,0.0033430736514190144,0000889900|0001694028,,50
2024-01-05,quarterly_reset,0.1,1.0,base,0.08052851847271965,,,50
2024-02-02,monthly_stock_cap,0.1,1.0,base,0.006663973792422729,0000936395|0001045810,,50
2024-03-01,monthly_stock_cap,0.1,1.0,base,0.005787712945150534,0000936395|0001045810,,50
2024-04-05,quarterly_reset,0.1,1.0,base,0.05632774115711046,,,50
2024-05-03,monthly_stock_cap,0.1,1.0,base,0.004589278991236687,0000788965|0000909494|0001045810|0001680247,,50
2024-06-07,monthly_stock_cap,0.1,1.0,base,0.016968711488389923,0000788965|0000909494|0001045810,,50
2024-07-05,quarterly_reset,0.1,1.0,base,0.0804569618597419,,,50
2024-08-02,monthly_stock_cap,0.1,1.0,base,0.002514745236024535,0000004447|0000045012,,50
2024-09-06,monthly_stock_cap,0.1,1.0,base,0.003045528857801605,0001162194,,50
2024-10-04,quarterly_reset,0.1,1.0,base,0.06253193811888012,,,50
2024-11-01,monthly_stock_cap,0.1,1.0,base,0.004443894939244222,0001045810|0001162194|0001562088,,50
2024-12-06,monthly_stock_cap,0.1,1.0,base,0.013035154883323876,0001507605|0001562088,,50
2025-01-03,quarterly_reset,0.1,1.0,base,0.06095399263584684,,,50
2025-02-07,monthly_stock_cap,0.1,1.0,base,0.0037665037517218927,0000889900|0001562088,,50
2025-04-04,quarterly_reset,0.1,1.0,base,0.035809865664626184,,,50
2025-05-02,monthly_stock_cap,0.1,1.0,base,0.009816087750959265,0001045810|0001562088,,50
2025-06-06,monthly_stock_cap,0.1,1.0,base,0.0026250555697535437,0001045810|0001658566,,50
2025-07-04,quarterly_reset,0.1,1.0,base,0.09999999999999998,,,50
2025-08-01,monthly_stock_cap,0.1,1.0,base,0.0027705859108728926,0001511737|0001751008,,50
2025-09-05,monthly_stock_cap,0.1,1.0,base,0.012263900635737507,0000723125|0000927003|0001511737|0001751008,,50
2025-10-03,quarterly_reset,0.1,1.0,base,0.07132011638626756,,,50
2025-11-07,monthly_stock_cap,0.1,1.0,base,0.0053648420708876324,0000033213|0000723125|0001321655,,50
2026-01-02,quarterly_reset,0.1,1.0,base,0.0641002141025555,,,50
2026-02-06,monthly_stock_cap,0.1,1.0,base,0.01866154449066786,0000723125|0000751978|0000912093|0001992243,,50
2026-03-06,monthly_stock_cap,0.1,1.0,base,0.0003671394709108486,0000912093,,50
2026-04-03,quarterly_reset,0.1,1.0,base,0.044029955557934645,,,50
2026-05-01,monthly_stock_cap,0.1,1.0,base,0.015025384029006985,0000723125|0000751978|0001713445,,50
2026-06-05,monthly_stock_cap,0.1,1.0,base,0.008449518344602265,0000723125,,50
2026-07-03,monthly_stock_cap,0.1,1.0,base,0.004016254753724117,0000723125|0001713445,,50
2023-01-06,quarterly_reset,0.1,1.25,base,0.09999999999999999,,0001431959,50
2023-04-07,quarterly_reset,0.1,1.25,base,0.010699340117778398,,0001431959,50
2023-06-02,monthly_stock_cap,0.1,1.25,base,0.0028128316159313814,0001561550,,50
2023-07-07,quarterly_reset,0.1,1.25,base,0.10000000000000006,,,50
2023-10-06,quarterly_reset,0.1,1.25,base,0.09999999999999995,,,50
2024-01-05,quarterly_reset,0.1,1.25,base,0.08051926186466485,,,50
2024-03-01,monthly_stock_cap,0.1,1.25,base,0.005053100473603755,0001045810,,50
2024-04-05,quarterly_reset,0.1,1.25,base,0.05634659077769148,,,50
2024-06-07,monthly_stock_cap,0.1,1.25,base,0.007365585171257786,0000788965|0001045810,,50
2024-07-05,quarterly_reset,0.1,1.25,base,0.08,,,50
2024-10-04,quarterly_reset,0.1,1.25,base,0.060000000000000005,,,50
2024-12-06,monthly_stock_cap,0.1,1.25,base,0.005002808192348582,0001507605,,50
2025-01-03,quarterly_reset,0.1,1.25,base,0.06143950895650137,,,50
2025-04-04,quarterly_reset,0.1,1.25,base,0.032610084644975126,,,50
2025-05-02,monthly_stock_cap,0.1,1.25,base,0.003778549524807704,0001562088,,50
2025-07-04,quarterly_reset,0.1,1.25,base,0.09999999999999995,,,50
2025-09-05,monthly_stock_cap,0.1,1.25,base,0.00364949552862349,0001511737|0001751008,,50
2025-10-03,quarterly_reset,0.1,1.25,base,0.08510185842966483,,,50
2026-01-02,quarterly_reset,0.1,1.25,base,0.06397522826788954,,,50
2026-02-06,monthly_stock_cap,0.1,1.25,base,0.004288505506764364,0000751978|0000912093,,50
2026-03-06,monthly_stock_cap,0.1,1.25,base,0.0004707023595451925,0000912093,,50
2026-04-03,quarterly_reset,0.1,1.25,base,0.05264760004603837,,,50
2026-05-01,monthly_stock_cap,0.1,1.25,base,0.004288556063207199,0000723125|0000751978,,50
2026-06-05,monthly_stock_cap,0.1,1.25,base,0.010505393240654495,0000723125,,50
2026-07-03,monthly_stock_cap,0.1,1.25,base,0.0035575337459255113,0000723125,,50
2023-01-06,quarterly_reset,0.1,1.5,base,0.09999999999999999,,0001431959,50
2023-04-07,quarterly_reset,0.1,1.5,base,0.010699340117778398,,0001431959,50
2023-07-07,quarterly_reset,0.1,1.5,base,0.10000000000000002,,,50
2023-10-06,quarterly_reset,0.1,1.5,base,0.10000000000000003,,,50
2024-01-05,quarterly_reset,0.1,1.5,base,0.08051926186466485,,,50
2024-03-01,monthly_stock_cap,0.1,1.5,base,5.310047360374934e-05,0001045810,,50
2024-04-05,quarterly_reset,0.1,1.5,base,0.056355817152042256,,,50
2024-06-07,monthly_stock_cap,0.1,1.5,base,0.0010616066147662929,0000788965,,50
2024-07-05,quarterly_reset,0.1,1.5,base,0.08135040948996544,,,50
2024-10-04,quarterly_reset,0.1,1.5,base,0.06,,,50
2024-12-06,monthly_stock_cap,0.1,1.5,base,2.8081923485988877e-06,0001507605,,50
2025-01-03,quarterly_reset,0.1,1.5,base,0.06540039813011712,,,50
2025-04-04,quarterly_reset,0.1,1.5,base,0.03261008464497507,,,50
2025-07-04,quarterly_reset,0.1,1.5,base,0.10099453729584967,,,50
2025-10-03,quarterly_reset,0.1,1.5,base,0.08945259828160695,,,50
2026-01-02,quarterly_reset,0.1,1.5,base,0.06397522826788954,,,50
2026-04-03,quarterly_reset,0.1,1.5,base,0.05867724472710667,,,50
2026-06-05,monthly_stock_cap,0.1,1.5,base,0.005631689559759451,0000723125,,50
2026-07-03,monthly_stock_cap,0.1,1.5,base,0.0042339038427519305,0000723125,,50
2023-01-06,quarterly_reset,0.1,,base,0.09999999999999999,,0001431959,50
2023-04-07,quarterly_reset,0.1,,base,0.010699340117778398,,0001431959,50
2023-07-07,quarterly_reset,0.1,,base,0.10000000000000002,,,50
2023-10-06,quarterly_reset,0.1,,base,0.10000000000000003,,,50
2024-01-05,quarterly_reset,0.1,,base,0.08051926186466485,,,50
2024-04-05,quarterly_reset,0.1,,base,0.056355915098385556,,,50
2024-07-05,quarterly_reset,0.1,,base,0.08226456348291308,,,50
2024-10-04,quarterly_reset,0.1,,base,0.059999999999999956,,,50
2025-01-03,quarterly_reset,0.1,,base,0.06540262529755057,,,50
2025-04-04,quarterly_reset,0.1,,base,0.032610084644975064,,,50
2025-07-04,quarterly_reset,0.1,,base,0.10099453729584967,,,50
2025-10-03,quarterly_reset,0.1,,base,0.08945259828160695,,,50
2026-01-02,quarterly_reset,0.1,,base,0.06397522826788954,,,50
2026-04-03,quarterly_reset,0.1,,base,0.058677244727106656,,,50
2023-01-06,quarterly_reset,0.2,1.0,base,0.19999999999999998,,0001431959,50
2023-02-03,monthly_stock_cap,0.2,1.0,base,0.011032455650736754,0001561550|0001743725,,50
2023-03-03,monthly_stock_cap,0.2,1.0,base,0.00016162935453864992,0000858470,,50
2023-04-07,quarterly_reset,0.2,1.0,base,0.029002333787450874,,0001431959,50
2023-05-05,monthly_stock_cap,0.2,1.0,base,0.006605511579393407,0000858470|0001561550,,50
2023-06-02,monthly_stock_cap,0.2,1.0,base,0.008096475088522655,0001561550,,50
2023-07-07,quarterly_reset,0.2,1.0,base,0.2,,,50
2023-08-04,monthly_stock_cap,0.2,1.0,base,0.005804532267719543,0001035002|0001280452,,50
2023-09-01,monthly_stock_cap,0.2,1.0,base,0.0018998725849852136,0000896429|0001035002,,50
2023-10-06,quarterly_reset,0.2,1.0,base,0.20000000000000004,,,50
2023-11-03,monthly_stock_cap,0.2,1.0,base,0.006539832227728659,0000889900|0001694028,,50
2024-01-05,quarterly_reset,0.2,1.0,base,0.16074832738326705,,,50
2024-02-02,monthly_stock_cap,0.2,1.0,base,0.01362257087982865,0000936395|0001045810,,50
2024-03-01,monthly_stock_cap,0.2,1.0,base,0.011768325930613764,0000936395|0001045810,,50
2024-04-05,quarterly_reset,0.2,1.0,base,0.11188047803079756,,,50
2024-05-03,monthly_stock_cap,0.2,1.0,base,0.008790648665242517,0000788965|0000909494|0001045810|0001680247,,50
2024-06-07,monthly_stock_cap,0.2,1.0,base,0.03165919700936838,0000788965|0000909494|0001045810,,50
2024-07-05,quarterly_reset,0.2,1.0,base,0.16041590638407402,,,50
2024-08-02,monthly_stock_cap,0.2,1.0,base,0.004951627809714631,0000004447|0000045012,,50
2024-09-06,monthly_stock_cap,0.2,1.0,base,0.006191352656875289,0001162194,,50
2024-10-04,quarterly_reset,0.2,1.0,base,0.12506843553282374,,,50
2024-11-01,monthly_stock_cap,0.2,1.0,base,0.008712249741800489,0001045810|0001162194|0001562088,,50
2024-12-06,monthly_stock_cap,0.2,1.0,base,0.024920284587459894,0001507605|0001562088,,50
2025-01-03,quarterly_reset,0.2,1.0,base,0.12178787645653771,,,50
2025-02-07,monthly_stock_cap,0.2,1.0,base,0.007588777026133267,0000889900|0001562088,,50
2025-04-04,quarterly_reset,0.2,1.0,base,0.06885754942081153,,,50
2025-05-02,monthly_stock_cap,0.2,1.0,base,0.01888716119848529,0001045810|0001562088,,50
2025-06-06,monthly_stock_cap,0.2,1.0,base,0.005187326127165595,0001045810,,50
2025-07-04,quarterly_reset,0.2,1.0,base,0.19999999999999998,,,50
2025-08-01,monthly_stock_cap,0.2,1.0,base,0.005566417122475543,0001511737|0001751008,,50
2025-09-05,monthly_stock_cap,0.2,1.0,base,0.021794303042063003,0000723125|0000927003|0001511737|0001751008,,50
2025-10-03,quarterly_reset,0.2,1.0,base,0.13902823064968026,,,50
2025-11-07,monthly_stock_cap,0.2,1.0,base,0.010637913659429727,0000033213|0000723125|0001321655,,50
2026-01-02,quarterly_reset,0.2,1.0,base,0.127747552194255,,,50
2026-02-06,monthly_stock_cap,0.2,1.0,base,0.03428925784640885,0000723125|0000751978|0000912093,,50
2026-03-06,monthly_stock_cap,0.2,1.0,base,0.0009435856832175562,0000912093,,50
2026-04-03,quarterly_reset,0.2,1.0,base,0.08845000473282277,,,50
2026-05-01,monthly_stock_cap,0.2,1.0,base,0.028293118385384806,0000723125|0000751978|0001713445,,50
2026-06-05,monthly_stock_cap,0.2,1.0,base,0.017053935851728454,0000723125,,50
2026-07-03,monthly_stock_cap,0.2,1.0,base,0.007487517554686562,0000723125|0001713445,,50
2023-01-06,quarterly_reset,0.2,1.25,base,0.19999999999999998,,0001431959,50
2023-04-07,quarterly_reset,0.2,1.25,base,0.019249894845138886,,0001431959,50
2023-06-02,monthly_stock_cap,0.2,1.25,base,0.005764341197505582,0001561550,,50
2023-07-07,quarterly_reset,0.2,1.25,base,0.2,,,50
2023-10-06,quarterly_reset,0.2,1.25,base,0.20000000000000004,,,50
2024-01-05,quarterly_reset,0.2,1.25,base,0.16071164176806849,,,50
2024-03-01,monthly_stock_cap,0.2,1.25,base,0.01034862843939654,0001045810,,50
2024-04-05,quarterly_reset,0.2,1.25,base,0.11195791475351251,,,50
2024-06-07,monthly_stock_cap,0.2,1.25,base,0.012718906413377777,0000788965|0001045810,,50
2024-07-05,quarterly_reset,0.2,1.25,base,0.16000000000000003,,,50
2024-10-04,quarterly_reset,0.2,1.25,base,0.11999999999999997,,,50
2024-12-06,monthly_stock_cap,0.2,1.25,base,0.009327585054718231,0001507605,,50
2025-01-03,quarterly_reset,0.2,1.25,base,0.12190001582430496,,,50
2025-04-04,quarterly_reset,0.2,1.25,base,0.06308420731095603,,,50
2025-05-02,monthly_stock_cap,0.2,1.25,base,0.007126707342919609,0001562088,,50
2025-07-04,quarterly_reset,0.2,1.25,base,0.19999999999999998,,,50
2025-09-05,monthly_stock_cap,0.2,1.25,base,0.005653306564974098,0001511737|0001751008,,50
2025-10-03,quarterly_reset,0.2,1.25,base,0.16418669159330984,,,50
2026-01-02,quarterly_reset,0.2,1.25,base,0.1275307834943595,,,50
2026-02-06,monthly_stock_cap,0.2,1.25,base,0.006885935617574414,0000751978|0000912093,,50
2026-03-06,monthly_stock_cap,0.2,1.25,base,0.001216759843941097,0000912093,,50
2026-04-03,quarterly_reset,0.2,1.25,base,0.10376779162825127,,,50
2026-05-01,monthly_stock_cap,0.2,1.25,base,0.0077335797850993145,0000751978,,50
2026-06-05,monthly_stock_cap,0.2,1.25,base,0.020492050283410352,0000723125,,50
2026-07-03,monthly_stock_cap,0.2,1.25,base,0.006628602862296093,0000723125,,50
2023-01-06,quarterly_reset,0.2,1.5,base,0.19999999999999998,,0001431959,50
2023-04-07,quarterly_reset,0.2,1.5,base,0.019249894845138886,,0001431959,50
2023-07-07,quarterly_reset,0.2,1.5,base,0.19999999999999996,,,50
2023-10-06,quarterly_reset,0.2,1.5,base,0.20000000000000004,,,50
2024-01-05,quarterly_reset,0.2,1.5,base,0.16071164176806854,,,50
2024-03-01,monthly_stock_cap,0.2,1.5,base,0.00034862843939654055,0001045810,,50
2024-04-05,quarterly_reset,0.2,1.5,base,0.11199580835662457,,,50
2024-06-07,monthly_stock_cap,0.2,1.5,base,0.0010336374780543672,0000788965,,50
2024-07-05,quarterly_reset,0.2,1.5,base,0.16309434566536254,,,50
2024-10-04,quarterly_reset,0.2,1.5,base,0.12,,,50
2025-01-03,quarterly_reset,0.2,1.5,base,0.1295473552147479,,,50
2025-04-04,quarterly_reset,0.2,1.5,base,0.06308420731095597,,,50
2025-07-04,quarterly_reset,0.2,1.5,base,0.2017661146738307,,,50
2025-10-03,quarterly_reset,0.2,1.5,base,0.17070097962789638,,,50
2026-01-02,quarterly_reset,0.2,1.5,base,0.12753078349435956,,,50
2026-04-03,quarterly_reset,0.2,1.5,base,0.1139234495832292,,,50
2026-06-05,monthly_stock_cap,0.2,1.5,base,0.010544571152349249,0000723125,,50
2026-07-03,monthly_stock_cap,0.2,1.5,base,0.007818618578723407,0000723125,,50
2023-01-06,quarterly_reset,0.2,,base,0.19999999999999998,,0001431959,50
2023-04-07,quarterly_reset,0.2,,base,0.019249894845138886,,0001431959,50
2023-07-07,quarterly_reset,0.2,,base,0.19999999999999996,,,50
2023-10-06,quarterly_reset,0.2,,base,0.20000000000000004,,,50
2024-01-05,quarterly_reset,0.2,,base,0.16071164176806854,,,50
2024-04-05,quarterly_reset,0.2,,base,0.11199712835708624,,,50
2024-07-05,quarterly_reset,0.2,,base,0.16401578618878082,,,50
2024-10-04,quarterly_reset,0.2,,base,0.11999999999999997,,,50
2025-01-03,quarterly_reset,0.2,,base,0.12954735521474792,,,50
2025-04-04,quarterly_reset,0.2,,base,0.06308420731095599,,,50
2025-07-04,quarterly_reset,0.2,,base,0.20176611467383074,,,50
2025-10-03,quarterly_reset,0.2,,base,0.17070097962789638,,,50
2026-01-02,quarterly_reset,0.2,,base,0.1275307834943595,,,50
2026-04-03,quarterly_reset,0.2,,base,0.1139234495832292,,,50
2023-01-06,quarterly_reset,0.3,1.0,base,0.30000000000000004,,0001431959,50
2023-02-03,monthly_stock_cap,0.3,1.0,base,0.016627026429498912,0001561550|0001743725,,50
2023-03-03,monthly_stock_cap,0.3,1.0,base,0.00031592548771888914,0000858470,,50
2023-04-07,quarterly_reset,0.3,1.0,base,0.04077844207316218,,0001431959,50
2023-05-05,monthly_stock_cap,0.3,1.0,base,0.010612672353746333,0000858470|0001561550,,50
2023-06-02,monthly_stock_cap,0.3,1.0,base,0.011986564856961287,0001561550,,50
2023-07-07,quarterly_reset,0.3,1.0,base,0.30000000000000004,,,50
2023-08-04,monthly_stock_cap,0.3,1.0,base,0.00881023492816069,0001035002|0001280452,,50
2023-09-01,monthly_stock_cap,0.3,1.0,base,0.0037281113878952945,0000896429|0001035002,,50
2023-10-06,quarterly_reset,0.3,1.0,base,0.30000000000000004,,,50
2023-11-03,monthly_stock_cap,0.3,1.0,base,0.009591015363644548,0000889900|0001694028,,50
2024-01-05,quarterly_reset,0.3,1.0,base,0.2406505837843344,,,50
2024-02-02,monthly_stock_cap,0.3,1.0,base,0.02087859035232697,0000936395|0001045810,,50
2024-03-01,monthly_stock_cap,0.3,1.0,base,0.017950087035007153,0000936395|0001045810,,50
2024-04-05,quarterly_reset,0.3,1.0,base,0.16661895242878416,,,50
2024-05-03,monthly_stock_cap,0.3,1.0,base,0.012606771228303825,0000788965|0000909494|0001045810|0001680247,,50
2024-06-07,monthly_stock_cap,0.3,1.0,base,0.04416936015963069,0000788965|0000909494|0001045810,,50
2024-07-05,quarterly_reset,0.3,1.0,base,0.24000000000000002,,,50
2024-08-02,monthly_stock_cap,0.3,1.0,base,0.0073108614250793486,0000004447|0000045012,,50
2024-09-06,monthly_stock_cap,0.3,1.0,base,0.009438636896521536,0001162194,,50
2024-10-04,quarterly_reset,0.3,1.0,base,0.1876101096016894,,,50
2024-11-01,monthly_stock_cap,0.3,1.0,base,0.012805780668583242,0001045810|0001162194|0001562088,,50
2024-12-06,monthly_stock_cap,0.3,1.0,base,0.035694348783432465,0001507605|0001562088,,50
2025-01-03,quarterly_reset,0.3,1.0,base,0.18267931899178041,,,50
2025-02-07,monthly_stock_cap,0.3,1.0,base,0.01146692648776991,0000889900|0001562088,,50
2025-04-04,quarterly_reset,0.3,1.0,base,0.09896022215366497,,,50
2025-05-02,monthly_stock_cap,0.3,1.0,base,0.02722980916061717,0001045810|0001562088,,50
2025-06-06,monthly_stock_cap,0.3,1.0,base,0.007719581945699938,0001045810,,50
2025-07-04,quarterly_reset,0.3,1.0,base,0.30000000000000004,,,50
2025-08-01,monthly_stock_cap,0.3,1.0,base,0.00838751599293123,0001511737|0001751008,,50
2025-09-05,monthly_stock_cap,0.3,1.0,base,0.028711354810281482,0000723125|0000927003|0001511737|0001751008,,50
2025-10-03,quarterly_reset,0.3,1.0,base,0.20327457472154523,,,50
2025-11-07,monthly_stock_cap,0.3,1.0,base,0.01581940789499001,0000033213|0000723125|0001321655,,50
2026-01-02,quarterly_reset,0.3,1.0,base,0.19092290271206072,,,50
2026-02-06,monthly_stock_cap,0.3,1.0,base,0.04788460823898933,0000723125|0000751978|0000912093,,50
2026-03-06,monthly_stock_cap,0.3,1.0,base,0.0017226385607638972,0000912093,,50
2026-04-03,quarterly_reset,0.3,1.0,base,0.1332899994372411,,,50
2026-05-01,monthly_stock_cap,0.3,1.0,base,0.03986425368314821,0000723125|0000751978|0001713445,,50
2026-06-05,monthly_stock_cap,0.3,1.0,base,0.025798692260170973,0000723125,,50
2026-07-03,monthly_stock_cap,0.3,1.0,base,0.01041454811177558,0000723125|0001713445,,50
2023-01-06,quarterly_reset,0.3,1.25,base,0.30000000000000004,,0001431959,50
2023-04-07,quarterly_reset,0.3,1.25,base,0.02557316241382215,,0001431959,50
2023-06-02,monthly_stock_cap,0.3,1.25,base,0.008855568533317834,0001561550,,50
2023-07-07,quarterly_reset,0.3,1.25,base,0.30000000000000004,,,50
2023-10-06,quarterly_reset,0.3,1.25,base,0.3000000000000001,,,50
2024-01-05,quarterly_reset,0.3,1.25,base,0.24056884260096156,,,50
2024-02-02,monthly_stock_cap,0.3,1.25,base,0.00021562322887737578,0001045810,,50
2024-03-01,monthly_stock_cap,0.3,1.25,base,0.01563309209203083,0001045810,,50
2024-04-05,quarterly_reset,0.3,1.25,base,0.16679459922016143,,,50
2024-06-07,monthly_stock_cap,0.3,1.25,base,0.016164017701106623,0000788965|0001045810,,50
2024-07-05,quarterly_reset,0.3,1.25,base,0.24000000000000002,,,50
2024-10-04,quarterly_reset,0.3,1.25,base,0.18000000000000002,,,50
2024-12-06,monthly_stock_cap,0.3,1.25,base,0.012997057952803554,0001507605,,50
2025-01-03,quarterly_reset,0.3,1.25,base,0.18144118734483322,,,50
2025-04-04,quarterly_reset,0.3,1.25,base,0.09127463020466406,,,50
2025-05-02,monthly_stock_cap,0.3,1.25,base,0.010054056746461773,0001562088,,50
2025-07-04,quarterly_reset,0.3,1.25,base,0.30000000000000004,,,50
2025-09-05,monthly_stock_cap,0.3,1.25,base,0.006086010708217135,0001511737|0001751008,,50
2025-10-03,quarterly_reset,0.3,1.25,base,0.23769420744296643,,,50
2026-01-02,quarterly_reset,0.3,1.25,base,0.1906499606983898,,,50
2026-02-06,monthly_stock_cap,0.3,1.25,base,0.007870093514327653,0000751978|0000912093,,50
2026-03-06,monthly_stock_cap,0.3,1.25,base,0.0022298668927023093,0000912093,,50
2026-04-03,quarterly_reset,0.3,1.25,base,0.15337685944838952,,,50
2026-05-01,monthly_stock_cap,0.3,1.25,base,0.010597703859185861,0000751978,,50
2026-06-05,monthly_stock_cap,0.3,1.25,base,0.029653156336328722,0000723125,,50
2026-07-03,monthly_stock_cap,0.3,1.25,base,0.009230622579874968,0000723125,,50
2023-01-06,quarterly_reset,0.3,1.5,base,0.30000000000000004,,0001431959,50
2023-04-07,quarterly_reset,0.3,1.5,base,0.02557316241382215,,0001431959,50
2023-07-07,quarterly_reset,0.3,1.5,base,0.30000000000000004,,,50
2023-10-06,quarterly_reset,0.3,1.5,base,0.3,,,50
2024-01-05,quarterly_reset,0.3,1.5,base,0.2405688426009616,,,50
2024-03-01,monthly_stock_cap,0.3,1.5,base,0.0008895291388278867,0001045810,,50
2024-04-05,quarterly_reset,0.3,1.5,base,0.16688554955106705,,,50
2024-07-05,quarterly_reset,0.3,1.5,base,0.2452575236908842,,,50
2024-10-04,quarterly_reset,0.3,1.5,base,0.18,,,50
2025-01-03,quarterly_reset,0.3,1.5,base,0.19245657413310188,,,50
2025-04-04,quarterly_reset,0.3,1.5,base,0.09127463020466402,,,50
2025-07-04,quarterly_reset,0.3,1.5,base,0.30231546964383105,,,50
2025-10-03,quarterly_reset,0.3,1.5,base,0.24450111712091158,,,50
2026-01-02,quarterly_reset,0.3,1.5,base,0.19064996069838977,,,50
2026-04-03,quarterly_reset,0.3,1.5,base,0.16591450425477855,,,50
2026-06-05,monthly_stock_cap,0.3,1.5,base,0.014760178642517462,0000723125,,50
2026-07-03,monthly_stock_cap,0.3,1.5,base,0.010782113977987017,0000723125,,50
2023-01-06,quarterly_reset,0.3,,base,0.30000000000000004,,0001431959,50
2023-04-07,quarterly_reset,0.3,,base,0.02557316241382215,,0001431959,50
2023-07-07,quarterly_reset,0.3,,base,0.30000000000000004,,,50
2023-10-06,quarterly_reset,0.3,,base,0.3,,,50
2024-01-05,quarterly_reset,0.3,,base,0.2405688426009616,,,50
2024-04-05,quarterly_reset,0.3,,base,0.16689073700493331,,,50
2024-07-05,quarterly_reset,0.3,,base,0.2452575236908842,,,50
2024-10-04,quarterly_reset,0.3,,base,0.18000000000000005,,,50
2025-01-03,quarterly_reset,0.3,,base,0.1924565741331019,,,50
2025-04-04,quarterly_reset,0.3,,base,0.09127463020466405,,,50
2025-07-04,quarterly_reset,0.3,,base,0.3023154696438311,,,50
2025-10-03,quarterly_reset,0.3,,base,0.2445011171209116,,,50
2026-01-02,quarterly_reset,0.3,,base,0.1906499606983898,,,50
2026-04-03,quarterly_reset,0.3,,base,0.16591450425477863,,,50
2023-01-06,quarterly_reset,0.1,1.0,adverse,0.09999999999999999,,0001431959,50
2023-02-03,monthly_stock_cap,0.1,1.0,adverse,0.006337071909226724,0001561550|0001743725,,50
2023-03-03,monthly_stock_cap,0.1,1.0,adverse,0.00043300159612586023,0000858470,,50
2023-04-07,quarterly_reset,0.1,1.0,adverse,0.03309852415643455,,0001431959,50
2023-05-05,monthly_stock_cap,0.1,1.0,adverse,0.003942997087877853,0000858470|0001561550,,50
2023-06-02,monthly_stock_cap,0.1,1.0,adverse,0.004070272805347083,0001561550,,50
2023-07-07,quarterly_reset,0.1,1.0,adverse,0.10000000000000002,,,50
2023-08-04,monthly_stock_cap,0.1,1.0,adverse,0.0028678426212774546,0001035002|0001280452,,50
2023-09-01,monthly_stock_cap,0.1,1.0,adverse,0.0007722040375462005,0001035002,,50
2023-10-06,quarterly_reset,0.1,1.0,adverse,0.1,,,50
2023-11-03,monthly_stock_cap,0.1,1.0,adverse,0.003343073651419016,0000889900|0001694028,,50
2024-01-05,quarterly_reset,0.1,1.0,adverse,0.08052851847271958,,,50
2024-02-02,monthly_stock_cap,0.1,1.0,adverse,0.00666397379242271,0000936395|0001045810,,50
2024-03-01,monthly_stock_cap,0.1,1.0,adverse,0.005787712945150527,0000936395|0001045810,,50
2024-04-05,quarterly_reset,0.1,1.0,adverse,0.05632774115711045,,,50
2024-05-03,monthly_stock_cap,0.1,1.0,adverse,0.004589278991236702,0000788965|0000909494|0001045810|0001680247,,50
2024-06-07,monthly_stock_cap,0.1,1.0,adverse,0.0169687114883899,0000788965|0000909494|0001045810,,50
2024-07-05,quarterly_reset,0.1,1.0,adverse,0.08045696185974185,,,50
2024-08-02,monthly_stock_cap,0.1,1.0,adverse,0.0025147452360245242,0000004447|0000045012,,50
2024-09-06,monthly_stock_cap,0.1,1.0,adverse,0.0030455288578015885,0001162194,,50
2024-10-04,quarterly_reset,0.1,1.0,adverse,0.06253193811888018,,,50
2024-11-01,monthly_stock_cap,0.1,1.0,adverse,0.004443894939244231,0001045810|0001162194|0001562088,,50
2024-12-06,monthly_stock_cap,0.1,1.0,adverse,0.013035154883323902,0001507605|0001562088,,50
2025-01-03,quarterly_reset,0.1,1.0,adverse,0.06095399263584679,,,50
2025-02-07,monthly_stock_cap,0.1,1.0,adverse,0.0037665037517218857,0000889900|0001562088,,50
2025-04-04,quarterly_reset,0.1,1.0,adverse,0.035809865664626135,,,50
2025-05-02,monthly_stock_cap,0.1,1.0,adverse,0.009816087750959268,0001045810|0001562088,,50
2025-06-06,monthly_stock_cap,0.1,1.0,adverse,0.002625055569753524,0001045810|0001658566,,50
2025-07-04,quarterly_reset,0.1,1.0,adverse,0.10000000000000002,,,50
2025-08-01,monthly_stock_cap,0.1,1.0,adverse,0.0027705859108728996,0001511737|0001751008,,50
2025-09-05,monthly_stock_cap,0.1,1.0,adverse,0.012263900635737528,0000723125|0000927003|0001511737|0001751008,,50
2025-10-03,quarterly_reset,0.1,1.0,adverse,0.0713201163862675,,,50
2025-11-07,monthly_stock_cap,0.1,1.0,adverse,0.00536484207088762,0000033213|0000723125|0001321655,,50
2026-01-02,quarterly_reset,0.1,1.0,adverse,0.0641002141025555,,,50
2026-02-06,monthly_stock_cap,0.1,1.0,adverse,0.018661544490667863,0000723125|0000751978|0000912093|0001992243,,50
2026-03-06,monthly_stock_cap,0.1,1.0,adverse,0.0003671394709108411,0000912093,,50
2026-04-03,quarterly_reset,0.1,1.0,adverse,0.0440299555579347,,,50
2026-05-01,monthly_stock_cap,0.1,1.0,adverse,0.015025384029007029,0000723125|0000751978|0001713445,,50
2026-06-05,monthly_stock_cap,0.1,1.0,adverse,0.008449518344602265,0000723125,,50
2026-07-03,monthly_stock_cap,0.1,1.0,adverse,0.004016254753724114,0000723125|0001713445,,50
2023-01-06,quarterly_reset,0.1,1.25,adverse,0.09999999999999999,,0001431959,50
2023-04-07,quarterly_reset,0.1,1.25,adverse,0.02735689236583669,,0001431959,50
2023-06-02,monthly_stock_cap,0.1,1.25,adverse,0.0033381412864873054,0001561550,,50
2023-07-07,quarterly_reset,0.1,1.25,adverse,0.10000000000000003,,,50
2023-10-06,quarterly_reset,0.1,1.25,adverse,0.09999999999999998,,,50
2024-01-05,quarterly_reset,0.1,1.25,adverse,0.0805192618646649,,,50
2024-03-01,monthly_stock_cap,0.1,1.25,adverse,0.005053100473603771,0001045810,,50
2024-04-05,quarterly_reset,0.1,1.25,adverse,0.05634659077769149,,,50
2024-06-07,monthly_stock_cap,0.1,1.25,adverse,0.007365585171257786,0000788965|0001045810,,50
2024-07-05,quarterly_reset,0.1,1.25,adverse,0.07999999999999999,,,50
2024-10-04,quarterly_reset,0.1,1.25,adverse,0.05999999999999999,,,50
2024-12-06,monthly_stock_cap,0.1,1.25,adverse,0.005002808192348582,0001507605,,50
2025-01-03,quarterly_reset,0.1,1.25,adverse,0.061439508956501396,,,50
2025-04-04,quarterly_reset,0.1,1.25,adverse,0.03261008464497512,,,50
2025-05-02,monthly_stock_cap,0.1,1.25,adverse,0.0037785495248077133,0001562088,,50
2025-07-04,quarterly_reset,0.1,1.25,adverse,0.10000000000000003,,,50
2025-09-05,monthly_stock_cap,0.1,1.25,adverse,0.0036494955286234735,0001511737|0001751008,,50
2025-10-03,quarterly_reset,0.1,1.25,adverse,0.08510185842966478,,,50
2026-01-02,quarterly_reset,0.1,1.25,adverse,0.06397522826788954,,,50
2026-02-06,monthly_stock_cap,0.1,1.25,adverse,0.004288505506764355,0000751978|0000912093,,50
2026-03-06,monthly_stock_cap,0.1,1.25,adverse,0.00047070235954518164,0000912093,,50
2026-04-03,quarterly_reset,0.1,1.25,adverse,0.05264760004603831,,,50
2026-05-01,monthly_stock_cap,0.1,1.25,adverse,0.0042885560632072075,0000723125|0000751978,,50
2026-06-05,monthly_stock_cap,0.1,1.25,adverse,0.010505393240654495,0000723125,,50
2026-07-03,monthly_stock_cap,0.1,1.25,adverse,0.003557533745925514,0000723125,,50
2023-01-06,quarterly_reset,0.1,1.5,adverse,0.09999999999999999,,0001431959,50
2023-04-07,quarterly_reset,0.1,1.5,adverse,0.02735689236583669,,0001431959,50
2023-07-07,quarterly_reset,0.1,1.5,adverse,0.09999999999999992,,,50
2023-10-06,quarterly_reset,0.1,1.5,adverse,0.09999999999999996,,,50
2024-01-05,quarterly_reset,0.1,1.5,adverse,0.0805192618646649,,,50
2024-03-01,monthly_stock_cap,0.1,1.5,adverse,5.310047360376526e-05,0001045810,,50
2024-04-05,quarterly_reset,0.1,1.5,adverse,0.056355817152042215,,,50
2024-06-07,monthly_stock_cap,0.1,1.5,adverse,0.0010616066147663104,0000788965,,50
2024-07-05,quarterly_reset,0.1,1.5,adverse,0.08135040948996546,,,50
2024-10-04,quarterly_reset,0.1,1.5,adverse,0.06,,,50
2024-12-06,monthly_stock_cap,0.1,1.5,adverse,2.8081923485859793e-06,0001507605,,50
2025-01-03,quarterly_reset,0.1,1.5,adverse,0.06540039813011705,,,50
2025-04-04,quarterly_reset,0.1,1.5,adverse,0.03261008464497507,,,50
2025-07-04,quarterly_reset,0.1,1.5,adverse,0.10099453729584972,,,50
2025-10-03,quarterly_reset,0.1,1.5,adverse,0.08945259828160697,,,50
2026-01-02,quarterly_reset,0.1,1.5,adverse,0.06397522826788953,,,50
2026-04-03,quarterly_reset,0.1,1.5,adverse,0.05867724472710667,,,50
2026-06-05,monthly_stock_cap,0.1,1.5,adverse,0.005631689559759442,0000723125,,50
2026-07-03,monthly_stock_cap,0.1,1.5,adverse,0.004233903842751944,0000723125,,50
2023-01-06,quarterly_reset,0.1,,adverse,0.09999999999999999,,0001431959,50
2023-04-07,quarterly_reset,0.1,,adverse,0.02735689236583669,,0001431959,50
2023-07-07,quarterly_reset,0.1,,adverse,0.09999999999999992,,,50
2023-10-06,quarterly_reset,0.1,,adverse,0.09999999999999996,,,50
2024-01-05,quarterly_reset,0.1,,adverse,0.0805192618646649,,,50
2024-04-05,quarterly_reset,0.1,,adverse,0.05635591509838553,,,50
2024-07-05,quarterly_reset,0.1,,adverse,0.08226456348291314,,,50
2024-10-04,quarterly_reset,0.1,,adverse,0.06000000000000002,,,50
2025-01-03,quarterly_reset,0.1,,adverse,0.06540262529755064,,,50
2025-04-04,quarterly_reset,0.1,,adverse,0.032610084644975,,,50
2025-07-04,quarterly_reset,0.1,,adverse,0.10099453729584973,,,50
2025-10-03,quarterly_reset,0.1,,adverse,0.08945259828160694,,,50
2026-01-02,quarterly_reset,0.1,,adverse,0.06397522826788954,,,50
2026-04-03,quarterly_reset,0.1,,adverse,0.05867724472710664,,,50
2023-01-06,quarterly_reset,0.2,1.0,adverse,0.19999999999999998,,0001431959,50
2023-02-03,monthly_stock_cap,0.2,1.0,adverse,0.014488473117475864,0001561550|0001743725,,50
2023-03-03,monthly_stock_cap,0.2,1.0,adverse,0.001697656236681506,0000858470,,50
2023-04-07,quarterly_reset,0.2,1.0,adverse,0.06429932071626329,,0001431959,50
2023-05-05,monthly_stock_cap,0.2,1.0,adverse,0.010207101760566424,0000858470|0001561550,,50
2023-06-02,monthly_stock_cap,0.2,1.0,adverse,0.007970402208427643,0001561550,,50
2023-07-07,quarterly_reset,0.2,1.0,adverse,0.19999999999999998,,,50
2023-08-04,monthly_stock_cap,0.2,1.0,adverse,0.005804532267719526,0001035002|0001280452,,50
2023-09-01,monthly_stock_cap,0.2,1.0,adverse,0.0018998725849852258,0000896429|0001035002,,50
2023-10-06,quarterly_reset,0.2,1.0,adverse,0.2,,,50
2023-11-03,monthly_stock_cap,0.2,1.0,adverse,0.0065398322277286395,0000889900|0001694028,,50
2024-01-05,quarterly_reset,0.2,1.0,adverse,0.1607483273832671,,,50
2024-02-02,monthly_stock_cap,0.2,1.0,adverse,0.013622570879828643,0000936395|0001045810,,50
2024-03-01,monthly_stock_cap,0.2,1.0,adverse,0.011768325930613784,0000936395|0001045810,,50
2024-04-05,quarterly_reset,0.2,1.0,adverse,0.11188047803079762,,,50
2024-05-03,monthly_stock_cap,0.2,1.0,adverse,0.008790648665242533,0000788965|0000909494|0001045810|0001680247,,50
2024-06-07,monthly_stock_cap,0.2,1.0,adverse,0.03165919700936836,0000788965|0000909494|0001045810,,50
2024-07-05,quarterly_reset,0.2,1.0,adverse,0.16041590638407405,,,50
2024-08-02,monthly_stock_cap,0.2,1.0,adverse,0.004951627809714649,0000004447|0000045012,,50
2024-09-06,monthly_stock_cap,0.2,1.0,adverse,0.006191352656875268,0001162194,,50
2024-10-04,quarterly_reset,0.2,1.0,adverse,0.1250684355328237,,,50
2024-11-01,monthly_stock_cap,0.2,1.0,adverse,0.00871224974180052,0001045810|0001162194|0001562088,,50
2024-12-06,monthly_stock_cap,0.2,1.0,adverse,0.024920284587459863,0001507605|0001562088,,50
2025-01-03,quarterly_reset,0.2,1.0,adverse,0.1217878764565377,,,50
2025-02-07,monthly_stock_cap,0.2,1.0,adverse,0.0075887770261332645,0000889900|0001562088,,50
2025-04-04,quarterly_reset,0.2,1.0,adverse,0.06885754942081149,,,50
2025-05-02,monthly_stock_cap,0.2,1.0,adverse,0.01888716119848526,0001045810|0001562088,,50
2025-06-06,monthly_stock_cap,0.2,1.0,adverse,0.005187326127165605,0001045810,,50
2025-07-04,quarterly_reset,0.2,1.0,adverse,0.19999999999999998,,,50
2025-08-01,monthly_stock_cap,0.2,1.0,adverse,0.005566417122475519,0001511737|0001751008,,50
2025-09-05,monthly_stock_cap,0.2,1.0,adverse,0.021794303042063014,0000723125|0000927003|0001511737|0001751008,,50
2025-10-03,quarterly_reset,0.2,1.0,adverse,0.1390282306496802,,,50
2025-11-07,monthly_stock_cap,0.2,1.0,adverse,0.01063791365942972,0000033213|0000723125|0001321655,,50
2026-01-02,quarterly_reset,0.2,1.0,adverse,0.1277475521942549,,,50
2026-02-06,monthly_stock_cap,0.2,1.0,adverse,0.03428925784640884,0000723125|0000751978|0000912093,,50
2026-03-06,monthly_stock_cap,0.2,1.0,adverse,0.0009435856832175412,0000912093,,50
2026-04-03,quarterly_reset,0.2,1.0,adverse,0.08845000473282272,,,50
2026-05-01,monthly_stock_cap,0.2,1.0,adverse,0.028293118385384775,0000723125|0000751978|0001713445,,50
2026-06-05,monthly_stock_cap,0.2,1.0,adverse,0.017053935851728475,0000723125,,50
2026-07-03,monthly_stock_cap,0.2,1.0,adverse,0.0074875175546865605,0000723125|0001713445,,50
2023-01-06,quarterly_reset,0.2,1.25,adverse,0.19999999999999998,,0001431959,50
2023-04-07,quarterly_reset,0.2,1.25,adverse,0.05067864835177316,,0001431959,50
2023-06-02,monthly_stock_cap,0.2,1.25,adverse,0.007916929280996248,0001561550,,50
2023-07-07,quarterly_reset,0.2,1.25,adverse,0.19999999999999998,,,50
2023-10-06,quarterly_reset,0.2,1.25,adverse,0.19999999999999998,,,50
2024-01-05,quarterly_reset,0.2,1.25,adverse,0.16071164176806849,,,50
2024-03-01,monthly_stock_cap,0.2,1.25,adverse,0.010348628439396537,0001045810,,50
2024-04-05,quarterly_reset,0.2,1.25,adverse,0.11195791475351244,,,50
2024-06-07,monthly_stock_cap,0.2,1.25,adverse,0.012718906413377806,0000788965|0001045810,,50
2024-07-05,quarterly_reset,0.2,1.25,adverse,0.16,,,50
2024-10-04,quarterly_reset,0.2,1.25,adverse,0.11999999999999997,,,50
2024-12-06,monthly_stock_cap,0.2,1.25,adverse,0.009327585054718222,0001507605,,50
2025-01-03,quarterly_reset,0.2,1.25,adverse,0.12190001582430496,,,50
2025-04-04,quarterly_reset,0.2,1.25,adverse,0.06308420731095599,,,50
2025-05-02,monthly_stock_cap,0.2,1.25,adverse,0.007126707342919602,0001562088,,50
2025-07-04,quarterly_reset,0.2,1.25,adverse,0.2,,,50
2025-09-05,monthly_stock_cap,0.2,1.25,adverse,0.005653306564974062,0001511737|0001751008,,50
2025-10-03,quarterly_reset,0.2,1.25,adverse,0.16418669159330976,,,50
2026-01-02,quarterly_reset,0.2,1.25,adverse,0.1275307834943596,,,50
2026-02-06,monthly_stock_cap,0.2,1.25,adverse,0.006885935617574397,0000751978|0000912093,,50
2026-03-06,monthly_stock_cap,0.2,1.25,adverse,0.0012167598439411112,0000912093,,50
2026-04-03,quarterly_reset,0.2,1.25,adverse,0.10376779162825128,,,50
2026-05-01,monthly_stock_cap,0.2,1.25,adverse,0.007733579785099317,0000751978,,50
2026-06-05,monthly_stock_cap,0.2,1.25,adverse,0.020492050283410373,0000723125,,50
2026-07-03,monthly_stock_cap,0.2,1.25,adverse,0.006628602862296086,0000723125,,50
2023-01-06,quarterly_reset,0.2,1.5,adverse,0.19999999999999998,,0001431959,50
2023-04-07,quarterly_reset,0.2,1.5,adverse,0.05067864835177316,,0001431959,50
2023-07-07,quarterly_reset,0.2,1.5,adverse,0.19999999999999993,,,50
2023-10-06,quarterly_reset,0.2,1.5,adverse,0.19999999999999998,,,50
2024-01-05,quarterly_reset,0.2,1.5,adverse,0.16071164176806854,,,50
2024-03-01,monthly_stock_cap,0.2,1.5,adverse,0.0003486284393965156,0001045810,,50
2024-04-05,quarterly_reset,0.2,1.5,adverse,0.11199580835662465,,,50
2024-06-07,monthly_stock_cap,0.2,1.5,adverse,0.0010336374780543505,0000788965,,50
2024-07-05,quarterly_reset,0.2,1.5,adverse,0.1630943456653625,,,50
2024-10-04,quarterly_reset,0.2,1.5,adverse,0.11999999999999998,,,50
2025-01-03,quarterly_reset,0.2,1.5,adverse,0.12954735521474792,,,50
2025-04-04,quarterly_reset,0.2,1.5,adverse,0.06308420731095593,,,50
2025-07-04,quarterly_reset,0.2,1.5,adverse,0.20176611467383077,,,50
2025-10-03,quarterly_reset,0.2,1.5,adverse,0.1707009796278965,,,50
2026-01-02,quarterly_reset,0.2,1.5,adverse,0.12753078349435948,,,50
2026-04-03,quarterly_reset,0.2,1.5,adverse,0.11392344958322922,,,50
2026-06-05,monthly_stock_cap,0.2,1.5,adverse,0.010544571152349233,0000723125,,50
2026-07-03,monthly_stock_cap,0.2,1.5,adverse,0.007818618578723412,0000723125,,50
2023-01-06,quarterly_reset,0.2,,adverse,0.19999999999999998,,0001431959,50
2023-04-07,quarterly_reset,0.2,,adverse,0.05067864835177316,,0001431959,50
2023-07-07,quarterly_reset,0.2,,adverse,0.19999999999999993,,,50
2023-10-06,quarterly_reset,0.2,,adverse,0.19999999999999998,,,50
2024-01-05,quarterly_reset,0.2,,adverse,0.16071164176806854,,,50
2024-04-05,quarterly_reset,0.2,,adverse,0.11199712835708624,,,50
2024-07-05,quarterly_reset,0.2,,adverse,0.16401578618878082,,,50
2024-10-04,quarterly_reset,0.2,,adverse,0.11999999999999994,,,50
2025-01-03,quarterly_reset,0.2,,adverse,0.12954735521474797,,,50
2025-04-04,quarterly_reset,0.2,,adverse,0.06308420731095597,,,50
2025-07-04,quarterly_reset,0.2,,adverse,0.20176611467383074,,,50
2025-10-03,quarterly_reset,0.2,,adverse,0.1707009796278964,,,50
2026-01-02,quarterly_reset,0.2,,adverse,0.12753078349435953,,,50
2026-04-03,quarterly_reset,0.2,,adverse,0.11392344958322918,,,50
2023-01-06,quarterly_reset,0.3,1.0,adverse,0.30000000000000004,,0001431959,50
2023-02-03,monthly_stock_cap,0.3,1.0,adverse,0.02456289163460204,0001561550|0001743725,,50
2023-03-03,monthly_stock_cap,0.3,1.0,adverse,0.003840457357168613,0000858470,,50
2023-04-07,quarterly_reset,0.3,1.0,adverse,0.09349319710830364,,0001431959,50
2023-05-05,monthly_stock_cap,0.3,1.0,adverse,0.018981207171609685,0000858470|0001561550,,50
2023-06-02,monthly_stock_cap,0.3,1.0,adverse,0.011697475323417148,0001561550,,50
2023-07-07,quarterly_reset,0.3,1.0,adverse,0.30000000000000004,,,50
2023-08-04,monthly_stock_cap,0.3,1.0,adverse,0.008810234928160689,0001035002|0001280452,,50
2023-09-01,monthly_stock_cap,0.3,1.0,adverse,0.0037281113878952833,0000896429|0001035002,,50
2023-10-06,quarterly_reset,0.3,1.0,adverse,0.3,,,50
2023-11-03,monthly_stock_cap,0.3,1.0,adverse,0.009591015363644529,0000889900|0001694028,,50
2024-01-05,quarterly_reset,0.3,1.0,adverse,0.24065058378433443,,,50
2024-02-02,monthly_stock_cap,0.3,1.0,adverse,0.02087859035232699,0000936395|0001045810,,50
2024-03-01,monthly_stock_cap,0.3,1.0,adverse,0.01795008703500714,0000936395|0001045810,,50
2024-04-05,quarterly_reset,0.3,1.0,adverse,0.1666189524287842,,,50
2024-05-03,monthly_stock_cap,0.3,1.0,adverse,0.012606771228303776,0000788965|0000909494|0001045810|0001680247,,50
2024-06-07,monthly_stock_cap,0.3,1.0,adverse,0.044169360159630675,0000788965|0000909494|0001045810,,50
2024-07-05,quarterly_reset,0.3,1.0,adverse,0.24000000000000007,,,50
2024-08-02,monthly_stock_cap,0.3,1.0,adverse,0.007310861425079342,0000004447|0000045012,,50
2024-09-06,monthly_stock_cap,0.3,1.0,adverse,0.009438636896521548,0001162194,,50
2024-10-04,quarterly_reset,0.3,1.0,adverse,0.1876101096016894,,,50
2024-11-01,monthly_stock_cap,0.3,1.0,adverse,0.012805780668583275,0001045810|0001162194|0001562088,,50
2024-12-06,monthly_stock_cap,0.3,1.0,adverse,0.035694348783432465,0001507605|0001562088,,50
2025-01-03,quarterly_reset,0.3,1.0,adverse,0.18267931899178044,,,50
2025-02-07,monthly_stock_cap,0.3,1.0,adverse,0.011466926487769938,0000889900|0001562088,,50
2025-04-04,quarterly_reset,0.3,1.0,adverse,0.09896022215366503,,,50
2025-05-02,monthly_stock_cap,0.3,1.0,adverse,0.02722980916061715,0001045810|0001562088,,50
2025-06-06,monthly_stock_cap,0.3,1.0,adverse,0.007719581945699945,0001045810,,50
2025-07-04,quarterly_reset,0.3,1.0,adverse,0.3,,,50
2025-08-01,monthly_stock_cap,0.3,1.0,adverse,0.008387515992931202,0001511737|0001751008,,50
2025-09-05,monthly_stock_cap,0.3,1.0,adverse,0.02871135481028145,0000723125|0000927003|0001511737|0001751008,,50
2025-10-03,quarterly_reset,0.3,1.0,adverse,0.2032745747215452,,,50
2025-11-07,monthly_stock_cap,0.3,1.0,adverse,0.015819407894990034,0000033213|0000723125|0001321655,,50
2026-01-02,quarterly_reset,0.3,1.0,adverse,0.1909229027120607,,,50
2026-02-06,monthly_stock_cap,0.3,1.0,adverse,0.04788460823898932,0000723125|0000751978|0000912093,,50
2026-03-06,monthly_stock_cap,0.3,1.0,adverse,0.0017226385607638861,0000912093,,50
2026-04-03,quarterly_reset,0.3,1.0,adverse,0.13328999943724112,,,50
2026-05-01,monthly_stock_cap,0.3,1.0,adverse,0.03986425368314822,0000723125|0000751978|0001713445,,50
2026-06-05,monthly_stock_cap,0.3,1.0,adverse,0.025798692260170977,0000723125,,50
2026-07-03,monthly_stock_cap,0.3,1.0,adverse,0.010414548111775557,0000723125|0001713445,,50
2023-01-06,quarterly_reset,0.3,1.25,adverse,0.30000000000000004,,0001431959,50
2023-04-07,quarterly_reset,0.3,1.25,adverse,0.07227600083718484,,0001431959,50
2023-06-02,monthly_stock_cap,0.3,1.25,adverse,0.013819660813992074,0001561550,,50
2023-07-07,quarterly_reset,0.3,1.25,adverse,0.30000000000000004,,,50
2023-10-06,quarterly_reset,0.3,1.25,adverse,0.30000000000000004,,,50
2024-01-05,quarterly_reset,0.3,1.25,adverse,0.24056884260096156,,,50
2024-02-02,monthly_stock_cap,0.3,1.25,adverse,0.00021562322887736752,0001045810,,50
2024-03-01,monthly_stock_cap,0.3,1.25,adverse,0.015633092092030818,0001045810,,50
2024-04-05,quarterly_reset,0.3,1.25,adverse,0.1667945992201615,,,50
2024-06-07,monthly_stock_cap,0.3,1.25,adverse,0.01616401770110661,0000788965|0001045810,,50
2024-07-05,quarterly_reset,0.3,1.25,adverse,0.24000000000000002,,,50
2024-10-04,quarterly_reset,0.3,1.25,adverse,0.17999999999999997,,,50
2024-12-06,monthly_stock_cap,0.3,1.25,adverse,0.012997057952803606,0001507605,,50
2025-01-03,quarterly_reset,0.3,1.25,adverse,0.18144118734483317,,,50
2025-04-04,quarterly_reset,0.3,1.25,adverse,0.091274630204664,,,50
2025-05-02,monthly_stock_cap,0.3,1.25,adverse,0.01005405674646178,0001562088,,50
2025-07-04,quarterly_reset,0.3,1.25,adverse,0.30000000000000004,,,50
2025-09-05,monthly_stock_cap,0.3,1.25,adverse,0.0060860107082170815,0001511737|0001751008,,50
2025-10-03,quarterly_reset,0.3,1.25,adverse,0.2376942074429663,,,50
2026-01-02,quarterly_reset,0.3,1.25,adverse,0.19064996069838977,,,50
2026-02-06,monthly_stock_cap,0.3,1.25,adverse,0.007870093514327645,0000751978|0000912093,,50
2026-03-06,monthly_stock_cap,0.3,1.25,adverse,0.002229866892702329,0000912093,,50
2026-04-03,quarterly_reset,0.3,1.25,adverse,0.15337685944838955,,,50
2026-05-01,monthly_stock_cap,0.3,1.25,adverse,0.010597703859185842,0000751978,,50
2026-06-05,monthly_stock_cap,0.3,1.25,adverse,0.029653156336328708,0000723125,,50
2026-07-03,monthly_stock_cap,0.3,1.25,adverse,0.009230622579875012,0000723125,,50
2023-01-06,quarterly_reset,0.3,1.5,adverse,0.30000000000000004,,0001431959,50
2023-04-07,quarterly_reset,0.3,1.5,adverse,0.07227600083718484,,0001431959,50
2023-07-07,quarterly_reset,0.3,1.5,adverse,0.3,,,50
2023-10-06,quarterly_reset,0.3,1.5,adverse,0.3,,,50
2024-01-05,quarterly_reset,0.3,1.5,adverse,0.24056884260096156,,,50
2024-03-01,monthly_stock_cap,0.3,1.5,adverse,0.0008895291388278611,0001045810,,50
2024-04-05,quarterly_reset,0.3,1.5,adverse,0.16688554955106705,,,50
2024-07-05,quarterly_reset,0.3,1.5,adverse,0.24525752369088402,,,50
2024-10-04,quarterly_reset,0.3,1.5,adverse,0.18,,,50
2025-01-03,quarterly_reset,0.3,1.5,adverse,0.1924565741331018,,,50
2025-04-04,quarterly_reset,0.3,1.5,adverse,0.09127463020466403,,,50
2025-07-04,quarterly_reset,0.3,1.5,adverse,0.30231546964383105,,,50
2025-10-03,quarterly_reset,0.3,1.5,adverse,0.24450111712091158,,,50
2026-01-02,quarterly_reset,0.3,1.5,adverse,0.1906499606983898,,,50
2026-04-03,quarterly_reset,0.3,1.5,adverse,0.16591450425477847,,,50
2026-06-05,monthly_stock_cap,0.3,1.5,adverse,0.01476017864251749,0000723125,,50
2026-07-03,monthly_stock_cap,0.3,1.5,adverse,0.010782113977986979,0000723125,,50
2023-01-06,quarterly_reset,0.3,,adverse,0.30000000000000004,,0001431959,50
2023-04-07,quarterly_reset,0.3,,adverse,0.07227600083718484,,0001431959,50
2023-07-07,quarterly_reset,0.3,,adverse,0.3,,,50
2023-10-06,quarterly_reset,0.3,,adverse,0.3,,,50
2024-01-05,quarterly_reset,0.3,,adverse,0.24056884260096156,,,50
2024-04-05,quarterly_reset,0.3,,adverse,0.16689073700493331,,,50
2024-07-05,quarterly_reset,0.3,,adverse,0.2452575236908841,,,50
2024-10-04,quarterly_reset,0.3,,adverse,0.18000000000000008,,,50
2025-01-03,quarterly_reset,0.3,,adverse,0.19245657413310188,,,50
2025-04-04,quarterly_reset,0.3,,adverse,0.09127463020466396,,,50
2025-07-04,quarterly_reset,0.3,,adverse,0.30231546964383105,,,50
2025-10-03,quarterly_reset,0.3,,adverse,0.24450111712091158,,,50
2026-01-02,quarterly_reset,0.3,,adverse,0.1906499606983898,,,50
2026-04-03,quarterly_reset,0.3,,adverse,0.16591450425477855,,,50
2023-01-06,quarterly_reset,0.1,1.0,base,0.09999999999999999,,0001431959,100
2023-02-03,monthly_stock_cap,0.1,1.0,base,0.005570667764856542,0001561550|0001743725,,100
2023-03-03,monthly_stock_cap,0.1,1.0,base,9.234388566560953e-05,0000858470,,100
2023-04-07,quarterly_reset,0.1,1.0,base,0.015173527001213619,,0001431959,100
2023-05-05,monthly_stock_cap,0.1,1.0,base,0.00311997837001707,0001561550,,100
2023-06-02,monthly_stock_cap,0.1,1.0,base,0.0041243649564113374,0001561550,,100
2023-07-07,quarterly_reset,0.1,1.0,base,0.09999999999999995,,,100
2023-08-04,monthly_stock_cap,0.1,1.0,base,0.0028679568576740334,0001035002|0001280452,,100
2023-09-01,monthly_stock_cap,0.1,1.0,base,0.0008065864984656833,0001035002,,100
2023-10-06,quarterly_reset,0.1,1.0,base,0.09999999999999998,,,100
2023-11-03,monthly_stock_cap,0.1,1.0,base,0.003361357147546467,0000889900|0001694028,,100
2024-01-05,quarterly_reset,0.1,1.0,base,0.08049220346622946,,,100
2024-02-02,monthly_stock_cap,0.1,1.0,base,0.006748349452531637,0000936395|0001045810,,100
2024-03-01,monthly_stock_cap,0.1,1.0,base,0.005897582471296499,0000936395|0001045810,,100
2024-04-05,quarterly_reset,0.1,1.0,base,0.05616795142418848,,,100
2024-05-03,monthly_stock_cap,0.1,1.0,base,0.004741553299303483,0000788965|0000909494|0001045810|0001680247,,100
2024-06-07,monthly_stock_cap,0.1,1.0,base,0.01710443331510424,0000788965|0000909494|0001045810,,100
2024-07-05,quarterly_reset,0.1,1.0,base,0.08045501885970911,,,100
2024-08-02,monthly_stock_cap,0.1,1.0,base,0.0025947495217834857,0000004447|0000045012,,100
2024-09-06,monthly_stock_cap,0.1,1.0,base,0.003133099578447085,0001162194,,100
2024-10-04,quarterly_reset,0.1,1.0,base,0.06250016543095531,,,100
2024-11-01,monthly_stock_cap,0.1,1.0,base,0.004562140173887027,0001045810|0001162194|0001562088,,100
2024-12-06,monthly_stock_cap,0.1,1.0,base,0.013090407511518668,0001507605|0001562088,,100
2025-01-03,quarterly_reset,0.1,1.0,base,0.060917741212167725,,,100
2025-02-07,monthly_stock_cap,0.1,1.0,base,0.0037860632037389754,0000889900|0001562088,,100
2025-04-04,quarterly_reset,0.1,1.0,base,0.03561649852666952,,,100
2025-05-02,monthly_stock_cap,0.1,1.0,base,0.009919932412570859,0001045810|0001562088,,100
2025-06-06,monthly_stock_cap,0.1,1.0,base,0.0026689955521389565,0001045810|0001658566,,100
2025-07-04,quarterly_reset,0.1,1.0,base,0.09999999999999995,,,100
2025-08-01,monthly_stock_cap,0.1,1.0,base,0.0028689822994567805,0001511737|0001751008,,100
2025-09-05,monthly_stock_cap,0.1,1.0,base,0.012524852460365173,0000723125|0000927003|0001511737|0001751008,,100
2025-10-03,quarterly_reset,0.1,1.0,base,0.07167800662143795,,,100
2025-11-07,monthly_stock_cap,0.1,1.0,base,0.005486002495948729,0000033213|0000723125|0001321655,,100
2026-01-02,quarterly_reset,0.1,1.0,base,0.06408162436735901,,,100
2026-02-06,monthly_stock_cap,0.1,1.0,base,0.01866154449066786,0000723125|0000751978|0000912093|0001992243,,100
2026-03-06,monthly_stock_cap,0.1,1.0,base,0.0004221659365784436,0000912093,,100
2026-04-03,quarterly_reset,0.1,1.0,base,0.04373504451285592,,,100
2026-05-01,monthly_stock_cap,0.1,1.0,base,0.015058436136640386,0000723125|0000751978|0001713445,,100
2026-06-05,monthly_stock_cap,0.1,1.0,base,0.008465326205557715,0000723125,,100
2026-07-03,monthly_stock_cap,0.1,1.0,base,0.004057278012083901,0000723125|0001713445,,100
2023-01-06,quarterly_reset,0.1,1.25,base,0.09999999999999999,,0001431959,100
2023-04-07,quarterly_reset,0.1,1.25,base,0.010374313284580975,,0001431959,100
2023-06-02,monthly_stock_cap,0.1,1.25,base,0.0028687427694630936,0001561550,,100
2023-07-07,quarterly_reset,0.1,1.25,base,0.1,,,100
2023-10-06,quarterly_reset,0.1,1.25,base,0.09999999999999998,,,100
2024-01-05,quarterly_reset,0.1,1.25,base,0.08048328835592197,,,100
2024-03-01,monthly_stock_cap,0.1,1.25,base,0.005177670022137808,0001045810,,100
2024-04-05,quarterly_reset,0.1,1.25,base,0.056188632306007555,,,100
2024-06-07,monthly_stock_cap,0.1,1.25,base,0.007566460577928809,0000788965|0001045810,,100
2024-07-05,quarterly_reset,0.1,1.25,base,0.07999999999999997,,,100
2024-10-04,quarterly_reset,0.1,1.25,base,0.05999999999999995,,,100
2024-12-06,monthly_stock_cap,0.1,1.25,base,0.005057303170793107,0001507605,,100
2025-01-03,quarterly_reset,0.1,1.25,base,0.06177579214872924,,,100
2025-04-04,quarterly_reset,0.1,1.25,base,0.03245782193528953,,,100
2025-05-02,monthly_stock_cap,0.1,1.25,base,0.003838540159801278,0001562088,,100
2025-07-04,quarterly_reset,0.1,1.25,base,0.09999999999999998,,,100
2025-09-05,monthly_stock_cap,0.1,1.25,base,0.003866002825323199,0001511737|0001751008,,100
2025-10-03,quarterly_reset,0.1,1.25,base,0.08568182203459832,,,100
2026-01-02,quarterly_reset,0.1,1.25,base,0.06392712911309685,,,100
2026-02-06,monthly_stock_cap,0.1,1.25,base,0.004288505506764339,0000751978|0000912093,,100
2026-03-06,monthly_stock_cap,0.1,1.25,base,0.0005366504259408241,0000912093,,100
2026-04-03,quarterly_reset,0.1,1.25,base,0.05303076751849496,,,100
2026-05-01,monthly_stock_cap,0.1,1.25,base,0.00431247265119251,0000723125|0000751978,,100
2026-06-05,monthly_stock_cap,0.1,1.25,base,0.010523001245530756,0000723125,,100
2026-07-03,monthly_stock_cap,0.1,1.25,base,0.0035765623859208276,0000723125,,100
2023-01-06,quarterly_reset,0.1,1.5,base,0.09999999999999999,,0001431959,100
2023-04-07,quarterly_reset,0.1,1.5,base,0.010374313284580975,,0001431959,100
2023-07-07,quarterly_reset,0.1,1.5,base,0.1,,,100
2023-10-06,quarterly_reset,0.1,1.5,base,0.09999999999999998,,,100
2024-01-05,quarterly_reset,0.1,1.5,base,0.08048328835592201,,,100
2024-03-01,monthly_stock_cap,0.1,1.5,base,0.00017767002213779444,0001045810,,100
2024-04-05,quarterly_reset,0.1,1.5,base,0.056198863267495784,,,100
2024-06-07,monthly_stock_cap,0.1,1.5,base,0.0011703741422301513,0000788965,,100
2024-07-05,quarterly_reset,0.1,1.5,base,0.08162095382795324,,,100
2024-10-04,quarterly_reset,0.1,1.5,base,0.05999999999999995,,,100
2024-12-06,monthly_stock_cap,0.1,1.5,base,5.730317079311422e-05,0001507605,,100
2025-01-03,quarterly_reset,0.1,1.5,base,0.06574063998894812,,,100
2025-04-04,quarterly_reset,0.1,1.5,base,0.03245782193528953,,,100
2025-07-04,quarterly_reset,0.1,1.5,base,0.10134022643202283,,,100
2025-10-03,quarterly_reset,0.1,1.5,base,0.09028995029912061,,,100
2026-01-02,quarterly_reset,0.1,1.5,base,0.06392712911309692,,,100
2026-04-03,quarterly_reset,0.1,1.5,base,0.05917336836794076,,,100
2026-06-05,monthly_stock_cap,0.1,1.5,base,0.005664098090873427,0000723125,,100
2026-07-03,monthly_stock_cap,0.1,1.5,base,0.004255638926455114,0000723125,,100
2023-01-06,quarterly_reset,0.1,,base,0.09999999999999999,,0001431959,100
2023-04-07,quarterly_reset,0.1,,base,0.010374313284580975,,0001431959,100
2023-07-07,quarterly_reset,0.1,,base,0.1,,,100
2023-10-06,quarterly_reset,0.1,,base,0.09999999999999998,,,100
2024-01-05,quarterly_reset,0.1,,base,0.08048328835592201,,,100
2024-04-05,quarterly_reset,0.1,,base,0.05619922665277435,,,100
2024-07-05,quarterly_reset,0.1,,base,0.08262827177505119,,,100
2024-10-04,quarterly_reset,0.1,,base,0.060000000000000005,,,100
2025-01-03,quarterly_reset,0.1,,base,0.06578613140356618,,,100
2025-04-04,quarterly_reset,0.1,,base,0.03245782193528947,,,100
2025-07-04,quarterly_reset,0.1,,base,0.10134022643202281,,,100
2025-10-03,quarterly_reset,0.1,,base,0.09028995029912067,,,100
2026-01-02,quarterly_reset,0.1,,base,0.0639271291130969,,,100
2026-04-03,quarterly_reset,0.1,,base,0.05917336836794077,,,100
2023-01-06,quarterly_reset,0.2,1.0,base,0.19999999999999998,,0001431959,100
2023-02-03,monthly_stock_cap,0.2,1.0,base,0.011175746173413851,0001561550|0001743725,,100
2023-03-03,monthly_stock_cap,0.2,1.0,base,0.00022691418698892629,0000858470,,100
2023-04-07,quarterly_reset,0.2,1.0,base,0.02860192466985781,,0001431959,100
2023-05-05,monthly_stock_cap,0.2,1.0,base,0.0066884112008649505,0000858470|0001561550,,100
2023-06-02,monthly_stock_cap,0.2,1.0,base,0.00813880324647488,0001561550,,100
2023-07-07,quarterly_reset,0.2,1.0,base,0.19999999999999996,,,100
2023-08-04,monthly_stock_cap,0.2,1.0,base,0.005804735680881548,0001035002|0001280452,,100
2023-09-01,monthly_stock_cap,0.2,1.0,base,0.002023188903190203,0000896429|0001035002,,100
2023-10-06,quarterly_reset,0.2,1.0,base,0.2,,,100
2023-11-03,monthly_stock_cap,0.2,1.0,base,0.006572225049559829,0000889900|0001694028,,100
2024-01-05,quarterly_reset,0.2,1.0,base,0.1606819147301829,,,100
2024-02-02,monthly_stock_cap,0.2,1.0,base,0.01377349105871416,0000936395|0001045810,,100
2024-03-01,monthly_stock_cap,0.2,1.0,base,0.011971615356129907,0000936395|0001045810,,100
2024-04-05,quarterly_reset,0.2,1.0,base,0.11158081241162288,,,100
2024-05-03,monthly_stock_cap,0.2,1.0,base,0.009060063672447867,0000788965|0000909494|0001045810|0001680247,,100
2024-06-07,monthly_stock_cap,0.2,1.0,base,0.03189814899294324,0000788965|0000909494|0001045810,,100
2024-07-05,quarterly_reset,0.2,1.0,base,0.16040852954257048,,,100
2024-08-02,monthly_stock_cap,0.2,1.0,base,0.005093567391306943,0000004447|0000045012,,100
2024-09-06,monthly_stock_cap,0.2,1.0,base,0.006348259956088604,0001162194,,100
2024-10-04,quarterly_reset,0.2,1.0,base,0.1250110998114627,,,100
2024-11-01,monthly_stock_cap,0.2,1.0,base,0.008921848079376751,0001045810|0001162194|0001562088,,100
2024-12-06,monthly_stock_cap,0.2,1.0,base,0.02501802529119901,0001507605|0001562088,,100
2025-01-03,quarterly_reset,0.2,1.0,base,0.1217198508232043,,,100
2025-02-07,monthly_stock_cap,0.2,1.0,base,0.007623591988149911,0000889900|0001562088,,100
2025-04-04,quarterly_reset,0.2,1.0,base,0.068494048731007,,,100
2025-05-02,monthly_stock_cap,0.2,1.0,base,0.019068978683601256,0001045810|0001562088,,100
2025-06-06,monthly_stock_cap,0.2,1.0,base,0.0051918324418355555,0001045810,,100
2025-07-04,quarterly_reset,0.2,1.0,base,0.2,,,100
2025-08-01,monthly_stock_cap,0.2,1.0,base,0.005741402677352811,0001511737|0001751008,,100
2025-09-05,monthly_stock_cap,0.2,1.0,base,0.022249424076482432,0000723125|0000927003|0001511737|0001751008,,100
2025-10-03,quarterly_reset,0.2,1.0,base,0.139659850580947,,,100
2025-11-07,monthly_stock_cap,0.2,1.0,base,0.010852963126738403,0000033213|0000723125|0001321655,,100
2026-01-02,quarterly_reset,0.2,1.0,base,0.12771196095175225,,,100
2026-02-06,monthly_stock_cap,0.2,1.0,base,0.034289257846408835,0000723125|0000751978|0000912093,,100
2026-03-06,monthly_stock_cap,0.2,1.0,base,0.0010466947662917535,0000912093,,100
2026-04-03,quarterly_reset,0.2,1.0,base,0.08791083892905113,,,100
2026-05-01,monthly_stock_cap,0.2,1.0,base,0.02835050610023701,0000723125|0000751978|0001713445,,100
2026-06-05,monthly_stock_cap,0.2,1.0,base,0.017086827833836523,0000723125,,100
2026-07-03,monthly_stock_cap,0.2,1.0,base,0.0075679842501189904,0000723125|0001713445,,100
2023-01-06,quarterly_reset,0.2,1.25,base,0.19999999999999998,,0001431959,100
2023-04-07,quarterly_reset,0.2,1.25,base,0.018658298094577565,,0001431959,100
2023-06-02,monthly_stock_cap,0.2,1.25,base,0.005864213166666385,0001561550,,100
2023-07-07,quarterly_reset,0.2,1.25,base,0.19999999999999996,,,100
2023-10-06,quarterly_reset,0.2,1.25,base,0.19999999999999996,,,100
2024-01-05,quarterly_reset,0.2,1.25,base,0.1606466236931023,,,100
2024-02-02,monthly_stock_cap,0.2,1.25,base,6.602887414708305e-05,0001045810,,100
2024-03-01,monthly_stock_cap,0.2,1.25,base,0.010492764918152805,0001045810,,100
2024-04-05,quarterly_reset,0.2,1.25,base,0.11166521112961447,,,100
2024-06-07,monthly_stock_cap,0.2,1.25,base,0.013063448507463557,0000788965|0001045810,,100
2024-07-05,quarterly_reset,0.2,1.25,base,0.16,,,100
2024-10-04,quarterly_reset,0.2,1.25,base,0.12000000000000002,,,100
2024-12-06,monthly_stock_cap,0.2,1.25,base,0.009422267166948176,0001507605,,100
2025-01-03,quarterly_reset,0.2,1.25,base,0.12249551518969246,,,100
2025-04-04,quarterly_reset,0.2,1.25,base,0.06280126284534002,,,100
2025-05-02,monthly_stock_cap,0.2,1.25,base,0.007231742558170601,0001562088,,100
2025-07-04,quarterly_reset,0.2,1.25,base,0.19999999999999998,,,100
2025-09-05,monthly_stock_cap,0.2,1.25,base,0.006026304429060978,0001511737|0001751008,,100
2025-10-03,quarterly_reset,0.2,1.25,base,0.16516436510699897,,,100
2026-01-02,quarterly_reset,0.2,1.25,base,0.12744304600680392,,,100
2026-02-06,monthly_stock_cap,0.2,1.25,base,0.006885935617574398,0000751978|0000912093,,100
2026-03-06,monthly_stock_cap,0.2,1.25,base,0.0013346662564234786,0000912093,,100
2026-04-03,quarterly_reset,0.2,1.25,base,0.10444063904970619,,,100
2026-05-01,monthly_stock_cap,0.2,1.25,base,0.00775592201008037,0000751978,,100
2026-06-05,monthly_stock_cap,0.2,1.25,base,0.020551316839852157,0000723125,,100
2026-07-03,monthly_stock_cap,0.2,1.25,base,0.0066650409972326555,0000723125,,100
2023-01-06,quarterly_reset,0.2,1.5,base,0.19999999999999998,,0001431959,100
2023-04-07,quarterly_reset,0.2,1.5,base,0.018658298094577565,,0001431959,100
2023-07-07,quarterly_reset,0.2,1.5,base,0.19999999999999996,,,100
2023-10-06,quarterly_reset,0.2,1.5,base,0.20000000000000004,,,100
2024-01-05,quarterly_reset,0.2,1.5,base,0.16064662369310223,,,100
2024-03-01,monthly_stock_cap,0.2,1.5,base,0.0005717759751769856,0001045810,,100
2024-04-05,quarterly_reset,0.2,1.5,base,0.11170787459642059,,,100
2024-06-07,monthly_stock_cap,0.2,1.5,base,0.0012201958641803001,0000788965,,100
2024-07-05,quarterly_reset,0.2,1.5,base,0.16357220780319018,,,100
2024-10-04,quarterly_reset,0.2,1.5,base,0.11999999999999994,,,100
2025-01-03,quarterly_reset,0.2,1.5,base,0.130220746294007,,,100
2025-04-04,quarterly_reset,0.2,1.5,base,0.06280126284534003,,,100
2025-07-04,quarterly_reset,0.2,1.5,base,0.20237908198075774,,,100
2025-10-03,quarterly_reset,0.2,1.5,base,0.17209550040071936,,,100
2026-01-02,quarterly_reset,0.2,1.5,base,0.12744304600680395,,,100
2026-04-03,quarterly_reset,0.2,1.5,base,0.11477450484726216,,,100
2026-06-05,monthly_stock_cap,0.2,1.5,base,0.010601023728332,0000723125,,100
2026-07-03,monthly_stock_cap,0.2,1.5,base,0.007858001854404672,0000723125,,100
2023-01-06,quarterly_reset,0.2,,base,0.19999999999999998,,0001431959,100
2023-04-07,quarterly_reset,0.2,,base,0.018658298094577565,,0001431959,100
2023-07-07,quarterly_reset,0.2,,base,0.19999999999999996,,,100
2023-10-06,quarterly_reset,0.2,,base,0.20000000000000004,,,100
2024-01-05,quarterly_reset,0.2,,base,0.16064662369310223,,,100
2024-04-05,quarterly_reset,0.2,,base,0.1117102730801422,,,100
2024-07-05,quarterly_reset,0.2,,base,0.164658877825544,,,100
2024-10-04,quarterly_reset,0.2,,base,0.11999999999999997,,,100
2025-01-03,quarterly_reset,0.2,,base,0.130220746294007,,,100
2025-04-04,quarterly_reset,0.2,,base,0.06280126284534006,,,100
2025-07-04,quarterly_reset,0.2,,base,0.20237908198075777,,,100
2025-10-03,quarterly_reset,0.2,,base,0.1720955004007193,,,100
2026-01-02,quarterly_reset,0.2,,base,0.12744304600680395,,,100
2026-04-03,quarterly_reset,0.2,,base,0.11477450484726216,,,100
2023-01-06,quarterly_reset,0.3,1.0,base,0.30000000000000004,,0001431959,100
2023-02-03,monthly_stock_cap,0.3,1.0,base,0.01681527421587158,0001561550|0001743725,,100
2023-03-03,monthly_stock_cap,0.3,1.0,base,0.0004037578484667576,0000858470,,100
2023-04-07,quarterly_reset,0.3,1.0,base,0.04023060776482597,,0001431959,100
2023-05-05,monthly_stock_cap,0.3,1.0,base,0.010722648607205825,0000858470|0001561550,,100
2023-06-02,monthly_stock_cap,0.3,1.0,base,0.012044263271125009,0001561550,,100
2023-07-07,quarterly_reset,0.3,1.0,base,0.3,,,100
2023-08-04,monthly_stock_cap,0.3,1.0,base,0.008810502337151457,0001035002|0001280452,,100
2023-09-01,monthly_stock_cap,0.3,1.0,base,0.0038955255082840806,0000896429|0001035002,,100
2023-10-06,quarterly_reset,0.3,1.0,base,0.3,,,100
2023-11-03,monthly_stock_cap,0.3,1.0,base,0.009633385777338136,0000889900|0001694028,,100
2024-01-05,quarterly_reset,0.3,1.0,base,0.24056061148704572,,,100
2024-02-02,monthly_stock_cap,0.3,1.0,base,0.021077890404461223,0000936395|0001045810,,100
2024-03-01,monthly_stock_cap,0.3,1.0,base,0.018229827480090256,0000936395|0001045810,,100
2024-04-05,quarterly_reset,0.3,1.0,base,0.1662012996692199,,,100
2024-05-03,monthly_stock_cap,0.3,1.0,base,0.012958691075406686,0000788965|0000909494|0001045810|0001680247,,100
2024-06-07,monthly_stock_cap,0.3,1.0,base,0.044481137031211496,0000788965|0000909494|0001045810,,100
2024-07-05,quarterly_reset,0.3,1.0,base,0.24000000000000002,,,100
2024-08-02,monthly_stock_cap,0.3,1.0,base,0.007496777329110903,0000004447|0000045012,,100
2024-09-06,monthly_stock_cap,0.3,1.0,base,0.009646502769124309,0001162194,,100
2024-10-04,quarterly_reset,0.3,1.0,base,0.18753332875484044,,,100
2024-11-01,monthly_stock_cap,0.3,1.0,base,0.013080074304846315,0001045810|0001162194|0001562088,,100
2024-12-06,monthly_stock_cap,0.3,1.0,base,0.03582277113166196,0001507605|0001562088,,100
2025-01-03,quarterly_reset,0.3,1.0,base,0.18248407475465023,,,100
2025-02-07,monthly_stock_cap,0.3,1.0,base,0.011512677144571697,0000889900|0001562088,,100
2025-04-04,quarterly_reset,0.3,1.0,base,0.09845345850346221,,,100
2025-05-02,monthly_stock_cap,0.3,1.0,base,0.027464858552905532,0001045810|0001562088,,100
2025-06-06,monthly_stock_cap,0.3,1.0,base,0.007729255033854149,0001045810,,100
2025-07-04,quarterly_reset,0.3,1.0,base,0.3,,,100
2025-08-01,monthly_stock_cap,0.3,1.0,base,0.008617261547303821,0001511737|0001751008,,100
2025-09-05,monthly_stock_cap,0.3,1.0,base,0.029299009148378477,0000723125|0000927003|0001511737|0001751008,,100
2025-10-03,quarterly_reset,0.3,1.0,base,0.20409869290244828,,,100
2025-11-07,monthly_stock_cap,0.3,1.0,base,0.016101206192906774,0000033213|0000723125|0001321655,,100
2026-01-02,quarterly_reset,0.3,1.0,base,0.19087224064669167,,,100
2026-02-06,monthly_stock_cap,0.3,1.0,base,0.04788460823898933,0000723125|0000751978|0000912093,,100
2026-03-06,monthly_stock_cap,0.3,1.0,base,0.0018662289624164078,0000912093,,100
2026-04-03,quarterly_reset,0.3,1.0,base,0.13255793163864402,,,100
2026-05-01,monthly_stock_cap,0.3,1.0,base,0.03993783715438783,0000723125|0000751978|0001713445,,100
2026-06-05,monthly_stock_cap,0.3,1.0,base,0.025849169408605727,0000723125,,100
2026-07-03,monthly_stock_cap,0.3,1.0,base,0.0105324935268291,0000723125|0001713445,,100
2023-01-06,quarterly_reset,0.3,1.25,base,0.30000000000000004,,0001431959,100
2023-04-07,quarterly_reset,0.3,1.25,base,0.024777962885188336,,0001431959,100
2023-06-02,monthly_stock_cap,0.3,1.25,base,0.00898727756489275,0001561550,,100
2023-07-07,quarterly_reset,0.3,1.25,base,0.3,,,100
2023-10-06,quarterly_reset,0.3,1.25,base,0.3,,,100
2024-01-05,quarterly_reset,0.3,1.25,base,0.24048207311892056,,,100
2024-02-02,monthly_stock_cap,0.3,1.25,base,0.0003220302960785363,0001045810,,100
2024-03-01,monthly_stock_cap,0.3,1.25,base,0.015801201860936455,0001045810,,100
2024-04-05,quarterly_reset,0.3,1.25,base,0.16639313962416935,,,100
2024-06-07,monthly_stock_cap,0.3,1.25,base,0.016600587412408517,0000788965|0001045810,,100
2024-07-05,quarterly_reset,0.3,1.25,base,0.24000000000000005,,,100
2024-10-04,quarterly_reset,0.3,1.25,base,0.18000000000000002,,,100
2024-12-06,monthly_stock_cap,0.3,1.25,base,0.013118540612582176,0001507605,,100
2025-01-03,quarterly_reset,0.3,1.25,base,0.18222137715390152,,,100
2025-04-04,quarterly_reset,0.3,1.25,base,0.09088606302324485,,,100
2025-05-02,monthly_stock_cap,0.3,1.25,base,0.010189843816104074,0001562088,,100
2025-07-04,quarterly_reset,0.3,1.25,base,0.3,,,100
2025-09-05,monthly_stock_cap,0.3,1.25,base,0.006560660228440234,0001511737|0001751008,,100
2025-10-03,quarterly_reset,0.3,1.25,base,0.2389101767658485,,,100
2026-01-02,quarterly_reset,0.3,1.25,base,0.1905317653655911,,,100
2026-02-06,monthly_stock_cap,0.3,1.25,base,0.007870093514327634,0000751978|0000912093,,100
2026-03-06,monthly_stock_cap,0.3,1.25,base,0.002385003900026574,0000912093,,100
2026-04-03,quarterly_reset,0.3,1.25,base,0.15424849546847924,,,100
2026-05-01,monthly_stock_cap,0.3,1.25,base,0.010626351427285633,0000751978,,100
2026-06-05,monthly_stock_cap,0.3,1.25,base,0.02973153783755423,0000723125,,100
2026-07-03,monthly_stock_cap,0.3,1.25,base,0.009282688268167834,0000723125,,100
2023-01-06,quarterly_reset,0.3,1.5,base,0.30000000000000004,,0001431959,100
2023-04-07,quarterly_reset,0.3,1.5,base,0.024777962885188336,,0001431959,100
2023-07-07,quarterly_reset,0.3,1.5,base,0.3,,,100
2023-10-06,quarterly_reset,0.3,1.5,base,0.3,,,100
2024-01-05,quarterly_reset,0.3,1.5,base,0.24048207311892056,,,100
2024-03-01,monthly_stock_cap,0.3,1.5,base,0.001184654674838189,0001045810,,100
2024-04-05,quarterly_reset,0.3,1.5,base,0.16649520691345845,,,100
2024-06-07,monthly_stock_cap,0.3,1.5,base,0.0002088228080346987,0000788965,,100
2024-07-05,quarterly_reset,0.3,1.5,base,0.24590470889205088,,,100
2024-10-04,quarterly_reset,0.3,1.5,base,0.18,,,100
2025-01-03,quarterly_reset,0.3,1.5,base,0.1933295805974515,,,100
2025-04-04,quarterly_reset,0.3,1.5,base,0.09088606302324485,,,100
2025-07-04,quarterly_reset,0.3,1.5,base,0.30311790899904617,,,100
2025-10-03,quarterly_reset,0.3,1.5,base,0.2462192656628961,,,100
2026-01-02,quarterly_reset,0.3,1.5,base,0.19053176536559113,,,100
2026-04-03,quarterly_reset,0.3,1.5,base,0.16699300292815972,,,100
2026-06-05,monthly_stock_cap,0.3,1.5,base,0.014832792472924058,0000723125,,100
2026-07-03,monthly_stock_cap,0.3,1.5,base,0.010835149607363197,0000723125,,100
2023-01-06,quarterly_reset,0.3,,base,0.30000000000000004,,0001431959,100
2023-04-07,quarterly_reset,0.3,,base,0.024777962885188336,,0001431959,100
2023-07-07,quarterly_reset,0.3,,base,0.3,,,100
2023-10-06,quarterly_reset,0.3,,base,0.3,,,100
2024-01-05,quarterly_reset,0.3,,base,0.24048207311892056,,,100
2024-04-05,quarterly_reset,0.3,,base,0.16650285418054614,,,100
2024-07-05,quarterly_reset,0.3,,base,0.2460970238402944,,,100
2024-10-04,quarterly_reset,0.3,,base,0.18000000000000005,,,100
2025-01-03,quarterly_reset,0.3,,base,0.19332958059745164,,,100
2025-04-04,quarterly_reset,0.3,,base,0.09088606302324481,,,100
2025-07-04,quarterly_reset,0.3,,base,0.30311790899904606,,,100
2025-10-03,quarterly_reset,0.3,,base,0.24621926566289615,,,100
2026-01-02,quarterly_reset,0.3,,base,0.19053176536559116,,,100
2026-04-03,quarterly_reset,0.3,,base,0.16699300292815966,,,100
2023-01-06,quarterly_reset,0.1,1.0,adverse,0.09999999999999999,,0001431959,100
2023-02-03,monthly_stock_cap,0.1,1.0,adverse,0.006420625279636495,0001561550|0001743725,,100
2023-03-03,monthly_stock_cap,0.1,1.0,adverse,0.0004704560565904934,0000858470,,100
2023-04-07,quarterly_reset,0.1,1.0,adverse,0.032943016610304465,,0001431959,100
2023-05-05,monthly_stock_cap,0.1,1.0,adverse,0.003991023731171802,0000858470|0001561550,,100
2023-06-02,monthly_stock_cap,0.1,1.0,adverse,0.004093919338511103,0001561550,,100
2023-07-07,quarterly_reset,0.1,1.0,adverse,0.1,,,100
2023-08-04,monthly_stock_cap,0.1,1.0,adverse,0.002867956857674027,0001035002|0001280452,,100
2023-09-01,monthly_stock_cap,0.1,1.0,adverse,0.0008065864984656822,0001035002,,100
2023-10-06,quarterly_reset,0.1,1.0,adverse,0.09999999999999999,,,100
2023-11-03,monthly_stock_cap,0.1,1.0,adverse,0.003361357147546453,0000889900|0001694028,,100
2024-01-05,quarterly_reset,0.1,1.0,adverse,0.08049220346622954,,,100
2024-02-02,monthly_stock_cap,0.1,1.0,adverse,0.006748349452531648,0000936395|0001045810,,100
2024-03-01,monthly_stock_cap,0.1,1.0,adverse,0.005897582471296514,0000936395|0001045810,,100
2024-04-05,quarterly_reset,0.1,1.0,adverse,0.056167951424188525,,,100
2024-05-03,monthly_stock_cap,0.1,1.0,adverse,0.004741553299303475,0000788965|0000909494|0001045810|0001680247,,100
2024-06-07,monthly_stock_cap,0.1,1.0,adverse,0.017104433315104247,0000788965|0000909494|0001045810,,100
2024-07-05,quarterly_reset,0.1,1.0,adverse,0.08045501885970911,,,100
2024-08-02,monthly_stock_cap,0.1,1.0,adverse,0.0025947495217834918,0000004447|0000045012,,100
2024-09-06,monthly_stock_cap,0.1,1.0,adverse,0.003133099578447088,0001162194,,100
2024-10-04,quarterly_reset,0.1,1.0,adverse,0.06250016543095531,,,100
2024-11-01,monthly_stock_cap,0.1,1.0,adverse,0.004562140173887026,0001045810|0001162194|0001562088,,100
2024-12-06,monthly_stock_cap,0.1,1.0,adverse,0.013090407511518659,0001507605|0001562088,,100
2025-01-03,quarterly_reset,0.1,1.0,adverse,0.06091774121216771,,,100
2025-02-07,monthly_stock_cap,0.1,1.0,adverse,0.003786063203738976,0000889900|0001562088,,100
2025-04-04,quarterly_reset,0.1,1.0,adverse,0.03561649852666957,,,100
2025-05-02,monthly_stock_cap,0.1,1.0,adverse,0.009919932412570867,0001045810|0001562088,,100
2025-06-06,monthly_stock_cap,0.1,1.0,adverse,0.0026689955521389556,0001045810|0001658566,,100
2025-07-04,quarterly_reset,0.1,1.0,adverse,0.09999999999999998,,,100
2025-08-01,monthly_stock_cap,0.1,1.0,adverse,0.0028689822994567727,0001511737|0001751008,,100
2025-09-05,monthly_stock_cap,0.1,1.0,adverse,0.012524852460365186,0000723125|0000927003|0001511737|0001751008,,100
2025-10-03,quarterly_reset,0.1,1.0,adverse,0.07167800662143795,,,100
2025-11-07,monthly_stock_cap,0.1,1.0,adverse,0.005486002495948738,0000033213|0000723125|0001321655,,100
2026-01-02,quarterly_reset,0.1,1.0,adverse,0.064081624367359,,,100
2026-02-06,monthly_stock_cap,0.1,1.0,adverse,0.018661544490667866,0000723125|0000751978|0000912093|0001992243,,100
2026-03-06,monthly_stock_cap,0.1,1.0,adverse,0.0004221659365784451,0000912093,,100
2026-04-03,quarterly_reset,0.1,1.0,adverse,0.04373504451285586,,,100
2026-05-01,monthly_stock_cap,0.1,1.0,adverse,0.015058436136640365,0000723125|0000751978|0001713445,,100
2026-06-05,monthly_stock_cap,0.1,1.0,adverse,0.008465326205557707,0000723125,,100
2026-07-03,monthly_stock_cap,0.1,1.0,adverse,0.004057278012083909,0000723125|0001713445,,100
2023-01-06,quarterly_reset,0.1,1.25,adverse,0.09999999999999999,,0001431959,100
2023-04-07,quarterly_reset,0.1,1.25,adverse,0.027087639856910636,,0001431959,100
2023-06-02,monthly_stock_cap,0.1,1.25,adverse,0.003396186612104762,0001561550,,100
2023-07-07,quarterly_reset,0.1,1.25,adverse,0.09999999999999996,,,100
2023-10-06,quarterly_reset,0.1,1.25,adverse,0.09999999999999994,,,100
2024-01-05,quarterly_reset,0.1,1.25,adverse,0.08048328835592197,,,100
2024-03-01,monthly_stock_cap,0.1,1.25,adverse,0.005177670022137791,0001045810,,100
2024-04-05,quarterly_reset,0.1,1.25,adverse,0.05618863230600755,,,100
2024-06-07,monthly_stock_cap,0.1,1.25,adverse,0.0075664605779288295,0000788965|0001045810,,100
2024-07-05,quarterly_reset,0.1,1.25,adverse,0.07999999999999997,,,100
2024-10-04,quarterly_reset,0.1,1.25,adverse,0.05999999999999994,,,100
2024-12-06,monthly_stock_cap,0.1,1.25,adverse,0.005057303170793108,0001507605,,100
2025-01-03,quarterly_reset,0.1,1.25,adverse,0.061775792148729226,,,100
2025-04-04,quarterly_reset,0.1,1.25,adverse,0.032457821935289476,,,100
2025-05-02,monthly_stock_cap,0.1,1.25,adverse,0.0038385401598012904,0001562088,,100
2025-07-04,quarterly_reset,0.1,1.25,adverse,0.1,,,100
2025-09-05,monthly_stock_cap,0.1,1.25,adverse,0.003866002825323194,0001511737|0001751008,,100
2025-10-03,quarterly_reset,0.1,1.25,adverse,0.08568182203459825,,,100
2026-01-02,quarterly_reset,0.1,1.25,adverse,0.0639271291130969,,,100
2026-02-06,monthly_stock_cap,0.1,1.25,adverse,0.004288505506764344,0000751978|0000912093,,100
2026-03-06,monthly_stock_cap,0.1,1.25,adverse,0.0005366504259408295,0000912093,,100
2026-04-03,quarterly_reset,0.1,1.25,adverse,0.053030767518494955,,,100
2026-05-01,monthly_stock_cap,0.1,1.25,adverse,0.0043124726511925135,0000723125|0000751978,,100
2026-06-05,monthly_stock_cap,0.1,1.25,adverse,0.01052300124553074,0000723125,,100
2026-07-03,monthly_stock_cap,0.1,1.25,adverse,0.003576562385920827,0000723125,,100
2023-01-06,quarterly_reset,0.1,1.5,adverse,0.09999999999999999,,0001431959,100
2023-04-07,quarterly_reset,0.1,1.5,adverse,0.027087639856910636,,0001431959,100
2023-07-07,quarterly_reset,0.1,1.5,adverse,0.09999999999999995,,,100
2023-10-06,quarterly_reset,0.1,1.5,adverse,0.09999999999999994,,,100
2024-01-05,quarterly_reset,0.1,1.5,adverse,0.08048328835592204,,,100
2024-03-01,monthly_stock_cap,0.1,1.5,adverse,0.00017767002213779827,0001045810,,100
2024-04-05,quarterly_reset,0.1,1.5,adverse,0.05619886326749579,,,100
2024-06-07,monthly_stock_cap,0.1,1.5,adverse,0.0011703741422301726,0000788965,,100
2024-07-05,quarterly_reset,0.1,1.5,adverse,0.08162095382795329,,,100
2024-10-04,quarterly_reset,0.1,1.5,adverse,0.06,,,100
2024-12-06,monthly_stock_cap,0.1,1.5,adverse,5.730317079310131e-05,0001507605,,100
2025-01-03,quarterly_reset,0.1,1.5,adverse,0.06574063998894811,,,100
2025-04-04,quarterly_reset,0.1,1.5,adverse,0.032457821935289524,,,100
2025-07-04,quarterly_reset,0.1,1.5,adverse,0.1013402264320229,,,100
2025-10-03,quarterly_reset,0.1,1.5,adverse,0.09028995029912062,,,100
2026-01-02,quarterly_reset,0.1,1.5,adverse,0.06392712911309685,,,100
2026-04-03,quarterly_reset,0.1,1.5,adverse,0.05917336836794082,,,100
2026-06-05,monthly_stock_cap,0.1,1.5,adverse,0.005664098090873435,0000723125,,100
2026-07-03,monthly_stock_cap,0.1,1.5,adverse,0.004255638926455106,0000723125,,100
2023-01-06,quarterly_reset,0.1,,adverse,0.09999999999999999,,0001431959,100
2023-04-07,quarterly_reset,0.1,,adverse,0.027087639856910636,,0001431959,100
2023-07-07,quarterly_reset,0.1,,adverse,0.09999999999999995,,,100
2023-10-06,quarterly_reset,0.1,,adverse,0.09999999999999994,,,100
2024-01-05,quarterly_reset,0.1,,adverse,0.08048328835592204,,,100
2024-04-05,quarterly_reset,0.1,,adverse,0.0561992266527743,,,100
2024-07-05,quarterly_reset,0.1,,adverse,0.08262827177505119,,,100
2024-10-04,quarterly_reset,0.1,,adverse,0.05999999999999996,,,100
2025-01-03,quarterly_reset,0.1,,adverse,0.06578613140356619,,,100
2025-04-04,quarterly_reset,0.1,,adverse,0.032457821935289524,,,100
2025-07-04,quarterly_reset,0.1,,adverse,0.1013402264320228,,,100
2025-10-03,quarterly_reset,0.1,,adverse,0.09028995029912062,,,100
2026-01-02,quarterly_reset,0.1,,adverse,0.0639271291130969,,,100
2026-04-03,quarterly_reset,0.1,,adverse,0.059173368367940765,,,100
2023-01-06,quarterly_reset,0.2,1.0,adverse,0.19999999999999998,,0001431959,100
2023-02-03,monthly_stock_cap,0.2,1.0,adverse,0.014642859348904058,0001561550|0001743725,,100
2023-03-03,monthly_stock_cap,0.2,1.0,adverse,0.0017686710851817745,0000858470,,100
2023-04-07,quarterly_reset,0.2,1.0,adverse,0.06400178542148412,,0001431959,100
2023-05-05,monthly_stock_cap,0.2,1.0,adverse,0.010297043282524041,0000858470|0001561550,,100
2023-06-02,monthly_stock_cap,0.2,1.0,adverse,0.008015096050707991,0001561550,,100
2023-07-07,quarterly_reset,0.2,1.0,adverse,0.19999999999999998,,,100
2023-08-04,monthly_stock_cap,0.2,1.0,adverse,0.005804735680881543,0001035002|0001280452,,100
2023-09-01,monthly_stock_cap,0.2,1.0,adverse,0.0020231889031902253,0000896429|0001035002,,100
2023-10-06,quarterly_reset,0.2,1.0,adverse,0.20000000000000004,,,100
2023-11-03,monthly_stock_cap,0.2,1.0,adverse,0.006572225049559805,0000889900|0001694028,,100
2024-01-05,quarterly_reset,0.2,1.0,adverse,0.1606819147301829,,,100
2024-02-02,monthly_stock_cap,0.2,1.0,adverse,0.013773491058714124,0000936395|0001045810,,100
2024-03-01,monthly_stock_cap,0.2,1.0,adverse,0.011971615356129882,0000936395|0001045810,,100
2024-04-05,quarterly_reset,0.2,1.0,adverse,0.11158081241162288,,,100
2024-05-03,monthly_stock_cap,0.2,1.0,adverse,0.009060063672447848,0000788965|0000909494|0001045810|0001680247,,100
2024-06-07,monthly_stock_cap,0.2,1.0,adverse,0.03189814899294326,0000788965|0000909494|0001045810,,100
2024-07-05,quarterly_reset,0.2,1.0,adverse,0.16040852954257048,,,100
2024-08-02,monthly_stock_cap,0.2,1.0,adverse,0.005093567391306952,0000004447|0000045012,,100
2024-09-06,monthly_stock_cap,0.2,1.0,adverse,0.006348259956088588,0001162194,,100
2024-10-04,quarterly_reset,0.2,1.0,adverse,0.1250110998114627,,,100
2024-11-01,monthly_stock_cap,0.2,1.0,adverse,0.008921848079376756,0001045810|0001162194|0001562088,,100
2024-12-06,monthly_stock_cap,0.2,1.0,adverse,0.02501802529119897,0001507605|0001562088,,100
2025-01-03,quarterly_reset,0.2,1.0,adverse,0.12171985082320427,,,100
2025-02-07,monthly_stock_cap,0.2,1.0,adverse,0.007623591988149876,0000889900|0001562088,,100
2025-04-04,quarterly_reset,0.2,1.0,adverse,0.068494048731007,,,100
2025-05-02,monthly_stock_cap,0.2,1.0,adverse,0.019068978683601242,0001045810|0001562088,,100
2025-06-06,monthly_stock_cap,0.2,1.0,adverse,0.005191832441835549,0001045810,,100
2025-07-04,quarterly_reset,0.2,1.0,adverse,0.2,,,100
2025-08-01,monthly_stock_cap,0.2,1.0,adverse,0.00574140267735278,0001511737|0001751008,,100
2025-09-05,monthly_stock_cap,0.2,1.0,adverse,0.022249424076482463,0000723125|0000927003|0001511737|0001751008,,100
2025-10-03,quarterly_reset,0.2,1.0,adverse,0.13965985058094696,,,100
2025-11-07,monthly_stock_cap,0.2,1.0,adverse,0.010852963126738443,0000033213|0000723125|0001321655,,100
2026-01-02,quarterly_reset,0.2,1.0,adverse,0.12771196095175225,,,100
2026-02-06,monthly_stock_cap,0.2,1.0,adverse,0.034289257846408835,0000723125|0000751978|0000912093,,100
2026-03-06,monthly_stock_cap,0.2,1.0,adverse,0.0010466947662917466,0000912093,,100
2026-04-03,quarterly_reset,0.2,1.0,adverse,0.08791083892905108,,,100
2026-05-01,monthly_stock_cap,0.2,1.0,adverse,0.028350506100237042,0000723125|0000751978|0001713445,,100
2026-06-05,monthly_stock_cap,0.2,1.0,adverse,0.01708682783383652,0000723125,,100
2026-07-03,monthly_stock_cap,0.2,1.0,adverse,0.007567984250119004,0000723125|0001713445,,100
2023-01-06,quarterly_reset,0.2,1.25,adverse,0.19999999999999998,,0001431959,100
2023-04-07,quarterly_reset,0.2,1.25,adverse,0.0503072930055246,,0001431959,100
2023-06-02,monthly_stock_cap,0.2,1.25,adverse,0.008024667934220246,0001561550,,100
2023-07-07,quarterly_reset,0.2,1.25,adverse,0.19999999999999996,,,100
2023-10-06,quarterly_reset,0.2,1.25,adverse,0.19999999999999993,,,100
2024-01-05,quarterly_reset,0.2,1.25,adverse,0.16064662369310223,,,100
2024-02-02,monthly_stock_cap,0.2,1.25,adverse,6.602887414708597e-05,0001045810,,100
2024-03-01,monthly_stock_cap,0.2,1.25,adverse,0.010492764918152809,0001045810,,100
2024-04-05,quarterly_reset,0.2,1.25,adverse,0.11166521112961446,,,100
2024-06-07,monthly_stock_cap,0.2,1.25,adverse,0.013063448507463575,0000788965|0001045810,,100
2024-07-05,quarterly_reset,0.2,1.25,adverse,0.16,,,100
2024-10-04,quarterly_reset,0.2,1.25,adverse,0.12000000000000001,,,100
2024-12-06,monthly_stock_cap,0.2,1.25,adverse,0.009422267166948179,0001507605,,100
2025-01-03,quarterly_reset,0.2,1.25,adverse,0.12249551518969248,,,100
2025-04-04,quarterly_reset,0.2,1.25,adverse,0.06280126284534009,,,100
2025-05-02,monthly_stock_cap,0.2,1.25,adverse,0.007231742558170614,0001562088,,100
2025-07-04,quarterly_reset,0.2,1.25,adverse,0.19999999999999996,,,100
2025-09-05,monthly_stock_cap,0.2,1.25,adverse,0.006026304429060923,0001511737|0001751008,,100
2025-10-03,quarterly_reset,0.2,1.25,adverse,0.16516436510699894,,,100
2026-01-02,quarterly_reset,0.2,1.25,adverse,0.12744304600680395,,,100
2026-02-06,monthly_stock_cap,0.2,1.25,adverse,0.006885935617574382,0000751978|0000912093,,100
2026-03-06,monthly_stock_cap,0.2,1.25,adverse,0.0013346662564234922,0000912093,,100
2026-04-03,quarterly_reset,0.2,1.25,adverse,0.10444063904970623,,,100
2026-05-01,monthly_stock_cap,0.2,1.25,adverse,0.00775592201008036,0000751978,,100
2026-06-05,monthly_stock_cap,0.2,1.25,adverse,0.02055131683985216,0000723125,,100
2026-07-03,monthly_stock_cap,0.2,1.25,adverse,0.006665040997232658,0000723125,,100
2023-01-06,quarterly_reset,0.2,1.5,adverse,0.19999999999999998,,0001431959,100
2023-04-07,quarterly_reset,0.2,1.5,adverse,0.0503072930055246,,0001431959,100
2023-07-07,quarterly_reset,0.2,1.5,adverse,0.19999999999999996,,,100
2023-10-06,quarterly_reset,0.2,1.5,adverse,0.19999999999999998,,,100
2024-01-05,quarterly_reset,0.2,1.5,adverse,0.1606466236931023,,,100
2024-03-01,monthly_stock_cap,0.2,1.5,adverse,0.0005717759751769759,0001045810,,100
2024-04-05,quarterly_reset,0.2,1.5,adverse,0.11170787459642056,,,100
2024-06-07,monthly_stock_cap,0.2,1.5,adverse,0.0012201958641803044,0000788965,,100
2024-07-05,quarterly_reset,0.2,1.5,adverse,0.16357220780319023,,,100
2024-10-04,quarterly_reset,0.2,1.5,adverse,0.11999999999999998,,,100
2025-01-03,quarterly_reset,0.2,1.5,adverse,0.130220746294007,,,100
2025-04-04,quarterly_reset,0.2,1.5,adverse,0.06280126284534007,,,100
2025-07-04,quarterly_reset,0.2,1.5,adverse,0.20237908198075769,,,100
2025-10-03,quarterly_reset,0.2,1.5,adverse,0.17209550040071933,,,100
2026-01-02,quarterly_reset,0.2,1.5,adverse,0.12744304600680398,,,100
2026-04-03,quarterly_reset,0.2,1.5,adverse,0.11477450484726215,,,100
2026-06-05,monthly_stock_cap,0.2,1.5,adverse,0.010601023728332023,0000723125,,100
2026-07-03,monthly_stock_cap,0.2,1.5,adverse,0.007858001854404675,0000723125,,100
2023-01-06,quarterly_reset,0.2,,adverse,0.19999999999999998,,0001431959,100
2023-04-07,quarterly_reset,0.2,,adverse,0.0503072930055246,,0001431959,100
2023-07-07,quarterly_reset,0.2,,adverse,0.19999999999999996,,,100
2023-10-06,quarterly_reset,0.2,,adverse,0.19999999999999998,,,100
2024-01-05,quarterly_reset,0.2,,adverse,0.1606466236931023,,,100
2024-04-05,quarterly_reset,0.2,,adverse,0.1117102730801422,,,100
2024-07-05,quarterly_reset,0.2,,adverse,0.16465887782554395,,,100
2024-10-04,quarterly_reset,0.2,,adverse,0.12,,,100
2025-01-03,quarterly_reset,0.2,,adverse,0.13022074629400704,,,100
2025-04-04,quarterly_reset,0.2,,adverse,0.06280126284534002,,,100
2025-07-04,quarterly_reset,0.2,,adverse,0.20237908198075785,,,100
2025-10-03,quarterly_reset,0.2,,adverse,0.1720955004007194,,,100
2026-01-02,quarterly_reset,0.2,,adverse,0.12744304600680398,,,100
2026-04-03,quarterly_reset,0.2,,adverse,0.11477450484726216,,,100
2023-01-06,quarterly_reset,0.3,1.0,adverse,0.30000000000000004,,0001431959,100
2023-02-03,monthly_stock_cap,0.3,1.0,adverse,0.02477365981993015,0001561550|0001743725,,100
2023-03-03,monthly_stock_cap,0.3,1.0,adverse,0.003941099774261188,0000858470,,100
2023-04-07,quarterly_reset,0.3,1.0,adverse,0.09306650927830035,,0001431959,100
2023-05-05,monthly_stock_cap,0.3,1.0,adverse,0.019105734273027704,0000858470|0001561550,,100
2023-06-02,monthly_stock_cap,0.3,1.0,adverse,0.0117614247897636,0001561550,,100
2023-07-07,quarterly_reset,0.3,1.0,adverse,0.30000000000000004,,,100
2023-08-04,monthly_stock_cap,0.3,1.0,adverse,0.008810502337151452,0001035002|0001280452,,100
2023-09-01,monthly_stock_cap,0.3,1.0,adverse,0.00389552550828409,0000896429|0001035002,,100
2023-10-06,quarterly_reset,0.3,1.0,adverse,0.3,,,100
2023-11-03,monthly_stock_cap,0.3,1.0,adverse,0.009633385777338167,0000889900|0001694028,,100
2024-01-05,quarterly_reset,0.3,1.0,adverse,0.24056061148704574,,,100
2024-02-02,monthly_stock_cap,0.3,1.0,adverse,0.02107789040446122,0000936395|0001045810,,100
2024-03-01,monthly_stock_cap,0.3,1.0,adverse,0.018229827480090274,0000936395|0001045810,,100
2024-04-05,quarterly_reset,0.3,1.0,adverse,0.16620129966921995,,,100
2024-05-03,monthly_stock_cap,0.3,1.0,adverse,0.012958691075406661,0000788965|0000909494|0001045810|0001680247,,100
2024-06-07,monthly_stock_cap,0.3,1.0,adverse,0.0444811370312115,0000788965|0000909494|0001045810,,100
2024-07-05,quarterly_reset,0.3,1.0,adverse,0.24000000000000002,,,100
2024-08-02,monthly_stock_cap,0.3,1.0,adverse,0.007496777329110901,0000004447|0000045012,,100
2024-09-06,monthly_stock_cap,0.3,1.0,adverse,0.009646502769124323,0001162194,,100
2024-10-04,quarterly_reset,0.3,1.0,adverse,0.1875333287548404,,,100
2024-11-01,monthly_stock_cap,0.3,1.0,adverse,0.01308007430484628,0001045810|0001162194|0001562088,,100
2024-12-06,monthly_stock_cap,0.3,1.0,adverse,0.03582277113166192,0001507605|0001562088,,100
2025-01-03,quarterly_reset,0.3,1.0,adverse,0.18248407475465023,,,100
2025-02-07,monthly_stock_cap,0.3,1.0,adverse,0.01151267714457174,0000889900|0001562088,,100
2025-04-04,quarterly_reset,0.3,1.0,adverse,0.09845345850346221,,,100
2025-05-02,monthly_stock_cap,0.3,1.0,adverse,0.027464858552905536,0001045810|0001562088,,100
2025-06-06,monthly_stock_cap,0.3,1.0,adverse,0.007729255033854129,0001045810,,100
2025-07-04,quarterly_reset,0.3,1.0,adverse,0.3,,,100
2025-08-01,monthly_stock_cap,0.3,1.0,adverse,0.008617261547303783,0001511737|0001751008,,100
2025-09-05,monthly_stock_cap,0.3,1.0,adverse,0.029299009148378442,0000723125|0000927003|0001511737|0001751008,,100
2025-10-03,quarterly_reset,0.3,1.0,adverse,0.20409869290244836,,,100
2025-11-07,monthly_stock_cap,0.3,1.0,adverse,0.016101206192906774,0000033213|0000723125|0001321655,,100
2026-01-02,quarterly_reset,0.3,1.0,adverse,0.19087224064669164,,,100
2026-02-06,monthly_stock_cap,0.3,1.0,adverse,0.04788460823898931,0000723125|0000751978|0000912093,,100
2026-03-06,monthly_stock_cap,0.3,1.0,adverse,0.001866228962416441,0000912093,,100
2026-04-03,quarterly_reset,0.3,1.0,adverse,0.13255793163864402,,,100
2026-05-01,monthly_stock_cap,0.3,1.0,adverse,0.03993783715438782,0000723125|0000751978|0001713445,,100
2026-06-05,monthly_stock_cap,0.3,1.0,adverse,0.02584916940860576,0000723125,,100
2026-07-03,monthly_stock_cap,0.3,1.0,adverse,0.010532493526829096,0000723125|0001713445,,100
2023-01-06,quarterly_reset,0.3,1.25,adverse,0.30000000000000004,,0001431959,100
2023-04-07,quarterly_reset,0.3,1.25,adverse,0.07209356127170892,,0001431959,100
2023-06-02,monthly_stock_cap,0.3,1.25,adverse,0.01396743900448875,0001561550,,100
2023-07-07,quarterly_reset,0.3,1.25,adverse,0.3,,,100
2023-10-06,quarterly_reset,0.3,1.25,adverse,0.3000000000000001,,,100
2024-01-05,quarterly_reset,0.3,1.25,adverse,0.24048207311892056,,,100
2024-02-02,monthly_stock_cap,0.3,1.25,adverse,0.00032203029607855545,0001045810,,100
2024-03-01,monthly_stock_cap,0.3,1.25,adverse,0.015801201860936462,0001045810,,100
2024-04-05,quarterly_reset,0.3,1.25,adverse,0.16639313962416927,,,100
2024-06-07,monthly_stock_cap,0.3,1.25,adverse,0.0166005874124085,0000788965|0001045810,,100
2024-07-05,quarterly_reset,0.3,1.25,adverse,0.24000000000000005,,,100
2024-10-04,quarterly_reset,0.3,1.25,adverse,0.18000000000000002,,,100
2024-12-06,monthly_stock_cap,0.3,1.25,adverse,0.01311854061258219,0001507605,,100
2025-01-03,quarterly_reset,0.3,1.25,adverse,0.1822213771539016,,,100
2025-04-04,quarterly_reset,0.3,1.25,adverse,0.09088606302324488,,,100
2025-05-02,monthly_stock_cap,0.3,1.25,adverse,0.010189843816104086,0001562088,,100
2025-07-04,quarterly_reset,0.3,1.25,adverse,0.30000000000000004,,,100
2025-09-05,monthly_stock_cap,0.3,1.25,adverse,0.0065606602284401854,0001511737|0001751008,,100
2025-10-03,quarterly_reset,0.3,1.25,adverse,0.23891017676584841,,,100
2026-01-02,quarterly_reset,0.3,1.25,adverse,0.19053176536559116,,,100
2026-02-06,monthly_stock_cap,0.3,1.25,adverse,0.007870093514327665,0000751978|0000912093,,100
2026-03-06,monthly_stock_cap,0.3,1.25,adverse,0.0023850039000265946,0000912093,,100
2026-04-03,quarterly_reset,0.3,1.25,adverse,0.15424849546847919,,,100
2026-05-01,monthly_stock_cap,0.3,1.25,adverse,0.010626351427285661,0000751978,,100
2026-06-05,monthly_stock_cap,0.3,1.25,adverse,0.029731537837554264,0000723125,,100
2026-07-03,monthly_stock_cap,0.3,1.25,adverse,0.009282688268167838,0000723125,,100
2023-01-06,quarterly_reset,0.3,1.5,adverse,0.30000000000000004,,0001431959,100
2023-04-07,quarterly_reset,0.3,1.5,adverse,0.07209356127170892,,0001431959,100
2023-07-07,quarterly_reset,0.3,1.5,adverse,0.3,,,100
2023-10-06,quarterly_reset,0.3,1.5,adverse,0.30000000000000004,,,100
2024-01-05,quarterly_reset,0.3,1.5,adverse,0.24048207311892056,,,100
2024-03-01,monthly_stock_cap,0.3,1.5,adverse,0.0011846546748382183,0001045810,,100
2024-04-05,quarterly_reset,0.3,1.5,adverse,0.16649520691345848,,,100
2024-06-07,monthly_stock_cap,0.3,1.5,adverse,0.0002088228080347224,0000788965,,100
2024-07-05,quarterly_reset,0.3,1.5,adverse,0.2459047088920509,,,100
2024-10-04,quarterly_reset,0.3,1.5,adverse,0.18,,,100
2025-01-03,quarterly_reset,0.3,1.5,adverse,0.19332958059745162,,,100
2025-04-04,quarterly_reset,0.3,1.5,adverse,0.09088606302324474,,,100
2025-07-04,quarterly_reset,0.3,1.5,adverse,0.3031179089990462,,,100
2025-10-03,quarterly_reset,0.3,1.5,adverse,0.24621926566289612,,,100
2026-01-02,quarterly_reset,0.3,1.5,adverse,0.1905317653655912,,,100
2026-04-03,quarterly_reset,0.3,1.5,adverse,0.16699300292815966,,,100
2026-06-05,monthly_stock_cap,0.3,1.5,adverse,0.014832792472924041,0000723125,,100
2026-07-03,monthly_stock_cap,0.3,1.5,adverse,0.010835149607363207,0000723125,,100
2023-01-06,quarterly_reset,0.3,,adverse,0.30000000000000004,,0001431959,100
2023-04-07,quarterly_reset,0.3,,adverse,0.07209356127170892,,0001431959,100
2023-07-07,quarterly_reset,0.3,,adverse,0.3,,,100
2023-10-06,quarterly_reset,0.3,,adverse,0.30000000000000004,,,100
2024-01-05,quarterly_reset,0.3,,adverse,0.24048207311892056,,,100
2024-04-05,quarterly_reset,0.3,,adverse,0.16650285418054606,,,100
2024-07-05,quarterly_reset,0.3,,adverse,0.24609702384029433,,,100
2024-10-04,quarterly_reset,0.3,,adverse,0.18,,,100
2025-01-03,quarterly_reset,0.3,,adverse,0.19332958059745167,,,100
2025-04-04,quarterly_reset,0.3,,adverse,0.09088606302324481,,,100
2025-07-04,quarterly_reset,0.3,,adverse,0.3031179089990462,,,100
2025-10-03,quarterly_reset,0.3,,adverse,0.24621926566289615,,,100
2026-01-02,quarterly_reset,0.3,,adverse,0.19053176536559113,,,100
2026-04-03,quarterly_reset,0.3,,adverse,0.1669930029281597,,,100
2023-01-06,quarterly_reset,0.1,1.0,base,0.09999999999999999,,0001431959,200
2023-02-03,monthly_stock_cap,0.1,1.0,base,0.00573257469601182,0001561550|0001743725,,200
2023-03-03,monthly_stock_cap,0.1,1.0,base,0.00016479914333223267,0000858470,,200
2023-04-07,quarterly_reset,0.1,1.0,base,0.014736040894556702,,0001431959,200
2023-05-05,monthly_stock_cap,0.1,1.0,base,0.0032091824068676378,0000858470|0001561550,,200
2023-06-02,monthly_stock_cap,0.1,1.0,base,0.004170835449723029,0001561550,,200
2023-07-07,quarterly_reset,0.1,1.0,base,0.09999999999999999,,,200
2023-08-04,monthly_stock_cap,0.1,1.0,base,0.0028681853322937603,0001035002|0001280452,,200
2023-09-01,monthly_stock_cap,0.1,1.0,base,0.0008756907818401871,0001035002,,200
2023-10-06,quarterly_reset,0.1,1.0,base,0.1,,,200
2023-11-03,monthly_stock_cap,0.1,1.0,base,0.0033979704542593764,0000889900|0001694028,,200
2024-01-05,quarterly_reset,0.1,1.0,base,0.08041923413472135,,,200
2024-02-02,monthly_stock_cap,0.1,1.0,base,0.006918019480303544,0000936395|0001045810,,200
2024-03-01,monthly_stock_cap,0.1,1.0,base,0.0061189452275198335,0000936395|0001045810,,200
2024-04-05,quarterly_reset,0.1,1.0,base,0.05584397836438155,,,200
2024-05-03,monthly_stock_cap,0.1,1.0,base,0.0050477525678003544,0000788965|0000909494|0001045810|0001680247,,200
2024-06-07,monthly_stock_cap,0.1,1.0,base,0.017377620254538786,0000788965|0000909494|0001045810,,200
2024-07-05,quarterly_reset,0.1,1.0,base,0.08045104672165596,,,200
2024-08-02,monthly_stock_cap,0.1,1.0,base,0.002758263636106453,0000004447|0000045012|0001162194,,200
2024-09-06,monthly_stock_cap,0.1,1.0,base,0.003306747007161856,0001162194,,200
2024-10-04,quarterly_reset,0.1,1.0,base,0.062436276971988766,,,200
2024-11-01,monthly_stock_cap,0.1,1.0,base,0.0048296831146686335,0001045810|0001162194|0001507605|0001562088,,200
2024-12-06,monthly_stock_cap,0.1,1.0,base,0.013157749047005673,0001507605|0001562088,,200
2025-01-03,quarterly_reset,0.1,1.0,base,0.060844831930458455,,,200
2025-02-07,monthly_stock_cap,0.1,1.0,base,0.00382523460194786,0000889900|0001562088,,200
2025-04-04,quarterly_reset,0.1,1.0,base,0.03522718919505459,,,200
2025-05-02,monthly_stock_cap,0.1,1.0,base,0.010128925996453968,0001045810|0001562088,,200
2025-06-06,monthly_stock_cap,0.1,1.0,base,0.0027575486145286427,0001045810|0001658566,,200
2025-07-04,quarterly_reset,0.1,1.0,base,0.09999999999999999,,,200
2025-08-01,monthly_stock_cap,0.1,1.0,base,0.00306713955677634,0001511737|0001751008,,200
2025-09-05,monthly_stock_cap,0.1,1.0,base,0.013050997167821052,0000723125|0000927003|0001511737|0001751008,,200
2025-10-03,quarterly_reset,0.1,1.0,base,0.07240132125965186,,,200
2025-11-07,monthly_stock_cap,0.1,1.0,base,0.005729675859609359,0000033213|0000723125|0001321655,,200
2026-01-02,quarterly_reset,0.1,1.0,base,0.06404429705108426,,,200
2026-02-06,monthly_stock_cap,0.1,1.0,base,0.01866154449066788,0000723125|0000751978|0000912093|0001992243,,200
2026-03-06,monthly_stock_cap,0.1,1.0,base,0.000533082381966341,0000912093,,200
2026-04-03,quarterly_reset,0.1,1.0,base,0.043248370495981674,,,200
2026-05-01,monthly_stock_cap,0.1,1.0,base,0.015124627794728502,0000723125|0000751978|0001713445,,200
2026-06-05,monthly_stock_cap,0.1,1.0,base,0.008497015110920873,0000723125,,200
2026-07-03,monthly_stock_cap,0.1,1.0,base,0.004139546685288299,0000723125|0001713445,,200
2023-01-06,quarterly_reset,0.1,1.25,base,0.09999999999999999,,0001431959,200
2023-04-07,quarterly_reset,0.1,1.25,base,0.009719090193973512,,0001431959,200
2023-06-02,monthly_stock_cap,0.1,1.25,base,0.0029810543452136206,0001561550,,200
2023-07-07,quarterly_reset,0.1,1.25,base,0.09999999999999998,,,200
2023-10-06,quarterly_reset,0.1,1.25,base,0.09999999999999999,,,200
2024-01-05,quarterly_reset,0.1,1.25,base,0.08041101993414745,,,200
2024-02-02,monthly_stock_cap,0.1,1.25,base,4.9711720212078356e-05,0001045810,,200
2024-03-01,monthly_stock_cap,0.1,1.25,base,0.005369040443553128,0001045810,,200
2024-04-05,quarterly_reset,0.1,1.25,base,0.055868263766957145,,,200
2024-06-07,monthly_stock_cap,0.1,1.25,base,0.007971248847398051,0000788965|0001045810,,200
2024-07-05,quarterly_reset,0.1,1.25,base,0.07999999999999997,,,200
2024-10-04,quarterly_reset,0.1,1.25,base,0.06000000000000003,,,200
2024-12-06,monthly_stock_cap,0.1,1.25,base,0.005166889177872642,0001507605,,200
2025-01-03,quarterly_reset,0.1,1.25,base,0.062453677559495276,,,200
2025-04-04,quarterly_reset,0.1,1.25,base,0.032151256901112195,,,200
2025-05-02,monthly_stock_cap,0.1,1.25,base,0.0039592748958210055,0001562088,,200
2025-07-04,quarterly_reset,0.1,1.25,base,0.09999999999999999,,,200
2025-09-05,monthly_stock_cap,0.1,1.25,base,0.004302818414841933,0001511737|0001751008,,200
2025-10-03,quarterly_reset,0.1,1.25,base,0.0868553913284042,,,200
2026-01-02,quarterly_reset,0.1,1.25,base,0.06383031821290146,,,200
2026-02-06,monthly_stock_cap,0.1,1.25,base,0.004288505506764354,0000751978|0000912093,,200
2026-03-06,monthly_stock_cap,0.1,1.25,base,0.0006695668205389273,0000912093,,200
2026-04-03,quarterly_reset,0.1,1.25,base,0.05380511749609915,,,200
2026-05-01,monthly_stock_cap,0.1,1.25,base,0.004360369101008008,0000723125|0000751978,,200
2026-06-05,monthly_stock_cap,0.1,1.25,base,0.010558290442515283,0000723125,,200
2026-07-03,monthly_stock_cap,0.1,1.25,base,0.003614697625197214,0000723125,,200
2023-01-06,quarterly_reset,0.1,1.5,base,0.09999999999999999,,0001431959,200
2023-04-07,quarterly_reset,0.1,1.5,base,0.009719090193973512,,0001431959,200
2023-07-07,quarterly_reset,0.1,1.5,base,0.10000000000000006,,,200
2023-10-06,quarterly_reset,0.1,1.5,base,0.09999999999999999,,,200
2024-01-05,quarterly_reset,0.1,1.5,base,0.08041101993414743,,,200
2024-03-01,monthly_stock_cap,0.1,1.5,base,0.0004290734056934905,0001045810,,200
2024-04-05,quarterly_reset,0.1,1.5,base,0.05588080387952419,,,200
2024-06-07,monthly_stock_cap,0.1,1.5,base,0.0013895538812843296,0000788965,,200
2024-07-05,quarterly_reset,0.1,1.5,base,0.08216653528377242,,,200
2024-10-04,quarterly_reset,0.1,1.5,base,0.05999999999999998,,,200
2024-12-06,monthly_stock_cap,0.1,1.5,base,0.00016688917787264308,0001507605,,200
2025-01-03,quarterly_reset,0.1,1.5,base,0.06642645070351644,,,200
2025-04-04,quarterly_reset,0.1,1.5,base,0.032151256901112195,,,200
2025-07-04,quarterly_reset,0.1,1.5,base,0.1020368507774165,,,200
2025-10-03,quarterly_reset,0.1,1.5,base,0.09198492158982881,,,200
2026-01-02,quarterly_reset,0.1,1.5,base,0.06383031821290139,,,200
2026-04-03,quarterly_reset,0.1,1.5,base,0.0601764037208287,,,200
2026-06-05,monthly_stock_cap,0.1,1.5,base,0.0057290425398470474,0000723125,,200
2026-07-03,monthly_stock_cap,0.1,1.5,base,0.004299211044223886,0000723125,,200
2023-01-06,quarterly_reset,0.1,,base,0.09999999999999999,,0001431959,200
2023-04-07,quarterly_reset,0.1,,base,0.009719090193973512,,0001431959,200
2023-07-07,quarterly_reset,0.1,,base,0.10000000000000006,,,200
2023-10-06,quarterly_reset,0.1,,base,0.09999999999999999,,,200
2024-01-05,quarterly_reset,0.1,,base,0.08041101993414743,,,200
2024-04-05,quarterly_reset,0.1,,base,0.055881857473640585,,,200
2024-07-05,quarterly_reset,0.1,,base,0.0833613088744834,,,200
2024-10-04,quarterly_reset,0.1,,base,0.060000000000000046,,,200
2025-01-03,quarterly_reset,0.1,,base,0.06655919845365446,,,200
2025-04-04,quarterly_reset,0.1,,base,0.03215125690111219,,,200
2025-07-04,quarterly_reset,0.1,,base,0.1020368507774165,,,200
2025-10-03,quarterly_reset,0.1,,base,0.09198492158982881,,,200
2026-01-02,quarterly_reset,0.1,,base,0.06383031821290142,,,200
2026-04-03,quarterly_reset,0.1,,base,0.0601764037208287,,,200
2023-01-06,quarterly_reset,0.2,1.0,base,0.19999999999999998,,0001431959,200
2023-02-03,monthly_stock_cap,0.2,1.0,base,0.011463684779581243,0001561550|0001743725,,200
2023-03-03,monthly_stock_cap,0.2,1.0,base,0.0003582758387775359,0000858470,,200
2023-04-07,quarterly_reset,0.2,1.0,base,0.027795312554381175,,0001431959,200
2023-05-05,monthly_stock_cap,0.2,1.0,base,0.006854687470886563,0000858470|0001561550,,200
2023-06-02,monthly_stock_cap,0.2,1.0,base,0.00822376275561622,0001561550,,200
2023-07-07,quarterly_reset,0.2,1.0,base,0.19999999999999993,,,200
2023-08-04,monthly_stock_cap,0.2,1.0,base,0.005805142510098895,0001035002|0001280452,,200
2023-09-01,monthly_stock_cap,0.2,1.0,base,0.0022709121029334004,0000896429|0001035002,,200
2023-10-06,quarterly_reset,0.2,1.0,base,0.19999999999999998,,,200
2023-11-03,monthly_stock_cap,0.2,1.0,base,0.0066370834976863585,0000889900|0001694028,,200
2024-01-05,quarterly_reset,0.2,1.0,base,0.16054851974267342,,,200
2024-02-02,monthly_stock_cap,0.2,1.0,base,0.014076795843537914,0000936395|0001045810,,200
2024-03-01,monthly_stock_cap,0.2,1.0,base,0.012381015946290944,0000936395|0001045810,,200
2024-04-05,quarterly_reset,0.2,1.0,base,0.11097382298987861,,,200
2024-05-03,monthly_stock_cap,0.2,1.0,base,0.009601482108666667,0000788965|0000909494|0001045810|0001680247,,200
2024-06-07,monthly_stock_cap,0.2,1.0,base,0.03237934845211655,0000788965|0000909494|0001045810,,200
2024-07-05,quarterly_reset,0.2,1.0,base,0.16039346045292777,,,200
2024-08-02,monthly_stock_cap,0.2,1.0,base,0.005378874265407167,0000004447|0000045012,,200
2024-09-06,monthly_stock_cap,0.2,1.0,base,0.00666455011633058,0001162194,,200
2024-10-04,quarterly_reset,0.2,1.0,base,0.12489587671144436,,,200
2024-11-01,monthly_stock_cap,0.2,1.0,base,0.009343099337941084,0001045810|0001162194|0001562088,,200
2024-12-06,monthly_stock_cap,0.2,1.0,base,0.025215077654923493,0001507605|0001562088,,200
2025-01-03,quarterly_reset,0.2,1.0,base,0.12158304433973958,,,200
2025-02-07,monthly_stock_cap,0.2,1.0,base,0.00769330500816528,0000889900|0001562088,,200
2025-04-04,quarterly_reset,0.2,1.0,base,0.06776271554781566,,,200
2025-05-02,monthly_stock_cap,0.2,1.0,base,0.01943462683378072,0001045810|0001562088,,200
2025-06-06,monthly_stock_cap,0.2,1.0,base,0.005201097593523562,0001045810,,200
2025-07-04,quarterly_reset,0.2,1.0,base,0.19999999999999998,,,200
2025-08-01,monthly_stock_cap,0.2,1.0,base,0.0060935297050678655,0001511737|0001751008,,200
2025-09-05,monthly_stock_cap,0.2,1.0,base,0.023166401155466382,0000723125|0000927003|0001511737|0001751008,,200
2025-10-03,quarterly_reset,0.2,1.0,base,0.1409361264635977,,,200
2025-11-07,monthly_stock_cap,0.2,1.0,base,0.01128519309812134,0000033213|0000723125|0001321655,,200
2026-01-02,quarterly_reset,0.2,1.0,base,0.12764042212154136,,,200
2026-02-06,monthly_stock_cap,0.2,1.0,base,0.034289257846408856,0000723125|0000751978|0000912093,,200
2026-03-06,monthly_stock_cap,0.2,1.0,base,0.0012543551768761454,0000912093,,200
2026-04-03,quarterly_reset,0.2,1.0,base,0.08704239080541089,,,200
2026-05-01,monthly_stock_cap,0.2,1.0,base,0.028465414883429765,0000723125|0000751978|0001713445,,200
2026-06-05,monthly_stock_cap,0.2,1.0,base,0.01715279489124768,0000723125,,200
2026-07-03,monthly_stock_cap,0.2,1.0,base,0.007729381205793205,0000723125|0001713445,,200
2023-01-06,quarterly_reset,0.2,1.25,base,0.19999999999999998,,0001431959,200
2023-04-07,quarterly_reset,0.2,1.25,base,0.01746700860265073,,0001431959,200
2023-06-02,monthly_stock_cap,0.2,1.25,base,0.006064699019189869,0001561550,,200
2023-07-07,quarterly_reset,0.2,1.25,base,0.2,,,200
2023-10-06,quarterly_reset,0.2,1.25,base,0.19999999999999996,,,200
2024-01-05,quarterly_reset,0.2,1.25,base,0.160516081824729,,,200
2024-02-02,monthly_stock_cap,0.2,1.25,base,0.00022796446962521864,0001045810,,200
2024-03-01,monthly_stock_cap,0.2,1.25,base,0.010747819758839802,0001045810,,200
2024-04-05,quarterly_reset,0.2,1.25,base,0.11107250876098694,,,200
2024-06-07,monthly_stock_cap,0.2,1.25,base,0.01375681502789122,0000788965|0001045810,,200
2024-07-05,quarterly_reset,0.2,1.25,base,0.15999999999999998,,,200
2024-10-04,quarterly_reset,0.2,1.25,base,0.11999999999999998,,,200
2024-12-06,monthly_stock_cap,0.2,1.25,base,0.009612540925267959,0001507605,,200
2025-01-03,quarterly_reset,0.2,1.25,base,0.12369478869973229,,,200
2025-04-04,quarterly_reset,0.2,1.25,base,0.06223208568387177,,,200
2025-05-02,monthly_stock_cap,0.2,1.25,base,0.007442975994469361,0001562088,,200
2025-07-04,quarterly_reset,0.2,1.25,base,0.19999999999999998,,,200
2025-09-05,monthly_stock_cap,0.2,1.25,base,0.006777707050431832,0001511737|0001751008,,200
2025-10-03,quarterly_reset,0.2,1.25,base,0.16713962093430199,,,200
2026-01-02,quarterly_reset,0.2,1.25,base,0.12726661231117053,,,200
2026-02-06,monthly_stock_cap,0.2,1.25,base,0.006885935617574383,0000751978|0000912093,,200
2026-03-06,monthly_stock_cap,0.2,1.25,base,0.0015720841782348694,0000912093,,200
2026-04-03,quarterly_reset,0.2,1.25,base,0.10579850009815911,,,200
2026-05-01,monthly_stock_cap,0.2,1.25,base,0.007800658377315036,0000751978,,200
2026-06-05,monthly_stock_cap,0.2,1.25,base,0.02067009962454113,0000723125,,200
2026-07-03,monthly_stock_cap,0.2,1.25,base,0.006738109237365613,0000723125,,200
2023-01-06,quarterly_reset,0.2,1.5,base,0.19999999999999998,,0001431959,200
2023-04-07,quarterly_reset,0.2,1.5,base,0.01746700860265073,,0001431959,200
2023-07-07,quarterly_reset,0.2,1.5,base,0.19999999999999998,,,200
2023-10-06,quarterly_reset,0.2,1.5,base,0.20000000000000004,,,200
2024-01-05,quarterly_reset,0.2,1.5,base,0.1605160818247289,,,200
2024-03-01,monthly_stock_cap,0.2,1.5,base,0.001021522184270205,0001045810,,200
2024-04-05,quarterly_reset,0.2,1.5,base,0.11112525349229775,,,200
2024-06-07,monthly_stock_cap,0.2,1.5,base,0.001595631380667657,0000788965,,200
2024-07-05,quarterly_reset,0.2,1.5,base,0.16453524605843028,,,200
2024-10-04,quarterly_reset,0.2,1.5,base,0.12000000000000001,,,200
2025-01-03,quarterly_reset,0.2,1.5,base,0.1315764282616604,,,200
2025-04-04,quarterly_reset,0.2,1.5,base,0.06223208568387178,,,200
2025-07-04,quarterly_reset,0.2,1.5,base,0.2036128914700743,,,200
2025-10-03,quarterly_reset,0.2,1.5,base,0.17491062500928412,,,200
2026-01-02,quarterly_reset,0.2,1.5,base,0.1272666123111705,,,200
2026-04-03,quarterly_reset,0.2,1.5,base,0.11649181921760943,,,200
2026-06-05,monthly_stock_cap,0.2,1.5,base,0.010714113673934378,0000723125,,200
2026-07-03,monthly_stock_cap,0.2,1.5,base,0.007936970184211035,0000723125,,200
2023-01-06,quarterly_reset,0.2,,base,0.19999999999999998,,0001431959,200
2023-04-07,quarterly_reset,0.2,,base,0.01746700860265073,,0001431959,200
2023-07-07,quarterly_reset,0.2,,base,0.19999999999999998,,,200
2023-10-06,quarterly_reset,0.2,,base,0.20000000000000004,,,200
2024-01-05,quarterly_reset,0.2,,base,0.1605160818247289,,,200
2024-04-05,quarterly_reset,0.2,,base,0.11113038933771552,,,200
2024-07-05,quarterly_reset,0.2,,base,0.16595342544155905,,,200
2024-10-04,quarterly_reset,0.2,,base,0.11999999999999994,,,200
2025-01-03,quarterly_reset,0.2,,base,0.1315764282616604,,,200
2025-04-04,quarterly_reset,0.2,,base,0.06223208568387179,,,200
2025-07-04,quarterly_reset,0.2,,base,0.20361289147007428,,,200
2025-10-03,quarterly_reset,0.2,,base,0.1749106250092841,,,200
2026-01-02,quarterly_reset,0.2,,base,0.12726661231117053,,,200
2026-04-03,quarterly_reset,0.2,,base,0.11649181921760944,,,200
2023-01-06,quarterly_reset,0.3,1.0,base,0.30000000000000004,,0001431959,200
2023-02-03,monthly_stock_cap,0.3,1.0,base,0.017193330321064917,0001561550|0001743725,,200
2023-03-03,monthly_stock_cap,0.3,1.0,base,0.0005804941986903556,0000858470,,200
2023-04-07,quarterly_reset,0.3,1.0,base,0.039127333785320434,,0001431959,200
2023-05-05,monthly_stock_cap,0.3,1.0,base,0.010943157653309183,0000858470|0001561550,,200
2023-06-02,monthly_stock_cap,0.3,1.0,base,0.01216009080431434,0001561550,,200
2023-07-07,quarterly_reset,0.3,1.0,base,0.30000000000000004,,,200
2023-08-04,monthly_stock_cap,0.3,1.0,base,0.008811037158463847,0001035002|0001280452,,200
2023-09-01,monthly_stock_cap,0.3,1.0,base,0.004231655513287174,0000896429|0001035002,,200
2023-10-06,quarterly_reset,0.3,1.0,base,0.30000000000000004,,,200
2023-11-03,monthly_stock_cap,0.3,1.0,base,0.009718209778392318,0000889900|0001694028,,200
2024-01-05,quarterly_reset,0.3,1.0,base,0.24037996799570996,,,200
2024-02-02,monthly_stock_cap,0.3,1.0,base,0.021478186999911577,0000936395|0001045810,,200
2024-03-01,monthly_stock_cap,0.3,1.0,base,0.01879290260986136,0000936395|0001045810,,200
2024-04-05,quarterly_reset,0.3,1.0,base,0.16535617792945329,,,200
2024-05-03,monthly_stock_cap,0.3,1.0,base,0.013665480657762498,0000788965|0000909494|0001045810|0001680247,,200
2024-06-07,monthly_stock_cap,0.3,1.0,base,0.04510923866178021,0000788965|0000909494|0001045810,,200
2024-07-05,quarterly_reset,0.3,1.0,base,0.24000000000000002,,,200
2024-08-02,monthly_stock_cap,0.3,1.0,base,0.007870242900570978,0000004447|0000045012,,200
2024-09-06,monthly_stock_cap,0.3,1.0,base,0.010065174299883307,0001162194,,200
2024-10-04,quarterly_reset,0.3,1.0,base,0.1873791225248683,,,200
2024-11-01,monthly_stock_cap,0.3,1.0,base,0.0136310095883124,0001045810|0001162194|0001562088,,200
2024-12-06,monthly_stock_cap,0.3,1.0,base,0.03608189805906387,0001507605|0001562088,,200
2025-01-03,quarterly_reset,0.3,1.0,base,0.18221134815207787,,,200
2025-02-07,monthly_stock_cap,0.3,1.0,base,0.011604274052427994,0000889900|0001562088,,200
2025-04-04,quarterly_reset,0.3,1.0,base,0.09743464917108731,,,200
2025-05-02,monthly_stock_cap,0.3,1.0,base,0.0279372160588987,0001045810|0001562088,,200
2025-06-06,monthly_stock_cap,0.3,1.0,base,0.0077490922741616335,0001045810,,200
2025-07-04,quarterly_reset,0.3,1.0,base,0.30000000000000004,,,200
2025-08-01,monthly_stock_cap,0.3,1.0,base,0.009079228252141466,0001511737|0001751008,,200
2025-09-05,monthly_stock_cap,0.3,1.0,base,0.030482167865394195,0000723125|0000927003|0001511737|0001751008,,200
2025-10-03,quarterly_reset,0.3,1.0,base,0.2057634600984833,,,200
2025-11-07,monthly_stock_cap,0.3,1.0,base,0.01666724298081998,0000033213|0000723125|0001321655,,200
2026-01-02,quarterly_reset,0.3,1.0,base,0.19077032455381016,,,200
2026-02-06,monthly_stock_cap,0.3,1.0,base,0.04788460823898937,0000723125|0000751978|0000912093,,200
2026-03-06,monthly_stock_cap,0.3,1.0,base,0.002155162179816952,0000912093,,200
2026-04-03,quarterly_reset,0.3,1.0,base,0.13139340288390747,,,200
2026-05-01,monthly_stock_cap,0.3,1.0,base,0.04008515195593406,0000723125|0000751978|0001713445,,200
2026-06-05,monthly_stock_cap,0.3,1.0,base,0.025950430702726218,0000723125,,200
2026-07-03,monthly_stock_cap,0.3,1.0,base,0.010769093562697772,0000723125|0001713445,,200
2023-01-06,quarterly_reset,0.3,1.25,base,0.30000000000000004,,0001431959,200
2023-04-07,quarterly_reset,0.3,1.25,base,0.023178485544985732,,0001431959,200
2023-06-02,monthly_stock_cap,0.3,1.25,base,0.009251499267165368,0001561550,,200
2023-07-07,quarterly_reset,0.3,1.25,base,0.3,,,200
2023-10-06,quarterly_reset,0.3,1.25,base,0.29999999999999993,,,200
2024-01-05,quarterly_reset,0.3,1.25,base,0.24030796116674913,,,200
2024-02-02,monthly_stock_cap,0.3,1.25,base,0.000535750193671878,0001045810,,200
2024-03-01,monthly_stock_cap,0.3,1.25,base,0.01613916908180648,0001045810,,200
2024-04-05,quarterly_reset,0.3,1.25,base,0.16558178756389194,,,200
2024-06-07,monthly_stock_cap,0.3,1.25,base,0.017478021210781156,0000788965|0001045810,,200
2024-07-05,quarterly_reset,0.3,1.25,base,0.24000000000000005,,,200
2024-10-04,quarterly_reset,0.3,1.25,base,0.18,,,200
2024-12-06,monthly_stock_cap,0.3,1.25,base,0.013362514981599162,0001507605,,200
2025-01-03,quarterly_reset,0.3,1.25,base,0.18379111003628795,,,200
2025-04-04,quarterly_reset,0.3,1.25,base,0.09010513270240351,,,200
2025-05-02,monthly_stock_cap,0.3,1.25,base,0.010462722809484633,0001562088,,200
2025-07-04,quarterly_reset,0.3,1.25,base,0.30000000000000004,,,200
2025-09-05,monthly_stock_cap,0.3,1.25,base,0.00751543524567127,0001511737|0001751008,,200
2025-10-03,quarterly_reset,0.3,1.25,base,0.24136325104178513,,,200
2026-01-02,quarterly_reset,0.3,1.25,base,0.19029430223347085,,,200
2026-02-06,monthly_stock_cap,0.3,1.25,base,0.007870093514327648,0000751978|0000912093,,200
2026-03-06,monthly_stock_cap,0.3,1.25,base,0.0026971015913988213,0000912093,,200
2026-04-03,quarterly_reset,0.3,1.25,base,0.15600506790140645,,,200
2026-05-01,monthly_stock_cap,0.3,1.25,base,0.010683704128079839,0000751978,,200
2026-06-05,monthly_stock_cap,0.3,1.25,base,0.02988861229410341,0000723125,,200
2026-07-03,monthly_stock_cap,0.3,1.25,base,0.009387108084615422,0000723125,,200
2023-01-06,quarterly_reset,0.3,1.5,base,0.30000000000000004,,0001431959,200
2023-04-07,quarterly_reset,0.3,1.5,base,0.023178485544985732,,0001431959,200
2023-07-07,quarterly_reset,0.3,1.5,base,0.3,,,200
2023-10-06,quarterly_reset,0.3,1.5,base,0.3,,,200
2024-01-05,quarterly_reset,0.3,1.5,base,0.2403079611667491,,,200
2024-03-01,monthly_stock_cap,0.3,1.5,base,0.0017786656345016537,0001045810,,200
2024-04-05,quarterly_reset,0.3,1.5,base,0.1657065805151899,,,200
2024-06-07,monthly_stock_cap,0.3,1.5,base,0.0006839247946036301,0000788965,,200
2024-07-05,quarterly_reset,0.3,1.5,base,0.24715694697614124,,,200
2024-10-04,quarterly_reset,0.3,1.5,base,0.18000000000000005,,,200
2025-01-03,quarterly_reset,0.3,1.5,base,0.19508491866917513,,,200
2025-04-04,quarterly_reset,0.3,1.5,base,0.09010513270240343,,,200
2025-07-04,quarterly_reset,0.3,1.5,base,0.3047312366516339,,,200
2025-10-03,quarterly_reset,0.3,1.5,base,0.24967887617426454,,,200
2026-01-02,quarterly_reset,0.3,1.5,base,0.1902943022334709,,,200
2026-04-03,quarterly_reset,0.3,1.5,base,0.16916524095177377,,,200
2026-06-05,monthly_stock_cap,0.3,1.5,base,0.014978211090120088,0000723125,,200
2026-07-03,monthly_stock_cap,0.3,1.5,base,0.010941508580652624,0000723125,,200
2023-01-06,quarterly_reset,0.3,,base,0.30000000000000004,,0001431959,200
2023-04-07,quarterly_reset,0.3,,base,0.023178485544985732,,0001431959,200
2023-07-07,quarterly_reset,0.3,,base,0.3,,,200
2023-10-06,quarterly_reset,0.3,,base,0.3,,,200
2024-01-05,quarterly_reset,0.3,,base,0.2403079611667491,,,200
2024-04-05,quarterly_reset,0.3,,base,0.1657203176683883,,,200
2024-07-05,quarterly_reset,0.3,,base,0.24778490411316667,,,200
2024-10-04,quarterly_reset,0.3,,base,0.18000000000000002,,,200
2025-01-03,quarterly_reset,0.3,,base,0.195084918669175,,,200
2025-04-04,quarterly_reset,0.3,,base,0.09010513270240345,,,200
2025-07-04,quarterly_reset,0.3,,base,0.304731236651634,,,200
2025-10-03,quarterly_reset,0.3,,base,0.24967887617426443,,,200
2026-01-02,quarterly_reset,0.3,,base,0.1902943022334709,,,200
2026-04-03,quarterly_reset,0.3,,base,0.16916524095177382,,,200
2023-01-06,quarterly_reset,0.1,1.0,adverse,0.09999999999999999,,0001431959,200
2023-02-03,monthly_stock_cap,0.1,1.0,adverse,0.006588639255150482,0001561550|0001743725,,200
2023-03-03,monthly_stock_cap,0.1,1.0,adverse,0.0005458230838299696,0000858470,,200
2023-04-07,quarterly_reset,0.1,1.0,adverse,0.032629750084909856,,0001431959,200
2023-05-05,monthly_stock_cap,0.1,1.0,adverse,0.004087392646389565,0000858470|0001561550,,200
2023-06-02,monthly_stock_cap,0.1,1.0,adverse,0.0041413781380984045,0001561550,,200
2023-07-07,quarterly_reset,0.1,1.0,adverse,0.09999999999999996,,,200
2023-08-04,monthly_stock_cap,0.1,1.0,adverse,0.0028681853322937508,0001035002|0001280452,,200
2023-09-01,monthly_stock_cap,0.1,1.0,adverse,0.0008756907818401946,0001035002,,200
2023-10-06,quarterly_reset,0.1,1.0,adverse,0.09999999999999995,,,200
2023-11-03,monthly_stock_cap,0.1,1.0,adverse,0.0033979704542593634,0000889900|0001694028,,200
2024-01-05,quarterly_reset,0.1,1.0,adverse,0.0804192341347214,,,200
2024-02-02,monthly_stock_cap,0.1,1.0,adverse,0.006918019480303556,0000936395|0001045810,,200
2024-03-01,monthly_stock_cap,0.1,1.0,adverse,0.006118945227519828,0000936395|0001045810,,200
2024-04-05,quarterly_reset,0.1,1.0,adverse,0.05584397836438155,,,200
2024-05-03,monthly_stock_cap,0.1,1.0,adverse,0.005047752567800362,0000788965|0000909494|0001045810|0001680247,,200
2024-06-07,monthly_stock_cap,0.1,1.0,adverse,0.017377620254538793,0000788965|0000909494|0001045810,,200
2024-07-05,quarterly_reset,0.1,1.0,adverse,0.08045104672165601,,,200
2024-08-02,monthly_stock_cap,0.1,1.0,adverse,0.0027582636361064565,0000004447|0000045012|0001162194,,200
2024-09-06,monthly_stock_cap,0.1,1.0,adverse,0.003306747007161847,0001162194,,200
2024-10-04,quarterly_reset,0.1,1.0,adverse,0.062436276971988725,,,200
2024-11-01,monthly_stock_cap,0.1,1.0,adverse,0.004829683114668633,0001045810|0001162194|0001507605|0001562088,,200
2024-12-06,monthly_stock_cap,0.1,1.0,adverse,0.01315774904700567,0001507605|0001562088,,200
2025-01-03,quarterly_reset,0.1,1.0,adverse,0.06084483193045846,,,200
2025-02-07,monthly_stock_cap,0.1,1.0,adverse,0.003825234601947857,0000889900|0001562088,,200
2025-04-04,quarterly_reset,0.1,1.0,adverse,0.03522718919505458,,,200
2025-05-02,monthly_stock_cap,0.1,1.0,adverse,0.010128925996453956,0001045810|0001562088,,200
2025-06-06,monthly_stock_cap,0.1,1.0,adverse,0.002757548614528623,0001045810|0001658566,,200
2025-07-04,quarterly_reset,0.1,1.0,adverse,0.1,,,200
2025-08-01,monthly_stock_cap,0.1,1.0,adverse,0.0030671395567763416,0001511737|0001751008,,200
2025-09-05,monthly_stock_cap,0.1,1.0,adverse,0.013050997167821043,0000723125|0000927003|0001511737|0001751008,,200
2025-10-03,quarterly_reset,0.1,1.0,adverse,0.07240132125965186,,,200
2025-11-07,monthly_stock_cap,0.1,1.0,adverse,0.005729675859609342,0000033213|0000723125|0001321655,,200
2026-01-02,quarterly_reset,0.1,1.0,adverse,0.0640442970510842,,,200
2026-02-06,monthly_stock_cap,0.1,1.0,adverse,0.018661544490667897,0000723125|0000751978|0000912093|0001992243,,200
2026-03-06,monthly_stock_cap,0.1,1.0,adverse,0.0005330823819663335,0000912093,,200
2026-04-03,quarterly_reset,0.1,1.0,adverse,0.043248370495981715,,,200
2026-05-01,monthly_stock_cap,0.1,1.0,adverse,0.015124627794728484,0000723125|0000751978|0001713445,,200
2026-06-05,monthly_stock_cap,0.1,1.0,adverse,0.008497015110920896,0000723125,,200
2026-07-03,monthly_stock_cap,0.1,1.0,adverse,0.004139546685288292,0000723125|0001713445,,200
2023-01-06,quarterly_reset,0.1,1.25,adverse,0.09999999999999999,,0001431959,200
2023-04-07,quarterly_reset,0.1,1.25,adverse,0.02654474348138503,,0001431959,200
2023-06-02,monthly_stock_cap,0.1,1.25,adverse,0.0035127985292755207,0001561550,,200
2023-07-07,quarterly_reset,0.1,1.25,adverse,0.09999999999999999,,,200
2023-10-06,quarterly_reset,0.1,1.25,adverse,0.09999999999999995,,,200
2024-01-05,quarterly_reset,0.1,1.25,adverse,0.08041101993414751,,,200
2024-02-02,monthly_stock_cap,0.1,1.25,adverse,4.971172021207524e-05,0001045810,,200
2024-03-01,monthly_stock_cap,0.1,1.25,adverse,0.005369040443553142,0001045810,,200
2024-04-05,quarterly_reset,0.1,1.25,adverse,0.05586826376695714,,,200
2024-06-07,monthly_stock_cap,0.1,1.25,adverse,0.007971248847398024,0000788965|0001045810,,200
2024-07-05,quarterly_reset,0.1,1.25,adverse,0.07999999999999997,,,200
2024-10-04,quarterly_reset,0.1,1.25,adverse,0.059999999999999956,,,200
2024-12-06,monthly_stock_cap,0.1,1.25,adverse,0.005166889177872638,0001507605,,200
2025-01-03,quarterly_reset,0.1,1.25,adverse,0.0624536775594952,,,200
2025-04-04,quarterly_reset,0.1,1.25,adverse,0.03215125690111218,,,200
2025-05-02,monthly_stock_cap,0.1,1.25,adverse,0.0039592748958209995,0001562088,,200
2025-07-04,quarterly_reset,0.1,1.25,adverse,0.09999999999999998,,,200
2025-09-05,monthly_stock_cap,0.1,1.25,adverse,0.004302818414841897,0001511737|0001751008,,200
2025-10-03,quarterly_reset,0.1,1.25,adverse,0.08685539132840421,,,200
2026-01-02,quarterly_reset,0.1,1.25,adverse,0.06383031821290144,,,200
2026-02-06,monthly_stock_cap,0.1,1.25,adverse,0.004288505506764357,0000751978|0000912093,,200
2026-03-06,monthly_stock_cap,0.1,1.25,adverse,0.0006695668205389218,0000912093,,200
2026-04-03,quarterly_reset,0.1,1.25,adverse,0.0538051174960992,,,200
2026-05-01,monthly_stock_cap,0.1,1.25,adverse,0.004360369101008,0000723125|0000751978,,200
2026-06-05,monthly_stock_cap,0.1,1.25,adverse,0.01055829044251527,0000723125,,200
2026-07-03,monthly_stock_cap,0.1,1.25,adverse,0.0036146976251972157,0000723125,,200
2023-01-06,quarterly_reset,0.1,1.5,adverse,0.09999999999999999,,0001431959,200
2023-04-07,quarterly_reset,0.1,1.5,adverse,0.02654474348138503,,0001431959,200
2023-07-07,quarterly_reset,0.1,1.5,adverse,0.09999999999999999,,,200
2023-10-06,quarterly_reset,0.1,1.5,adverse,0.09999999999999995,,,200
2024-01-05,quarterly_reset,0.1,1.5,adverse,0.08041101993414751,,,200
2024-03-01,monthly_stock_cap,0.1,1.5,adverse,0.0004290734056934913,0001045810,,200
2024-04-05,quarterly_reset,0.1,1.5,adverse,0.05588080387952418,,,200
2024-06-07,monthly_stock_cap,0.1,1.5,adverse,0.0013895538812843332,0000788965,,200
2024-07-05,quarterly_reset,0.1,1.5,adverse,0.08216653528377242,,,200
2024-10-04,quarterly_reset,0.1,1.5,adverse,0.060000000000000026,,,200
2024-12-06,monthly_stock_cap,0.1,1.5,adverse,0.0001668891778726531,0001507605,,200
2025-01-03,quarterly_reset,0.1,1.5,adverse,0.06642645070351649,,,200
2025-04-04,quarterly_reset,0.1,1.5,adverse,0.032151256901112195,,,200
2025-07-04,quarterly_reset,0.1,1.5,adverse,0.10203685077741653,,,200
2025-10-03,quarterly_reset,0.1,1.5,adverse,0.0919849215898288,,,200
2026-01-02,quarterly_reset,0.1,1.5,adverse,0.06383031821290146,,,200
2026-04-03,quarterly_reset,0.1,1.5,adverse,0.06017640372082875,,,200
2026-06-05,monthly_stock_cap,0.1,1.5,adverse,0.005729042539847042,0000723125,,200
2026-07-03,monthly_stock_cap,0.1,1.5,adverse,0.004299211044223883,0000723125,,200
2023-01-06,quarterly_reset,0.1,,adverse,0.09999999999999999,,0001431959,200
2023-04-07,quarterly_reset,0.1,,adverse,0.02654474348138503,,0001431959,200
2023-07-07,quarterly_reset,0.1,,adverse,0.09999999999999999,,,200
2023-10-06,quarterly_reset,0.1,,adverse,0.09999999999999995,,,200
2024-01-05,quarterly_reset,0.1,,adverse,0.08041101993414751,,,200
2024-04-05,quarterly_reset,0.1,,adverse,0.055881857473640516,,,200
2024-07-05,quarterly_reset,0.1,,adverse,0.08336130887448337,,,200
2024-10-04,quarterly_reset,0.1,,adverse,0.059999999999999984,,,200
2025-01-03,quarterly_reset,0.1,,adverse,0.06655919845365446,,,200
2025-04-04,quarterly_reset,0.1,,adverse,0.03215125690111219,,,200
2025-07-04,quarterly_reset,0.1,,adverse,0.10203685077741646,,,200
2025-10-03,quarterly_reset,0.1,,adverse,0.0919849215898288,,,200
2026-01-02,quarterly_reset,0.1,,adverse,0.06383031821290146,,,200
2026-04-03,quarterly_reset,0.1,,adverse,0.06017640372082876,,,200
2023-01-06,quarterly_reset,0.2,1.0,adverse,0.19999999999999998,,0001431959,200
2023-02-03,monthly_stock_cap,0.2,1.0,adverse,0.014953150298756322,0001561550|0001743725,,200
2023-03-03,monthly_stock_cap,0.2,1.0,adverse,0.0019115941139314567,0000858470,,200
2023-04-07,quarterly_reset,0.2,1.0,adverse,0.06340237255751024,,0001431959,200
2023-05-05,monthly_stock_cap,0.2,1.0,adverse,0.010477465461879987,0000858470|0001561550,,200
2023-06-02,monthly_stock_cap,0.2,1.0,adverse,0.008104826808397844,0001561550,,200
2023-07-07,quarterly_reset,0.2,1.0,adverse,0.2,,,200
2023-08-04,monthly_stock_cap,0.2,1.0,adverse,0.005805142510098895,0001035002|0001280452,,200
2023-09-01,monthly_stock_cap,0.2,1.0,adverse,0.0022709121029333835,0000896429|0001035002,,200
2023-10-06,quarterly_reset,0.2,1.0,adverse,0.19999999999999998,,,200
2023-11-03,monthly_stock_cap,0.2,1.0,adverse,0.0066370834976863516,0000889900|0001694028,,200
2024-01-05,quarterly_reset,0.2,1.0,adverse,0.16054851974267342,,,200
2024-02-02,monthly_stock_cap,0.2,1.0,adverse,0.014076795843537921,0000936395|0001045810,,200
2024-03-01,monthly_stock_cap,0.2,1.0,adverse,0.012381015946290949,0000936395|0001045810,,200
2024-04-05,quarterly_reset,0.2,1.0,adverse,0.11097382298987855,,,200
2024-05-03,monthly_stock_cap,0.2,1.0,adverse,0.009601482108666634,0000788965|0000909494|0001045810|0001680247,,200
2024-06-07,monthly_stock_cap,0.2,1.0,adverse,0.032379348452116624,0000788965|0000909494|0001045810,,200
2024-07-05,quarterly_reset,0.2,1.0,adverse,0.1603934604529278,,,200
2024-08-02,monthly_stock_cap,0.2,1.0,adverse,0.005378874265407139,0000004447|0000045012,,200
2024-09-06,monthly_stock_cap,0.2,1.0,adverse,0.006664550116330555,0001162194,,200
2024-10-04,quarterly_reset,0.2,1.0,adverse,0.12489587671144434,,,200
2024-11-01,monthly_stock_cap,0.2,1.0,adverse,0.009343099337941129,0001045810|0001162194|0001562088,,200
2024-12-06,monthly_stock_cap,0.2,1.0,adverse,0.0252150776549235,0001507605|0001562088,,200
2025-01-03,quarterly_reset,0.2,1.0,adverse,0.12158304433973964,,,200
2025-02-07,monthly_stock_cap,0.2,1.0,adverse,0.007693305008165269,0000889900|0001562088,,200
2025-04-04,quarterly_reset,0.2,1.0,adverse,0.06776271554781563,,,200
2025-05-02,monthly_stock_cap,0.2,1.0,adverse,0.019434626833780697,0001045810|0001562088,,200
2025-06-06,monthly_stock_cap,0.2,1.0,adverse,0.005201097593523574,0001045810,,200
2025-07-04,quarterly_reset,0.2,1.0,adverse,0.19999999999999996,,,200
2025-08-01,monthly_stock_cap,0.2,1.0,adverse,0.00609352970506787,0001511737|0001751008,,200
2025-09-05,monthly_stock_cap,0.2,1.0,adverse,0.02316640115546642,0000723125|0000927003|0001511737|0001751008,,200
2025-10-03,quarterly_reset,0.2,1.0,adverse,0.14093612646359768,,,200
2025-11-07,monthly_stock_cap,0.2,1.0,adverse,0.011285193098121371,0000033213|0000723125|0001321655,,200
2026-01-02,quarterly_reset,0.2,1.0,adverse,0.1276404221215414,,,200
2026-02-06,monthly_stock_cap,0.2,1.0,adverse,0.03428925784640884,0000723125|0000751978|0000912093,,200
2026-03-06,monthly_stock_cap,0.2,1.0,adverse,0.001254355176876127,0000912093,,200
2026-04-03,quarterly_reset,0.2,1.0,adverse,0.08704239080541085,,,200
2026-05-01,monthly_stock_cap,0.2,1.0,adverse,0.028465414883429734,0000723125|0000751978|0001713445,,200
2026-06-05,monthly_stock_cap,0.2,1.0,adverse,0.017152794891247672,0000723125,,200
2026-07-03,monthly_stock_cap,0.2,1.0,adverse,0.007729381205793191,0000723125|0001713445,,200
2023-01-06,quarterly_reset,0.2,1.25,adverse,0.19999999999999998,,0001431959,200
2023-04-07,quarterly_reset,0.2,1.25,adverse,0.04972306737828189,,0001431959,200
2023-06-02,monthly_stock_cap,0.2,1.25,adverse,0.00824099057055079,0001561550,,200
2023-07-07,quarterly_reset,0.2,1.25,adverse,0.2,,,200
2023-10-06,quarterly_reset,0.2,1.25,adverse,0.2,,,200
2024-01-05,quarterly_reset,0.2,1.25,adverse,0.16051608182472896,,,200
2024-02-02,monthly_stock_cap,0.2,1.25,adverse,0.0002279644696252212,0001045810,,200
2024-03-01,monthly_stock_cap,0.2,1.25,adverse,0.010747819758839802,0001045810,,200
2024-04-05,quarterly_reset,0.2,1.25,adverse,0.1110725087609869,,,200
2024-06-07,monthly_stock_cap,0.2,1.25,adverse,0.013756815027891221,0000788965|0001045810,,200
2024-07-05,quarterly_reset,0.2,1.25,adverse,0.16,,,200
2024-10-04,quarterly_reset,0.2,1.25,adverse,0.12000000000000002,,,200
2024-12-06,monthly_stock_cap,0.2,1.25,adverse,0.00961254092526799,0001507605,,200
2025-01-03,quarterly_reset,0.2,1.25,adverse,0.12369478869973227,,,200
2025-04-04,quarterly_reset,0.2,1.25,adverse,0.062232085683871834,,,200
2025-05-02,monthly_stock_cap,0.2,1.25,adverse,0.0074429759944693655,0001562088,,200
2025-07-04,quarterly_reset,0.2,1.25,adverse,0.19999999999999996,,,200
2025-09-05,monthly_stock_cap,0.2,1.25,adverse,0.006777707050431861,0001511737|0001751008,,200
2025-10-03,quarterly_reset,0.2,1.25,adverse,0.16713962093430196,,,200
2026-01-02,quarterly_reset,0.2,1.25,adverse,0.12726661231117053,,,200
2026-02-06,monthly_stock_cap,0.2,1.25,adverse,0.006885935617574402,0000751978|0000912093,,200
2026-03-06,monthly_stock_cap,0.2,1.25,adverse,0.0015720841782348538,0000912093,,200
2026-04-03,quarterly_reset,0.2,1.25,adverse,0.10579850009815912,,,200
2026-05-01,monthly_stock_cap,0.2,1.25,adverse,0.007800658377315045,0000751978,,200
2026-06-05,monthly_stock_cap,0.2,1.25,adverse,0.02067009962454112,0000723125,,200
2026-07-03,monthly_stock_cap,0.2,1.25,adverse,0.006738109237365615,0000723125,,200
2023-01-06,quarterly_reset,0.2,1.5,adverse,0.19999999999999998,,0001431959,200
2023-04-07,quarterly_reset,0.2,1.5,adverse,0.04972306737828189,,0001431959,200
2023-07-07,quarterly_reset,0.2,1.5,adverse,0.19999999999999993,,,200
2023-10-06,quarterly_reset,0.2,1.5,adverse,0.2,,,200
2024-01-05,quarterly_reset,0.2,1.5,adverse,0.16051608182472896,,,200
2024-03-01,monthly_stock_cap,0.2,1.5,adverse,0.0010215221842702251,0001045810,,200
2024-04-05,quarterly_reset,0.2,1.5,adverse,0.11112525349229782,,,200
2024-06-07,monthly_stock_cap,0.2,1.5,adverse,0.001595631380667674,0000788965,,200
2024-07-05,quarterly_reset,0.2,1.5,adverse,0.16453524605843023,,,200
2024-10-04,quarterly_reset,0.2,1.5,adverse,0.11999999999999994,,,200
2025-01-03,quarterly_reset,0.2,1.5,adverse,0.13157642826166038,,,200
2025-04-04,quarterly_reset,0.2,1.5,adverse,0.06223208568387177,,,200
2025-07-04,quarterly_reset,0.2,1.5,adverse,0.20361289147007416,,,200
2025-10-03,quarterly_reset,0.2,1.5,adverse,0.17491062500928412,,,200
2026-01-02,quarterly_reset,0.2,1.5,adverse,0.1272666123111705,,,200
2026-04-03,quarterly_reset,0.2,1.5,adverse,0.11649181921760943,,,200
2026-06-05,monthly_stock_cap,0.2,1.5,adverse,0.010714113673934374,0000723125,,200
2026-07-03,monthly_stock_cap,0.2,1.5,adverse,0.007936970184211061,0000723125,,200
2023-01-06,quarterly_reset,0.2,,adverse,0.19999999999999998,,0001431959,200
2023-04-07,quarterly_reset,0.2,,adverse,0.04972306737828189,,0001431959,200
2023-07-07,quarterly_reset,0.2,,adverse,0.19999999999999993,,,200
2023-10-06,quarterly_reset,0.2,,adverse,0.2,,,200
2024-01-05,quarterly_reset,0.2,,adverse,0.16051608182472896,,,200
2024-04-05,quarterly_reset,0.2,,adverse,0.11113038933771548,,,200
2024-07-05,quarterly_reset,0.2,,adverse,0.1659534254415591,,,200
2024-10-04,quarterly_reset,0.2,,adverse,0.12,,,200
2025-01-03,quarterly_reset,0.2,,adverse,0.13157642826166047,,,200
2025-04-04,quarterly_reset,0.2,,adverse,0.06223208568387179,,,200
2025-07-04,quarterly_reset,0.2,,adverse,0.20361289147007433,,,200
2025-10-03,quarterly_reset,0.2,,adverse,0.1749106250092841,,,200
2026-01-02,quarterly_reset,0.2,,adverse,0.1272666123111705,,,200
2026-04-03,quarterly_reset,0.2,,adverse,0.11649181921760948,,,200
2023-01-06,quarterly_reset,0.3,1.0,adverse,0.30000000000000004,,0001431959,200
2023-02-03,monthly_stock_cap,0.3,1.0,adverse,0.02519704534322688,0001561550|0001743725,,200
2023-03-03,monthly_stock_cap,0.3,1.0,adverse,0.004143678119453344,0000858470,,200
2023-04-07,quarterly_reset,0.3,1.0,adverse,0.09220689733118684,,0001431959,200
2023-05-05,monthly_stock_cap,0.3,1.0,adverse,0.019355459135058053,0000858470|0001561550,,200
2023-06-02,monthly_stock_cap,0.3,1.0,adverse,0.0118898470471727,0001561550,,200
2023-07-07,quarterly_reset,0.3,1.0,adverse,0.30000000000000004,,,200
2023-08-04,monthly_stock_cap,0.3,1.0,adverse,0.008811037158463868,0001035002|0001280452,,200
2023-09-01,monthly_stock_cap,0.3,1.0,adverse,0.004231655513287144,0000896429|0001035002,,200
2023-10-06,quarterly_reset,0.3,1.0,adverse,0.30000000000000004,,,200
2023-11-03,monthly_stock_cap,0.3,1.0,adverse,0.009718209778392335,0000889900|0001694028,,200
2024-01-05,quarterly_reset,0.3,1.0,adverse,0.24037996799570993,,,200
2024-02-02,monthly_stock_cap,0.3,1.0,adverse,0.021478186999911542,0000936395|0001045810,,200
2024-03-01,monthly_stock_cap,0.3,1.0,adverse,0.018792902609861342,0000936395|0001045810,,200
2024-04-05,quarterly_reset,0.3,1.0,adverse,0.16535617792945329,,,200
2024-05-03,monthly_stock_cap,0.3,1.0,adverse,0.01366548065776258,0000788965|0000909494|0001045810|0001680247,,200
2024-06-07,monthly_stock_cap,0.3,1.0,adverse,0.045109238661780245,0000788965|0000909494|0001045810,,200
2024-07-05,quarterly_reset,0.3,1.0,adverse,0.24,,,200
2024-08-02,monthly_stock_cap,0.3,1.0,adverse,0.007870242900570977,0000004447|0000045012,,200
2024-09-06,monthly_stock_cap,0.3,1.0,adverse,0.010065174299883312,0001162194,,200
2024-10-04,quarterly_reset,0.3,1.0,adverse,0.18737912252486827,,,200
2024-11-01,monthly_stock_cap,0.3,1.0,adverse,0.01363100958831237,0001045810|0001162194|0001562088,,200
2024-12-06,monthly_stock_cap,0.3,1.0,adverse,0.036081898059063824,0001507605|0001562088,,200
2025-01-03,quarterly_reset,0.3,1.0,adverse,0.18221134815207782,,,200
2025-02-07,monthly_stock_cap,0.3,1.0,adverse,0.011604274052428004,0000889900|0001562088,,200
2025-04-04,quarterly_reset,0.3,1.0,adverse,0.09743464917108735,,,200
2025-05-02,monthly_stock_cap,0.3,1.0,adverse,0.02793721605889869,0001045810|0001562088,,200
2025-06-06,monthly_stock_cap,0.3,1.0,adverse,0.007749092274161645,0001045810,,200
2025-07-04,quarterly_reset,0.3,1.0,adverse,0.30000000000000004,,,200
2025-08-01,monthly_stock_cap,0.3,1.0,adverse,0.009079228252141485,0001511737|0001751008,,200
2025-09-05,monthly_stock_cap,0.3,1.0,adverse,0.030482167865394167,0000723125|0000927003|0001511737|0001751008,,200
2025-10-03,quarterly_reset,0.3,1.0,adverse,0.20576346009848323,,,200
2025-11-07,monthly_stock_cap,0.3,1.0,adverse,0.01666724298081999,0000033213|0000723125|0001321655,,200
2026-01-02,quarterly_reset,0.3,1.0,adverse,0.19077032455381013,,,200
2026-02-06,monthly_stock_cap,0.3,1.0,adverse,0.04788460823898927,0000723125|0000751978|0000912093,,200
2026-03-06,monthly_stock_cap,0.3,1.0,adverse,0.002155162179816959,0000912093,,200
2026-04-03,quarterly_reset,0.3,1.0,adverse,0.13139340288390747,,,200
2026-05-01,monthly_stock_cap,0.3,1.0,adverse,0.04008515195593409,0000723125|0000751978|0001713445,,200
2026-06-05,monthly_stock_cap,0.3,1.0,adverse,0.0259504307027262,0000723125,,200
2026-07-03,monthly_stock_cap,0.3,1.0,adverse,0.010769093562697776,0000723125|0001713445,,200
2023-01-06,quarterly_reset,0.3,1.25,adverse,0.30000000000000004,,0001431959,200
2023-04-07,quarterly_reset,0.3,1.25,adverse,0.07179873227854705,,0001431959,200
2023-06-02,monthly_stock_cap,0.3,1.25,adverse,0.014263979958347458,0001561550,,200
2023-07-07,quarterly_reset,0.3,1.25,adverse,0.30000000000000004,,,200
2023-10-06,quarterly_reset,0.3,1.25,adverse,0.30000000000000004,,,200
2024-01-05,quarterly_reset,0.3,1.25,adverse,0.24030796116674918,,,200
2024-02-02,monthly_stock_cap,0.3,1.25,adverse,0.0005357501936718813,0001045810,,200
2024-03-01,monthly_stock_cap,0.3,1.25,adverse,0.016139169081806494,0001045810,,200
2024-04-05,quarterly_reset,0.3,1.25,adverse,0.16558178756389194,,,200
2024-06-07,monthly_stock_cap,0.3,1.25,adverse,0.017478021210781177,0000788965|0001045810,,200
2024-07-05,quarterly_reset,0.3,1.25,adverse,0.24000000000000005,,,200
2024-10-04,quarterly_reset,0.3,1.25,adverse,0.18000000000000008,,,200
2024-12-06,monthly_stock_cap,0.3,1.25,adverse,0.01336251498159918,0001507605,,200
2025-01-03,quarterly_reset,0.3,1.25,adverse,0.18379111003628792,,,200
2025-04-04,quarterly_reset,0.3,1.25,adverse,0.09010513270240353,,,200
2025-05-02,monthly_stock_cap,0.3,1.25,adverse,0.010462722809484662,0001562088,,200
2025-07-04,quarterly_reset,0.3,1.25,adverse,0.3,,,200
2025-09-05,monthly_stock_cap,0.3,1.25,adverse,0.007515435245671261,0001511737|0001751008,,200
2025-10-03,quarterly_reset,0.3,1.25,adverse,0.24136325104178505,,,200
2026-01-02,quarterly_reset,0.3,1.25,adverse,0.19029430223347085,,,200
2026-02-06,monthly_stock_cap,0.3,1.25,adverse,0.00787009351432766,0000751978|0000912093,,200
2026-03-06,monthly_stock_cap,0.3,1.25,adverse,0.002697101591398841,0000912093,,200
2026-04-03,quarterly_reset,0.3,1.25,adverse,0.15600506790140642,,,200
2026-05-01,monthly_stock_cap,0.3,1.25,adverse,0.01068370412807986,0000751978,,200
2026-06-05,monthly_stock_cap,0.3,1.25,adverse,0.029888612294103434,0000723125,,200
2026-07-03,monthly_stock_cap,0.3,1.25,adverse,0.009387108084615412,0000723125,,200
2023-01-06,quarterly_reset,0.3,1.5,adverse,0.30000000000000004,,0001431959,200
2023-04-07,quarterly_reset,0.3,1.5,adverse,0.07179873227854705,,0001431959,200
2023-07-07,quarterly_reset,0.3,1.5,adverse,0.29999999999999993,,,200
2023-10-06,quarterly_reset,0.3,1.5,adverse,0.30000000000000004,,,200
2024-01-05,quarterly_reset,0.3,1.5,adverse,0.24030796116674913,,,200
2024-03-01,monthly_stock_cap,0.3,1.5,adverse,0.0017786656345016528,0001045810,,200
2024-04-05,quarterly_reset,0.3,1.5,adverse,0.16570658051518986,,,200
2024-06-07,monthly_stock_cap,0.3,1.5,adverse,0.000683924794603621,0000788965,,200
2024-07-05,quarterly_reset,0.3,1.5,adverse,0.24715694697614118,,,200
2024-10-04,quarterly_reset,0.3,1.5,adverse,0.18,,,200
2025-01-03,quarterly_reset,0.3,1.5,adverse,0.19508491866917502,,,200
2025-04-04,quarterly_reset,0.3,1.5,adverse,0.09010513270240345,,,200
2025-07-04,quarterly_reset,0.3,1.5,adverse,0.30473123665163404,,,200
2025-10-03,quarterly_reset,0.3,1.5,adverse,0.2496788761742645,,,200
2026-01-02,quarterly_reset,0.3,1.5,adverse,0.19029430223347085,,,200
2026-04-03,quarterly_reset,0.3,1.5,adverse,0.1691652409517738,,,200
2026-06-05,monthly_stock_cap,0.3,1.5,adverse,0.014978211090120026,0000723125,,200
2026-07-03,monthly_stock_cap,0.3,1.5,adverse,0.010941508580652614,0000723125,,200
2023-01-06,quarterly_reset,0.3,,adverse,0.30000000000000004,,0001431959,200
2023-04-07,quarterly_reset,0.3,,adverse,0.07179873227854705,,0001431959,200
2023-07-07,quarterly_reset,0.3,,adverse,0.29999999999999993,,,200
2023-10-06,quarterly_reset,0.3,,adverse,0.30000000000000004,,,200
2024-01-05,quarterly_reset,0.3,,adverse,0.24030796116674913,,,200
2024-04-05,quarterly_reset,0.3,,adverse,0.16572031766838838,,,200
2024-07-05,quarterly_reset,0.3,,adverse,0.2477849041131666,,,200
2024-10-04,quarterly_reset,0.3,,adverse,0.18000000000000002,,,200
2025-01-03,quarterly_reset,0.3,,adverse,0.19508491866917516,,,200
2025-04-04,quarterly_reset,0.3,,adverse,0.09010513270240353,,,200
2025-07-04,quarterly_reset,0.3,,adverse,0.30473123665163393,,,200
2025-10-03,quarterly_reset,0.3,,adverse,0.2496788761742645,,,200
2026-01-02,quarterly_reset,0.3,,adverse,0.19029430223347088,,,200
2026-04-03,quarterly_reset,0.3,,adverse,0.16916524095177377,,,200
