Date,gross_return,net_return,turnover,cost,wealth,drawdown
2005-01-07,0.0,0.0,,0.0,1.0,0.0
2005-01-14,0.0,0.0,0.0,0.0,1.0,0.0
2005-01-21,0.0,0.0,0.0,0.0,1.0,0.0
2005-01-28,0.0,0.0,0.0,0.0,1.0,0.0
2005-02-04,0.0,0.0,0.0,0.0,1.0,0.0
2005-02-11,0.0,0.0,0.0,0.0,1.0,0.0
2005-02-18,0.0,0.0,0.0,0.0,1.0,0.0
2005-02-25,0.0,0.0,0.0,0.0,1.0,0.0
2005-03-04,0.0,0.0,0.0,0.0,1.0,0.0
2005-03-11,0.0,0.0,0.0,0.0,1.0,0.0
2005-03-18,0.0,0.0,0.0,0.0,1.0,0.0
2005-03-25,0.0,0.0,0.0,0.0,1.0,0.0
2005-04-01,0.0,0.0,0.0,0.0,1.0,0.0
2005-04-08,0.0,0.0,0.0,0.0,1.0,0.0
2005-04-15,0.0,0.0,0.0,0.0,1.0,0.0
2005-04-22,0.0,0.0,0.0,0.0,1.0,0.0
2005-04-29,0.0,0.0,0.0,0.0,1.0,0.0
2005-05-06,0.0,0.0,0.0,0.0,1.0,0.0
2005-05-13,0.0,0.0,0.0,0.0,1.0,0.0
2005-05-20,0.0,0.0,0.0,0.0,1.0,0.0
2005-05-27,0.0,0.0,0.0,0.0,1.0,0.0
2005-06-03,0.0,0.0,0.0,0.0,1.0,0.0
2005-06-10,0.0,0.0,0.0,0.0,1.0,0.0
2005-06-17,0.0,0.0,0.0,0.0,1.0,0.0
2005-06-24,0.0,0.0,0.0,0.0,1.0,0.0
2005-07-01,0.0,0.0,0.0,0.0,1.0,0.0
2005-07-08,0.0,0.0,0.0,0.0,1.0,0.0
2005-07-15,0.0,0.0,0.0,0.0,1.0,0.0
2005-07-22,0.0,0.0,0.0,0.0,1.0,0.0
2005-07-29,0.0,0.0,0.0,0.0,1.0,0.0
2005-08-05,0.0,0.0,0.0,0.0,1.0,0.0
2005-08-12,0.0,0.0,0.0,0.0,1.0,0.0
2005-08-19,0.0,0.0,0.0,0.0,1.0,0.0
2005-08-26,0.0,0.0,0.0,0.0,1.0,0.0
2005-09-02,0.0,0.0,0.0,0.0,1.0,0.0
2005-09-09,0.0,0.0,0.0,0.0,1.0,0.0
2005-09-16,0.0,0.0,0.0,0.0,1.0,0.0
2005-09-23,0.0,0.0,0.0,0.0,1.0,0.0
2005-09-30,0.0,0.0,0.0,0.0,1.0,0.0
2005-10-07,0.0,0.0,0.0,0.0,1.0,0.0
2005-10-14,0.0,0.0,0.0,0.0,1.0,0.0
2005-10-21,0.0,0.0,0.0,0.0,1.0,0.0
2005-10-28,0.0,0.0,0.0,0.0,1.0,0.0
2005-11-04,0.0,0.0,0.0,0.0,1.0,0.0
2005-11-11,0.0,0.0,0.0,0.0,1.0,0.0
2005-11-18,0.0,0.0,0.0,0.0,1.0,0.0
2005-11-25,0.0,0.0,0.0,0.0,1.0,0.0
2005-12-02,0.0,0.0,0.0,0.0,1.0,0.0
2005-12-09,0.0,0.0,0.0,0.0,1.0,0.0
2005-12-16,0.0,0.0,0.0,0.0,1.0,0.0
2005-12-23,0.0,0.0,0.0,0.0,1.0,0.0
2005-12-30,0.0,0.0,0.0,0.0,1.0,0.0
2006-01-06,0.0,0.0,0.0,0.0,1.0,0.0
2006-01-13,0.0,0.0,0.0,0.0,1.0,0.0
2006-01-20,0.0,0.0,0.0,0.0,1.0,0.0
2006-01-27,0.0,0.0,0.0,0.0,1.0,0.0
2006-02-03,0.0,0.0,0.0,0.0,1.0,0.0
2006-02-10,0.0,0.0,0.0,0.0,1.0,0.0
2006-02-17,0.0,0.0,0.0,0.0,1.0,0.0
2006-02-24,0.0,0.0,0.0,0.0,1.0,0.0
2006-03-03,0.0,0.0,0.0,0.0,1.0,0.0
2006-03-10,0.0,0.0,0.0,0.0,1.0,0.0
2006-03-17,0.0,0.0,0.0,0.0,1.0,0.0
2006-03-24,0.0,0.0,0.0,0.0,1.0,0.0
2006-03-31,0.0,0.0,0.0,0.0,1.0,0.0
2006-04-07,0.0,0.0,0.0,0.0,1.0,0.0
2006-04-14,0.0,0.0,0.0,0.0,1.0,0.0
2006-04-21,0.0,0.0,0.0,0.0,1.0,0.0
2006-04-28,0.0,0.0,0.0,0.0,1.0,0.0
2006-05-05,0.0,0.0,0.0,0.0,1.0,0.0
2006-05-12,0.0,0.0,0.0,0.0,1.0,0.0
2006-05-19,0.0,0.0,0.0,0.0,1.0,0.0
2006-05-26,0.0,0.0,0.0,0.0,1.0,0.0
2006-06-02,0.0,0.0,0.0,0.0,1.0,0.0
2006-06-09,0.0,0.0,0.0,0.0,1.0,0.0
2006-06-16,0.0,0.0,0.0,0.0,1.0,0.0
2006-06-23,0.0,0.0,0.0,0.0,1.0,0.0
2006-06-30,0.005633810761298228,0.0048338107612982285,0.7999999999999998,0.0007999999999999998,1.0048338107612982,0.0
2006-07-07,0.0035521884185307005,0.0035521884185307005,0.0,0.0,1.0084031697864326,0.0
2006-07-14,-0.01268822999320017,-0.01268822999320017,0.0,0.0,0.9956083184423102,-0.012688229993200184
2006-07-21,0.022989160592696258,0.022989160592696258,0.0,0.0,1.0184965179624048,0.0
2006-07-28,0.008301010364093198,0.008068089491015808,0.23292087307738987,0.00023292087307738988,1.0267138390156136,0.0
2006-08-04,-0.01638270202704399,-0.016388248579520204,0.005546552476212049,5.546552476212049e-06,1.0098877974017924,-0.016388248579520148
2006-08-11,0.005585042745105892,0.005581692864333232,0.0033498807726599494,3.3498807726599497e-06,1.0155246809143272,-0.010898029885342053
2006-08-18,0.0018223666333145837,0.001797268864898902,0.0250977684156817,2.50977684156817e-05,1.017349851804871,-0.009120347710244836
2006-08-25,0.009042772745236521,0.008972074958083338,0.07069778715318209,7.069778715318209e-05,1.026477590933859,-0.00023010119546174046
2006-09-01,-0.010605126844044122,-0.010624539274103216,0.019412430059094758,1.9412430059094757e-05,1.0155717394549955,-0.010852195750376659
2006-09-08,-0.010844014102603798,-0.010860546387070402,0.01653228446660454,1.6532284466604542e-05,1.0045420754692467,-0.02159488136209864
2006-09-15,0.003007790547586561,0.0029648940165126997,0.042896531073861155,4.2896531073861154e-05,1.0075204362581407,-0.018694013880123705
2006-09-22,0.010530444738748833,0.010507079797084722,0.02336494166411108,2.336494166411108e-05,1.0181065338790987,-0.008383353578605202
2006-09-29,-0.0023393019932390047,-0.0024634524772757602,0.12415048403675541,0.0001241504840367554,1.0155984768160835,-0.010826154062739901
2006-10-06,0.013670856486036685,0.013642574216335662,0.028282269701023453,2.8282269701023455e-05,1.0294538544100444,0.0
2006-10-13,0.002615052831672877,0.0025831969152254257,0.03185591644745134,3.185591644745134e-05,1.0321131364311233,0.0
2006-10-20,0.007051194189038851,0.006976545384731166,0.07464880430768481,7.46488043076848e-05,1.0393137205696124,0.0
2006-10-27,-0.00040332291432928504,-0.0005662499592105225,0.16292704488123752,0.00016292704488123753,1.0387252092177328,-0.0005662499592106185
2006-11-03,0.009544559579997381,0.0095251426508339,0.019416929163482404,1.9416929163482403e-05,1.0486192150105489,0.0
2006-11-10,0.005285664496785793,0.00525192303981783,0.033741456967962616,3.3741456967962616e-05,1.0541264824258585,0.0
2006-11-17,0.023895920297251932,0.023840432297035686,0.05548800021624721,5.5488000216247215e-05,1.0792573134626444,0.0
2006-11-24,0.004079046230719335,0.0038392553484133504,0.23979088230598472,0.00023979088230598474,1.0834008578756702,0.0
2006-12-01,0.0032348793641645895,0.003196275924932002,0.038603439232587536,3.860343923258754e-05,1.0868637059547488,0.0
2006-12-08,0.001262125196066926,0.0011887643672085974,0.07336082885832855,7.336082885832855e-05,1.0881557308004002,0.0
2006-12-15,-0.006224254900107908,-0.00628545263031723,0.06119773020932262,6.119773020932262e-05,1.081316179500046,-0.006285452630317212
2006-12-22,0.012877833518497707,0.012808682989545787,0.06915052895191931,6.915052895191931e-05,1.095166415654729,0.0
2006-12-29,-0.022156996870502814,-0.022386539482989905,0.2295426124870921,0.0002295426124870921,1.0706494294502298,-0.022386539482989964
2007-01-05,0.022554823040613632,0.02247923165798238,0.07559138263125462,7.559138263125462e-05,1.094716805999328,-0.00041054003206641987
2007-01-12,0.01126447237106667,0.011212936905756667,0.05153546531000256,5.1535465310002565e-05,1.10699179647467,0.0
2007-01-19,0.005503916977487451,0.005476869854239555,0.0270471232478966,2.70471232478966e-05,1.1130546464736726,0.0
2007-01-26,0.01618302812152716,0.015995372049285982,0.1876560722411748,0.00018765607224117481,1.1308583696552055,0.0
2007-02-02,0.003273675377792276,0.003259102547377232,0.014572830415044188,1.4572830415044188e-05,1.1345439530484716,0.0
2007-02-09,0.012742098667228726,0.012693242521487548,0.04885614574117761,4.885614574117761e-05,1.148944994595803,0.0
2007-02-16,-0.001208530962989323,-0.0012835091125568065,0.07497814956748353,7.497814956748353e-05,1.1474703132254127,-0.0012835091125568132
2007-02-23,-0.03767645672343216,-0.037866072689963795,0.18961596653163795,0.00018961596653163795,1.1040201189352437,-0.03910098035316634
2007-03-02,0.011557407499004111,0.011527761840012765,0.029645658991346198,2.9645658991346197e-05,1.1167469999329116,-0.028023965302376053
2007-03-09,-0.009047948891057776,-0.009055174138242384,0.007225247184606813,7.2252471846068135e-06,1.1066346613801592,-0.03682537755476145
2007-03-16,0.025726987944517065,0.02566042036311978,0.0665675813972838,6.65675813972838e-05,1.1350313719795728,-0.012109911859727429
2007-03-23,-0.004782507546684768,-0.004823402621601845,0.04089507491707697,4.089507491707697e-05,1.1295566586843662,-0.01687490350071774
2007-03-30,0.011156720147690978,0.010985387945030647,0.17133220266033172,0.00017133220266033172,1.1419652767859063,-0.0060748929171775545
2007-04-06,0.002126557788093007,0.0019872359143302517,0.13932187376275537,0.00013932187376275538,1.1442346311968534,-0.00409972924822799
2007-04-13,0.011029813231569704,0.010883387161797091,0.14642606977261305,0.00014642606977261304,1.156687779692105,0.0
2007-04-20,-0.0025675249654504764,-0.002644058908973831,0.07653394352335452,7.653394352335452e-05,1.153629429063309,-0.00264405890897379
2007-04-27,0.003321394562599379,0.003188256212031761,0.1331383505676182,0.0001331383505676182,1.1573074952569027,0.0
2007-05-04,-0.0008816283471163238,-0.0009066678956023852,0.025039548486061353,2.5039548486061354e-05,1.1562582017056133,-0.0009066678956023422
2007-05-11,-0.013536257610366122,-0.013573890472153786,0.03763286178766502,3.763286178766502e-05,1.140563279518132,-0.014468251357046436
2007-05-18,0.00038851036057836676,0.00034407733998673373,0.04443302059163304,4.443302059163304e-05,1.140955721497435,-0.01412915221450095
2007-05-25,0.018746157414178496,0.01857040575077357,0.17575166340492665,0.00017575166340492665,1.162143732189309,0.0
2007-06-01,-0.02080793281987181,-0.02086197405178645,0.05404123191463721,5.4041231914637207e-05,1.1378991198039294,-0.02086197405178647
2007-06-08,0.008724683458154112,0.008714994427004194,0.009689031149918155,9.689031149918155e-06,1.1478159042915137,-0.012328791612379875
2007-06-15,-0.008967910010632242,-0.008977879743361224,0.009969732728981214,9.969732728981215e-06,1.1375109511352672,-0.021195984947264046
2007-06-22,0.005875298353395643,0.005849997519815136,0.025300833580506357,2.5300833580506357e-05,1.1441653873781712,-0.015469983886820415
2007-06-29,0.013486191302354154,0.013265079537135646,0.22111176521850728,0.00022111176521850728,1.1593428322453803,-0.002410114916381656
2007-07-06,0.01198282509407941,0.01196329443774554,0.019530656333869505,1.9530656333869507e-05,1.1732123919018216,0.0
2007-07-13,-0.0034833137725066386,-0.003497818071035101,0.014504298528462557,1.4504298528462557e-05,1.169108708396265,-0.003497818071035108
2007-07-20,-0.03737120271120223,-0.03737800926978071,0.006806558578477347,6.806558578477347e-06,1.1254097522564481,-0.040745085864532626
2007-07-27,0.0007046713240070851,0.0004928442473578816,0.2118270766492035,0.0002118270766492035,1.1259644039787682,-0.04027232259835123
2007-08-03,-0.0011917313771737624,-0.0012035722175338971,0.01184084036013461,1.184084036013461e-05,1.1246092245042072,-0.04142742416727019
2007-08-10,-0.006191171760289787,-0.00620520932700377,0.014037566713982501,1.4037566713982502e-05,1.1176307888550792,-0.04737556765543749
2007-08-17,0.021642816363483676,0.021638295904270532,0.004520459213145362,4.520459213145362e-06,1.1418144145760485,-0.026762398302728307
2007-08-24,0.008047036828678423,0.008030212439592307,0.01682438908611615,1.682438908611615e-05,1.150983426891683,-0.018947093606899834
2007-08-31,-0.00015330573130724302,-0.0005657017691676211,0.41239603786037815,0.0004123960378603782,1.1503323135308077,-0.019502076971693483
2007-09-07,0.005167619832786841,0.005154555130069071,0.013064702717769959,1.3064702717769959e-05,1.1562617648588023,-0.014448046372525725
2007-09-14,0.005164186453094029,0.0051543510796746165,0.009835373419412551,9.835373419412552e-06,1.1622215439348886,-0.009368165596270517
2007-09-21,0.005493443723051375,0.005483842485175445,0.009601237875929262,9.601237875929261e-06,1.1685949838147052,-0.003935696655599896
2007-09-28,0.013451386430559358,0.012954856866375578,0.49652956418378075,0.0004965295641837808,1.183733964564789,0.0
2007-10-05,0.005329729447303619,0.005323682689576033,0.006046757727585504,6.046757727585504e-06,1.1900357885810058,0.0
2007-10-12,-0.003765204526837346,-0.003879872558486499,0.11466803164915286,0.00011466803164915286,1.1854186013812735,-0.00387987255848643
2007-10-19,0.016304595087181482,0.016301139150930174,0.0034559362513090428,3.4559362513090426e-06,1.2047422749544907,0.0
2007-10-26,0.004048929157700441,0.0033996479129850465,0.6492812447153944,0.0006492812447153944,1.2088379745152245,0.0
2007-11-02,-0.0006580704004005938,-0.0006638076462118499,0.005737245811256005,5.737245811256006e-06,1.20803553862471,-0.000663807646211878
2007-11-09,-0.003893201531451317,-0.003899350653567232,0.0061491221159147985,6.149122115914799e-06,1.2033249844576412,-0.004560569881000065
2007-11-16,0.0022396620356393577,0.0022369131520222365,0.0027488836171209972,2.748883617120997e-06,1.2060167179415315,-0.002333858327725258
2007-11-23,0.0009693156576009079,0.0009626108166122845,0.006704840988623366,6.704840988623366e-06,1.2071776426792373,-0.0013734941083837215
2007-11-30,0.0018045916090674034,0.001673185490649197,0.1314061184182064,0.0001314061184182064,1.2091974747956042,0.0
2007-12-07,-0.006610483293473328,-0.006612823186952243,0.0023398934789157534,2.3398934789157537e-06,1.2012012656966717,-0.006612823186952221
2007-12-14,0.005044738418602429,0.005036057740932955,0.00868067766947376,8.68067766947376e-06,1.2072505846292019,-0.0016100680054194072
2007-12-21,0.001983347682237734,0.0019699063578184238,0.013441324419310256,1.3441324419310256e-05,1.209628755231343,0.0
2007-12-28,0.004584040382012929,0.004260544776990151,0.3234956050227782,0.0003234956050227782,1.2147824327065408,0.0
2008-01-04,0.005546679614167252,0.005488023708418424,0.058655905748829014,5.8655905748829014e-05,1.2214491874978046,0.0
2008-01-11,-0.00821613133961257,-0.008242565337742567,0.026433998129996396,2.6433998129996395e-05,1.2113813127631214,-0.00824256533774248
2008-01-18,0.00713725068434012,0.007110450647422485,0.026800036917634208,2.6800036917634207e-05,1.2199947798027335,-0.0011907230443621852
2008-01-25,0.0052408479315488275,0.0048435241330727855,0.39732379847604216,0.00039732379847604217,1.225903853960931,0.0
2008-02-01,-0.005322944296509164,-0.00534178311057512,0.0188388140659564,1.88388140659564e-05,1.2193553414586535,-0.0053417831105752045
2008-02-08,-0.00190659653028423,-0.0019136368876978302,0.007040357413600311,7.040357413600311e-06,1.217021938098027,-0.007245197765066491
2008-02-15,0.004575577332428981,0.004571676831591359,0.003900500837621213,3.900500837621213e-06,1.222585769095968,-0.0027066436362379598
2008-02-22,0.005415199785946689,0.005395581883329982,0.01961790261670661,1.961790261670661e-05,1.2291823307225194,0.0
2008-02-29,-0.006626635324388212,-0.006668738119552138,0.042102795163925705,4.21027951639257e-05,1.2209852356577502,-0.006668738119552153
2008-03-07,0.005036199728971892,0.0050210169748172275,0.015182754154664845,1.5182754154664846e-05,1.227115823251989,-0.0016812049920337246
2008-03-14,-0.005073125803961378,-0.005089260381284763,0.0161345773233858,1.6134577323385802e-05,1.220870711309465,-0.006761909283359735
2008-03-21,0.002175344347658284,0.0021646196309880895,0.010724716670194867,1.0724716670194868e-05,1.2235134320180638,-0.00461192661394938
2008-03-28,0.0027777850752374743,0.0027350623419955754,0.0427227332418989,4.27227332418989e-05,1.226859817530902,-0.0018894781787598403
2008-04-04,0.001136994431314806,0.0011326151246035647,0.0043793067112413075,4.379306711241308e-06,1.228249377516006,-0.0007590031057190805
2008-04-11,-0.003730139021774401,-0.003734439959748059,0.004300937973658203,4.300937973658203e-06,1.2236625539600745,-0.004490608613939573
2008-04-18,-0.004167982910871966,-0.004171199469599025,0.0032165587270586975,3.2165587270586974e-06,1.2185584133640281,-0.008643076859269905
2008-04-25,-0.0019211645164934812,-0.0019768862360038985,0.055721719510417406,5.572171951041741e-05,1.216149462008882,-0.010602876715594012
2008-05-02,0.004987256831144134,0.0049830504678018885,0.0042063633422457485,4.206363342245748e-06,1.2222095961544623,-0.005672660917569794
2008-05-09,0.00214544548481897,0.002130007265559806,0.015438219259163855,1.5438219259163855e-05,1.2248129114743083,-0.0035547364609794796
2008-05-16,-9.686241813220949e-05,-0.00010144290818531074,0.004580490053101249,4.580490053101249e-06,1.2246886628905855,-0.0036558187663602304
2008-05-23,-0.0070831689986027065,-0.007099862747553353,0.016693748950646452,1.6693748950646453e-05,1.2159935414755778,-0.01072972570244246
2008-05-30,0.004229409336439323,0.0038103366326215056,0.4190727038178177,0.0004190727038178177,1.2206268862116934,-0.0069602729367229665
2008-06-06,-0.0110142027185254,-0.01103452201515086,0.020319296625459553,2.0319296625459553e-05,1.2071578519635053,-0.017917991666922095
2008-06-13,0.004616177056438917,0.004556080779561057,0.060096276877860004,6.0096276877860004e-05,1.2126577606507325,-0.013443546704803078
2008-06-20,0.00720465218055195,0.00714262361743894,0.06202856311301016,6.202856311301016e-05,1.2213193186118272,-0.006396945281559874
2008-06-27,-0.0014816236991113485,-0.0016652972017584058,0.18367350264705723,0.00018367350264705722,1.2192854589680893,-0.008051589668241266
2008-07-04,0.006193941219334968,0.006130299721657601,0.06364149767736661,6.364149767736661e-05,1.2267600442778226,-0.001970648604485703
2008-07-11,-0.00982981733918803,-0.009900858211456353,0.07104087226832373,7.104087226832373e-05,1.214614067019948,-0.011851995703524465
2008-07-18,-0.007861539144873118,-0.007921389115631432,0.05984997075831492,5.984997075831492e-05,1.2049926363697632,-0.019679500549391493
2008-07-25,-1.9392070248879217e-05,-0.00016680298676246275,0.14741091651358354,0.00014741091651358353,1.20479163999899,-0.01984302093668433
2008-08-01,-0.017144598619072075,-0.01716849297435787,0.023894355285795435,2.3894355285795435e-05,1.1841071831921022,-0.03667083914550073
2008-08-08,-0.007605651865003724,-0.007617093700572915,0.011441835569191115,1.1441835569191116e-05,1.1750877278262064,-0.044008607628223784
2008-08-15,0.013871224932324153,0.013859259699831232,0.011965232492922064,1.1965232492922063e-05,1.1913735738162345,-0.03075927465053996
2008-08-22,0.0005614308761618006,0.0005470948207371833,0.014336055424617265,1.4336055424617266e-05,1.1920253681280324,-0.030229008069653895
2008-08-29,-0.005183950579875698,-0.005268222430345955,0.08427185047025745,8.427185047025746e-05,1.1857455133461188,-0.03533797736164024
2008-09-05,-0.01060870325587843,-0.010613664161095996,0.004960905217566073,4.960905217566073e-06,1.1731604086869367,-0.04557657609888732
2008-09-12,0.009967442230678636,0.009930724374202874,0.036717856475762485,3.6717856475762485e-05,1.1848107413523339,-0.036098460139842414
2008-09-19,-0.0057534125956321715,-0.005786506697319749,0.03309410168757727,3.309410168757727e-05,1.1779548260624422,-0.041676082855800045
2008-09-26,-0.010404414323005836,-0.010818866882093185,0.4144525590873479,0.0004144525590873479,1.1652106896061534,-0.05204406174530929
2008-10-03,-0.028209480686010067,-0.028220263175291527,0.010782489281458599,1.07824892814586e-05,1.132328137290805,-0.07879562780143701
2008-10-10,-0.0041885827488476945,-0.00419762111914247,0.009038370294774795,9.038370294774795e-06,1.1275750527879138,-0.08266249472922405
2008-10-17,-0.0009317366826850468,-0.0009374594242004382,0.005722741515391405,5.722741515391405e-06,1.1265179969281844,-0.08352246141871267
2008-10-24,0.005130025345861102,0.005112541871158557,0.017483474702544945,1.7483474702544944e-05,1.1322773673560935,-0.07883693162873939
2008-10-31,0.00769755396440505,0.007651833894502188,0.04572006990286204,4.572006990286204e-05,1.1409413656936065,-0.07178834483981267
2008-11-07,-0.0009028810663478255,-0.0009143638770768004,0.011482810728974934,1.1482810728974934e-05,1.1398981301229536,-0.07263706804757275
2008-11-14,0.007394558637873874,0.007385972486159607,0.008586151714267451,8.586151714267452e-06,1.1483173863490665,-0.06578759094748787
2008-11-21,0.008235906374759936,0.008227230070272531,0.008676304487404706,8.676304487404706e-06,1.1577648576802544,-0.05810161052370921
2008-11-28,0.004050859098789553,0.003993115481675381,0.05774361711417218,5.774361711417218e-05,1.1623879464575972,-0.05434050148252623
2008-12-05,0.010526642799199301,0.010523793624377479,0.0028491748218221523,2.8491748218221524e-06,1.174620677317581,-0.04438857608119606
2008-12-12,0.02301186962802029,0.023008253122621194,0.003616505399094764,3.616505399094764e-06,1.2016466471843685,-0.022401626552803755
2008-12-19,0.007290655256673195,0.007286948885502852,0.0037063711703426575,3.7063711703426575e-06,1.2104029848808369,-0.015277917174943423
2008-12-26,-0.004425963071316611,-0.004477064812809111,0.05110174149249973,5.110174149249973e-05,1.204983932267908,-0.019686581762355382
2009-01-02,-0.00019153208923543014,-0.00019326128328226033,0.0017291940468301742,1.7291940468301741e-06,1.2047510555268233,-0.019876038391582918
2009-01-09,-0.0028293819927656277,-0.002832827989372446,0.00344599660681846,3.44599660681846e-06,1.201338203016501,-0.02265256098308177
2009-01-16,-0.010449243753790473,-0.010452060085693833,0.0028163319033595036,2.8163319033595035e-06,1.188781743935333,-0.03286785514028556
2009-01-23,-0.0016874675863781507,-0.0016929281067019845,0.005460520323833805,5.4605203238338055e-06,1.1867692219082906,-0.03450514033121366
2009-01-30,-0.003690775824351324,-0.0037514363389319974,0.060660514580673314,6.066051458067332e-05,1.1823171327232977,-0.038127132832827204
2009-02-06,0.0006282593472587421,0.0006261249913487412,0.00213435591000091,2.13435591000091e-06,1.1830574110277956,-0.03752488019219358
2009-02-13,-0.0008660847826310366,-0.0008708936456241564,0.0048088629931198066,4.808862993119807e-06,1.1820270938461228,-0.03836309365810564
2009-02-20,-0.01311017592534101,-0.013112792258684612,0.0026163333436010953,2.6163333436010954e-06,1.166527418120382,-0.05097283863925095
2009-02-27,-0.003338394294234514,-0.0033444245233729937,0.006030229138479617,6.030229138479617e-06,1.1626260552160332,-0.05414678835105291
2009-03-06,0.0033399630258802897,0.0033373109463190444,0.0026520795612450998,2.6520795612451e-06,1.1665060998765815,-0.0509901820742058
2009-03-13,0.00690638162809591,0.006903339141793265,0.003042486302645058,3.042486302645058e-06,1.1745588870950001,-0.04443884545217247
2009-03-20,0.0037823585195641074,0.003778744173677377,0.003614345886730462,3.6143458867304622e-06,1.1789972446462513,-0.04082802430683252
2009-03-27,-0.004076447042027057,-0.0041408234914773225,0.06437644945026612,6.437644945026612e-05,1.174115225159233,-0.044799786156149546
2009-04-03,0.000158895339173889,0.000156936598403455,0.0019587407704339975,1.9587407704339975e-06,1.1742994868088033,-0.044649880283794574
2009-04-10,0.0018289561146548018,0.0018255153756818808,0.003440738972920905,3.440738972920905e-06,1.176443188577628,-0.04290587395109313
2009-04-17,0.004471300079692335,0.004469103158218136,0.002196921474199246,2.196921474199246e-06,1.1817008345471647,-0.038628521569655794
2009-04-24,-0.009112444890703227,-0.009460034226905377,0.3475893362021497,0.0003475893362021497,1.170521904206386,-0.047723128660377534
2009-05-01,0.005533160228152224,0.005516856493955267,0.016303734196957083,1.6303734196957082e-05,1.1769795055749237,-0.042469553818684114
2009-05-08,0.005549864795586774,0.005537130618916076,0.01273417667069841,1.273417667069841e-05,1.1834965948330793,-0.03716758266658915
2009-05-15,0.002478351910791882,0.0024723996625680327,0.0059522482238493065,5.952248223849307e-06,1.186422671414795,-0.03478707612286458
2009-05-22,0.008956566652140016,0.008946546663739834,0.010019988400182485,1.0019988400182486e-05,1.1970370572075262,-0.02615175365895317
2009-05-29,-0.008700117024669586,-0.008775498539969236,0.0753815152996501,7.53815152996501e-05,1.1865324602597125,-0.03469775752287052
2009-06-05,0.002253343256337083,0.0022278871202681314,0.025456136068951585,2.5456136068951586e-05,1.189175920645705,-0.03254717308968991
2009-06-12,-0.005416259157071024,-0.00548127008949831,0.0650109324272857,6.501093242728571e-05,1.1826577262407183,-0.037850043332833816
2009-06-19,0.009860538039805584,0.009796057347803356,0.06448069200222789,6.448069200222789e-05,1.1942431091497951,-0.028424767180135757
2009-06-26,-0.004621951936034611,-0.004816881796708125,0.1949298606735141,0.00019492986067351408,1.1884905812564874,-0.03310473023323812
2009-07-03,-0.0036495595423068567,-0.0036609949458152975,0.011435403508440599,1.1435403508440599e-05,1.1841395232453584,-0.03664452892898695
2009-07-10,0.008761600994724113,0.008743647533623944,0.017953461100170078,1.795346110017008e-05,1.1944932218672495,-0.028221288240353637
2009-07-17,0.018490650609823887,0.018465472469120146,0.02517814070374172,2.517814070374172e-05,1.21655010357019,-0.01027693519227868
2009-07-24,0.01743824364469724,0.017419707370904584,0.018536273792656002,1.8536273792656004e-05,1.2377420503764265,0.0
2009-07-31,-0.00022073528729838138,-0.0004316414148097515,0.21090612751137017,0.00021090612751137016,1.2372077896466325,-0.00043164141480978024
2009-08-07,-0.0020405575478277546,-0.0020704717386551504,0.029914190827396,2.9914190827396e-05,1.234646185883325,-0.002501219452114345
2009-08-14,0.0077519355657212985,0.007730696239134309,0.021239326586989547,2.1239326586989546e-05,1.244190860509195,0.0
2009-08-21,0.0070507619432053185,0.007000200046310808,0.05056189689451004,5.0561896894510035e-05,1.2529004454285508,0.0
2009-08-28,0.004773425445540095,0.004519645054239577,0.2537803913005174,0.0002537803913005174,1.2585631107301865,0.0
2009-09-04,0.01660422402789874,0.016577464627083205,0.02675940081553625,2.675940081553625e-05,1.279426896179268,0.0
2009-09-11,0.007109177373106998,0.007054897971696543,0.05427940141045501,5.427940141045501e-05,1.2884531223940572,0.0
2009-09-18,-0.0012912898499349546,-0.0013356045451791065,0.044314695244151964,4.4314695244151966e-05,1.2867322585475374,-0.0013356045451792253
2009-09-25,-0.007075256816732496,-0.007252686957306717,0.17743014057422088,0.00017743014057422087,1.2773999922784238,-0.008578604780820953
2009-10-02,0.021995063014478834,0.021981892350058266,0.013170664420567666,1.3170664420567666e-05,1.3054796613966535,0.0
2009-10-09,0.004251807037646773,0.004241488649211627,0.010318388435145882,1.0318388435145882e-05,1.311016838562244,0.0
2009-10-16,0.002732206418814096,0.0026877770547331396,0.04442936408095644,4.442936408095644e-05,1.3145405595393005,0.0
2009-10-23,-0.020542009742994354,-0.020629429106635448,0.08741936364109541,8.741936364109541e-05,1.2874223382584875,-0.020629429106635566
2009-10-30,0.022879387201990918,0.022527390969020122,0.35199623297079574,0.00035199623297079574,1.3164246046146864,0.0
2009-11-06,0.016235754586724584,0.01622327533857541,0.012479248149172374,1.2479248149172374e-05,1.3377813234378255,0.0
2009-11-13,-0.005427680313214363,-0.005438693375966403,0.011013062752039617,1.1013062752039617e-05,1.3305055410155526,-0.005438693375966475
2009-11-20,-0.0038618188024038816,-0.0038823984847282163,0.020579682324334977,2.0579682324334976e-05,1.3253399883191912,-0.009299976685772982
2009-11-27,0.026908470498875552,0.026706939940114752,0.20153055876080075,0.00020153055876080076,1.3607357637874642,0.0
2009-12-04,-0.005850108748297357,-0.0058734949414962195,0.023386193198862183,2.3386193198862185e-05,1.3527434891621455,-0.005873494941496249
2009-12-11,-0.002777757009666765,-0.0027939975249129047,0.016240515246139765,1.6240515246139764e-05,1.3489639272015843,-0.008651081936080107
2009-12-18,0.01881322479860252,0.018796915892572826,0.01630890602969659,1.630890602969659e-05,1.3743202886833075,0.0
2009-12-25,-0.005128057286223641,-0.005399996140117499,0.2719388538938577,0.0002719388538938577,1.3668989644291323,-0.005399996140117658
2010-01-01,0.026059021441250746,0.026047916222527737,0.011105218723008924,1.1105218723008924e-05,1.4025038341392424,0.0
2010-01-08,-0.007455086522406622,-0.007470396690406209,0.015310167999586455,1.5310167999586455e-05,1.3920265741384066,-0.007470396690406167
2010-01-15,-0.03570741657927447,-0.03572339075622753,0.015974176953068388,1.597417695306839e-05,1.3422986648874076,-0.04292691954655836
2010-01-22,-0.013462138852919012,-0.013472363468014906,0.010224615095893817,1.0224615095893816e-05,1.3242147293914133,-0.05582095595187975
2010-01-29,-0.010150685485096261,-0.010519854340429959,0.3691688553336968,0.00036916885533369684,1.3102841833227636,-0.06575358196655245
2010-02-05,0.01208388679022835,0.012072346189795847,0.011540600432503158,1.1540600432503159e-05,1.32610238759085,-0.054475035781475944
2010-02-12,0.030592894429988658,0.030586143831976404,0.006750598012255206,6.750598012255206e-06,1.366662745953631,-0.02555507322916395
2010-02-19,-0.0001817697550073066,-0.00019293918350333364,0.011169428496027043,1.1169428496027043e-05,1.3663990631593022,-0.025743081837704018
2010-02-26,0.028717923894672977,0.028333367546392783,0.38455634828019425,0.00038455634828019427,1.4051137500308415,0.0
2010-03-05,0.011525386917431941,0.011504456221613373,0.020930695818567456,2.0930695818567455e-05,1.4212788196544583,0.0
2010-03-12,0.003310374849777765,0.0033008851068157432,0.009489742962021864,9.489742962021864e-06,1.4259702977428883,0.0
2010-03-19,0.0042105974236805645,0.004183146781057985,0.02745064262257901,2.745064262257901e-05,1.4319353408037758,0.0
2010-03-26,0.005760372921022701,0.005345895835143846,0.4144770858788549,0.0004144770858788549,1.439590317978374,0.0
2010-04-02,0.016480570539311405,0.016453935071988335,0.02663546732306805,2.6635467323068052e-05,1.4632772436006531,0.0
2010-04-09,-0.008138674286764042,-0.008152051640918168,0.013377354154125515,1.3377354154125516e-05,1.4513485319458403,-0.008152051640918034
2010-04-16,0.024239727359803395,0.024215114491001118,0.024612868802278066,2.4612868802278066e-05,1.4864931028132553,0.0
2010-04-23,-0.011684724570392664,-0.011689008556661233,0.004283986268569565,4.283986268569565e-06,1.4691174722150533,-0.011689008556661218
2010-04-30,-0.037929489290329334,-0.03821044315399415,0.28095386366481706,0.0002809538636648171,1.4129818425564404,-0.04945280951367448
2010-05-07,0.02566965996200777,0.025652342157882868,0.017317804124901085,1.7317804124901086e-05,1.449228136244574,-0.025069047746104967
2010-05-14,-0.04063884254399039,-0.04064534129044487,0.006498746454483305,6.498746454483305e-06,1.390323764039198,-0.06469544903508295
2010-05-21,0.016600534604421843,0.016588722763526163,0.011811840895680565,1.1811840895680566e-05,1.4133874595123865,-0.04917994113966151
2010-05-28,-0.014923280971003407,-0.01538412161234512,0.4608406413417121,0.0004608406413417121,1.3916437349498845,-0.06380747255662611
2010-06-04,0.018941577494434036,0.01893387133536557,0.0077061590684648976,7.706159068464898e-06,1.417992938372093,-0.04608172369688268
2010-06-11,0.012409415755692469,0.012368712410230975,0.0407033454614942,4.07033454614942e-05,1.4355316852265558,-0.034282982874426216
2010-06-18,-0.009760656975893494,-0.00980986751505002,0.049210539156525575,4.9210539156525576e-05,1.421449309580827,-0.043756538869457295
2010-06-25,-0.026274416207281763,-0.026590871973485943,0.31645576620418026,0.0003164557662041803,1.3836517329729632,-0.06918388631986261
2010-07-02,0.013859203604369503,0.013854759445838053,0.004444158531449905,4.444158531449905e-06,1.4028218948901205,-0.0562876529765145
2010-07-09,-0.007636257657136741,-0.007642717013911092,0.006459356774351042,6.459356774351042e-06,1.392100524126557,-0.06350017938734875
2010-07-16,0.013926118823498045,0.013922517326443616,0.003601497054429976,3.6014970544299762e-06,1.4114820677938602,-0.050461744408657805
2010-07-23,0.0016266321335674059,0.0016205760124105623,0.006056121156843645,6.056121156843645e-06,1.4137694817748747,-0.04892294548878018
2010-07-30,0.007281388046206355,0.0071075576053021205,0.17383044090423444,0.00017383044090423444,1.4238179298072078,-0.042163110536760584
2010-08-06,-0.001874289743424023,-0.0018770881643690198,0.0027984209449967807,2.7984209449967807e-06,1.4211452980229502,-0.04396105482536816
2010-08-13,0.010426113856972117,0.010415386859348862,0.010726997623254814,1.0726997623254814e-05,1.4359470760852038,-0.03400353935877054
2010-08-20,0.0009627385428837159,0.0009527680174543023,0.009970525429413611,9.970525429413612e-06,1.4373152005340548,-0.03308316882609752
2010-08-27,0.010756886261365808,0.01063498582234584,0.12190043901996744,0.00012190043901996744,1.4526010273139767,-0.022800022035175505
2010-09-03,-0.0031287175815374164,-0.003138815425470062,0.010097843932645532,1.0097843932645533e-05,1.4480415808023899,-0.025867272399780483
2010-09-10,0.008060201261197875,0.008049346248312944,0.010855012884932179,1.085501288493218e-05,1.4596973688682227,-0.018026140783512945
2010-09-17,0.007364034187023346,0.007344801816273395,0.019232370749951072,1.9232370749951073e-05,1.4704185567542956,-0.010813737398806644
2010-09-24,0.0074034672755001005,0.00722951546280983,0.1739518126902708,0.0001739518126902708,1.4810489704471534,-0.0036624000177321037
2010-10-01,0.01073424493400428,0.0107283065702925,0.005938363711779122,5.938363711779122e-06,1.4969381178477266,0.0
2010-10-08,-0.0029715771023121713,-0.0029891859625767354,0.01760886026456423,1.760886026456423e-05,1.4924634914390102,-0.0029891859625766903
2010-10-15,0.0012758715976814035,0.0011963480111183869,0.07952358656301657,7.952358656301657e-05,1.49424899716866,-0.0017964140581394616
2010-10-22,0.0008409986217386956,0.0008254532391805246,0.015545382558170966,1.5545382558170968e-05,1.4954824298435152,-0.0009724436747621246
2010-10-29,0.01468440945877135,0.014477897907193107,0.206511551578242,0.000206511551578242,1.5171338717847906,0.0
2010-11-05,-0.026843672661973485,-0.02686357560469585,0.019902942722365043,1.9902942722365043e-05,1.476378231317655,-0.026863575604695877
2010-11-12,-0.003374394912481364,-0.0034043238108561083,0.0299288983747443,2.99288983747443e-05,1.4713521617509506,-0.03017644710547618
2010-11-19,0.0008252572535198961,0.0008018968852754217,0.02336036824447437,2.3360368244474373e-05,1.472532034466602,-0.029398748619143267
2010-11-26,0.020999155288710065,0.020810533574924128,0.18862171378593703,0.00018862171378593705,1.5031762118100207,-0.009200018689418554
2010-12-03,-0.011456789943542395,-0.011472527251803125,0.015737308260729443,1.5737308260729444e-05,1.485930981755768,-0.020566998476090226
2010-12-10,-0.0010803748086918713,-0.0010882662022380892,0.007891393546217918,7.891393546217918e-06,1.4843138932894646,-0.021632882309005397
2010-12-17,0.009513284361060735,0.009491396216164337,0.02188814489639794,2.188814489639794e-05,1.4984021045598321,-0.012346812350133685
2010-12-24,0.01813608288978792,0.018121716882896172,0.014366006891747801,1.4366006891747802e-05,1.5255557232754013,0.0
2010-12-31,-0.017086073678297956,-0.01721326932098384,0.12719564268588449,0.0001271956426858845,1.4992959217464934,-0.017213269320983993
2011-01-07,0.004348418633743357,0.00433893139647995,0.009487237263406997,9.487237263406997e-06,1.5058012638939735,-0.012949025119196933
2011-01-14,-0.006624373318229468,-0.0066474724937190584,0.023099175489589854,2.3099175489589854e-05,1.495791491411231,-0.019510419324615724
2011-01-21,0.002546571015083378,0.002532396529865949,0.014174485217429356,1.4174485217429356e-05,1.4995794285934838,-0.017027430912943564
2011-01-28,0.013064439219310121,0.012782938814014714,0.28150040529540654,0.00028150040529540657,1.5187484606759496,-0.004462152706448785
2011-02-04,0.0069614240355390725,0.0069517431045517135,0.009680930987359303,9.680930987359303e-06,1.5293064098150024,0.0
2011-02-11,0.01343225019413155,0.013405451834167081,0.026798359964470123,2.6798359964470124e-05,1.5498074532314605,0.0
2011-02-18,-0.000503686335757362,-0.0005187513549176636,0.015065019160301635,1.5065019160301635e-05,1.5490034885152353,-0.0005187513549176348
2011-02-25,0.00786383301507491,0.00779449372372925,0.06933929134566084,6.933929134566085e-05,1.561077186484502,0.0
2011-03-04,-0.012490527906174172,-0.012505952050577668,0.01542414440349541,1.542414440349541e-05,1.5415544300430761,-0.012505952050577696
2011-03-11,-0.00775711357505003,-0.007764226908931103,0.007113333881073358,7.113333881073358e-06,1.5295854516557537,-0.020173079910075997
2011-03-18,0.015128363741564118,0.015109081632417682,0.01928210914643525,1.9282109146435253e-05,1.552696083108579,-0.005368794988796832
2011-03-25,0.009257266115647355,0.008898113656316627,0.3591524593307271,0.0003591524593307271,1.5665121493297969,0.0
2011-04-01,-0.0004374960436400114,-0.00044728421208230365,0.009788168442292208,9.788168442292209e-06,1.5658114731773665,-0.00044728421208239943
2011-04-08,0.001348463750130669,0.0013390746900043078,0.009389060126361154,9.389060126361155e-06,1.5679082116904168,0.0
2011-04-15,0.010255321754752971,0.010234528750387729,0.02079300436524286,2.079300436524286e-05,1.5839550133609315,0.0
2011-04-22,0.014356040470403883,0.01433177858564739,0.02426188475649231,2.426188475649231e-05,1.6066559059020464,0.0
2011-04-29,-0.02630580383390226,-0.02673934075683926,0.43353692293700224,0.00043353692293700226,1.5636949861551432,-0.02673934075683937
2011-05-06,-0.003172002648420957,-0.003201728508200716,0.029725859779759146,2.972585977975915e-05,1.5586884593398398,-0.02985545715544835
2011-05-13,0.005744394959326947,0.005719222661243266,0.025172298083680447,2.517229808368045e-05,1.5676029456983145,-0.024306984501330398
2011-05-20,0.008248674027327917,0.008230827696506116,0.017846330821800305,1.7846330821800304e-05,1.5805056154408927,-0.016276223406076373
2011-05-27,-0.003431340471918468,-0.003875879841997497,0.4445393700790291,0.0004445393700790291,1.5743797655858416,-0.020089018561870398
2011-06-03,-0.01694458758758045,-0.016968445208627916,0.02385762104746622,2.3857621047466223e-05,1.5476649887959257,-0.036716584359736126
2011-06-10,-0.0019695410946026443,-0.0020066195691065478,0.03707847450390326,3.707847450390326e-05,1.5445594139429868,-0.038649527712155574
2011-06-17,-0.0010294407388003034,-0.0010586943915131654,0.029253652712861997,2.9253652712861996e-05,1.5429241975540864,-0.039667304065445386
2011-06-24,0.029833063008523626,0.029662229083654543,0.17083392486908203,0.00017083392486908202,1.5886907685606495,-0.011181695642111023
2011-07-01,0.006744692188073433,0.006722815776115854,0.02187641195757921,2.187641195757921e-05,1.5993712439228986,-0.004534052345861683
2011-07-08,-0.009857495812568676,-0.009882910514387602,0.025414701818926258,2.5414701818926258e-05,1.583564801039924,-0.014372153226647644
2011-07-15,0.014798721041604393,0.0147750527612393,0.023668280365093247,2.3668280365093247e-05,1.6069620545261303,0.0
2011-07-22,-0.016372072732253336,-0.016392512224690414,0.02043949243707775,2.043949243707775e-05,1.5806199094026971,-0.016392512224690403
2011-07-29,-0.031782566145293026,-0.03212443195892003,0.34186581362700125,0.00034186581362700123,1.529843392670176,-0.047990344040012456
2011-08-05,0.017874734746175774,0.017846116427697564,0.028618318478210142,2.8618318478210143e-05,1.5571451559719116,-0.031000668879458404
2011-08-12,0.0077631459209138946,0.007750085145780509,0.013060775133386123,1.3060775133386124e-05,1.5692131635150337,-0.023490841557069708
2011-08-19,0.00986097979685149,0.009854917913500514,0.006061883350976294,6.061883350976294e-06,1.584677630430259,-0.013867423958833114
2011-08-26,0.007810647324579622,0.007290977054494445,0.519670270085177,0.000519670270085177,1.5962314786724967,-0.006677553974227424
2011-09-02,-0.004658398139785359,-0.004667260199440778,0.008862059655418756,8.862059655418755e-06,1.588781451022994,-0.011313648291774614
2011-09-09,0.002460997676400379,0.002429022003679513,0.03197567272086607,3.197567272086607e-05,1.5926406361265668,-0.008912107388737711
2011-09-16,-0.021135995092866972,-0.0211381645705228,0.0021694776558294237,2.1694776558294236e-06,1.5589751362584214,-0.029861886366607138
2011-09-23,-0.004965791714493981,-0.004970915872879907,0.005124158385925458,5.124158385925457e-06,1.5512256020081694,-0.0346843613145531
2011-09-30,-0.00038529589163857733,-0.0005313034182558283,0.14600752661725103,0.00014600752661725103,1.5504014305433365,-0.03519723681308251
2011-10-07,0.006230072645939111,0.006225749500288241,0.004323145650869153,4.323145650869154e-06,1.5600538414747878,-0.02919061649229493
2011-10-14,-0.0013216597747966294,-0.0013255543774201384,0.0038946026235090457,3.8946026235090455e-06,1.5579859052762097,-0.030477477120244068
2011-10-21,0.01040401455438205,0.010397970573750723,0.006043980631327713,6.0439806313277135e-06,1.5741857968735902,-0.02039641045675178
2011-10-28,0.006142833489658357,0.0060970236449253284,0.0458098447330281,4.58098447330281e-05,1.5837836448986342,-0.014423744208652778
2011-11-04,-0.001941051510745332,-0.0019428127866654478,0.0017612759201158052,1.7612759201158054e-06,1.5807066497820137,-0.016338534360638035
2011-11-11,-0.0034696528600435695,-0.0034729593031103145,0.0033064430667448033,3.3064430667448032e-06,1.5752169199171648,-0.019754750598841353
2011-11-18,-0.005794399583140104,-0.005801879747579451,0.007480164439346209,7.480164439346209e-06,1.566077700771453,-0.025442015659002837
2011-11-25,0.01789049375339621,0.01744125488870526,0.44923886469095287,0.00044923886469095287,1.5933920611261254,-0.008444501450288744
2011-12-02,-0.00732813938406106,-0.007334359941850237,0.006220557789177297,6.220557789177297e-06,1.5817055502213397,-0.01571692637897315
2011-12-09,-0.004633934790609249,-0.004698228488819466,0.06429369821021673,6.429369821021674e-05,1.5742743361443658,-0.020341313156522323
2011-12-16,-0.002271640091278033,-0.0022919832922614464,0.020343200983413627,2.0343200983413626e-05,1.570666125668487,-0.022586674498886294
2011-12-23,0.0016283572952360997,0.0016066984154144929,0.02165887982160683,2.165887982160683e-05,1.5731897124437437,-0.021016266057598654
2011-12-30,0.0008181648342392165,0.0006452691496285153,0.1728956846107012,0.00017289568461070122,1.5742048432316968,-0.0203845580560974
2012-01-06,0.007434127311187673,0.00742471872735208,0.009408583835593686,9.408583835593686e-06,1.5858928714119278,-0.013111188938693008
2012-01-13,-0.0011979564679072561,-0.0012097620176184688,0.011805549711212584,1.1805549711212584e-05,1.5839743184520818,-0.01430508953792764
2012-01-20,0.013723814485625641,0.013714292832396752,0.009521653228889065,9.521653228889065e-06,1.6056974060943299,-0.000786980892447553
2012-01-27,-2.7969249019696224e-05,-0.00012130829770461987,0.09333904868492364,9.333904868492364e-05,1.6055026216753678,-0.0009081937228397896
2012-02-03,-0.002164852249400955,-0.0021738714487365227,0.009019199335567964,9.019199335567964e-06,1.6020124653652361,-0.003080090875172359
2012-02-10,0.0006130720544068788,0.0005874620382128172,0.02561001619406165,2.5610016194061653e-05,1.6029535868733822,-0.002494438273422772
2012-02-17,0.009856034623963443,0.009839443126051664,0.016591497911778927,1.6591497911778926e-05,1.6187257575251233,0.0
2012-02-24,-0.0030465899177964458,-0.0033138927389100912,0.26730282111364534,0.00026730282111364536,1.6133614739909738,-0.0033138927389102513
2012-03-02,-0.002418978905680271,-0.002457796404076736,0.038817498396465255,3.881749839646526e-05,1.6093961599617228,-0.00576354426932979
2012-03-09,-0.007717792693216984,-0.007759079843206119,0.041287149989134866,4.128714998913487e-05,1.5969087266572304,-0.013477904312370392
2012-03-16,0.0022049736022630166,0.002178548066912373,0.026425535350643535,2.6425535350643534e-05,1.600387669076725,-0.011328718507843782
2012-03-23,0.0019178127964280141,0.001888185783571775,0.02962701285623904,2.962701285623904e-05,1.6034094983216791,-0.009461923449504694
2012-03-30,-0.003861229153563129,-0.004235740614713213,0.3745114611500836,0.0003745114611500836,1.5966178715876211,-0.01365758581076948
2012-04-06,0.003231529503852299,0.003193910889386409,0.037618614465890314,3.761861446589032e-05,1.6017173267938738,-0.010507296033426816
2012-04-13,0.003976092071405093,0.00392270241537563,0.05338965602946352,5.338965602946352e-05,1.6080003872204371,-0.006625810613580474
2012-04-20,0.0116774667580348,0.011611256578435775,0.06621017959902538,6.621017959902538e-05,1.6266712922946778,0.0
2012-04-27,-0.010009488368706397,-0.010163421776476899,0.15393340777050213,0.00015393340777050213,1.6101387458594003,-0.010163421776476889
2012-05-04,-0.001358204290807048,-0.0013737086873795907,0.015504396572542791,1.5504396572542792e-05,1.6079268842763268,-0.01152316888306859
2012-05-11,-0.023126735627176875,-0.02315496510866104,0.02822948148416529,2.822948148416529e-05,1.5706953933736305,-0.03441131541830089
2012-05-18,0.007579778011015317,0.007539421457957261,0.0403565530580557,4.03565530580557e-05,1.582537527926346,-0.027131335370205067
2012-05-25,0.004433002545829057,0.00415837241935336,0.2746301264756973,0.0002746301264756973,1.5891183083350668,-0.023085785147555216
2012-06-01,0.005925435539389918,0.005915633325762408,0.009802213627509337,9.802213627509337e-06,1.5985189495584329,-0.01730671886176316
2012-06-08,0.00496553123061788,0.004948597729605879,0.016933501012001397,1.6933501012001396e-05,1.6064293768029498,-0.012443765121823436
2012-06-15,-0.0019835766026582153,-0.0019895136463541447,0.005937043695929343,5.937043695929343e-06,1.6032333636358962,-0.01440852172765561
2012-06-22,0.008827000152456767,0.008792546238417655,0.03445391403911143,3.445391403911143e-05,1.6173298671166387,-0.005742663082755617
2012-06-29,0.009544475824285642,0.009266910263067394,0.2775655612182479,0.0002775655612182479,1.6323175178609872,0.0
2012-07-06,0.006659756315849405,0.006621853225753034,0.03790309009637104,3.790309009637104e-05,1.643126484882088,0.0
2012-07-13,0.0013365289745811142,0.0013098463953149185,0.026682579266195695,2.6682579266195696e-05,1.6452787281853571,0.0
2012-07-20,0.0007382734449688964,0.0007321789090696472,0.006094535899249171,6.0945358992491706e-06,1.6464833665696756,0.0
2012-07-27,0.002692812089094114,0.002458185688695395,0.2346264003987194,0.0002346264003987194,1.6505307284180522,0.0
2012-08-03,-0.003805971953114446,-0.0038144943654238217,0.008522412309375765,8.522412309375765e-06,1.6442347882545427,-0.003814494365423804
2012-08-10,-0.005831013310150419,-0.005914822228135015,0.08380891798459689,8.380891798459689e-05,1.6345094317807018,-0.009706754537497142
2012-08-17,0.01026828545961906,0.010260484426687803,0.00780103293125741,7.80103293125741e-06,1.6512802903507622,0.0
2012-08-24,0.007980001544747822,0.007954271891317668,0.025729653430154556,2.5729653430154556e-05,1.6644150227489862,0.0
2012-08-31,0.002423145920645052,0.002221781595183182,0.2013643254618702,0.0002013643254618702,1.6681129894132765,0.0
2012-09-07,-0.00023116038164270247,-0.00023796540943386542,0.006805027791162939,6.805027791162939e-06,1.6677160362227688,-0.00023796540943388234
2012-09-14,-0.002194256216320162,-0.0022057397329083286,0.01148351658816662,1.148351658816662e-05,1.664037488698464,-0.002443180252583499
2012-09-21,-0.0021708981721319195,-0.0021805029229481415,0.009604750816221795,9.604750816221795e-06,1.6604090500904616,-0.004618355813849617
2012-09-28,0.004342871738340341,0.004141570335024275,0.2013014033160666,0.0002013014033160666,1.6672857509563221,-0.0004959127242605277
2012-10-05,-0.0023763216136998685,-0.0023841575110179146,0.007835897318046195,7.835897318046195e-06,1.6633106791101664,-0.002878887901232141
2012-10-12,0.002389536544330082,0.0023797539261886315,0.009782618141450466,9.782618141450466e-06,1.6672689492292505,-0.000505985019829347
2012-10-19,-0.008746612126173853,-0.008760937274744866,0.014325148571011853,1.4325148571011853e-05,1.652662110544923,-0.009262489391553719
2012-10-26,0.0014533597452988933,0.001353655799646714,0.09970394565217944,9.970394565217944e-05,1.6548992461957186,-0.00792137181439101
2012-11-02,-0.010552315060606604,-0.010600021104203782,0.04770604359717735,4.7706043597177355e-05,1.6373572792607132,-0.018437426210187957
2012-11-09,-0.008665729277253823,-0.00868832254997964,0.022593272725816495,2.2593272725816494e-05,1.623131391088939,-0.026965558454262073
2012-11-16,0.017454675807081363,0.017404605180729765,0.05007062635159705,5.007062635159705e-05,1.6513813521072904,-0.010030278171906715
2012-11-23,0.0047638076900132,0.004728556573907961,0.035251116105239025,3.525111610523903e-05,1.6591900022558264,-0.0053491503357866454
2012-11-30,0.005560657185660192,0.0054569881707489665,0.10366901491122582,0.00010366901491122582,1.6682441824711614,0.0
2012-12-07,-0.0018924054436640651,-0.0019055137225259594,0.013108278861894154,1.3108278861894155e-05,1.6650653202889383,-0.0019055137225261198
2012-12-14,0.007359930507811481,0.007330141309631439,0.029789198180042324,2.9789198180042325e-05,1.6772704843764228,0.0
2012-12-21,-0.002576486031108965,-0.0025936826388592827,0.017196607750317765,1.7196607750317766e-05,1.6729201770404245,-0.002593682638859285
2012-12-28,0.011758075542944764,0.011628749589669538,0.12932595327522567,0.00012932595327522567,1.6923741468627334,0.0
2013-01-04,0.005745901145123556,0.005727382097045756,0.018519048077800512,1.8519048077800513e-05,1.7020670202529782,0.0
2013-01-11,0.0025061377097953105,0.002492728252137757,0.01340945765755365,1.340945765755365e-05,1.706309810801395,0.0
2013-01-18,0.004077666438179777,0.004054865611012648,0.02280082716712882,2.280082716712882e-05,1.713228667774947,0.0
2013-01-25,-0.0018527484424497478,-0.0019686434071739057,0.11589496472415763,0.00011589496472415763,1.7098559314531505,-0.0019686434071739534
2013-02-01,-0.004019880841183502,-0.004041036235526475,0.021155394342972846,2.1155394342972847e-05,1.7029463416766186,-0.006001724283357102
2013-02-08,-8.635169325634874e-05,-0.00013089634311592605,0.04454464985957732,4.4544649859577317e-05,1.7027234322279705,-0.006131835022711973
2013-02-15,0.0014244604595871034,0.0014153197762978337,0.009140683289269796,9.140683289269796e-06,1.7051333303751686,-0.004725193753786772
2013-02-22,0.00026253542592537986,3.8184959803956743e-05,0.22435046612142312,0.00022435046612142312,1.7051984408228493,-0.004687189225316302
2013-03-01,0.010138392971855174,0.010130767243664435,0.007625728190738956,7.625728190738956e-06,1.722473409331085,0.0
2013-03-08,0.002994891246908933,0.00298997821702289,0.0049130298860427,4.9130298860427e-06,1.727623567304386,0.0
2013-03-15,-0.0035552432786040726,-0.0035682128988942115,0.012969620290138812,1.2969620290138812e-05,1.721459038607097,-0.0035682128988941963
2013-03-22,0.0007822841294337765,0.0007661828181390277,0.016101311294748795,1.6101311294748795e-05,1.722777990944608,-0.0028047639841697336
2013-03-29,0.0008203737680326339,0.0007134977068723441,0.10687606116028982,0.00010687606116028982,1.724007189090597,-0.0020932674699684073
2013-04-05,0.015204745284143797,0.015193407156881824,0.011338127261972567,1.1338127261972567e-05,1.7502007322558417,0.0
2013-04-12,-0.008583169235162948,-0.008597651496423287,0.014482261260340164,1.4482261260340164e-05,1.7351531163111211,-0.00859765149642333
2013-04-19,0.013958919563867191,0.013943954382459366,0.014965181407824331,1.4965181407824331e-05,1.7593480122115455,0.0
2013-04-26,0.015022552355633809,0.01488824397622681,0.13430837940699925,0.00013430837940699926,1.7855416146564407,0.0
2013-05-03,0.001308148408526901,0.0012964839232299497,0.011664485296951296,1.1664485296951297e-05,1.7878565406541007,0.0
2013-05-10,0.006568227174131547,0.006546302686104973,0.021924488026574783,2.1924488026574785e-05,1.7995603907285551,0.0
2013-05-17,-0.01687706928869012,-0.016889118556604292,0.012049267914173442,1.2049267914173442e-05,1.7691674019397714,-0.016889118556604243
2013-05-24,-0.02066394008727085,-0.02068915538913674,0.025215301865892582,2.521530186589258e-05,1.7325648226516441,-0.03722885234753792
2013-05-31,0.00013978932992365136,-0.00027870159020989903,0.4184909201335504,0.0004184909201335504,1.7320819540804293,-0.03749717819739684
2013-06-07,-0.005357117344091661,-0.005365723537198001,0.00860619310633933,8.60619310633933e-06,1.722788081171064,-0.04266170224296262
2013-06-14,-0.031032278341415448,-0.03104663855871374,0.01436021729829197,1.4360217298291971e-05,1.669301302301686,-0.07238383835183959
2013-06-21,0.015945881244226495,0.015922652957496664,0.023228286729831602,2.32282867298316e-05,1.695881007619733,-0.05761372813215082
2013-06-28,0.0049303315602217315,0.0044851065118283505,0.44522504839338106,0.0004452250483933811,1.7034872145702942,-0.053387025327538806
2013-07-05,0.0251991969579256,0.025169048456929428,0.030148500996170696,3.0148500996170697e-05,1.7463623668195736,-0.0295616774980495
2013-07-12,0.010765899099825789,0.010760812823284265,0.00508627654152395,5.086276541523949e-06,1.765154645370547,-0.019118972353063923
2013-07-19,-0.005648383772814484,-0.005654412352282981,0.006028579468496169,6.028579468496169e-06,1.7551737331400739,-0.024665278151910885
2013-07-26,0.005221159969698682,0.005029932421811165,0.19122754788751717,0.00019122754788751718,1.7640021384063067,-0.01975941041236884
2013-08-02,-0.00493258508300243,-0.004936634974355802,0.0040498913533723625,4.049891353372363e-06,1.7552939037550117,-0.024598500390210276
2013-08-09,-0.013526139573656414,-0.013538726513273496,0.012586939617082411,1.2586939617082411e-05,1.7315294596416564,-0.03780419453406414
2013-08-16,0.005583117236997113,0.005573145863647068,0.00997137335004506,9.97137335004506e-06,1.7411795258874412,-0.032441736960813206
2013-08-23,-0.014909519625650628,-0.014921854917313062,0.012335291662433901,1.2335291662433901e-05,1.715197897617153,-0.0468795009859313
2013-08-30,0.009416746526127711,0.009243514788982221,0.17323173714548964,0.00017323173714548965,1.7310523547498082,-0.03806931755761267
2013-09-06,0.013060659448269991,0.013046647863097144,0.014011585172846664,1.4011585172846665e-05,1.753636785254814,-0.02551934667507816
2013-09-13,0.01405098805947651,0.014046704536220218,0.004283523256291658,4.283523256291658e-06,1.7782696030411356,-0.011831104861560027
2013-09-20,-0.00269854484479262,-0.0027070146141944034,0.008469769401783105,8.469769401783106e-06,1.7734558012377255,-0.014506092501992196
2013-09-27,0.0003063017338837893,-1.5365157412592604e-05,0.3216668912963819,0.0003216668912963819,1.7734285518101751,-0.014521234771010083
2013-10-04,0.004075240198945888,0.004058554532487463,0.016685666458425463,1.668566645842546e-05,1.7806261082971668,-0.010521615461719924
2013-10-11,0.013385383564986343,0.013374505175233397,0.010878389752946315,1.0878389752946315e-05,1.804441101397743,0.0
2013-10-18,0.0026781205271304083,0.0026699378393638252,0.008182687766582902,8.182687766582903e-06,1.809258846973268,0.0
2013-10-25,-0.006469143319800618,-0.006657521144947273,0.1883778251466548,0.0001883778251466548,1.7972136679428607,-0.0066575211449471094
2013-11-01,-0.0036064813164159893,-0.00361594696107336,0.009465644657370414,9.465644657370414e-06,1.7907150386418633,-0.010249394862668182
2013-11-08,0.010644944718986943,0.010637221410362411,0.007723308624531988,7.723308624531988e-06,1.8097632709907627,0.0
2013-11-15,-0.0002851633461880564,-0.0002903786868399156,0.005215340651859204,5.215340651859205e-06,1.8092377543086413,-0.0002903786868398983
2013-11-22,0.002774256345759665,0.0027687938013701346,0.0054625443895301995,5.462544389530199e-06,1.8142471605879757,0.0
2013-11-29,-0.003687875558688703,-0.003731614788234979,0.04373922954627591,4.373922954627591e-05,1.8074770890540122,-0.003731614788235027
2013-12-06,-0.011903536271546267,-0.011912846400004801,0.009310128458534798,9.310128458534799e-06,1.785944892120584,-0.01560000703444353
2013-12-13,0.0154078988110564,0.015386010251774107,0.021888559282293205,2.1888559282293205e-05,1.8134234585398548,-0.00045401865082927984
2013-12-20,0.010702568328600016,0.010691534592524738,0.011033736075278215,1.1033736075278214e-05,1.8328117381777294,0.0
2013-12-27,-0.0027603419172722767,-0.00314105246360592,0.380710546333643,0.000380710546333643,1.8270547803522004,-0.0031410524636059645
2014-01-03,0.007090808162299032,0.007086504281351603,0.004303880947429102,4.303880947429102e-06,1.8400022118754304,0.0
2014-01-10,0.00133633819829284,0.0013337707513546742,0.0025674469381656018,2.5674469381656017e-06,1.842456353008058,0.0
2014-01-17,-0.016156542353440367,-0.016163714966528894,0.007172613088526292,7.172613088526292e-06,1.8126754136797654,-0.016163714966528908
2014-01-24,-0.0040426310789971305,-0.004047867754329313,0.0052366753321824505,5.236675332182451e-06,1.8053379433236656,-0.020146154140255
2014-01-31,0.0072551759320665515,0.0072095209525408046,0.045654979525747146,4.565497952574715e-05,1.8183535650524747,-0.013081877308101397
2014-02-07,0.016457153180676424,0.016442195163487713,0.014958017188709585,1.4958017188709586e-05,1.8482512892452911,0.0
2014-02-14,0.00325841518572829,0.003249953220979058,0.008461964749232246,8.461964749232246e-06,1.8542580194759526,0.0
2014-02-21,0.009737582916675024,0.00973177989311819,0.005803023556833961,5.803023556833961e-06,1.872303250386542,0.0
2014-02-28,0.0007655462371067755,0.0005358645612728273,0.2296816758339482,0.00022968167583394818,1.87330655134638,0.0
2014-03-07,-0.010872174919723315,-0.010881390026690167,0.00921510696685149,9.215106966851491e-06,1.8529223721216261,-0.010881390026690196
2014-03-14,0.003460892066592129,0.0034434484175960545,0.017443648996074514,1.7443648996074515e-05,1.8593028147318367,-0.007475411114362784
2014-03-21,-0.00032182493481948865,-0.00034286423708455583,0.02103930226506716,2.103930226506716e-05,1.8586653262907546,-0.007815712300318634
2014-03-28,0.0021815182131677217,0.002136204219755002,0.04531399341271983,4.531399341271983e-05,1.8626358150038893,-0.005696204038159958
2014-04-04,-0.012350773006109867,-0.012359340052513528,0.008567046403662066,8.567046403662066e-06,1.8396148655722657,-0.017985142767957263
2014-04-11,0.013173518200381498,0.013152443405075329,0.02107479530616991,2.1074795306169908e-05,1.8638102959788403,-0.0050692479352696385
2014-04-18,0.0010617519059902536,0.0010447763606267282,0.016975545363525447,1.6975545363525447e-05,1.8657575609167716,-0.0040297678050519314
2014-04-25,0.005898112100177942,0.005638719772584807,0.2593923275931347,0.0002593923275931347,1.8762780449663627,0.0
2014-05-02,-0.003057091953509186,-0.003088202274292587,0.031110320783400595,3.1110320783400594e-05,1.8704837188406922,-0.0030882022742926285
2014-05-09,0.0033651284483642565,0.00334571629185881,0.019412156505446435,1.9412156505446433e-05,1.8767418266924742,0.0
2014-05-16,0.0034652857087383317,0.003446506760185931,0.018778948552400695,1.8778948552400694e-05,1.8832100300852934,0.0
2014-05-23,0.0036523541177027083,0.003635120277359816,0.017233840342892263,1.7233840342892263e-05,1.890055725052184,0.0
2014-05-30,0.006001302387472645,0.005646999769169264,0.3543026183033815,0.0003543026183033815,1.9007288692952709,0.0
2014-06-06,-0.002429629520147624,-0.002606900060141728,0.17727053999410386,0.00017727053999410386,1.8957738590915918,-0.002606900060141748
2014-06-13,0.00641427354795392,0.006373907850201436,0.04036569775248406,4.0365697752484064e-05,1.9078573469742623,0.0
2014-06-20,0.0008110729419063079,0.0007638611580410063,0.047211783865301574,4.721178386530157e-05,1.909314685096699,0.0
2014-06-27,-0.004773977764831119,-0.0051796638711946565,0.4056861063635373,0.0004056861063635373,1.8994250768035623,-0.0051796638711946175
2014-07-04,0.0028487805025266674,0.0028090381135430793,0.03974238898358796,3.974238898358796e-05,1.904760634238123,-0.0023851756308811423
2014-07-11,0.006126173528639786,0.006112611809463335,0.013561719176450375,1.3561719176450376e-05,1.9164036965851678,0.0
2014-07-18,0.0036906385016280724,0.003661977687179692,0.02866081444838046,2.8660814448380462e-05,1.9234215241616917,0.0
2014-07-25,-0.014787149235844833,-0.01500011077176945,0.21296153592461636,0.00021296153592461638,1.8945699882384606,-0.015000110771769548
2014-08-01,0.0021109490874362665,0.002094963977871343,0.015985109564923702,1.5985109564923703e-05,1.8985390441173762,-0.0129365714856291
2014-08-08,0.015291091898408342,0.015269852145323956,0.021239753084386057,2.1239753084386058e-05,1.9275294546131734,0.0
2014-08-15,0.0024105792103673676,0.0023725290772397146,0.03805013312765319,3.805013312765319e-05,1.932102574291479,0.0
2014-08-22,0.009570666691381124,0.00955431533318919,0.016351358191934336,1.6351358191934338e-05,1.9505624915423263,0.0
2014-08-29,-0.0023084043082827405,-0.0025780442614296434,0.26963995314690264,0.00026963995314690267,1.9455338551044459,-0.0025780442614296017
2014-09-05,-0.027103680002391647,-0.027114222240129607,0.010542237737961414,1.0542237737961414e-05,1.8927822177814477,-0.02962236483650993
2014-09-12,0.003256496561251289,0.0032218734137961533,0.0346231474551361,3.4623147455136104e-05,1.8988805224870238,-0.026495930932434297
2014-09-19,-0.005288634466968168,-0.005307971491706492,0.019337024738324837,1.9337024738324837e-05,1.888801318807506,-0.03166326277810527
2014-09-26,0.0029377265381358994,0.0028904207454503216,0.04730579268557764,4.730579268557764e-05,1.8942607493234211,-0.028864362184257364
2014-10-03,0.0025642278159771596,0.0025633884393906985,0.0008393765864611637,8.393765864611636e-07,1.8991164754294285,-0.0263749643172001
2014-10-10,0.006171534589058918,0.006162018911249734,0.00951567780918446,9.515677809184459e-06,1.9108188670656905,-0.020375468434856603
2014-10-17,0.012082413628731881,0.012046868046618931,0.03554558211294913,3.554558211294913e-05,1.933838249818221,-0.008574060967860286
2014-10-24,0.010447080803323329,0.010434134824666685,0.012945978656643257,1.2945978656643257e-05,1.9540161788459216,0.0
2014-10-31,0.0011336761243354939,0.0010209655609294272,0.1127105634060667,0.0001127105634060667,1.9560111620700222,0.0
2014-11-07,-0.0003782368166342495,-0.00040148219603327917,0.02324537939902971,2.324537939902971e-05,1.9552258584132087,-0.00040148219603330926
2014-11-14,0.007974254021388004,0.00792913504000906,0.0451189813789441,4.51189813789441e-05,1.9707291082782847,0.0
2014-11-21,0.008505304478470914,0.008485790795562215,0.019513682908698284,1.9513682908698284e-05,1.987452303205859,0.0
2014-11-28,-0.004645522582964549,-0.0049513195754557395,0.30579699249119086,0.00030579699249119085,1.9776117917117113,-0.004951319575455693
2014-12-05,-0.0007132668705124576,-0.0007438826548513853,0.030615784338927733,3.0615784338927734e-05,1.9761406806018273,-0.005691519029556336
2014-12-12,0.013575583094857716,0.013552663304188063,0.022919790669653085,2.2919790669653087e-05,2.002922649887733,0.0
2014-12-19,0.003675769941134152,0.00366342140899313,0.012348532141021775,1.2348532141021775e-05,2.010260199603889,0.0
2014-12-26,0.004190482524914529,0.004049530927938872,0.14095159697565698,0.00014095159697565698,2.0184008104553897,0.0
2015-01-02,0.01659281786297437,0.016583723867915304,0.009093995059066275,9.093995059066275e-06,2.0518734121507585,0.0
2015-01-09,0.008137448114742617,0.008125979878034453,0.01146823670816348,1.1468236708163481e-05,2.0685468942101695,0.0
2015-01-16,0.008154043475335456,0.008143344032732388,0.010699442603067485,1.0699442603067485e-05,2.085391783217563,0.0
2015-01-23,0.00017964079427184882,0.00017075548245007208,0.00888531182177674,8.88531182177674e-06,2.0857478752976037,0.0
2015-01-30,-0.015552626531902522,-0.01581172386515008,0.259097333247559,0.000259097333247559,2.0527686058410746,-0.015811723865150062
2015-02-06,-0.003908571957158231,-0.003924858256053198,0.016286298894967487,1.628629889496749e-05,2.0447117800306724,-0.01967452334624864
2015-02-13,-0.004990978339009791,-0.004999360203785824,0.008381864776032541,8.381864776032542e-06,2.034489529329375,-0.024575523520988685
2015-02-20,0.00587473971206349,0.005862439854257578,0.012299857805911505,1.2299857805911505e-05,2.0464166018291854,-0.01885715619525985
2015-02-27,-0.026770252950549148,-0.02701141991152531,0.2411669609761597,0.0002411669609761597,1.9911399836832606,-0.04535921754245775
2015-03-06,0.01073022975827864,0.0106886058970431,0.041623861235541355,4.1623861235541356e-05,2.0124224942546958,-0.03515543844552427
2015-03-13,0.033372441600884165,0.033330301153235625,0.04214044764853949,4.214044764853949e-05,2.07949714203575,-0.002996878642852141
2015-03-20,-0.015981960612041376,-0.016017865587562595,0.03590497552121891,3.5904975521218906e-05,2.046188036324901,-0.01896674063113113
2015-03-27,0.010324509283275624,0.010145179637046807,0.1793296462288175,0.00017932964622881752,2.0669469815245933,-0.00901398198491643
2015-04-03,0.00022220043632340414,0.00020012859621836726,0.02207184010503689,2.207184010503689e-05,2.0673606367224635,-0.008815657344259153
2015-04-10,-0.001274223595179268,-0.0012997892867042805,0.02556569152501256,2.556569152501256e-05,2.0646735035150976,-0.010103988133992048
2015-04-17,0.006486784498595706,0.006457833212992902,0.028951285602804196,2.8951285602804198e-05,2.078006820640084,-0.0037114047911543935
2015-04-24,-0.022553767574905677,-0.022694270538939125,0.14050296403344834,0.00014050296403344834,2.0308479716707173,-0.026321447705683565
2015-05-01,-0.000762938406135103,-0.0007874747638346776,0.024536357699574633,2.453635769957463e-05,2.0292487301438418,-0.027088194993702408
2015-05-08,0.0018701552380705362,0.0018463582071200648,0.02379703095047151,2.379703095047151e-05,2.032995450191031,-0.025291851297725043
2015-05-15,-0.004802477245886972,-0.004828981882470094,0.026504636583122562,2.6504636583122562e-05,2.023178151994914,-0.029998699288504294
2015-05-22,-0.0005283064908818637,-0.000549110813801678,0.020804322919814298,2.0804322919814297e-05,2.0220672029934064,-0.030531337492126776
2015-05-29,-0.020595648000377755,-0.02084661550382714,0.2509675034493845,0.0002509675034493845,1.9799139454897037,-0.050741477942437885
2015-06-05,0.0020069397442428025,0.0019772925781448565,0.02964716609794596,2.964716609794596e-05,1.9838288146394862,-0.048864516112032574
2015-06-12,0.007341595471233416,0.007262176813934309,0.07941865729910738,7.941865729910739e-05,1.9982357302599758,-0.041957202054031306
2015-06-19,-0.01252700657254524,-0.012559360245395248,0.03235367285000656,3.235367285000656e-05,1.9731391678684203,-0.05398960668394115
2015-06-26,-0.0034645180929148535,-0.003893412382130216,0.4288942892153624,0.0004288942892153624,1.9654569234005752,-0.0576728152629018
2015-07-03,0.0005092885412651725,0.000491474609948611,0.01781393131656156,1.781393131656156e-05,1.9664228955753744,-0.05720968537733906
2015-07-10,0.010436654689088266,0.010424943242696721,0.011711446391545283,1.1711446391545283e-05,1.9869227426528873,-0.04738114985763353
2015-07-17,-0.007098373920784183,-0.007147756247036459,0.04938232625227615,4.938232625227615e-05,1.9727207032067113,-0.05419023719478333
2015-07-24,0.005911251601567409,0.005858501775434494,0.05274982613291471,5.274982613291471e-05,1.984277890948884,-0.048649209020165674
2015-07-31,-0.005526123499714071,-0.005851169886702078,0.3250463869880067,0.0003250463869880067,1.9726675439065153,-0.05421572412003706
2015-08-07,-0.00041280194556412425,-0.00047902956027927074,0.06622761471514652,6.622761471514652e-05,1.9717225778403806,-0.05466878274583087
2015-08-14,-0.02631453109501098,-0.026317780991184512,0.003249896173530006,3.249896173530006e-06,1.9198312148614036,-0.07954780268565609
2015-08-21,0.004675989795339841,0.004667487955910973,0.008501839428867558,8.501839428867559e-06,1.9287920039341513,-0.07525160314069945
2015-08-28,-0.0031500824834415687,-0.003639619947382003,0.489537463940434,0.000489537463940434,1.9217719340822816,-0.07861733585221808
2015-09-04,0.001947698359611204,0.0019411271562177507,0.006571203393453158,6.571203393453158e-06,1.9255023377715859,-0.07682881494157268
2015-09-11,0.00015924579699707486,0.00014851349168796445,0.010732305309110415,1.0732305309110416e-05,1.9257883008470216,-0.07669171156545396
2015-09-18,-0.005427320492797148,-0.005431289487062497,0.003968994265349008,3.968994265349008e-06,1.9153287870943232,-0.08170646616574617
2015-09-25,0.006156646036333007,0.005945644771565937,0.21100126476707015,0.00021100126476707016,1.9267166516831404,-0.0762466190175416
2015-10-02,-3.38123983888417e-05,-4.7534137505222055e-05,0.013721739116380353,1.3721739116380354e-05,1.9266250668688858,-0.0762905288377741
2015-10-09,0.0035064476902165864,0.003494094218382763,0.012353471833823446,1.2353471833823447e-05,1.9333568763760236,-0.07306300091512086
2015-10-16,0.0004617897240270245,0.0004254218408238762,0.03636788320314836,3.6367883203148365e-05,1.9341793686173412,-0.07266866167064223
2015-10-23,-0.0015239888956931303,-0.0015301504664792067,0.006161570786076467,6.161570786076467e-06,1.9312197831541968,-0.07408761815056775
2015-10-30,-0.0070019812834279365,-0.0074832862983733525,0.481305014945416,0.000481305014945416,1.9167679126117714,-0.08101648559115593
2015-11-06,-0.010829145501142962,-0.010840282959321339,0.011137458178377009,1.1137458178377009e-05,1.895989606071712,-0.09097852692229935
2015-11-13,0.012838826425201899,0.012817246997946886,0.02157942725501392,2.1579427255013922e-05,1.9202909731582731,-0.07932737417542501
2015-11-20,0.00479063513480568,0.004717995845214663,0.07263928959101694,7.263928959101695e-05,1.929350897991237,-0.07498364455198181
2015-11-27,-0.00045538674366610516,-0.0006454976406899557,0.19011089702385056,0.00019011089702385055,1.9281055065385206,-0.07558074042702312
2015-12-04,-0.009490394318948126,-0.009508097105312242,0.01770278636411661,1.770278636411661e-05,1.9097728921530652,-0.08437020851306376
2015-12-11,0.0006959821752268534,0.0006880687153236289,0.00791345990322441,7.913459903224409e-06,1.911086947133529,-0.0837401922987232
2015-12-18,0.009403938653623866,0.009337656715473213,0.06628193815065304,6.628193815065304e-05,1.9289320209992837,-0.07518447275222317
2015-12-25,-0.001327226712807212,-0.0017209076483730306,0.3936809355658185,0.00039368093556581854,1.9256125071311543,-0.07677599486639808
2016-01-01,-0.006534535954206298,-0.006567757285106071,0.03322133089977296,3.322133089977296e-05,1.9129655515591524,-0.08283950605189905
2016-01-08,-0.005385672629873377,-0.0054188939607731496,0.03322133089977296,3.322133089977296e-05,1.9025993940846415,-0.08780950151361411
2016-01-15,0.002253026211040941,0.0022236873227117026,0.02933888832923831,2.933888832923831e-05,1.9068301802374665,-0.08578107506623178
2016-01-22,0.004110897503488305,0.004099338397001559,0.011559106486746313,1.1559106486746313e-05,1.9146469224118754,-0.08203338232398527
2016-01-29,-0.0028449766732006375,-0.0030043429898106815,0.15936631661004375,0.00015936631661004374,1.9088946663525648,-0.08479126889668043
2016-02-05,-2.611591308941967e-05,-3.760322972419943e-05,0.01148731663477976,1.148731663477976e-05,1.9088228857479066,-0.08482568370084165
2016-02-12,0.002428368329462737,0.0023960487030616757,0.032319626401061105,3.231962640106111e-05,1.9133965183476773,-0.08263288146719772
2016-02-19,0.00181488796630601,0.0018128687413111425,0.0020192249948675386,2.0192249948675387e-06,1.9168652550855232,-0.08096981529370306
2016-02-26,0.004373297396234151,0.004215500557855951,0.15779683837820035,0.00015779683837820036,1.9249458016376708,-0.07709564303738725
2016-03-04,0.0017690769212641874,0.0017660446746581761,0.003032246606011196,3.032246606011196e-06,1.9283453419196586,-0.07546575271255462
2016-03-11,0.003972413697438842,0.003967837658062751,0.004576039376091153,4.576039376091153e-06,1.9359967031850773,-0.07179735090999873
2016-03-18,-0.0027671824494536167,-0.0027697161423038876,0.002533692850270955,2.533692850270955e-06,1.9306345418648185,-0.07436820877051253
2016-03-25,0.006084841797924746,0.0056729972157697475,0.41184458215499803,0.00041184458215499806,1.9415870262454864,-0.06911710219603984
2016-04-01,0.0035219610801901567,0.0035184298565695423,0.003531223620614355,3.531223620614355e-06,1.9484183640077566,-0.06584185601543635
2016-04-08,0.0021129275411228806,0.0021020029432681467,0.010924597854733799,1.0924597854733799e-05,1.9525139451436186,-0.06387825284730286
2016-04-15,-0.004925474479698249,-0.004935168986656315,0.009694506958066295,9.694506958066295e-06,1.9428779588755318,-0.06849817186158547
2016-04-22,0.013871046397888259,0.013861341120794035,0.009705277094223613,9.705277094223614e-06,1.9698088530195774,-0.055586307267115664
2016-04-29,0.011675899787073183,0.011337170360051885,0.3387294270212978,0.00033872942702129784,1.9921409115629989,-0.04487932834223729
2016-05-06,-0.003989870548911722,-0.003992863171430835,0.0029926225191129092,2.9926225191129095e-06,1.9841865654849182,-0.04869299449637188
2016-05-13,-0.015388161174557493,-0.015393694548226769,0.005533373669276511,5.533373669276512e-06,1.953642603569148,-0.06333712396068303
2016-05-20,0.0015913070837370899,0.0015792015928628846,0.012105490874205361,1.2105490874205362e-05,1.9567277990805891,-0.061857944454866365
2016-05-27,0.01424835840844402,0.014052479004033468,0.19587940441055401,0.00019587940441055402,1.9842246753937778,-0.04867472291651753
2016-06-03,0.007600792226172276,0.007582927341046723,0.017864885125553374,1.7864885125553374e-05,1.999270906935601,-0.041460892462692245
2016-06-10,0.006519975252071593,0.006505109364585046,0.014865887486545897,1.4865887486545897e-05,2.01227638283465,-0.035225490737930354
2016-06-17,0.0022374387289094667,0.0022339238321688426,0.003514896740624114,3.5148967406241142e-06,2.016771655003175,-0.033070257969020744
2016-06-24,0.03187279710744494,0.03181998156562591,0.0528155418190341,5.28155418190341e-05,2.080945291887453,-0.0023025714023394706
2016-07-01,0.0122813966618017,0.012263888283161039,0.01750837864066162,1.750837864066162e-05,2.1064657724705307,0.0
2016-07-08,-0.010137434487914368,-0.010156408233286314,0.018973745371947102,1.8973745371947103e-05,2.085071646155875,-0.01015640823328634
2016-07-15,0.0061028863591905055,0.0060782612127855224,0.024625146404982666,2.4625146404982666e-05,2.097745256268583,-0.004139880322726497
2016-07-22,0.009060989475861196,0.00903500241719808,0.02598705866311567,2.598705866311567e-05,2.1166983897296356,0.0
2016-07-29,-0.01408228311334443,-0.014240929632145887,0.15864651880145747,0.00015864651880145747,2.0865546369090193,-0.01424092963214596
2016-08-05,0.006368848671962038,0.006361664346492535,0.00718432546950322,7.1843254695032205e-06,2.099828597149652,-0.007969861299955139
2016-08-12,-0.00522696888564942,-0.005238205945462753,0.011237059813332808,1.1237059813332809e-05,2.08882926250761,-0.013166319470572008
2016-08-19,-0.006494447216453574,-0.00653710158324035,0.04265436678677599,4.265436678677599e-05,2.0751743734285526,-0.01961735148595589
2016-08-26,0.006679752391495704,0.006649239787921914,0.03051260357379011,3.0512603573790108e-05,2.0889727054392297,-0.013098552172068012
2016-09-02,-0.01770223097355559,-0.01771949074199558,0.01725976843999139,1.725976843999139e-05,2.051957172924918,-0.030585943240116875
2016-09-09,-0.006505600856693067,-0.006519147559506745,0.013546702813678351,1.354670281367835e-05,2.038580161328832,-0.036905696522394726
2016-09-16,0.022505016811081014,0.022496174351826805,0.008842459254209647,8.842459254209648e-06,2.0844404160682606,-0.015239759154111354
2016-09-23,-0.005767580488930863,-0.005783586369902386,0.016005880971522744,1.6005880971522746e-05,2.0723848748890146,-0.020935205060689466
2016-09-30,-0.023988038399414224,-0.02415286759534676,0.1648291959325358,0.0001648291959325358,2.022330837399221,-0.04458242742012397
2016-10-07,-0.006639132748966764,-0.006676196936993774,0.03706418802701002,3.706418802701002e-05,2.008829358456988,-0.05096098329173182
2016-10-14,0.010899742636844907,0.010869390630683835,0.030352006161072653,3.0352006161072652e-05,2.030664109464443,-0.04064550749536955
2016-10-21,-0.014720773682512825,-0.014756538701729572,0.03576501921674624,3.5765019216746244e-05,2.000698535942918,-0.054802259192692215
2016-10-28,-0.0005789790993250242,-0.0008278293651654361,0.24885026584041178,0.0002488502658404118,1.9990422989440209,-0.05558472163842054
2016-11-04,-0.029162929299021166,-0.029181433820443543,0.018504521422377983,1.8504521422377983e-05,1.9407073783931186,-0.08314411358294471
2016-11-11,-0.0026332332015362755,-0.0026521483375522574,0.018915136015982076,1.8915136015982075e-05,1.9355603345458379,-0.08557575139788076
2016-11-18,0.0022570684631743974,0.0022487320967002687,0.008336366474128557,8.336366474128558e-06,1.9399128911952308,-0.0835194562400482
2016-11-25,-0.0007110419293009777,-0.0009594152065109749,0.2483732772099972,0.0002483732772099972,1.9380517092681113,-0.084398741610203
2016-12-02,0.006323235957485728,0.006300782560213464,0.022453397272264315,2.2453397272264317e-05,1.9502629516786598,-0.07862973716923105
2016-12-09,-0.011129944548688559,-0.011157636986989898,0.027692438301339016,2.7692438301339018e-05,1.9285026256346538,-0.08891005209250424
2016-12-16,0.0020395747311284,0.0019654655707124023,0.07410916041599774,7.410916041599775e-05,1.9322930311483673,-0.08711933616806988
2016-12-23,0.007023237139461368,0.007007472143346742,0.015764996114625188,1.576499611462519e-05,1.9458335207369226,-0.08072235034606767
2016-12-30,0.013181109190389471,0.013005801834049327,0.17530735634014488,0.0001753073563401449,1.9711406459096774,-0.06876640740419815
2017-01-06,0.006990371862401345,0.006971204913700409,0.019166948700936784,1.9166948700936785e-05,1.9848818712660377,-0.0622745872076913
2017-01-13,-0.001839348702147134,-0.0018616631482632387,0.0223144461161046,2.2314446116104602e-05,1.981186689832646,-0.06402031605187664
2017-01-20,0.004972178943319703,0.004953131874492602,0.019047068827101003,1.9047068827101003e-05,1.9909997687753767,-0.0593842852454356
2017-01-27,0.004038668286850075,0.00371449704131403,0.32417124553604515,0.00032417124553604516,1.9983953315257499,-0.05589037095596627
2017-02-03,0.0059016375537177725,0.005884609766197904,0.017027787519868567,1.7027787519868566e-05,2.0101551082103706,-0.05033465421253225
2017-02-10,0.0022845334681618986,0.0022668551588435185,0.017678309318380263,1.7678309318380262e-05,2.014711838687493,-0.04818190042425907
2017-02-17,0.004010866444129076,0.003995026435449511,0.015840008679564622,1.5840008679564623e-05,2.0227606657428625,-0.04437936195471459
2017-02-24,-0.0005333770670397782,-0.0005825308024909741,0.049153735451195925,4.9153735451195924e-05,2.021582345349,-0.04493604041187216
2017-03-03,-0.01825489382570233,-0.01826698490476004,0.012091079057711,1.2091079057711e-05,1.9846541311627803,-0.06238217934474888
2017-03-10,0.011698437956889853,0.011690764670293062,0.007673286596791807,7.673286596791806e-06,2.0078562555621295,-0.05142071005279525
2017-03-17,-0.003380552777130443,-0.0033926756398134582,0.01212286268301519,1.212286268301519e-05,2.001044250555637,-0.05463893190223057
2017-03-24,0.008284005531301462,0.008270621677670077,0.013383853631384267,1.3383853631384268e-05,2.0175941305122596,-0.04682020815919574
2017-03-31,8.25014753126238e-05,-1.0143968410904325e-05,0.09264544372352812,9.264544372352813e-05,2.0175736641011337,-0.046829877184894064
2017-04-07,-0.002729579942483255,-0.002739029108324607,0.009449165841352407,9.449165841352407e-06,2.0120474711069716,-0.04944063789647002
2017-04-14,0.0012140656003025456,0.0012027549398312843,0.011310660471261249,1.131066047126125e-05,2.0144674711420203,-0.048297347928097256
2017-04-21,0.009994147452897761,0.00998435933760579,0.009788115291971052,9.788115291971052e-06,2.0345806382478204,-0.038795206667258886
2017-04-28,0.0031035923483848436,0.0027199916721505654,0.38360067623427824,0.00038360067623427826,2.040114680640173,-0.03618073763416263
2017-05-05,0.0009367369956792393,0.0009227086356955243,0.014028359983715105,1.4028359983715105e-05,2.041997112073809,-0.03529141327752794
2017-05-12,0.004562073936398109,0.00455111519050595,0.010958745892158946,1.0958745892158946e-05,2.051290476149538,-0.030900913374083627
2017-05-19,0.004285590986738132,0.004268028564696216,0.017562422041915902,1.7562422041915903e-05,2.0600454424962336,-0.026764770790343118
2017-05-26,0.008661426724760049,0.008290802068394245,0.37062465636580344,0.00037062465636580346,2.0771248715118675,-0.018695870138977555
2017-06-02,-0.006928337031535169,-0.006937989240499572,0.00965220896440266,9.652208964402661e-06,2.0627138015021442,-0.025504147633611085
2017-06-09,-0.0015143601542016907,-0.0015248123423600086,0.010452188158318006,1.0452188158318005e-05,2.059568550038857,-0.026990070936878108
2017-06-16,0.0017041577118564225,0.0016936416820985062,0.010516029757916235,1.0516029757916235e-05,2.0630567211823423,-0.02534214076392105
2017-06-23,-0.0011624464910471584,-0.0011720914989075757,0.009645007860417446,9.645007860417446e-06,2.06063862993768,-0.026484528955075137
2017-06-30,-0.004437495930462208,-0.004771372916373521,0.33387698591131304,0.000333876985911313,2.0508065545883625,-0.031129534307289486
2017-07-07,0.0154834377647841,0.015471391296623645,0.012046468160455504,1.2046468160455504e-05,2.0825353852680792,-0.016139760216815735
2017-07-14,0.004713266575582161,0.004702909255954629,0.010357319627531402,1.0357319627531403e-05,2.0923293602073096,-0.01151275478857361
2017-07-21,0.001621726520865591,0.0016068491078054207,0.014877413060170508,1.4877413060170508e-05,2.095691417772994,-0.009924404940528597
2017-07-28,0.0030474129840913924,0.0030203330147855847,0.027079969305807493,2.7079969305807493e-05,2.1020211037508965,-0.0069340469336369726
2017-08-04,-0.0097911598903723,-0.009806135324629144,0.014975434256842196,1.4975434256842196e-05,2.081408400352289,-0.016672186055687654
2017-08-11,0.0012874491828580596,0.001273224364669645,0.014224818188414652,1.4224818188414653e-05,2.0840585002404453,-0.015420189124516481
2017-08-18,0.007756963362508349,0.007739804941746935,0.01715842076141395,1.715842076141395e-05,2.100188706519496,-0.007799733438758061
2017-08-25,0.006417755141238862,0.006362606582121455,0.055148559117407445,5.5148559117407444e-05,2.113551381007294,-0.0014867534919529302
2017-09-01,0.0018134604025687687,0.0018044005223676802,0.009059880201088404,9.059880201088405e-06,2.117365074223234,0.0
2017-09-08,0.005097566246086921,0.005093757164020663,0.0038090820662576522,3.8090820662576522e-06,2.128150417738906,0.0
2017-09-15,-0.0013112999411139634,-0.0013176740377335112,0.00637409661954785,6.37409661954785e-06,2.1253462091850595,-0.0013176740377336404
2017-09-22,8.11148809282884e-05,7.430315691087436e-05,0.0068117240174140475,6.811724017414048e-06,2.1255041291179304,-0.0012434687881635043
2017-09-29,0.0025643283898588764,0.0024624937839729903,0.101834605885886,0.000101834605885886,2.1307381698236925,0.0
2017-10-06,0.010246855163992808,0.010237536891878488,0.009318272114320257,9.318272114320258e-06,2.1525516804441964,0.0
2017-10-13,-0.002402474657206931,-0.0024142721926077313,0.011797535400800266,1.1797535400800266e-05,2.147354834778949,-0.0024142721926077026
2017-10-20,-0.0004082075602793076,-0.00042113680414355,0.012929243864242417,1.2929243864242418e-05,2.146450504626468,-0.0028343922578757397
2017-10-27,0.003376114827840827,0.003126560149795023,0.24955467804580386,0.0002495546780458039,2.1531615112377405,0.0
2017-11-03,-0.0017839528292468098,-0.0017961551200450202,0.012202290798210355,1.2202290798210355e-05,2.1492940991650467,-0.001796155120045162
2017-11-10,0.0042534376290171375,0.004233484761691808,0.019952867325329554,1.9952867325329556e-05,2.158393102982256,0.0
2017-11-17,0.008249594305530378,0.008221896191063359,0.02769811446701896,2.769811446701896e-05,2.176139187014483,0.0
2017-11-24,-0.006174227097350278,-0.00639720001663174,0.22297291928146185,0.00022297291928146184,2.162217989371121,-0.006397200016631688
2017-12-01,-0.0007602077126951953,-0.0007773168438662087,0.017109131171013307,1.710913117101331e-05,2.1605372609078723,-0.007169544209171375
2017-12-08,0.004505250829384955,0.004499737901199394,0.0055129281855610356,5.512928185561036e-06,2.1702591123077326,-0.002702067377784556
2017-12-15,0.00632106945232383,0.006306448717161363,0.01462073516246679,1.462073516246679e-05,2.1839457401024536,0.0
2017-12-22,0.006305740980037136,0.006300288659613564,0.005452320423572979,5.452320423572979e-06,2.1977052286820324,0.0
2017-12-29,0.01981352991790746,0.01966710013829462,0.14642977961284376,0.00014642977961284377,2.240927717488976,0.0
2018-01-05,0.009784436264098589,0.009748821954193626,0.035614309904963136,3.561430990496314e-05,2.2627741228189935,0.0
2018-01-12,0.004333056865914205,0.004324485196486601,0.008571669427604546,8.571669427604546e-06,2.272559456016117,0.0
2018-01-19,0.015512369083542745,0.015500908504255525,0.011460579287220597,1.1460579287220596e-05,2.3077861922143033,0.0
2018-01-26,-0.029630561387995014,-0.0299064064820054,0.2758450940103858,0.00027584509401038583,2.2387686002763827,-0.029906406482005488
2018-02-02,-0.03566843129786913,-0.03568160844309617,0.013177145227032307,1.3177145227032307e-05,2.1588857356866225,-0.06452090623907059
2018-02-09,0.030032094217324945,0.030016581847452265,0.01551236987267871,1.5512369872678712e-05,2.2236881060711573,-0.03644102145461514
2018-02-16,0.0007557719739562711,0.0007390441359521696,0.0167278380041016,1.67278380041016e-05,2.225331509726136,-0.03572890884187696
2018-02-23,-0.006201113201618268,-0.006767445566088532,0.5663323644702642,0.0005663323644702643,2.2102716998675627,-0.04225456096224245
2018-03-02,0.005346874102252248,0.005345007395428957,0.0018667068232912044,1.8667068232912043e-06,2.222085618449262,-0.03713540450764741
2018-03-09,-0.0008888582555010512,-0.0008935847615998922,0.004726506098841005,4.726506098841005e-06,2.2200999966016455,-0.03799580563766336
2018-03-16,-0.007840736761762848,-0.007845226055318615,0.00448929355576661,4.48929355576661e-06,2.2026828102628935,-0.04554294600860054
2018-03-23,0.0065259840083781995,0.006524060649612574,0.0019233587656258032,1.923358765625803e-06,2.217053246508908,-0.03931601030091003
2018-03-30,-0.002727416816962287,-0.002824668437906899,0.0972516209446119,9.72516209446119e-05,2.2107908061783355,-0.042029624045415326
2018-04-06,0.006552635350023048,0.006548887109964128,0.003748240058920449,3.7482400589204493e-06,2.225269025591744,-0.03575598419859871
2018-04-13,-0.00016817494127450468,-0.00017225315155249682,0.004078210277992154,4.078210277992154e-06,2.224885715989034,-0.03592207826918625
2018-04-20,-0.0006201439704382913,-0.0006214799635862349,0.001335993147943549,1.3359931479435492e-06,2.2235029940952775,-0.03652123338087776
2018-04-27,-0.0002975084320537358,-0.00040217310237178686,0.104664670318051,0.00010466467031805101,2.222608760998009,-0.036908718625518366
2018-05-04,0.0029397387064782838,0.0029321001404167698,0.007638566061513804,7.638566061513805e-06,2.229125672458223,-0.034084838544165996
2018-05-11,-0.002524552259838732,-0.002531133582839266,0.006581323000534003,6.581323000534004e-06,2.2234834576082947,-0.03652969884750057
2018-05-18,0.0013898272062892367,0.0013826672053284532,0.007160000960783605,7.160000960783606e-06,2.22655779526672,-0.035197540058789056
2018-05-25,-0.0005975843612545126,-0.0007093610888401449,0.11177672758563235,0.00011177672758563236,2.224978361804704,-0.03588193338228862
2018-06-01,0.0012134681508791754,0.001211772437745738,0.0016957131334374544,1.6957131334374544e-06,2.22767452925812,-0.03471364168242852
2018-06-08,-0.0038065773909238404,-0.0038385773909238403,0.03199999999999999,3.1999999999999985e-05,2.219123428175773,-0.03841896807323353
2018-06-15,-0.0012030920235616197,-0.0012041075651881557,0.0010155416265360457,1.0155416265360457e-06,2.21645136486782,-0.039576815068317894
2018-06-22,-0.0006724812998519414,-0.0006743912216391235,0.0019099217871821168,1.909921787182117e-06,2.214956609524163,-0.04022451603329458
2018-06-29,0.002779387475430379,0.002332486595682438,0.446900879747941,0.000446900879747941,2.2201229661258965,-0.03798585258207754
2018-07-06,-0.003565199333133976,-0.0035749366058478336,0.009737272713857598,9.737272713857598e-06,2.2121861672648095,-0.04142499217302542
2018-07-13,-0.003194750490694744,-0.003201520731294921,0.0067702406001768824,6.770240600176882e-06,2.2051038073888276,-0.04449388993308456
2018-07-20,0.0024176417139312486,0.002348273646704549,0.06936806722669976,6.936806722669977e-05,2.210281994547967,-0.042250100115549194
2018-07-27,0.0021453296714913344,0.0019986779055308932,0.14665176596044135,0.00014665176596044137,2.214699636335463,-0.04033586655162558
2018-08-03,-0.0027126666020484617,-0.0027291382622827405,0.016471660234278762,1.6471660234278763e-05,2.2086554148184763,-0.042954922657159944
2018-08-10,-0.0020234633490641054,-0.002039763358600021,0.0163000095359156,1.6300009535915602e-05,2.204150280431556,-0.044907068138452355
2018-08-17,0.009250467762334095,0.00923914680175148,0.011320960582615646,1.1320960582615647e-05,2.2245147484455847,-0.03608282433166832
2018-08-24,0.0030101394163404216,0.0030002728137719695,0.0098666025684521,9.8666025684521e-06,2.231188899569181,-0.03319080983478273
2018-08-31,-0.01015757441787408,-0.010466642840659773,0.3090684227856932,0.0003090684227856932,2.2078358422473454,-0.04331005632330964
2018-09-07,0.005642837329718075,0.005633242632624913,0.009594697093162907,9.594697093162907e-06,2.2202731172397305,-0.037920789746386574
2018-09-14,0.002021070315253101,0.0020052785197320474,0.015791795521053812,1.579179552105381e-05,2.2247253832296696,-0.03599155297178436
2018-09-21,0.003483352591586151,0.003469749763733631,0.013602827852520162,1.3602827852520162e-05,2.232444623602503,-0.032646684890470956
2018-09-28,-0.008378067817816578,-0.00861120345310106,0.23313563528448217,0.00023313563528448218,2.2132205887508802,-0.04097676109791093
2018-10-05,-0.016297284968901204,-0.016302876580940415,0.005591612039210455,5.591612039210456e-06,2.177138726646078,-0.056611598599985435
2018-10-12,0.0025194395588000345,0.0025142965602788455,0.005142998521188855,5.142998521188855e-06,2.1826126990577346,-0.054239640387338306
2018-10-19,-0.012900445279819943,-0.012908719184119278,0.008273904299334946,8.273904299334947e-06,2.1544379646379057,-0.06644819528504986
2018-10-26,0.0010265414387830478,0.0006265414387830479,0.4,0.0004,2.155787809300039,-0.06586328639414507
2018-11-02,0.0024221218740581576,0.0024150739717080914,0.007047902350066057,7.047902350066057e-06,2.1609941963268056,-0.06360727713109848
2018-11-09,-0.00421317575061554,-0.004218311088853204,0.005135338237664198,5.135338237664198e-06,2.151878450545493,-0.0675572729374978
2018-11-16,-0.008968711888702326,-0.00897594668587941,0.007234797177085064,7.234797177085064e-06,2.1325633042989036,-0.07592682914324689
2018-11-23,0.006655144033405705,0.006652174072977782,0.00296996042792286,2.9699604279228603e-06,2.1467494866207444,-0.06977973355453926
2018-11-30,0.003157868431023693,0.003040558444538311,0.11730998648538185,0.00011730998648538185,2.1532768039005976,-0.06695134446811779
2018-12-07,-0.0021549023399759968,-0.0021659772653476947,0.011074925371697956,1.1074925371697957e-05,2.1486128552973485,-0.06897230664346299
2018-12-14,-0.013639192729845886,-0.013648198353208817,0.00900562336292991,9.00562336292991e-06,2.119288160863996,-0.08167915727472352
2018-12-21,0.0015466985864457637,0.0015327132938598098,0.013985292585953915,1.3985292585953916e-05,2.122536422001672,-0.08027163471104981
2018-12-28,0.004503277467683216,0.004399513209402924,0.10376425828029229,0.00010376425828029229,2.1318745490277076,-0.07622527761889841
2019-01-04,0.005825836856501117,0.00579944517744207,0.026391679059046155,2.6391679059046154e-05,2.144238238599978,-0.07086789676014227
2019-01-11,0.0013781841180464261,0.0013472862040634873,0.030897913982938757,3.089791398293876e-05,2.1471271411970694,-0.06961608989569468
2019-01-18,0.0026168367067682585,0.002609279668339939,0.007557038428319812,7.557038428319812e-06,2.1527295963919357,-0.06718845807530893
2019-01-25,0.005170150525112831,0.0051023212874516805,0.06782923766115058,6.782923766115058e-05,2.1637135144377337,-0.062428953887765815
2019-02-01,0.0030024265259956896,0.002995327954935474,0.007098571060215903,7.098571060215903e-06,2.1701945460140006,-0.059620621123607886
2019-02-08,0.0013632988787810995,0.0013332563315314157,0.03004254724968388,3.004254724968388e-05,2.173087971633129,-0.0583668543626793
2019-02-15,0.0004937704778482255,0.0004853162819565858,0.008454195891639761,8.454195891639761e-06,2.174142606607887,-0.057909864465471306
2019-02-22,-0.008663428394528844,-0.009117939101157478,0.4545107066286348,0.0004545107066286348,2.1543189067236046,-0.06649978494907627
2019-03-01,0.004606326719310989,0.004599554494220294,0.006772225090695902,6.772225090695902e-06,2.164227813933009,-0.06220609983958314
2019-03-08,0.007591503132815881,0.007581782441828893,0.009720690986987406,9.720690986987406e-06,2.180636518372804,-0.055095950513292635
2019-03-15,0.007917299648719393,0.007906068541554684,0.011231107164709653,1.1231107164709654e-05,2.1978767801512764,-0.04762547433285824
2019-03-22,0.005920600097427384,0.005907014257275938,0.013585840151445455,1.3585840151445455e-05,2.2108596696273657,-0.041999784431476006
2019-03-29,0.002759763845833066,0.0025758202935921718,0.18394355224089426,0.00018394355224089426,2.2165544468306764,-0.039532148034948866
2019-04-05,8.976847323568451e-05,7.377728698982707e-05,0.015991186245857443,1.5991186245857444e-05,2.216717978204229,-0.03946128732259002
2019-04-12,-0.007617963993655188,-0.007655055306317487,0.03709131266229905,3.7091312662299054e-05,2.1997488794825673,-0.046814264291994534
2019-04-19,0.00719136277382985,0.0071664206780018246,0.02494209582802486,2.4942095828024863e-05,2.2155132053389024,-0.039983334325640274
2019-04-26,0.0033747807989334523,0.0031037781600521367,0.27100263888131554,0.00027100263888131553,2.2223896668389402,-0.03700365556543417
2019-05-03,-0.004755048546371158,-0.004774445985020764,0.019397438649606035,1.9397438649606036e-05,2.2117789874169493,-0.04160142959570956
2019-05-10,0.003651582011431455,0.003620433619817499,0.031148391613956064,3.114839161395607e-05,2.2197865864226,-0.03813161119023267
2019-05-17,0.0017672239898659618,0.0017397651091589994,0.02745888070696247,2.745888070696247e-05,2.2236484936754373,-0.0364581861277784
2019-05-24,-0.0010410453036436493,-0.00106305737621146,0.022012072567810823,2.2012072567810822e-05,2.221284627742134,-0.03748248636030338
2019-05-31,0.014467689604674016,0.014318040641396537,0.1496489632774787,0.0001496489632774787,2.2530890713182554,-0.023701121481954246
2019-06-07,0.0025036819237017945,0.002495364456664131,0.008317467037663596,8.317467037663597e-06,2.2587113497045213,-0.021264899961419337
2019-06-14,0.008525012926420699,0.008510246338753283,0.014766587667415662,1.4766587667415662e-05,2.2779335396986444,-0.012935623159706755
2019-06-21,-0.0031276523195521476,-0.0031406662392486676,0.01301391969651984,1.301391969651984e-05,2.2707793107352607,-0.016035662924014038
2019-06-28,0.009731674848026062,0.00959764499797017,0.1340298500558919,0.00013402985005589192,2.292573444428433,-0.00659192252609575
2019-07-05,-0.004105204446438095,-0.004137268815398545,0.032064368960449674,3.206436896044967e-05,2.2830884518097885,-0.01070191878599358
2019-07-12,-0.005866704098202582,-0.005886182027812625,0.01947792961004323,1.947792961004323e-05,2.269649777596839,-0.01652510737178492
2019-07-19,0.005060862374833746,0.005045147380623838,0.01571499420990837,1.5714994209908372e-05,2.2811004952272156,-0.011563331593332338
2019-07-26,0.01346438529265002,0.013294152421222012,0.17023287142800678,0.00017023287142800677,2.3114257928988913,0.0
2019-08-02,0.01841204774204528,0.018400115200076093,0.011932541969188946,1.1932541969188946e-05,2.353956293764658,0.0
2019-08-09,0.012904039269163432,0.012890281046459841,0.013758222703591196,1.3758222703591196e-05,2.384299451962368,0.0
2019-08-16,-0.0005363699128083807,-0.0005586453327908842,0.02227541998250356,2.227541998250356e-05,2.382967474201553,-0.0005586453327910412
2019-08-23,0.009518987230302176,0.00949470875509024,0.024278475211936896,2.4278475211936896e-05,2.40559305634195,0.0
2019-08-30,-0.0008840917779879202,-0.0012173485735511014,0.3332567955631812,0.00033325679556318123,2.4026646110662675,-0.001217348573551158
2019-09-06,-0.016961600034467426,-0.01699500928045504,0.03340924598761399,3.340924598761399e-05,2.3618313037033754,-0.018191669003701172
2019-09-13,0.014267392732082138,0.014250098732220795,0.017293999861342273,1.7293999861342273e-05,2.395487632969998,-0.004200803350887128
2019-09-20,-0.0017121297034884337,-0.0017212667821542343,0.009137078665800633,9.137078665800633e-06,2.3913643596803054,-0.0059148394297751095
2019-09-27,0.008067999491865189,0.007860032506635474,0.20796698522971485,0.00020796698522971486,2.4101605612826025,0.0
2019-10-04,-0.011181360793588177,-0.011185025236002323,0.0036644424141456804,3.6644424141456803e-06,2.3832028545818393,-0.011185025236002177
2019-10-11,0.00470154093589101,0.004693073070947361,0.008467864943649935,8.467864943649935e-06,2.3943873997212823,-0.006544444305787711
2019-10-18,0.0008388414341923677,0.0008121909316648925,0.026650502527475122,2.665050252747512e-05,2.396332099454229,-0.005737568712440688
2019-10-25,0.006614339568186045,0.006533636436675696,0.0807031315103495,8.07031315103495e-05,2.4119888621735988,0.0
2019-11-01,-0.02565215751926918,-0.025658426612095348,0.006269092826165258,6.2690928261652585e-06,2.350101022964326,-0.025658426612095386
2019-11-08,0.011141109032026631,0.01113085787625106,0.010251155775571376,1.0251155775571376e-05,2.376259663445774,-0.014813169035791884
2019-11-15,-0.00043722982740750695,-0.0004512959985847177,0.014066171177210722,1.4066171177210722e-05,2.3751872669680627,-0.015257779910464286
2019-11-22,0.006474490814776388,0.006462951361703527,0.011539453072860573,1.1539453072860573e-05,2.390537986749415,-0.008893438838209589
2019-11-29,-0.002538264090068792,-0.0026285867720920114,0.09032268202321932,9.032268202321932e-05,2.384254250219262,-0.011498648434613123
2019-12-06,0.001254967679445544,0.0012475858473807071,0.007381832064836731,7.381832064836731e-06,2.387228812078393,-0.010265408138283472
2019-12-13,0.002872490000010032,0.0028466656138397294,0.025824386170302485,2.5824386170302487e-05,2.3940244542501037,-0.007447964708803045
2019-12-20,0.007947380833554958,0.007934548128626389,0.012832704928569786,1.2832704928569786e-05,2.41301995650346,0.0
2019-12-27,0.007897481297527934,0.007690417323468799,0.20706397405913507,0.0002070639740591351,2.4315770869788302,0.0
2020-01-03,0.0021038946789447193,0.002091163295431534,0.0127313835131855,1.27313835131855e-05,2.4366619117331325,0.0
2020-01-10,0.005633362183369244,0.00562342894345626,0.00993323991298396,9.93323991298396e-06,2.45036430685299,0.0
2020-01-17,0.004402760409652076,0.004393283550699808,0.009476858952267238,9.476858952267239e-06,2.4611294520555096,0.0
2020-01-24,-0.0017715450613997863,-0.0017811645704651862,0.009619509065399899,9.6195090653999e-06,2.45674577547218,-0.0017811645704651768
2020-01-31,0.007128990469275836,0.006916474373582362,0.21251609569347446,0.00021251609569347446,2.47373779467064,0.0
2020-02-07,0.007706419333092287,0.0076944797264437625,0.011939606648525048,1.1939606648525048e-05,2.492771919980271,0.0
2020-02-14,0.0051015418011002844,0.005091054571414759,0.0104872296855262,1.0487229685526202e-05,2.5054627578589805,0.0
2020-02-21,-0.025819144207660433,-0.02582968648358154,0.010542275921108409,1.0542275921108408e-05,2.4407474403271934,-0.025829686483581638
2020-02-28,0.02513848896632504,0.024518913561031502,0.6195754052935379,0.0006195754052935379,2.500591915840885,-0.0019440887727495415
2020-03-06,-0.06825072280569813,-0.06826277919229483,0.012056386596701253,1.2056386596701254e-05,2.3298945620398013,-0.07007415906241987
2020-03-13,-0.05124676807707761,-0.051256114062321695,0.009345985244078536,9.345985244078536e-06,2.2104732206147064,-0.11773854403501671
2020-03-20,0.07015661511553306,0.07014840353213138,0.008211583401683547,8.211583401683547e-06,2.365534388091357,-0.055849311401139246
2020-03-27,-0.003624407389228533,-0.004050389979324859,0.425982590096326,0.000425982590096326,2.3559530513100837,-0.05967348988921273
2020-04-03,0.02288418970679705,0.022874305120887985,0.009884585909066462,9.884585909066463e-06,2.4098438402562374,-0.03816417438367892
2020-04-10,0.00044643936228035174,0.00044427329403140563,0.0021660682489460965,2.1660682489460967e-06,2.4109144695172495,-0.03773685641311486
2020-04-17,0.0025788895822380156,0.002576317030039296,0.0025725521987195053,2.5725521987195055e-06,2.4171257495230347,-0.03525776148891291
2020-04-24,-0.0038285720032976483,-0.003941760518460307,0.11318851516265846,0.00011318851516265846,2.407598018675411,-0.039060544355166815
2020-05-01,-0.0022599538982413427,-0.002266399535760659,0.006445637519316446,6.4456375193164464e-06,2.4021414396435867,-0.04123841709133447
2020-05-08,0.00479056523342871,0.004789524967761563,0.0010402656671466527,1.0402656671466526e-06,2.4136465560448546,-0.036646404551862743
2020-05-15,0.001477159472070767,0.001475198929280962,0.001960542789805204,1.960542789805204e-06,2.4172071648599944,-0.03522526635933876
2020-05-22,-0.00016576569392912316,-0.00016839380105588555,0.0026281071267623985,2.6281071267623984e-06,2.416800122157564,-0.03538772844389926
2020-05-29,-0.00716563614639597,-0.007183494956660369,0.01785881026439935,1.785881026439935e-05,2.399439050668789,-0.04231701583175529
2020-06-05,0.0071954189446007625,0.007194226170131669,0.0011927744690933494,1.1927744690933495e-06,2.416701157880746,-0.03542722784436236
2020-06-12,0.0024829504603622555,0.0024811180010972296,0.0018324592650261042,1.8324592650261043e-06,2.4226972786268366,-0.03303400897599862
2020-06-19,0.0026732681982027215,0.0026706813214814372,0.0025868767212843063,2.5868767212843065e-06,2.429167530996469,-0.030451550965263086
2020-06-26,0.003667767908877361,0.0036037088928876047,0.06405901598975634,6.405901598975634e-05,2.437921543630235,-0.026957580597391284
2020-07-03,0.006018083710888717,0.006016228889919952,0.0018548209687648497,1.8548209687648496e-06,2.452588637652381,-0.021103534682663794
2020-07-10,0.0018945367237574611,0.0018586798444928682,0.035856879264592856,3.5856879264592853e-05,2.4571472147200177,-0.019284079552733147
2020-07-17,0.007273978780808231,0.007267022040572583,0.0069567402356479876,6.956740235647988e-06,2.4750033576863197,-0.012157195343302396
2020-07-24,0.006663857854119783,0.0066629845425212,0.0008733115985834503,8.733115985834503e-07,2.4914942668012716,-0.005575214005434148
2020-07-31,0.011909786679955053,0.011390245627690096,0.5195410522649565,0.0005195410522649566,2.51987299848012,0.0
2020-08-07,-0.020785606925464155,-0.02080027456448628,0.014667639022125025,1.4667639022125026e-05,2.467458948244098,-0.0208002745644863
2020-08-14,0.008928051631081114,0.008850874148275465,0.07717748280564848,7.717748280564848e-05,2.489298116861043,-0.012133501028630533
2020-08-21,0.0010956432200893917,0.0010894764867807848,0.006166733308606891,6.1667333086068905e-06,2.492010148627951,-0.011057243705922759
2020-08-28,-0.011989196599908658,-0.012329676475064104,0.3404798751554452,0.0003404798751554452,2.461284469722792,-0.023250587943386858
2020-09-04,-0.00914342689230971,-0.009157896560728273,0.014469668418563014,1.4469668418563014e-05,2.4387442811425433,-0.0321955580247536
2020-09-11,-3.770579314662202e-05,-5.08615041243558e-05,0.013155710977733773,1.3155710977733774e-05,2.4386202429402295,-0.032244782014370754
2020-09-18,-0.012248994927071783,-0.01227830325554976,0.029308328477976972,2.9308328477976974e-05,2.4086781240722868,-0.04412717405793909
2020-09-25,0.008728848660242094,0.00864266367369636,0.08618498654573464,8.618498654573464e-05,2.4294955189968332,-0.03586588670849622
2020-10-02,0.01852751004244073,0.01849902320354425,0.028486838896478708,2.848683889647871e-05,2.4744388129756625,-0.01803034737538811
2020-10-09,-0.0009336366132278017,-0.0009468038278892634,0.013167214661461653,1.3167214661461654e-05,2.4720960048356595,-0.018960080001364066
2020-10-16,-0.004561578810379255,-0.004591223653009056,0.029644842629800827,2.9644842629800827e-05,2.460746059185749,-0.023464253686607872
2020-10-23,-0.02311300875854885,-0.02313171579976682,0.018707041217970212,1.870704121797021e-05,2.403824780689268,-0.04605320103864241
2020-10-30,0.040548497446854875,0.0403883965680466,0.1601008788082729,0.00016010087880827289,2.5009114092118434,-0.007524819417372708
2020-11-06,-0.002732613580166667,-0.0027577887396794776,0.025175159512810505,2.5175159512810504e-05,2.494014423888583,-0.010261856294794924
2020-11-13,0.004926987406267498,0.0049111789159707285,0.015808490296769544,1.5808490296769545e-05,2.5062629749433114,-0.005401075191097893
2020-11-20,-0.0006132228991068025,-0.0006158032412955464,0.002580342188743852,2.580342188743852e-06,2.5047196100798024,-0.0060135524327842305
2020-11-27,0.008780015130162678,0.008532736154881914,0.24727897528076398,0.000247278975280764,2.526091721654572,0.0
2020-12-04,-0.00021004417854611143,-0.00023498484888700313,0.024940670340891695,2.4940670340891694e-05,2.5254981283730844,-0.0002349848488870654
2020-12-11,0.012029270398210022,0.012010344983607254,0.018925414602767806,1.8925414602767807e-05,2.5558302321502997,0.0
2020-12-18,-0.0019236875507594674,-0.001962479139528523,0.038791588769055294,3.8791588769055294e-05,2.5508144686355285,-0.001962479139528517
2020-12-25,0.010318190758397964,0.010268307160370894,0.04988359802706875,4.988359802706875e-05,2.577007015108596,0.0
2021-01-01,0.009489843205971175,0.0094787496972449,0.01109350872627546,1.109350872627546e-05,2.6014338195728546,0.0
2021-01-08,-0.006070383674930869,-0.006072181125744328,0.001797450813459018,1.7974508134590179e-06,2.585637442233771,-0.006072181125744369
2021-01-15,0.017744083863511253,0.017730120296451324,0.013963567059927713,1.3963567059927714e-05,2.6314811051275844,0.0
2021-01-22,-0.020809901787888163,-0.020817404959680572,0.00750317179240779,7.50317179240779e-06,2.5767004973183956,-0.020817404959680652
2021-01-29,0.023925119518176642,0.023621160741521124,0.30395877665551707,0.0003039587766555171,2.637565153948311,0.0
2021-02-05,0.01325736022608484,0.013248547691730868,0.008812534353970562,8.812534353970561e-06,2.6725090616804423,0.0
2021-02-12,-0.007325020163035202,-0.007343345487069196,0.018325324033993857,1.8325324033993856e-05,2.6528839043232,-0.007343345487069053
2021-02-19,-0.027571476029567093,-0.02757866309487167,0.007187065304578193,7.187065304578193e-06,2.5797209128960628,-0.0347194889307636
2021-02-26,0.0016263959065851612,0.0012622291567420917,0.36416674984306946,0.00036416674984306944,2.5829771118485776,-0.033501083725257064
2021-03-05,0.010681724601636515,0.010673319440461789,0.008405161174725012,8.405161174725011e-06,2.610546051670739,-0.023185332052996555
2021-03-12,-0.001315489545610086,-0.0013262038199360578,0.010714274325971959,1.0714274325971958e-05,2.6070839355248943,-0.02448078739699744
2021-03-19,-0.0008073915301256714,-0.0008229563032402898,0.01556477311461836,1.556477311461836e-05,2.6049384193670777,-0.025283597081941056
2021-03-26,0.005781368839243203,0.005661304230382799,0.1200646088604041,0.0001200646088604041,2.6196857682605272,-0.01976543098667749
2021-04-02,0.00441353689265066,0.004380638107773406,0.032898784877254596,3.2898784877254595e-05,2.6311616635673607,-0.015471378079101039
2021-04-09,0.009101742870919936,0.009083882097655085,0.017860773264851006,1.7860773264851007e-05,2.6550628258990767,-0.006528036155804662
2021-04-16,0.0015711716340848151,0.0015678568524646176,0.0033147816201974153,3.3147816201974153e-06,2.659225584344387,-0.0049704143295600245
2021-04-23,-0.00325240188362382,-0.0032723372880220825,0.01993540439826234,1.9935404398262342e-05,2.6505237013074745,-0.00822648674543458
2021-04-30,0.013543775175452103,0.013329636308196387,0.21413886725571618,0.0002141388672557162,2.685854218272157,0.0
2021-05-07,-0.010963276463135633,-0.010980808382268068,0.01753191913243376,1.753191913243376e-05,2.656361367758604,-0.010980808382268115
2021-05-14,-0.0018648440208073364,-0.0018748990185400187,0.010054997732682206,1.0054997732682206e-05,2.651380958437306,-0.012835119493949443
2021-05-21,0.012588665154175569,0.012577649001325585,0.011016152849984057,1.1016152849984058e-05,2.6847290975013287,-0.0004189061205087663
2021-05-28,0.010040053686773296,0.009994442919276736,0.04561076749656062,4.561076749656062e-05,2.711561469220027,0.0
2021-06-04,0.0033786830942049337,0.003374107325246881,0.004575768958052863,4.575768958052863e-06,2.7207105686361794,0.0
2021-06-11,-0.01585612485573977,-0.01588115882718865,0.025033971448879106,2.5033971448879105e-05,2.6775025319728574,-0.015881158827188657
2021-06-18,0.012724449125865026,0.012707737453975392,0.016711671889633555,1.6711671889633557e-05,2.711527531181523,-0.0033752349700539863
2021-06-25,0.008975634699594599,0.008603859589149845,0.3717751104447539,0.00037177511044475395,2.7348571333319227,0.0
2021-07-02,-0.006762543204345797,-0.006776710062772021,0.014166858426223894,1.4166858426223894e-05,2.7163237994762284,-0.006776710062772029
2021-07-09,-0.0031370160484387967,-0.0031574359619337433,0.0204199134949468,2.04199134949468e-05,2.707747181027506,-0.009912748996649956
2021-07-16,0.006098764767413682,0.00608929420185723,0.009470565556451916,9.470565556451916e-06,2.7242354502370323,-0.003883816439782306
2021-07-23,0.0004896125244526575,0.00047285052118029134,0.016762003272366103,1.6762003272366102e-05,2.725523606389495,-0.0034128023832296073
2021-07-30,-0.0013498576034828734,-0.0018214385977777638,0.4715809942948903,0.0004715809942948903,2.7205592324936627,-0.005228024771020023
2021-08-06,0.002301358669943059,0.0022865864471660028,0.014772222777056091,1.4772222777056092e-05,2.726780026363395,-0.002953392654440945
2021-08-13,-0.01275681417657257,-0.012767522584905407,0.010708408332836204,1.0708408332836204e-05,2.691965800792731,-0.015683207731928772
2021-08-20,0.016072748719054637,0.016057161162403518,0.01558755665111749,1.5587556651117492e-05,2.735191129499738,0.0
2021-08-27,0.009826302835059954,0.009499411112356951,0.3268917227030018,0.0003268917227030018,2.761173834509728,0.0
2021-09-03,-0.009978600057345702,-0.009985428519994427,0.006828462648725989,6.828462648725989e-06,2.733602330553952,-0.0099854285199944
2021-09-10,0.0008853805246592736,0.0008743310173182352,0.011049507341038399,1.10495073410384e-05,2.735992403860569,-0.009119828072552405
2021-09-17,0.0011675268929970683,0.001159946743359239,0.007580149637829302,7.580149637829302e-06,2.7391660093392827,-0.007970459844065858
2021-09-24,-0.004908103087513671,-0.005242231934851421,0.3341288473377496,0.0003341288473377496,2.7248066658102648,-0.013170908779787327
2021-10-01,0.0010313355130108421,0.0010166976827741712,0.01463783023667091,1.463783023667091e-05,2.7275769704334016,-0.012167601929449545
2021-10-08,0.014624331604530263,0.014609939778321,0.014391826209263606,1.4391826209263607e-05,2.767426705712169,0.0
2021-10-15,0.004290153766614429,0.004272799033549981,0.017354733064447708,1.735473306444771e-05,2.7792513638657566,0.0
2021-10-22,0.002283362619029355,0.002274359369125131,0.009003249904223711,9.003249904223712e-06,2.785572380244319,0.0
2021-10-29,0.006455085102099998,0.006388998030041449,0.06608707205854844,6.608707205854844e-05,2.803369396694238,0.0
2021-11-05,-0.000995471454706161,-0.0010090273355840998,0.013555880877938891,1.3555880877938891e-05,2.8005407203412336,-0.0010090273355840562
2021-11-12,-0.0033481624684100703,-0.0033634004926128497,0.015238024202779204,1.5238024202779204e-05,2.7911213803028554,-0.004369034065159427
2021-11-19,-0.014320787338027396,-0.014328325068367932,0.007537730340536855,7.537730340536856e-06,2.7511292858606042,-0.018634758193207035
2021-11-26,-0.0019370385181943714,-0.002291414283733806,0.3543757655394343,0.0003543757655394343,2.744825308918585,-0.020883472525842883
2021-12-03,0.017798801105216512,0.017789892709897497,0.0089083953190148,8.9083953190148e-06,2.7936554566716576,-0.0034650945515903864
2021-12-10,-0.0036476491614778027,-0.003659854465302535,0.012205303824732103,1.2205303824732103e-05,2.7834310842740413,-0.007112267275125483
2021-12-17,0.014162062761637992,0.014153425797321758,0.008636964316233607,8.636964316233607e-06,2.8228261695872727,0.0
2021-12-24,0.006597347905810886,0.006584015967583717,0.013331938227169497,1.3331938227169497e-05,2.8414117021615484,0.0
2021-12-31,-0.009011626159662764,-0.009366012859105545,0.3543866994427807,0.0003543866994427807,2.8147990036210904,-0.009366012859105544
2022-01-07,0.0015410277816533102,0.0015281218370426415,0.012905944610668714,1.2905944610668715e-05,2.8191003594454096,-0.007852203430838922
2022-01-14,-0.014438860676907037,-0.014450228957188527,0.011368280281490582,1.1368280281490583e-05,2.778363713798131,-0.02218896625063338
2022-01-21,0.001648504606933055,0.0016378765139817735,0.010628092951281497,1.0628092951281497e-05,2.78291433047226,-0.020587432523343052
2022-01-28,-0.002158523284908358,-0.0024308789350578706,0.2723556501495126,0.00027235565014951257,2.7761494026482443,-0.022968265902353124
2022-02-04,-0.0035524241178177722,-0.003563778195410247,0.01135407759247475,1.1354077592474751e-05,2.7662558219398856,-0.02645019029255402
2022-02-11,-0.0028287140622707072,-0.0028481865790631875,0.019472516792480264,1.9472516792480265e-05,2.7583770092335813,-0.029223041794612215
2022-02-18,0.0027170555365529565,0.0027084446564213127,0.0086108801316437,8.6108801316437e-06,2.7658479207046356,-0.026593746129583762
2022-02-25,0.03644473344006495,0.03622169367726678,0.2230397627981752,0.0002230397627981752,2.8660316168463043,0.0
2022-03-04,-0.020230644303756443,-0.020245600115818697,0.014955812062254702,1.4955812062254702e-05,2.808007086812341,-0.020245600115818663
2022-03-11,0.005533926964418082,0.005521180294114101,0.012746670303980492,1.2746670303980491e-05,2.823510600205782,-0.01483619943010639
2022-03-18,0.007064566944926258,0.007049210172784218,0.015356772142040852,1.5356772142040854e-05,2.8434141198517167,-0.007891572745270414
2022-03-25,0.0013946036565477629,0.0009458394474772933,0.44876420907046966,0.00044876420907046964,2.846103533091786,-0.006953197458598348
2022-04-01,-0.0033850330874712832,-0.0033857582017710786,0.0007251142997955033,7.251142997955033e-07,2.836467314711531,-0.010315413815045416
2022-04-08,0.0002974769882924218,0.0002966425468421588,0.0008344414502629988,8.344414502629988e-07,2.837308731599802,-0.01002183125882894
2022-04-15,-0.005608300189801344,-0.005609970545981326,0.001670356179981708,1.670356179981708e-06,2.821391513185671,-0.015575579626631586
2022-04-22,-0.0058779759218334175,-0.005879380031691692,0.001404109858274806,1.404109858274806e-06,2.8048034802614628,-0.021363384906484373
2022-04-29,-0.004348938857067126,-0.004482672027906049,0.133733170838923,0.000133733170838923,2.792230466156721,-0.02575029188644873
2022-05-06,-0.005503145188267252,-0.005507507410833256,0.004362222566004603,4.362222566004603e-06,2.776852236171609,-0.031115979373886216
2022-05-13,0.0017238894428270232,0.001723532727939633,0.00035671488739030463,3.5671488739030464e-07,2.781638231881303,-0.02944607605475935
2022-05-20,0.009940964061528152,0.009940248809842067,0.0007152516860845053,7.152516860845052e-07,2.8092884080051728,-0.019798528567374962
2022-05-27,-0.0020678384634680424,-0.002159831837753665,0.0919933742856229,9.19933742856229e-05,2.8032208174601307,-0.02191559891278816
2022-06-03,-0.004982884206808938,-0.004985430737414898,0.002546530605960596,2.546530605960596e-06,2.7892455542330037,-0.02679177094975449
2022-06-10,-0.012178101261826982,-0.012180687994949828,0.002586733122846411,2.586733122846411e-06,2.7552706243955902,-0.0386461167419333
2022-06-17,0.00016048594021172242,0.00015466730060678189,0.005818639604940546,5.818639604940546e-06,2.7556967746655068,-0.038497426731881834
2022-06-24,-0.0075514413497716915,-0.007623225054333426,0.07178370456173408,7.178370456173408e-05,2.734689477970731,-0.04582717723822538
2022-07-01,-0.005460384199234084,-0.005463354620081724,0.002970420847640501,2.970420847640501e-06,2.7197488995767705,-0.05104016173781745
2022-07-08,-0.007715924195553312,-0.007716961167753428,0.0010369722001155462,1.0369722001155462e-06,2.6987607029326965,-0.05836324795944425
2022-07-15,0.0015079643104035844,0.0015049818370627835,0.002982473340801012,2.982473340801012e-06,2.7028222887731888,-0.05694610175051251
2022-07-22,0.011868160797549274,0.01186543466328022,0.0027261342690543984,2.7261342690543983e-06,2.734892450047085,-0.04575635733688144
2022-07-29,-0.004771954829336741,-0.00477587027919401,0.003915449857268761,3.915449857268761e-06,2.7218309584781126,-0.05031370118898604
2022-08-05,0.010894182934612327,0.010892438537706902,0.0017443969054256984,1.7443969054256985e-06,2.7514783349033634,-0.039969301549084735
2022-08-12,-0.007726352792270913,-0.0077288288231471625,0.0024760308762501945,2.4760308762501948e-06,2.7302126298422973,-0.04738921448237832
2022-08-19,0.00243013885392822,0.002418693353755209,0.0114455001730107,1.14455001730107e-05,2.7368161769844352,-0.04508514110673134
2022-08-26,-0.009635371317194944,-0.009683209670432045,0.04783835323710113,4.7838353237101135e-05,2.7103150121132646,-0.054331781902805965
2022-09-02,0.0034541757855041885,0.0034413465138238733,0.01282927168031514,1.282927168031514e-05,2.7196421452315653,-0.05107740987722298
2022-09-09,-0.007238582326126296,-0.00724873420424045,0.010151878114154399,1.01518781141544e-05,2.6999281821901313,-0.05795589751342245
2022-09-16,-0.010067156631007879,-0.010079961007074232,0.012804376066353608,1.2804376066353608e-05,2.672713011391754,-0.06745166533343139
2022-09-23,-0.0010331496801173085,-0.0010361325760517685,0.0029828959344599037,2.982895934459904e-06,2.6699437263742136,-0.06841790904172229
2022-09-30,0.010447022994100648,0.010371843500811483,0.07517949328916403,7.517949328916403e-05,2.6976359648601407,-0.058755685386144174
2022-10-07,-0.006057173120816322,-0.006061397655006392,0.004224534190069412,4.224534190069412e-06,2.681284520548677,-0.06446094146753256
2022-10-14,0.0013935911569037387,0.001391465440862117,0.002125716041621841,2.125716041621841e-06,2.685015435296139,-0.06315917119900794
2022-10-21,0.003756929740185101,0.0037559366018201455,0.0009931383649556499,9.931383649556498e-07,2.6951001830460197,-0.059640456440034795
2022-10-28,0.003584951257573366,0.0034991237022187153,0.08582755535465071,8.582755535465071e-05,2.7045306719763698,-0.05635002207255668
2022-11-04,0.007277359799725323,0.007270442871438746,0.006916928286577254,6.916928286577255e-06,2.724193807721028,-0.04948926881740068
2022-11-11,-0.0015205291648955955,-0.0015223375888342113,0.0018084239386159072,1.8084239386159072e-06,2.720046665088265,-0.050936267032070215
2022-11-18,0.001911311346774571,0.0019053393095509335,0.005972037223637407,5.9720372236374065e-06,2.7252292769230704,-0.04912797859437734
2022-11-25,0.0050082157821810325,0.004938746039517656,0.0694697426633771,6.946974266337711e-05,2.7386884922212515,-0.04443186316457226
2022-12-02,-0.003114016776690076,-0.0031422249709105042,0.028208194220428216,2.8208194220428218e-05,2.7300829168534486,-0.04743447322554295
2022-12-09,0.0010812452537817484,0.0010744907166519782,0.006754537129770178,6.754537129770178e-06,2.733016365603298,-0.04641095041002108
2022-12-16,0.0021549455925478807,0.002139193839225281,0.01575175332259951,1.575175332259951e-05,2.7388628173750984,-0.04437103858998548
2022-12-23,0.0009654694517649582,0.0009411086982911701,0.024360753473788063,2.4360753473788062e-05,2.7414403849959563,-0.04347168786206357
2022-12-30,0.01411811215166687,0.013663882603469726,0.45422954819714423,0.00045422954819714426,2.7788991045809515,-0.030401797298115874
2023-01-06,0.020551828251999197,0.020488435983428397,0.06339226857079949,6.339226857079949e-05,2.8358344009895644,-0.010536246592411258
2023-01-13,0.0019691310628742217,0.0019415322063146944,0.027598856559527332,2.7598856559527333e-05,2.841340264810861,-0.008615170848189302
2023-01-20,0.0007860086245990016,0.0007708893393373942,0.0151192852616074,1.5119285261607401e-05,2.843530623730434,-0.007850922852215336
2023-01-27,-0.008291531944818615,-0.008435725539689205,0.14419359487058964,0.00014419359487058964,2.8195433798249425,-0.016220420161490057
2023-02-03,-0.005538292886125303,-0.005569638378108404,0.03134549198310113,3.1345491983101135e-05,2.803839542807928,-0.02169971666495807
2023-02-10,-0.004032700722310081,-0.00406182577869944,0.02912505638935864,2.912505638935864e-05,2.792450835073614,-0.02567340197511725
2023-02-17,-0.011796043769402001,-0.011805022482343504,0.00897871294150321,8.97871294150321e-06,2.759485890184731,-0.037175349369946264
2023-02-24,0.016258980190097232,0.016188722031109545,0.07025815898768911,7.025815898768912e-05,2.8041584402097004,-0.021588448736196142
2023-03-03,-0.010693599064969106,-0.010703052236847454,0.00945317187834745,9.45317187834745e-06,2.7741453859437395,-0.0320604386785075
2023-03-10,0.00555815884513014,0.005477071543238706,0.08108730189143457,8.108730189143457e-05,2.7893395786938986,-0.02675896445161874
2023-03-17,0.00743925624481279,0.007427052245388956,0.012203999423834364,1.2203999423834364e-05,2.8100561494749896,-0.019530652433244367
2023-03-24,0.01420448435814753,0.01419114209952969,0.013342258617840656,1.3342258617840656e-05,2.8499340555998467,-0.005616672597691275
2023-03-31,0.0004966706282263709,0.00015425152512320067,0.34241910310317025,0.00034241910310317026,2.8503736622744236,-0.005463287452882382
2023-04-07,0.0062399819903983435,0.006226797749787559,0.01318424061078448,1.318424061078448e-05,2.8681223625807277,0.0
2023-04-14,-0.001597133509088944,-0.0016276933845440925,0.030559875455148346,3.055987545514835e-05,2.863453938785092,-0.0016276933845440489
2023-04-21,0.0033981032165797988,0.0033715140576552004,0.026589158924598455,2.6589158924598456e-05,2.873108113993154,0.0
2023-04-28,0.001170464446109654,0.0008130659076356384,0.3573985384740156,0.0003573985384740156,2.875444140249593,0.0
2023-05-05,-0.0030580548517529843,-0.003077161359525466,0.01910650777248177,1.9106507772481773e-05,2.866595934649743,-0.0030771613595255154
2023-05-12,-0.002095199639982087,-0.002109924721992731,0.014725082010643497,1.4725082010643497e-05,2.860547633019262,-0.005180593502692177
2023-05-19,-0.007075963998110727,-0.007092771615026739,0.016807616916011847,1.6807616916011846e-05,2.840258421964351,-0.01223662035117401
2023-05-26,0.0075205395748446655,0.0072145292204197345,0.3060103544249312,0.0003060103544249312,2.860749549343156,-0.00511037258583702
2023-06-02,0.0019988978046553644,0.001989276055483023,0.009621749172341265,9.621749172341266e-06,2.866440369922398,-0.003131262472173657
2023-06-09,0.009969434215922461,0.009960743628360516,0.008690587561946489,8.69058756194649e-06,2.8949922475731773,0.0
2023-06-16,-0.015536332590136277,-0.015545511103627755,0.009178513491478097,9.178513491478097e-06,2.849988113443612,-0.015545511103627785
2023-06-23,0.009712794986616643,0.009627669574447295,0.08512541216934712,8.512541216934712e-05,2.8774268572909496,-0.006067508573452174
2023-06-30,-0.006813727837421596,-0.00706265551874362,0.24892768132202403,0.00024892768132202405,2.8571045826175223,-0.013087311369284538
2023-07-07,0.01932817015477213,0.019322965395556776,0.005204759215356355,5.204759215356355e-06,2.912312315598927,0.0
2023-07-14,0.002680661153671194,0.002674503390045269,0.006157763625924558,6.157763625924558e-06,2.920101304759867,0.0
2023-07-21,0.0027508836152491042,0.0027421732932611507,0.00871032198795357,8.710321987953569e-06,2.9281087285713965,0.0
2023-07-28,-0.013158388899799445,-0.013249639372282499,0.09125047248305448,9.125047248305448e-05,2.889312343874993,-0.013249639372282518
2023-08-04,-0.006783602910118907,-0.006790359921966127,0.006757011847219556,6.757011847219556e-06,2.869692873133102,-0.01995002947407465
2023-08-11,-0.014890778470642758,-0.014893572334701049,0.002793864058291165,2.793864058291165e-06,2.826952894748718,-0.03454647460172411
2023-08-18,0.008762654387018686,0.008755825414349836,0.0068289726688511455,6.828972668851146e-06,2.8517052007497288,-0.02609313208766817
2023-08-25,0.01403713778080891,0.013921793242553817,0.11534453825509297,0.00011534453825509297,2.8914060509432815,-0.012534602035089715
2023-09-01,-0.008723668135238607,-0.00873313482594315,0.009466690704543129,9.466690704543128e-06,2.866155012063846,-0.0211582704914709
2023-09-08,0.004263773013379633,0.004254683561544697,0.009089451834936257,9.089451834936257e-06,2.8783495946785127,-0.016993608675577088
2023-09-15,-0.008364741347764153,-0.008377230688180163,0.012489340416010786,1.2489340416010786e-05,2.854236996122661,-0.02522847998365718
2023-09-22,-0.019044634557488945,-0.01905456553975683,0.009930982267882405,9.930982267882405e-06,2.799850750214043,-0.04380232779809701
2023-09-29,-0.006691308020263352,-0.006757740551306974,0.06643253104362218,6.643253104362218e-05,2.7809300852617143,-0.05026406358260116
2023-10-06,0.021262793750594092,0.02125102217742327,0.011771573170823902,1.1771573170823903e-05,2.840027692177475,-0.03008120413509907
2023-10-13,0.0016957647321055626,0.001681525452398369,0.01423927970719355,1.423927970719355e-05,2.8448032710273874,-0.02845026099309267
2023-10-20,0.0019063059143362836,0.0019004190064263128,0.005886907909970718,5.886907909970718e-06,2.8502095892331916,-0.02660390940339552
2023-10-27,0.018196295902145505,0.018028413640471294,0.16788226167421227,0.00016788226167421228,2.9015943466699254,-0.009055122046102149
2023-11-03,-0.008780524901490535,-0.008788492496981116,0.007967595490581528,7.967595490581528e-06,2.876093706524934,-0.01776403367092183
2023-11-10,0.01808617230809162,0.018077584716354286,0.008587591737332768,8.587591737332768e-06,2.928086534156812,-7.579778157795758e-06
2023-11-17,0.005546996058765899,0.005533148966078316,0.013847092687582205,1.3847092687582205e-05,2.94428807313587,0.0
2023-11-24,0.01958262551477051,0.019132658687253085,0.4499668275174243,0.0004499668275174243,3.0006201319161288,0.0
2023-12-01,-0.013821759921500747,-0.013830745123421856,0.008985201921110422,8.985201921110423e-06,2.959119319659388,-0.013830745123421861
2023-12-08,0.015909563523235592,0.015894113439791368,0.015450083444224822,1.5450083444224823e-05,3.006151897807933,0.0
2023-12-15,0.009805463745729583,0.009792217511635606,0.013246234093976616,1.3246234093976617e-05,3.0355887910642845,0.0
2023-12-22,0.0038687893745389694,0.0038461880152007846,0.022601359338184582,2.2601359338184584e-05,3.0472642362915536,0.0
2023-12-29,-0.01169738397660065,-0.011773518716263934,0.07613473966328474,7.613473966328474e-05,3.0113872137721733,-0.011773518716263975
2024-01-05,0.009060461518235072,0.00904295827521534,0.0175032430197309,1.75032430197309e-05,3.0386190626968324,-0.00283702787955209
2024-01-12,-0.005885816766135074,-0.005902261434207608,0.016444668072534085,1.6444668072534085e-05,3.0206843385898288,-0.008722544433518498
2024-01-19,0.004586889712365003,0.004570466136797401,0.016423575567601732,1.6423575567601733e-05,3.0344902740693076,-0.004191944390681268
2024-01-26,0.005002081918031428,0.004688117557920581,0.31396436011084694,0.0003139643601108469,3.048716321202511,0.0
2024-02-02,0.0024673909523330517,0.0024630283043764033,0.004362647956648357,4.3626479566483566e-06,3.0562253957936476,0.0
2024-02-09,-0.005425474794344423,-0.005437045750219718,0.01157095587529466,1.157095587529466e-05,3.0396085584937342,-0.005437045750219749
2024-02-16,0.01004208092154019,0.010030769970715319,0.01131095082487026,1.1310950824870261e-05,3.0700981727450025,0.0
2024-02-23,0.010390509698339318,0.010197014834382307,0.1934948639570103,0.0001934948639570103,3.1014040093554938,0.0
2024-03-01,0.014384431109294975,0.014373322663537254,0.01110844575772198,1.1108445757721981e-05,3.1459814898919483,0.0
2024-03-08,-0.0039900969109804155,-0.004000339927317453,0.01024301633703777,1.024301633703777e-05,3.133396494527332,-0.004000339927317409
2024-03-15,0.010521743739770278,0.010511299297462182,0.010444442308096425,1.0444442308096425e-05,3.166332562898927,0.0
2024-03-22,0.009615878826388492,0.009604649750745391,0.011229075643101744,1.1229075643101744e-05,3.196744078159951,0.0
2024-03-29,-0.008567123091668556,-0.008868839906979929,0.3017168153113724,0.0003017168153113724,3.1683926667071645,-0.008868839906979953
2024-04-05,-0.00858013086990396,-0.008587244037661436,0.007113167757475019,7.113167757475018e-06,3.1411849056710133,-0.01737992505202912
2024-04-12,-0.010376479512654848,-0.010386769640089392,0.010290127434543411,1.0290127434543412e-05,3.1085581416588823,-0.02758617341424119
2024-04-19,0.007524841321978677,0.007510163551955704,0.01467777002297356,1.4677770022973561e-05,3.131903921713504,-0.020283186536399045
2024-04-26,0.0018076959803105305,0.0015413147008742762,0.26638127943625434,0.00026638127943625435,3.136731171269767,-0.018773134609113784
2024-05-03,0.004567508694317234,0.004558275118634223,0.009233575683012049,9.233575683012048e-06,3.1510292549216103,-0.014300432602867064
2024-05-10,0.002940759903249895,0.0029177323678717232,0.023027535378171766,2.3027535378171766e-05,3.160223114970806,-0.01142442507007524
2024-05-17,0.002178750881405051,0.0021641327455897363,0.014618135815315007,1.4618135815315008e-05,3.167062257297284,-0.009285016296879167
2024-05-24,0.0017685100597159404,0.0017619123181697245,0.006597741546215768,6.597741546215768e-06,3.1726423433008266,-0.007539463363297361
2024-05-31,-0.0033697738455602277,-0.0037196733258318985,0.34989948027167084,0.0003498994802716708,3.1608411502040457,-0.011231092348365723
2024-06-07,0.010443563153980564,0.010432503058500093,0.0110600954804714,1.10600954804714e-05,3.1938166351709825,-0.0009157576951401847
2024-06-14,-0.003841386048060987,-0.003851178976377904,0.009792928316917127,9.792928316917127e-06,3.181516675691206,-0.004763409924735118
2024-06-21,-0.004081536704132821,-0.004096545244853973,0.015008540721152215,1.5008540721152216e-05,3.1684834486819797,-0.008840441645312502
2024-06-28,0.018712876125060444,0.018676253862908644,0.03662226215180137,3.6622262151801375e-05,3.2276588499299885,0.0
2024-07-05,0.010084792432788068,0.010067840022443854,0.016952410344214908,1.695241034421491e-05,3.2601544028781086,0.0
2024-07-12,-0.011466493705950799,-0.0114740086025423,0.007514896591501693,7.514896591501693e-06,3.222747363213869,-0.01147400860254244
2024-07-19,-0.0008338356250335813,-0.0008501589209475391,0.01632329591395775,1.6323295913957752e-05,3.2200075157930725,-0.012314412792717389
2024-07-26,0.0031844419574750707,0.0030083306297783723,0.1761113276966983,0.0001761113276966983,3.229694363030949,-0.009343127988131195
2024-08-02,0.0035400496026135172,0.0035207512686809546,0.019298333932562653,1.9298333932562653e-05,3.2410653135570424,-0.005855271549167762
2024-08-09,0.019074413024598388,0.01906014580518733,0.014267219411055508,1.426721941105551e-05,3.302840490997575,0.0
2024-08-16,0.01112695736007814,0.011112187278407586,0.014770081670555239,1.477008167055524e-05,3.339542273084248,0.0
2024-08-23,-0.002159473281536482,-0.002178880567653156,0.01940728611667419,1.9407286116674192e-05,3.3322658093205684,-0.002178880567653141
2024-08-30,-0.009782629122296556,-0.00992838631442783,0.14575719213127436,0.00014575719213127437,3.2991817870632745,-0.012085634114072263
2024-09-06,0.024201639791618542,0.02417667436395896,0.02496542765958421,2.4965427659584207e-05,3.3789450307966074,0.0
2024-09-13,0.008825624731091926,0.008812525412657915,0.013099318434011204,1.3099318434011204e-05,3.4087220697484764,0.0
2024-09-20,0.012555992330978585,0.012538833939426544,0.01715839155204065,1.7158391552040652e-05,3.451463469726711,0.0
2024-09-27,-0.0069584250994792415,-0.007210732339757373,0.252307240278132,0.00025230724027813204,3.4265758904660615,-0.007210732339757331
2024-10-04,-0.0007553590113840502,-0.000765313989867735,0.00995497848368476,9.954978483684761e-06,3.4239534839997443,-0.007970527855288179
2024-10-11,0.014290737364141104,0.014258066417010355,0.03267094713074924,3.267094713074924e-05,3.472772440183367,0.0
2024-10-18,-0.008044974133214283,-0.00807298234751484,0.02800821430055568,2.800821430055568e-05,3.4447368095768307,-0.008072982347514857
2024-10-25,-0.013232928721063133,-0.01339855276343832,0.16562404237518752,0.00016562404237518752,3.3985823216775572,-0.021363368831011753
2024-11-01,0.014325659527604553,0.014300914594634973,0.024744932969579636,2.4744932969579636e-05,3.447185157202704,-0.0073679699494828554
2024-11-08,-0.02634546457118606,-0.02636589120264559,0.020426631459530095,2.0426631459530095e-05,3.356297048392523,-0.03353959805805584
2024-11-15,0.023341005656937898,0.023330290547606262,0.010715109331637052,1.0715109331637051e-05,3.4346004336955938,-0.010991796077994054
2024-11-22,0.01211746292455436,0.012097082163039652,0.020380761514707108,2.038076151470711e-05,3.476149077339221,0.0
2024-11-29,-0.0045701920811064885,-0.004808037281866475,0.23784520075998639,0.0002378452007599864,3.4594356229780483,-0.004808037281866517
2024-12-06,-0.005814522721399504,-0.005834243234662475,0.019720513262970498,1.9720513262970497e-05,3.439252434098938,-0.010614229257545404
2024-12-13,-0.02019661667556577,-0.020226433472111324,0.029816796545553956,2.9816796545553956e-05,3.369688623546839,-0.030625974727721106
2024-12-20,6.460749007391011e-07,-2.0277997863726747e-05,0.020924072764465847,2.0924072764465848e-05,3.369620293008129,-0.030645631692134856
2024-12-27,0.004898962068408119,0.004674465749247897,0.22449631916022234,0.00022449631916022234,3.3853714676557662,-0.02611441789859592
2025-01-03,-0.0064695052749778,-0.006485323940133293,0.015818665155492934,1.5818665155492934e-05,3.363416237030334,-0.032430381379148776
2025-01-10,0.016712522811172033,0.016694412037382873,0.01811077378916108,1.811077378916108e-05,3.4195664935445422,-0.016277375491038915
2025-01-17,0.017761416782142856,0.017745047014255017,0.016369767887839594,1.6369767887839593e-05,3.4802468617408615,0.0
2025-01-24,0.0028466769352035797,0.002815596714444749,0.031080220758830455,3.1080220758830453e-05,3.4900458333702358,0.0
2025-01-31,0.007046036166409443,0.006808782365314439,0.23725380109500416,0.00023725380109500418,3.5138087958946262,0.0
2025-02-07,0.01299051158434071,0.012974781424381921,0.015730159958787123,1.5730159958787122e-05,3.5593996969884296,0.0
2025-02-14,0.0007959075718469291,0.0007604650044326219,0.035442567414307125,3.5442567414307126e-05,3.5621064958947772,0.0
2025-02-21,-0.019345674937174998,-0.019376221163267093,0.03054622609209527,3.054622609209527e-05,3.4930863326232098,-0.019376221163267093
2025-02-28,3.157505171043779e-05,-0.00012205600185269402,0.1536310535631318,0.00015363105356313181,3.4926599804713234,-0.019495912181033526
2025-03-07,0.0007492321950047197,0.0007416710211590819,0.007561173845637707,7.561173845637707e-06,3.4952503851656016,-0.0187687007129701
2025-03-14,0.00728015733088997,0.007260664971784213,0.019492359105756654,1.9492359105756656e-05,3.5206282272047886,-0.01164430898901847
2025-03-21,0.0008155035369845485,0.0008081905978651996,0.007312939119348848,7.312939119348848e-06,3.5234735658365945,-0.010845529212196725
2025-03-28,-0.01251096931000598,-0.01307630714799607,0.565337837990091,0.000565337837990091,3.4773995432618703,-0.02378001688903164
2025-04-04,0.010466663892793776,0.010451916863303844,0.014747029489932256,1.4747029489932256e-05,3.5137450341885343,-0.013576646785259827
2025-04-11,0.007122409262883571,0.007108990058229661,0.013419204653910752,1.3419204653910753e-05,3.538724212703735,-0.006564172974050542
2025-04-18,0.005867018451565349,0.005861695425568276,0.005323025997073501,5.323025997073501e-06,3.5594671362336885,-0.0007409547311767462
2025-04-25,0.0031310235280772275,0.0029662032752736716,0.16482025280355606,0.00016482025280355607,3.570025239311414,0.0
2025-05-02,0.0014702576576127713,0.001461574599569738,0.008683058043033213,8.683058043033212e-06,3.575243097521014,0.0
2025-05-09,0.002225744623550888,0.002204594264584021,0.021150358966867018,2.115035896686702e-05,3.5831250579483025,0.0
2025-05-16,0.0004938772648744244,0.00048063106931093576,0.013246195563488612,1.3246195563488612e-05,3.5848472191763787,0.0
2025-05-23,0.0020247272302918347,0.0020199750166262683,0.004752213665566194,4.752213665566194e-06,3.5920885209975375,0.0
2025-05-30,0.0022845318349810234,0.002150087677910089,0.1344441570709343,0.0001344441570709343,3.5998118262644967,0.0
2025-06-06,0.0037723667781351627,0.0037401553711475413,0.03221140698762143,3.221140698762143e-05,3.6132756818016203,0.0
2025-06-13,-0.0016114304599454512,-0.0016141029240887646,0.0026724641433134295,2.6724641433134296e-06,3.6074434829580855,-0.0016141029240888116
2025-06-20,0.0012356567365051643,0.0012305595473406687,0.005097189164495683,5.097189164495683e-06,3.6118826569775315,-0.00038552962651172695
2025-06-27,0.008533122678273013,0.007919827254777263,0.6132954234957495,0.0006132954234957496,3.64048814368532,0.0
2025-07-04,-0.0020063531011323766,-0.0020202754996766163,0.013922398544239512,1.3922398544239513e-05,3.6331333546817692,-0.002020275499676649
2025-07-11,0.0022803217906019347,0.0022764196954230577,0.003902095178877206,3.902095178877206e-06,3.641403891006465,0.0
2025-07-18,0.005653528972150835,0.005641563098594044,0.011965873556790822,1.1965873556790822e-05,3.6619471008250435,0.0
2025-07-25,-0.014531700775248523,-0.01478343603184001,0.25173525659148627,0.0002517352565914863,3.6078109401080147,-0.014783436031839958
2025-08-01,0.018318272680243258,0.01830107345630633,0.017199223936926165,1.7199223936926164e-05,3.673837753139397,0.0
2025-08-08,0.00509744601904625,0.005079318060897312,0.018127958148938417,1.8127958148938416e-05,3.692498343591724,0.0
2025-08-15,0.008651305475334773,0.008638527466026906,0.012778009307866982,1.2778009307866983e-05,3.7243960919511006,0.0
2025-08-22,-0.0014263318169753722,-0.0014441361513083605,0.017804334332988336,1.7804334332988338e-05,3.7190175569129225,-0.0014441361513083395
2025-08-29,0.01557081432420711,0.01521338205980182,0.35743226440528947,0.00035743226440528947,3.775596391893349,0.0
2025-09-05,0.01236002951055979,0.012320289408178385,0.039740102381406066,3.974010238140607e-05,3.822112832129949,0.0
2025-09-12,0.005815896500255123,0.005808157950250631,0.0077385500044916174,7.738550004491618e-06,3.84431226716264,0.0
2025-09-19,0.008167831420161597,0.008123108262100156,0.04472315806144109,4.472315806144109e-05,3.8755400319021214,0.0
2025-09-26,0.01808368661643374,0.0177225122047124,0.3611744117213411,0.0003611744117213411,3.9442243374173582,0.0
2025-10-03,-0.013240626184993921,-0.013255462762196774,0.014836577202851501,1.4836577202851502e-05,3.891941818586972,-0.013255462762196801
2025-10-10,0.027642766259321334,0.02762838064537891,0.014385613942423409,1.438561394242341e-05,3.9994698686005616,0.0
2025-10-17,0.0019226386614483262,0.0019014878931991022,0.021150768249223843,2.1150768249223842e-05,4.0070748121349204,0.0
2025-10-24,-0.00732958154244152,-0.0073392722809584796,0.009690738516959743,9.690738516959743e-06,3.977665799038492,-0.007339272280958431
2025-10-31,-0.003768105800428502,-0.003961649217493531,0.19354341706502914,0.00019354341706502915,3.96190768243828,-0.011271845876163145
2025-11-07,0.006602634962422744,0.006591521435271737,0.011113527151007007,1.1113527151007008e-05,3.9880226818516396,-0.004754623054599283
2025-11-14,-0.012464498522678325,-0.012474236885518577,0.009738362840251535,9.738362840251536e-06,3.938275142213401,-0.017169549645833504
2025-11-21,0.023762015764113922,0.02375365019098292,0.008365573131001872,8.365573131001873e-06,4.031823552297382,0.0
2025-11-28,-0.000940059410794263,-0.001082513440128968,0.1424540293347049,0.00014245402933470491,4.027459049113792,-0.001082513440128996
2025-12-05,0.002864502381908003,0.002858309098058614,0.006193283849389105,6.193283849389105e-06,4.038970771955932,0.0
2025-12-12,0.005077017757670628,0.005070439006101823,0.006578751568804697,6.578751568804697e-06,4.059450126902562,0.0
2025-12-19,0.01622268296080019,0.016216163774269335,0.0065191865308551,6.5191865308551e-06,4.1252788349938925,0.0
2025-12-26,-0.00860846071484621,-0.00879667606425733,0.18821534941111978,0.0001882153494111198,4.088990093407714,-0.00879667606425738
2026-01-02,0.018380871007557944,0.01836268254548325,0.018188462074691603,1.8188462074691602e-05,4.164074920424586,0.0
2026-01-09,0.007031780596811544,0.007021222226332925,0.010558370478618729,1.055837047861873e-05,4.193311815807986,0.0
2026-01-16,0.024108027552523264,0.024095349401048866,0.012678151474398498,1.26781514743985e-05,4.294351129157427,0.0
2026-01-23,-0.006583956435723284,-0.006599842775132198,0.015886339408913413,1.5886339408913413e-05,4.266009086883777,-0.0065998427751320365
2026-01-30,0.014275909217583534,0.014173943989664881,0.10196522791865334,0.00010196522791865334,4.326475260740669,0.0
2026-02-06,0.01536052923318873,0.015338194525084538,0.022334708104192868,2.233470810419287e-05,4.392835579897875,0.0
2026-02-13,0.004111104346037897,0.004096484587132972,0.014619758904925569,1.461975890492557e-05,4.4108307631447365,0.0
2026-02-20,0.010126387653806143,0.010115082141485978,0.011305512320165304,1.1305512320165305e-05,4.455446678626139,0.0
2026-02-27,-0.031650174789858675,-0.03186987787466174,0.21970308480306155,0.00021970308480306157,4.313452137101256,-0.03186987787466167
2026-03-06,-0.015470566234514564,-0.015480828471449609,0.010262236935045807,1.0262236935045808e-05,4.246676324446984,-0.04685733423332772
2026-03-13,-0.026158431401180345,-0.026173396680433086,0.014965279252742235,1.4965279252742236e-05,4.13552638043383,-0.07180431531748421
2026-03-20,-0.000776516981436049,-0.00079324962060954,0.016732639173491062,1.6732639173491063e-05,4.13224587570153,-0.07254060619220992
2026-03-27,0.023219449952512034,0.022912260389292713,0.3071895632193208,0.00030718956321932077,4.226924969198184,-0.05129041506079035
2026-04-03,0.0169854843819537,0.01697392735151517,0.011557030438529013,1.1557030438529013e-05,4.2986724865456605,-0.03518708748834587
2026-04-10,0.0,-0.00032757440825890175,0.3275744082589017,0.00032757440825890175,4.297264351449582,-0.03550313550724238
