Date,gross_return,turnover,cost,net_return,wealth,drawdown
1962-01-05,0.0,0.0,0.0,0.0,1.0,0.0
1962-01-12,0.0,0.0,0.0,0.0,1.0,0.0
1962-01-19,0.0,0.0,0.0,0.0,1.0,0.0
1962-01-26,0.0,0.0,0.0,0.0,1.0,0.0
1962-02-02,0.0,0.0,0.0,0.0,1.0,0.0
1962-02-09,0.0,0.0,0.0,0.0,1.0,0.0
1962-02-16,0.0,0.0,0.0,0.0,1.0,0.0
1962-02-23,0.0,0.0,0.0,0.0,1.0,0.0
1962-03-02,0.0,0.0,0.0,0.0,1.0,0.0
1962-03-09,0.0,0.0,0.0,0.0,1.0,0.0
1962-03-16,0.0,0.0,0.0,0.0,1.0,0.0
1962-03-23,0.0,0.0,0.0,0.0,1.0,0.0
1962-03-30,0.0,0.0,0.0,0.0,1.0,0.0
1962-04-06,0.0,0.0,0.0,0.0,1.0,0.0
1962-04-13,0.0,0.0,0.0,0.0,1.0,0.0
1962-04-20,0.0,0.0,0.0,0.0,1.0,0.0
1962-04-27,0.0,0.0,0.0,0.0,1.0,0.0
1962-05-04,0.0,0.0,0.0,0.0,1.0,0.0
1962-05-11,0.0,0.0,0.0,0.0,1.0,0.0
1962-05-18,0.0,0.0,0.0,0.0,1.0,0.0
1962-05-25,0.0,0.0,0.0,0.0,1.0,0.0
1962-06-01,0.0,0.0,0.0,0.0,1.0,0.0
1962-06-08,0.0,0.0,0.0,0.0,1.0,0.0
1962-06-15,0.0,0.0,0.0,0.0,1.0,0.0
1962-06-22,0.0,0.0,0.0,0.0,1.0,0.0
1962-06-29,0.0,0.0,0.0,0.0,1.0,0.0
1962-07-06,0.0,0.0,0.0,0.0,1.0,0.0
1962-07-13,0.0,0.0,0.0,0.0,1.0,0.0
1962-07-20,0.0,0.0,0.0,0.0,1.0,0.0
1962-07-27,0.0,0.0,0.0,0.0,1.0,0.0
1962-08-03,0.0,0.0,0.0,0.0,1.0,0.0
1962-08-10,0.0,0.0,0.0,0.0,1.0,0.0
1962-08-17,0.0,0.0,0.0,0.0,1.0,0.0
1962-08-24,0.0,0.0,0.0,0.0,1.0,0.0
1962-08-31,0.0,0.0,0.0,0.0,1.0,0.0
1962-09-07,0.0,0.0,0.0,0.0,1.0,0.0
1962-09-14,0.0,0.0,0.0,0.0,1.0,0.0
1962-09-21,0.0,0.0,0.0,0.0,1.0,0.0
1962-09-28,0.0,0.0,0.0,0.0,1.0,0.0
1962-10-05,0.0,0.0,0.0,0.0,1.0,0.0
1962-10-12,0.0,0.0,0.0,0.0,1.0,0.0
1962-10-19,0.0,0.0,0.0,0.0,1.0,0.0
1962-10-26,0.0,0.0,0.0,0.0,1.0,0.0
1962-11-02,0.0,0.0,0.0,0.0,1.0,0.0
1962-11-09,0.0,0.0,0.0,0.0,1.0,0.0
1962-11-16,0.0,0.0,0.0,0.0,1.0,0.0
1962-11-23,0.0,0.0,0.0,0.0,1.0,0.0
1962-11-30,0.0,0.0,0.0,0.0,1.0,0.0
1962-12-07,0.0,0.0,0.0,0.0,1.0,0.0
1962-12-14,0.0,0.0,0.0,0.0,1.0,0.0
1962-12-21,0.0,0.0,0.0,0.0,1.0,0.0
1962-12-28,0.0,0.0,0.0,0.0,1.0,0.0
1963-01-04,0.0,0.0,0.0,0.0,1.0,0.0
1963-01-11,0.0,0.0,0.0,0.0,1.0,0.0
1963-01-18,0.0,0.0,0.0,0.0,1.0,0.0
1963-01-25,0.0,0.0,0.0,0.0,1.0,0.0
1963-02-01,0.0,0.0,0.0,0.0,1.0,0.0
1963-02-08,0.0,0.0,0.0,0.0,1.0,0.0
1963-02-15,0.0,0.0,0.0,0.0,1.0,0.0
1963-02-22,0.0,0.0,0.0,0.0,1.0,0.0
1963-03-01,0.0,0.0,0.0,0.0,1.0,0.0
1963-03-08,0.0,0.0,0.0,0.0,1.0,0.0
1963-03-15,0.0,0.0,0.0,0.0,1.0,0.0
1963-03-22,0.0,0.0,0.0,0.0,1.0,0.0
1963-03-29,0.0,0.0,0.0,0.0,1.0,0.0
1963-04-05,0.0,0.0,0.0,0.0,1.0,0.0
1963-04-12,0.0,0.0,0.0,0.0,1.0,0.0
1963-04-19,0.0,0.0,0.0,0.0,1.0,0.0
1963-04-26,0.0,0.0,0.0,0.0,1.0,0.0
1963-05-03,0.0,0.0,0.0,0.0,1.0,0.0
1963-05-10,0.0,0.0,0.0,0.0,1.0,0.0
1963-05-17,0.0,0.0,0.0,0.0,1.0,0.0
1963-05-24,0.0,0.0,0.0,0.0,1.0,0.0
1963-05-31,0.0,0.0,0.0,0.0,1.0,0.0
1963-06-07,0.0,0.0,0.0,0.0,1.0,0.0
1963-06-14,0.0,0.0,0.0,0.0,1.0,0.0
1963-06-21,0.0,0.0,0.0,0.0,1.0,0.0
1963-06-28,0.0,0.0,0.0,0.0,1.0,0.0
1963-07-05,0.0,0.0,0.0,0.0,1.0,0.0
1963-07-12,0.0,0.0,0.0,0.0,1.0,0.0
1963-07-19,0.0,0.0,0.0,0.0,1.0,0.0
1963-07-26,0.0,0.0,0.0,0.0,1.0,0.0
1963-08-02,0.0,0.0,0.0,0.0,1.0,0.0
1963-08-09,0.0,0.0,0.0,0.0,1.0,0.0
1963-08-16,0.0,0.0,0.0,0.0,1.0,0.0
1963-08-23,0.0,0.0,0.0,0.0,1.0,0.0
1963-08-30,0.0,0.0,0.0,0.0,1.0,0.0
1963-09-06,0.0,0.0,0.0,0.0,1.0,0.0
1963-09-13,0.0,0.0,0.0,0.0,1.0,0.0
1963-09-20,0.0,0.0,0.0,0.0,1.0,0.0
1963-09-27,0.0,0.0,0.0,0.0,1.0,0.0
1963-10-04,0.0,0.0,0.0,0.0,1.0,0.0
1963-10-11,0.0,0.0,0.0,0.0,1.0,0.0
1963-10-18,0.0,0.0,0.0,0.0,1.0,0.0
1963-10-25,0.0,0.0,0.0,0.0,1.0,0.0
1963-11-01,0.0,0.0,0.0,0.0,1.0,0.0
1963-11-08,0.0,0.0,0.0,0.0,1.0,0.0
1963-11-15,0.0,0.0,0.0,0.0,1.0,0.0
1963-11-22,0.0,0.0,0.0,0.0,1.0,0.0
1963-11-29,0.0,0.0,0.0,0.0,1.0,0.0
1963-12-06,0.0,0.0,0.0,0.0,1.0,0.0
1963-12-13,0.0,0.0,0.0,0.0,1.0,0.0
1963-12-20,0.0,0.0,0.0,0.0,1.0,0.0
1963-12-27,0.0,0.0,0.0,0.0,1.0,0.0
1964-01-03,0.0,0.0,0.0,0.0,1.0,0.0
1964-01-10,0.0,0.0,0.0,0.0,1.0,0.0
1964-01-17,0.0,0.0,0.0,0.0,1.0,0.0
1964-01-24,0.0,0.0,0.0,0.0,1.0,0.0
1964-01-31,0.0,0.0,0.0,0.0,1.0,0.0
1964-02-07,0.0,0.0,0.0,0.0,1.0,0.0
1964-02-14,0.0,0.0,0.0,0.0,1.0,0.0
1964-02-21,0.0,0.0,0.0,0.0,1.0,0.0
1964-02-28,0.0,0.0,0.0,0.0,1.0,0.0
1964-03-06,0.0,0.0,0.0,0.0,1.0,0.0
1964-03-13,0.0,0.0,0.0,0.0,1.0,0.0
1964-03-20,0.0,0.0,0.0,0.0,1.0,0.0
1964-03-27,0.0,0.0,0.0,0.0,1.0,0.0
1964-04-03,0.0,0.0,0.0,0.0,1.0,0.0
1964-04-10,0.0,0.0,0.0,0.0,1.0,0.0
1964-04-17,0.0,0.0,0.0,0.0,1.0,0.0
1964-04-24,0.0,0.0,0.0,0.0,1.0,0.0
1964-05-01,0.0,0.0,0.0,0.0,1.0,0.0
1964-05-08,0.0,0.0,0.0,0.0,1.0,0.0
1964-05-15,0.0,0.0,0.0,0.0,1.0,0.0
1964-05-22,0.0,0.0,0.0,0.0,1.0,0.0
1964-05-29,0.0,0.0,0.0,0.0,1.0,0.0
1964-06-05,0.0,0.0,0.0,0.0,1.0,0.0
1964-06-12,0.0,0.0,0.0,0.0,1.0,0.0
1964-06-19,0.0,0.0,0.0,0.0,1.0,0.0
1964-06-26,0.0,0.0,0.0,0.0,1.0,0.0
1964-07-03,0.0,0.0,0.0,0.0,1.0,0.0
1964-07-10,0.0,0.0,0.0,0.0,1.0,0.0
1964-07-17,0.0,0.0,0.0,0.0,1.0,0.0
1964-07-24,0.0,0.0,0.0,0.0,1.0,0.0
1964-07-31,0.0,0.0,0.0,0.0,1.0,0.0
1964-08-07,0.0,0.0,0.0,0.0,1.0,0.0
1964-08-14,0.0,0.0,0.0,0.0,1.0,0.0
1964-08-21,0.0,0.0,0.0,0.0,1.0,0.0
1964-08-28,0.0,0.0,0.0,0.0,1.0,0.0
1964-09-04,0.0,0.0,0.0,0.0,1.0,0.0
1964-09-11,0.0,0.0,0.0,0.0,1.0,0.0
1964-09-18,0.0,0.0,0.0,0.0,1.0,0.0
1964-09-25,0.0,0.0,0.0,0.0,1.0,0.0
1964-10-02,0.0,0.0,0.0,0.0,1.0,0.0
1964-10-09,0.0,0.0,0.0,0.0,1.0,0.0
1964-10-16,0.0,0.0,0.0,0.0,1.0,0.0
1964-10-23,0.0,0.0,0.0,0.0,1.0,0.0
1964-10-30,0.0,0.0,0.0,0.0,1.0,0.0
1964-11-06,0.0,0.0,0.0,0.0,1.0,0.0
1964-11-13,0.0,0.0,0.0,0.0,1.0,0.0
1964-11-20,0.0,0.0,0.0,0.0,1.0,0.0
1964-11-27,0.0,0.0,0.0,0.0,1.0,0.0
1964-12-04,0.0,0.0,0.0,0.0,1.0,0.0
1964-12-11,0.0,0.0,0.0,0.0,1.0,0.0
1964-12-18,0.0,0.0,0.0,0.0,1.0,0.0
1964-12-25,0.0,0.0,0.0,0.0,1.0,0.0
1965-01-01,0.0,0.0,0.0,0.0,1.0,0.0
1965-01-08,0.0,0.0,0.0,0.0,1.0,0.0
1965-01-15,0.0,0.0,0.0,0.0,1.0,0.0
1965-01-22,0.0,0.0,0.0,0.0,1.0,0.0
1965-01-29,0.0,0.0,0.0,0.0,1.0,0.0
1965-02-05,0.0,0.0,0.0,0.0,1.0,0.0
1965-02-12,0.0,0.0,0.0,0.0,1.0,0.0
1965-02-19,0.0,0.0,0.0,0.0,1.0,0.0
1965-02-26,0.0,0.0,0.0,0.0,1.0,0.0
1965-03-05,0.0,0.0,0.0,0.0,1.0,0.0
1965-03-12,0.0,0.0,0.0,0.0,1.0,0.0
1965-03-19,0.0,0.0,0.0,0.0,1.0,0.0
1965-03-26,0.0,0.0,0.0,0.0,1.0,0.0
1965-04-02,0.0,0.0,0.0,0.0,1.0,0.0
1965-04-09,0.0,0.0,0.0,0.0,1.0,0.0
1965-04-16,0.0,0.0,0.0,0.0,1.0,0.0
1965-04-23,0.0,0.0,0.0,0.0,1.0,0.0
1965-04-30,0.0,0.0,0.0,0.0,1.0,0.0
1965-05-07,0.0,0.0,0.0,0.0,1.0,0.0
1965-05-14,0.0,0.0,0.0,0.0,1.0,0.0
1965-05-21,0.0,0.0,0.0,0.0,1.0,0.0
1965-05-28,0.0,0.0,0.0,0.0,1.0,0.0
1965-06-04,0.0,0.0,0.0,0.0,1.0,0.0
1965-06-11,0.0,0.0,0.0,0.0,1.0,0.0
1965-06-18,0.0,0.0,0.0,0.0,1.0,0.0
1965-06-25,0.0,0.0,0.0,0.0,1.0,0.0
1965-07-02,0.0,0.0,0.0,0.0,1.0,0.0
1965-07-09,0.0,0.0,0.0,0.0,1.0,0.0
1965-07-16,0.0,0.0,0.0,0.0,1.0,0.0
1965-07-23,0.0,0.0,0.0,0.0,1.0,0.0
1965-07-30,0.0,0.0,0.0,0.0,1.0,0.0
1965-08-06,0.0,0.0,0.0,0.0,1.0,0.0
1965-08-13,0.0,0.0,0.0,0.0,1.0,0.0
1965-08-20,0.0,0.0,0.0,0.0,1.0,0.0
1965-08-27,0.0,0.0,0.0,0.0,1.0,0.0
1965-09-03,0.0,0.0,0.0,0.0,1.0,0.0
1965-09-10,0.0,0.0,0.0,0.0,1.0,0.0
1965-09-17,0.0,0.0,0.0,0.0,1.0,0.0
1965-09-24,0.0,0.0,0.0,0.0,1.0,0.0
1965-10-01,0.0,0.0,0.0,0.0,1.0,0.0
1965-10-08,0.0,0.0,0.0,0.0,1.0,0.0
1965-10-15,0.0,0.0,0.0,0.0,1.0,0.0
1965-10-22,0.0,0.0,0.0,0.0,1.0,0.0
1965-10-29,0.0,0.0,0.0,0.0,1.0,0.0
1965-11-05,0.0,0.0,0.0,0.0,1.0,0.0
1965-11-12,0.0,0.0,0.0,0.0,1.0,0.0
1965-11-19,0.0,0.0,0.0,0.0,1.0,0.0
1965-11-26,0.0,0.0,0.0,0.0,1.0,0.0
1965-12-03,0.0,0.0,0.0,0.0,1.0,0.0
1965-12-10,0.0,0.0,0.0,0.0,1.0,0.0
1965-12-17,0.0,0.0,0.0,0.0,1.0,0.0
1965-12-24,0.0,0.0,0.0,0.0,1.0,0.0
1965-12-31,0.0,0.0,0.0,0.0,1.0,0.0
1966-01-07,0.0,0.0,0.0,0.0,1.0,0.0
1966-01-14,0.0,0.0,0.0,0.0,1.0,0.0
1966-01-21,0.0,0.0,0.0,0.0,1.0,0.0
1966-01-28,0.0,0.0,0.0,0.0,1.0,0.0
1966-02-04,0.0,0.0,0.0,0.0,1.0,0.0
1966-02-11,0.0,0.0,0.0,0.0,1.0,0.0
1966-02-18,0.0,0.0,0.0,0.0,1.0,0.0
1966-02-25,0.0,0.0,0.0,0.0,1.0,0.0
1966-03-04,0.0,0.0,0.0,0.0,1.0,0.0
1966-03-11,0.0,0.0,0.0,0.0,1.0,0.0
1966-03-18,0.0,0.0,0.0,0.0,1.0,0.0
1966-03-25,0.0,0.0,0.0,0.0,1.0,0.0
1966-04-01,0.0,0.0,0.0,0.0,1.0,0.0
1966-04-08,0.0,0.0,0.0,0.0,1.0,0.0
1966-04-15,0.0,0.0,0.0,0.0,1.0,0.0
1966-04-22,0.0,0.0,0.0,0.0,1.0,0.0
1966-04-29,0.0,0.0,0.0,0.0,1.0,0.0
1966-05-06,0.0,0.0,0.0,0.0,1.0,0.0
1966-05-13,0.0,0.0,0.0,0.0,1.0,0.0
1966-05-20,0.0,0.0,0.0,0.0,1.0,0.0
1966-05-27,0.0,0.0,0.0,0.0,1.0,0.0
1966-06-03,0.0,0.0,0.0,0.0,1.0,0.0
1966-06-10,0.0,0.0,0.0,0.0,1.0,0.0
1966-06-17,0.0,0.0,0.0,0.0,1.0,0.0
1966-06-24,0.0,0.0,0.0,0.0,1.0,0.0
1966-07-01,0.0,0.0,0.0,0.0,1.0,0.0
1966-07-08,0.0,0.0,0.0,0.0,1.0,0.0
1966-07-15,0.0,0.0,0.0,0.0,1.0,0.0
1966-07-22,0.0,0.0,0.0,0.0,1.0,0.0
1966-07-29,0.0,0.0,0.0,0.0,1.0,0.0
1966-08-05,0.0,0.0,0.0,0.0,1.0,0.0
1966-08-12,0.0,0.0,0.0,0.0,1.0,0.0
1966-08-19,0.0,0.0,0.0,0.0,1.0,0.0
1966-08-26,0.0,0.0,0.0,0.0,1.0,0.0
1966-09-02,0.0,0.0,0.0,0.0,1.0,0.0
1966-09-09,0.0,0.0,0.0,0.0,1.0,0.0
1966-09-16,0.0,0.0,0.0,0.0,1.0,0.0
1966-09-23,0.0,0.0,0.0,0.0,1.0,0.0
1966-09-30,0.0,0.0,0.0,0.0,1.0,0.0
1966-10-07,0.0,0.0,0.0,0.0,1.0,0.0
1966-10-14,0.0,0.0,0.0,0.0,1.0,0.0
1966-10-21,0.0,0.0,0.0,0.0,1.0,0.0
1966-10-28,0.0,0.0,0.0,0.0,1.0,0.0
1966-11-04,0.0,0.0,0.0,0.0,1.0,0.0
1966-11-11,0.0,0.0,0.0,0.0,1.0,0.0
1966-11-18,0.0,0.0,0.0,0.0,1.0,0.0
1966-11-25,0.0,0.0,0.0,0.0,1.0,0.0
1966-12-02,0.0,0.0,0.0,0.0,1.0,0.0
1966-12-09,0.0,0.0,0.0,0.0,1.0,0.0
1966-12-16,0.0,0.0,0.0,0.0,1.0,0.0
1966-12-23,0.0,0.0,0.0,0.0,1.0,0.0
1966-12-30,0.0,0.0,0.0,0.0,1.0,0.0
1967-01-06,0.0,0.0,0.0,0.0,1.0,0.0
1967-01-13,0.0,0.0,0.0,0.0,1.0,0.0
1967-01-20,0.0,0.0,0.0,0.0,1.0,0.0
1967-01-27,0.0,0.0,0.0,0.0,1.0,0.0
1967-02-03,0.0,0.0,0.0,0.0,1.0,0.0
1967-02-10,0.0,0.0,0.0,0.0,1.0,0.0
1967-02-17,0.0,0.0,0.0,0.0,1.0,0.0
1967-02-24,0.0,0.0,0.0,0.0,1.0,0.0
1967-03-03,0.0,0.0,0.0,0.0,1.0,0.0
1967-03-10,0.0,0.0,0.0,0.0,1.0,0.0
1967-03-17,0.0,0.0,0.0,0.0,1.0,0.0
1967-03-24,0.0,0.0,0.0,0.0,1.0,0.0
1967-03-31,0.0,0.0,0.0,0.0,1.0,0.0
1967-04-07,0.0,0.0,0.0,0.0,1.0,0.0
1967-04-14,0.0,0.0,0.0,0.0,1.0,0.0
1967-04-21,0.0,0.0,0.0,0.0,1.0,0.0
1967-04-28,0.0,0.0,0.0,0.0,1.0,0.0
1967-05-05,0.0,0.0,0.0,0.0,1.0,0.0
1967-05-12,0.0,0.0,0.0,0.0,1.0,0.0
1967-05-19,0.0,0.0,0.0,0.0,1.0,0.0
1967-05-26,0.0,0.0,0.0,0.0,1.0,0.0
1967-06-02,0.0,0.0,0.0,0.0,1.0,0.0
1967-06-09,0.0,0.0,0.0,0.0,1.0,0.0
1967-06-16,0.0,0.0,0.0,0.0,1.0,0.0
1967-06-23,0.0,0.0,0.0,0.0,1.0,0.0
1967-06-30,0.0,0.0,0.0,0.0,1.0,0.0
1967-07-07,0.0,0.0,0.0,0.0,1.0,0.0
1967-07-14,0.0,0.0,0.0,0.0,1.0,0.0
1967-07-21,0.0,0.0,0.0,0.0,1.0,0.0
1967-07-28,0.0,0.0,0.0,0.0,1.0,0.0
1967-08-04,0.0,0.0,0.0,0.0,1.0,0.0
1967-08-11,0.0,0.0,0.0,0.0,1.0,0.0
1967-08-18,0.0,0.0,0.0,0.0,1.0,0.0
1967-08-25,0.0,0.0,0.0,0.0,1.0,0.0
1967-09-01,0.0,0.0,0.0,0.0,1.0,0.0
1967-09-08,0.0,0.0,0.0,0.0,1.0,0.0
1967-09-15,0.0,0.0,0.0,0.0,1.0,0.0
1967-09-22,0.0,0.0,0.0,0.0,1.0,0.0
1967-09-29,0.0,0.0,0.0,0.0,1.0,0.0
1967-10-06,0.0,0.0,0.0,0.0,1.0,0.0
1967-10-13,0.0,0.0,0.0,0.0,1.0,0.0
1967-10-20,0.0,0.0,0.0,0.0,1.0,0.0
1967-10-27,0.0,0.0,0.0,0.0,1.0,0.0
1967-11-03,0.0,0.0,0.0,0.0,1.0,0.0
1967-11-10,0.0,0.0,0.0,0.0,1.0,0.0
1967-11-17,0.0,0.0,0.0,0.0,1.0,0.0
1967-11-24,0.0,0.0,0.0,0.0,1.0,0.0
1967-12-01,0.0,0.0,0.0,0.0,1.0,0.0
1967-12-08,0.0,0.0,0.0,0.0,1.0,0.0
1967-12-15,0.0,0.0,0.0,0.0,1.0,0.0
1967-12-22,0.0,0.0,0.0,0.0,1.0,0.0
1967-12-29,0.0,0.0,0.0,0.0,1.0,0.0
1968-01-05,0.0,0.0,0.0,0.0,1.0,0.0
1968-01-12,0.0,0.0,0.0,0.0,1.0,0.0
1968-01-19,0.0,0.0,0.0,0.0,1.0,0.0
1968-01-26,0.0,0.0,0.0,0.0,1.0,0.0
1968-02-02,0.0,0.0,0.0,0.0,1.0,0.0
1968-02-09,0.0,0.0,0.0,0.0,1.0,0.0
1968-02-16,0.0,0.0,0.0,0.0,1.0,0.0
1968-02-23,0.0,0.0,0.0,0.0,1.0,0.0
1968-03-01,0.0,0.0,0.0,0.0,1.0,0.0
1968-03-08,0.0,0.0,0.0,0.0,1.0,0.0
1968-03-15,0.0,0.0,0.0,0.0,1.0,0.0
1968-03-22,0.0,0.0,0.0,0.0,1.0,0.0
1968-03-29,0.0,0.0,0.0,0.0,1.0,0.0
1968-04-05,0.0,0.0,0.0,0.0,1.0,0.0
1968-04-12,0.0,0.0,0.0,0.0,1.0,0.0
1968-04-19,0.0,0.0,0.0,0.0,1.0,0.0
1968-04-26,0.0,0.0,0.0,0.0,1.0,0.0
1968-05-03,0.0,0.0,0.0,0.0,1.0,0.0
1968-05-10,0.0,0.0,0.0,0.0,1.0,0.0
1968-05-17,0.0,0.0,0.0,0.0,1.0,0.0
1968-05-24,0.0,0.0,0.0,0.0,1.0,0.0
1968-05-31,0.0,0.0,0.0,0.0,1.0,0.0
1968-06-07,0.0,0.0,0.0,0.0,1.0,0.0
1968-06-14,0.0,0.0,0.0,0.0,1.0,0.0
1968-06-21,0.0,0.0,0.0,0.0,1.0,0.0
1968-06-28,0.0,0.0,0.0,0.0,1.0,0.0
1968-07-05,0.0,0.0,0.0,0.0,1.0,0.0
1968-07-12,0.0,0.0,0.0,0.0,1.0,0.0
1968-07-19,0.0,0.0,0.0,0.0,1.0,0.0
1968-07-26,0.0,0.0,0.0,0.0,1.0,0.0
1968-08-02,0.0,0.0,0.0,0.0,1.0,0.0
1968-08-09,0.0,0.0,0.0,0.0,1.0,0.0
1968-08-16,0.0,0.0,0.0,0.0,1.0,0.0
1968-08-23,0.0,0.0,0.0,0.0,1.0,0.0
1968-08-30,0.0,0.0,0.0,0.0,1.0,0.0
1968-09-06,0.0,0.0,0.0,0.0,1.0,0.0
1968-09-13,0.0,0.0,0.0,0.0,1.0,0.0
1968-09-20,0.0,0.0,0.0,0.0,1.0,0.0
1968-09-27,0.0,0.0,0.0,0.0,1.0,0.0
1968-10-04,0.0,0.0,0.0,0.0,1.0,0.0
1968-10-11,0.0,0.0,0.0,0.0,1.0,0.0
1968-10-18,0.0,0.0,0.0,0.0,1.0,0.0
1968-10-25,0.0,0.0,0.0,0.0,1.0,0.0
1968-11-01,0.0,0.0,0.0,0.0,1.0,0.0
1968-11-08,0.0,0.0,0.0,0.0,1.0,0.0
1968-11-15,0.0,0.0,0.0,0.0,1.0,0.0
1968-11-22,0.0,0.0,0.0,0.0,1.0,0.0
1968-11-29,0.0,0.0,0.0,0.0,1.0,0.0
1968-12-06,0.0,0.0,0.0,0.0,1.0,0.0
1968-12-13,0.0,0.0,0.0,0.0,1.0,0.0
1968-12-20,0.0,0.0,0.0,0.0,1.0,0.0
1968-12-27,0.0,0.0,0.0,0.0,1.0,0.0
1969-01-03,0.0,0.0,0.0,0.0,1.0,0.0
1969-01-10,0.0,0.0,0.0,0.0,1.0,0.0
1969-01-17,0.0,0.0,0.0,0.0,1.0,0.0
1969-01-24,0.0,0.0,0.0,0.0,1.0,0.0
1969-01-31,0.0,0.0,0.0,0.0,1.0,0.0
1969-02-07,0.0,0.0,0.0,0.0,1.0,0.0
1969-02-14,0.0,0.0,0.0,0.0,1.0,0.0
1969-02-21,0.0,0.0,0.0,0.0,1.0,0.0
1969-02-28,0.0,0.0,0.0,0.0,1.0,0.0
1969-03-07,0.0,0.0,0.0,0.0,1.0,0.0
1969-03-14,0.0,0.0,0.0,0.0,1.0,0.0
1969-03-21,0.0,0.0,0.0,0.0,1.0,0.0
1969-03-28,0.0,0.0,0.0,0.0,1.0,0.0
1969-04-04,0.0,0.0,0.0,0.0,1.0,0.0
1969-04-11,0.0,0.0,0.0,0.0,1.0,0.0
1969-04-18,0.0,0.0,0.0,0.0,1.0,0.0
1969-04-25,0.0,0.0,0.0,0.0,1.0,0.0
1969-05-02,0.0,0.0,0.0,0.0,1.0,0.0
1969-05-09,0.0,0.0,0.0,0.0,1.0,0.0
1969-05-16,0.0,0.0,0.0,0.0,1.0,0.0
1969-05-23,0.0,0.0,0.0,0.0,1.0,0.0
1969-05-30,0.0,0.0,0.0,0.0,1.0,0.0
1969-06-06,0.0,0.0,0.0,0.0,1.0,0.0
1969-06-13,0.0,0.0,0.0,0.0,1.0,0.0
1969-06-20,0.0,0.0,0.0,0.0,1.0,0.0
1969-06-27,0.0,0.0,0.0,0.0,1.0,0.0
1969-07-04,0.0,0.0,0.0,0.0,1.0,0.0
1969-07-11,0.0,0.0,0.0,0.0,1.0,0.0
1969-07-18,0.0,0.0,0.0,0.0,1.0,0.0
1969-07-25,0.0,0.0,0.0,0.0,1.0,0.0
1969-08-01,0.0,0.0,0.0,0.0,1.0,0.0
1969-08-08,0.0,0.0,0.0,0.0,1.0,0.0
1969-08-15,0.0,0.0,0.0,0.0,1.0,0.0
1969-08-22,0.0,0.0,0.0,0.0,1.0,0.0
1969-08-29,0.0,0.0,0.0,0.0,1.0,0.0
1969-09-05,0.0,0.0,0.0,0.0,1.0,0.0
1969-09-12,0.0,0.0,0.0,0.0,1.0,0.0
1969-09-19,0.0,0.0,0.0,0.0,1.0,0.0
1969-09-26,0.0,0.0,0.0,0.0,1.0,0.0
1969-10-03,0.0,0.0,0.0,0.0,1.0,0.0
1969-10-10,0.0,0.0,0.0,0.0,1.0,0.0
1969-10-17,0.0,0.0,0.0,0.0,1.0,0.0
1969-10-24,0.0,0.0,0.0,0.0,1.0,0.0
1969-10-31,0.0,0.0,0.0,0.0,1.0,0.0
1969-11-07,0.0,0.0,0.0,0.0,1.0,0.0
1969-11-14,0.0,0.0,0.0,0.0,1.0,0.0
1969-11-21,0.0,0.0,0.0,0.0,1.0,0.0
1969-11-28,0.0,0.0,0.0,0.0,1.0,0.0
1969-12-05,0.0,0.0,0.0,0.0,1.0,0.0
1969-12-12,0.0,0.0,0.0,0.0,1.0,0.0
1969-12-19,0.0,0.0,0.0,0.0,1.0,0.0
1969-12-26,0.0,0.0,0.0,0.0,1.0,0.0
1970-01-02,0.0,0.0,0.0,0.0,1.0,0.0
1970-01-09,0.0,0.0,0.0,0.0,1.0,0.0
1970-01-16,0.0,0.0,0.0,0.0,1.0,0.0
1970-01-23,0.0,0.0,0.0,0.0,1.0,0.0
1970-01-30,0.0,0.0,0.0,0.0,1.0,0.0
1970-02-06,0.0,0.0,0.0,0.0,1.0,0.0
1970-02-13,0.0,0.0,0.0,0.0,1.0,0.0
1970-02-20,0.0,0.0,0.0,0.0,1.0,0.0
1970-02-27,0.0,0.0,0.0,0.0,1.0,0.0
1970-03-06,0.0,0.0,0.0,0.0,1.0,0.0
1970-03-13,0.0,0.0,0.0,0.0,1.0,0.0
1970-03-20,0.0,0.0,0.0,0.0,1.0,0.0
1970-03-27,0.0,0.0,0.0,0.0,1.0,0.0
1970-04-03,0.0,0.0,0.0,0.0,1.0,0.0
1970-04-10,0.0,0.0,0.0,0.0,1.0,0.0
1970-04-17,0.0,0.0,0.0,0.0,1.0,0.0
1970-04-24,0.0,0.0,0.0,0.0,1.0,0.0
1970-05-01,0.0,0.0,0.0,0.0,1.0,0.0
1970-05-08,0.0,0.0,0.0,0.0,1.0,0.0
1970-05-15,0.0,0.0,0.0,0.0,1.0,0.0
1970-05-22,0.0,0.0,0.0,0.0,1.0,0.0
1970-05-29,0.0,0.0,0.0,0.0,1.0,0.0
1970-06-05,0.0,0.0,0.0,0.0,1.0,0.0
1970-06-12,0.0,0.0,0.0,0.0,1.0,0.0
1970-06-19,0.0,0.0,0.0,0.0,1.0,0.0
1970-06-26,0.0,0.0,0.0,0.0,1.0,0.0
1970-07-03,0.0,0.0,0.0,0.0,1.0,0.0
1970-07-10,0.0,0.0,0.0,0.0,1.0,0.0
1970-07-17,0.0,0.0,0.0,0.0,1.0,0.0
1970-07-24,0.0,0.0,0.0,0.0,1.0,0.0
1970-07-31,0.0,0.0,0.0,0.0,1.0,0.0
1970-08-07,0.0,0.0,0.0,0.0,1.0,0.0
1970-08-14,0.0,0.0,0.0,0.0,1.0,0.0
1970-08-21,0.0,0.0,0.0,0.0,1.0,0.0
1970-08-28,0.0,0.0,0.0,0.0,1.0,0.0
1970-09-04,0.0,0.0,0.0,0.0,1.0,0.0
1970-09-11,0.0,0.0,0.0,0.0,1.0,0.0
1970-09-18,0.0,0.0,0.0,0.0,1.0,0.0
1970-09-25,0.0,0.0,0.0,0.0,1.0,0.0
1970-10-02,0.0,0.0,0.0,0.0,1.0,0.0
1970-10-09,0.0,0.0,0.0,0.0,1.0,0.0
1970-10-16,0.0,0.0,0.0,0.0,1.0,0.0
1970-10-23,0.0,0.0,0.0,0.0,1.0,0.0
1970-10-30,0.0,0.0,0.0,0.0,1.0,0.0
1970-11-06,0.0,0.0,0.0,0.0,1.0,0.0
1970-11-13,0.0,0.0,0.0,0.0,1.0,0.0
1970-11-20,0.0,0.0,0.0,0.0,1.0,0.0
1970-11-27,0.0,0.0,0.0,0.0,1.0,0.0
1970-12-04,0.0,0.0,0.0,0.0,1.0,0.0
1970-12-11,0.0,0.0,0.0,0.0,1.0,0.0
1970-12-18,0.0,0.0,0.0,0.0,1.0,0.0
1970-12-25,0.0,0.0,0.0,0.0,1.0,0.0
1971-01-01,0.0,0.0,0.0,0.0,1.0,0.0
1971-01-08,0.0,0.0,0.0,0.0,1.0,0.0
1971-01-15,0.0,0.0,0.0,0.0,1.0,0.0
1971-01-22,0.0,0.0,0.0,0.0,1.0,0.0
1971-01-29,0.0,0.0,0.0,0.0,1.0,0.0
1971-02-05,0.0,0.0,0.0,0.0,1.0,0.0
1971-02-12,0.0,0.0,0.0,0.0,1.0,0.0
1971-02-19,0.0,0.0,0.0,0.0,1.0,0.0
1971-02-26,0.0,0.0,0.0,0.0,1.0,0.0
1971-03-05,0.0,0.0,0.0,0.0,1.0,0.0
1971-03-12,0.0,0.0,0.0,0.0,1.0,0.0
1971-03-19,0.0,0.0,0.0,0.0,1.0,0.0
1971-03-26,0.0,0.0,0.0,0.0,1.0,0.0
1971-04-02,0.0,0.0,0.0,0.0,1.0,0.0
1971-04-09,0.0,0.0,0.0,0.0,1.0,0.0
1971-04-16,0.0,0.0,0.0,0.0,1.0,0.0
1971-04-23,0.0,0.0,0.0,0.0,1.0,0.0
1971-04-30,0.0,0.0,0.0,0.0,1.0,0.0
1971-05-07,0.0,0.0,0.0,0.0,1.0,0.0
1971-05-14,0.0,0.0,0.0,0.0,1.0,0.0
1971-05-21,0.0,0.0,0.0,0.0,1.0,0.0
1971-05-28,0.0,0.0,0.0,0.0,1.0,0.0
1971-06-04,0.0,0.0,0.0,0.0,1.0,0.0
1971-06-11,0.0,0.0,0.0,0.0,1.0,0.0
1971-06-18,0.0,0.0,0.0,0.0,1.0,0.0
1971-06-25,0.0,0.0,0.0,0.0,1.0,0.0
1971-07-02,0.0,0.0,0.0,0.0,1.0,0.0
1971-07-09,0.0,0.0,0.0,0.0,1.0,0.0
1971-07-16,0.0,0.0,0.0,0.0,1.0,0.0
1971-07-23,0.0,0.0,0.0,0.0,1.0,0.0
1971-07-30,0.0,0.0,0.0,0.0,1.0,0.0
1971-08-06,0.0,0.0,0.0,0.0,1.0,0.0
1971-08-13,0.0,0.0,0.0,0.0,1.0,0.0
1971-08-20,0.0,0.0,0.0,0.0,1.0,0.0
1971-08-27,0.0,0.0,0.0,0.0,1.0,0.0
1971-09-03,0.0,0.0,0.0,0.0,1.0,0.0
1971-09-10,0.0,0.0,0.0,0.0,1.0,0.0
1971-09-17,0.0,0.0,0.0,0.0,1.0,0.0
1971-09-24,0.0,0.0,0.0,0.0,1.0,0.0
1971-10-01,0.0,0.0,0.0,0.0,1.0,0.0
1971-10-08,0.0,0.0,0.0,0.0,1.0,0.0
1971-10-15,0.0,0.0,0.0,0.0,1.0,0.0
1971-10-22,0.0,0.0,0.0,0.0,1.0,0.0
1971-10-29,0.0,0.0,0.0,0.0,1.0,0.0
1971-11-05,0.0,0.0,0.0,0.0,1.0,0.0
1971-11-12,0.0,0.0,0.0,0.0,1.0,0.0
1971-11-19,0.0,0.0,0.0,0.0,1.0,0.0
1971-11-26,0.0,0.0,0.0,0.0,1.0,0.0
1971-12-03,0.0,0.0,0.0,0.0,1.0,0.0
1971-12-10,0.0,0.0,0.0,0.0,1.0,0.0
1971-12-17,0.0,0.0,0.0,0.0,1.0,0.0
1971-12-24,0.0,0.0,0.0,0.0,1.0,0.0
1971-12-31,0.0,0.0,0.0,0.0,1.0,0.0
1972-01-07,0.0,0.0,0.0,0.0,1.0,0.0
1972-01-14,0.0,0.0,0.0,0.0,1.0,0.0
1972-01-21,0.0,0.0,0.0,0.0,1.0,0.0
1972-01-28,0.0,0.0,0.0,0.0,1.0,0.0
1972-02-04,0.0,0.0,0.0,0.0,1.0,0.0
1972-02-11,0.0,0.0,0.0,0.0,1.0,0.0
1972-02-18,0.0,0.0,0.0,0.0,1.0,0.0
1972-02-25,0.0,0.0,0.0,0.0,1.0,0.0
1972-03-03,0.0,0.0,0.0,0.0,1.0,0.0
1972-03-10,0.0,0.0,0.0,0.0,1.0,0.0
1972-03-17,0.0,0.0,0.0,0.0,1.0,0.0
1972-03-24,0.0,0.0,0.0,0.0,1.0,0.0
1972-03-31,0.0,0.0,0.0,0.0,1.0,0.0
1972-04-07,0.0,0.0,0.0,0.0,1.0,0.0
1972-04-14,0.0,0.0,0.0,0.0,1.0,0.0
1972-04-21,0.0,0.0,0.0,0.0,1.0,0.0
1972-04-28,0.0,0.0,0.0,0.0,1.0,0.0
1972-05-05,0.0,0.0,0.0,0.0,1.0,0.0
1972-05-12,0.0,0.0,0.0,0.0,1.0,0.0
1972-05-19,0.0,0.0,0.0,0.0,1.0,0.0
1972-05-26,0.0,0.0,0.0,0.0,1.0,0.0
1972-06-02,0.0,0.0,0.0,0.0,1.0,0.0
1972-06-09,0.0,0.0,0.0,0.0,1.0,0.0
1972-06-16,0.0,0.0,0.0,0.0,1.0,0.0
1972-06-23,0.0,0.0,0.0,0.0,1.0,0.0
1972-06-30,0.0,0.0,0.0,0.0,1.0,0.0
1972-07-07,0.0,0.0,0.0,0.0,1.0,0.0
1972-07-14,0.0,0.0,0.0,0.0,1.0,0.0
1972-07-21,0.0,0.0,0.0,0.0,1.0,0.0
1972-07-28,0.0,0.0,0.0,0.0,1.0,0.0
1972-08-04,0.0,0.0,0.0,0.0,1.0,0.0
1972-08-11,0.0,0.0,0.0,0.0,1.0,0.0
1972-08-18,0.0,0.0,0.0,0.0,1.0,0.0
1972-08-25,0.0,0.0,0.0,0.0,1.0,0.0
1972-09-01,0.0,0.0,0.0,0.0,1.0,0.0
1972-09-08,0.0,0.0,0.0,0.0,1.0,0.0
1972-09-15,0.0,0.0,0.0,0.0,1.0,0.0
1972-09-22,0.0,0.0,0.0,0.0,1.0,0.0
1972-09-29,0.0,0.0,0.0,0.0,1.0,0.0
1972-10-06,0.0,0.0,0.0,0.0,1.0,0.0
1972-10-13,0.0,0.0,0.0,0.0,1.0,0.0
1972-10-20,0.0,0.0,0.0,0.0,1.0,0.0
1972-10-27,0.0,0.0,0.0,0.0,1.0,0.0
1972-11-03,0.0,0.0,0.0,0.0,1.0,0.0
1972-11-10,0.0,0.0,0.0,0.0,1.0,0.0
1972-11-17,0.0,0.0,0.0,0.0,1.0,0.0
1972-11-24,0.0,0.0,0.0,0.0,1.0,0.0
1972-12-01,0.0,0.0,0.0,0.0,1.0,0.0
1972-12-08,0.0,0.0,0.0,0.0,1.0,0.0
1972-12-15,0.0,0.0,0.0,0.0,1.0,0.0
1972-12-22,0.0,0.0,0.0,0.0,1.0,0.0
1972-12-29,0.0,0.0,0.0,0.0,1.0,0.0
1973-01-05,0.0,0.0,0.0,0.0,1.0,0.0
1973-01-12,0.0,0.0,0.0,0.0,1.0,0.0
1973-01-19,0.0,0.0,0.0,0.0,1.0,0.0
1973-01-26,0.0,0.0,0.0,0.0,1.0,0.0
1973-02-02,0.0,0.0,0.0,0.0,1.0,0.0
1973-02-09,0.0,0.0,0.0,0.0,1.0,0.0
1973-02-16,0.0,0.0,0.0,0.0,1.0,0.0
1973-02-23,0.0,0.0,0.0,0.0,1.0,0.0
1973-03-02,0.0,0.0,0.0,0.0,1.0,0.0
1973-03-09,0.0,0.0,0.0,0.0,1.0,0.0
1973-03-16,0.0,0.0,0.0,0.0,1.0,0.0
1973-03-23,0.0,0.0,0.0,0.0,1.0,0.0
1973-03-30,0.0,0.0,0.0,0.0,1.0,0.0
1973-04-06,0.0,0.0,0.0,0.0,1.0,0.0
1973-04-13,0.0,0.0,0.0,0.0,1.0,0.0
1973-04-20,0.0,0.0,0.0,0.0,1.0,0.0
1973-04-27,0.0,0.0,0.0,0.0,1.0,0.0
1973-05-04,0.0,0.0,0.0,0.0,1.0,0.0
1973-05-11,0.0,0.0,0.0,0.0,1.0,0.0
1973-05-18,0.0,0.0,0.0,0.0,1.0,0.0
1973-05-25,0.0,0.0,0.0,0.0,1.0,0.0
1973-06-01,0.0,0.0,0.0,0.0,1.0,0.0
1973-06-08,0.0,0.0,0.0,0.0,1.0,0.0
1973-06-15,0.0,0.0,0.0,0.0,1.0,0.0
1973-06-22,0.0,0.0,0.0,0.0,1.0,0.0
1973-06-29,0.0,0.0,0.0,0.0,1.0,0.0
1973-07-06,0.0,0.0,0.0,0.0,1.0,0.0
1973-07-13,0.0,0.0,0.0,0.0,1.0,0.0
1973-07-20,0.0,0.0,0.0,0.0,1.0,0.0
1973-07-27,0.0,0.0,0.0,0.0,1.0,0.0
1973-08-03,0.0,0.0,0.0,0.0,1.0,0.0
1973-08-10,0.0,0.0,0.0,0.0,1.0,0.0
1973-08-17,0.0,0.0,0.0,0.0,1.0,0.0
1973-08-24,0.0,0.0,0.0,0.0,1.0,0.0
1973-08-31,0.0,0.0,0.0,0.0,1.0,0.0
1973-09-07,0.0,0.0,0.0,0.0,1.0,0.0
1973-09-14,0.0,0.0,0.0,0.0,1.0,0.0
1973-09-21,0.0,0.0,0.0,0.0,1.0,0.0
1973-09-28,0.0,0.0,0.0,0.0,1.0,0.0
1973-10-05,0.0,0.0,0.0,0.0,1.0,0.0
1973-10-12,0.0,0.0,0.0,0.0,1.0,0.0
1973-10-19,0.0,0.0,0.0,0.0,1.0,0.0
1973-10-26,0.0,0.0,0.0,0.0,1.0,0.0
1973-11-02,0.0,0.0,0.0,0.0,1.0,0.0
1973-11-09,0.0,0.0,0.0,0.0,1.0,0.0
1973-11-16,0.0,0.0,0.0,0.0,1.0,0.0
1973-11-23,0.0,0.0,0.0,0.0,1.0,0.0
1973-11-30,0.0,0.0,0.0,0.0,1.0,0.0
1973-12-07,0.0,0.0,0.0,0.0,1.0,0.0
1973-12-14,0.0,0.0,0.0,0.0,1.0,0.0
1973-12-21,0.0,0.0,0.0,0.0,1.0,0.0
1973-12-28,0.0,0.0,0.0,0.0,1.0,0.0
1974-01-04,0.0,0.0,0.0,0.0,1.0,0.0
1974-01-11,0.0,0.0,0.0,0.0,1.0,0.0
1974-01-18,0.0,0.0,0.0,0.0,1.0,0.0
1974-01-25,0.0,0.0,0.0,0.0,1.0,0.0
1974-02-01,0.0,0.0,0.0,0.0,1.0,0.0
1974-02-08,0.0,0.0,0.0,0.0,1.0,0.0
1974-02-15,0.0,0.0,0.0,0.0,1.0,0.0
1974-02-22,0.0,0.0,0.0,0.0,1.0,0.0
1974-03-01,0.0,0.0,0.0,0.0,1.0,0.0
1974-03-08,0.0,0.0,0.0,0.0,1.0,0.0
1974-03-15,0.0,0.0,0.0,0.0,1.0,0.0
1974-03-22,0.0,0.0,0.0,0.0,1.0,0.0
1974-03-29,0.0,0.0,0.0,0.0,1.0,0.0
1974-04-05,0.0,0.0,0.0,0.0,1.0,0.0
1974-04-12,0.0,0.0,0.0,0.0,1.0,0.0
1974-04-19,0.0,0.0,0.0,0.0,1.0,0.0
1974-04-26,0.0,0.0,0.0,0.0,1.0,0.0
1974-05-03,0.0,0.0,0.0,0.0,1.0,0.0
1974-05-10,0.0,0.0,0.0,0.0,1.0,0.0
1974-05-17,0.0,0.0,0.0,0.0,1.0,0.0
1974-05-24,0.0,0.0,0.0,0.0,1.0,0.0
1974-05-31,0.0,0.0,0.0,0.0,1.0,0.0
1974-06-07,0.0,0.0,0.0,0.0,1.0,0.0
1974-06-14,0.0,0.0,0.0,0.0,1.0,0.0
1974-06-21,0.0,0.0,0.0,0.0,1.0,0.0
1974-06-28,0.0,0.0,0.0,0.0,1.0,0.0
1974-07-05,0.0,0.0,0.0,0.0,1.0,0.0
1974-07-12,0.0,0.0,0.0,0.0,1.0,0.0
1974-07-19,0.0,0.0,0.0,0.0,1.0,0.0
1974-07-26,0.0,0.0,0.0,0.0,1.0,0.0
1974-08-02,0.0,0.0,0.0,0.0,1.0,0.0
1974-08-09,0.0,0.0,0.0,0.0,1.0,0.0
1974-08-16,0.0,0.0,0.0,0.0,1.0,0.0
1974-08-23,0.0,0.0,0.0,0.0,1.0,0.0
1974-08-30,0.0,0.0,0.0,0.0,1.0,0.0
1974-09-06,0.0,0.0,0.0,0.0,1.0,0.0
1974-09-13,0.0,0.0,0.0,0.0,1.0,0.0
1974-09-20,0.0,0.0,0.0,0.0,1.0,0.0
1974-09-27,0.0,0.0,0.0,0.0,1.0,0.0
1974-10-04,0.0,0.0,0.0,0.0,1.0,0.0
1974-10-11,0.0,0.0,0.0,0.0,1.0,0.0
1974-10-18,0.0,0.0,0.0,0.0,1.0,0.0
1974-10-25,0.0,0.0,0.0,0.0,1.0,0.0
1974-11-01,0.0,0.0,0.0,0.0,1.0,0.0
1974-11-08,0.0,0.0,0.0,0.0,1.0,0.0
1974-11-15,0.0,0.0,0.0,0.0,1.0,0.0
1974-11-22,0.0,0.0,0.0,0.0,1.0,0.0
1974-11-29,0.0,0.0,0.0,0.0,1.0,0.0
1974-12-06,0.0,0.0,0.0,0.0,1.0,0.0
1974-12-13,0.0,0.0,0.0,0.0,1.0,0.0
1974-12-20,0.0,0.0,0.0,0.0,1.0,0.0
1974-12-27,0.0,0.0,0.0,0.0,1.0,0.0
1975-01-03,0.0,0.0,0.0,0.0,1.0,0.0
1975-01-10,0.0,0.0,0.0,0.0,1.0,0.0
1975-01-17,0.0,0.0,0.0,0.0,1.0,0.0
1975-01-24,0.0,0.0,0.0,0.0,1.0,0.0
1975-01-31,0.0,0.0,0.0,0.0,1.0,0.0
1975-02-07,0.0,0.0,0.0,0.0,1.0,0.0
1975-02-14,0.0,0.0,0.0,0.0,1.0,0.0
1975-02-21,0.0,0.0,0.0,0.0,1.0,0.0
1975-02-28,0.0,0.0,0.0,0.0,1.0,0.0
1975-03-07,0.0,0.0,0.0,0.0,1.0,0.0
1975-03-14,0.0,0.0,0.0,0.0,1.0,0.0
1975-03-21,0.0,0.0,0.0,0.0,1.0,0.0
1975-03-28,0.0,0.0,0.0,0.0,1.0,0.0
1975-04-04,0.0,0.0,0.0,0.0,1.0,0.0
1975-04-11,0.0,0.0,0.0,0.0,1.0,0.0
1975-04-18,0.0,0.0,0.0,0.0,1.0,0.0
1975-04-25,0.0,0.0,0.0,0.0,1.0,0.0
1975-05-02,0.0,0.0,0.0,0.0,1.0,0.0
1975-05-09,0.0,0.0,0.0,0.0,1.0,0.0
1975-05-16,0.0,0.0,0.0,0.0,1.0,0.0
1975-05-23,0.0,0.0,0.0,0.0,1.0,0.0
1975-05-30,0.0,0.0,0.0,0.0,1.0,0.0
1975-06-06,0.0,0.0,0.0,0.0,1.0,0.0
1975-06-13,0.0,0.0,0.0,0.0,1.0,0.0
1975-06-20,0.0,0.0,0.0,0.0,1.0,0.0
1975-06-27,0.0,0.0,0.0,0.0,1.0,0.0
1975-07-04,0.0,0.0,0.0,0.0,1.0,0.0
1975-07-11,0.0,0.0,0.0,0.0,1.0,0.0
1975-07-18,0.0,0.0,0.0,0.0,1.0,0.0
1975-07-25,0.0,0.0,0.0,0.0,1.0,0.0
1975-08-01,0.0,0.0,0.0,0.0,1.0,0.0
1975-08-08,0.0,0.0,0.0,0.0,1.0,0.0
1975-08-15,0.0,0.0,0.0,0.0,1.0,0.0
1975-08-22,0.0,0.0,0.0,0.0,1.0,0.0
1975-08-29,0.0,0.0,0.0,0.0,1.0,0.0
1975-09-05,0.0,0.0,0.0,0.0,1.0,0.0
1975-09-12,0.0,0.0,0.0,0.0,1.0,0.0
1975-09-19,0.0,0.0,0.0,0.0,1.0,0.0
1975-09-26,0.0,0.0,0.0,0.0,1.0,0.0
1975-10-03,0.0,0.0,0.0,0.0,1.0,0.0
1975-10-10,0.0,0.0,0.0,0.0,1.0,0.0
1975-10-17,0.0,0.0,0.0,0.0,1.0,0.0
1975-10-24,0.0,0.0,0.0,0.0,1.0,0.0
1975-10-31,0.0,0.0,0.0,0.0,1.0,0.0
1975-11-07,0.0,0.0,0.0,0.0,1.0,0.0
1975-11-14,0.0,0.0,0.0,0.0,1.0,0.0
1975-11-21,0.0,0.0,0.0,0.0,1.0,0.0
1975-11-28,0.0,0.0,0.0,0.0,1.0,0.0
1975-12-05,0.0,0.0,0.0,0.0,1.0,0.0
1975-12-12,0.0,0.0,0.0,0.0,1.0,0.0
1975-12-19,0.0,0.0,0.0,0.0,1.0,0.0
1975-12-26,0.0,0.0,0.0,0.0,1.0,0.0
1976-01-02,0.0,0.0,0.0,0.0,1.0,0.0
1976-01-09,0.0,0.0,0.0,0.0,1.0,0.0
1976-01-16,0.0,0.0,0.0,0.0,1.0,0.0
1976-01-23,0.0,0.0,0.0,0.0,1.0,0.0
1976-01-30,0.0,0.0,0.0,0.0,1.0,0.0
1976-02-06,0.0,0.0,0.0,0.0,1.0,0.0
1976-02-13,0.0,0.0,0.0,0.0,1.0,0.0
1976-02-20,0.0,0.0,0.0,0.0,1.0,0.0
1976-02-27,0.0,0.0,0.0,0.0,1.0,0.0
1976-03-05,0.0,0.0,0.0,0.0,1.0,0.0
1976-03-12,0.0,0.0,0.0,0.0,1.0,0.0
1976-03-19,0.0,0.0,0.0,0.0,1.0,0.0
1976-03-26,0.0,0.0,0.0,0.0,1.0,0.0
1976-04-02,0.0,0.0,0.0,0.0,1.0,0.0
1976-04-09,0.0,0.0,0.0,0.0,1.0,0.0
1976-04-16,0.0,0.0,0.0,0.0,1.0,0.0
1976-04-23,0.0,0.0,0.0,0.0,1.0,0.0
1976-04-30,0.0,0.0,0.0,0.0,1.0,0.0
1976-05-07,0.0,0.0,0.0,0.0,1.0,0.0
1976-05-14,0.0,0.0,0.0,0.0,1.0,0.0
1976-05-21,0.0,0.0,0.0,0.0,1.0,0.0
1976-05-28,0.0,0.0,0.0,0.0,1.0,0.0
1976-06-04,0.0,0.0,0.0,0.0,1.0,0.0
1976-06-11,0.0,0.0,0.0,0.0,1.0,0.0
1976-06-18,0.0,0.0,0.0,0.0,1.0,0.0
1976-06-25,0.0,0.0,0.0,0.0,1.0,0.0
1976-07-02,0.0,0.0,0.0,0.0,1.0,0.0
1976-07-09,0.0,0.0,0.0,0.0,1.0,0.0
1976-07-16,0.0,0.0,0.0,0.0,1.0,0.0
1976-07-23,0.0,0.0,0.0,0.0,1.0,0.0
1976-07-30,0.0,0.0,0.0,0.0,1.0,0.0
1976-08-06,0.0,0.0,0.0,0.0,1.0,0.0
1976-08-13,0.0,0.0,0.0,0.0,1.0,0.0
1976-08-20,0.0,0.0,0.0,0.0,1.0,0.0
1976-08-27,0.0,0.0,0.0,0.0,1.0,0.0
1976-09-03,0.0,0.0,0.0,0.0,1.0,0.0
1976-09-10,0.0,0.0,0.0,0.0,1.0,0.0
1976-09-17,0.0,0.0,0.0,0.0,1.0,0.0
1976-09-24,0.0,0.0,0.0,0.0,1.0,0.0
1976-10-01,0.0,0.0,0.0,0.0,1.0,0.0
1976-10-08,0.0,0.0,0.0,0.0,1.0,0.0
1976-10-15,0.0,0.0,0.0,0.0,1.0,0.0
1976-10-22,0.0,0.0,0.0,0.0,1.0,0.0
1976-10-29,0.0,0.0,0.0,0.0,1.0,0.0
1976-11-05,0.0,0.0,0.0,0.0,1.0,0.0
1976-11-12,0.0,0.0,0.0,0.0,1.0,0.0
1976-11-19,0.0,0.0,0.0,0.0,1.0,0.0
1976-11-26,0.0,0.0,0.0,0.0,1.0,0.0
1976-12-03,0.0,0.0,0.0,0.0,1.0,0.0
1976-12-10,0.0,0.0,0.0,0.0,1.0,0.0
1976-12-17,0.0,0.0,0.0,0.0,1.0,0.0
1976-12-24,0.0,0.0,0.0,0.0,1.0,0.0
1976-12-31,0.0,0.0,0.0,0.0,1.0,0.0
1977-01-07,0.0,0.0,0.0,0.0,1.0,0.0
1977-01-14,0.0,0.0,0.0,0.0,1.0,0.0
1977-01-21,0.0,0.0,0.0,0.0,1.0,0.0
1977-01-28,0.0,0.0,0.0,0.0,1.0,0.0
1977-02-04,0.0,0.0,0.0,0.0,1.0,0.0
1977-02-11,0.0,0.0,0.0,0.0,1.0,0.0
1977-02-18,0.0,0.0,0.0,0.0,1.0,0.0
1977-02-25,0.0,0.0,0.0,0.0,1.0,0.0
1977-03-04,0.0,0.0,0.0,0.0,1.0,0.0
1977-03-11,0.0,0.0,0.0,0.0,1.0,0.0
1977-03-18,0.0,0.0,0.0,0.0,1.0,0.0
1977-03-25,0.0,0.0,0.0,0.0,1.0,0.0
1977-04-01,0.0,0.0,0.0,0.0,1.0,0.0
1977-04-08,0.0,0.0,0.0,0.0,1.0,0.0
1977-04-15,0.0,0.0,0.0,0.0,1.0,0.0
1977-04-22,0.0,0.0,0.0,0.0,1.0,0.0
1977-04-29,0.0,0.0,0.0,0.0,1.0,0.0
1977-05-06,0.0,0.0,0.0,0.0,1.0,0.0
1977-05-13,0.0,0.0,0.0,0.0,1.0,0.0
1977-05-20,0.0,0.0,0.0,0.0,1.0,0.0
1977-05-27,0.0,0.0,0.0,0.0,1.0,0.0
1977-06-03,0.0,0.0,0.0,0.0,1.0,0.0
1977-06-10,0.0,0.0,0.0,0.0,1.0,0.0
1977-06-17,0.0,0.0,0.0,0.0,1.0,0.0
1977-06-24,0.0,0.0,0.0,0.0,1.0,0.0
1977-07-01,0.0,0.0,0.0,0.0,1.0,0.0
1977-07-08,0.0,0.0,0.0,0.0,1.0,0.0
1977-07-15,0.0,0.0,0.0,0.0,1.0,0.0
1977-07-22,0.0,0.0,0.0,0.0,1.0,0.0
1977-07-29,0.0,0.0,0.0,0.0,1.0,0.0
1977-08-05,0.0,0.0,0.0,0.0,1.0,0.0
1977-08-12,0.0,0.0,0.0,0.0,1.0,0.0
1977-08-19,0.0,0.0,0.0,0.0,1.0,0.0
1977-08-26,0.0,0.0,0.0,0.0,1.0,0.0
1977-09-02,0.0,0.0,0.0,0.0,1.0,0.0
1977-09-09,0.0,0.0,0.0,0.0,1.0,0.0
1977-09-16,0.0,0.0,0.0,0.0,1.0,0.0
1977-09-23,0.0,0.0,0.0,0.0,1.0,0.0
1977-09-30,0.0,0.0,0.0,0.0,1.0,0.0
1977-10-07,0.0,0.0,0.0,0.0,1.0,0.0
1977-10-14,0.0,0.0,0.0,0.0,1.0,0.0
1977-10-21,0.0,0.0,0.0,0.0,1.0,0.0
1977-10-28,0.0,0.0,0.0,0.0,1.0,0.0
1977-11-04,0.0,0.0,0.0,0.0,1.0,0.0
1977-11-11,0.0,0.0,0.0,0.0,1.0,0.0
1977-11-18,0.0,0.0,0.0,0.0,1.0,0.0
1977-11-25,0.0,0.0,0.0,0.0,1.0,0.0
1977-12-02,0.0,0.0,0.0,0.0,1.0,0.0
1977-12-09,0.0,0.0,0.0,0.0,1.0,0.0
1977-12-16,0.0,0.0,0.0,0.0,1.0,0.0
1977-12-23,0.0,0.0,0.0,0.0,1.0,0.0
1977-12-30,0.0,0.0,0.0,0.0,1.0,0.0
1978-01-06,0.0,0.0,0.0,0.0,1.0,0.0
1978-01-13,0.0,0.0,0.0,0.0,1.0,0.0
1978-01-20,0.0,0.0,0.0,0.0,1.0,0.0
1978-01-27,0.0,0.0,0.0,0.0,1.0,0.0
1978-02-03,0.0,0.0,0.0,0.0,1.0,0.0
1978-02-10,0.0,0.0,0.0,0.0,1.0,0.0
1978-02-17,0.0,0.0,0.0,0.0,1.0,0.0
1978-02-24,0.0,0.0,0.0,0.0,1.0,0.0
1978-03-03,0.0,0.0,0.0,0.0,1.0,0.0
1978-03-10,0.0,0.0,0.0,0.0,1.0,0.0
1978-03-17,0.0,0.0,0.0,0.0,1.0,0.0
1978-03-24,0.0,0.0,0.0,0.0,1.0,0.0
1978-03-31,0.0,0.0,0.0,0.0,1.0,0.0
1978-04-07,0.0,0.0,0.0,0.0,1.0,0.0
1978-04-14,0.0,0.0,0.0,0.0,1.0,0.0
1978-04-21,0.0,0.0,0.0,0.0,1.0,0.0
1978-04-28,0.0,0.0,0.0,0.0,1.0,0.0
1978-05-05,0.0,0.0,0.0,0.0,1.0,0.0
1978-05-12,0.0,0.0,0.0,0.0,1.0,0.0
1978-05-19,0.0,0.0,0.0,0.0,1.0,0.0
1978-05-26,0.0,0.0,0.0,0.0,1.0,0.0
1978-06-02,0.0,0.0,0.0,0.0,1.0,0.0
1978-06-09,0.0,0.0,0.0,0.0,1.0,0.0
1978-06-16,0.0,0.0,0.0,0.0,1.0,0.0
1978-06-23,0.0,0.0,0.0,0.0,1.0,0.0
1978-06-30,0.0,0.0,0.0,0.0,1.0,0.0
1978-07-07,0.0,0.0,0.0,0.0,1.0,0.0
1978-07-14,0.0,0.0,0.0,0.0,1.0,0.0
1978-07-21,0.0,0.0,0.0,0.0,1.0,0.0
1978-07-28,0.0,0.0,0.0,0.0,1.0,0.0
1978-08-04,0.0,0.0,0.0,0.0,1.0,0.0
1978-08-11,0.0,0.0,0.0,0.0,1.0,0.0
1978-08-18,0.0,0.0,0.0,0.0,1.0,0.0
1978-08-25,0.0,0.0,0.0,0.0,1.0,0.0
1978-09-01,0.0,0.0,0.0,0.0,1.0,0.0
1978-09-08,0.0,0.0,0.0,0.0,1.0,0.0
1978-09-15,0.0,0.0,0.0,0.0,1.0,0.0
1978-09-22,0.0,0.0,0.0,0.0,1.0,0.0
1978-09-29,0.0,0.0,0.0,0.0,1.0,0.0
1978-10-06,0.0,0.0,0.0,0.0,1.0,0.0
1978-10-13,0.0,0.0,0.0,0.0,1.0,0.0
1978-10-20,0.0,0.0,0.0,0.0,1.0,0.0
1978-10-27,0.0,0.0,0.0,0.0,1.0,0.0
1978-11-03,0.0,0.0,0.0,0.0,1.0,0.0
1978-11-10,0.0,0.0,0.0,0.0,1.0,0.0
1978-11-17,0.0,0.0,0.0,0.0,1.0,0.0
1978-11-24,0.0,0.0,0.0,0.0,1.0,0.0
1978-12-01,0.0,0.0,0.0,0.0,1.0,0.0
1978-12-08,0.0,0.0,0.0,0.0,1.0,0.0
1978-12-15,0.0,0.0,0.0,0.0,1.0,0.0
1978-12-22,0.0,0.0,0.0,0.0,1.0,0.0
1978-12-29,0.0,0.0,0.0,0.0,1.0,0.0
1979-01-05,0.0,0.0,0.0,0.0,1.0,0.0
1979-01-12,0.0,0.0,0.0,0.0,1.0,0.0
1979-01-19,0.0,0.0,0.0,0.0,1.0,0.0
1979-01-26,0.0,0.0,0.0,0.0,1.0,0.0
1979-02-02,0.0,0.0,0.0,0.0,1.0,0.0
1979-02-09,0.0,0.0,0.0,0.0,1.0,0.0
1979-02-16,0.0,0.0,0.0,0.0,1.0,0.0
1979-02-23,0.0,0.0,0.0,0.0,1.0,0.0
1979-03-02,0.0,0.0,0.0,0.0,1.0,0.0
1979-03-09,0.0,0.0,0.0,0.0,1.0,0.0
1979-03-16,0.0,0.0,0.0,0.0,1.0,0.0
1979-03-23,0.0,0.0,0.0,0.0,1.0,0.0
1979-03-30,0.0,0.0,0.0,0.0,1.0,0.0
1979-04-06,0.0,0.0,0.0,0.0,1.0,0.0
1979-04-13,0.0,0.0,0.0,0.0,1.0,0.0
1979-04-20,0.0,0.0,0.0,0.0,1.0,0.0
1979-04-27,0.0,0.0,0.0,0.0,1.0,0.0
1979-05-04,0.0,0.0,0.0,0.0,1.0,0.0
1979-05-11,0.0,0.0,0.0,0.0,1.0,0.0
1979-05-18,0.0,0.0,0.0,0.0,1.0,0.0
1979-05-25,0.0,0.0,0.0,0.0,1.0,0.0
1979-06-01,0.0,0.0,0.0,0.0,1.0,0.0
1979-06-08,0.0,0.0,0.0,0.0,1.0,0.0
1979-06-15,0.0,0.0,0.0,0.0,1.0,0.0
1979-06-22,0.0,0.0,0.0,0.0,1.0,0.0
1979-06-29,0.0,0.0,0.0,0.0,1.0,0.0
1979-07-06,0.0,0.0,0.0,0.0,1.0,0.0
1979-07-13,0.0,0.0,0.0,0.0,1.0,0.0
1979-07-20,0.0,0.0,0.0,0.0,1.0,0.0
1979-07-27,0.0,0.0,0.0,0.0,1.0,0.0
1979-08-03,0.0,0.0,0.0,0.0,1.0,0.0
1979-08-10,0.0,0.0,0.0,0.0,1.0,0.0
1979-08-17,0.0,0.0,0.0,0.0,1.0,0.0
1979-08-24,0.0,0.0,0.0,0.0,1.0,0.0
1979-08-31,0.0,0.0,0.0,0.0,1.0,0.0
1979-09-07,0.0,0.0,0.0,0.0,1.0,0.0
1979-09-14,0.0,0.0,0.0,0.0,1.0,0.0
1979-09-21,0.0,0.0,0.0,0.0,1.0,0.0
1979-09-28,0.0,0.0,0.0,0.0,1.0,0.0
1979-10-05,0.0,0.0,0.0,0.0,1.0,0.0
1979-10-12,0.0,0.0,0.0,0.0,1.0,0.0
1979-10-19,0.0,0.0,0.0,0.0,1.0,0.0
1979-10-26,0.0,0.0,0.0,0.0,1.0,0.0
1979-11-02,0.0,0.0,0.0,0.0,1.0,0.0
1979-11-09,0.0,0.0,0.0,0.0,1.0,0.0
1979-11-16,0.0,0.0,0.0,0.0,1.0,0.0
1979-11-23,0.0,0.0,0.0,0.0,1.0,0.0
1979-11-30,0.0,0.0,0.0,0.0,1.0,0.0
1979-12-07,0.0,0.0,0.0,0.0,1.0,0.0
1979-12-14,0.0,0.0,0.0,0.0,1.0,0.0
1979-12-21,0.0,0.0,0.0,0.0,1.0,0.0
1979-12-28,0.0,0.0,0.0,0.0,1.0,0.0
1980-01-04,0.0,0.0,0.0,0.0,1.0,0.0
1980-01-11,0.0,0.0,0.0,0.0,1.0,0.0
1980-01-18,0.0,0.0,0.0,0.0,1.0,0.0
1980-01-25,0.0,0.0,0.0,0.0,1.0,0.0
1980-02-01,0.0,0.0,0.0,0.0,1.0,0.0
1980-02-08,0.0,0.0,0.0,0.0,1.0,0.0
1980-02-15,0.0,0.0,0.0,0.0,1.0,0.0
1980-02-22,0.0,0.0,0.0,0.0,1.0,0.0
1980-02-29,0.0,0.0,0.0,0.0,1.0,0.0
1980-03-07,0.0,0.0,0.0,0.0,1.0,0.0
1980-03-14,0.0,0.0,0.0,0.0,1.0,0.0
1980-03-21,0.0,0.0,0.0,0.0,1.0,0.0
1980-03-28,0.0,0.0,0.0,0.0,1.0,0.0
1980-04-04,0.0,0.0,0.0,0.0,1.0,0.0
1980-04-11,0.0,0.0,0.0,0.0,1.0,0.0
1980-04-18,0.0,0.0,0.0,0.0,1.0,0.0
1980-04-25,0.0,0.0,0.0,0.0,1.0,0.0
1980-05-02,0.0,0.0,0.0,0.0,1.0,0.0
1980-05-09,0.0,0.0,0.0,0.0,1.0,0.0
1980-05-16,0.0,0.0,0.0,0.0,1.0,0.0
1980-05-23,0.0,0.0,0.0,0.0,1.0,0.0
1980-05-30,0.0,0.0,0.0,0.0,1.0,0.0
1980-06-06,0.0,0.0,0.0,0.0,1.0,0.0
1980-06-13,0.0,0.0,0.0,0.0,1.0,0.0
1980-06-20,0.0,0.0,0.0,0.0,1.0,0.0
1980-06-27,0.0,0.0,0.0,0.0,1.0,0.0
1980-07-04,0.0,0.0,0.0,0.0,1.0,0.0
1980-07-11,0.0,0.0,0.0,0.0,1.0,0.0
1980-07-18,0.0,0.0,0.0,0.0,1.0,0.0
1980-07-25,0.0,0.0,0.0,0.0,1.0,0.0
1980-08-01,0.0,0.0,0.0,0.0,1.0,0.0
1980-08-08,0.0,0.0,0.0,0.0,1.0,0.0
1980-08-15,0.0,0.0,0.0,0.0,1.0,0.0
1980-08-22,0.0,0.0,0.0,0.0,1.0,0.0
1980-08-29,0.0,0.0,0.0,0.0,1.0,0.0
1980-09-05,0.0,0.0,0.0,0.0,1.0,0.0
1980-09-12,0.0,0.0,0.0,0.0,1.0,0.0
1980-09-19,0.0,0.0,0.0,0.0,1.0,0.0
1980-09-26,0.0,0.0,0.0,0.0,1.0,0.0
1980-10-03,0.0,0.0,0.0,0.0,1.0,0.0
1980-10-10,0.0,0.0,0.0,0.0,1.0,0.0
1980-10-17,0.0,0.0,0.0,0.0,1.0,0.0
1980-10-24,0.0,0.0,0.0,0.0,1.0,0.0
1980-10-31,0.0,0.0,0.0,0.0,1.0,0.0
1980-11-07,0.0,0.0,0.0,0.0,1.0,0.0
1980-11-14,0.0,0.0,0.0,0.0,1.0,0.0
1980-11-21,0.0,0.0,0.0,0.0,1.0,0.0
1980-11-28,0.0,0.0,0.0,0.0,1.0,0.0
1980-12-05,0.0,0.0,0.0,0.0,1.0,0.0
1980-12-12,0.0,0.0,0.0,0.0,1.0,0.0
1980-12-19,0.0,0.0,0.0,0.0,1.0,0.0
1980-12-26,0.0,0.0,0.0,0.0,1.0,0.0
1981-01-02,0.0,0.0,0.0,0.0,1.0,0.0
1981-01-09,0.0,0.0,0.0,0.0,1.0,0.0
1981-01-16,0.0,0.0,0.0,0.0,1.0,0.0
1981-01-23,0.0,0.0,0.0,0.0,1.0,0.0
1981-01-30,0.0,0.0,0.0,0.0,1.0,0.0
1981-02-06,0.0,0.0,0.0,0.0,1.0,0.0
1981-02-13,0.0,0.0,0.0,0.0,1.0,0.0
1981-02-20,0.0,0.0,0.0,0.0,1.0,0.0
1981-02-27,0.0,0.0,0.0,0.0,1.0,0.0
1981-03-06,0.0,0.0,0.0,0.0,1.0,0.0
1981-03-13,0.0,0.0,0.0,0.0,1.0,0.0
1981-03-20,0.0,0.0,0.0,0.0,1.0,0.0
1981-03-27,0.0,0.0,0.0,0.0,1.0,0.0
1981-04-03,0.0,0.0,0.0,0.0,1.0,0.0
1981-04-10,0.0,0.0,0.0,0.0,1.0,0.0
1981-04-17,0.0,0.0,0.0,0.0,1.0,0.0
1981-04-24,0.0,0.0,0.0,0.0,1.0,0.0
1981-05-01,0.0,0.0,0.0,0.0,1.0,0.0
1981-05-08,0.0,0.0,0.0,0.0,1.0,0.0
1981-05-15,0.0,0.0,0.0,0.0,1.0,0.0
1981-05-22,0.0,0.0,0.0,0.0,1.0,0.0
1981-05-29,0.0,0.0,0.0,0.0,1.0,0.0
1981-06-05,0.0,0.0,0.0,0.0,1.0,0.0
1981-06-12,0.0,0.0,0.0,0.0,1.0,0.0
1981-06-19,0.0,0.0,0.0,0.0,1.0,0.0
1981-06-26,0.0,0.0,0.0,0.0,1.0,0.0
1981-07-03,0.0,0.0,0.0,0.0,1.0,0.0
1981-07-10,0.0,0.0,0.0,0.0,1.0,0.0
1981-07-17,0.0,0.0,0.0,0.0,1.0,0.0
1981-07-24,0.0,0.0,0.0,0.0,1.0,0.0
1981-07-31,0.0,0.0,0.0,0.0,1.0,0.0
1981-08-07,0.0,0.0,0.0,0.0,1.0,0.0
1981-08-14,0.0,0.0,0.0,0.0,1.0,0.0
1981-08-21,0.0,0.0,0.0,0.0,1.0,0.0
1981-08-28,0.0,0.0,0.0,0.0,1.0,0.0
1981-09-04,0.0,0.0,0.0,0.0,1.0,0.0
1981-09-11,0.0,0.0,0.0,0.0,1.0,0.0
1981-09-18,0.0,0.0,0.0,0.0,1.0,0.0
1981-09-25,0.0,0.0,0.0,0.0,1.0,0.0
1981-10-02,0.0,0.0,0.0,0.0,1.0,0.0
1981-10-09,0.0,0.0,0.0,0.0,1.0,0.0
1981-10-16,0.0,0.0,0.0,0.0,1.0,0.0
1981-10-23,0.0,0.0,0.0,0.0,1.0,0.0
1981-10-30,0.0,0.0,0.0,0.0,1.0,0.0
1981-11-06,0.0,0.0,0.0,0.0,1.0,0.0
1981-11-13,0.0,0.0,0.0,0.0,1.0,0.0
1981-11-20,0.0,0.0,0.0,0.0,1.0,0.0
1981-11-27,0.0,0.0,0.0,0.0,1.0,0.0
1981-12-04,0.0,0.0,0.0,0.0,1.0,0.0
1981-12-11,0.0,0.0,0.0,0.0,1.0,0.0
1981-12-18,0.0,0.0,0.0,0.0,1.0,0.0
1981-12-25,0.0,0.0,0.0,0.0,1.0,0.0
1982-01-01,0.0,0.0,0.0,0.0,1.0,0.0
1982-01-08,0.0,0.0,0.0,0.0,1.0,0.0
1982-01-15,0.0,0.0,0.0,0.0,1.0,0.0
1982-01-22,0.0,0.0,0.0,0.0,1.0,0.0
1982-01-29,0.0,0.0,0.0,0.0,1.0,0.0
1982-02-05,0.0,0.0,0.0,0.0,1.0,0.0
1982-02-12,0.0,0.0,0.0,0.0,1.0,0.0
1982-02-19,0.0,0.0,0.0,0.0,1.0,0.0
1982-02-26,0.0,0.0,0.0,0.0,1.0,0.0
1982-03-05,0.0,0.0,0.0,0.0,1.0,0.0
1982-03-12,0.0,0.0,0.0,0.0,1.0,0.0
1982-03-19,0.0,0.0,0.0,0.0,1.0,0.0
1982-03-26,0.0,0.0,0.0,0.0,1.0,0.0
1982-04-02,0.0,0.0,0.0,0.0,1.0,0.0
1982-04-09,0.0,0.0,0.0,0.0,1.0,0.0
1982-04-16,0.0,0.0,0.0,0.0,1.0,0.0
1982-04-23,0.0,0.0,0.0,0.0,1.0,0.0
1982-04-30,0.0,0.0,0.0,0.0,1.0,0.0
1982-05-07,0.0,0.0,0.0,0.0,1.0,0.0
1982-05-14,0.0,0.0,0.0,0.0,1.0,0.0
1982-05-21,0.0,0.0,0.0,0.0,1.0,0.0
1982-05-28,0.0,0.0,0.0,0.0,1.0,0.0
1982-06-04,0.0,0.0,0.0,0.0,1.0,0.0
1982-06-11,0.0,0.0,0.0,0.0,1.0,0.0
1982-06-18,0.0,0.0,0.0,0.0,1.0,0.0
1982-06-25,0.0,0.0,0.0,0.0,1.0,0.0
1982-07-02,0.0,0.0,0.0,0.0,1.0,0.0
1982-07-09,0.0,0.0,0.0,0.0,1.0,0.0
1982-07-16,0.0,0.0,0.0,0.0,1.0,0.0
1982-07-23,0.0,0.0,0.0,0.0,1.0,0.0
1982-07-30,0.0,0.0,0.0,0.0,1.0,0.0
1982-08-06,0.0,0.0,0.0,0.0,1.0,0.0
1982-08-13,0.0,0.0,0.0,0.0,1.0,0.0
1982-08-20,0.0,0.0,0.0,0.0,1.0,0.0
1982-08-27,0.0,0.0,0.0,0.0,1.0,0.0
1982-09-03,0.0,0.0,0.0,0.0,1.0,0.0
1982-09-10,0.0,0.0,0.0,0.0,1.0,0.0
1982-09-17,0.0,0.0,0.0,0.0,1.0,0.0
1982-09-24,0.0,0.0,0.0,0.0,1.0,0.0
1982-10-01,0.0,0.0,0.0,0.0,1.0,0.0
1982-10-08,0.0,0.0,0.0,0.0,1.0,0.0
1982-10-15,0.0,0.0,0.0,0.0,1.0,0.0
1982-10-22,0.0,0.0,0.0,0.0,1.0,0.0
1982-10-29,0.0,0.0,0.0,0.0,1.0,0.0
1982-11-05,0.0,0.0,0.0,0.0,1.0,0.0
1982-11-12,0.0,0.0,0.0,0.0,1.0,0.0
1982-11-19,0.0,0.0,0.0,0.0,1.0,0.0
1982-11-26,0.0,0.0,0.0,0.0,1.0,0.0
1982-12-03,0.0,0.0,0.0,0.0,1.0,0.0
1982-12-10,0.0,0.0,0.0,0.0,1.0,0.0
1982-12-17,0.0,0.0,0.0,0.0,1.0,0.0
1982-12-24,0.0,0.0,0.0,0.0,1.0,0.0
1982-12-31,0.0,0.0,0.0,0.0,1.0,0.0
1983-01-07,0.0,0.0,0.0,0.0,1.0,0.0
1983-01-14,0.0,0.0,0.0,0.0,1.0,0.0
1983-01-21,0.0,0.0,0.0,0.0,1.0,0.0
1983-01-28,0.0,0.0,0.0,0.0,1.0,0.0
1983-02-04,0.0,0.0,0.0,0.0,1.0,0.0
1983-02-11,0.0,0.0,0.0,0.0,1.0,0.0
1983-02-18,0.0,0.0,0.0,0.0,1.0,0.0
1983-02-25,0.0,0.0,0.0,0.0,1.0,0.0
1983-03-04,0.0,0.0,0.0,0.0,1.0,0.0
1983-03-11,0.0,0.0,0.0,0.0,1.0,0.0
1983-03-18,0.0,0.0,0.0,0.0,1.0,0.0
1983-03-25,0.0,0.0,0.0,0.0,1.0,0.0
1983-04-01,0.0,0.0,0.0,0.0,1.0,0.0
1983-04-08,0.0,0.0,0.0,0.0,1.0,0.0
1983-04-15,0.0,0.0,0.0,0.0,1.0,0.0
1983-04-22,0.0,0.0,0.0,0.0,1.0,0.0
1983-04-29,0.0,0.0,0.0,0.0,1.0,0.0
1983-05-06,0.0,0.0,0.0,0.0,1.0,0.0
1983-05-13,0.0,0.0,0.0,0.0,1.0,0.0
1983-05-20,0.0,0.0,0.0,0.0,1.0,0.0
1983-05-27,0.0,0.0,0.0,0.0,1.0,0.0
1983-06-03,0.0,0.0,0.0,0.0,1.0,0.0
1983-06-10,0.0,0.0,0.0,0.0,1.0,0.0
1983-06-17,0.0,0.0,0.0,0.0,1.0,0.0
1983-06-24,0.0,0.0,0.0,0.0,1.0,0.0
1983-07-01,0.0,0.0,0.0,0.0,1.0,0.0
1983-07-08,0.0,0.0,0.0,0.0,1.0,0.0
1983-07-15,0.0,0.0,0.0,0.0,1.0,0.0
1983-07-22,0.0,0.0,0.0,0.0,1.0,0.0
1983-07-29,0.0,0.0,0.0,0.0,1.0,0.0
1983-08-05,0.0,0.0,0.0,0.0,1.0,0.0
1983-08-12,0.0,0.0,0.0,0.0,1.0,0.0
1983-08-19,0.0,0.0,0.0,0.0,1.0,0.0
1983-08-26,0.0,0.0,0.0,0.0,1.0,0.0
1983-09-02,0.0,0.0,0.0,0.0,1.0,0.0
1983-09-09,0.0,0.0,0.0,0.0,1.0,0.0
1983-09-16,0.0,0.0,0.0,0.0,1.0,0.0
1983-09-23,0.0,0.0,0.0,0.0,1.0,0.0
1983-09-30,0.0,0.0,0.0,0.0,1.0,0.0
1983-10-07,0.0,0.0,0.0,0.0,1.0,0.0
1983-10-14,0.0,0.0,0.0,0.0,1.0,0.0
1983-10-21,0.0,0.0,0.0,0.0,1.0,0.0
1983-10-28,0.0,0.0,0.0,0.0,1.0,0.0
1983-11-04,0.0,0.0,0.0,0.0,1.0,0.0
1983-11-11,0.0,0.0,0.0,0.0,1.0,0.0
1983-11-18,0.0,0.0,0.0,0.0,1.0,0.0
1983-11-25,0.0,0.0,0.0,0.0,1.0,0.0
1983-12-02,0.0,0.0,0.0,0.0,1.0,0.0
1983-12-09,0.0,0.0,0.0,0.0,1.0,0.0
1983-12-16,0.0,0.0,0.0,0.0,1.0,0.0
1983-12-23,0.0,0.0,0.0,0.0,1.0,0.0
1983-12-30,0.0,0.0,0.0,0.0,1.0,0.0
1984-01-06,0.0,0.0,0.0,0.0,1.0,0.0
1984-01-13,0.0,0.0,0.0,0.0,1.0,0.0
1984-01-20,0.0,0.0,0.0,0.0,1.0,0.0
1984-01-27,0.0,0.0,0.0,0.0,1.0,0.0
1984-02-03,0.0,0.0,0.0,0.0,1.0,0.0
1984-02-10,0.0,0.0,0.0,0.0,1.0,0.0
1984-02-17,0.0,0.0,0.0,0.0,1.0,0.0
1984-02-24,0.0,0.0,0.0,0.0,1.0,0.0
1984-03-02,0.0,0.0,0.0,0.0,1.0,0.0
1984-03-09,0.0,0.0,0.0,0.0,1.0,0.0
1984-03-16,0.0,0.0,0.0,0.0,1.0,0.0
1984-03-23,0.0,0.0,0.0,0.0,1.0,0.0
1984-03-30,0.0,0.0,0.0,0.0,1.0,0.0
1984-04-06,0.0,0.0,0.0,0.0,1.0,0.0
1984-04-13,0.0,0.0,0.0,0.0,1.0,0.0
1984-04-20,0.0,0.0,0.0,0.0,1.0,0.0
1984-04-27,0.0,0.0,0.0,0.0,1.0,0.0
1984-05-04,0.0,0.0,0.0,0.0,1.0,0.0
1984-05-11,0.0,0.0,0.0,0.0,1.0,0.0
1984-05-18,0.0,0.0,0.0,0.0,1.0,0.0
1984-05-25,0.0,0.0,0.0,0.0,1.0,0.0
1984-06-01,0.0,0.0,0.0,0.0,1.0,0.0
1984-06-08,0.0,0.0,0.0,0.0,1.0,0.0
1984-06-15,0.0,0.0,0.0,0.0,1.0,0.0
1984-06-22,0.0,0.0,0.0,0.0,1.0,0.0
1984-06-29,0.0,0.0,0.0,0.0,1.0,0.0
1984-07-06,0.0,0.0,0.0,0.0,1.0,0.0
1984-07-13,0.0,0.0,0.0,0.0,1.0,0.0
1984-07-20,0.0,0.0,0.0,0.0,1.0,0.0
1984-07-27,0.0,0.0,0.0,0.0,1.0,0.0
1984-08-03,0.0,0.0,0.0,0.0,1.0,0.0
1984-08-10,0.0,0.0,0.0,0.0,1.0,0.0
1984-08-17,0.0,0.0,0.0,0.0,1.0,0.0
1984-08-24,0.0,0.0,0.0,0.0,1.0,0.0
1984-08-31,0.0,0.0,0.0,0.0,1.0,0.0
1984-09-07,0.0,0.0,0.0,0.0,1.0,0.0
1984-09-14,0.0,0.0,0.0,0.0,1.0,0.0
1984-09-21,0.0,0.0,0.0,0.0,1.0,0.0
1984-09-28,0.0,0.0,0.0,0.0,1.0,0.0
1984-10-05,0.0,0.0,0.0,0.0,1.0,0.0
1984-10-12,0.0,0.0,0.0,0.0,1.0,0.0
1984-10-19,0.0,0.0,0.0,0.0,1.0,0.0
1984-10-26,0.0,0.0,0.0,0.0,1.0,0.0
1984-11-02,0.0,0.0,0.0,0.0,1.0,0.0
1984-11-09,0.0,0.0,0.0,0.0,1.0,0.0
1984-11-16,0.0,0.0,0.0,0.0,1.0,0.0
1984-11-23,0.0,0.0,0.0,0.0,1.0,0.0
1984-11-30,0.0,0.0,0.0,0.0,1.0,0.0
1984-12-07,0.0,0.0,0.0,0.0,1.0,0.0
1984-12-14,0.0,0.0,0.0,0.0,1.0,0.0
1984-12-21,0.0,0.0,0.0,0.0,1.0,0.0
1984-12-28,0.0,0.0,0.0,0.0,1.0,0.0
1985-01-04,0.0,0.0,0.0,0.0,1.0,0.0
1985-01-11,0.0,0.0,0.0,0.0,1.0,0.0
1985-01-18,0.0,0.0,0.0,0.0,1.0,0.0
1985-01-25,0.0,0.0,0.0,0.0,1.0,0.0
1985-02-01,0.0,0.0,0.0,0.0,1.0,0.0
1985-02-08,0.0,0.0,0.0,0.0,1.0,0.0
1985-02-15,0.0,0.0,0.0,0.0,1.0,0.0
1985-02-22,0.0,0.0,0.0,0.0,1.0,0.0
1985-03-01,0.0,0.0,0.0,0.0,1.0,0.0
1985-03-08,0.0,0.0,0.0,0.0,1.0,0.0
1985-03-15,0.0,0.0,0.0,0.0,1.0,0.0
1985-03-22,0.0,0.0,0.0,0.0,1.0,0.0
1985-03-29,0.0,0.0,0.0,0.0,1.0,0.0
1985-04-05,0.0,0.0,0.0,0.0,1.0,0.0
1985-04-12,0.0,0.0,0.0,0.0,1.0,0.0
1985-04-19,0.0,0.0,0.0,0.0,1.0,0.0
1985-04-26,0.0,0.0,0.0,0.0,1.0,0.0
1985-05-03,0.0,0.0,0.0,0.0,1.0,0.0
1985-05-10,0.0,0.0,0.0,0.0,1.0,0.0
1985-05-17,0.0,0.0,0.0,0.0,1.0,0.0
1985-05-24,0.0,0.0,0.0,0.0,1.0,0.0
1985-05-31,0.0,0.0,0.0,0.0,1.0,0.0
1985-06-07,0.0,0.0,0.0,0.0,1.0,0.0
1985-06-14,0.0,0.0,0.0,0.0,1.0,0.0
1985-06-21,0.0,0.0,0.0,0.0,1.0,0.0
1985-06-28,0.0,0.0,0.0,0.0,1.0,0.0
1985-07-05,0.0,0.0,0.0,0.0,1.0,0.0
1985-07-12,0.0,0.0,0.0,0.0,1.0,0.0
1985-07-19,0.0,0.0,0.0,0.0,1.0,0.0
1985-07-26,0.0,0.0,0.0,0.0,1.0,0.0
1985-08-02,0.0,0.0,0.0,0.0,1.0,0.0
1985-08-09,0.0,0.0,0.0,0.0,1.0,0.0
1985-08-16,0.0,0.0,0.0,0.0,1.0,0.0
1985-08-23,0.0,0.0,0.0,0.0,1.0,0.0
1985-08-30,0.0,0.0,0.0,0.0,1.0,0.0
1985-09-06,0.0,0.0,0.0,0.0,1.0,0.0
1985-09-13,0.0,0.0,0.0,0.0,1.0,0.0
1985-09-20,0.0,0.0,0.0,0.0,1.0,0.0
1985-09-27,0.0,0.0,0.0,0.0,1.0,0.0
1985-10-04,0.0,0.0,0.0,0.0,1.0,0.0
1985-10-11,0.0,0.0,0.0,0.0,1.0,0.0
1985-10-18,0.0,0.0,0.0,0.0,1.0,0.0
1985-10-25,0.0,0.0,0.0,0.0,1.0,0.0
1985-11-01,0.0,0.0,0.0,0.0,1.0,0.0
1985-11-08,0.0,0.0,0.0,0.0,1.0,0.0
1985-11-15,0.0,0.0,0.0,0.0,1.0,0.0
1985-11-22,0.0,0.0,0.0,0.0,1.0,0.0
1985-11-29,0.0,0.0,0.0,0.0,1.0,0.0
1985-12-06,0.0,0.0,0.0,0.0,1.0,0.0
1985-12-13,0.0,0.0,0.0,0.0,1.0,0.0
1985-12-20,0.0,0.0,0.0,0.0,1.0,0.0
1985-12-27,0.0,0.0,0.0,0.0,1.0,0.0
1986-01-03,0.0,0.0,0.0,0.0,1.0,0.0
1986-01-10,0.0,0.0,0.0,0.0,1.0,0.0
1986-01-17,0.0,0.0,0.0,0.0,1.0,0.0
1986-01-24,0.0,0.0,0.0,0.0,1.0,0.0
1986-01-31,0.0,0.0,0.0,0.0,1.0,0.0
1986-02-07,0.0,0.0,0.0,0.0,1.0,0.0
1986-02-14,0.0,0.0,0.0,0.0,1.0,0.0
1986-02-21,0.0,0.0,0.0,0.0,1.0,0.0
1986-02-28,0.0,0.0,0.0,0.0,1.0,0.0
1986-03-07,0.0,0.0,0.0,0.0,1.0,0.0
1986-03-14,0.0,0.0,0.0,0.0,1.0,0.0
1986-03-21,0.0,0.0,0.0,0.0,1.0,0.0
1986-03-28,0.0,0.0,0.0,0.0,1.0,0.0
1986-04-04,0.0,0.0,0.0,0.0,1.0,0.0
1986-04-11,0.0,0.0,0.0,0.0,1.0,0.0
1986-04-18,0.0,0.0,0.0,0.0,1.0,0.0
1986-04-25,0.0,0.0,0.0,0.0,1.0,0.0
1986-05-02,0.0,0.0,0.0,0.0,1.0,0.0
1986-05-09,0.0,0.0,0.0,0.0,1.0,0.0
1986-05-16,0.0,0.0,0.0,0.0,1.0,0.0
1986-05-23,0.0,0.0,0.0,0.0,1.0,0.0
1986-05-30,0.0,0.0,0.0,0.0,1.0,0.0
1986-06-06,0.0,0.0,0.0,0.0,1.0,0.0
1986-06-13,0.0,0.0,0.0,0.0,1.0,0.0
1986-06-20,0.0,0.0,0.0,0.0,1.0,0.0
1986-06-27,0.0,0.0,0.0,0.0,1.0,0.0
1986-07-04,0.0,0.0,0.0,0.0,1.0,0.0
1986-07-11,0.0,0.0,0.0,0.0,1.0,0.0
1986-07-18,0.0,0.0,0.0,0.0,1.0,0.0
1986-07-25,0.0,0.0,0.0,0.0,1.0,0.0
1986-08-01,0.0,0.0,0.0,0.0,1.0,0.0
1986-08-08,0.0,0.0,0.0,0.0,1.0,0.0
1986-08-15,0.0,0.0,0.0,0.0,1.0,0.0
1986-08-22,0.0,0.0,0.0,0.0,1.0,0.0
1986-08-29,0.0,0.0,0.0,0.0,1.0,0.0
1986-09-05,0.0,0.0,0.0,0.0,1.0,0.0
1986-09-12,0.0,0.0,0.0,0.0,1.0,0.0
1986-09-19,0.0,0.0,0.0,0.0,1.0,0.0
1986-09-26,0.0,0.0,0.0,0.0,1.0,0.0
1986-10-03,0.0,0.0,0.0,0.0,1.0,0.0
1986-10-10,0.0,0.0,0.0,0.0,1.0,0.0
1986-10-17,0.0,0.0,0.0,0.0,1.0,0.0
1986-10-24,0.0,0.0,0.0,0.0,1.0,0.0
1986-10-31,0.0,0.0,0.0,0.0,1.0,0.0
1986-11-07,0.0,0.0,0.0,0.0,1.0,0.0
1986-11-14,0.0,0.0,0.0,0.0,1.0,0.0
1986-11-21,0.0,0.0,0.0,0.0,1.0,0.0
1986-11-28,0.0,0.0,0.0,0.0,1.0,0.0
1986-12-05,0.0,0.0,0.0,0.0,1.0,0.0
1986-12-12,0.0,0.0,0.0,0.0,1.0,0.0
1986-12-19,0.0,0.0,0.0,0.0,1.0,0.0
1986-12-26,0.0,0.0,0.0,0.0,1.0,0.0
1987-01-02,0.0,0.0,0.0,0.0,1.0,0.0
1987-01-09,0.0,0.0,0.0,0.0,1.0,0.0
1987-01-16,0.0,0.0,0.0,0.0,1.0,0.0
1987-01-23,0.0,0.0,0.0,0.0,1.0,0.0
1987-01-30,0.0,0.0,0.0,0.0,1.0,0.0
1987-02-06,0.0,0.0,0.0,0.0,1.0,0.0
1987-02-13,0.0,0.0,0.0,0.0,1.0,0.0
1987-02-20,0.0,0.0,0.0,0.0,1.0,0.0
1987-02-27,0.0,0.0,0.0,0.0,1.0,0.0
1987-03-06,0.0,0.0,0.0,0.0,1.0,0.0
1987-03-13,0.0,0.0,0.0,0.0,1.0,0.0
1987-03-20,0.0,0.0,0.0,0.0,1.0,0.0
1987-03-27,0.0,0.0,0.0,0.0,1.0,0.0
1987-04-03,0.0,0.0,0.0,0.0,1.0,0.0
1987-04-10,0.0,0.0,0.0,0.0,1.0,0.0
1987-04-17,0.0,0.0,0.0,0.0,1.0,0.0
1987-04-24,0.0,0.0,0.0,0.0,1.0,0.0
1987-05-01,0.0,0.0,0.0,0.0,1.0,0.0
1987-05-08,0.0,0.0,0.0,0.0,1.0,0.0
1987-05-15,0.0,0.0,0.0,0.0,1.0,0.0
1987-05-22,0.0,0.0,0.0,0.0,1.0,0.0
1987-05-29,0.0,0.0,0.0,0.0,1.0,0.0
1987-06-05,0.0,0.0,0.0,0.0,1.0,0.0
1987-06-12,0.0,0.0,0.0,0.0,1.0,0.0
1987-06-19,0.0,0.0,0.0,0.0,1.0,0.0
1987-06-26,0.0,0.0,0.0,0.0,1.0,0.0
1987-07-03,0.0,0.0,0.0,0.0,1.0,0.0
1987-07-10,0.0,0.0,0.0,0.0,1.0,0.0
1987-07-17,0.0,0.0,0.0,0.0,1.0,0.0
1987-07-24,0.0,0.0,0.0,0.0,1.0,0.0
1987-07-31,0.0,0.0,0.0,0.0,1.0,0.0
1987-08-07,0.0,0.0,0.0,0.0,1.0,0.0
1987-08-14,0.0,0.0,0.0,0.0,1.0,0.0
1987-08-21,0.0,0.0,0.0,0.0,1.0,0.0
1987-08-28,0.0,0.0,0.0,0.0,1.0,0.0
1987-09-04,0.0,0.0,0.0,0.0,1.0,0.0
1987-09-11,0.0,0.0,0.0,0.0,1.0,0.0
1987-09-18,0.0,0.0,0.0,0.0,1.0,0.0
1987-09-25,0.0,0.0,0.0,0.0,1.0,0.0
1987-10-02,0.0,0.0,0.0,0.0,1.0,0.0
1987-10-09,0.0,0.0,0.0,0.0,1.0,0.0
1987-10-16,0.0,0.0,0.0,0.0,1.0,0.0
1987-10-23,0.0,0.0,0.0,0.0,1.0,0.0
1987-10-30,0.0,0.0,0.0,0.0,1.0,0.0
1987-11-06,0.0,0.0,0.0,0.0,1.0,0.0
1987-11-13,0.0,0.0,0.0,0.0,1.0,0.0
1987-11-20,0.0,0.0,0.0,0.0,1.0,0.0
1987-11-27,0.0,0.0,0.0,0.0,1.0,0.0
1987-12-04,0.0,0.0,0.0,0.0,1.0,0.0
1987-12-11,0.0,0.0,0.0,0.0,1.0,0.0
1987-12-18,0.0,0.0,0.0,0.0,1.0,0.0
1987-12-25,0.0,0.0,0.0,0.0,1.0,0.0
1988-01-01,0.0,0.0,0.0,0.0,1.0,0.0
1988-01-08,0.0,0.0,0.0,0.0,1.0,0.0
1988-01-15,0.0,0.0,0.0,0.0,1.0,0.0
1988-01-22,0.0,0.0,0.0,0.0,1.0,0.0
1988-01-29,0.0,0.0,0.0,0.0,1.0,0.0
1988-02-05,0.0,0.0,0.0,0.0,1.0,0.0
1988-02-12,0.0,0.0,0.0,0.0,1.0,0.0
1988-02-19,0.0,0.0,0.0,0.0,1.0,0.0
1988-02-26,0.0,0.0,0.0,0.0,1.0,0.0
1988-03-04,0.0,0.0,0.0,0.0,1.0,0.0
1988-03-11,0.0,0.0,0.0,0.0,1.0,0.0
1988-03-18,0.0,0.0,0.0,0.0,1.0,0.0
1988-03-25,0.0,0.0,0.0,0.0,1.0,0.0
1988-04-01,0.0,0.0,0.0,0.0,1.0,0.0
1988-04-08,0.0,0.0,0.0,0.0,1.0,0.0
1988-04-15,0.0,0.0,0.0,0.0,1.0,0.0
1988-04-22,0.0,0.0,0.0,0.0,1.0,0.0
1988-04-29,0.0,0.0,0.0,0.0,1.0,0.0
1988-05-06,0.0,0.0,0.0,0.0,1.0,0.0
1988-05-13,0.0,0.0,0.0,0.0,1.0,0.0
1988-05-20,0.0,0.0,0.0,0.0,1.0,0.0
1988-05-27,0.0,0.0,0.0,0.0,1.0,0.0
1988-06-03,0.0,0.0,0.0,0.0,1.0,0.0
1988-06-10,0.0,0.0,0.0,0.0,1.0,0.0
1988-06-17,0.0,0.0,0.0,0.0,1.0,0.0
1988-06-24,0.0,0.0,0.0,0.0,1.0,0.0
1988-07-01,0.0,0.0,0.0,0.0,1.0,0.0
1988-07-08,0.0,0.0,0.0,0.0,1.0,0.0
1988-07-15,0.0,0.0,0.0,0.0,1.0,0.0
1988-07-22,0.0,0.0,0.0,0.0,1.0,0.0
1988-07-29,0.0,0.0,0.0,0.0,1.0,0.0
1988-08-05,0.0,0.0,0.0,0.0,1.0,0.0
1988-08-12,0.0,0.0,0.0,0.0,1.0,0.0
1988-08-19,0.0,0.0,0.0,0.0,1.0,0.0
1988-08-26,0.0,0.0,0.0,0.0,1.0,0.0
1988-09-02,0.0,0.0,0.0,0.0,1.0,0.0
1988-09-09,0.0,0.0,0.0,0.0,1.0,0.0
1988-09-16,0.0,0.0,0.0,0.0,1.0,0.0
1988-09-23,0.0,0.0,0.0,0.0,1.0,0.0
1988-09-30,0.0,0.0,0.0,0.0,1.0,0.0
1988-10-07,0.0,0.0,0.0,0.0,1.0,0.0
1988-10-14,0.0,0.0,0.0,0.0,1.0,0.0
1988-10-21,0.0,0.0,0.0,0.0,1.0,0.0
1988-10-28,0.0,0.0,0.0,0.0,1.0,0.0
1988-11-04,0.0,0.0,0.0,0.0,1.0,0.0
1988-11-11,0.0,0.0,0.0,0.0,1.0,0.0
1988-11-18,0.0,0.0,0.0,0.0,1.0,0.0
1988-11-25,0.0,0.0,0.0,0.0,1.0,0.0
1988-12-02,0.0,0.0,0.0,0.0,1.0,0.0
1988-12-09,0.0,0.0,0.0,0.0,1.0,0.0
1988-12-16,0.0,0.0,0.0,0.0,1.0,0.0
1988-12-23,0.0,0.0,0.0,0.0,1.0,0.0
1988-12-30,0.0,0.0,0.0,0.0,1.0,0.0
1989-01-06,0.0,0.0,0.0,0.0,1.0,0.0
1989-01-13,0.0,0.0,0.0,0.0,1.0,0.0
1989-01-20,0.0,0.0,0.0,0.0,1.0,0.0
1989-01-27,0.0,0.0,0.0,0.0,1.0,0.0
1989-02-03,0.0,0.0,0.0,0.0,1.0,0.0
1989-02-10,0.0,0.0,0.0,0.0,1.0,0.0
1989-02-17,0.0,0.0,0.0,0.0,1.0,0.0
1989-02-24,0.0,0.0,0.0,0.0,1.0,0.0
1989-03-03,0.0,0.0,0.0,0.0,1.0,0.0
1989-03-10,0.0,0.0,0.0,0.0,1.0,0.0
1989-03-17,0.0,0.0,0.0,0.0,1.0,0.0
1989-03-24,0.0,0.0,0.0,0.0,1.0,0.0
1989-03-31,0.0,0.0,0.0,0.0,1.0,0.0
1989-04-07,0.0,0.0,0.0,0.0,1.0,0.0
1989-04-14,0.0,0.0,0.0,0.0,1.0,0.0
1989-04-21,0.0,0.0,0.0,0.0,1.0,0.0
1989-04-28,0.0,0.0,0.0,0.0,1.0,0.0
1989-05-05,0.0,0.0,0.0,0.0,1.0,0.0
1989-05-12,0.0,0.0,0.0,0.0,1.0,0.0
1989-05-19,0.0,0.0,0.0,0.0,1.0,0.0
1989-05-26,0.0,0.0,0.0,0.0,1.0,0.0
1989-06-02,0.0,0.0,0.0,0.0,1.0,0.0
1989-06-09,0.0,0.0,0.0,0.0,1.0,0.0
1989-06-16,0.0,0.0,0.0,0.0,1.0,0.0
1989-06-23,0.0,0.0,0.0,0.0,1.0,0.0
1989-06-30,0.0,0.0,0.0,0.0,1.0,0.0
1989-07-07,0.0,0.0,0.0,0.0,1.0,0.0
1989-07-14,0.0,0.0,0.0,0.0,1.0,0.0
1989-07-21,0.0,0.0,0.0,0.0,1.0,0.0
1989-07-28,0.0,0.0,0.0,0.0,1.0,0.0
1989-08-04,0.0,0.0,0.0,0.0,1.0,0.0
1989-08-11,0.0,0.0,0.0,0.0,1.0,0.0
1989-08-18,0.0,0.0,0.0,0.0,1.0,0.0
1989-08-25,0.0,0.0,0.0,0.0,1.0,0.0
1989-09-01,0.0,0.0,0.0,0.0,1.0,0.0
1989-09-08,0.0,0.0,0.0,0.0,1.0,0.0
1989-09-15,0.0,0.0,0.0,0.0,1.0,0.0
1989-09-22,0.0,0.0,0.0,0.0,1.0,0.0
1989-09-29,0.0,0.0,0.0,0.0,1.0,0.0
1989-10-06,0.0,0.0,0.0,0.0,1.0,0.0
1989-10-13,0.0,0.0,0.0,0.0,1.0,0.0
1989-10-20,0.0,0.0,0.0,0.0,1.0,0.0
1989-10-27,0.0,0.0,0.0,0.0,1.0,0.0
1989-11-03,0.0,0.0,0.0,0.0,1.0,0.0
1989-11-10,0.0,0.0,0.0,0.0,1.0,0.0
1989-11-17,0.0,0.0,0.0,0.0,1.0,0.0
1989-11-24,0.0,0.0,0.0,0.0,1.0,0.0
1989-12-01,0.0,0.0,0.0,0.0,1.0,0.0
1989-12-08,0.0,0.0,0.0,0.0,1.0,0.0
1989-12-15,0.0,0.0,0.0,0.0,1.0,0.0
1989-12-22,0.0,0.0,0.0,0.0,1.0,0.0
1989-12-29,0.0,0.0,0.0,0.0,1.0,0.0
1990-01-05,0.0,0.0,0.0,0.0,1.0,0.0
1990-01-12,0.0,0.0,0.0,0.0,1.0,0.0
1990-01-19,0.0,0.0,0.0,0.0,1.0,0.0
1990-01-26,0.0,0.0,0.0,0.0,1.0,0.0
1990-02-02,0.0,0.0,0.0,0.0,1.0,0.0
1990-02-09,0.0,0.0,0.0,0.0,1.0,0.0
1990-02-16,0.0,0.0,0.0,0.0,1.0,0.0
1990-02-23,0.0,0.0,0.0,0.0,1.0,0.0
1990-03-02,0.0,0.0,0.0,0.0,1.0,0.0
1990-03-09,0.0,0.0,0.0,0.0,1.0,0.0
1990-03-16,0.0,0.0,0.0,0.0,1.0,0.0
1990-03-23,0.0,0.0,0.0,0.0,1.0,0.0
1990-03-30,0.0,0.0,0.0,0.0,1.0,0.0
1990-04-06,0.0,0.0,0.0,0.0,1.0,0.0
1990-04-13,0.0,0.0,0.0,0.0,1.0,0.0
1990-04-20,0.0,0.0,0.0,0.0,1.0,0.0
1990-04-27,0.0,0.0,0.0,0.0,1.0,0.0
1990-05-04,0.0,0.0,0.0,0.0,1.0,0.0
1990-05-11,0.0,0.0,0.0,0.0,1.0,0.0
1990-05-18,0.0,0.0,0.0,0.0,1.0,0.0
1990-05-25,0.0,0.0,0.0,0.0,1.0,0.0
1990-06-01,0.0,0.0,0.0,0.0,1.0,0.0
1990-06-08,0.0,0.0,0.0,0.0,1.0,0.0
1990-06-15,0.0,0.0,0.0,0.0,1.0,0.0
1990-06-22,0.0,0.0,0.0,0.0,1.0,0.0
1990-06-29,0.0,0.0,0.0,0.0,1.0,0.0
1990-07-06,0.0,0.0,0.0,0.0,1.0,0.0
1990-07-13,0.0,0.0,0.0,0.0,1.0,0.0
1990-07-20,0.0,0.0,0.0,0.0,1.0,0.0
1990-07-27,0.0,0.0,0.0,0.0,1.0,0.0
1990-08-03,0.0,0.0,0.0,0.0,1.0,0.0
1990-08-10,0.0,0.0,0.0,0.0,1.0,0.0
1990-08-17,0.0,0.0,0.0,0.0,1.0,0.0
1990-08-24,0.0,0.0,0.0,0.0,1.0,0.0
1990-08-31,0.0,0.0,0.0,0.0,1.0,0.0
1990-09-07,0.0,0.0,0.0,0.0,1.0,0.0
1990-09-14,0.0,0.0,0.0,0.0,1.0,0.0
1990-09-21,0.0,0.0,0.0,0.0,1.0,0.0
1990-09-28,0.0,0.0,0.0,0.0,1.0,0.0
1990-10-05,0.0,0.0,0.0,0.0,1.0,0.0
1990-10-12,0.0,0.0,0.0,0.0,1.0,0.0
1990-10-19,0.0,0.0,0.0,0.0,1.0,0.0
1990-10-26,0.0,0.0,0.0,0.0,1.0,0.0
1990-11-02,0.0,0.0,0.0,0.0,1.0,0.0
1990-11-09,0.0,0.0,0.0,0.0,1.0,0.0
1990-11-16,0.0,0.0,0.0,0.0,1.0,0.0
1990-11-23,0.0,0.0,0.0,0.0,1.0,0.0
1990-11-30,0.0,0.0,0.0,0.0,1.0,0.0
1990-12-07,0.0,0.0,0.0,0.0,1.0,0.0
1990-12-14,0.0,0.0,0.0,0.0,1.0,0.0
1990-12-21,0.0,0.0,0.0,0.0,1.0,0.0
1990-12-28,0.0,0.0,0.0,0.0,1.0,0.0
1991-01-04,0.0,0.0,0.0,0.0,1.0,0.0
1991-01-11,0.0,0.0,0.0,0.0,1.0,0.0
1991-01-18,0.0,0.0,0.0,0.0,1.0,0.0
1991-01-25,0.0,0.0,0.0,0.0,1.0,0.0
1991-02-01,0.0,0.0,0.0,0.0,1.0,0.0
1991-02-08,0.0,0.0,0.0,0.0,1.0,0.0
1991-02-15,0.0,0.0,0.0,0.0,1.0,0.0
1991-02-22,0.0,0.0,0.0,0.0,1.0,0.0
1991-03-01,0.0,0.0,0.0,0.0,1.0,0.0
1991-03-08,0.0,0.0,0.0,0.0,1.0,0.0
1991-03-15,0.0,0.0,0.0,0.0,1.0,0.0
1991-03-22,0.0,0.0,0.0,0.0,1.0,0.0
1991-03-29,0.0,0.0,0.0,0.0,1.0,0.0
1991-04-05,0.0,0.0,0.0,0.0,1.0,0.0
1991-04-12,0.0,0.0,0.0,0.0,1.0,0.0
1991-04-19,0.0,0.0,0.0,0.0,1.0,0.0
1991-04-26,0.0,0.0,0.0,0.0,1.0,0.0
1991-05-03,0.0,0.0,0.0,0.0,1.0,0.0
1991-05-10,0.0,0.0,0.0,0.0,1.0,0.0
1991-05-17,0.0,0.0,0.0,0.0,1.0,0.0
1991-05-24,0.0,0.0,0.0,0.0,1.0,0.0
1991-05-31,0.0,0.0,0.0,0.0,1.0,0.0
1991-06-07,0.0,0.0,0.0,0.0,1.0,0.0
1991-06-14,0.0,0.0,0.0,0.0,1.0,0.0
1991-06-21,0.0,0.0,0.0,0.0,1.0,0.0
1991-06-28,0.0,0.0,0.0,0.0,1.0,0.0
1991-07-05,0.0,0.0,0.0,0.0,1.0,0.0
1991-07-12,0.0,0.0,0.0,0.0,1.0,0.0
1991-07-19,0.0,0.0,0.0,0.0,1.0,0.0
1991-07-26,0.0,0.0,0.0,0.0,1.0,0.0
1991-08-02,0.0,0.0,0.0,0.0,1.0,0.0
1991-08-09,0.0,0.0,0.0,0.0,1.0,0.0
1991-08-16,0.0,0.0,0.0,0.0,1.0,0.0
1991-08-23,0.0,0.0,0.0,0.0,1.0,0.0
1991-08-30,0.0,0.0,0.0,0.0,1.0,0.0
1991-09-06,0.0,0.0,0.0,0.0,1.0,0.0
1991-09-13,0.0,0.0,0.0,0.0,1.0,0.0
1991-09-20,0.0,0.0,0.0,0.0,1.0,0.0
1991-09-27,0.0,0.0,0.0,0.0,1.0,0.0
1991-10-04,0.0,0.0,0.0,0.0,1.0,0.0
1991-10-11,0.0,0.0,0.0,0.0,1.0,0.0
1991-10-18,0.0,0.0,0.0,0.0,1.0,0.0
1991-10-25,0.0,0.0,0.0,0.0,1.0,0.0
1991-11-01,0.0,0.0,0.0,0.0,1.0,0.0
1991-11-08,0.0,0.0,0.0,0.0,1.0,0.0
1991-11-15,0.0,0.0,0.0,0.0,1.0,0.0
1991-11-22,0.0,0.0,0.0,0.0,1.0,0.0
1991-11-29,0.0,0.0,0.0,0.0,1.0,0.0
1991-12-06,0.0,0.0,0.0,0.0,1.0,0.0
1991-12-13,0.0,0.0,0.0,0.0,1.0,0.0
1991-12-20,0.0,0.0,0.0,0.0,1.0,0.0
1991-12-27,0.0,0.0,0.0,0.0,1.0,0.0
1992-01-03,0.0,0.0,0.0,0.0,1.0,0.0
1992-01-10,0.0,0.0,0.0,0.0,1.0,0.0
1992-01-17,0.0,0.0,0.0,0.0,1.0,0.0
1992-01-24,0.0,0.0,0.0,0.0,1.0,0.0
1992-01-31,0.0,0.0,0.0,0.0,1.0,0.0
1992-02-07,0.0,0.0,0.0,0.0,1.0,0.0
1992-02-14,0.0,0.0,0.0,0.0,1.0,0.0
1992-02-21,0.0,0.0,0.0,0.0,1.0,0.0
1992-02-28,0.0,0.0,0.0,0.0,1.0,0.0
1992-03-06,0.0,0.0,0.0,0.0,1.0,0.0
1992-03-13,0.0,0.0,0.0,0.0,1.0,0.0
1992-03-20,0.0,0.0,0.0,0.0,1.0,0.0
1992-03-27,0.0,0.0,0.0,0.0,1.0,0.0
1992-04-03,0.0,0.0,0.0,0.0,1.0,0.0
1992-04-10,0.0,0.0,0.0,0.0,1.0,0.0
1992-04-17,0.0,0.0,0.0,0.0,1.0,0.0
1992-04-24,0.0,0.0,0.0,0.0,1.0,0.0
1992-05-01,0.0,0.0,0.0,0.0,1.0,0.0
1992-05-08,0.0,0.0,0.0,0.0,1.0,0.0
1992-05-15,0.0,0.0,0.0,0.0,1.0,0.0
1992-05-22,0.0,0.0,0.0,0.0,1.0,0.0
1992-05-29,0.0,0.0,0.0,0.0,1.0,0.0
1992-06-05,0.0,0.0,0.0,0.0,1.0,0.0
1992-06-12,0.0,0.0,0.0,0.0,1.0,0.0
1992-06-19,0.0,0.0,0.0,0.0,1.0,0.0
1992-06-26,0.0,0.0,0.0,0.0,1.0,0.0
1992-07-03,0.0,0.0,0.0,0.0,1.0,0.0
1992-07-10,0.0,0.0,0.0,0.0,1.0,0.0
1992-07-17,0.0,0.0,0.0,0.0,1.0,0.0
1992-07-24,0.0,0.0,0.0,0.0,1.0,0.0
1992-07-31,0.0,0.0,0.0,0.0,1.0,0.0
1992-08-07,0.0,0.0,0.0,0.0,1.0,0.0
1992-08-14,0.0,0.0,0.0,0.0,1.0,0.0
1992-08-21,0.0,0.0,0.0,0.0,1.0,0.0
1992-08-28,0.0,0.0,0.0,0.0,1.0,0.0
1992-09-04,0.0,0.0,0.0,0.0,1.0,0.0
1992-09-11,0.0,0.0,0.0,0.0,1.0,0.0
1992-09-18,0.0,0.0,0.0,0.0,1.0,0.0
1992-09-25,0.0,0.0,0.0,0.0,1.0,0.0
1992-10-02,0.0,0.0,0.0,0.0,1.0,0.0
1992-10-09,0.0,0.0,0.0,0.0,1.0,0.0
1992-10-16,0.0,0.0,0.0,0.0,1.0,0.0
1992-10-23,0.0,0.0,0.0,0.0,1.0,0.0
1992-10-30,0.0,0.0,0.0,0.0,1.0,0.0
1992-11-06,0.0,0.0,0.0,0.0,1.0,0.0
1992-11-13,0.0,0.0,0.0,0.0,1.0,0.0
1992-11-20,0.0,0.0,0.0,0.0,1.0,0.0
1992-11-27,0.0,0.0,0.0,0.0,1.0,0.0
1992-12-04,0.0,0.0,0.0,0.0,1.0,0.0
1992-12-11,0.0,0.0,0.0,0.0,1.0,0.0
1992-12-18,0.0,0.0,0.0,0.0,1.0,0.0
1992-12-25,0.0,0.0,0.0,0.0,1.0,0.0
1993-01-01,0.0,0.0,0.0,0.0,1.0,0.0
1993-01-08,0.0,0.0,0.0,0.0,1.0,0.0
1993-01-15,0.0,0.0,0.0,0.0,1.0,0.0
1993-01-22,0.0,0.0,0.0,0.0,1.0,0.0
1993-01-29,0.0,0.0,0.0,0.0,1.0,0.0
1993-02-05,0.0,0.0,0.0,0.0,1.0,0.0
1993-02-12,0.0,0.0,0.0,0.0,1.0,0.0
1993-02-19,0.0,0.0,0.0,0.0,1.0,0.0
1993-02-26,0.0,0.0,0.0,0.0,1.0,0.0
1993-03-05,0.0,0.0,0.0,0.0,1.0,0.0
1993-03-12,0.0,0.0,0.0,0.0,1.0,0.0
1993-03-19,0.0,0.0,0.0,0.0,1.0,0.0
1993-03-26,0.0,0.0,0.0,0.0,1.0,0.0
1993-04-02,0.0,0.0,0.0,0.0,1.0,0.0
1993-04-09,0.0,0.0,0.0,0.0,1.0,0.0
1993-04-16,0.0,0.0,0.0,0.0,1.0,0.0
1993-04-23,0.0,0.0,0.0,0.0,1.0,0.0
1993-04-30,0.0,0.0,0.0,0.0,1.0,0.0
1993-05-07,0.0,0.0,0.0,0.0,1.0,0.0
1993-05-14,0.0,0.0,0.0,0.0,1.0,0.0
1993-05-21,0.0,0.0,0.0,0.0,1.0,0.0
1993-05-28,0.0,0.0,0.0,0.0,1.0,0.0
1993-06-04,0.0,0.0,0.0,0.0,1.0,0.0
1993-06-11,0.0,0.0,0.0,0.0,1.0,0.0
1993-06-18,0.0,0.0,0.0,0.0,1.0,0.0
1993-06-25,0.0,0.0,0.0,0.0,1.0,0.0
1993-07-02,0.0,0.0,0.0,0.0,1.0,0.0
1993-07-09,0.0,0.0,0.0,0.0,1.0,0.0
1993-07-16,0.0,0.0,0.0,0.0,1.0,0.0
1993-07-23,0.0,0.0,0.0,0.0,1.0,0.0
1993-07-30,0.0,0.0,0.0,0.0,1.0,0.0
1993-08-06,0.0,0.0,0.0,0.0,1.0,0.0
1993-08-13,0.0,0.0,0.0,0.0,1.0,0.0
1993-08-20,0.0,0.0,0.0,0.0,1.0,0.0
1993-08-27,0.0,0.0,0.0,0.0,1.0,0.0
1993-09-03,0.0,0.0,0.0,0.0,1.0,0.0
1993-09-10,0.0,0.0,0.0,0.0,1.0,0.0
1993-09-17,0.0,0.0,0.0,0.0,1.0,0.0
1993-09-24,0.0,0.0,0.0,0.0,1.0,0.0
1993-10-01,0.0,0.0,0.0,0.0,1.0,0.0
1993-10-08,0.0,0.0,0.0,0.0,1.0,0.0
1993-10-15,0.0,0.0,0.0,0.0,1.0,0.0
1993-10-22,0.0,0.0,0.0,0.0,1.0,0.0
1993-10-29,0.0,0.0,0.0,0.0,1.0,0.0
1993-11-05,0.0,0.0,0.0,0.0,1.0,0.0
1993-11-12,0.0,0.0,0.0,0.0,1.0,0.0
1993-11-19,0.0,0.0,0.0,0.0,1.0,0.0
1993-11-26,0.0,0.0,0.0,0.0,1.0,0.0
1993-12-03,0.0,0.0,0.0,0.0,1.0,0.0
1993-12-10,0.0,0.0,0.0,0.0,1.0,0.0
1993-12-17,0.0,0.0,0.0,0.0,1.0,0.0
1993-12-24,0.0,0.0,0.0,0.0,1.0,0.0
1993-12-31,0.0,0.0,0.0,0.0,1.0,0.0
1994-01-07,0.0,0.0,0.0,0.0,1.0,0.0
1994-01-14,0.0,0.0,0.0,0.0,1.0,0.0
1994-01-21,0.0,0.0,0.0,0.0,1.0,0.0
1994-01-28,0.0,0.0,0.0,0.0,1.0,0.0
1994-02-04,0.0,0.0,0.0,0.0,1.0,0.0
1994-02-11,0.0,0.0,0.0,0.0,1.0,0.0
1994-02-18,0.0,0.0,0.0,0.0,1.0,0.0
1994-02-25,0.0,0.0,0.0,0.0,1.0,0.0
1994-03-04,0.0,0.0,0.0,0.0,1.0,0.0
1994-03-11,0.0,0.0,0.0,0.0,1.0,0.0
1994-03-18,0.0,0.0,0.0,0.0,1.0,0.0
1994-03-25,0.0,0.0,0.0,0.0,1.0,0.0
1994-04-01,0.0,0.0,0.0,0.0,1.0,0.0
1994-04-08,0.0,0.0,0.0,0.0,1.0,0.0
1994-04-15,0.0,0.0,0.0,0.0,1.0,0.0
1994-04-22,0.0,0.0,0.0,0.0,1.0,0.0
1994-04-29,0.0,0.0,0.0,0.0,1.0,0.0
1994-05-06,0.0,0.0,0.0,0.0,1.0,0.0
1994-05-13,0.0,0.0,0.0,0.0,1.0,0.0
1994-05-20,0.0,0.0,0.0,0.0,1.0,0.0
1994-05-27,0.0,0.0,0.0,0.0,1.0,0.0
1994-06-03,0.0,0.0,0.0,0.0,1.0,0.0
1994-06-10,0.0,0.0,0.0,0.0,1.0,0.0
1994-06-17,0.0,0.0,0.0,0.0,1.0,0.0
1994-06-24,0.0,0.0,0.0,0.0,1.0,0.0
1994-07-01,0.0,0.0,0.0,0.0,1.0,0.0
1994-07-08,0.0,0.0,0.0,0.0,1.0,0.0
1994-07-15,0.0,0.0,0.0,0.0,1.0,0.0
1994-07-22,0.0,0.0,0.0,0.0,1.0,0.0
1994-07-29,0.0,0.0,0.0,0.0,1.0,0.0
1994-08-05,0.0,0.0,0.0,0.0,1.0,0.0
1994-08-12,0.0,0.0,0.0,0.0,1.0,0.0
1994-08-19,0.0,0.0,0.0,0.0,1.0,0.0
1994-08-26,0.0,0.0,0.0,0.0,1.0,0.0
1994-09-02,0.0,0.0,0.0,0.0,1.0,0.0
1994-09-09,0.0,0.0,0.0,0.0,1.0,0.0
1994-09-16,0.0,0.0,0.0,0.0,1.0,0.0
1994-09-23,0.0,0.0,0.0,0.0,1.0,0.0
1994-09-30,0.0,0.0,0.0,0.0,1.0,0.0
1994-10-07,0.0,0.0,0.0,0.0,1.0,0.0
1994-10-14,0.0,0.0,0.0,0.0,1.0,0.0
1994-10-21,0.0,0.0,0.0,0.0,1.0,0.0
1994-10-28,0.0,0.0,0.0,0.0,1.0,0.0
1994-11-04,0.0,0.0,0.0,0.0,1.0,0.0
1994-11-11,0.0,0.0,0.0,0.0,1.0,0.0
1994-11-18,0.0,0.0,0.0,0.0,1.0,0.0
1994-11-25,0.0,0.0,0.0,0.0,1.0,0.0
1994-12-02,0.0,0.0,0.0,0.0,1.0,0.0
1994-12-09,0.0,0.0,0.0,0.0,1.0,0.0
1994-12-16,0.0,0.0,0.0,0.0,1.0,0.0
1994-12-23,0.0,0.0,0.0,0.0,1.0,0.0
1994-12-30,0.0,0.0,0.0,0.0,1.0,0.0
1995-01-06,0.0,0.0,0.0,0.0,1.0,0.0
1995-01-13,0.0,0.0,0.0,0.0,1.0,0.0
1995-01-20,0.0,0.0,0.0,0.0,1.0,0.0
1995-01-27,0.0,0.0,0.0,0.0,1.0,0.0
1995-02-03,0.0,0.0,0.0,0.0,1.0,0.0
1995-02-10,0.0,0.0,0.0,0.0,1.0,0.0
1995-02-17,0.0,0.0,0.0,0.0,1.0,0.0
1995-02-24,0.0,0.0,0.0,0.0,1.0,0.0
1995-03-03,0.0,0.0,0.0,0.0,1.0,0.0
1995-03-10,0.0,0.0,0.0,0.0,1.0,0.0
1995-03-17,0.0,0.0,0.0,0.0,1.0,0.0
1995-03-24,0.0,0.0,0.0,0.0,1.0,0.0
1995-03-31,0.0,0.0,0.0,0.0,1.0,0.0
1995-04-07,0.0,0.0,0.0,0.0,1.0,0.0
1995-04-14,0.0,0.0,0.0,0.0,1.0,0.0
1995-04-21,0.0,0.0,0.0,0.0,1.0,0.0
1995-04-28,0.0,0.0,0.0,0.0,1.0,0.0
1995-05-05,0.0,0.0,0.0,0.0,1.0,0.0
1995-05-12,0.0,0.0,0.0,0.0,1.0,0.0
1995-05-19,0.0,0.0,0.0,0.0,1.0,0.0
1995-05-26,0.0,0.0,0.0,0.0,1.0,0.0
1995-06-02,0.0,0.0,0.0,0.0,1.0,0.0
1995-06-09,0.0,0.0,0.0,0.0,1.0,0.0
1995-06-16,0.0,0.0,0.0,0.0,1.0,0.0
1995-06-23,0.0,0.0,0.0,0.0,1.0,0.0
1995-06-30,0.0,0.0,0.0,0.0,1.0,0.0
1995-07-07,0.0,0.0,0.0,0.0,1.0,0.0
1995-07-14,0.0,0.0,0.0,0.0,1.0,0.0
1995-07-21,0.0,0.0,0.0,0.0,1.0,0.0
1995-07-28,0.0,0.0,0.0,0.0,1.0,0.0
1995-08-04,0.0,0.0,0.0,0.0,1.0,0.0
1995-08-11,0.0,0.0,0.0,0.0,1.0,0.0
1995-08-18,0.0,0.0,0.0,0.0,1.0,0.0
1995-08-25,0.0,0.0,0.0,0.0,1.0,0.0
1995-09-01,0.0,0.0,0.0,0.0,1.0,0.0
1995-09-08,0.0,0.0,0.0,0.0,1.0,0.0
1995-09-15,0.0,0.0,0.0,0.0,1.0,0.0
1995-09-22,0.0,0.0,0.0,0.0,1.0,0.0
1995-09-29,0.0,0.0,0.0,0.0,1.0,0.0
1995-10-06,0.0,0.0,0.0,0.0,1.0,0.0
1995-10-13,0.0,0.0,0.0,0.0,1.0,0.0
1995-10-20,0.0,0.0,0.0,0.0,1.0,0.0
1995-10-27,0.0,0.0,0.0,0.0,1.0,0.0
1995-11-03,0.0,0.0,0.0,0.0,1.0,0.0
1995-11-10,0.0,0.0,0.0,0.0,1.0,0.0
1995-11-17,0.0,0.0,0.0,0.0,1.0,0.0
1995-11-24,0.0,0.0,0.0,0.0,1.0,0.0
1995-12-01,0.0,0.0,0.0,0.0,1.0,0.0
1995-12-08,0.0,0.0,0.0,0.0,1.0,0.0
1995-12-15,0.0,0.0,0.0,0.0,1.0,0.0
1995-12-22,0.0,0.0,0.0,0.0,1.0,0.0
1995-12-29,0.0,0.0,0.0,0.0,1.0,0.0
1996-01-05,0.0,0.0,0.0,0.0,1.0,0.0
1996-01-12,0.0,0.0,0.0,0.0,1.0,0.0
1996-01-19,0.0,0.0,0.0,0.0,1.0,0.0
1996-01-26,0.0,0.0,0.0,0.0,1.0,0.0
1996-02-02,0.0,0.0,0.0,0.0,1.0,0.0
1996-02-09,0.0,0.0,0.0,0.0,1.0,0.0
1996-02-16,0.0,0.0,0.0,0.0,1.0,0.0
1996-02-23,0.0,0.0,0.0,0.0,1.0,0.0
1996-03-01,0.0,0.0,0.0,0.0,1.0,0.0
1996-03-08,0.0,0.0,0.0,0.0,1.0,0.0
1996-03-15,0.0,0.0,0.0,0.0,1.0,0.0
1996-03-22,0.0,0.0,0.0,0.0,1.0,0.0
1996-03-29,0.0,0.0,0.0,0.0,1.0,0.0
1996-04-05,0.0,0.0,0.0,0.0,1.0,0.0
1996-04-12,0.0,0.0,0.0,0.0,1.0,0.0
1996-04-19,0.0,0.0,0.0,0.0,1.0,0.0
1996-04-26,0.0,0.0,0.0,0.0,1.0,0.0
1996-05-03,0.0,0.0,0.0,0.0,1.0,0.0
1996-05-10,0.0,0.0,0.0,0.0,1.0,0.0
1996-05-17,0.0,0.0,0.0,0.0,1.0,0.0
1996-05-24,0.0,0.0,0.0,0.0,1.0,0.0
1996-05-31,0.0,0.0,0.0,0.0,1.0,0.0
1996-06-07,0.0,0.0,0.0,0.0,1.0,0.0
1996-06-14,0.0,0.0,0.0,0.0,1.0,0.0
1996-06-21,0.0,0.0,0.0,0.0,1.0,0.0
1996-06-28,0.0,0.0,0.0,0.0,1.0,0.0
1996-07-05,0.0,0.0,0.0,0.0,1.0,0.0
1996-07-12,0.0,0.0,0.0,0.0,1.0,0.0
1996-07-19,0.0,0.0,0.0,0.0,1.0,0.0
1996-07-26,0.0,0.0,0.0,0.0,1.0,0.0
1996-08-02,0.0,0.0,0.0,0.0,1.0,0.0
1996-08-09,0.0,0.0,0.0,0.0,1.0,0.0
1996-08-16,0.0,0.0,0.0,0.0,1.0,0.0
1996-08-23,0.0,0.0,0.0,0.0,1.0,0.0
1996-08-30,0.0,0.0,0.0,0.0,1.0,0.0
1996-09-06,0.0,0.0,0.0,0.0,1.0,0.0
1996-09-13,0.0,0.0,0.0,0.0,1.0,0.0
1996-09-20,0.0,0.0,0.0,0.0,1.0,0.0
1996-09-27,0.0,0.0,0.0,0.0,1.0,0.0
1996-10-04,0.0,0.0,0.0,0.0,1.0,0.0
1996-10-11,0.0,0.0,0.0,0.0,1.0,0.0
1996-10-18,0.0,0.0,0.0,0.0,1.0,0.0
1996-10-25,0.0,0.0,0.0,0.0,1.0,0.0
1996-11-01,0.0,0.0,0.0,0.0,1.0,0.0
1996-11-08,0.0,0.0,0.0,0.0,1.0,0.0
1996-11-15,0.0,0.0,0.0,0.0,1.0,0.0
1996-11-22,0.0,0.0,0.0,0.0,1.0,0.0
1996-11-29,0.0,0.0,0.0,0.0,1.0,0.0
1996-12-06,0.0,0.0,0.0,0.0,1.0,0.0
1996-12-13,0.0,0.0,0.0,0.0,1.0,0.0
1996-12-20,0.0,0.0,0.0,0.0,1.0,0.0
1996-12-27,0.0,0.0,0.0,0.0,1.0,0.0
1997-01-03,0.0,0.0,0.0,0.0,1.0,0.0
1997-01-10,0.0,0.0,0.0,0.0,1.0,0.0
1997-01-17,0.0,0.0,0.0,0.0,1.0,0.0
1997-01-24,0.0,0.0,0.0,0.0,1.0,0.0
1997-01-31,0.0,0.0,0.0,0.0,1.0,0.0
1997-02-07,0.0,0.0,0.0,0.0,1.0,0.0
1997-02-14,0.0,0.0,0.0,0.0,1.0,0.0
1997-02-21,0.0,0.0,0.0,0.0,1.0,0.0
1997-02-28,0.0,0.0,0.0,0.0,1.0,0.0
1997-03-07,0.0,0.0,0.0,0.0,1.0,0.0
1997-03-14,0.0,0.0,0.0,0.0,1.0,0.0
1997-03-21,0.0,0.0,0.0,0.0,1.0,0.0
1997-03-28,0.0,0.0,0.0,0.0,1.0,0.0
1997-04-04,0.0,0.0,0.0,0.0,1.0,0.0
1997-04-11,0.0,0.0,0.0,0.0,1.0,0.0
1997-04-18,0.0,0.0,0.0,0.0,1.0,0.0
1997-04-25,0.0,0.0,0.0,0.0,1.0,0.0
1997-05-02,0.0,0.0,0.0,0.0,1.0,0.0
1997-05-09,0.0,0.0,0.0,0.0,1.0,0.0
1997-05-16,0.0,0.0,0.0,0.0,1.0,0.0
1997-05-23,0.0,0.0,0.0,0.0,1.0,0.0
1997-05-30,0.0,0.0,0.0,0.0,1.0,0.0
1997-06-06,0.0,0.0,0.0,0.0,1.0,0.0
1997-06-13,0.0,0.0,0.0,0.0,1.0,0.0
1997-06-20,0.0,0.0,0.0,0.0,1.0,0.0
1997-06-27,0.0,0.0,0.0,0.0,1.0,0.0
1997-07-04,0.0,0.0,0.0,0.0,1.0,0.0
1997-07-11,0.0,0.0,0.0,0.0,1.0,0.0
1997-07-18,0.0,0.0,0.0,0.0,1.0,0.0
1997-07-25,0.0,0.0,0.0,0.0,1.0,0.0
1997-08-01,0.0,0.0,0.0,0.0,1.0,0.0
1997-08-08,0.0,0.0,0.0,0.0,1.0,0.0
1997-08-15,0.0,0.0,0.0,0.0,1.0,0.0
1997-08-22,0.0,0.0,0.0,0.0,1.0,0.0
1997-08-29,0.0,0.0,0.0,0.0,1.0,0.0
1997-09-05,0.0,0.0,0.0,0.0,1.0,0.0
1997-09-12,0.0,0.0,0.0,0.0,1.0,0.0
1997-09-19,0.0,0.0,0.0,0.0,1.0,0.0
1997-09-26,0.0,0.0,0.0,0.0,1.0,0.0
1997-10-03,0.0,0.0,0.0,0.0,1.0,0.0
1997-10-10,0.0,0.0,0.0,0.0,1.0,0.0
1997-10-17,0.0,0.0,0.0,0.0,1.0,0.0
1997-10-24,0.0,0.0,0.0,0.0,1.0,0.0
1997-10-31,0.0,0.0,0.0,0.0,1.0,0.0
1997-11-07,0.0,0.0,0.0,0.0,1.0,0.0
1997-11-14,0.0,0.0,0.0,0.0,1.0,0.0
1997-11-21,0.0,0.0,0.0,0.0,1.0,0.0
1997-11-28,0.0,0.0,0.0,0.0,1.0,0.0
1997-12-05,0.0,0.0,0.0,0.0,1.0,0.0
1997-12-12,0.0,0.0,0.0,0.0,1.0,0.0
1997-12-19,0.0,0.0,0.0,0.0,1.0,0.0
1997-12-26,0.0,0.0,0.0,0.0,1.0,0.0
1998-01-02,0.0,0.0,0.0,0.0,1.0,0.0
1998-01-09,0.0,0.0,0.0,0.0,1.0,0.0
1998-01-16,0.0,0.0,0.0,0.0,1.0,0.0
1998-01-23,0.0,0.0,0.0,0.0,1.0,0.0
1998-01-30,0.0,0.0,0.0,0.0,1.0,0.0
1998-02-06,0.0,0.0,0.0,0.0,1.0,0.0
1998-02-13,0.0,0.0,0.0,0.0,1.0,0.0
1998-02-20,0.0,0.0,0.0,0.0,1.0,0.0
1998-02-27,0.0,0.0,0.0,0.0,1.0,0.0
1998-03-06,0.0,0.0,0.0,0.0,1.0,0.0
1998-03-13,0.0,0.0,0.0,0.0,1.0,0.0
1998-03-20,0.0,0.0,0.0,0.0,1.0,0.0
1998-03-27,0.0,0.0,0.0,0.0,1.0,0.0
1998-04-03,0.0,0.0,0.0,0.0,1.0,0.0
1998-04-10,0.0,0.0,0.0,0.0,1.0,0.0
1998-04-17,0.0,0.0,0.0,0.0,1.0,0.0
1998-04-24,0.0,0.0,0.0,0.0,1.0,0.0
1998-05-01,0.0,0.0,0.0,0.0,1.0,0.0
1998-05-08,0.0,0.0,0.0,0.0,1.0,0.0
1998-05-15,0.0,0.0,0.0,0.0,1.0,0.0
1998-05-22,0.0,0.0,0.0,0.0,1.0,0.0
1998-05-29,0.0,0.0,0.0,0.0,1.0,0.0
1998-06-05,0.0,0.0,0.0,0.0,1.0,0.0
1998-06-12,0.0,0.0,0.0,0.0,1.0,0.0
1998-06-19,0.0,0.0,0.0,0.0,1.0,0.0
1998-06-26,0.0,0.0,0.0,0.0,1.0,0.0
1998-07-03,0.0,0.0,0.0,0.0,1.0,0.0
1998-07-10,0.0,0.0,0.0,0.0,1.0,0.0
1998-07-17,0.0,0.0,0.0,0.0,1.0,0.0
1998-07-24,0.0,0.0,0.0,0.0,1.0,0.0
1998-07-31,0.0,0.0,0.0,0.0,1.0,0.0
1998-08-07,0.0,0.0,0.0,0.0,1.0,0.0
1998-08-14,0.0,0.0,0.0,0.0,1.0,0.0
1998-08-21,0.0,0.0,0.0,0.0,1.0,0.0
1998-08-28,0.0,0.0,0.0,0.0,1.0,0.0
1998-09-04,0.0,0.0,0.0,0.0,1.0,0.0
1998-09-11,0.0,0.0,0.0,0.0,1.0,0.0
1998-09-18,0.0,0.0,0.0,0.0,1.0,0.0
1998-09-25,0.0,0.0,0.0,0.0,1.0,0.0
1998-10-02,0.0,0.0,0.0,0.0,1.0,0.0
1998-10-09,0.0,0.0,0.0,0.0,1.0,0.0
1998-10-16,0.0,0.0,0.0,0.0,1.0,0.0
1998-10-23,0.0,0.0,0.0,0.0,1.0,0.0
1998-10-30,0.0,0.0,0.0,0.0,1.0,0.0
1998-11-06,0.0,0.0,0.0,0.0,1.0,0.0
1998-11-13,0.0,0.0,0.0,0.0,1.0,0.0
1998-11-20,0.0,0.0,0.0,0.0,1.0,0.0
1998-11-27,0.0,0.0,0.0,0.0,1.0,0.0
1998-12-04,0.0,0.0,0.0,0.0,1.0,0.0
1998-12-11,0.0,0.0,0.0,0.0,1.0,0.0
1998-12-18,0.0,0.0,0.0,0.0,1.0,0.0
1998-12-25,0.0,0.0,0.0,0.0,1.0,0.0
1999-01-01,0.0,0.0,0.0,0.0,1.0,0.0
1999-01-08,0.0,0.0,0.0,0.0,1.0,0.0
1999-01-15,0.0,0.0,0.0,0.0,1.0,0.0
1999-01-22,0.0,0.0,0.0,0.0,1.0,0.0
1999-01-29,0.0,0.0,0.0,0.0,1.0,0.0
1999-02-05,0.0,0.0,0.0,0.0,1.0,0.0
1999-02-12,0.0,0.0,0.0,0.0,1.0,0.0
1999-02-19,0.0,0.0,0.0,0.0,1.0,0.0
1999-02-26,0.0,0.0,0.0,0.0,1.0,0.0
1999-03-05,0.0,0.0,0.0,0.0,1.0,0.0
1999-03-12,0.0,0.0,0.0,0.0,1.0,0.0
1999-03-19,0.0,0.0,0.0,0.0,1.0,0.0
1999-03-26,0.0,0.0,0.0,0.0,1.0,0.0
1999-04-02,0.0,0.0,0.0,0.0,1.0,0.0
1999-04-09,0.0,0.0,0.0,0.0,1.0,0.0
1999-04-16,0.0,0.0,0.0,0.0,1.0,0.0
1999-04-23,0.0,0.0,0.0,0.0,1.0,0.0
1999-04-30,0.0,0.0,0.0,0.0,1.0,0.0
1999-05-07,0.0,0.0,0.0,0.0,1.0,0.0
1999-05-14,0.0,0.0,0.0,0.0,1.0,0.0
1999-05-21,0.0,0.0,0.0,0.0,1.0,0.0
1999-05-28,0.0,0.0,0.0,0.0,1.0,0.0
1999-06-04,0.0,0.0,0.0,0.0,1.0,0.0
1999-06-11,0.0,0.0,0.0,0.0,1.0,0.0
1999-06-18,0.0,0.0,0.0,0.0,1.0,0.0
1999-06-25,0.0,0.0,0.0,0.0,1.0,0.0
1999-07-02,0.0,0.0,0.0,0.0,1.0,0.0
1999-07-09,0.0,0.0,0.0,0.0,1.0,0.0
1999-07-16,0.0,0.0,0.0,0.0,1.0,0.0
1999-07-23,0.0,0.0,0.0,0.0,1.0,0.0
1999-07-30,0.0,0.0,0.0,0.0,1.0,0.0
1999-08-06,0.0,0.0,0.0,0.0,1.0,0.0
1999-08-13,0.0,0.0,0.0,0.0,1.0,0.0
1999-08-20,0.0,0.0,0.0,0.0,1.0,0.0
1999-08-27,0.0,0.0,0.0,0.0,1.0,0.0
1999-09-03,0.0,0.0,0.0,0.0,1.0,0.0
1999-09-10,0.0,0.0,0.0,0.0,1.0,0.0
1999-09-17,0.0,0.0,0.0,0.0,1.0,0.0
1999-09-24,0.0,0.0,0.0,0.0,1.0,0.0
1999-10-01,0.0,0.0,0.0,0.0,1.0,0.0
1999-10-08,0.0,0.0,0.0,0.0,1.0,0.0
1999-10-15,0.0,0.0,0.0,0.0,1.0,0.0
1999-10-22,0.0,0.0,0.0,0.0,1.0,0.0
1999-10-29,0.0,0.0,0.0,0.0,1.0,0.0
1999-11-05,0.0,0.0,0.0,0.0,1.0,0.0
1999-11-12,0.0,0.0,0.0,0.0,1.0,0.0
1999-11-19,0.0,0.0,0.0,0.0,1.0,0.0
1999-11-26,0.0,0.0,0.0,0.0,1.0,0.0
1999-12-03,0.0,0.0,0.0,0.0,1.0,0.0
1999-12-10,0.0,0.0,0.0,0.0,1.0,0.0
1999-12-17,0.0,0.0,0.0,0.0,1.0,0.0
1999-12-24,0.0,0.0,0.0,0.0,1.0,0.0
1999-12-31,0.0,0.0,0.0,0.0,1.0,0.0
2000-01-07,0.0,0.0,0.0,0.0,1.0,0.0
2000-01-14,0.0,0.0,0.0,0.0,1.0,0.0
2000-01-21,0.0,0.0,0.0,0.0,1.0,0.0
2000-01-28,0.0,0.0,0.0,0.0,1.0,0.0
2000-02-04,0.0,0.0,0.0,0.0,1.0,0.0
2000-02-11,0.0,0.0,0.0,0.0,1.0,0.0
2000-02-18,0.0,0.0,0.0,0.0,1.0,0.0
2000-02-25,0.0,0.0,0.0,0.0,1.0,0.0
2000-03-03,0.0,0.0,0.0,0.0,1.0,0.0
2000-03-10,0.0,0.0,0.0,0.0,1.0,0.0
2000-03-17,0.0,0.0,0.0,0.0,1.0,0.0
2000-03-24,0.0,0.0,0.0,0.0,1.0,0.0
2000-03-31,0.0,0.0,0.0,0.0,1.0,0.0
2000-04-07,0.0,0.0,0.0,0.0,1.0,0.0
2000-04-14,0.0,0.0,0.0,0.0,1.0,0.0
2000-04-21,0.0,0.0,0.0,0.0,1.0,0.0
2000-04-28,0.0,0.0,0.0,0.0,1.0,0.0
2000-05-05,0.0,0.0,0.0,0.0,1.0,0.0
2000-05-12,0.0,0.0,0.0,0.0,1.0,0.0
2000-05-19,0.0,0.0,0.0,0.0,1.0,0.0
2000-05-26,0.0,0.0,0.0,0.0,1.0,0.0
2000-06-02,0.0,0.0,0.0,0.0,1.0,0.0
2000-06-09,0.0,0.0,0.0,0.0,1.0,0.0
2000-06-16,0.0,0.0,0.0,0.0,1.0,0.0
2000-06-23,0.0,0.0,0.0,0.0,1.0,0.0
2000-06-30,0.0,0.0,0.0,0.0,1.0,0.0
2000-07-07,0.0,0.0,0.0,0.0,1.0,0.0
2000-07-14,0.0,0.0,0.0,0.0,1.0,0.0
2000-07-21,0.0,0.0,0.0,0.0,1.0,0.0
2000-07-28,0.0,0.0,0.0,0.0,1.0,0.0
2000-08-04,0.0,0.0,0.0,0.0,1.0,0.0
2000-08-11,0.0,0.0,0.0,0.0,1.0,0.0
2000-08-18,0.0,0.0,0.0,0.0,1.0,0.0
2000-08-25,0.0,0.0,0.0,0.0,1.0,0.0
2000-09-01,0.0,0.0,0.0,0.0,1.0,0.0
2000-09-08,0.0,0.0,0.0,0.0,1.0,0.0
2000-09-15,0.0,0.0,0.0,0.0,1.0,0.0
2000-09-22,0.0,0.0,0.0,0.0,1.0,0.0
2000-09-29,0.0,0.0,0.0,0.0,1.0,0.0
2000-10-06,0.0,0.0,0.0,0.0,1.0,0.0
2000-10-13,0.0,0.0,0.0,0.0,1.0,0.0
2000-10-20,0.0,0.0,0.0,0.0,1.0,0.0
2000-10-27,0.0,0.0,0.0,0.0,1.0,0.0
2000-11-03,0.0,0.0,0.0,0.0,1.0,0.0
2000-11-10,0.0,0.0,0.0,0.0,1.0,0.0
2000-11-17,0.0,0.0,0.0,0.0,1.0,0.0
2000-11-24,0.0,0.0,0.0,0.0,1.0,0.0
2000-12-01,0.0,0.0,0.0,0.0,1.0,0.0
2000-12-08,0.0,0.0,0.0,0.0,1.0,0.0
2000-12-15,0.0,0.0,0.0,0.0,1.0,0.0
2000-12-22,0.0,0.0,0.0,0.0,1.0,0.0
2000-12-29,0.0,0.0,0.0,0.0,1.0,0.0
2001-01-05,0.0,0.0,0.0,0.0,1.0,0.0
2001-01-12,0.0,0.0,0.0,0.0,1.0,0.0
2001-01-19,0.0,0.0,0.0,0.0,1.0,0.0
2001-01-26,0.0,0.0,0.0,0.0,1.0,0.0
2001-02-02,0.0,0.0,0.0,0.0,1.0,0.0
2001-02-09,0.0,0.0,0.0,0.0,1.0,0.0
2001-02-16,0.0,0.0,0.0,0.0,1.0,0.0
2001-02-23,0.0,0.0,0.0,0.0,1.0,0.0
2001-03-02,0.0,0.0,0.0,0.0,1.0,0.0
2001-03-09,0.0,0.0,0.0,0.0,1.0,0.0
2001-03-16,0.0,0.0,0.0,0.0,1.0,0.0
2001-03-23,0.0,0.0,0.0,0.0,1.0,0.0
2001-03-30,0.0,0.0,0.0,0.0,1.0,0.0
2001-04-06,0.0,0.0,0.0,0.0,1.0,0.0
2001-04-13,0.0,0.0,0.0,0.0,1.0,0.0
2001-04-20,0.0,0.0,0.0,0.0,1.0,0.0
2001-04-27,0.0,0.0,0.0,0.0,1.0,0.0
2001-05-04,0.0,0.0,0.0,0.0,1.0,0.0
2001-05-11,0.0,0.0,0.0,0.0,1.0,0.0
2001-05-18,0.0,0.0,0.0,0.0,1.0,0.0
2001-05-25,0.0,0.0,0.0,0.0,1.0,0.0
2001-06-01,0.0,0.0,0.0,0.0,1.0,0.0
2001-06-08,0.0,0.0,0.0,0.0,1.0,0.0
2001-06-15,0.0,0.0,0.0,0.0,1.0,0.0
2001-06-22,0.0,0.0,0.0,0.0,1.0,0.0
2001-06-29,0.0,0.0,0.0,0.0,1.0,0.0
2001-07-06,0.0,0.0,0.0,0.0,1.0,0.0
2001-07-13,0.0,0.0,0.0,0.0,1.0,0.0
2001-07-20,0.0,0.0,0.0,0.0,1.0,0.0
2001-07-27,0.0,0.0,0.0,0.0,1.0,0.0
2001-08-03,0.0,0.0,0.0,0.0,1.0,0.0
2001-08-10,0.0,0.0,0.0,0.0,1.0,0.0
2001-08-17,0.0,0.0,0.0,0.0,1.0,0.0
2001-08-24,0.0,0.0,0.0,0.0,1.0,0.0
2001-08-31,0.0,0.0,0.0,0.0,1.0,0.0
2001-09-07,0.0,0.0,0.0,0.0,1.0,0.0
2001-09-14,0.0,0.0,0.0,0.0,1.0,0.0
2001-09-21,0.0,0.0,0.0,0.0,1.0,0.0
2001-09-28,0.0,0.0,0.0,0.0,1.0,0.0
2001-10-05,0.0,0.0,0.0,0.0,1.0,0.0
2001-10-12,0.0,0.0,0.0,0.0,1.0,0.0
2001-10-19,0.0,0.0,0.0,0.0,1.0,0.0
2001-10-26,0.0,0.0,0.0,0.0,1.0,0.0
2001-11-02,0.0,0.0,0.0,0.0,1.0,0.0
2001-11-09,0.0,0.0,0.0,0.0,1.0,0.0
2001-11-16,0.0,0.0,0.0,0.0,1.0,0.0
2001-11-23,0.0,0.0,0.0,0.0,1.0,0.0
2001-11-30,0.0,0.0,0.0,0.0,1.0,0.0
2001-12-07,0.0,0.0,0.0,0.0,1.0,0.0
2001-12-14,0.0,0.0,0.0,0.0,1.0,0.0
2001-12-21,0.0,0.0,0.0,0.0,1.0,0.0
2001-12-28,0.0,0.0,0.0,0.0,1.0,0.0
2002-01-04,0.0,0.0,0.0,0.0,1.0,0.0
2002-01-11,0.0,0.0,0.0,0.0,1.0,0.0
2002-01-18,0.0,0.0,0.0,0.0,1.0,0.0
2002-01-25,0.0,0.0,0.0,0.0,1.0,0.0
2002-02-01,0.0,0.0,0.0,0.0,1.0,0.0
2002-02-08,0.0,0.0,0.0,0.0,1.0,0.0
2002-02-15,0.0,0.0,0.0,0.0,1.0,0.0
2002-02-22,0.0,0.0,0.0,0.0,1.0,0.0
2002-03-01,0.0,0.0,0.0,0.0,1.0,0.0
2002-03-08,0.0,0.0,0.0,0.0,1.0,0.0
2002-03-15,0.0,0.0,0.0,0.0,1.0,0.0
2002-03-22,0.0,0.0,0.0,0.0,1.0,0.0
2002-03-29,0.0,0.0,0.0,0.0,1.0,0.0
2002-04-05,0.0,0.0,0.0,0.0,1.0,0.0
2002-04-12,0.0,0.0,0.0,0.0,1.0,0.0
2002-04-19,0.0,0.0,0.0,0.0,1.0,0.0
2002-04-26,0.0,0.0,0.0,0.0,1.0,0.0
2002-05-03,0.0,0.0,0.0,0.0,1.0,0.0
2002-05-10,0.0,0.0,0.0,0.0,1.0,0.0
2002-05-17,0.0,0.0,0.0,0.0,1.0,0.0
2002-05-24,0.0,0.0,0.0,0.0,1.0,0.0
2002-05-31,0.0,0.0,0.0,0.0,1.0,0.0
2002-06-07,0.0,0.0,0.0,0.0,1.0,0.0
2002-06-14,0.0,0.0,0.0,0.0,1.0,0.0
2002-06-21,0.0,0.0,0.0,0.0,1.0,0.0
2002-06-28,0.0,0.0,0.0,0.0,1.0,0.0
2002-07-05,0.0,0.0,0.0,0.0,1.0,0.0
2002-07-12,0.0,0.0,0.0,0.0,1.0,0.0
2002-07-19,0.0,0.0,0.0,0.0,1.0,0.0
2002-07-26,0.0,0.0,0.0,0.0,1.0,0.0
2002-08-02,0.0,0.0,0.0,0.0,1.0,0.0
2002-08-09,0.0,0.0,0.0,0.0,1.0,0.0
2002-08-16,0.0,0.0,0.0,0.0,1.0,0.0
2002-08-23,0.0,0.0,0.0,0.0,1.0,0.0
2002-08-30,0.0,0.0,0.0,0.0,1.0,0.0
2002-09-06,0.0,0.0,0.0,0.0,1.0,0.0
2002-09-13,0.0,0.0,0.0,0.0,1.0,0.0
2002-09-20,0.0,0.0,0.0,0.0,1.0,0.0
2002-09-27,0.0,0.0,0.0,0.0,1.0,0.0
2002-10-04,0.0,0.0,0.0,0.0,1.0,0.0
2002-10-11,0.0,0.0,0.0,0.0,1.0,0.0
2002-10-18,0.0,0.0,0.0,0.0,1.0,0.0
2002-10-25,0.0,0.0,0.0,0.0,1.0,0.0
2002-11-01,0.0,0.0,0.0,0.0,1.0,0.0
2002-11-08,0.0,0.0,0.0,0.0,1.0,0.0
2002-11-15,0.0,0.0,0.0,0.0,1.0,0.0
2002-11-22,0.0,0.0,0.0,0.0,1.0,0.0
2002-11-29,0.0,0.0,0.0,0.0,1.0,0.0
2002-12-06,0.0,0.0,0.0,0.0,1.0,0.0
2002-12-13,0.0,0.0,0.0,0.0,1.0,0.0
2002-12-20,0.0,0.0,0.0,0.0,1.0,0.0
2002-12-27,0.0,0.0,0.0,0.0,1.0,0.0
2003-01-03,0.0,0.0,0.0,0.0,1.0,0.0
2003-01-10,0.0,0.0,0.0,0.0,1.0,0.0
2003-01-17,0.0,0.0,0.0,0.0,1.0,0.0
2003-01-24,0.0,0.0,0.0,0.0,1.0,0.0
2003-01-31,0.0,0.0,0.0,0.0,1.0,0.0
2003-02-07,0.0,0.0,0.0,0.0,1.0,0.0
2003-02-14,0.0,0.0,0.0,0.0,1.0,0.0
2003-02-21,0.0,0.0,0.0,0.0,1.0,0.0
2003-02-28,0.0,0.0,0.0,0.0,1.0,0.0
2003-03-07,0.0,0.0,0.0,0.0,1.0,0.0
2003-03-14,0.0,0.0,0.0,0.0,1.0,0.0
2003-03-21,0.0,0.0,0.0,0.0,1.0,0.0
2003-03-28,0.0,0.0,0.0,0.0,1.0,0.0
2003-04-04,0.0,0.0,0.0,0.0,1.0,0.0
2003-04-11,0.0,0.0,0.0,0.0,1.0,0.0
2003-04-18,0.0,0.0,0.0,0.0,1.0,0.0
2003-04-25,0.0,0.0,0.0,0.0,1.0,0.0
2003-05-02,0.0,0.0,0.0,0.0,1.0,0.0
2003-05-09,0.0,0.0,0.0,0.0,1.0,0.0
2003-05-16,0.0,0.0,0.0,0.0,1.0,0.0
2003-05-23,0.0,0.0,0.0,0.0,1.0,0.0
2003-05-30,0.0,0.0,0.0,0.0,1.0,0.0
2003-06-06,0.0,0.0,0.0,0.0,1.0,0.0
2003-06-13,0.0,0.0,0.0,0.0,1.0,0.0
2003-06-20,0.0,0.0,0.0,0.0,1.0,0.0
2003-06-27,0.0,0.0,0.0,0.0,1.0,0.0
2003-07-04,0.0,0.0,0.0,0.0,1.0,0.0
2003-07-11,0.0,0.0,0.0,0.0,1.0,0.0
2003-07-18,0.0,0.0,0.0,0.0,1.0,0.0
2003-07-25,0.0,0.0,0.0,0.0,1.0,0.0
2003-08-01,0.0,0.0,0.0,0.0,1.0,0.0
2003-08-08,0.0,0.0,0.0,0.0,1.0,0.0
2003-08-15,0.0,0.0,0.0,0.0,1.0,0.0
2003-08-22,0.0,0.0,0.0,0.0,1.0,0.0
2003-08-29,0.0,0.0,0.0,0.0,1.0,0.0
2003-09-05,0.0,0.0,0.0,0.0,1.0,0.0
2003-09-12,0.0,0.0,0.0,0.0,1.0,0.0
2003-09-19,0.0,0.0,0.0,0.0,1.0,0.0
2003-09-26,0.0,0.0,0.0,0.0,1.0,0.0
2003-10-03,0.0,0.0,0.0,0.0,1.0,0.0
2003-10-10,0.0,0.0,0.0,0.0,1.0,0.0
2003-10-17,0.0,0.0,0.0,0.0,1.0,0.0
2003-10-24,0.0,0.0,0.0,0.0,1.0,0.0
2003-10-31,0.0,0.0,0.0,0.0,1.0,0.0
2003-11-07,0.0,0.0,0.0,0.0,1.0,0.0
2003-11-14,0.0,0.0,0.0,0.0,1.0,0.0
2003-11-21,0.0,0.0,0.0,0.0,1.0,0.0
2003-11-28,0.0,0.0,0.0,0.0,1.0,0.0
2003-12-05,0.0,0.0,0.0,0.0,1.0,0.0
2003-12-12,0.0,0.0,0.0,0.0,1.0,0.0
2003-12-19,0.0,0.0,0.0,0.0,1.0,0.0
2003-12-26,0.0,0.0,0.0,0.0,1.0,0.0
2004-01-02,0.0,0.0,0.0,0.0,1.0,0.0
2004-01-09,0.0,0.0,0.0,0.0,1.0,0.0
2004-01-16,0.0,0.0,0.0,0.0,1.0,0.0
2004-01-23,0.0,0.0,0.0,0.0,1.0,0.0
2004-01-30,0.0,0.0,0.0,0.0,1.0,0.0
2004-02-06,0.0,0.0,0.0,0.0,1.0,0.0
2004-02-13,0.0,0.0,0.0,0.0,1.0,0.0
2004-02-20,0.0,0.0,0.0,0.0,1.0,0.0
2004-02-27,0.0,0.0,0.0,0.0,1.0,0.0
2004-03-05,0.0,0.0,0.0,0.0,1.0,0.0
2004-03-12,0.0,0.0,0.0,0.0,1.0,0.0
2004-03-19,0.0,0.0,0.0,0.0,1.0,0.0
2004-03-26,0.0,0.0,0.0,0.0,1.0,0.0
2004-04-02,0.0,0.0,0.0,0.0,1.0,0.0
2004-04-09,0.0,0.0,0.0,0.0,1.0,0.0
2004-04-16,0.0,0.0,0.0,0.0,1.0,0.0
2004-04-23,0.0,0.0,0.0,0.0,1.0,0.0
2004-04-30,0.0,0.0,0.0,0.0,1.0,0.0
2004-05-07,0.0,0.0,0.0,0.0,1.0,0.0
2004-05-14,0.0,0.0,0.0,0.0,1.0,0.0
2004-05-21,0.0,0.0,0.0,0.0,1.0,0.0
2004-05-28,0.0,0.0,0.0,0.0,1.0,0.0
2004-06-04,0.0,0.0,0.0,0.0,1.0,0.0
2004-06-11,0.0,0.0,0.0,0.0,1.0,0.0
2004-06-18,0.0,0.0,0.0,0.0,1.0,0.0
2004-06-25,0.0,0.0,0.0,0.0,1.0,0.0
2004-07-02,0.0,0.0,0.0,0.0,1.0,0.0
2004-07-09,0.0,0.0,0.0,0.0,1.0,0.0
2004-07-16,0.0,0.0,0.0,0.0,1.0,0.0
2004-07-23,0.0,0.0,0.0,0.0,1.0,0.0
2004-07-30,0.0,0.0,0.0,0.0,1.0,0.0
2004-08-06,0.0,0.0,0.0,0.0,1.0,0.0
2004-08-13,0.0,0.0,0.0,0.0,1.0,0.0
2004-08-20,0.0,0.0,0.0,0.0,1.0,0.0
2004-08-27,0.0,0.0,0.0,0.0,1.0,0.0
2004-09-03,0.0,0.0,0.0,0.0,1.0,0.0
2004-09-10,0.0,0.0,0.0,0.0,1.0,0.0
2004-09-17,0.0,0.0,0.0,0.0,1.0,0.0
2004-09-24,0.0,0.0,0.0,0.0,1.0,0.0
2004-10-01,0.0,0.0,0.0,0.0,1.0,0.0
2004-10-08,0.0,0.0,0.0,0.0,1.0,0.0
2004-10-15,0.0,0.0,0.0,0.0,1.0,0.0
2004-10-22,0.0,0.0,0.0,0.0,1.0,0.0
2004-10-29,0.0,0.0,0.0,0.0,1.0,0.0
2004-11-05,0.0,0.0,0.0,0.0,1.0,0.0
2004-11-12,0.0,0.0,0.0,0.0,1.0,0.0
2004-11-19,0.0,0.0,0.0,0.0,1.0,0.0
2004-11-26,0.0,0.0,0.0,0.0,1.0,0.0
2004-12-03,0.0,0.0,0.0,0.0,1.0,0.0
2004-12-10,0.0,0.0,0.0,0.0,1.0,0.0
2004-12-17,0.0,0.0,0.0,0.0,1.0,0.0
2004-12-24,0.0,0.0,0.0,0.0,1.0,0.0
2004-12-31,0.0,0.0,0.0,0.0,1.0,0.0
2005-01-07,0.0,0.0,0.0,0.0,1.0,0.0
2005-01-14,0.0,0.0,0.0,0.0,1.0,0.0
2005-01-21,0.0,0.0,0.0,0.0,1.0,0.0
2005-01-28,0.0,0.0,0.0,0.0,1.0,0.0
2005-02-04,0.0,0.0,0.0,0.0,1.0,0.0
2005-02-11,0.0,0.0,0.0,0.0,1.0,0.0
2005-02-18,0.0,0.0,0.0,0.0,1.0,0.0
2005-02-25,0.0,0.0,0.0,0.0,1.0,0.0
2005-03-04,0.0,0.0,0.0,0.0,1.0,0.0
2005-03-11,0.0,0.0,0.0,0.0,1.0,0.0
2005-03-18,0.0,0.0,0.0,0.0,1.0,0.0
2005-03-25,0.0,0.0,0.0,0.0,1.0,0.0
2005-04-01,0.0,0.0,0.0,0.0,1.0,0.0
2005-04-08,0.0,0.0,0.0,0.0,1.0,0.0
2005-04-15,0.0,0.0,0.0,0.0,1.0,0.0
2005-04-22,0.0,0.0,0.0,0.0,1.0,0.0
2005-04-29,0.0,0.0,0.0,0.0,1.0,0.0
2005-05-06,0.0,0.0,0.0,0.0,1.0,0.0
2005-05-13,0.0,0.0,0.0,0.0,1.0,0.0
2005-05-20,0.0,0.0,0.0,0.0,1.0,0.0
2005-05-27,0.0,0.0,0.0,0.0,1.0,0.0
2005-06-03,0.0,0.0,0.0,0.0,1.0,0.0
2005-06-10,0.0,0.0,0.0,0.0,1.0,0.0
2005-06-17,0.0,0.0,0.0,0.0,1.0,0.0
2005-06-24,0.0,0.0,0.0,0.0,1.0,0.0
2005-07-01,0.0,0.0,0.0,0.0,1.0,0.0
2005-07-08,0.0,0.0,0.0,0.0,1.0,0.0
2005-07-15,0.0,0.0,0.0,0.0,1.0,0.0
2005-07-22,0.0,0.0,0.0,0.0,1.0,0.0
2005-07-29,0.0,0.0,0.0,0.0,1.0,0.0
2005-08-05,0.0,0.0,0.0,0.0,1.0,0.0
2005-08-12,0.0,0.0,0.0,0.0,1.0,0.0
2005-08-19,0.0,0.0,0.0,0.0,1.0,0.0
2005-08-26,0.0,0.0,0.0,0.0,1.0,0.0
2005-09-02,0.0,0.0,0.0,0.0,1.0,0.0
2005-09-09,0.0,0.0,0.0,0.0,1.0,0.0
2005-09-16,0.0,0.0,0.0,0.0,1.0,0.0
2005-09-23,0.0,0.0,0.0,0.0,1.0,0.0
2005-09-30,0.0,0.0,0.0,0.0,1.0,0.0
2005-10-07,0.0,0.0,0.0,0.0,1.0,0.0
2005-10-14,0.0,0.0,0.0,0.0,1.0,0.0
2005-10-21,0.0,0.0,0.0,0.0,1.0,0.0
2005-10-28,0.0,0.0,0.0,0.0,1.0,0.0
2005-11-04,0.0,0.0,0.0,0.0,1.0,0.0
2005-11-11,0.0,0.0,0.0,0.0,1.0,0.0
2005-11-18,0.0,0.0,0.0,0.0,1.0,0.0
2005-11-25,0.0,0.0,0.0,0.0,1.0,0.0
2005-12-02,0.0,0.0,0.0,0.0,1.0,0.0
2005-12-09,0.0,0.0,0.0,0.0,1.0,0.0
2005-12-16,0.0,0.0,0.0,0.0,1.0,0.0
2005-12-23,0.0,0.0,0.0,0.0,1.0,0.0
2005-12-30,0.0,0.0,0.0,0.0,1.0,0.0
2006-01-06,0.0,0.0,0.0,0.0,1.0,0.0
2006-01-13,0.0,0.0,0.0,0.0,1.0,0.0
2006-01-20,0.0,0.0,0.0,0.0,1.0,0.0
2006-01-27,0.0,0.0,0.0,0.0,1.0,0.0
2006-02-03,0.0,0.0,0.0,0.0,1.0,0.0
2006-02-10,0.0,0.0,0.0,0.0,1.0,0.0
2006-02-17,0.0,0.0,0.0,0.0,1.0,0.0
2006-02-24,0.0,0.0,0.0,0.0,1.0,0.0
2006-03-03,0.0,0.0,0.0,0.0,1.0,0.0
2006-03-10,0.0,0.0,0.0,0.0,1.0,0.0
2006-03-17,0.0,0.0,0.0,0.0,1.0,0.0
2006-03-24,0.0,0.0,0.0,0.0,1.0,0.0
2006-03-31,0.0,0.0,0.0,0.0,1.0,0.0
2006-04-07,0.0,0.0,0.0,0.0,1.0,0.0
2006-04-14,0.0,0.0,0.0,0.0,1.0,0.0
2006-04-21,0.0,0.0,0.0,0.0,1.0,0.0
2006-04-28,0.0,0.0,0.0,0.0,1.0,0.0
2006-05-05,0.0,0.0,0.0,0.0,1.0,0.0
2006-05-12,0.0,0.0,0.0,0.0,1.0,0.0
2006-05-19,0.0,0.0,0.0,0.0,1.0,0.0
2006-05-26,0.0,0.0,0.0,0.0,1.0,0.0
2006-06-02,0.0,0.0,0.0,0.0,1.0,0.0
2006-06-09,0.0,0.0,0.0,0.0,1.0,0.0
2006-06-16,0.0,0.0,0.0,0.0,1.0,0.0
2006-06-23,0.0,0.0,0.0,0.0,1.0,0.0
2006-06-30,0.0,0.0,0.0,0.0,1.0,0.0
2006-07-07,0.0,0.0,0.0,0.0,1.0,0.0
2006-07-14,0.0,0.0,0.0,0.0,1.0,0.0
2006-07-21,0.0,0.0,0.0,0.0,1.0,0.0
2006-07-28,0.0,0.0,0.0,0.0,1.0,0.0
2006-08-04,0.0,0.0,0.0,0.0,1.0,0.0
2006-08-11,0.0,0.0,0.0,0.0,1.0,0.0
2006-08-18,0.0,0.0,0.0,0.0,1.0,0.0
2006-08-25,0.0,0.0,0.0,0.0,1.0,0.0
2006-09-01,0.0,0.0,0.0,0.0,1.0,0.0
2006-09-08,0.0,0.0,0.0,0.0,1.0,0.0
2006-09-15,0.0,0.0,0.0,0.0,1.0,0.0
2006-09-22,0.0,0.0,0.0,0.0,1.0,0.0
2006-09-29,0.0,0.0,0.0,0.0,1.0,0.0
2006-10-06,0.0,0.0,0.0,0.0,1.0,0.0
2006-10-13,0.0,0.0,0.0,0.0,1.0,0.0
2006-10-20,0.0,0.0,0.0,0.0,1.0,0.0
2006-10-27,0.0,0.0,0.0,0.0,1.0,0.0
2006-11-03,0.0,0.0,0.0,0.0,1.0,0.0
2006-11-10,0.0,0.0,0.0,0.0,1.0,0.0
2006-11-17,0.0,0.0,0.0,0.0,1.0,0.0
2006-11-24,0.0,0.0,0.0,0.0,1.0,0.0
2006-12-01,0.0,0.0,0.0,0.0,1.0,0.0
2006-12-08,0.0,0.0,0.0,0.0,1.0,0.0
2006-12-15,0.0,0.0,0.0,0.0,1.0,0.0
2006-12-22,0.0,0.0,0.0,0.0,1.0,0.0
2006-12-29,0.0,0.0,0.0,0.0,1.0,0.0
2007-01-05,0.0,0.0,0.0,0.0,1.0,0.0
2007-01-12,0.0,0.0,0.0,0.0,1.0,0.0
2007-01-19,0.0,0.0,0.0,0.0,1.0,0.0
2007-01-26,0.0,0.0,0.0,0.0,1.0,0.0
2007-02-02,0.0,0.0,0.0,0.0,1.0,0.0
2007-02-09,0.0,0.0,0.0,0.0,1.0,0.0
2007-02-16,0.0,0.0,0.0,0.0,1.0,0.0
2007-02-23,0.0,0.0,0.0,0.0,1.0,0.0
2007-03-02,0.0,0.0,0.0,0.0,1.0,0.0
2007-03-09,0.0,0.0,0.0,0.0,1.0,0.0
2007-03-16,0.0,0.0,0.0,0.0,1.0,0.0
2007-03-23,0.0,0.0,0.0,0.0,1.0,0.0
2007-03-30,0.0,0.0,0.0,0.0,1.0,0.0
2007-04-06,0.0,0.0,0.0,0.0,1.0,0.0
2007-04-13,0.0,0.0,0.0,0.0,1.0,0.0
2007-04-20,0.0,0.0,0.0,0.0,1.0,0.0
2007-04-27,0.0,0.0,0.0,0.0,1.0,0.0
2007-05-04,0.0,0.0,0.0,0.0,1.0,0.0
2007-05-11,0.0,0.0,0.0,0.0,1.0,0.0
2007-05-18,0.0,0.0,0.0,0.0,1.0,0.0
2007-05-25,0.0,0.0,0.0,0.0,1.0,0.0
2007-06-01,0.0,0.0,0.0,0.0,1.0,0.0
2007-06-08,0.0,0.0,0.0,0.0,1.0,0.0
2007-06-15,0.0,0.0,0.0,0.0,1.0,0.0
2007-06-22,0.0,0.0,0.0,0.0,1.0,0.0
2007-06-29,0.0,0.0,0.0,0.0,1.0,0.0
2007-07-06,0.0,0.0,0.0,0.0,1.0,0.0
2007-07-13,0.0,0.0,0.0,0.0,1.0,0.0
2007-07-20,0.0,0.0,0.0,0.0,1.0,0.0
2007-07-27,0.0,0.0,0.0,0.0,1.0,0.0
2007-08-03,0.0,0.0,0.0,0.0,1.0,0.0
2007-08-10,0.0,0.0,0.0,0.0,1.0,0.0
2007-08-17,0.0,0.0,0.0,0.0,1.0,0.0
2007-08-24,0.0,0.0,0.0,0.0,1.0,0.0
2007-08-31,0.0,0.0,0.0,0.0,1.0,0.0
2007-09-07,0.0,0.0,0.0,0.0,1.0,0.0
2007-09-14,0.0,0.0,0.0,0.0,1.0,0.0
2007-09-21,0.0,0.0,0.0,0.0,1.0,0.0
2007-09-28,0.0,0.0,0.0,0.0,1.0,0.0
2007-10-05,0.0,0.0,0.0,0.0,1.0,0.0
2007-10-12,0.0,0.0,0.0,0.0,1.0,0.0
2007-10-19,0.0,0.0,0.0,0.0,1.0,0.0
2007-10-26,0.0,0.0,0.0,0.0,1.0,0.0
2007-11-02,0.0,0.0,0.0,0.0,1.0,0.0
2007-11-09,0.0,0.0,0.0,0.0,1.0,0.0
2007-11-16,0.0,0.0,0.0,0.0,1.0,0.0
2007-11-23,0.0,0.0,0.0,0.0,1.0,0.0
2007-11-30,0.0,0.0,0.0,0.0,1.0,0.0
2007-12-07,0.0,0.0,0.0,0.0,1.0,0.0
2007-12-14,0.0,0.0,0.0,0.0,1.0,0.0
2007-12-21,0.0,0.0,0.0,0.0,1.0,0.0
2007-12-28,0.0,0.0,0.0,0.0,1.0,0.0
2008-01-04,0.0,0.0,0.0,0.0,1.0,0.0
2008-01-11,0.0,0.0,0.0,0.0,1.0,0.0
2008-01-18,0.0,0.0,0.0,0.0,1.0,0.0
2008-01-25,0.0,0.0,0.0,0.0,1.0,0.0
2008-02-01,0.0,0.0,0.0,0.0,1.0,0.0
2008-02-08,0.0,0.0,0.0,0.0,1.0,0.0
2008-02-15,0.0,0.0,0.0,0.0,1.0,0.0
2008-02-22,0.0,0.0,0.0,0.0,1.0,0.0
2008-02-29,0.0,0.0,0.0,0.0,1.0,0.0
2008-03-07,0.0,0.0,0.0,0.0,1.0,0.0
2008-03-14,0.0,0.0,0.0,0.0,1.0,0.0
2008-03-21,0.0,0.0,0.0,0.0,1.0,0.0
2008-03-28,0.0,0.0,0.0,0.0,1.0,0.0
2008-04-04,0.0,0.0,0.0,0.0,1.0,0.0
2008-04-11,0.0,0.0,0.0,0.0,1.0,0.0
2008-04-18,0.0,0.0,0.0,0.0,1.0,0.0
2008-04-25,0.0,0.0,0.0,0.0,1.0,0.0
2008-05-02,0.0,0.0,0.0,0.0,1.0,0.0
2008-05-09,0.0,0.0,0.0,0.0,1.0,0.0
2008-05-16,0.0,0.0,0.0,0.0,1.0,0.0
2008-05-23,0.0,0.0,0.0,0.0,1.0,0.0
2008-05-30,0.0,0.0,0.0,0.0,1.0,0.0
2008-06-06,0.0,0.0,0.0,0.0,1.0,0.0
2008-06-13,0.0,0.0,0.0,0.0,1.0,0.0
2008-06-20,0.0,0.0,0.0,0.0,1.0,0.0
2008-06-27,0.0,0.0,0.0,0.0,1.0,0.0
2008-07-04,0.0,0.0,0.0,0.0,1.0,0.0
2008-07-11,0.0,0.0,0.0,0.0,1.0,0.0
2008-07-18,0.0,0.0,0.0,0.0,1.0,0.0
2008-07-25,0.0,0.0,0.0,0.0,1.0,0.0
2008-08-01,0.0,0.0,0.0,0.0,1.0,0.0
2008-08-08,0.0,0.0,0.0,0.0,1.0,0.0
2008-08-15,0.0,0.0,0.0,0.0,1.0,0.0
2008-08-22,0.0,0.0,0.0,0.0,1.0,0.0
2008-08-29,0.0,0.0,0.0,0.0,1.0,0.0
2008-09-05,0.0,0.0,0.0,0.0,1.0,0.0
2008-09-12,0.0,0.0,0.0,0.0,1.0,0.0
2008-09-19,0.0,0.0,0.0,0.0,1.0,0.0
2008-09-26,0.0,0.0,0.0,0.0,1.0,0.0
2008-10-03,0.0,0.0,0.0,0.0,1.0,0.0
2008-10-10,0.0,0.0,0.0,0.0,1.0,0.0
2008-10-17,0.0,0.0,0.0,0.0,1.0,0.0
2008-10-24,0.0,0.0,0.0,0.0,1.0,0.0
2008-10-31,0.0,0.0,0.0,0.0,1.0,0.0
2008-11-07,0.0,0.0,0.0,0.0,1.0,0.0
2008-11-14,0.0,0.0,0.0,0.0,1.0,0.0
2008-11-21,0.0,0.0,0.0,0.0,1.0,0.0
2008-11-28,0.0,0.0,0.0,0.0,1.0,0.0
2008-12-05,0.0,0.0,0.0,0.0,1.0,0.0
2008-12-12,0.0,0.0,0.0,0.0,1.0,0.0
2008-12-19,0.0,0.0,0.0,0.0,1.0,0.0
2008-12-26,0.0,0.0,0.0,0.0,1.0,0.0
2009-01-02,0.0,0.0,0.0,0.0,1.0,0.0
2009-01-09,0.0,0.0,0.0,0.0,1.0,0.0
2009-01-16,0.0,0.0,0.0,0.0,1.0,0.0
2009-01-23,0.0,0.0,0.0,0.0,1.0,0.0
2009-01-30,0.0,0.0,0.0,0.0,1.0,0.0
2009-02-06,0.0,0.0,0.0,0.0,1.0,0.0
2009-02-13,0.0,0.0,0.0,0.0,1.0,0.0
2009-02-20,0.0,0.0,0.0,0.0,1.0,0.0
2009-02-27,0.0,0.0,0.0,0.0,1.0,0.0
2009-03-06,0.0,0.0,0.0,0.0,1.0,0.0
2009-03-13,0.0,0.0,0.0,0.0,1.0,0.0
2009-03-20,0.0,0.0,0.0,0.0,1.0,0.0
2009-03-27,0.0,0.0,0.0,0.0,1.0,0.0
2009-04-03,0.0,0.0,0.0,0.0,1.0,0.0
2009-04-10,0.0,0.0,0.0,0.0,1.0,0.0
2009-04-17,0.0,0.0,0.0,0.0,1.0,0.0
2009-04-24,0.0,0.0,0.0,0.0,1.0,0.0
2009-05-01,0.0,0.0,0.0,0.0,1.0,0.0
2009-05-08,0.0,0.0,0.0,0.0,1.0,0.0
2009-05-15,0.0,0.0,0.0,0.0,1.0,0.0
2009-05-22,0.0,0.0,0.0,0.0,1.0,0.0
2009-05-29,0.0,0.0,0.0,0.0,1.0,0.0
2009-06-05,0.0,0.0,0.0,0.0,1.0,0.0
2009-06-12,0.0,0.0,0.0,0.0,1.0,0.0
2009-06-19,0.0,0.0,0.0,0.0,1.0,0.0
2009-06-26,0.0,0.0,0.0,0.0,1.0,0.0
2009-07-03,0.0,0.0,0.0,0.0,1.0,0.0
2009-07-10,0.0,0.0,0.0,0.0,1.0,0.0
2009-07-17,0.0,0.0,0.0,0.0,1.0,0.0
2009-07-24,0.0,0.0,0.0,0.0,1.0,0.0
2009-07-31,0.0,0.0,0.0,0.0,1.0,0.0
2009-08-07,0.0,0.0,0.0,0.0,1.0,0.0
2009-08-14,0.0,0.0,0.0,0.0,1.0,0.0
2009-08-21,0.0,0.0,0.0,0.0,1.0,0.0
2009-08-28,0.0,0.0,0.0,0.0,1.0,0.0
2009-09-04,0.0,0.0,0.0,0.0,1.0,0.0
2009-09-11,0.0,0.0,0.0,0.0,1.0,0.0
2009-09-18,0.0,0.0,0.0,0.0,1.0,0.0
2009-09-25,0.0,0.0,0.0,0.0,1.0,0.0
2009-10-02,0.0,0.0,0.0,0.0,1.0,0.0
2009-10-09,0.0,0.0,0.0,0.0,1.0,0.0
2009-10-16,0.0,0.0,0.0,0.0,1.0,0.0
2009-10-23,0.0,0.0,0.0,0.0,1.0,0.0
2009-10-30,0.0,0.0,0.0,0.0,1.0,0.0
2009-11-06,0.0,0.0,0.0,0.0,1.0,0.0
2009-11-13,0.0,0.0,0.0,0.0,1.0,0.0
2009-11-20,0.0,0.0,0.0,0.0,1.0,0.0
2009-11-27,0.0,0.0,0.0,0.0,1.0,0.0
2009-12-04,0.0,0.0,0.0,0.0,1.0,0.0
2009-12-11,0.0,0.0,0.0,0.0,1.0,0.0
2009-12-18,0.0,0.0,0.0,0.0,1.0,0.0
2009-12-25,0.0,0.0,0.0,0.0,1.0,0.0
2010-01-01,0.0,0.0,0.0,0.0,1.0,0.0
2010-01-08,0.0,0.0,0.0,0.0,1.0,0.0
2010-01-15,0.0,0.0,0.0,0.0,1.0,0.0
2010-01-22,0.0,0.0,0.0,0.0,1.0,0.0
2010-01-29,0.0,0.0,0.0,0.0,1.0,0.0
2010-02-05,0.0,0.0,0.0,0.0,1.0,0.0
2010-02-12,0.0,0.0,0.0,0.0,1.0,0.0
2010-02-19,0.0,0.0,0.0,0.0,1.0,0.0
2010-02-26,0.0,0.0,0.0,0.0,1.0,0.0
2010-03-05,0.0,0.0,0.0,0.0,1.0,0.0
2010-03-12,0.0,0.0,0.0,0.0,1.0,0.0
2010-03-19,0.0,0.0,0.0,0.0,1.0,0.0
2010-03-26,0.0,0.0,0.0,0.0,1.0,0.0
2010-04-02,0.0,0.0,0.0,0.0,1.0,0.0
2010-04-09,0.0,0.0,0.0,0.0,1.0,0.0
2010-04-16,0.0,0.0,0.0,0.0,1.0,0.0
2010-04-23,0.0,0.0,0.0,0.0,1.0,0.0
2010-04-30,0.0,0.0,0.0,0.0,1.0,0.0
2010-05-07,0.0,0.0,0.0,0.0,1.0,0.0
2010-05-14,0.0,0.0,0.0,0.0,1.0,0.0
2010-05-21,0.0,0.0,0.0,0.0,1.0,0.0
2010-05-28,0.0,0.0,0.0,0.0,1.0,0.0
2010-06-04,0.0,0.0,0.0,0.0,1.0,0.0
2010-06-11,0.0,0.0,0.0,0.0,1.0,0.0
2010-06-18,0.0,0.0,0.0,0.0,1.0,0.0
2010-06-25,0.0,0.0,0.0,0.0,1.0,0.0
2010-07-02,0.0,0.0,0.0,0.0,1.0,0.0
2010-07-09,0.0,0.0,0.0,0.0,1.0,0.0
2010-07-16,0.0,0.0,0.0,0.0,1.0,0.0
2010-07-23,0.0,0.0,0.0,0.0,1.0,0.0
2010-07-30,0.0,0.0,0.0,0.0,1.0,0.0
2010-08-06,0.0,0.0,0.0,0.0,1.0,0.0
2010-08-13,0.0,0.0,0.0,0.0,1.0,0.0
2010-08-20,0.0,0.0,0.0,0.0,1.0,0.0
2010-08-27,0.0,0.0,0.0,0.0,1.0,0.0
2010-09-03,0.0,0.0,0.0,0.0,1.0,0.0
2010-09-10,0.0,0.0,0.0,0.0,1.0,0.0
2010-09-17,0.0,0.0,0.0,0.0,1.0,0.0
2010-09-24,0.0,0.0,0.0,0.0,1.0,0.0
2010-10-01,0.0,0.0,0.0,0.0,1.0,0.0
2010-10-08,0.0,0.0,0.0,0.0,1.0,0.0
2010-10-15,0.0,0.0,0.0,0.0,1.0,0.0
2010-10-22,0.0,0.0,0.0,0.0,1.0,0.0
2010-10-29,0.0,0.0,0.0,0.0,1.0,0.0
2010-11-05,0.0,0.0,0.0,0.0,1.0,0.0
2010-11-12,0.0,0.0,0.0,0.0,1.0,0.0
2010-11-19,0.0,0.0,0.0,0.0,1.0,0.0
2010-11-26,0.0,0.0,0.0,0.0,1.0,0.0
2010-12-03,0.0,0.0,0.0,0.0,1.0,0.0
2010-12-10,0.0,0.0,0.0,0.0,1.0,0.0
2010-12-17,0.0,0.0,0.0,0.0,1.0,0.0
2010-12-24,0.0,0.0,0.0,0.0,1.0,0.0
2010-12-31,0.0,0.0,0.0,0.0,1.0,0.0
2011-01-07,0.0,0.0,0.0,0.0,1.0,0.0
2011-01-14,0.0,0.0,0.0,0.0,1.0,0.0
2011-01-21,0.0,0.0,0.0,0.0,1.0,0.0
2011-01-28,0.0,0.0,0.0,0.0,1.0,0.0
2011-02-04,0.0,0.0,0.0,0.0,1.0,0.0
2011-02-11,0.0,0.0,0.0,0.0,1.0,0.0
2011-02-18,0.0,0.0,0.0,0.0,1.0,0.0
2011-02-25,0.0,0.0,0.0,0.0,1.0,0.0
2011-03-04,0.0,0.0,0.0,0.0,1.0,0.0
2011-03-11,0.0,0.0,0.0,0.0,1.0,0.0
2011-03-18,0.0,0.0,0.0,0.0,1.0,0.0
2011-03-25,0.0,0.0,0.0,0.0,1.0,0.0
2011-04-01,0.0,0.0,0.0,0.0,1.0,0.0
2011-04-08,0.0,0.0,0.0,0.0,1.0,0.0
2011-04-15,0.0,0.0,0.0,0.0,1.0,0.0
2011-04-22,0.0,0.0,0.0,0.0,1.0,0.0
2011-04-29,0.0,0.0,0.0,0.0,1.0,0.0
2011-05-06,0.0,0.0,0.0,0.0,1.0,0.0
2011-05-13,0.0,0.0,0.0,0.0,1.0,0.0
2011-05-20,0.0,0.0,0.0,0.0,1.0,0.0
2011-05-27,0.0,0.0,0.0,0.0,1.0,0.0
2011-06-03,0.0,0.0,0.0,0.0,1.0,0.0
2011-06-10,0.0,0.0,0.0,0.0,1.0,0.0
2011-06-17,0.0,0.0,0.0,0.0,1.0,0.0
2011-06-24,0.0,0.0,0.0,0.0,1.0,0.0
2011-07-01,0.0,0.0,0.0,0.0,1.0,0.0
2011-07-08,0.0,0.0,0.0,0.0,1.0,0.0
2011-07-15,0.0,0.0,0.0,0.0,1.0,0.0
2011-07-22,0.0,0.0,0.0,0.0,1.0,0.0
2011-07-29,0.0,0.0,0.0,0.0,1.0,0.0
2011-08-05,0.0,0.0,0.0,0.0,1.0,0.0
2011-08-12,0.0,0.0,0.0,0.0,1.0,0.0
2011-08-19,0.0,0.0,0.0,0.0,1.0,0.0
2011-08-26,0.0,0.0,0.0,0.0,1.0,0.0
2011-09-02,0.0,0.0,0.0,0.0,1.0,0.0
2011-09-09,0.0,0.0,0.0,0.0,1.0,0.0
2011-09-16,0.0,0.0,0.0,0.0,1.0,0.0
2011-09-23,0.0,0.0,0.0,0.0,1.0,0.0
2011-09-30,0.0,0.0,0.0,0.0,1.0,0.0
2011-10-07,0.0,0.0,0.0,0.0,1.0,0.0
2011-10-14,0.0,0.0,0.0,0.0,1.0,0.0
2011-10-21,0.0,0.0,0.0,0.0,1.0,0.0
2011-10-28,0.0,0.0,0.0,0.0,1.0,0.0
2011-11-04,0.0,0.0,0.0,0.0,1.0,0.0
2011-11-11,0.0,0.0,0.0,0.0,1.0,0.0
2011-11-18,0.0,0.0,0.0,0.0,1.0,0.0
2011-11-25,0.0,0.0,0.0,0.0,1.0,0.0
2011-12-02,0.0,0.0,0.0,0.0,1.0,0.0
2011-12-09,0.0,0.0,0.0,0.0,1.0,0.0
2011-12-16,0.0,0.0,0.0,0.0,1.0,0.0
2011-12-23,0.0,0.0,0.0,0.0,1.0,0.0
2011-12-30,0.0,0.0,0.0,0.0,1.0,0.0
2012-01-06,0.0,0.0,0.0,0.0,1.0,0.0
2012-01-13,0.0,0.0,0.0,0.0,1.0,0.0
2012-01-20,0.0,0.0,0.0,0.0,1.0,0.0
2012-01-27,0.0,0.0,0.0,0.0,1.0,0.0
2012-02-03,0.0,0.0,0.0,0.0,1.0,0.0
2012-02-10,0.0,0.0,0.0,0.0,1.0,0.0
2012-02-17,0.0,0.0,0.0,0.0,1.0,0.0
2012-02-24,0.0,0.0,0.0,0.0,1.0,0.0
2012-03-02,0.0,0.0,0.0,0.0,1.0,0.0
2012-03-09,0.0,0.0,0.0,0.0,1.0,0.0
2012-03-16,0.0,0.0,0.0,0.0,1.0,0.0
2012-03-23,0.0,0.0,0.0,0.0,1.0,0.0
2012-03-30,0.0,0.0,0.0,0.0,1.0,0.0
2012-04-06,-0.019449533277703934,1.0,0.005,-0.024449533277703935,0.9755504667222961,-0.02444953327770394
2012-04-13,-0.03493512777164395,0.0,0.0,-0.03493512777164395,0.9414694865196658,-0.05853051348033422
2012-04-20,0.008546532661861273,0.0,0.0,0.008546532661861273,0.9495157862363518,-0.0504842137636482
2012-04-27,-0.04252046848968996,0.0,0.0,-0.04252046848968996,0.9091419301672259,-0.09085806983277411
2012-05-04,-0.01488894680976938,0.0,0.0,-0.01488894680976938,0.895605764326435,-0.10439423567356498
2012-05-11,-0.037237707940525035,0.0,0.0,-0.037237707940525035,0.8622554584445965,-0.1377445415554035
2012-05-18,0.035584063685710196,0.0,0.0,0.035584063685710196,0.8929380115912402,-0.1070619884087598
2012-05-25,-0.04144361395992673,0.0,0.0,-0.04144361395992673,0.8559314333487082,-0.14406856665129175
2012-06-01,0.04051958239069769,0.0,0.0,0.04051958239069769,0.8906134175830691,-0.10938658241693089
2012-06-08,0.01830124445951642,0.0,0.0,0.01830124445951642,0.9069127514571821,-0.09308724854281791
2012-06-15,0.01889741542513159,0.0,0.0,0.01889741542513159,0.9240510584758176,-0.07594894152418241
2012-06-22,0.03917427588524012,0.0,0.0,0.03917427588524012,0.9602500895725974,-0.03974991042740261
2012-06-29,-0.008085511013704206,0.0,0.0,-0.008085511013704206,0.9524859768974476,-0.04751402310255237
2012-07-06,-0.0006109137268148334,0.2,0.001,-0.0016109137268148334,0.9509516041626649,-0.04904839583733511
2012-07-13,0.015814513861532275,0.0,0.0,0.015814513861532275,0.9659904414883417,-0.03400955851165832
2012-07-20,0.013774134168959076,0.0,0.0,0.013774134168959076,0.979296123435334,-0.02070387656466599
2012-07-27,0.04393395318774207,0.0,0.0,0.04393395318774207,1.0223204734792792,0.0
2012-08-03,0.023923741938021117,0.0,0.0,0.023923741938021117,1.0467782046647531,0.0
2012-08-10,0.023303403833609113,0.0,0.0,0.023303403833609113,1.0711716998922762,0.0
2012-08-17,-0.008233387348529807,0.0,0.0,-0.008233387348529807,1.06235232837028,-0.008233387348529742
2012-08-24,0.00972950123004268,0.0,0.0,0.00972950123004268,1.0726884866558974,0.0
2012-08-31,0.006363485294241889,0.0,0.0,0.006363485294241889,1.0795145240660347,0.0
2012-09-07,0.04079669037503524,0.0,0.0,0.04079669037503524,1.1235551438597102,0.0
2012-09-14,-0.009240430202952954,0.0,0.0,-0.009240430202952954,1.113173010973706,-0.009240430202952843
2012-09-21,-0.013563294677766357,0.0,0.0,-0.013563294677766357,1.098074717398533,-0.022678394202927277
2012-09-28,-0.004034698814546368,0.0,0.0,-0.004034698814546368,1.093644316637962,-0.026621592527267257
2012-10-05,-0.0290899171292609,0.2,0.001,-0.0300899171292609,1.0607366497814386,-0.05591046814353362
2012-10-12,-0.014493459166873104,0.0,0.0,-0.014493459166873104,1.0453629064610255,-0.06959359122336772
2012-10-19,0.009179001126737706,0.0,0.0,0.009179001126737706,1.054958293757281,-0.06105338974888297
2012-10-26,-0.01641046523265781,0.0,0.0,-0.01641046523265781,1.0376459373556732,-0.07646194045173083
2012-11-02,-0.01624071048708653,0.0,0.0,-0.01624071048708653,1.0207938300989783,-0.0914608547006599
2012-11-09,-0.018221830316561573,0.0,0.0,-0.018221830316561573,1.0021930981387217,-0.10801610084225832
2012-11-16,0.08427652682985741,0.0,0.0,0.08427652682985741,1.0866544516627075,-0.032842795833090244
2012-11-23,0.015902145907065336,0.0,0.0,0.015902145907065336,1.1039345893036099,-0.017462920857358677
2012-11-30,-0.015395364451826233,0.0,0.0,-0.015395364451826233,1.0869391139703037,-0.03258943727819241
2012-12-07,0.025976229636075113,0.0,0.0,0.025976229636075113,1.1151736939952284,-0.007459758348566048
2012-12-14,-0.004600605677987792,0.0,0.0,-0.004600605677987792,1.1100432195666912,-0.012026044619939169
2012-12-21,-0.022857827128847097,0.0,0.0,-0.022857827128847097,1.0846700435482868,-0.03460898249982003
2012-12-28,0.04568002076272566,0.0,0.0,0.04568002076272566,1.1342177936582791,0.0
2013-01-04,-0.023854869204290384,0.0,0.0,-0.023854869204290384,1.107161176541382,-0.023854869204290474
2013-01-11,0.015810413552565253,0.0,0.0,0.015810413552565253,1.1246658526118458,-0.008421610999087448
2013-01-18,0.0013764699259600126,0.0,0.0,0.0013764699259600126,1.1262139213347202,-0.007056733167395857
2013-01-25,0.04985496103074112,0.0,0.0,0.04985496103074112,1.1823612724951407,0.0
2013-02-01,0.02254698572440348,0.0,0.0,0.02254698572440348,1.209019955227176,0.0
2013-02-08,0.009659604016149428,0.0,0.0,0.009659604016149428,1.2206986092422933,0.0
2013-02-15,-0.014173636910501464,0.0,0.0,-0.014173636910501464,1.203396870377739,-0.014173636910501552
2013-02-22,0.016553239957760146,0.0,0.0,0.016553239957760146,1.2233169875375192,0.0
2013-03-01,0.0226433622869648,0.0,0.0,0.0226433622869648,1.2510169972781298,0.0
2013-03-08,-0.015482095578326428,0.0,0.0,-0.015482095578326428,1.2316486325561589,-0.01548209557832636
2013-03-15,0.0225752387432578,0.0,0.0,0.0225752387432578,1.2594533944839212,0.0
2013-03-22,0.0047037509769682455,0.0,0.0,0.0047037509769682455,1.265377549618671,0.0
2013-03-29,-0.0675909905576828,0.0,0.0,-0.0675909905576828,1.1798494276104916,-0.0675909905576828
2013-04-05,0.007874084126318735,0.0,0.0,0.007874084126318735,1.1891396612598857,-0.06024912357719647
2013-04-12,-0.0464626744641987,0.0,0.0,-0.0464626744641987,1.1338890522863,-0.10391246262587461
2013-04-19,0.04579634145166192,0.0,0.0,0.04579634145166192,1.1858170224931048,-0.06287493179371029
2013-04-26,0.023984492188405197,0.0,0.0,0.023984492188405197,1.2142582416059686,-0.04039846291575777
2013-05-03,0.01704372351175385,0.0,0.0,0.01704372351175385,1.234953723347769,-0.02404327963624009
2013-05-10,0.03670873685138372,0.0,0.0,0.03670873685138372,1.2802873146017786,0.0
2013-05-17,-0.014557273171504017,0.0,0.0,-0.014557273171504017,1.2616498224251091,-0.014557273171504015
2013-05-24,0.0012733285013712958,0.0,0.0,0.0012733285013712958,1.263256317102753,-0.013302480860964305
2013-05-31,-0.016013565195425006,0.0,0.0,-0.016013565195425006,1.2430270797102958,-0.029103025911861202
2013-06-07,-0.032927286084973556,0.0,0.0,-0.032927286084973556,1.2020975714453057,-0.06107202833669645
2013-06-14,-0.03415634390511339,0.0,0.0,-0.03415634390511339,1.1610383133875184,-0.09314237503895872
2013-06-21,-0.020059831959593558,0.0,0.0,-0.020059831959593558,1.1377480799223147,-0.11133378660695337
2013-06-28,0.005870608064963113,0.0,0.0,0.005870608064963113,1.144427352976203,-0.10611677556754795
2013-07-05,0.04104321383494422,0.2,0.001,0.04004321383494422,1.1902539021899883,-0.07032281846812982
2013-07-12,-0.03497738988912265,0.0,0.0,-0.03497738988912265,1.1486219273860394,-0.10284049971759068
2013-07-19,0.008456420259226195,0.0,0.0,0.008456420259226195,1.158335157122978,-0.09525374194364533
2013-07-26,0.014669320860861524,0.0,0.0,0.014669320860861524,1.1753271472072315,-0.08198172878655285
2013-08-02,-0.008365144765860078,0.0,0.0,-0.008365144765860078,1.1654953654735978,-0.08966108452295785
2013-08-09,0.01455812012667841,0.0,0.0,0.01455812012667841,1.1824627870112494,-0.07640826123545286
2013-08-16,0.01907828893206316,0.0,0.0,0.01907828893206316,1.2050221537132626,-0.058787711188036385
2013-08-23,-0.03940895531474795,0.0,0.0,-0.03940895531474795,1.1575334895042952,-0.09587990421951875
2013-08-30,0.02116883790378155,0.0,0.0,0.02116883790378155,1.1820371283118103,-0.07674073246639024
2013-09-06,0.004190028002302082,0.0,0.0,0.004190028002302082,1.1869898969791977,-0.07287225028203936
2013-09-13,-0.006203221720970788,0.0,0.0,-0.006203221720970788,1.1796267354676835,-0.07862342927720456
2013-09-20,0.008875122201849273,0.0,0.0,0.008875122201849273,1.1900960668975278,-0.07044609961811887
2013-09-27,0.005915039758382834,0.0,0.0,0.005915039758382834,1.1971355324495219,-0.06494775133980013
2013-10-04,0.004486063000897067,0.0,0.0,0.004486063000897067,1.202505957868703,-0.060753048043179936
2013-10-11,0.020294820865215613,0.0,0.0,0.020294820865215613,1.2269106008730029,-0.04169119940501642
2013-10-18,-0.013921903818170713,0.0,0.0,-0.013921903818170713,1.2098296694941548,-0.05503268235500636
2013-10-25,0.0012894444924102181,0.0,0.0,0.0012894444924102181,1.2113896776982387,-0.053814199451761247
2013-11-01,0.008953530497252827,0.0,0.0,0.008953530497252827,1.222235892121567,-0.045342496030485124
2013-11-08,0.05023416511012205,0.0,0.0,0.05023416511012205,1.2836338917299193,0.0
2013-11-15,-0.013567687072789839,0.0,0.0,-0.013567687072789839,1.2662179487709002,-0.01356768707278988
2013-11-22,0.046958799486506386,0.0,0.0,0.046958799486506386,1.3256780235334484,0.0
2013-11-29,0.01631701896612332,0.0,0.0,0.01631701896612332,1.3473091369864165,0.0
2013-12-06,-0.009728177619545388,0.0,0.0,-0.009728177619545388,1.3342022743933764,-0.009728177619545364
2013-12-13,0.018569300867072314,0.0,0.0,0.018569300867072314,1.3589774778441193,0.0
2013-12-20,0.016034105033476333,0.0,0.0,0.016034105033476333,1.3807674654620006,0.0
2013-12-27,0.005842126630416699,0.0,0.0,0.005842126630416699,1.3888340838423892,0.0
2014-01-03,0.016917293433483582,0.0,0.0,0.016917293433483582,1.4123293975691742,0.0
2014-01-10,-0.010900244002861093,0.0,0.0,-0.010900244002861093,1.3969346625232564,-0.010900244002861048
2014-01-17,-0.04690276301927575,0.0,0.0,-0.04690276301927575,1.331414567093516,-0.05729175546081844
2014-01-24,-0.010977176878932004,0.0,0.0,-0.010977176878932004,1.3167993938913438,-0.06764003060635249
2014-01-31,0.01069234499051317,0.0,0.0,0.01069234499051317,1.3308790672941286,-0.05767091615825137
2014-02-07,0.06197146955029794,0.0,0.0,0.06197146955029794,1.4133555988880757,0.0
2014-02-14,-0.002231351972312145,0.0,0.0,-0.002231351972312145,1.4102019050849184,-0.0022313519723121678
2014-02-21,-0.008260619741959796,0.0,0.0,-0.008260619741959796,1.3985527633876247,-0.0104735393641181
2014-02-28,0.037204942935485,0.0,0.0,0.037204942935485,1.4505858391417261,0.0
2014-03-07,-0.002706692393633416,0.0,0.0,-0.002706692393633416,1.4466595494846088,-0.002706692393633414
2014-03-14,0.012186801833994742,0.0,0.0,0.012186801833994742,1.464289702735434,0.0
2014-03-21,-0.023322732066396144,0.0,0.0,-0.023322732066396144,1.4301384663309527,-0.023322732066396124
2014-03-28,0.013935312458108352,0.0,0.0,0.013935312458108352,1.4500678927176343,-0.009712429167009762
2014-04-04,-0.038714058332574804,0.0,0.0,-0.038714058332574804,1.39392987973277,-0.048050479950262015
2014-04-11,0.03419484245578301,0.0,0.0,0.03419484245578301,1.4415950923646406,-0.015498716086302933
2014-04-18,0.04682970243973563,0.0,0.0,0.04682970243973563,1.50910456157866,0.0
2014-04-25,0.020813088173083406,0.0,0.0,0.020813088173083406,1.5405136878811991,0.0
2014-05-02,-0.03072663175096324,0.0,0.0,-0.03072663175096324,1.4931788910863553,-0.03072663175096324
2014-05-09,0.007016962801965575,0.0,0.0,0.007016962801965575,1.5036564718217884,-0.023925276581023835
2014-05-16,0.009466381445205908,0.0,0.0,0.009466381445205908,1.5178906575466058,-0.014685380930116065
2014-05-23,0.022560089105462457,0.0,0.0,0.022560089105462457,1.5521344060332063,0.0
2014-05-30,0.0024695474665452416,0.0,0.0,0.0024695474665452416,1.5559674756233632,0.0
2014-06-06,0.009190426004834797,0.0,0.0,0.009190426004834797,1.5702674795740093,0.0
2014-06-13,-0.0022139016204259397,0.0,0.0,-0.0022139016204259397,1.5667910618564782,-0.0022139016204258954
2014-06-20,-0.036112876310994316,0.0,0.0,-0.036112876310994316,1.5102097300344837,-0.038246827576037146
2014-06-27,0.0197007429278933,0.0,0.0,0.0197007429278933,1.539961983693096,-0.019299575566026905
2014-07-04,0.002772466326424183,0.0,0.0,0.002772466326424183,1.5442314764368585,-0.016580616662973835
2014-07-11,-0.03630303295024315,0.0,0.0,-0.03630303295024315,1.4881711902649686,-0.052281722940165753
2014-07-18,0.004927131327762702,0.0,0.0,0.004927131327762702,1.4955036051575972,-0.04761219052737076
2014-07-25,0.014487129554787263,0.0,0.0,0.014487129554787263,1.5171691596351666,-0.033814824945140876
2014-08-01,0.03609395436018797,0.0,0.0,0.03609395436018797,1.571929794039723,0.0
2014-08-08,0.014369143599582569,0.0,0.0,0.014369143599582569,1.594517078978742,0.0
2014-08-15,0.023602608524702133,0.0,0.0,0.023602608524702133,1.6321518413798286,0.0
2014-08-22,0.005886372092830694,0.0,0.0,0.005886372092830694,1.6417592944301889,0.0
2014-08-29,-1.1381390760534802e-05,0.0,0.0,-1.1381390760534802e-05,1.6417406089261242,-1.1381390760512033e-05
2014-09-05,-0.03290663982461004,0.0,0.0,-0.03290663982461004,1.5877164420227563,-0.03291764669204411
2014-09-12,0.0013039933937750037,0.0,0.0,0.0013039933937750037,1.589786813774342,-0.03165657769209407
2014-09-19,-0.033395503699287614,0.0,0.0,-0.033395503699287614,1.5366950823538623,-0.06399489403395864
2014-09-26,-0.03782592211998848,0.0,0.0,-0.03782592211998848,1.478568173846576,-0.09940015027614157
2014-10-03,-0.05440627492725547,0.0,0.0,-0.05440627492725547,1.398124787281589,-0.14839843329966285
2014-10-10,-0.015816477356552117,0.0,0.0,-0.015816477356552117,1.3760113782419154,-0.16186777019618304
2014-10-17,0.05304815169677244,0.0,0.0,0.05304815169677244,1.4490062385713776,-0.11740640452759599
2014-10-24,0.042879550828147296,0.0,0.0,0.042879550828147296,1.5111389752285014,-0.0795611875899398
2014-10-31,0.0011911980011735327,0.0,0.0,0.0011911980011735327,1.5129390409552892,-0.07846476271639424
2014-11-07,-0.01286298851020349,0.0,0.0,-0.01286298851020349,1.493478123454843,-0.09031845988532095
2014-11-14,0.05607456815951109,0.0,0.0,0.05607456815951109,1.5772242642832506,-0.03930846036071123
2014-11-21,-0.01945718235385139,0.0,0.0,-0.01945718235385139,1.5465359241601722,-0.05800081083327513
2014-11-28,-0.010400852499728375,0.0,0.0,-0.010400852499728375,1.5304506321274511,-0.06779840545466198
2014-12-05,-0.07288931102173968,0.0,0.0,-0.07288931102173968,1.4188971399988952,-0.13574593741443886
2014-12-12,0.0440353421930539,0.0,0.0,0.0440353421930539,1.481378761095492,-0.09768821402674666
2014-12-19,0.019964210891296522,0.0,0.0,0.019964210891296522,1.51095331909189,-0.0796742712418742
2014-12-26,-0.007846074968991902,0.0,0.0,-0.007846074968991902,1.4990982660756478,-0.08689521590560267
2015-01-02,-0.020633846983764848,0.0,0.0,-0.020633846983764848,1.4681661018398158,-0.10573608030074999
2015-01-09,-0.0727569556055854,0.0,0.0,-0.0727569556055854,1.361346805946631,-0.1708000006059851
2015-01-16,0.0757645093129113,0.0,0.0,0.0757645093129113,1.4644885787038766,-0.10797606952963112
2015-01-23,0.020326881664211392,0.0,0.0,0.020326881664211392,1.4942570647417797,-0.0898440046533151
2015-01-30,0.08214624092929151,0.0,0.0,0.08214624092929151,1.6170046655923538,-0.015078110976327275
2015-02-06,0.0534263563038151,0.0,0.0,0.0534263563038151,1.7033953330012221,0.0
2015-02-13,0.004282046576050624,0.0,0.0,0.004282046576050624,1.7106893511545607,0.0
2015-02-20,0.0017318048186627747,0.0,0.0,0.0017318048186627747,1.7136519312161251,0.0
2015-02-27,-0.03097406326417307,0.0,0.0,-0.03097406326417307,1.6605731678858646,-0.030974063264172957
2015-03-06,-0.02162962783141933,0.0,0.0,-0.02162962783141933,1.6246555882776523,-0.0519337336347615
2015-03-13,0.038065089030829925,0.0,0.0,0.038065089030829925,1.6864982478898765,-0.01584550679844221
2015-03-20,-0.03600884548609566,0.0,0.0,-0.03600884548609566,1.625769393069039,-0.05128377387858385
2015-03-27,-0.005555096313021247,0.0,0.0,-0.005555096313021247,1.6167380875077784,-0.05655398388841426
2015-04-03,0.03150526851839071,0.0,0.0,0.03150526851839071,1.6676738550786205,-0.026830463818212746
2015-04-10,-0.02589027075647117,0.0,0.0,-0.02589027075647117,1.6244973274371468,-0.05202608660190877
2015-04-17,0.003781717159161691,0.0,0.0,0.003781717159161691,1.630640716855328,-0.048441117387173604
2015-04-24,0.004463207931477387,0.0,0.0,0.004463207931477387,1.637918605436187,-0.044194112235028116
2015-05-01,-0.013741166119215366,0.0,0.0,-0.013741166119215366,1.6154116937891347,-0.0573279997165308
2015-05-08,0.004419442942462259,0.0,0.0,0.004419442942462259,1.622550913598422,-0.05316191459782127
2015-05-15,-0.0007627282410346936,0.0,0.0,-0.0007627282410346936,1.6213133481941038,-0.053884094745244804
2015-05-22,0.004933802303431857,0.0,0.0,0.004933802303431857,1.6293125877260086,-0.049216145912585385
2015-05-29,-0.004556225996530007,0.0,0.0,-0.004556225996530007,1.6218890713573377,-0.053548132025659445
2015-06-05,-0.01311579195005419,0.0,0.0,-0.01311579195005419,1.6006167117313483,-0.06596159781675104
2015-06-12,0.03829310517840441,0.0,0.0,0.03829310517840441,1.6619092958239885,-0.030194367041279202
2015-06-19,-0.018479687814223735,0.0,0.0,-0.018479687814223735,1.6311977308616048,-0.048116072378831976
2015-06-26,0.013730794814264289,0.0,0.0,0.013730794814264289,1.653595372205559,-0.035045949481669725
2015-07-03,-0.054744181920971656,0.0,0.0,-0.054744181920971656,1.563070646325861,-0.08787156956862374
2015-07-10,0.015486022359459974,0.0,0.0,0.015486022359459974,1.5872763933042788,-0.07374632830026429
2015-07-17,-0.0456163833366821,0.0,0.0,-0.0456163833366821,1.5148705848860446,-0.11599867085552873
2015-07-24,0.026785435423368597,0.0,0.0,0.026785435423368597,1.5554470531122704,-0.09232031033955757
2015-07-31,0.025786173327361973,0.0,0.0,0.025786173327361973,1.5955560804253577,-0.06891472453624725
2015-08-07,0.007375824146936892,0.0,0.0,0.007375824146936892,1.607324621491151,-0.06204720327862434
2015-08-14,-0.08202914845198223,0.0,0.0,-0.08202914845198223,1.4754771515043272,-0.13898667248183405
2015-08-21,0.032981493793375026,0.0,0.0,0.032981493793375026,1.524140592018934,-0.11058916676428043
2015-08-28,-0.02276798652172274,0.0,0.0,-0.02276798652172274,1.4894389795626364,-0.13083926062766538
2015-09-04,0.05360838844151274,0.0,0.0,0.05360838844151274,1.5692854029389607,-0.08424495409328081
2015-09-11,-0.022034275255523417,0.0,0.0,-0.022034275255523417,1.5347073364161288,-0.10442295284142389
2015-09-18,-0.00841658015243776,0.0,0.0,-0.00841658015243776,1.5217903491086482,-0.11196064884151757
2015-09-25,0.02499705549864129,0.0,0.0,0.02499705549864129,1.5598306269226139,-0.08976227989563146
2015-10-02,0.04293494775137656,0.0,0.0,0.04293494775137656,1.6268018733905332,-0.05068127094161834
2015-10-09,0.01720478844472069,0.0,0.0,0.01720478844472069,1.6547906554636924,-0.03434844304155782
2015-10-16,0.03579054394744568,0.0,0.0,0.03579054394744568,1.7140165131418883,0.0
2015-10-23,0.01791154038507572,0.0,0.0,0.01791154038507572,1.744717189137716,0.0
2015-10-30,0.05313677487179129,0.0,0.0,0.05313677487179129,1.8374258336318712,0.0
2015-11-06,-0.055303789332061135,0.0,0.0,-0.055303789332061135,1.7358092224154074,-0.05530378933206115
2015-11-13,0.062425352226243555,0.0,0.0,0.062425352226243555,1.844167724522251,0.0
2015-11-20,0.019230467282106513,0.0,0.0,0.019230467282106513,1.8796319316113927,0.0
2015-11-27,-0.002743089352598326,0.0,0.0,-0.002743089352598326,1.8744759332729857,-0.0027430893525983713
2015-12-04,-0.04833781120664918,0.0,0.0,-0.04833781120664918,1.7838678694990286,-0.05094830562399866
2015-12-11,-0.00958335256686771,0.0,0.0,-0.00958335256686771,1.7667724347729123,-0.06004340261538699
2015-12-18,0.06707951639408072,0.0,0.0,0.06707951639408072,1.885286675275872,0.0
2015-12-25,-0.018927666341953708,0.0,0.0,-0.018927666341953708,1.849602598127319,-0.018927666341953753
2016-01-01,-0.1247583376876947,0.0,0.0,-0.1247583376876947,1.6188492526021134,-0.14132461984051892
2016-01-08,-0.03892414475772133,0.0,0.0,-0.03892414475772133,1.5558369299528998,-0.17474782463773797
2016-01-15,0.02851818967991071,0.0,0.0,0.02851818967991071,1.6002065826323066,-0.15121312656699804
2016-01-22,0.01112458039767084,0.0,0.0,0.01112458039767084,1.618008209413682,-0.14177072875300478
2016-01-29,-0.09526099171280772,0.0,0.0,-0.09526099171280772,1.4638751427854704,-0.22352650024895382
2016-02-05,-0.028534172946706772,0.0,0.0,-0.028534172946706772,1.4221046762888447,-0.24568252937938484
2016-02-12,0.06183936366212563,0.0,0.0,0.06183936366212563,1.5100467245314801,-0.1990360169969818
2016-02-19,0.040891388985841305,0.0,0.0,0.040891388985841305,1.5717946325310925,-0.1662834872043566
2016-02-26,0.08130400058264159,0.0,0.0,0.08130400058264159,1.6995878242501934,-0.0984989993622617
2016-03-04,0.014251558480337545,0.0,0.0,0.014251558480337545,1.7238095995199647,-0.08565120513159008
2016-03-11,0.05916754165752765,0.0,0.0,0.05916754165752765,1.8258031758092084,-0.031551434721703187
2016-03-18,-0.016199673718442578,0.0,0.0,-0.016199673718442578,1.796225760087003,-0.04723998549230535
2016-03-25,0.012698689607675354,0.0,0.0,0.012698689607675354,1.8190354734796585,-0.035141181797467946
2016-04-01,0.002116614619796532,0.0,0.0,0.002116614619796532,1.8228856705567542,-0.033098947516820854
2016-04-08,0.0005687504900068639,0.0,0.0,0.0005687504900068639,1.82392243767511,-0.032549022069432776
2016-04-15,0.10949484116933475,0.0,0.0,0.10949484116933475,2.0236325352935323,0.0
2016-04-22,-0.0735568923350656,0.0,0.0,-0.0735568923350656,1.8747804147692102,-0.07355689233506557
2016-04-29,-0.019894676332760767,0.0,0.0,-0.019894676332760767,1.837482265222378,-0.09198817810277637
2016-05-06,0.024062782067759046,0.0,0.0,0.024062782067759046,1.8816972005237962,-0.07013888751751463
2016-05-13,0.046424504023027245,0.0,0.0,0.046424504023027245,1.9690540597796324,-0.026970546560214803
2016-05-20,0.05483201670335357,0.0,0.0,0.05483201670335357,2.0770212648752753,0.0
2016-05-27,-0.02069277546251782,0.0,0.0,-0.02069277546251782,2.0340419302103365,-0.0206927754625178
2016-06-03,0.013498025349062125,0.0,0.0,0.013498025349062125,2.061497479745371,-0.007474061721191028
2016-06-10,0.01883122225667777,0.0,0.0,0.01883122225667777,2.1003179969680374,0.0
2016-06-17,-0.011504708215824722,0.0,0.0,-0.011504708215824722,2.0761544512524748,-0.011504708215824722
2016-06-24,0.04244122708381486,0.0,0.0,0.04244122708381486,2.164268993779154,0.0
2016-07-01,-0.006185120543605163,0.0,0.0,-0.006185120543605163,2.150882729163843,-0.006185120543605205
2016-07-08,0.01617769560474356,0.0,0.0,0.01617769560474356,2.185679055237755,0.0
2016-07-15,0.04070633843020488,0.0,0.0,0.04070633843020488,2.274650046560074,0.0
2016-07-22,0.06515203354016288,0.0,0.0,0.06515203354016288,2.422848122685689,0.0
2016-07-29,0.022590056580036388,0.0,0.0,0.022590056580036388,2.4775803988619933,0.0
2016-08-05,0.021965432726127058,0.0,0.0,0.021965432726127058,2.532001524436768,0.0
2016-08-12,0.02901979907714298,0.0,0.0,0.02901979907714298,2.6054796999389427,0.0
2016-08-19,-0.0027861572062600985,0.0,0.0,-0.0027861572062600985,2.5982204238971933,-0.002786157206260076
2016-08-26,0.0017995517663949908,0.0,0.0,0.0017995517663949908,2.602896056050501,-0.0009916192739871654
2016-09-02,-0.06398272780318481,0.0,0.0,-0.06398272780318481,2.4363556661962384,-0.06491090057108007
2016-09-09,0.0487986486409322,0.0,0.0,0.0487986486409322,2.555246530315293,-0.019279816160082563
2016-09-16,0.01449349379973628,0.0,0.0,0.01449349379973628,2.5922809800592153,-0.005065754256322497
2016-09-23,0.01703214148595753,0.0,0.0,0.01703214148595753,2.6364330764829407,0.0
2016-09-30,-0.0023016339711781296,0.0,0.0,-0.0023016339711781296,2.63036497255137,-0.0023016339711781075
2016-10-07,0.00042551149201535115,0.0,0.0,0.00042551149201535115,2.6314842230753848,-0.0018771018508680903
2016-10-14,0.010470902651967328,0.0,0.0,0.010470902651967328,2.659038238205395,0.0
2016-10-21,0.018553194274021006,0.0,0.0,0.018553194274021006,2.70837189122087,0.0
2016-10-28,-0.045097804044560055,0.0,0.0,-0.045097804044560055,2.5862302663907966,-0.0450978040445601
2016-11-04,0.08604591615879635,0.0,0.0,0.08604591615879635,2.8087648190600003,0.0
2016-11-11,0.07932240565366708,0.0,0.0,0.07932240565366708,3.031562801423226,0.0
2016-11-18,0.03210778158152845,0.0,0.0,0.03210778158152845,3.1288995577020096,0.0
2016-11-25,-0.022666248557604466,0.0,0.0,-0.022666248557604466,3.0579791426153573,-0.022666248557604463
2016-12-02,0.06966314611292558,0.0,0.0,0.06966314611292558,3.27100759043765,0.0
2016-12-09,0.03184431464995572,0.0,0.0,0.03184431464995572,3.3751705853699394,0.0
2016-12-16,0.04014144282994288,0.0,0.0,0.04014144282994288,3.510654802463872,0.0
2016-12-23,-0.01556531304405775,0.0,0.0,-0.01556531304405775,3.456010361473897,-0.015565313044057727
2016-12-30,-0.005822378888252966,0.0,0.0,-0.005822378888252966,3.435888159707668,-0.021297064782254016
2017-01-06,-0.011073483599598767,0.2,0.001,-0.012073483599598766,3.3944050203613814,-0.03311341861948469
2017-01-13,0.0023647133879858284,0.0,0.0,0.0023647133879858284,3.4024318153572763,-0.03082700897583035
2017-01-20,0.01570236064509818,0.0,0.0,0.01570236064509818,3.455858026792372,-0.015608705143280388
2017-01-27,0.005413872857444767,0.0,0.0,0.005413872857444767,3.4745676027628054,-0.010279335830950864
2017-02-03,0.011350701687672316,0.0,0.0,0.011350701687672316,3.514006383115417,0.0
2017-02-10,-0.009225028922817624,0.0,0.0,-0.009225028922817624,3.4815895725962114,-0.009225028922817624
2017-02-17,-0.011080638025070224,0.0,0.0,-0.011080638025070224,3.4430113387904138,-0.020203447741623304
2017-02-24,0.01057446043581043,0.0,0.0,0.01057446043581043,3.4794193259724997,-0.009842627864623643
2017-03-03,-0.00882565584228905,0.0,0.0,-0.00882565584228905,3.4487111684704574,-0.018581416060795664
2017-03-10,0.016375953429526847,0.0,0.0,0.016375953429526847,3.505187101957219,-0.002509751035335017
2017-03-17,-0.010096394251100873,0.0,0.0,-0.010096394251100873,3.469797351051985,-0.012580805850511134
2017-03-24,0.017745051870840925,0.0,0.0,0.017745051870840925,3.5313690850277086,0.0
2017-03-31,-0.020743691636475693,0.0,0.0,-0.020743691636475693,3.4581154536733103,-0.020743691636475714
2017-04-07,-0.02227709995512792,0.0,0.0,-0.02227709995512792,3.3810786700554574,-0.0425586822995796
2017-04-14,0.008816928340359234,0.0,0.0,0.008816928340359234,3.4108893984024533,-0.03411699081131592
2017-04-21,0.028755512447327547,0.0,0.0,0.028755512447327547,3.5089712709546728,-0.006342529917928497
2017-04-28,0.003216472340061416,0.0,0.0,0.003216472340061416,3.5202577799897687,-0.0031464581499139888
2017-05-05,0.06609085270591013,0.0,0.0,0.06609085270591013,3.7529146184139064,0.0
2017-05-12,0.0117796547180534,0.0,0.0,0.0117796547180534,3.797122656805157,0.0
2017-05-19,0.004008627935494169,0.0,0.0,0.004008627935494169,3.8123439087617235,0.0
2017-05-26,-0.0013588609980665686,0.0,0.0,-0.0013588609980665686,3.8071634633128904,-0.001358860998066591
2017-06-02,0.022364114754534127,0.0,0.0,0.022364114754534127,3.8923073038956897,0.0
2017-06-09,-0.0026348651105140065,0.0,0.0,-0.0026348651105140065,3.882051599181256,-0.0026348651105140286
2017-06-16,-0.007730237952413188,0.0,0.0,-0.007730237952413188,3.8520424165760385,-0.010344734928650512
2017-06-23,-0.007165425728534358,0.0,0.0,-0.007165425728534358,3.8244408927368987,-0.01743603622737233
2017-06-30,0.008088156149653237,0.0,0.0,0.008088156149653237,3.855373567862474,-0.009488905461357056
2017-07-07,0.031435698243337924,0.0,0.0,0.031435698243337924,3.97656992795714,0.0
2017-07-14,0.010459442964860212,0.0,0.0,0.010459442964860212,4.018162634314385,0.0
2017-07-21,0.004624775202213072,0.0,0.0,0.004624775202213072,4.036745733224022,0.0
2017-07-28,0.023938052725827982,0.0,0.0,0.023938052725827982,4.1333775654266995,0.0
2017-08-04,-0.03092944338530428,0.0,0.0,-0.03092944338530428,4.005534498026748,-0.030929443385304234
2017-08-11,-0.005179151019281236,0.0,0.0,-0.005179151019281236,3.9847892299485266,-0.03594840614635064
2017-08-18,0.02030993857115848,0.0,0.0,0.02030993857115848,4.065720054427795,-0.016368577495755487
2017-08-25,0.02666157146739545,0.0,0.0,0.02666157146739545,4.174118540225345,0.0
2017-09-01,-0.013365471405727036,0.0,0.0,-0.013365471405727036,4.118329478231848,-0.01336547140572708
2017-09-08,0.033879859715422914,0.0,0.0,0.033879859715422914,4.257857903216234,0.0
2017-09-15,0.005162062327659766,0.0,0.0,0.005162062327659766,4.279837231094955,0.0
2017-09-22,0.011797698686334825,0.0,0.0,0.011797698686334825,4.330329461173971,0.0
2017-09-29,0.005989381659052206,0.0,0.0,0.005989381659052206,4.35626545702638,0.0
2017-10-06,0.025196024573168607,0.0,0.0,0.025196024573168607,4.466026028528862,0.0
2017-10-13,-0.0031559219129838386,0.0,0.0,-0.0031559219129838386,4.451931599121472,-0.003155921912983861
2017-10-20,0.01117518027033331,0.0,0.0,0.01117518027033331,4.501682737292847,0.0
2017-10-27,0.03712829819694368,0.0,0.0,0.03712829819694368,4.668822556351089,0.0
2017-11-03,0.012820335706346133,0.0,0.0,0.012820335706346133,4.728678428876871,0.0
2017-11-10,-0.009556467488909549,0.0,0.0,-0.009556467488909549,4.683488967205801,-0.009556467488909592
2017-11-17,0.015611790070659513,0.0,0.0,0.015611790070659513,4.756606613760068,0.0
2017-11-24,-0.006098364152705994,0.0,0.0,-0.006098364152705994,4.727599094498189,-0.006098364152706037
2017-12-01,0.0025967196794530745,0.0,0.0,0.0025967196794530745,4.739875344103437,-0.003517480215460833
2017-12-08,0.009020394372695062,0.0,0.0,0.009020394372695062,4.782630888984663,0.0
2017-12-15,0.01763579131302327,0.0,0.0,0.01763579131302327,4.866976369270015,0.0
2017-12-22,-0.008712065458726671,0.0,0.0,-0.008712065458726671,4.824574952554858,-0.008712065458726714
2017-12-29,0.04596614796949928,0.0,0.0,0.04596614796949928,5.046342078713935,0.0
2018-01-05,0.02328413016182913,0.2,0.001,0.02228413016182913,5.1587954224371115,0.0
2018-01-12,0.020000277476901564,0.0,0.0,0.020000277476901564,5.261972762332423,0.0
2018-01-19,0.010820615368077414,0.0,0.0,0.010820615368077414,5.3189105456709225,0.0
2018-01-26,-0.05867092867306277,0.0,0.0,-0.05867092867306277,5.006845124427462,-0.05867092867306278
2018-02-02,-0.04353216079906728,0.0,0.0,-0.04353216079906728,4.78888633737486,-0.09964901717090369
2018-02-09,0.052643820007935146,0.0,0.0,0.052643820007935146,5.040991607758082,-0.05225110208688122
2018-02-16,0.00732648334920567,0.0,0.0,0.00732648334920567,5.077924348835808,-0.0453074355670926
2018-02-23,-0.016986888129982725,0.0,0.0,-0.016986888129982725,4.991666215989619,-0.061524691357640715
2018-03-02,0.03521773755067828,0.0,0.0,0.03521773755067828,5.167461406724929,-0.02847371424008227
2018-03-09,-0.003699535319798165,0.0,0.0,-0.003699535319798165,5.148344200737056,-0.0320679100483634
2018-03-16,-0.043741645985597315,0.0,0.0,-0.043741645985597315,4.923147151296413,-0.07440685286512716
2018-03-23,0.001899440034396905,0.0,0.0,0.001899440034396905,4.932498374090813,-0.07264874418589562
2018-03-30,-0.022631960266666896,0.0,0.0,-0.022631960266666896,4.820866266872991,-0.09363652096072406
2018-04-06,0.050175552682588845,0.0,0.0,0.050175552682588845,5.062755896222193,-0.04815923246861431
2018-04-13,0.016324662146479298,0.0,0.0,0.016324662146479298,5.145403675758115,-0.03262075352141902
2018-04-20,0.021056186648610822,0.0,0.0,0.021056186648610822,5.253746255937326,-0.012251435547573575
2018-04-27,0.03745487636806184,0.0,0.0,0.03745487636806184,5.450524672422626,0.0
2018-05-04,0.03552478464518258,0.0,0.0,0.03552478464518258,5.644153387613693,0.0
2018-05-11,0.021025642612596984,0.0,0.0,0.021025642612596984,5.762825339592338,0.0
2018-05-18,-0.0006381554217884684,0.0,0.0,-0.0006381554217884684,5.759147761357057,-0.0006381554217884666
2018-05-25,0.039816481871185784,0.0,0.0,0.039816481871185784,5.98845676379061,0.0
2018-06-01,0.006174678695343229,0.0,0.0,0.006174678695343229,6.025433560187971,0.0
2018-06-08,-0.004512906037624954,0.0,0.0,-0.004512906037624954,5.998241344694891,-0.004512906037624997
2018-06-15,-0.028095788380874585,0.0,0.0,-0.028095788380874585,5.82971602521693,-0.03248190076548374
2018-06-22,-0.027502382013527085,0.0,0.0,-0.027502382013527085,5.669384948061033,-0.05909095313563306
2018-06-29,0.028276057117056205,0.0,0.0,0.028276057117056205,5.829692800670985,-0.03248575518454133
2018-07-06,-0.025809857537166893,0.2,0.001,-0.026809857537166894,5.6733995671995485,-0.058424674253223396
2018-07-13,0.008729562489969568,0.0,0.0,0.008729562489969568,5.722925863251983,-0.050205133608103636
2018-07-20,0.04925005050248544,0.0,0.0,0.04925005050248544,6.004780251039124,-0.003427688471301149
2018-07-27,0.015085566253881378,0.0,0.0,0.015085566253881378,6.095365761356173,0.0
2018-08-03,0.003449627594542126,0.0,0.0,0.003449627594542126,6.1163925032853745,0.0
2018-08-10,-0.020934786612934953,0.0,0.0,-0.020934786612934953,5.9883471313881405,-0.020934786612934908
2018-08-17,0.046266766581675126,0.0,0.0,0.046266766581675126,6.265408590326119,0.0
2018-08-24,0.021647235410555243,0.0,0.0,0.021647235410555243,6.401037365024224,0.0
2018-08-31,-0.006043937984316616,0.0,0.0,-0.006043937984316616,6.362349892154724,-0.006043937984316572
2018-09-07,0.012102068596335381,0.0,0.0,0.012102068596335381,6.4393474869834675,0.0
2018-09-14,-0.009100695262330729,0.0,0.0,-0.009100695262330729,6.380744947816176,-0.009100695262330705
2018-09-21,0.013400727133480884,0.0,0.0,0.013400727133480884,6.466251569770197,0.0
2018-09-28,0.010125334064967873,0.0,0.0,0.010125334064967873,6.531724527062243,0.0
2018-10-05,-0.054002612568087846,0.0,0.0,-0.054002612568087846,6.1789943380258245,-0.054002612568087804
2018-10-12,-0.04822993503275415,0.0,0.0,-0.04822993503275415,5.880981842535083,-0.09962800510508418
2018-10-19,-0.06310162795731458,0.0,0.0,-0.06310162795731458,5.509882314283712,-0.15644294375012824
2018-10-26,0.016712904963685094,0.0,0.0,0.016712904963685094,5.601968453763425,-0.14234465483757808
2018-11-02,0.0005103920374650798,0.0,0.0,0.0005103920374650798,5.604827653856357,-0.14190691437851777
2018-11-09,-0.061791205389408264,0.0,0.0,-0.061791205389408264,5.258498597124683,-0.19492952047538592
2018-11-16,-0.07778706210867546,0.0,0.0,-0.07778706210867546,4.849455440151763,-0.2575535878680282
2018-11-23,0.06075148999657932,0.0,0.0,0.06075148999657932,5.144067083813,-0.21244886208839653
2018-11-30,-0.05594471390885791,0.0,0.0,-0.05594471390885791,4.856283722481108,-0.25650818518745677
2018-12-07,0.004560423834718018,0.0,0.0,0.004560423834718018,4.878430434517265,-0.25311754739426773
2018-12-14,-0.06734513488231847,0.0,0.0,-0.06734513488231847,4.549891878890692,-0.3034164469062376
2018-12-21,0.03223478614656883,0.0,0.0,0.03223478614656883,4.696556670596744,-0.2809622250390431
2018-12-28,0.003092570893437556,0.0,0.0,0.003092570893437556,4.7110811050556105,-0.27873854974491685
2019-01-04,0.053387290609974464,0.0,0.0,0.053387290609974464,4.962592961098373,-0.24023235509437724
2019-01-11,0.03440841543522093,0.0,0.0,0.03440841543522093,5.133347921339749,-0.21408995433422517
2019-01-18,-0.00010526094432448084,0.0,0.0,-0.00010526094432448084,5.132807580290002,-0.2141726799677861
2019-01-25,-0.002097958600536366,0.0,0.0,-0.002097958600536366,5.122039162482035,-0.21582131315238406
2019-02-01,0.0058725953031536484,0.0,0.0,0.0058725953031536484,5.152118825610195,-0.21121614907916975
2019-02-08,0.032895151881024855,0.0,0.0,0.032895151881024855,5.3215985568877295,-0.18526898450182938
2019-02-15,0.005584628169843265,0.0,0.0,0.005584628169843265,5.351317706097122,-0.18071901472183327
2019-02-22,-0.01059110531581271,0.0,0.0,-0.01059110531581271,5.2946413366934735,-0.18939610592015732
2019-03-01,-0.039091089239272805,0.0,0.0,-0.039091089239272805,5.087668039710846,-0.2210834950813345
2019-03-08,0.07967847572138466,0.0,0.0,0.07967847572138466,5.4930456740914115,-0.15902061525518674
2019-03-15,0.015437783523286463,0.0,0.0,0.015437783523286463,5.577846124091559,-0.14603775756594983
2019-03-22,0.0002592448512092494,0.0,0.0,0.0002592448512092494,5.579292151980068,-0.1458163722514716
2019-03-29,0.04008671038040195,0.0,0.0,0.04008671038040195,5.802947620604143,-0.11157496055423521
2019-04-05,0.0021023018738307803,0.0,0.0,0.0021023018738307803,5.8151471682606815,-0.10970722292905011
2019-04-12,-0.007265791903294327,0.0,0.0,-0.007265791903294327,5.772895519049068,-0.11617590498025365
2019-04-19,-0.012644030294958418,0.0,0.0,-0.012644030294958418,5.699902853216582,-0.1273510036130976
2019-04-26,0.003515516472717372,0.0,0.0,0.003515516472717372,5.719940955589953,-0.12428319169139912
2019-05-03,-0.06520872501509223,0.0,0.0,-0.06520872501509223,5.346950898714324,-0.18138756823548896
2019-05-10,-0.036821106620622074,0.0,0.0,-0.036821106620622074,5.150070249577532,-0.21152978386645682
2019-05-17,-0.05937743039292103,0.0,0.0,-0.05937743039292103,4.844272311814589,-0.2583471192418175
2019-05-24,-0.04311822155732172,0.0,0.0,-0.04311822155732172,4.635395904989769,-0.2903258724729747
2019-05-31,0.06654576372435335,0.0,0.0,0.06654576372435335,4.943861865652054,-0.24310006566127462
2019-06-07,-0.0006706190925225508,0.0,0.0,-0.0006706190925225508,4.940546417494153,-0.2436076572083713
2019-06-14,0.05540993179662608,0.0,0.0,0.05540993179662608,5.21430175752557,-0.20169600908279683
2019-06-21,0.04445811195276478,0.0,0.0,0.04445811195276478,5.44611976881714,-0.1662049208822609
2019-06-28,0.0012475635303843772,0.0,0.0,0.0012475635303843772,5.4529141492228215,-0.16516470854973975
2019-07-05,0.019749520203930747,0.0,0.0,0.019749520203930747,5.560606587383198,-0.14867711209428824
2019-07-12,0.005906616964028855,0.0,0.0,0.005906616964028855,5.593450960582527,-0.14364867388271818
2019-07-19,0.02698652715122792,0.0,0.0,0.02698652715122792,5.74439877679935,-0.1205387255694641
2019-07-26,-0.05112200464879231,0.0,0.0,-0.05112200464879231,5.450733595827296,-0.1654985489293348
2019-08-02,-0.030588891717593672,0.0,0.0,-0.030588891717593672,5.284001696083085,-0.19102502345431016
2019-08-09,-0.0011273626417026995,0.0,0.0,-0.0011273626417026995,5.278044709972228,-0.19193703162094
2019-08-16,-0.006720922053909728,0.0,0.0,-0.006720922053909728,5.242571382879454,-0.1973679598460666
2019-08-23,0.04251934238428836,0.0,0.0,0.04251934238428836,5.465482070482178,-0.16324057332216158
2019-08-30,0.04206373981931844,0.0,0.0,0.04206373981931844,5.69538068628209,-0.12804334250702298
2019-09-06,0.014554330392834759,0.0,0.0,0.014554330392834759,5.77827313850321,-0.11535259722563818
2019-09-13,-0.005707458063853888,0.0,0.0,-0.005707458063853888,5.74529388688371,-0.1204016851782701
2019-09-20,0.020129201613987194,0.0,0.0,0.020129201613987194,5.8609420658644,-0.10269607335990016
2019-09-27,0.01390745967046023,0.0,0.0,0.01390745967046023,5.942452881276313,-0.09021685518800737
2019-10-04,0.03222198876759055,0.0,0.0,0.03222198876759055,6.133930531268734,-0.06090183291493212
2019-10-11,0.015834019866609195,0.0,0.0,0.015834019866609195,6.231055309161244,-0.046032133880611004
2019-10-18,0.04779251916022558,0.0,0.0,0.04779251916022558,6.528853139412758,-0.00043960636086060045
2019-10-25,0.012687762361513144,0.0,0.0,0.012687762361513144,6.6116896765388455,0.0
2019-11-01,0.021927588612763983,0.0,0.0,0.021927588612763983,6.7566680878012475,0.0
2019-11-08,-0.004841756082802685,0.0,0.0,-0.004841756082802685,6.723953948987657,-0.004841756082802684
2019-11-15,-0.003678448992218364,0.0,0.0,-0.003678448992218364,6.699220227360281,-0.008502394922237588
2019-11-22,0.001906189382363155,0.0,0.0,0.001906189382363155,6.711990209827787,-0.006612412714799953
2019-11-29,-0.005202422120379114,0.0,0.0,-0.005202422120379114,6.677071603488411,-0.011780434273002571
2019-12-06,0.007737286075516003,0.0,0.0,0.007737286075516003,6.728734016631305,-0.0041342967875505066
2019-12-13,0.032044282914890684,0.0,0.0,0.032044282914890684,6.944351473119287,0.0
2019-12-20,-0.005067580165752239,0.0,0.0,-0.005067580165752239,6.909160415330096,-0.00506758016575215
2019-12-27,-0.007825506021152217,0.0,0.0,-0.007825506021152217,6.855092738898824,-0.012853429807804573
2020-01-03,0.00629613055386342,0.0,0.0,0.00629613055386342,6.898253297741771,-0.006638226126076119
2020-01-10,0.0018357501495840822,0.0,0.0,0.0018357501495840822,6.910916767264969,-0.0048146621010960455
2020-01-17,-0.0036750967824222157,0.0,0.0,-0.0036750967824222157,6.885518479290006,-0.008472064534322032
2020-01-24,-0.04618341330685007,0.0,0.0,-0.04618341330685007,6.567521733529002,-0.05426420898322115
2020-01-31,0.025133265304827512,0.0,0.0,0.025133265304827512,6.732584999653008,-0.03049478043932552
2020-02-07,0.04845375240749892,0.0,0.0,0.04845375240749892,7.058804006288635,0.0
2020-02-14,-0.008434843926247784,0.0,0.0,-0.008434843926247784,6.999264096189617,-0.008434843926247826
2020-02-21,-0.13436315920082717,0.0,0.0,-0.13436315920082717,6.058820860144658,-0.14166467084977852
2020-02-28,-0.043579516782977314,0.0,0.0,-0.043579516782977314,5.7947803747849305,-0.17907050973190297
2020-03-06,-0.16855877040220224,0.0,0.0,-0.16855877040220224,4.81801932006037,-0.3174453751984
2020-03-13,-0.16730000382175733,0.0,0.0,-0.16730000382175733,4.011964669400969,-0.4316367665362658
2020-03-20,0.16258347488634647,0.0,0.0,0.16258347488634647,4.664243826473431,-0.3392302970420922
2020-03-27,-0.03836616458488591,0.0,0.0,-0.03836616458488591,4.485294680162913,-0.36458149621848146
2020-04-03,0.1486326572294811,0.0,0.0,0.1486326572294811,5.151955946932783,-0.27013755554865315
2020-04-10,0.03462490492060948,0.0,0.0,0.03462490492060948,5.3303419317505,-0.24486613780440158
2020-04-17,0.0032433686484326656,0.0,0.0,0.0032433686484326656,5.3476301956573655,-0.2424169603103865
2020-04-24,0.04203040714302868,0.0,0.0,0.04203040714302868,5.572393270031198,-0.21057543670757883
2020-05-01,0.10614929265551504,0.0,0.0,0.10614929265551504,6.163898874043362,-0.12677857770919954
2020-05-08,-0.024930513849459546,0.0,0.0,-0.024930513849459546,6.010229707797356,-0.14854843647126514
2020-05-15,0.08669324214606676,0.0,0.0,0.08669324214606676,6.531276007208915,-0.07473333989862152
2020-05-22,0.008923922246215212,0.0,0.0,0.008923922246215212,6.5895606064658185,-0.06647633216686155
2020-05-29,0.08724436940863994,0.0,0.0,0.08724436940863994,7.164462666256944,0.0
2020-06-05,-0.05290774316171956,0.0,0.0,-0.05290774316171956,6.785407115618893,-0.052907743161719534
2020-06-12,0.019511038276722008,0.0,0.0,0.019511038276722008,6.917797453574876,-0.03442898988696075
2020-06-19,-0.029512662913465458,0.0,0.0,-0.029512662913465458,6.71363482922389,-0.06292556162744134
2020-06-26,0.026146487226720663,0.0,0.0,0.026146487226720663,6.88917279653106,-0.038424356794046766
2020-07-03,0.004946942133500418,0.2,0.001,0.003946942133500418,6.916363962906653,-0.03462907337332943
2020-07-10,0.0012807894795849664,0.0,0.0,0.0012807894795849664,6.925222369107324,-0.03339263644660884
2020-07-17,0.006051279373464103,0.0,0.0,0.006051279373464103,6.9671288243861556,-0.027543425245299735
2020-07-24,0.002764980966449551,0.0,0.0,0.002764980966449551,6.986392802976385,-0.02485460132540418
2020-07-31,0.010751225722514593,0.0,0.0,0.010751225722514593,7.061505088987336,-0.01437059303198207
2020-08-07,0.015614988159400637,0.0,0.0,0.015614988159400637,7.17177040733942,0.0
2020-08-14,0.006080874814759342,0.0,0.0,0.006080874814759342,7.215381045386647,0.0
2020-08-21,0.03827568604315603,0.0,0.0,0.03827568604315603,7.491554704961606,0.0
2020-08-28,-0.03254468866726805,0.0,0.0,-0.03254468866726805,7.247744389454824,-0.03254468866726801
2020-09-04,-0.025176175945192995,0.0,0.0,-0.025176175945192995,7.065273901500124,-0.056901513804492376
2020-09-11,0.02630200304009614,0.0,0.0,0.02630200304009614,7.251104757136493,-0.03209613455346794
2020-09-18,-0.03423943167674928,0.0,0.0,-0.03423943167674928,7.002831051223566,-0.065236612824086
2020-09-25,-0.009697335238792414,0.0,0.0,-0.009697335238792414,6.934922250899226,-0.07430132675848
2020-10-02,0.05468272994779353,0.2,0.001,0.05368272994779353,7.307207809303194,-0.024607294869824603
2020-10-09,-0.015423392564315776,0.0,0.0,-0.015423392564315776,7.194505874711277,-0.039651159465417196
2020-10-16,-0.018961065548150136,0.0,0.0,-0.018961065548150136,7.0580903772343255,-0.057860396779883416
2020-10-23,-0.05316117468808048,0.0,0.0,-0.05316117468808048,6.682874001725912,-0.10794564480722679
2020-10-30,0.0685375541031792,0.0,0.0,0.0685375541031792,7.140901840183931,-0.04680642117522549
2020-11-06,0.07641315034607554,0.0,0.0,0.07641315034607554,7.686560646104474,0.0
2020-11-13,0.021834004012101338,0.0,0.0,0.021834004012101338,7.85438904209078,0.0
2020-11-20,0.049725771572395154,0.0,0.0,0.049725771572395154,8.24495459743851,0.0
2020-11-27,0.03733025493101936,0.0,0.0,0.03733025493101936,8.552740854455568,0.0
2020-12-04,-0.014944979997882758,0.0,0.0,-0.014944979997882758,8.424920313458655,-0.01494497999788269
2020-12-11,0.0029229223367121214,0.0,0.0,0.0029229223367121214,8.449545701227883,-0.012065740677028036
2020-12-18,0.0024238243656984574,0.0,0.0,0.0024238243656984574,8.470025915977603,-0.009671161547572749
2020-12-25,0.010062574922746183,0.0,0.0,0.010062574922746183,8.555256186354729,0.0
2021-01-01,0.02216847621993652,0.0,0.0,0.02216847621993652,8.744913179677399,0.0
2021-01-08,0.0002097065874358873,0.0,0.0,0.0002097065874358873,8.746747045577731,0.0
2021-01-15,0.016938203507557967,0.0,0.0,0.016938203507557967,8.894901227064858,0.0
2021-01-22,-0.04036015889489817,0.0,0.0,-0.04036015889489817,8.535901600186095,-0.04036015889489819
2021-01-29,0.05395678609280684,0.0,0.0,0.05395678609280684,8.996471416936583,0.0
2021-02-05,0.05610874210094905,0.0,0.0,0.05610874210094905,9.501252111488036,0.0
2021-02-12,0.026124966766821238,0.0,0.0,0.026124966766821238,9.74947200714385,0.0
2021-02-19,-0.01662978926410104,0.0,0.0,-0.01662978926410104,9.587340342228796,-0.01662978926410108
2021-02-26,0.00012948255228944008,0.0,0.0,0.00012948255228944008,9.588581735525976,-0.0165024599793695
2021-03-05,0.0191432528760783,0.0,0.0,0.0191432528760783,9.772138380412095,0.0
2021-03-12,-0.014424622964084933,0.0,0.0,-0.014424622964084933,9.631178968721786,-0.014424622964084977
2021-03-19,0.024371548587057906,0.0,0.0,0.024371548587057906,9.865905714908639,0.0
2021-03-26,0.00810992992399906,0.0,0.0,0.00810992992399906,9.94591751889333,0.0
2021-04-02,-0.004465974582177103,0.0,0.0,-0.004465974582177103,9.901499304057522,-0.0044659745821771235
2021-04-09,0.019809283054837958,0.0,0.0,0.019809283054837958,10.097640906438878,0.0
2021-04-16,-0.010424764700869196,0.0,0.0,-0.010424764700869196,9.992375375955382,-0.010424764700869171
2021-04-23,0.013173338909461929,0.0,0.0,0.013173338909461929,10.124008323293404,0.0
2021-04-30,0.03143641840299867,0.0,0.0,0.03143641840299867,10.442270884859898,0.0
2021-05-07,-0.009476617034868151,0.0,0.0,-0.009476617034868151,10.343313482709727,-0.009476617034868129
2021-05-14,0.009488463220525923,0.0,0.0,0.009488463220525923,10.441455632268788,-7.807234653256501e-05
2021-05-21,0.0319295074500995,0.0,0.0,0.0319295074500995,10.774846167669198,0.0
2021-05-28,0.04596421053185239,0.0,0.0,0.04596421053185239,11.270103465368267,0.0
2021-06-04,0.0036287812025822767,0.0,0.0,0.0036287812025822767,11.311000204974555,0.0
2021-06-11,-0.03331322173601486,0.0,0.0,-0.03331322173601486,10.934194347090129,-0.03331322173601481
2021-06-18,0.036857719867377806,0.0,0.0,0.036857719867377806,11.337203819310643,0.0
2021-06-25,-0.0008900577931178393,0.0,0.0,-0.0008900577931178393,11.3271130526991,-0.0008900577931177933
2021-07-02,-0.0042721085717130295,0.2,0.001,-0.0052721085717130295,11.267395282881203,-0.0061574738835104
2021-07-09,-0.06212111849719114,0.0,0.0,-0.06212111849719114,10.567452085358648,-0.06789608321594065
2021-07-16,0.016720726590677894,0.0,0.0,0.016720726590677894,10.744147562438018,-0.05231062846929446
2021-07-23,0.009265659838408769,0.0,0.0,0.009265659838408769,10.843699179005238,-0.0435296611202155
2021-07-30,0.02374311738077797,0.0,0.0,0.02374311738077797,11.101162401454205,-0.02082007359296023
2021-08-06,0.006346570803880679,0.0,0.0,0.006346570803880679,11.171616714640411,-0.014605638860279435
2021-08-13,-0.03366469571067245,0.0,0.0,-0.03366469571067245,10.79552763734578,-0.04777864018306055
2021-08-20,0.06651869714095127,0.0,0.0,0.06651869714095127,11.513632070731152,0.0
2021-08-27,-0.010145834253996244,0.0,0.0,-0.010145834253996244,11.396816668080017,-0.010145834253996289
2021-09-03,-0.01773037719672026,0.0,0.0,-0.01773037719672026,11.19474680971309,-0.027696321982417782
2021-09-10,-0.0034146452189148793,0.0,0.0,-0.0034146452189148793,11.156520721042341,-0.031016394087893917
2021-09-17,0.027322353705160254,0.0,0.0,0.027322353705160254,11.46134312630161,-0.004541481272661629
2021-09-24,-0.0008200436440882978,0.0,0.0,-0.0008200436440882978,11.451944324718172,-0.005357800703897464
2021-10-01,0.03435725166922252,0.2,0.001,0.03335725166922252,11.833949713659718,0.0
2021-10-08,0.01887793567675535,0.0,0.0,0.01887793567675535,12.057350255156145,0.0
2021-10-15,-0.004133396946749946,0.0,0.0,-0.004133396946749946,12.007512440425588,-0.004133396946749968
2021-10-22,0.0026860892827707435,0.0,0.0,0.0026860892827707435,12.03976569090455,-0.0014584103372193846
2021-10-29,0.057329411590432235,0.0,0.0,0.057329411590432235,12.729998373650782,0.0
2021-11-05,7.035158543773363e-05,0.0,0.0,7.035158543773363e-05,12.730893949218986,0.0
2021-11-12,-0.01911159941161278,0.0,0.0,-0.01911159941161278,12.487586203909787,-0.01911159941161289
2021-11-19,-0.014751842904596014,0.0,0.0,-0.014751842904596014,12.30337129397211,-0.03358151100403317
2021-11-26,0.0075423526468367365,0.0,0.0,0.0075423526468367365,12.396167659016216,-0.02629244195560243
2021-12-03,0.04572091011144381,0.0,0.0,0.04572091011144381,12.962931726280482,0.0
2021-12-10,-0.015381382949952262,0.0,0.0,-0.015381382949952262,12.763543909244476,-0.015381382949952283
2021-12-17,0.0312070161406317,0.0,0.0,0.0312070161406317,13.16185603003193,0.0
2021-12-24,0.007848925617551506,0.0,0.0,0.007848925617551506,13.265162459000573,0.0
2021-12-31,0.021043191736937784,0.0,0.0,0.021043191736937784,13.544303816046952,0.0
2022-01-07,0.016380209264553282,0.0,0.0,0.016380209264553282,13.76616234689649,0.0
2022-01-14,-0.07731974612613075,0.0,0.0,-0.07731974612613075,12.701766169103353,-0.0773197461261308
2022-01-21,0.018525208006093852,0.0,0.0,0.018525208006093852,12.937069029430758,-0.060226902500001955
2022-01-28,0.05632079686456799,0.0,0.0,0.05632079686456799,13.665695066260222,-0.007298132776918598
2022-02-04,0.004599890716824673,0.0,0.0,0.004599890716824673,13.72855577013447,-0.002731812673304579
2022-02-11,-0.03721078181031923,0.0,0.0,-0.03721078181031923,13.217705476801198,-0.03984094159829066
2022-02-18,0.00470902874887904,0.0,0.0,0.00470902874887904,13.279948031885672,-0.035319524988780326
2022-02-25,-0.0012440169663580974,0.0,0.0,-0.0012440169663580974,13.263427551221652,-0.03651960386680875
2022-03-04,-0.02394669431395613,0.0,0.0,-0.02394669431395613,12.945812306097244,-0.05959177439049956
2022-03-11,0.052946368056108195,0.0,0.0,0.052946368056108195,13.631246049241163,-0.009800574354387415
2022-03-18,0.04374226715250167,0.0,0.0,0.04374226715250167,14.227507655548552,0.0
2022-03-25,0.0018017489469737804,0.0,0.0,0.0018017489469737804,14.253142052484996,0.0
2022-04-01,-0.04242355715823161,0.0,0.0,-0.04242355715823161,13.648473065937004,-0.04242355715823165
2022-04-08,-0.025044815767881024,0.0,0.0,-0.025044815767881024,13.306649572487727,-0.06640588275286652
2022-04-15,0.008224225821833086,0.0,0.0,0.008224225821833086,13.416086463503863,-0.05872779390669125
2022-04-22,-0.02182948088144468,0.0,0.0,-0.02182948088144468,13.123220260544997,-0.07927527753384034
2022-04-29,0.06089358236145408,0.0,0.0,0.06089358236145408,13.922340154327996,-0.02320905081412039
2022-05-06,-0.014865702623065526,0.0,0.0,-0.014865702623065526,13.715374785776591,-0.03772973458961959
2022-05-13,-0.031450108983393246,0.0,0.0,-0.031450108983393246,13.284024754015833,-0.06799323930825485
2022-05-20,0.08532585483428493,0.0,0.0,0.08532585483428493,14.417495521792038,0.0
2022-05-27,0.007193729160994101,0.0,0.0,0.007193729160994101,14.521211079755654,0.0
2022-06-03,-0.024820551191781327,0.0,0.0,-0.024820551191781327,14.160786616783916,-0.02482055119178128
2022-06-10,-0.0989401019934027,0.0,0.0,-0.0989401019934027,12.759716944612505,-0.12130490531873661
2022-06-17,0.014368736433139295,0.0,0.0,0.014368736433139295,12.943057954351103,-0.10867916709816927
2022-06-24,-0.046395720158129275,0.0,0.0,-0.046395720158129275,12.34255545951058,-0.15003263903259323
2022-07-01,0.021199105338637628,0.2,0.001,0.020199105338637627,12.59186403738521,-0.13286405877400875
2022-07-08,-0.0030605973668607735,0.0,0.0,-0.0030605973668607735,12.55332541146852,-0.13551801275243536
2022-07-15,0.048816566668503966,0.0,0.0,0.048816566668503966,13.166135658328898,-0.09331697018824392
2022-07-22,0.05116659177723842,0.0,0.0,0.05116659177723842,13.839801946842353,-0.046925089730516234
2022-07-29,-0.0011198112827573783,0.0,0.0,-0.0011198112827573783,13.824303980471152,-0.04799235376834898
2022-08-05,0.03513922374248739,0.0,0.0,0.03513922374248739,14.310079291125088,-0.01453954408285607
2022-08-12,-0.007882307402257129,0.0,0.0,-0.007882307402257129,14.197282847201766,-0.022307246329163477
2022-08-19,-0.02185201547225906,0.0,0.0,-0.02185201547225906,13.887043602760675,-0.04367180350949418
2022-08-26,-0.05804285746558521,0.0,0.0,-0.05804285746558521,13.08099991030727,-0.09917982470871278
2022-09-02,0.0238729565181699,0.0,0.0,0.0238729565181699,13.39328205238022,-0.07767458383329362
2022-09-09,-0.06810553343668882,0.0,0.0,-0.06810553343668882,12.481125433734835,-0.14049004830354317
2022-09-16,-0.05519277657983599,0.0,0.0,-0.05519277657983599,11.7922574662058,-0.18792878903567134
2022-09-23,0.0023483637099668275,0.0,0.0,0.0023483637099668275,11.819949975698023,-0.18602175047393388
2022-09-30,0.057959843201747005,0.0,0.0,0.057959843201747005,12.505032422941973,-0.13884369876177072
2022-10-07,-0.028175136510476803,0.2,0.001,-0.029175136510476804,12.140196394934703,-0.16396805140725323
2022-10-14,0.07655825282635088,0.0,0.0,0.07655825282635088,13.069628619899667,-0.09996290611598302
2022-10-21,0.05692750889352735,0.0,0.0,0.05692750889352735,13.813650019394105,-0.048726036449396104
2022-10-28,0.005005959810798477,0.0,0.0,0.005005959810798477,13.882800596231629,-0.04396399721880273
2022-11-04,0.08612414500951293,0.0,0.0,0.08612414500951293,15.078444927919634,0.0
2022-11-11,-0.007388677425468472,0.0,0.0,-0.007388677425468472,14.967035162269545,-0.007388677425468448
2022-11-18,0.027809955439449533,0.0,0.0,0.027809955439449533,15.383267743192935,0.0
2022-11-25,-0.006555385751567932,0.0,0.0,-0.006555385751567932,15.282424489016654,-0.006555385751567888
2022-12-02,-0.034771251781833046,0.0,0.0,-0.034771251781833046,14.751035459272204,-0.04109869856490611
2022-12-09,0.0005334489088467016,0.0,0.0,0.0005334489088467016,14.758904383042312,-0.040587173711963964
2022-12-16,0.0024018168777583783,0.0,0.0,0.0024018168777583783,14.794352568686726,-0.03828283979304736
2022-12-23,-0.003957984268819081,0.0,0.0,-0.003957984268819081,14.735796753952501,-0.042089301184199845
2022-12-30,0.02167425662315328,0.0,0.0,0.02167425662315328,15.055184194344298,-0.021327298876002043
2023-01-06,0.03099743211059807,0.0,0.0,0.03099743211059807,15.521856244321036,0.0
2023-01-13,0.0157017213344723,0.0,0.0,0.0157017213344723,15.765576105663104,0.0
2023-01-20,0.04040779569759445,0.0,0.0,0.04040779569759445,16.402628283995618,0.0
2023-01-27,-0.027045092371007738,0.0,0.0,-0.027045092371007738,15.959017686927654,-0.027045092371007717
2023-02-03,0.0324580789179536,0.0,0.0,0.0324580789179536,16.47701674246297,0.0
2023-02-10,-0.01727174056540426,0.0,0.0,-0.01727174056540426,16.192429983995325,-0.01727174056540426
2023-02-17,0.014059611866246626,0.0,0.0,0.014059611866246626,16.420089264741673,-0.003454962667761796
2023-02-24,0.04442519193117381,0.0,0.0,0.04442519193117381,17.14955488185483,0.0
2023-03-03,-0.036313099014866436,0.0,0.0,-0.036313099014866436,16.526801397369148,-0.03631309901486646
2023-03-10,0.006029643502637152,0.0,0.0,0.006029643502637152,16.62645211803417,-0.030502410553764903
2023-03-17,0.01347275658426499,0.0,0.0,0.01347275658426499,16.85045626028038,-0.01744060552212412
2023-03-24,0.050970802057539906,0.0,0.0,0.050970802057539906,17.709337530902367,0.0
2023-03-31,-0.018362728719506085,0.0,0.0,-0.018362728719506085,17.38414577002024,-0.01836272871950606
2023-04-07,0.00323868715047766,0.0,0.0,0.00323868715047766,17.440447579547637,-0.015183512702579782
2023-04-14,-0.019337806757842205,0.0,0.0,-0.019337806757842205,17.103187574484068,-0.03422770362587435
2023-04-21,-0.0010682694231237693,0.0,0.0,-0.0010682694231237693,17.084916762160297,-0.03525940863979071
2023-04-28,-0.0324874155624689,0.0,0.0,-0.0324874155624689,16.529871971457805,-0.0666013371412919
2023-05-05,0.004459439906013762,0.0,0.0,0.004459439906013762,16.603585942168625,-0.06243890189591972
2023-05-12,0.05211337344275444,0.0,0.0,0.05211337344275444,17.468854816861725,-0.013579430265022951
2023-05-19,0.08717153808257727,0.0,0.0,0.08717153808257727,18.991641759788802,0.0
2023-05-26,0.011905676841964375,0.0,0.0,0.011905676841964375,19.2177501092792,0.0
2023-06-02,0.01081487887238035,0.0,0.0,0.01081487887238035,19.42558774891073,0.0
2023-06-09,0.03643051686670891,0.0,0.0,0.03643051686670891,20.133271951043156,0.0
2023-06-16,-0.03937632695826743,0.0,0.0,-0.03937632695826743,19.340497651959165,-0.03937632695826743
2023-06-23,0.03705894746012865,0.0,0.0,0.03705894746012865,20.05723613829586,-0.0037766247300581313
2023-06-30,0.004545435685360966,0.0,0.0,0.004545435685360966,20.14840501518858,0.0
2023-07-07,0.02601100160966472,0.2,0.001,0.02501100160966472,20.65233680545564,0.0
2023-07-14,0.03667709153204508,0.0,0.0,0.03667709153204508,21.409804452819962,0.0
2023-07-21,0.03309566911553681,0.0,0.0,0.03309566911553681,22.118376256818838,0.0
2023-07-28,-0.005736481775971481,0.0,0.0,-0.005736481775971481,21.991494594507515,-0.005736481775971525
2023-08-04,0.005876924437262955,0.0,0.0,0.005876924437262955,22.12073694650191,0.0
2023-08-11,-0.019358168892613235,0.0,0.0,-0.019358168892613235,21.692519984662457,-0.019358168892613214
2023-08-18,0.010765941996357364,0.0,0.0,0.010765941996357364,21.926060396572154,-0.008800635819709468
2023-08-25,0.02760701978996707,0.0,0.0,0.02760701978996707,22.531373579856336,0.0
2023-09-01,0.001633293264491218,0.0,0.0,0.001633293264491218,22.56817392056405,0.0
2023-09-08,0.005637242227283103,0.0,0.0,0.005637242227283103,22.69539618358172,0.0
2023-09-15,-0.017141875140598305,0.0,0.0,-0.017141875140598305,22.306354535936354,-0.017141875140598173
2023-09-22,-0.002473927786725262,0.0,0.0,-0.002473927786725262,22.251170225629355,-0.019573395166096574
2023-09-29,-0.023350575316513435,0.0,0.0,-0.023350575316513435,21.731592599395235,-0.04246692044458422
2023-10-06,0.012224480807809445,0.2,0.001,0.011224480807809446,21.97551844345028,-0.03171910877027184
2023-10-13,-0.017586376900278665,0.0,0.0,-0.017586376900278665,21.589048693524738,-0.04874766146877563
2023-10-20,-0.011088908098469099,0.0,0.0,-0.011088908098469099,21.349649716628868,-0.05929601122920214
2023-10-27,0.05748286864187566,0.0,0.0,0.05748286864187566,22.5768888268399,-0.005221647411801977
2023-11-03,0.022324669538519124,0.0,0.0,0.022324669538519124,23.080910409106988,0.0
2023-11-10,0.02538751482248678,0.0,0.0,0.02538751482248678,23.66687736423468,0.0
2023-11-17,0.0031018474041742735,0.0,0.0,0.0031018474041742735,23.74028840635184,0.0
2023-11-24,0.0139353575019457,0.0,0.0,0.0139353575019457,24.07111781249365,0.0
2023-12-01,-0.009830300735255282,0.0,0.0,-0.009830300735255282,23.834491485363078,-0.00983030073525526
2023-12-08,0.060192470760395814,0.0,0.0,0.060192470760395814,25.2691484171847,0.0
2023-12-15,0.00899203735769365,0.0,0.0,0.00899203735769365,25.49636954374913,0.0
2023-12-22,-0.001147789409827005,0.0,0.0,-0.001147789409827005,25.46710508079778,-0.0011477894098269603
2023-12-29,-0.010348260987668502,0.0,0.0,-0.010348260987668502,25.203564830821307,-0.011484172773123635
2024-01-05,0.045340244169595124,0.0,0.0,0.045340244169595124,26.346300614194966,0.0
2024-01-12,0.031640455981238214,0.0,0.0,0.031640455981238214,27.17990957904687,0.0
2024-01-19,0.04982601178014315,0.0,0.0,0.04982601178014315,28.534176073915688,0.0
2024-01-26,0.03302592040611525,0.0,0.0,0.03302592040611525,29.476543501786903,0.0
2024-02-02,0.03476929334881245,0.0,0.0,0.03476929334881245,30.50142208970956,0.0
2024-02-09,-0.004255673205247535,0.0,0.0,-0.004255673205247535,30.37161800500044,-0.0042556732052475565
2024-02-16,0.028222459370311537,0.0,0.0,0.028222459370311537,31.228779760157185,0.0
2024-02-23,0.02768840247598843,0.0,0.0,0.02768840247598843,32.09345478299042,0.0
2024-03-01,0.022525424363402748,0.0,0.0,0.022525424363402748,32.81637347126496,0.0
2024-03-08,0.013430318278281896,0.0,0.0,0.013430318278281896,33.25710781172302,0.0
2024-03-15,0.04153934433068227,0.0,0.0,0.04153934433068227,34.6385862645568,0.0
2024-03-22,-0.006154990268363213,0.0,0.0,-0.006154990268363213,34.42538610318859,-0.006154990268363192
2024-03-29,0.021584065579105485,0.0,0.0,0.021584065579105485,35.168425894425845,0.0
2024-04-05,-0.02529769404891611,0.0,0.0,-0.02529769404891611,34.27874581596668,-0.02529769404891613
2024-04-12,-0.07012304497624977,0.0,0.0,-0.07012304497624977,31.875015781384214,-0.09364678768757839
2024-04-19,0.03527656157130453,0.0,0.0,0.03527656157130453,32.999456738182516,-0.06167376278808967
2024-04-26,-0.035383207116045395,0.0,0.0,-0.035383207116045395,31.831830125698424,-0.09487475438177817
2024-05-03,0.014247085898009737,0.0,0.0,0.014247085898009737,32.2853409437901,-0.08197935725899819
2024-05-10,0.02212633443998313,0.0,0.0,0.02212633443998313,32.999697195021284,-0.0616669254949026
2024-05-17,0.026190485838145913,0.0,0.0,0.026190485838145913,33.86397529707059,-0.03709152639561297
2024-05-24,-0.01218629051348492,0.0,0.0,-0.01218629051348492,33.45129905615901,-0.048825808792852365
2024-05-31,0.02867988466429412,0.0,0.0,0.02867988466429412,34.41067845496046,-0.021546242693378126
2024-06-07,0.05631220633238517,0.0,0.0,0.05631220633238517,36.348419680153555,0.0
2024-06-14,-0.008016667739694982,0.0,0.0,-0.008016667739694982,36.057026476714775,-0.008016667739694894
2024-06-21,-0.004608743329419653,0.0,0.0,-0.004608743329419653,35.890848896461506,-0.012588464305145153
2024-06-28,0.012354704024563446,0.0,0.0,0.012354704024563446,36.33426971176762,-0.00038928703119556207
2024-07-05,0.004719408034060568,0.2,0.001,0.003719408034060568,36.46941168644529,0.0
2024-07-12,-0.015357029242825473,0.0,0.0,-0.015357029242825473,35.90934986470791,-0.015357029242825337
2024-07-19,0.018845279453895268,0.0,0.0,0.018845279453895268,36.58607159791603,0.0
2024-07-26,-0.03930324191713008,0.0,0.0,-0.03930324191713008,35.1481203751057,-0.03930324191712997
2024-08-02,0.0213688788039623,0.0,0.0,0.0213688788039623,35.89919629958841,-0.018774229326297687
2024-08-09,0.053498813117893514,0.0,0.0,0.053498813117893514,37.819760693502666,0.0
2024-08-16,0.0005510297820245703,0.0,0.0,0.0005510297820245703,37.84060050799383,0.0
2024-08-23,0.010469140369761076,0.0,0.0,0.010469140369761076,38.23675906638806,0.0
2024-08-30,-0.07106784410557293,0.0,0.0,-0.07106784410557293,35.51935503395564,-0.07106784410557299
2024-09-06,0.058998686485650986,0.0,0.0,0.058998686485650986,37.61495032577651,-0.01626206707351796
2024-09-13,0.02231485542987812,0.0,0.0,0.02231485542987812,38.45432250429827,0.0
2024-09-20,0.009545623942982728,0.0,0.0,0.009545623942982728,38.82139300590648,0.0
2024-09-27,0.03148312344844473,0.0,0.0,0.03148312344844473,40.043611714352025,0.0
2024-10-04,0.001137879101656037,0.2,0.001,0.00013787910165603693,40.04913289156226,0.0
2024-10-11,-0.0033066778225187433,0.0,0.0,-0.0033066778225187433,39.916703312018626,-0.0033066778225187
2024-10-18,-0.033640196173160324,0.0,0.0,-0.033640196173160324,38.573897582016485,-0.03683563670504797
2024-10-25,-0.03756456635793837,0.0,0.0,-0.03756456635793837,37.12488584661251,-0.07301648834364272
2024-11-01,0.04687578221150068,0.0,0.0,0.04687578221150068,38.86514391018514,-0.029563411137587092
2024-11-08,-0.008948146283332004,0.0,0.0,-0.008948146283332004,38.517372917154056,-0.0382470196934257
2024-11-15,0.024501676932656636,0.0,0.0,0.024501676932656636,39.46111314466483,-0.014682458880934113
2024-11-22,0.006581785174279742,0.0,0.0,0.006581785174279742,39.72083771412096,-0.008197310496838917
2024-11-29,-0.0006500341034849414,0.0,0.0,-0.0006500341034849414,39.69501781498779,-0.00884201606894397
2024-12-06,-0.02792798770068197,0.0,0.0,-0.02792798770068197,38.58641584567246,-0.03652306405360328
2024-12-13,-0.05078294281961324,0.0,0.0,-0.05078294281961324,36.626884096167856,-0.08545125819978538
2024-12-20,0.016352834675223794,0.0,0.0,0.016352834675223794,37.22583747646107,-0.07049579382269244
2024-12-27,0.01610275374695176,0.0,0.0,0.01610275374695176,37.82527597036857,-0.055528216483863524
2025-01-03,-0.008469638144545155,0.0,0.0,-0.008469638144545155,37.504909570181994,-0.06352755072797833
2025-01-10,0.04556578294171394,0.0,0.0,0.04556578294171394,39.21385013890552,-0.020856450373553992
2025-01-17,0.016605385941198425,0.0,0.0,0.016605385941198425,39.86501125470236,-0.004597393840171993
2025-01-24,0.008873734414360259,0.0,0.0,0.008873734414360259,40.21876277700208,0.0
2025-01-31,0.007311794441913056,0.0,0.0,0.007311794441913056,40.512834103135575,0.0
2025-02-07,0.04268202495831992,0.0,0.0,0.04268202495831992,42.242003899457885,0.0
2025-02-14,-0.011170629223250872,0.0,0.0,-0.011170629223250872,41.77013413624992,-0.01117062922325085
2025-02-21,-0.017897357774466816,0.0,0.0,-0.017897357774466816,41.02255910132599,-0.028868062249943205
2025-02-28,-0.00929352001606365,0.0,0.0,-0.00929352001606365,40.64131512720766,-0.037893296351662054
2025-03-07,-0.020496455014131512,0.0,0.0,-0.020496455014131512,39.80831223998771,-0.05761307312178465
2025-03-14,0.006563874829131144,0.0,0.0,0.006563874829131144,40.06960901868996,-0.051427363293146344
2025-03-21,-0.017025036027934305,0.0,0.0,-0.017025036027934305,39.387422481521526,-0.06757684660819308
2025-03-28,-0.1358545481301096,0.0,0.0,-0.1358545481301096,34.03646199828469,-0.19425077277828895
2025-04-04,0.036768726943443686,0.0,0.0,0.036768726943443686,35.28793937562052,-0.16462439945768326
2025-04-11,0.004115146794396042,0.0,0.0,0.004115146794396042,35.43315442622294,-0.16118670623299491
2025-04-18,0.04051221702094328,0.0,0.0,0.04051221702094328,36.86863006807469,-0.12720452003585359
2025-04-25,0.02086584164295855,0.0,0.0,0.02086584164295855,37.637925064667954,-0.10899290776423176
2025-05-02,0.033722238300333184,0.0,0.0,0.033722238300333184,38.90716014282877,-0.07894615427257012
2025-05-09,0.08129978964942053,0.0,0.0,0.08129978964942053,42.07030407829707,-0.0040646703591402655
2025-05-16,-0.04035192328001622,0.0,0.0,-0.04035192328001622,40.37268639576267,-0.044252576372666
2025-05-23,0.0025307110380923706,0.0,0.0,0.0025307110380923706,40.474857998861864,-0.04183385581806409
2025-05-30,0.02461046292517086,0.0,0.0,0.02461046292517086,41.47096299104441,-0.018252943450520642
2025-06-06,0.02887704614224722,0.0,0.0,0.02887704614224722,42.668521902900224,0.0
2025-06-13,0.01315066191478096,0.0,0.0,0.01315066191478096,43.22964120884869,0.0
2025-06-20,0.011897553629112047,0.0,0.0,0.011897553629112047,43.74396818349825,0.0
2025-06-27,0.033316054902113645,0.0,0.0,0.033316054902113645,45.20134462913599,0.0
2025-07-04,-0.004417793798330362,0.0,0.0,-0.004417793798330362,45.0016544091572,-0.004417793798330405
2025-07-11,-0.016581399854006886,0.0,0.0,-0.016581399854006886,44.25546398330713,-0.020925940446894553
2025-07-18,-0.016271143848920457,0.0,0.0,-0.016271143848920457,43.53537696273402,-0.036856595308629725
2025-07-25,-0.04057318358669624,0.0,0.0,-0.04057318358669624,41.76900812070899,-0.07593438948748832
2025-08-01,0.0017318063521073014,0.0,0.0,0.0017318063521073014,41.84134395429365,-0.07433408679343889
2025-08-08,0.005654935844707132,0.0,0.0,0.005654935844707132,42.0779540700115,-0.06909950544062371
2025-08-15,0.02957272437712675,0.0,0.0,0.02957272437712675,43.32231380807735,-0.04157024169248835
2025-08-22,0.025795266453392206,0.0,0.0,0.025795266453392206,44.439824436134174,-0.016847290700085726
2025-08-29,-0.004580370737185268,0.0,0.0,-0.004580370737185268,44.23627356472125,-0.021350494599947534
2025-09-05,0.00416442807068651,0.0,0.0,0.00416442807068651,44.42049234409674,-0.01727497912829612
2025-09-12,0.02560724275718436,0.0,0.0,0.02560724275718436,45.55797867494567,0.0
2025-09-19,0.04264426154877023,0.0,0.0,0.04264426154877023,47.50076503319336,0.0
2025-09-26,-0.008701277069447079,0.0,0.0,-0.008701277069447079,47.08744771562884,-0.008701277069447122
2025-10-03,-0.047771021937082075,0.0,0.0,-0.047771021937082075,44.83803221784433,-0.05605663010876405
2025-10-10,0.029695539610347054,0.0,0.0,0.029695539610347054,46.169521779619345,-0.028025722378234308
2025-10-17,0.04833182399115117,0.0,0.0,0.04833182399115117,48.40097898002753,0.0
2025-10-24,0.021532412632356415,0.0,0.0,0.021532412632356415,49.44316883123549,0.0
2025-10-31,-0.01583858731942003,0.0,0.0,-0.01583858731942003,48.66005888435314,-0.015838587319420006
2025-11-07,0.03652398902925764,0.0,0.0,0.03652398902925764,50.43731834120829,0.0
2025-11-14,-0.04143524826498033,0.0,0.0,-0.04143524826498033,48.347435533920475,-0.04143524826498035
2025-11-21,0.023673652824418356,0.0,0.0,0.023673652824418356,49.491995937701454,-0.018742519122680767
2025-11-28,0.011522210867503513,0.0,0.0,0.011522210867503513,50.06225315114928,-0.0074362635126969945
2025-12-05,0.002378212911148015,0.0,0.0,0.002378212911148015,50.181311847954504,-0.0050757356194455205
2025-12-12,-0.043691176290969705,0.0,0.0,-0.043691176290969705,47.98883130549339,-0.04854514705065982
2025-12-19,-0.005704570544836818,0.0,0.0,-0.005704570544836818,47.71507563194693,-0.053972788379536674
2025-12-26,-0.009199582222048953,0.0,0.0,-0.009199582222048953,47.27611687043955,-0.06267584349713484
2026-01-02,0.03970709869333433,0.0,0.0,0.03970709869333433,49.153314308851705,-0.025457420707229117
2026-01-09,-0.02222682892293686,0.0,0.0,-0.02222682892293686,48.06079200071352,-0.04711841189528709
2026-01-16,-0.010338366659053012,0.0,0.0,-0.010338366659053012,47.563921911085664,-0.056969651135774235
2026-01-23,0.018102439709522057,0.0,0.0,0.018102439709522057,48.4249449398295,-0.03989850110121018
2026-01-30,0.04300246075060073,0.0,0.0,0.04300246075060073,50.507336733954524,0.0
2026-02-06,-0.034599790960118365,0.0,0.0,-0.034599790960118365,48.75979344100739,-0.03459979096011834
2026-02-13,-0.005222097890986689,0.0,0.0,-0.005222097890986689,48.505165026514156,-0.0396412053557037
2026-02-20,-0.01197408086286942,0.0,0.0,-0.01197408086286942,47.92436025821985,-0.05114061922014235
2026-02-27,0.043659086472083636,0.0,0.0,0.043659086472083636,50.016694046852756,-0.009714285464826777
2026-03-06,-0.006553258807889128,0.0,0.0,-0.006553258807889128,49.688921706048724,-0.016203884045931205
2026-03-13,0.0035003218224502817,0.0,0.0,0.0035003218224502817,49.862848923030434,-0.012760281032415222
2026-03-20,0.0283288429645163,0.0,0.0,0.0283288429645163,51.275405739934364,0.0
2026-03-27,-0.012569496511310741,0.0,0.0,-0.012569496511310741,50.630899706370215,-0.012569496511310785
2026-04-03,-0.07039768961931996,0.2,0.001,-0.07139768961931996,47.015970443987875,-0.08306975312004505
2026-04-10,0.04158528264528217,0.0,0.0,0.04158528264528217,48.971142863743346,-0.044938949637533754
2026-04-17,0.015317311126487241,0.0,0.0,0.015317311126487241,49.72124909520696,-0.030309982384342127
2026-04-24,0.08040293485310786,0.0,0.0,0.08040293485310786,53.71898344702403,0.0
2026-05-01,0.03842845467748715,0.0,0.0,0.03842845467748715,55.783320967738675,0.0
2026-05-08,-0.020605012234885933,0.0,0.0,-0.020605012234885933,54.63390495669585,-0.020605012234885978
2026-05-15,0.07908025830782206,0.0,0.0,0.07908025830782206,58.95436827303636,0.0
2026-05-22,0.05103088490107253,0.0,0.0,0.05103088490107253,61.96286185479312,0.0
2026-05-29,-0.02287990346989959,0.0,0.0,-0.02287990346989959,60.545157556836735,-0.022879903469899432
2026-06-05,-0.036358408724571516,0.0,0.0,-0.036358408724571516,58.343831972091685,-0.058406435312533644
2026-06-12,-0.05093578870198817,0.0,0.0,-0.05093578870198817,55.37204287469692,-0.1063672461666062
2026-06-19,0.010106263835978173,0.0,0.0,0.010106263835978173,55.931647349125704,-0.09733595778389426
2026-06-26,0.024303495600852945,0.0,0.0,0.024303495600852945,57.290981894423645,-0.0753980662048469
2026-07-03,0.0365303466368083,0.0,0.0,0.0365303466368083,59.38384132219005,-0.04162203706224665
2026-07-10,-0.0213534971554294,0.0,0.0,-0.0213534971554294,58.11578863543819,-0.06208675816766418
2026-07-17,-0.014734451609538258,0.0,0.0,-0.014734451609538258,57.259484360039174,-0.07590639544338795
2026-07-24,0.019949535600599533,0.0,0.0,0.019949535600599533,58.40178448175174,-0.0574711571809996
2026-07-31,0.03021572058124993,0.0,0.0,0.03021572058124993,60.16643648309873,-0.02899196902661183
2026-08-07,0.05004834159224057,0.0,0.0,0.05004834159224057,63.1776668485927,0.0
2026-08-14,0.0,0.0,0.0,0.0,63.1776668485927,0.0
