,dual_momentum_topn,cta_trend_long_only,composite_selective_signals,composite_regime_offense_component,composite_regime_defense_component,taa_10m_sma,cash::BIL
2005-01-07,0.0,0.0,0.0,0.0,0.0,0.0,1.0
2005-01-14,0.0,0.0,0.0,0.0,0.0,0.0,1.0
2005-01-21,0.0,0.0,0.0,0.0,0.0,0.0,1.0
2005-01-28,0.0,0.0,0.0,0.0,0.0,0.0,1.0
2005-02-04,0.0,0.0,0.0,0.0,0.0,0.0,1.0
2005-02-11,0.0,0.0,0.0,0.0,0.0,0.0,1.0
2005-02-18,0.0,0.0,0.0,0.0,0.0,0.0,1.0
2005-02-25,0.0,0.0,0.0,0.0,0.0,0.0,1.0
2005-03-04,0.0,0.0,0.0,0.0,0.0,0.0,1.0
2005-03-11,0.0,0.0,0.0,0.0,0.0,0.0,1.0
2005-03-18,0.0,0.0,0.0,0.0,0.0,0.0,1.0
2005-03-25,0.0,0.0,0.0,0.0,0.0,0.0,1.0
2005-04-01,0.0,0.0,0.0,0.0,0.0,0.0,1.0
2005-04-08,0.0,0.0,0.0,0.0,0.0,0.0,1.0
2005-04-15,0.0,0.0,0.0,0.0,0.0,0.0,1.0
2005-04-22,0.0,0.0,0.0,0.0,0.0,0.0,1.0
2005-04-29,0.0,0.0,0.0,0.0,0.0,0.0,1.0
2005-05-06,0.0,0.0,0.0,0.0,0.0,0.0,1.0
2005-05-13,0.0,0.0,0.0,0.0,0.0,0.0,1.0
2005-05-20,0.0,0.0,0.0,0.0,0.0,0.0,1.0
2005-05-27,0.0,0.0,0.0,0.0,0.0,0.0,1.0
2005-06-03,0.0,0.0,0.0,0.0,0.0,0.0,1.0
2005-06-10,0.0,0.0,0.0,0.0,0.0,0.0,1.0
2005-06-17,0.0,0.0,0.0,0.0,0.0,0.0,1.0
2005-06-24,0.0,0.0,0.0,0.0,0.0,0.0,1.0
2005-07-01,0.0,0.0,0.0,0.0,0.0,0.0,1.0
2005-07-08,0.0,0.0,0.0,0.0,0.0,0.0,1.0
2005-07-15,0.0,0.0,0.0,0.0,0.0,0.0,1.0
2005-07-22,0.0,0.0,0.0,0.0,0.0,0.0,1.0
2005-07-29,0.0,0.0,0.0,0.0,0.0,0.0,1.0
2005-08-05,0.0,0.0,0.0,0.0,0.0,0.0,1.0
2005-08-12,0.0,0.0,0.0,0.0,0.0,0.0,1.0
2005-08-19,0.0,0.0,0.0,0.0,0.0,0.0,1.0
2005-08-26,0.0,0.0,0.0,0.0,0.0,0.0,1.0
2005-09-02,0.0,0.0,0.0,0.0,0.0,0.0,1.0
2005-09-09,0.0,0.0,0.0,0.0,0.0,0.0,1.0
2005-09-16,0.0,0.0,0.0,0.0,0.0,0.0,1.0
2005-09-23,0.0,0.0,0.0,0.0,0.0,0.0,1.0
2005-09-30,0.0,0.0,0.0,0.0,0.0,0.0,1.0
2005-10-07,0.0,0.0,0.0,0.0,0.0,0.0,1.0
2005-10-14,0.0,0.0,0.0,0.0,0.0,0.0,1.0
2005-10-21,0.0,0.0,0.0,0.0,0.0,0.0,1.0
2005-10-28,0.0,0.0,0.0,0.0,0.0,0.0,1.0
2005-11-04,0.0,0.0,0.0,0.0,0.0,0.0,1.0
2005-11-11,0.0,0.0,0.0,0.0,0.0,0.0,1.0
2005-11-18,0.0,0.0,0.0,0.0,0.0,0.0,1.0
2005-11-25,0.0,0.0,0.0,0.0,0.0,0.0,1.0
2005-12-02,0.0,0.0,0.0,0.0,0.0,0.0,1.0
2005-12-09,0.0,0.0,0.0,0.0,0.0,0.0,1.0
2005-12-16,0.0,0.0,0.0,0.0,0.0,0.0,1.0
2005-12-23,0.0,0.0,0.0,0.0,0.0,0.0,1.0
2005-12-30,0.0,0.0,0.0,0.0,0.0,0.0,1.0
2006-01-06,0.0,0.0,0.0,0.0,0.0,0.0,1.0
2006-01-13,0.0,0.0,0.0,0.0,0.0,0.0,1.0
2006-01-20,0.0,0.0,0.0,0.0,0.0,0.0,1.0
2006-01-27,0.0,0.0,0.0,0.0,0.0,0.0,1.0
2006-02-03,0.0,0.0,0.0,0.0,0.0,0.0,1.0
2006-02-10,0.0,0.0,0.0,0.0,0.0,0.0,1.0
2006-02-17,0.0,0.0,0.0,0.0,0.0,0.0,1.0
2006-02-24,0.0,0.0,0.0,0.0,0.0,0.0,1.0
2006-03-03,0.0,0.0,0.0,0.0,0.0,0.0,1.0
2006-03-10,0.0,0.0,0.0,0.0,0.0,0.0,1.0
2006-03-17,0.0,0.0,0.0,0.0,0.0,0.0,1.0
2006-03-24,0.0,0.0,0.0,0.0,0.0,0.0,1.0
2006-03-31,0.0,0.0,0.0,0.0,0.0,0.0,1.0
2006-04-07,0.0,0.0,0.0,0.0,0.0,0.0,1.0
2006-04-14,0.0,0.0,0.0,0.0,0.0,0.0,1.0
2006-04-21,0.0,0.0,0.0,0.0,0.0,0.0,1.0
2006-04-28,0.0,0.0,0.0,0.0,0.0,0.0,1.0
2006-05-05,0.0,0.0,0.0,0.0,0.0,0.0,1.0
2006-05-12,0.0,0.0,0.0,0.0,0.0,0.0,1.0
2006-05-19,0.0,0.0,0.0,0.0,0.0,0.0,1.0
2006-05-26,0.0,0.0,0.0,0.0,0.0,0.0,1.0
2006-06-02,0.0,0.0,0.0,0.0,0.0,0.0,1.0
2006-06-09,0.0,0.0,0.0,0.0,0.0,0.0,1.0
2006-06-16,0.0,0.0,0.0,0.0,0.0,0.0,1.0
2006-06-23,0.0,0.0,0.0,0.0,0.0,0.0,1.0
2006-06-30,0.12655091033454038,0.0,0.23348660157441614,0.12535961483617183,0.18546289679315697,0.12913997646171477,0.19999999999999996
2006-07-07,0.12655091033454038,0.0,0.23348660157441614,0.12535961483617183,0.18546289679315697,0.12913997646171477,0.19999999999999996
2006-07-14,0.12655091033454038,0.0,0.23348660157441614,0.12535961483617183,0.18546289679315697,0.12913997646171477,0.19999999999999996
2006-07-21,0.12655091033454038,0.0,0.23348660157441614,0.12535961483617183,0.18546289679315697,0.12913997646171477,0.19999999999999996
2006-07-28,0.09732833008837213,0.14400000000000002,0.19589817442615465,0.0872042669431389,0.17343768938650916,0.10213153915582514,0.19999999999999996
2006-08-04,0.09732833008837213,0.14400000000000002,0.19589817442615465,0.0872042669431389,0.17343768938650916,0.10213153915582514,0.19999999999999996
2006-08-11,0.09732833008837213,0.14400000000000002,0.19589817442615465,0.0872042669431389,0.17343768938650916,0.10213153915582514,0.19999999999999996
2006-08-18,0.09732833008837213,0.14400000000000002,0.19589817442615465,0.0872042669431389,0.17343768938650916,0.10213153915582514,0.19999999999999996
2006-08-25,0.07583006611897802,0.23040000000000005,0.19708886916005894,0.06868330218438382,0.14711763146558696,0.08088013107099234,0.19999999999999984
2006-09-01,0.07583006611897802,0.23040000000000005,0.19708886916005894,0.06868330218438382,0.14711763146558696,0.08088013107099234,0.19999999999999984
2006-09-08,0.07583006611897802,0.23040000000000005,0.19708886916005894,0.06868330218438382,0.14711763146558696,0.08088013107099234,0.19999999999999984
2006-09-15,0.07583006611897802,0.23040000000000005,0.19708886916005894,0.06868330218438382,0.14711763146558696,0.08088013107099234,0.19999999999999984
2006-09-22,0.07583006611897802,0.23040000000000005,0.19708886916005894,0.06868330218438382,0.14711763146558696,0.08088013107099234,0.19999999999999984
2006-09-29,0.0641103827583597,0.28224,0.2017993021497423,0.058842344272694205,0.1234733504428459,0.06953462037635805,0.19999999999999984
2006-10-06,0.0641103827583597,0.28224,0.2017993021497423,0.058842344272694205,0.1234733504428459,0.06953462037635805,0.19999999999999984
2006-10-13,0.0641103827583597,0.28224,0.2017993021497423,0.058842344272694205,0.1234733504428459,0.06953462037635805,0.19999999999999984
2006-10-20,0.0641103827583597,0.28224,0.2017993021497423,0.058842344272694205,0.1234733504428459,0.06953462037635805,0.19999999999999984
2006-10-27,0.06763786230987116,0.37428940800000005,0.24011907435557478,0.0635782222011958,0.13029502493418652,0.07499802859349401,0.04908237960567763
2006-11-03,0.06763786230987116,0.37428940800000005,0.24011907435557478,0.0635782222011958,0.13029502493418652,0.07499802859349401,0.04908237960567763
2006-11-10,0.06763786230987116,0.37428940800000005,0.24011907435557478,0.0635782222011958,0.13029502493418652,0.07499802859349401,0.04908237960567763
2006-11-17,0.06763786230987116,0.37428940800000005,0.24011907435557478,0.0635782222011958,0.13029502493418652,0.07499802859349401,0.04908237960567763
2006-11-24,0.05961933528914722,0.43872173150914817,0.2582763823221019,0.06214065239922617,0.11657029425514351,0.06467160422523294,0.0
2006-12-01,0.05961933528914722,0.43872173150914817,0.2582763823221019,0.06214065239922617,0.11657029425514351,0.06467160422523294,0.0
2006-12-08,0.05961933528914722,0.43872173150914817,0.2582763823221019,0.06214065239922617,0.11657029425514351,0.06467160422523294,0.0
2006-12-15,0.05961933528914722,0.43872173150914817,0.2582763823221019,0.06214065239922617,0.11657029425514351,0.06467160422523294,0.0
2006-12-22,0.05961933528914722,0.43872173150914817,0.2582763823221019,0.06214065239922617,0.11657029425514351,0.06467160422523294,0.0
2006-12-29,0.05621540202756672,0.4477443463018296,0.2552710685938678,0.0634063389962631,0.1151516161378123,0.06221122794266057,0.0
2007-01-05,0.05621540202756672,0.4477443463018296,0.2552710685938678,0.0634063389962631,0.1151516161378123,0.06221122794266057,0.0
2007-01-12,0.05621540202756672,0.4477443463018296,0.2552710685938678,0.0634063389962631,0.1151516161378123,0.06221122794266057,0.0
2007-01-19,0.05621540202756672,0.4477443463018296,0.2552710685938678,0.0634063389962631,0.1151516161378123,0.06221122794266057,0.0
2007-01-26,0.05509424162663301,0.4480567236617359,0.2528501456939708,0.06400459788811787,0.11704183233338133,0.06295245879616129,0.0
2007-02-02,0.05509424162663301,0.4480567236617359,0.2528501456939708,0.06400459788811787,0.11704183233338133,0.06295245879616129,0.0
2007-02-09,0.05509424162663301,0.4480567236617359,0.2528501456939708,0.06400459788811787,0.11704183233338133,0.06295245879616129,0.0
2007-02-16,0.05509424162663301,0.4480567236617359,0.2528501456939708,0.06400459788811787,0.11704183233338133,0.06295245879616129,0.0
2007-02-23,0.053668657644673864,0.3884427297992074,0.2723066194184628,0.07541372136295793,0.14614581472870367,0.06402245704599442,0.0
2007-03-02,0.053668657644673864,0.3884427297992074,0.2723066194184628,0.07541372136295793,0.14614581472870367,0.06402245704599442,0.0
2007-03-09,0.053668657644673864,0.3884427297992074,0.2723066194184628,0.07541372136295793,0.14614581472870367,0.06402245704599442,0.0
2007-03-16,0.053668657644673864,0.3884427297992074,0.2723066194184628,0.07541372136295793,0.14614581472870367,0.06402245704599442,0.0
2007-03-23,0.053668657644673864,0.3884427297992074,0.2723066194184628,0.07541372136295793,0.14614581472870367,0.06402245704599442,0.0
2007-03-30,0.05032094444505715,0.35063175640509264,0.2604118037942453,0.07376735794232064,0.1509224757625815,0.06431185934216535,0.049633802308537533
2007-04-06,0.05032094444505715,0.35063175640509264,0.2604118037942453,0.07376735794232064,0.1509224757625815,0.06431185934216535,0.049633802308537533
2007-04-13,0.05032094444505715,0.35063175640509264,0.2604118037942453,0.07376735794232064,0.1509224757625815,0.06431185934216535,0.049633802308537533
2007-04-20,0.05032094444505715,0.35063175640509264,0.2604118037942453,0.07376735794232064,0.1509224757625815,0.06431185934216535,0.049633802308537533
2007-04-27,0.05000961839728853,0.3390681606374271,0.26134457116659043,0.07516647078009801,0.15817732124583334,0.06649662347557216,0.04973723429719046
2007-05-04,0.05000961839728853,0.3390681606374271,0.26134457116659043,0.07516647078009801,0.15817732124583334,0.06649662347557216,0.04973723429719046
2007-05-11,0.05000961839728853,0.3390681606374271,0.26134457116659043,0.07516647078009801,0.15817732124583334,0.06649662347557216,0.04973723429719046
2007-05-18,0.05000961839728853,0.3390681606374271,0.26134457116659043,0.07516647078009801,0.15817732124583334,0.06649662347557216,0.04973723429719046
2007-05-25,0.05003080705219417,0.2977524624291333,0.2612506820127222,0.07226508359191437,0.19974086673957495,0.06880674758221335,0.05015335059224757
2007-06-01,0.05003080705219417,0.2977524624291333,0.2612506820127222,0.07226508359191437,0.19974086673957495,0.06880674758221335,0.05015335059224757
2007-06-08,0.05003080705219417,0.2977524624291333,0.2612506820127222,0.07226508359191437,0.19974086673957495,0.06880674758221335,0.05015335059224757
2007-06-15,0.05003080705219417,0.2977524624291333,0.2612506820127222,0.07226508359191437,0.19974086673957495,0.06880674758221335,0.05015335059224757
2007-06-22,0.05003080705219417,0.2977524624291333,0.2612506820127222,0.07226508359191437,0.19974086673957495,0.06880674758221335,0.05015335059224757
2007-06-29,0.05027603527764155,0.2668877689809016,0.2617828546385065,0.07118254606524443,0.22880655254363044,0.07060323770972662,0.050461004784348784
2007-07-06,0.05027603527764155,0.2668877689809016,0.2617828546385065,0.07118254606524443,0.22880655254363044,0.07060323770972662,0.050461004784348784
2007-07-13,0.05027603527764155,0.2668877689809016,0.2617828546385065,0.07118254606524443,0.22880655254363044,0.07060323770972662,0.050461004784348784
2007-07-20,0.05027603527764155,0.2668877689809016,0.2617828546385065,0.07118254606524443,0.22880655254363044,0.07060323770972662,0.050461004784348784
2007-07-27,0.04214944641176572,0.19793487746108807,0.22548993911283477,0.05965277836045686,0.2151461489036758,0.05962680975017888,0.19999999999999996
2007-08-03,0.04214944641176572,0.19793487746108807,0.22548993911283477,0.05965277836045686,0.2151461489036758,0.05962680975017888,0.19999999999999996
2007-08-10,0.04214944641176572,0.19793487746108807,0.22548993911283477,0.05965277836045686,0.2151461489036758,0.05962680975017888,0.19999999999999996
2007-08-17,0.04214944641176572,0.19793487746108807,0.22548993911283477,0.05965277836045686,0.2151461489036758,0.05962680975017888,0.19999999999999996
2007-08-24,0.04214944641176572,0.19793487746108807,0.22548993911283477,0.05965277836045686,0.2151461489036758,0.05962680975017888,0.19999999999999996
2007-08-31,0.020451115721527836,0.08738041310417739,0.11320537229797939,0.029913203493712695,0.11842795345893986,0.030621941923662795,0.6000000000000001
2007-09-07,0.020451115721527836,0.08738041310417739,0.11320537229797939,0.029913203493712695,0.11842795345893986,0.030621941923662795,0.6000000000000001
2007-09-14,0.020451115721527836,0.08738041310417739,0.11320537229797939,0.029913203493712695,0.11842795345893986,0.030621941923662795,0.6000000000000001
2007-09-21,0.020451115721527836,0.08738041310417739,0.11320537229797939,0.029913203493712695,0.11842795345893986,0.030621941923662795,0.6000000000000001
2007-09-28,0.048734930590618855,0.18260689072307354,0.2848942692432415,0.07373170943138932,0.30534870459851204,0.07222734158563188,0.032456153827532974
2007-10-05,0.048734930590618855,0.18260689072307354,0.2848942692432415,0.07373170943138932,0.30534870459851204,0.07222734158563188,0.032456153827532974
2007-10-12,0.048734930590618855,0.18260689072307354,0.2848942692432415,0.07373170943138932,0.30534870459851204,0.07222734158563188,0.032456153827532974
2007-10-19,0.048734930590618855,0.18260689072307354,0.2848942692432415,0.07373170943138932,0.30534870459851204,0.07222734158563188,0.032456153827532974
2007-10-26,0.01920352239638249,0.07044477253499193,0.11783291485783597,0.03019182528915004,0.13187956163060963,0.03044740329102998,0.6000000000000001
2007-11-02,0.01920352239638249,0.07044477253499193,0.11783291485783597,0.03019182528915004,0.13187956163060963,0.03044740329102998,0.6000000000000001
2007-11-09,0.01920352239638249,0.07044477253499193,0.11783291485783597,0.03019182528915004,0.13187956163060963,0.03044740329102998,0.6000000000000001
2007-11-16,0.01920352239638249,0.07044477253499193,0.11783291485783597,0.03019182528915004,0.13187956163060963,0.03044740329102998,0.6000000000000001
2007-11-23,0.01920352239638249,0.07044477253499193,0.11783291485783597,0.03019182528915004,0.13187956163060963,0.03044740329102998,0.6000000000000001
2007-11-30,0.020604124594888387,0.07226028878402878,0.11201541887450982,0.028444805313902595,0.13232526519265472,0.03435009724001573,0.5999999999999999
2007-12-07,0.020604124594888387,0.07226028878402878,0.11201541887450982,0.028444805313902595,0.13232526519265472,0.03435009724001573,0.5999999999999999
2007-12-14,0.020604124594888387,0.07226028878402878,0.11201541887450982,0.028444805313902595,0.13232526519265472,0.03435009724001573,0.5999999999999999
2007-12-21,0.020604124594888387,0.07226028878402878,0.11201541887450982,0.028444805313902595,0.13232526519265472,0.03435009724001573,0.5999999999999999
2007-12-28,0.04340441439123081,0.14796800161487242,0.2202326066047057,0.055881714695062826,0.2625422239727671,0.06997103872136128,0.19999999999999996
2008-01-04,0.04340441439123081,0.14796800161487242,0.2202326066047057,0.055881714695062826,0.2625422239727671,0.06997103872136128,0.19999999999999996
2008-01-11,0.04340441439123081,0.14796800161487242,0.2202326066047057,0.055881714695062826,0.2625422239727671,0.06997103872136128,0.19999999999999996
2008-01-18,0.04340441439123081,0.14796800161487242,0.2202326066047057,0.055881714695062826,0.2625422239727671,0.06997103872136128,0.19999999999999996
2008-01-25,0.021630051006677486,0.07306250443071685,0.10787271243653263,0.027266699339521857,0.1337053427536232,0.036462690032928034,0.6
2008-02-01,0.021630051006677486,0.07306250443071685,0.10787271243653263,0.027266699339521857,0.1337053427536232,0.036462690032928034,0.6
2008-02-08,0.021630051006677486,0.07306250443071685,0.10787271243653263,0.027266699339521857,0.1337053427536232,0.036462690032928034,0.6
2008-02-15,0.021630051006677486,0.07306250443071685,0.10787271243653263,0.027266699339521857,0.1337053427536232,0.036462690032928034,0.6
2008-02-22,0.021630051006677486,0.07306250443071685,0.10787271243653263,0.027266699339521857,0.1337053427536232,0.036462690032928034,0.6
2008-02-29,0.02158698735083961,0.07264539799435106,0.10641102408037635,0.0265375543691143,0.13532024427492428,0.037498791930394425,0.6
2008-03-07,0.02158698735083961,0.07264539799435106,0.10641102408037635,0.0265375543691143,0.13532024427492428,0.037498791930394425,0.6
2008-03-14,0.02158698735083961,0.07264539799435106,0.10641102408037635,0.0265375543691143,0.13532024427492428,0.037498791930394425,0.6
2008-03-21,0.02158698735083961,0.07264539799435106,0.10641102408037635,0.0265375543691143,0.13532024427492428,0.037498791930394425,0.6
2008-03-28,0.021579625736729974,0.07250699647037745,0.10501794317774166,0.023974413142564342,0.1389813392132954,0.03793968225929123,0.6
2008-04-04,0.021579625736729974,0.07250699647037745,0.10501794317774166,0.023974413142564342,0.1389813392132954,0.03793968225929123,0.6
2008-04-11,0.021579625736729974,0.07250699647037745,0.10501794317774166,0.023974413142564342,0.1389813392132954,0.03793968225929123,0.6
2008-04-18,0.021579625736729974,0.07250699647037745,0.10501794317774166,0.023974413142564342,0.1389813392132954,0.03793968225929123,0.6
2008-04-25,0.021702294487732306,0.0723359475216075,0.10345970261856917,0.022319770620559565,0.1421574548472476,0.0380248299042839,0.6
2008-05-02,0.021702294487732306,0.0723359475216075,0.10345970261856917,0.022319770620559565,0.1421574548472476,0.0380248299042839,0.6
2008-05-09,0.021702294487732306,0.0723359475216075,0.10345970261856917,0.022319770620559565,0.1421574548472476,0.0380248299042839,0.6
2008-05-16,0.021702294487732306,0.0723359475216075,0.10345970261856917,0.022319770620559565,0.1421574548472476,0.0380248299042839,0.6
2008-05-23,0.021702294487732306,0.0723359475216075,0.10345970261856917,0.022319770620559565,0.1421574548472476,0.0380248299042839,0.6
2008-05-30,0.04462366740508785,0.14775959675319666,0.2089367196010938,0.043052595984349365,0.28192462326807155,0.07370279698820083,0.19999999999999996
2008-06-06,0.04462366740508785,0.14775959675319666,0.2089367196010938,0.043052595984349365,0.28192462326807155,0.07370279698820083,0.19999999999999996
2008-06-13,0.04462366740508785,0.14775959675319666,0.2089367196010938,0.043052595984349365,0.28192462326807155,0.07370279698820083,0.19999999999999996
2008-06-20,0.04462366740508785,0.14775959675319666,0.2089367196010938,0.043052595984349365,0.28192462326807155,0.07370279698820083,0.19999999999999996
2008-06-27,0.0452300985965612,0.14852710041679865,0.23128654852597363,0.05854559194981517,0.24412622940135034,0.07228443110950104,0.19999999999999996
2008-07-04,0.0452300985965612,0.14852710041679865,0.23128654852597363,0.05854559194981517,0.24412622940135034,0.07228443110950104,0.19999999999999996
2008-07-11,0.0452300985965612,0.14852710041679865,0.23128654852597363,0.05854559194981517,0.24412622940135034,0.07228443110950104,0.19999999999999996
2008-07-18,0.0452300985965612,0.14852710041679865,0.23128654852597363,0.05854559194981517,0.24412622940135034,0.07228443110950104,0.19999999999999996
2008-07-25,0.045264007121202626,0.14498711084656743,0.2426516738424657,0.06825642759626938,0.22546351963503775,0.07337726095845724,0.19999999999999996
2008-08-01,0.045264007121202626,0.14498711084656743,0.2426516738424657,0.06825642759626938,0.22546351963503775,0.07337726095845724,0.19999999999999996
2008-08-08,0.045264007121202626,0.14498711084656743,0.2426516738424657,0.06825642759626938,0.22546351963503775,0.07337726095845724,0.19999999999999996
2008-08-15,0.045264007121202626,0.14498711084656743,0.2426516738424657,0.06825642759626938,0.22546351963503775,0.07337726095845724,0.19999999999999996
2008-08-22,0.045264007121202626,0.14498711084656743,0.2426516738424657,0.06825642759626938,0.22546351963503775,0.07337726095845724,0.19999999999999996
2008-08-29,0.046652631458042895,0.14344952819115253,0.25701606718817954,0.07066208343395244,0.21550104445358784,0.06671864527508489,0.19999999999999984
2008-09-05,0.046652631458042895,0.14344952819115253,0.25701606718817954,0.07066208343395244,0.21550104445358784,0.06671864527508489,0.19999999999999984
2008-09-12,0.046652631458042895,0.14344952819115253,0.25701606718817954,0.07066208343395244,0.21550104445358784,0.06671864527508489,0.19999999999999984
2008-09-19,0.046652631458042895,0.14344952819115253,0.25701606718817954,0.07066208343395244,0.21550104445358784,0.06671864527508489,0.19999999999999984
2008-09-26,0.02377847734403007,0.07068174706287048,0.1317343309841222,0.03442314493127723,0.10656247170716547,0.032819827970534635,0.5999999999999999
2008-10-03,0.02377847734403007,0.07068174706287048,0.1317343309841222,0.03442314493127723,0.10656247170716547,0.032819827970534635,0.5999999999999999
2008-10-10,0.02377847734403007,0.07068174706287048,0.1317343309841222,0.03442314493127723,0.10656247170716547,0.032819827970534635,0.5999999999999999
2008-10-17,0.02377847734403007,0.07068174706287048,0.1317343309841222,0.03442314493127723,0.10656247170716547,0.032819827970534635,0.5999999999999999
2008-10-24,0.02377847734403007,0.07068174706287048,0.1317343309841222,0.03442314493127723,0.10656247170716547,0.032819827970534635,0.5999999999999999
2008-10-31,0.027589266659420037,0.061903773755030804,0.13125037916890936,0.03473337531518326,0.10057119272022211,0.043952012381234425,0.6000000000000001
2008-11-07,0.027589266659420037,0.061903773755030804,0.13125037916890936,0.03473337531518326,0.10057119272022211,0.043952012381234425,0.6000000000000001
2008-11-14,0.027589266659420037,0.061903773755030804,0.13125037916890936,0.03473337531518326,0.10057119272022211,0.043952012381234425,0.6000000000000001
2008-11-21,0.027589266659420037,0.061903773755030804,0.13125037916890936,0.03473337531518326,0.10057119272022211,0.043952012381234425,0.6000000000000001
2008-11-28,0.03146278704627623,0.07428485229618065,0.1263657589525992,0.032948887236789515,0.09414959782259372,0.040788116645560736,0.5999999999999999
2008-12-05,0.03146278704627623,0.07428485229618065,0.1263657589525992,0.032948887236789515,0.09414959782259372,0.040788116645560736,0.5999999999999999
2008-12-12,0.03146278704627623,0.07428485229618065,0.1263657589525992,0.032948887236789515,0.09414959782259372,0.040788116645560736,0.5999999999999999
2008-12-19,0.03146278704627623,0.07428485229618065,0.1263657589525992,0.032948887236789515,0.09414959782259372,0.040788116645560736,0.5999999999999999
2008-12-26,0.043517506869166944,0.06290454698248342,0.12632056071298567,0.03583359102542912,0.09448336905980058,0.036940425350134316,0.6
2009-01-02,0.043517506869166944,0.06290454698248342,0.12632056071298567,0.03583359102542912,0.09448336905980058,0.036940425350134316,0.6
2009-01-09,0.043517506869166944,0.06290454698248342,0.12632056071298567,0.03583359102542912,0.09448336905980058,0.036940425350134316,0.6
2009-01-16,0.043517506869166944,0.06290454698248342,0.12632056071298567,0.03583359102542912,0.09448336905980058,0.036940425350134316,0.6
2009-01-23,0.043517506869166944,0.06290454698248342,0.12632056071298567,0.03583359102542912,0.09448336905980058,0.036940425350134316,0.6
2009-01-30,0.05106618157860887,0.0558737136634484,0.12702033001683363,0.03774096120528225,0.09418294391157933,0.03411586962424752,0.6
2009-02-06,0.05106618157860887,0.0558737136634484,0.12702033001683363,0.03774096120528225,0.09418294391157933,0.03411586962424752,0.6
2009-02-13,0.05106618157860887,0.0558737136634484,0.12702033001683363,0.03774096120528225,0.09418294391157933,0.03411586962424752,0.6
2009-02-20,0.05106618157860887,0.0558737136634484,0.12702033001683363,0.03774096120528225,0.09418294391157933,0.03411586962424752,0.6
2009-02-27,0.05656337670446108,0.05193846759943513,0.1262585748932624,0.038461145249284824,0.09424522074212616,0.03253321481143045,0.6
2009-03-06,0.05656337670446108,0.05193846759943513,0.1262585748932624,0.038461145249284824,0.09424522074212616,0.03253321481143045,0.6
2009-03-13,0.05656337670446108,0.05193846759943513,0.1262585748932624,0.038461145249284824,0.09424522074212616,0.03253321481143045,0.6
2009-03-20,0.05656337670446108,0.05193846759943513,0.1262585748932624,0.038461145249284824,0.09424522074212616,0.03253321481143045,0.6
2009-03-27,0.06032413674820032,0.04948266643693275,0.12610407892561448,0.03826573797868166,0.09426002939401797,0.031563350516552825,0.6
2009-04-03,0.06032413674820032,0.04948266643693275,0.12610407892561448,0.03826573797868166,0.09426002939401797,0.031563350516552825,0.6
2009-04-10,0.06032413674820032,0.04948266643693275,0.12610407892561448,0.03826573797868166,0.09426002939401797,0.031563350516552825,0.6
2009-04-17,0.06032413674820032,0.04948266643693275,0.12610407892561448,0.03826573797868166,0.09426002939401797,0.031563350516552825,0.6
2009-04-24,0.11240189807503616,0.13259392263407843,0.23507955651491455,0.0742849949462349,0.17576208406946453,0.06987754376027143,0.19999999999999996
2009-05-01,0.11240189807503616,0.13259392263407843,0.23507955651491455,0.0742849949462349,0.17576208406946453,0.06987754376027143,0.19999999999999996
2009-05-08,0.11240189807503616,0.13259392263407843,0.23507955651491455,0.0742849949462349,0.17576208406946453,0.06987754376027143,0.19999999999999996
2009-05-15,0.11240189807503616,0.13259392263407843,0.23507955651491455,0.0742849949462349,0.17576208406946453,0.06987754376027143,0.19999999999999996
2009-05-22,0.11240189807503616,0.13259392263407843,0.23507955651491455,0.0742849949462349,0.17576208406946453,0.06987754376027143,0.19999999999999996
2009-05-29,0.11343297938275115,0.15127354869336399,0.22386151648322847,0.0743235235699698,0.1654183752827362,0.0716900565879504,0.20000000000000007
2009-06-05,0.11343297938275115,0.15127354869336399,0.22386151648322847,0.0743235235699698,0.1654183752827362,0.0716900565879504,0.20000000000000007
2009-06-12,0.11343297938275115,0.15127354869336399,0.22386151648322847,0.0743235235699698,0.1654183752827362,0.0716900565879504,0.20000000000000007
2009-06-19,0.11343297938275115,0.15127354869336399,0.22386151648322847,0.0743235235699698,0.1654183752827362,0.0716900565879504,0.20000000000000007
2009-06-26,0.14234938064390515,0.19812993991626018,0.26009268998508944,0.08902571343049581,0.18984219221397386,0.08924419114698774,0.031315892663287825
2009-07-03,0.14234938064390515,0.19812993991626018,0.26009268998508944,0.08902571343049581,0.18984219221397386,0.08924419114698774,0.031315892663287825
2009-07-10,0.14234938064390515,0.19812993991626018,0.26009268998508944,0.08902571343049581,0.18984219221397386,0.08924419114698774,0.031315892663287825
2009-07-17,0.14234938064390515,0.19812993991626018,0.26009268998508944,0.08902571343049581,0.18984219221397386,0.08924419114698774,0.031315892663287825
2009-07-24,0.14234938064390515,0.19812993991626018,0.26009268998508944,0.08902571343049581,0.18984219221397386,0.08924419114698774,0.031315892663287825
2009-07-31,0.14813564221416292,0.2026885545118699,0.2522097928048059,0.08867579447182158,0.18882881329739792,0.08822984514910083,0.03123155755084084
2009-08-07,0.14813564221416292,0.2026885545118699,0.2522097928048059,0.08867579447182158,0.18882881329739792,0.08822984514910083,0.03123155755084084
2009-08-14,0.14813564221416292,0.2026885545118699,0.2522097928048059,0.08867579447182158,0.18882881329739792,0.08822984514910083,0.03123155755084084
2009-08-21,0.14813564221416292,0.2026885545118699,0.2522097928048059,0.08867579447182158,0.18882881329739792,0.08822984514910083,0.03123155755084084
2009-08-28,0.147034570987877,0.20035128361235555,0.24351215495974823,0.08668266988562047,0.18613911250911158,0.08630943783054655,0.04997077021474061
2009-09-04,0.147034570987877,0.20035128361235555,0.24351215495974823,0.08668266988562047,0.18613911250911158,0.08630943783054655,0.04997077021474061
2009-09-11,0.147034570987877,0.20035128361235555,0.24351215495974823,0.08668266988562047,0.18613911250911158,0.08630943783054655,0.04997077021474061
2009-09-18,0.147034570987877,0.20035128361235555,0.24351215495974823,0.08668266988562047,0.18613911250911158,0.08630943783054655,0.04997077021474061
2009-09-25,0.12531127961866476,0.13062010897375873,0.30074581329710776,0.09656820236836013,0.24437379711714438,0.10238079862496416,1.1102230246251565e-16
2009-10-02,0.12531127961866476,0.13062010897375873,0.30074581329710776,0.09656820236836013,0.24437379711714438,0.10238079862496416,1.1102230246251565e-16
2009-10-09,0.12531127961866476,0.13062010897375873,0.30074581329710776,0.09656820236836013,0.24437379711714438,0.10238079862496416,1.1102230246251565e-16
2009-10-16,0.12531127961866476,0.13062010897375873,0.30074581329710776,0.09656820236836013,0.24437379711714438,0.10238079862496416,1.1102230246251565e-16
2009-10-23,0.12531127961866476,0.13062010897375873,0.30074581329710776,0.09656820236836013,0.24437379711714438,0.10238079862496416,1.1102230246251565e-16
2009-10-30,0.17924396309927848,0.1007038697274594,0.3097972702072676,0.09346924114509249,0.25591897231329036,0.06086668350761172,0.0
2009-11-06,0.17924396309927848,0.1007038697274594,0.3097972702072676,0.09346924114509249,0.25591897231329036,0.06086668350761172,0.0
2009-11-13,0.17924396309927848,0.1007038697274594,0.3097972702072676,0.09346924114509249,0.25591897231329036,0.06086668350761172,0.0
2009-11-20,0.17924396309927848,0.1007038697274594,0.3097972702072676,0.09346924114509249,0.25591897231329036,0.06086668350761172,0.0
2009-11-27,0.18735759861607035,0.09375277000456737,0.31260788648120125,0.09298288301942922,0.2608493925840172,0.05244946929471472,0.0
2009-12-04,0.18735759861607035,0.09375277000456737,0.31260788648120125,0.09298288301942922,0.2608493925840172,0.05244946929471472,0.0
2009-12-11,0.18735759861607035,0.09375277000456737,0.31260788648120125,0.09298288301942922,0.2608493925840172,0.05244946929471472,0.0
2009-12-18,0.18735759861607035,0.09375277000456737,0.31260788648120125,0.09298288301942922,0.2608493925840172,0.05244946929471472,0.0
2009-12-25,0.18833743405394346,0.09205755869769125,0.31372504762934517,0.09203613423419371,0.2634470458059871,0.050396779578839306,0.0
2010-01-01,0.18833743405394346,0.09205755869769125,0.31372504762934517,0.09203613423419371,0.2634470458059871,0.050396779578839306,0.0
2010-01-08,0.18833743405394346,0.09205755869769125,0.31372504762934517,0.09203613423419371,0.2634470458059871,0.050396779578839306,0.0
2010-01-15,0.18833743405394346,0.09205755869769125,0.31372504762934517,0.09203613423419371,0.2634470458059871,0.050396779578839306,0.0
2010-01-22,0.18833743405394346,0.09205755869769125,0.31372504762934517,0.09203613423419371,0.2634470458059871,0.050396779578839306,0.0
2010-01-29,0.1901874383372431,0.09155755743254007,0.31487231893974904,0.0938981155437822,0.25872392941673295,0.050760640329952436,2.220446049250313e-16
2010-02-05,0.1901874383372431,0.09155755743254007,0.31487231893974904,0.0938981155437822,0.25872392941673295,0.050760640329952436,2.220446049250313e-16
2010-02-12,0.1901874383372431,0.09155755743254007,0.31487231893974904,0.0938981155437822,0.25872392941673295,0.050760640329952436,2.220446049250313e-16
2010-02-19,0.1901874383372431,0.09155755743254007,0.31487231893974904,0.0938981155437822,0.25872392941673295,0.050760640329952436,2.220446049250313e-16
2010-02-26,0.19827015664989142,0.09440053460868728,0.30526462207509264,0.09469522279605375,0.25576604223083366,0.05160342163944115,0.0
2010-03-05,0.19827015664989142,0.09440053460868728,0.30526462207509264,0.09469522279605375,0.25576604223083366,0.05160342163944115,0.0
2010-03-12,0.19827015664989142,0.09440053460868728,0.30526462207509264,0.09469522279605375,0.25576604223083366,0.05160342163944115,0.0
2010-03-19,0.19827015664989142,0.09440053460868728,0.30526462207509264,0.09469522279605375,0.25576604223083366,0.05160342163944115,0.0
2010-03-26,0.20254442500972517,0.09606080886392437,0.3020765219157066,0.09478751063541963,0.2529499996092544,0.05158073396596978,0.0
2010-04-02,0.20254442500972517,0.09606080886392437,0.3020765219157066,0.09478751063541963,0.2529499996092544,0.05158073396596978,0.0
2010-04-09,0.20254442500972517,0.09606080886392437,0.3020765219157066,0.09478751063541963,0.2529499996092544,0.05158073396596978,0.0
2010-04-16,0.20254442500972517,0.09606080886392437,0.3020765219157066,0.09478751063541963,0.2529499996092544,0.05158073396596978,0.0
2010-04-23,0.20254442500972517,0.09606080886392437,0.3020765219157066,0.09478751063541963,0.2529499996092544,0.05158073396596978,0.0
2010-04-30,0.19161034073080965,0.0934123502500276,0.298969900950891,0.09528527158944881,0.2677694559153603,0.052952680563462744,0.0
2010-05-07,0.19161034073080965,0.0934123502500276,0.298969900950891,0.09528527158944881,0.2677694559153603,0.052952680563462744,0.0
2010-05-14,0.19161034073080965,0.0934123502500276,0.298969900950891,0.09528527158944881,0.2677694559153603,0.052952680563462744,0.0
2010-05-21,0.19161034073080965,0.0934123502500276,0.298969900950891,0.09528527158944881,0.2677694559153603,0.052952680563462744,0.0
2010-05-28,0.12829106952500247,0.07662356973453621,0.23809423902705307,0.07627232892316223,0.21626156747559222,0.06445722531465388,0.19999999999999984
2010-06-04,0.12829106952500247,0.07662356973453621,0.23809423902705307,0.07627232892316223,0.21626156747559222,0.06445722531465388,0.19999999999999984
2010-06-11,0.12829106952500247,0.07662356973453621,0.23809423902705307,0.07627232892316223,0.21626156747559222,0.06445722531465388,0.19999999999999984
2010-06-18,0.12829106952500247,0.07662356973453621,0.23809423902705307,0.07627232892316223,0.21626156747559222,0.06445722531465388,0.19999999999999984
2010-06-25,0.11254734586261023,0.07920787558024366,0.23540749048203496,0.07621354975932318,0.21749946503134507,0.079124273284443,0.19999999999999984
2010-07-02,0.11254734586261023,0.07920787558024366,0.23540749048203496,0.07621354975932318,0.21749946503134507,0.079124273284443,0.19999999999999984
2010-07-09,0.11254734586261023,0.07920787558024366,0.23540749048203496,0.07621354975932318,0.21749946503134507,0.079124273284443,0.19999999999999984
2010-07-16,0.11254734586261023,0.07920787558024366,0.23540749048203496,0.07621354975932318,0.21749946503134507,0.079124273284443,0.19999999999999984
2010-07-23,0.11254734586261023,0.07920787558024366,0.23540749048203496,0.07621354975932318,0.21749946503134507,0.079124273284443,0.19999999999999984
2010-07-30,0.12007484812968268,0.07367732592017184,0.23948224382994887,0.0729117561741907,0.22953485088891956,0.06431897505708643,0.19999999999999996
2010-08-06,0.12007484812968268,0.07367732592017184,0.23948224382994887,0.0729117561741907,0.22953485088891956,0.06431897505708643,0.19999999999999996
2010-08-13,0.12007484812968268,0.07367732592017184,0.23948224382994887,0.0729117561741907,0.22953485088891956,0.06431897505708643,0.19999999999999996
2010-08-20,0.12007484812968268,0.07367732592017184,0.23948224382994887,0.0729117561741907,0.22953485088891956,0.06431897505708643,0.19999999999999996
2010-08-27,0.12559962490436932,0.0715127145956477,0.24221650625631277,0.06985520781185808,0.23513945029700567,0.055676496134806464,0.19999999999999996
2010-09-03,0.12559962490436932,0.0715127145956477,0.24221650625631277,0.06985520781185808,0.23513945029700567,0.055676496134806464,0.19999999999999996
2010-09-10,0.12559962490436932,0.0715127145956477,0.24221650625631277,0.06985520781185808,0.23513945029700567,0.055676496134806464,0.19999999999999996
2010-09-17,0.12559962490436932,0.0715127145956477,0.24221650625631277,0.06985520781185808,0.23513945029700567,0.055676496134806464,0.19999999999999996
2010-09-24,0.15539382920967376,0.09386267061340689,0.2516294169022824,0.08053313180286027,0.2799868459894871,0.08758957425118612,0.05100453123110349
2010-10-01,0.15539382920967376,0.09386267061340689,0.2516294169022824,0.08053313180286027,0.2799868459894871,0.08758957425118612,0.05100453123110349
2010-10-08,0.15539382920967376,0.09386267061340689,0.2516294169022824,0.08053313180286027,0.2799868459894871,0.08758957425118612,0.05100453123110349
2010-10-15,0.15539382920967376,0.09386267061340689,0.2516294169022824,0.08053313180286027,0.2799868459894871,0.08758957425118612,0.05100453123110349
2010-10-22,0.15539382920967376,0.09386267061340689,0.2516294169022824,0.08053313180286027,0.2799868459894871,0.08758957425118612,0.05100453123110349
2010-10-29,0.1805588237693847,0.11376806364634383,0.22591745301389451,0.08427117101638502,0.28524870263860663,0.11023578591538517,1.1102230246251565e-16
2010-11-05,0.1805588237693847,0.11376806364634383,0.22591745301389451,0.08427117101638502,0.28524870263860663,0.11023578591538517,1.1102230246251565e-16
2010-11-12,0.1805588237693847,0.11376806364634383,0.22591745301389451,0.08427117101638502,0.28524870263860663,0.11023578591538517,1.1102230246251565e-16
2010-11-19,0.1805588237693847,0.11376806364634383,0.22591745301389451,0.08427117101638502,0.28524870263860663,0.11023578591538517,1.1102230246251565e-16
2010-11-26,0.17124548743265985,0.10864298409858726,0.20806681681717162,0.07881015666648247,0.2741295169885744,0.11167447508428319,0.047430562912241236
2010-12-03,0.17124548743265985,0.10864298409858726,0.20806681681717162,0.07881015666648247,0.2741295169885744,0.11167447508428319,0.047430562912241236
2010-12-10,0.17124548743265985,0.10864298409858726,0.20806681681717162,0.07881015666648247,0.2741295169885744,0.11167447508428319,0.047430562912241236
2010-12-17,0.17124548743265985,0.10864298409858726,0.20806681681717162,0.07881015666648247,0.2741295169885744,0.11167447508428319,0.047430562912241236
2010-12-24,0.17124548743265985,0.10864298409858726,0.20806681681717162,0.07881015666648247,0.2741295169885744,0.11167447508428319,0.047430562912241236
2010-12-31,0.18362732152060224,0.11888366376070415,0.21907226061706084,0.08486394341573483,0.27538194965181617,0.11817086103408178,0.0
2011-01-07,0.18362732152060224,0.11888366376070415,0.21907226061706084,0.08486394341573483,0.27538194965181617,0.11817086103408178,0.0
2011-01-14,0.18362732152060224,0.11888366376070415,0.21907226061706084,0.08486394341573483,0.27538194965181617,0.11817086103408178,0.0
2011-01-21,0.18362732152060224,0.11888366376070415,0.21907226061706084,0.08486394341573483,0.27538194965181617,0.11817086103408178,0.0
2011-01-28,0.1770305866516487,0.11200769454868684,0.2030690094294811,0.07923616164176576,0.2628419111701404,0.11645579373623761,0.04935884282203973
2011-02-04,0.1770305866516487,0.11200769454868684,0.2030690094294811,0.07923616164176576,0.2628419111701404,0.11645579373623761,0.04935884282203973
2011-02-11,0.1770305866516487,0.11200769454868684,0.2030690094294811,0.07923616164176576,0.2628419111701404,0.11645579373623761,0.04935884282203973
2011-02-18,0.1770305866516487,0.11200769454868684,0.2030690094294811,0.07923616164176576,0.2628419111701404,0.11645579373623761,0.04935884282203973
2011-02-25,0.1794211733730856,0.11193255996686594,0.20153926454844728,0.07864600759982973,0.26232391402981126,0.1191792769914042,0.046957803490556005
2011-03-04,0.1794211733730856,0.11193255996686594,0.20153926454844728,0.07864600759982973,0.26232391402981126,0.1191792769914042,0.046957803490556005
2011-03-11,0.1794211733730856,0.11193255996686594,0.20153926454844728,0.07864600759982973,0.26232391402981126,0.1191792769914042,0.046957803490556005
2011-03-18,0.1794211733730856,0.11193255996686594,0.20153926454844728,0.07864600759982973,0.26232391402981126,0.1191792769914042,0.046957803490556005
2011-03-25,0.1800087960890798,0.1105244702223244,0.20074008934122223,0.08109397718709327,0.2602962722467263,0.12063367428152623,0.04670272063202774
2011-04-01,0.1800087960890798,0.1105244702223244,0.20074008934122223,0.08109397718709327,0.2602962722467263,0.12063367428152623,0.04670272063202774
2011-04-08,0.1800087960890798,0.1105244702223244,0.20074008934122223,0.08109397718709327,0.2602962722467263,0.12063367428152623,0.04670272063202774
2011-04-15,0.1800087960890798,0.1105244702223244,0.20074008934122223,0.08109397718709327,0.2602962722467263,0.12063367428152623,0.04670272063202774
2011-04-22,0.1800087960890798,0.1105244702223244,0.20074008934122223,0.08109397718709327,0.2602962722467263,0.12063367428152623,0.04670272063202774
2011-04-29,0.18886861295947782,0.11535842193727994,0.21804993989466753,0.09345499566064291,0.2641843348097463,0.12008369473818556,0.0
2011-05-06,0.18886861295947782,0.11535842193727994,0.21804993989466753,0.09345499566064291,0.2641843348097463,0.12008369473818556,0.0
2011-05-13,0.18886861295947782,0.11535842193727994,0.21804993989466753,0.09345499566064291,0.2641843348097463,0.12008369473818556,0.0
2011-05-20,0.18886861295947782,0.11535842193727994,0.21804993989466753,0.09345499566064291,0.2641843348097463,0.12008369473818556,0.0
2011-05-27,0.1881446224597964,0.11432653355802717,0.21915472990409088,0.09659166105935152,0.2633368968464387,0.11844555617229546,0.0
2011-06-03,0.1881446224597964,0.11432653355802717,0.21915472990409088,0.09659166105935152,0.2633368968464387,0.11844555617229546,0.0
2011-06-10,0.1881446224597964,0.11432653355802717,0.21915472990409088,0.09659166105935152,0.2633368968464387,0.11844555617229546,0.0
2011-06-17,0.1881446224597964,0.11432653355802717,0.21915472990409088,0.09659166105935152,0.2633368968464387,0.11844555617229546,0.0
2011-06-24,0.18261778973037626,0.11202334442413867,0.21616694930049313,0.09635025723409307,0.26978013503484766,0.1230615242760513,0.0
2011-07-01,0.18261778973037626,0.11202334442413867,0.21616694930049313,0.09635025723409307,0.26978013503484766,0.1230615242760513,0.0
2011-07-08,0.18261778973037626,0.11202334442413867,0.21616694930049313,0.09635025723409307,0.26978013503484766,0.1230615242760513,0.0
2011-07-15,0.18261778973037626,0.11202334442413867,0.21616694930049313,0.09635025723409307,0.26978013503484766,0.1230615242760513,0.0
2011-07-22,0.18261778973037626,0.11202334442413867,0.21616694930049313,0.09635025723409307,0.26978013503484766,0.1230615242760513,0.0
2011-07-29,0.1745995582538818,0.11234457463183761,0.2125004573745219,0.10000405748615492,0.27591980243497927,0.12463154981862454,0.0
2011-08-05,0.1745995582538818,0.11234457463183761,0.2125004573745219,0.10000405748615492,0.27591980243497927,0.12463154981862454,0.0
2011-08-12,0.1745995582538818,0.11234457463183761,0.2125004573745219,0.10000405748615492,0.27591980243497927,0.12463154981862454,0.0
2011-08-19,0.1745995582538818,0.11234457463183761,0.2125004573745219,0.10000405748615492,0.27591980243497927,0.12463154981862454,0.0
2011-08-26,0.06840197166596115,0.043687586883140395,0.08253006462479069,0.040321954531752045,0.10941584812931293,0.05564257416504281,0.6
2011-09-02,0.06840197166596115,0.043687586883140395,0.08253006462479069,0.040321954531752045,0.10941584812931293,0.05564257416504281,0.6
2011-09-09,0.06840197166596115,0.043687586883140395,0.08253006462479069,0.040321954531752045,0.10941584812931293,0.05564257416504281,0.6
2011-09-16,0.06840197166596115,0.043687586883140395,0.08253006462479069,0.040321954531752045,0.10941584812931293,0.05564257416504281,0.6
2011-09-23,0.06840197166596115,0.043687586883140395,0.08253006462479069,0.040321954531752045,0.10941584812931293,0.05564257416504281,0.6
2011-09-30,0.0566430207384687,0.05058530858826629,0.08053150496191275,0.0423014753718179,0.10918790791294881,0.06075078242658558,0.6
2011-10-07,0.0566430207384687,0.05058530858826629,0.08053150496191275,0.0423014753718179,0.10918790791294881,0.06075078242658558,0.6
2011-10-14,0.0566430207384687,0.05058530858826629,0.08053150496191275,0.0423014753718179,0.10918790791294881,0.06075078242658558,0.6
2011-10-21,0.0566430207384687,0.05058530858826629,0.08053150496191275,0.0423014753718179,0.10918790791294881,0.06075078242658558,0.6
2011-10-28,0.048763754354106154,0.05445005427725627,0.07809356252496889,0.04417836305102718,0.1074041904356694,0.06711007535697214,0.6
2011-11-04,0.048763754354106154,0.05445005427725627,0.07809356252496889,0.04417836305102718,0.1074041904356694,0.06711007535697214,0.6
2011-11-11,0.048763754354106154,0.05445005427725627,0.07809356252496889,0.04417836305102718,0.1074041904356694,0.06711007535697214,0.6
2011-11-18,0.048763754354106154,0.05445005427725627,0.07809356252496889,0.04417836305102718,0.1074041904356694,0.06711007535697214,0.6
2011-11-25,0.08796264826727339,0.10342246183217348,0.15080714754262026,0.07290007751580176,0.23773032707596695,0.14717733776616423,0.19999999999999996
2011-12-02,0.08796264826727339,0.10342246183217348,0.15080714754262026,0.07290007751580176,0.23773032707596695,0.14717733776616423,0.19999999999999996
2011-12-09,0.08796264826727339,0.10342246183217348,0.15080714754262026,0.07290007751580176,0.23773032707596695,0.14717733776616423,0.19999999999999996
2011-12-16,0.08796264826727339,0.10342246183217348,0.15080714754262026,0.07290007751580176,0.23773032707596695,0.14717733776616423,0.19999999999999996
2011-12-23,0.08796264826727339,0.10342246183217348,0.15080714754262026,0.07290007751580176,0.23773032707596695,0.14717733776616423,0.19999999999999996
2011-12-30,0.08756750696795645,0.09855215662524892,0.20477054713803478,0.06495003631736178,0.2640376719033931,0.1251220810480051,0.1549999999999998
2012-01-06,0.08756750696795645,0.09855215662524892,0.20477054713803478,0.06495003631736178,0.2640376719033931,0.1251220810480051,0.1549999999999998
2012-01-13,0.08756750696795645,0.09855215662524892,0.20477054713803478,0.06495003631736178,0.2640376719033931,0.1251220810480051,0.1549999999999998
2012-01-20,0.08756750696795645,0.09855215662524892,0.20477054713803478,0.06495003631736178,0.2640376719033931,0.1251220810480051,0.1549999999999998
2012-01-27,0.09504556793931007,0.10398554393116478,0.2857796914144399,0.06291457896197017,0.32592147524239534,0.11904802478346226,0.007305117727257615
2012-02-03,0.09504556793931007,0.10398554393116478,0.2857796914144399,0.06291457896197017,0.32592147524239534,0.11904802478346226,0.007305117727257615
2012-02-10,0.09504556793931007,0.10398554393116478,0.2857796914144399,0.06291457896197017,0.32592147524239534,0.11904802478346226,0.007305117727257615
2012-02-17,0.09504556793931007,0.10398554393116478,0.2857796914144399,0.06291457896197017,0.32592147524239534,0.11904802478346226,0.007305117727257615
2012-02-24,0.0838281486766231,0.09264586769533364,0.2996740458869437,0.05509308264429987,0.3220433231431609,0.10119113706691658,0.04552439488672222
2012-03-02,0.0838281486766231,0.09264586769533364,0.2996740458869437,0.05509308264429987,0.3220433231431609,0.10119113706691658,0.04552439488672222
2012-03-09,0.0838281486766231,0.09264586769533364,0.2996740458869437,0.05509308264429987,0.3220433231431609,0.10119113706691658,0.04552439488672222
2012-03-16,0.0838281486766231,0.09264586769533364,0.2996740458869437,0.05509308264429987,0.3220433231431609,0.10119113706691658,0.04552439488672222
2012-03-23,0.0838281486766231,0.09264586769533364,0.2996740458869437,0.05509308264429987,0.3220433231431609,0.10119113706691658,0.04552439488672222
2012-03-30,0.08259247031370083,0.10202588968444759,0.2557215205314776,0.07860804703012654,0.3417689089497487,0.11172444608154371,0.02755871740895499
2012-04-06,0.08259247031370083,0.10202588968444759,0.2557215205314776,0.07860804703012654,0.3417689089497487,0.11172444608154371,0.02755871740895499
2012-04-13,0.08259247031370083,0.10202588968444759,0.2557215205314776,0.07860804703012654,0.3417689089497487,0.11172444608154371,0.02755871740895499
2012-04-20,0.08259247031370083,0.10202588968444759,0.2557215205314776,0.07860804703012654,0.3417689089497487,0.11172444608154371,0.02755871740895499
2012-04-27,0.0811883648457652,0.1063038601834138,0.22661087327968948,0.09119858006039676,0.3504617138456853,0.1176200246423206,0.026616583142728856
2012-05-04,0.0811883648457652,0.1063038601834138,0.22661087327968948,0.09119858006039676,0.3504617138456853,0.1176200246423206,0.026616583142728856
2012-05-11,0.0811883648457652,0.1063038601834138,0.22661087327968948,0.09119858006039676,0.3504617138456853,0.1176200246423206,0.026616583142728856
2012-05-18,0.0811883648457652,0.1063038601834138,0.22661087327968948,0.09119858006039676,0.3504617138456853,0.1176200246423206,0.026616583142728856
2012-05-25,0.06840641582128681,0.08934322948132319,0.17794330879484116,0.08286429283455804,0.2949802174019515,0.0996048197437407,0.1868577159222986
2012-06-01,0.06840641582128681,0.08934322948132319,0.17794330879484116,0.08286429283455804,0.2949802174019515,0.0996048197437407,0.1868577159222986
2012-06-08,0.06840641582128681,0.08934322948132319,0.17794330879484116,0.08286429283455804,0.2949802174019515,0.0996048197437407,0.1868577159222986
2012-06-15,0.06840641582128681,0.08934322948132319,0.17794330879484116,0.08286429283455804,0.2949802174019515,0.0996048197437407,0.1868577159222986
2012-06-22,0.06840641582128681,0.08934322948132319,0.17794330879484116,0.08286429283455804,0.2949802174019515,0.0996048197437407,0.1868577159222986
2012-06-29,0.08103644367778204,0.10529826395024491,0.19952980485507513,0.10022551281815688,0.3434409669497195,0.11912950901498923,0.05133949873403243
2012-07-06,0.08103644367778204,0.10529826395024491,0.19952980485507513,0.10022551281815688,0.3434409669497195,0.11912950901498923,0.05133949873403243
2012-07-13,0.08103644367778204,0.10529826395024491,0.19952980485507513,0.10022551281815688,0.3434409669497195,0.11912950901498923,0.05133949873403243
2012-07-20,0.08103644367778204,0.10529826395024491,0.19952980485507513,0.10022551281815688,0.3434409669497195,0.11912950901498923,0.05133949873403243
2012-07-27,0.08777124160181901,0.11254571062665729,0.20930591062142942,0.11120655676704493,0.35266164076346657,0.1265089396195828,1.1102230246251565e-16
2012-08-03,0.08777124160181901,0.11254571062665729,0.20930591062142942,0.11120655676704493,0.35266164076346657,0.1265089396195828,1.1102230246251565e-16
2012-08-10,0.08777124160181901,0.11254571062665729,0.20930591062142942,0.11120655676704493,0.35266164076346657,0.1265089396195828,1.1102230246251565e-16
2012-08-17,0.08777124160181901,0.11254571062665729,0.20930591062142942,0.11120655676704493,0.35266164076346657,0.1265089396195828,1.1102230246251565e-16
2012-08-24,0.08777124160181901,0.11254571062665729,0.20930591062142942,0.11120655676704493,0.35266164076346657,0.1265089396195828,1.1102230246251565e-16
2012-08-31,0.08808718137207652,0.11338469264724328,0.20891405305276445,0.11208287436356451,0.34792981617394014,0.12960138239041108,0.0
2012-09-07,0.08808718137207652,0.11338469264724328,0.20891405305276445,0.11208287436356451,0.34792981617394014,0.12960138239041108,0.0
2012-09-14,0.08808718137207652,0.11338469264724328,0.20891405305276445,0.11208287436356451,0.34792981617394014,0.12960138239041108,0.0
2012-09-21,0.08808718137207652,0.11338469264724328,0.20891405305276445,0.11208287436356451,0.34792981617394014,0.12960138239041108,0.0
2012-09-28,0.08686613058440576,0.1137181241707762,0.20599813998185262,0.11216265800177551,0.3445392139149357,0.13671573334625417,0.0
2012-10-05,0.08686613058440576,0.1137181241707762,0.20599813998185262,0.11216265800177551,0.3445392139149357,0.13671573334625417,0.0
2012-10-12,0.08686613058440576,0.1137181241707762,0.20599813998185262,0.11216265800177551,0.3445392139149357,0.13671573334625417,0.0
2012-10-19,0.08686613058440576,0.1137181241707762,0.20599813998185262,0.11216265800177551,0.3445392139149357,0.13671573334625417,0.0
2012-10-26,0.07348923577192439,0.12454544669100909,0.17461239046651383,0.07470328441777259,0.34016510479621775,0.2124845378565624,0.0
2012-11-02,0.07348923577192439,0.12454544669100909,0.17461239046651383,0.07470328441777259,0.34016510479621775,0.2124845378565624,0.0
2012-11-09,0.07348923577192439,0.12454544669100909,0.17461239046651383,0.07470328441777259,0.34016510479621775,0.2124845378565624,0.0
2012-11-16,0.07348923577192439,0.12454544669100909,0.17461239046651383,0.07470328441777259,0.34016510479621775,0.2124845378565624,0.0
2012-11-23,0.07348923577192439,0.12454544669100909,0.17461239046651383,0.07470328441777259,0.34016510479621775,0.2124845378565624,0.0
2012-11-30,0.08523956238185758,0.10517819373656968,0.29270948278959663,0.06317958065465241,0.31439342801120235,0.1392997524261213,0.0
2012-12-07,0.08523956238185758,0.10517819373656968,0.29270948278959663,0.06317958065465241,0.31439342801120235,0.1392997524261213,0.0
2012-12-14,0.08523956238185758,0.10517819373656968,0.29270948278959663,0.06317958065465241,0.31439342801120235,0.1392997524261213,0.0
2012-12-21,0.08523956238185758,0.10517819373656968,0.29270948278959663,0.06317958065465241,0.31439342801120235,0.1392997524261213,0.0
2012-12-28,0.08681050119003995,0.10283203566798108,0.313302478501749,0.06018636518202034,0.31135715794456625,0.1255114615136433,0.0
2013-01-04,0.08681050119003995,0.10283203566798108,0.313302478501749,0.06018636518202034,0.31135715794456625,0.1255114615136433,0.0
2013-01-11,0.08681050119003995,0.10283203566798108,0.313302478501749,0.06018636518202034,0.31135715794456625,0.1255114615136433,0.0
2013-01-18,0.08681050119003995,0.10283203566798108,0.313302478501749,0.06018636518202034,0.31135715794456625,0.1255114615136433,0.0
2013-01-25,0.0867095465412498,0.1033948851648143,0.3157677389707978,0.05938554315397762,0.3097337705224635,0.12500851564669707,0.0
2013-02-01,0.0867095465412498,0.1033948851648143,0.3157677389707978,0.05938554315397762,0.3097337705224635,0.12500851564669707,0.0
2013-02-08,0.0867095465412498,0.1033948851648143,0.3157677389707978,0.05938554315397762,0.3097337705224635,0.12500851564669707,0.0
2013-02-15,0.0867095465412498,0.1033948851648143,0.3157677389707978,0.05938554315397762,0.3097337705224635,0.12500851564669707,0.0
2013-02-22,0.08657849382036753,0.10459422534114474,0.32127764373879836,0.05838894953289092,0.3036791297736104,0.12548155779318804,0.0
2013-03-01,0.08657849382036753,0.10459422534114474,0.32127764373879836,0.05838894953289092,0.3036791297736104,0.12548155779318804,0.0
2013-03-08,0.08657849382036753,0.10459422534114474,0.32127764373879836,0.05838894953289092,0.3036791297736104,0.12548155779318804,0.0
2013-03-15,0.08657849382036753,0.10459422534114474,0.32127764373879836,0.05838894953289092,0.3036791297736104,0.12548155779318804,0.0
2013-03-22,0.08657849382036753,0.10459422534114474,0.32127764373879836,0.05838894953289092,0.3036791297736104,0.12548155779318804,0.0
2013-03-29,0.07714602018784573,0.13153936469766672,0.20681446932057135,0.09081216708853329,0.336470210248313,0.15721776845706992,0.0
2013-04-05,0.07714602018784573,0.13153936469766672,0.20681446932057135,0.09081216708853329,0.336470210248313,0.15721776845706992,0.0
2013-04-12,0.07714602018784573,0.13153936469766672,0.20681446932057135,0.09081216708853329,0.336470210248313,0.15721776845706992,0.0
2013-04-19,0.07714602018784573,0.13153936469766672,0.20681446932057135,0.09081216708853329,0.336470210248313,0.15721776845706992,0.0
2013-04-26,0.07370532739609781,0.1280756726463,0.18545572549736075,0.08757828481199888,0.3155097636971893,0.15980403183702216,0.04987119411403107
2013-05-03,0.07370532739609781,0.1280756726463,0.18545572549736075,0.08757828481199888,0.3155097636971893,0.15980403183702216,0.04987119411403107
2013-05-10,0.07370532739609781,0.1280756726463,0.18545572549736075,0.08757828481199888,0.3155097636971893,0.15980403183702216,0.04987119411403107
2013-05-17,0.07370532739609781,0.1280756726463,0.18545572549736075,0.08757828481199888,0.3155097636971893,0.15980403183702216,0.04987119411403107
2013-05-24,0.07370532739609781,0.1280756726463,0.18545572549736075,0.08757828481199888,0.3155097636971893,0.15980403183702216,0.04987119411403107
2013-05-31,0.07707819507341393,0.13799677706928487,0.18775103074835264,0.0921837160441604,0.3317972139689974,0.17319306709579074,0.0
2013-06-07,0.07707819507341393,0.13799677706928487,0.18775103074835264,0.0921837160441604,0.3317972139689974,0.17319306709579074,0.0
2013-06-14,0.07707819507341393,0.13799677706928487,0.18775103074835264,0.0921837160441604,0.3317972139689974,0.17319306709579074,0.0
2013-06-21,0.07707819507341393,0.13799677706928487,0.18775103074835264,0.0921837160441604,0.3317972139689974,0.17319306709579074,0.0
2013-06-28,0.07100143427703315,0.105447721520923,0.1984715302734569,0.06696717852746954,0.2624285674715966,0.13319767881911876,0.16248588911040218
2013-07-05,0.07100143427703315,0.105447721520923,0.1984715302734569,0.06696717852746954,0.2624285674715966,0.13319767881911876,0.16248588911040218
2013-07-12,0.07100143427703315,0.105447721520923,0.1984715302734569,0.06696717852746954,0.2624285674715966,0.13319767881911876,0.16248588911040218
2013-07-19,0.07100143427703315,0.105447721520923,0.1984715302734569,0.06696717852746954,0.2624285674715966,0.13319767881911876,0.16248588911040218
2013-07-26,0.08546900708922789,0.12484273621341016,0.2112218488097511,0.09288427942635098,0.29499422533008723,0.16018510030062802,0.03040280283054453
2013-08-02,0.08546900708922789,0.12484273621341016,0.2112218488097511,0.09288427942635098,0.29499422533008723,0.16018510030062802,0.03040280283054453
2013-08-09,0.08546900708922789,0.12484273621341016,0.2112218488097511,0.09288427942635098,0.29499422533008723,0.16018510030062802,0.03040280283054453
2013-08-16,0.08546900708922789,0.12484273621341016,0.2112218488097511,0.09288427942635098,0.29499422533008723,0.16018510030062802,0.03040280283054453
2013-08-23,0.08546900708922789,0.12484273621341016,0.2112218488097511,0.09288427942635098,0.29499422533008723,0.16018510030062802,0.03040280283054453
2013-08-30,0.07565613527639069,0.10691966004817763,0.17273613312645347,0.09150928245924636,0.25302380338817565,0.1394848406766703,0.16067014502488586
2013-09-06,0.07565613527639069,0.10691966004817763,0.17273613312645347,0.09150928245924636,0.25302380338817565,0.1394848406766703,0.16067014502488586
2013-09-13,0.07565613527639069,0.10691966004817763,0.17273613312645347,0.09150928245924636,0.25302380338817565,0.1394848406766703,0.16067014502488586
2013-09-20,0.07565613527639069,0.10691966004817763,0.17273613312645347,0.09150928245924636,0.25302380338817565,0.1394848406766703,0.16067014502488586
2013-09-27,0.07646927433578303,0.10569446508112809,0.16633416066909193,0.09830680930439364,0.25209945145438223,0.13972618293408418,0.16136965622113708
2013-10-04,0.07646927433578303,0.10569446508112809,0.16633416066909193,0.09830680930439364,0.25209945145438223,0.13972618293408418,0.16136965622113708
2013-10-11,0.07646927433578303,0.10569446508112809,0.16633416066909193,0.09830680930439364,0.25209945145438223,0.13972618293408418,0.16136965622113708
2013-10-18,0.07646927433578303,0.10569446508112809,0.16633416066909193,0.09830680930439364,0.25209945145438223,0.13972618293408418,0.16136965622113708
2013-10-25,0.08881435047188899,0.12041177832567979,0.18580044857780426,0.11842888823294352,0.2894582447972201,0.162138402743978,0.03494788685048533
2013-11-01,0.08881435047188899,0.12041177832567979,0.18580044857780426,0.11842888823294352,0.2894582447972201,0.162138402743978,0.03494788685048533
2013-11-08,0.08881435047188899,0.12041177832567979,0.18580044857780426,0.11842888823294352,0.2894582447972201,0.162138402743978,0.03494788685048533
2013-11-15,0.08881435047188899,0.12041177832567979,0.18580044857780426,0.11842888823294352,0.2894582447972201,0.162138402743978,0.03494788685048533
2013-11-22,0.08881435047188899,0.12041177832567979,0.18580044857780426,0.11842888823294352,0.2894582447972201,0.162138402743978,0.03494788685048533
2013-11-29,0.08975403685863403,0.12033273577160625,0.18242348709901454,0.12248711889815993,0.2895461309927564,0.16383916458409647,0.0316173257957324
2013-12-06,0.08975403685863403,0.12033273577160625,0.18242348709901454,0.12248711889815993,0.2895461309927564,0.16383916458409647,0.0316173257957324
2013-12-13,0.08975403685863403,0.12033273577160625,0.18242348709901454,0.12248711889815993,0.2895461309927564,0.16383916458409647,0.0316173257957324
2013-12-20,0.08975403685863403,0.12033273577160625,0.18242348709901454,0.12248711889815993,0.2895461309927564,0.16383916458409647,0.0316173257957324
2013-12-27,0.08959095791982209,0.11802994796728689,0.17734529242384717,0.12335561014492774,0.2924946737072598,0.16255795160702646,0.03662556622982993
2014-01-03,0.08959095791982209,0.11802994796728689,0.17734529242384717,0.12335561014492774,0.2924946737072598,0.16255795160702646,0.03662556622982993
2014-01-10,0.08959095791982209,0.11802994796728689,0.17734529242384717,0.12335561014492774,0.2924946737072598,0.16255795160702646,0.03662556622982993
2014-01-17,0.08959095791982209,0.11802994796728689,0.17734529242384717,0.12335561014492774,0.2924946737072598,0.16255795160702646,0.03662556622982993
2014-01-24,0.08959095791982209,0.11802994796728689,0.17734529242384717,0.12335561014492774,0.2924946737072598,0.16255795160702646,0.03662556622982993
2014-01-31,0.08896335956588262,0.11703910072941398,0.1732314446682708,0.12452152476801501,0.2943355193551171,0.161459786530805,0.04044926438249541
2014-02-07,0.08896335956588262,0.11703910072941398,0.1732314446682708,0.12452152476801501,0.2943355193551171,0.161459786530805,0.04044926438249541
2014-02-14,0.08896335956588262,0.11703910072941398,0.1732314446682708,0.12452152476801501,0.2943355193551171,0.161459786530805,0.04044926438249541
2014-02-21,0.08896335956588262,0.11703910072941398,0.1732314446682708,0.12452152476801501,0.2943355193551171,0.161459786530805,0.04044926438249541
2014-02-28,0.08757613094059226,0.11595279633902812,0.1677587316114722,0.12379330254858419,0.2946179048546417,0.15957689700380945,0.050724236701872094
2014-03-07,0.08757613094059226,0.11595279633902812,0.1677587316114722,0.12379330254858419,0.2946179048546417,0.15957689700380945,0.050724236701872094
2014-03-14,0.08757613094059226,0.11595279633902812,0.1677587316114722,0.12379330254858419,0.2946179048546417,0.15957689700380945,0.050724236701872094
2014-03-21,0.08757613094059226,0.11595279633902812,0.1677587316114722,0.12379330254858419,0.2946179048546417,0.15957689700380945,0.050724236701872094
2014-03-28,0.087334070198559,0.11755826392749562,0.16568234048674357,0.1246842593546105,0.29726208590954106,0.1619200219881304,0.045558958134919836
2014-04-04,0.087334070198559,0.11755826392749562,0.16568234048674357,0.1246842593546105,0.29726208590954106,0.1619200219881304,0.045558958134919836
2014-04-11,0.087334070198559,0.11755826392749562,0.16568234048674357,0.1246842593546105,0.29726208590954106,0.1619200219881304,0.045558958134919836
2014-04-18,0.087334070198559,0.11755826392749562,0.16568234048674357,0.1246842593546105,0.29726208590954106,0.1619200219881304,0.045558958134919836
2014-04-25,0.08870770792153604,0.12059083188372226,0.16498775210710773,0.1256352122944995,0.3042226820860613,0.16737402388794834,0.02848178981912486
2014-05-02,0.08870770792153604,0.12059083188372226,0.16498775210710773,0.1256352122944995,0.3042226820860613,0.16737402388794834,0.02848178981912486
2014-05-09,0.08870770792153604,0.12059083188372226,0.16498775210710773,0.1256352122944995,0.3042226820860613,0.16737402388794834,0.02848178981912486
2014-05-16,0.08870770792153604,0.12059083188372226,0.16498775210710773,0.1256352122944995,0.3042226820860613,0.16737402388794834,0.02848178981912486
2014-05-23,0.08870770792153604,0.12059083188372226,0.16498775210710773,0.1256352122944995,0.3042226820860613,0.16737402388794834,0.02848178981912486
2014-05-30,0.08790526306412383,0.11977123613115676,0.15761735371667168,0.11955884982257406,0.29141834179611065,0.164790327875108,0.058938627594255166
2014-06-06,0.08790526306412383,0.11977123613115676,0.15761735371667168,0.11955884982257406,0.29141834179611065,0.164790327875108,0.058938627594255166
2014-06-13,0.08790526306412383,0.11977123613115676,0.15761735371667168,0.11955884982257406,0.29141834179611065,0.164790327875108,0.058938627594255166
2014-06-20,0.08790526306412383,0.11977123613115676,0.15761735371667168,0.11955884982257406,0.29141834179611065,0.164790327875108,0.058938627594255166
2014-06-27,0.09927724401136521,0.13507960005074926,0.17585387079810205,0.13293531456600366,0.2932259595295487,0.16362801104423114,0.0
2014-07-04,0.09927724401136521,0.13507960005074926,0.17585387079810205,0.13293531456600366,0.2932259595295487,0.16362801104423114,0.0
2014-07-11,0.09927724401136521,0.13507960005074926,0.17585387079810205,0.13293531456600366,0.2932259595295487,0.16362801104423114,0.0
2014-07-18,0.09927724401136521,0.13507960005074926,0.17585387079810205,0.13293531456600366,0.2932259595295487,0.16362801104423114,0.0
2014-07-25,0.10533418378648524,0.14162414352513022,0.17689890517597456,0.1381110209831449,0.267306705436079,0.17072504109318612,1.1102230246251565e-16
2014-08-01,0.10533418378648524,0.14162414352513022,0.17689890517597456,0.1381110209831449,0.267306705436079,0.17072504109318612,1.1102230246251565e-16
2014-08-08,0.10533418378648524,0.14162414352513022,0.17689890517597456,0.1381110209831449,0.267306705436079,0.17072504109318612,1.1102230246251565e-16
2014-08-15,0.10533418378648524,0.14162414352513022,0.17689890517597456,0.1381110209831449,0.267306705436079,0.17072504109318612,1.1102230246251565e-16
2014-08-22,0.10533418378648524,0.14162414352513022,0.17689890517597456,0.1381110209831449,0.267306705436079,0.17072504109318612,1.1102230246251565e-16
2014-08-29,0.09727731146120772,0.13945908328266948,0.16098857476005052,0.13567462208113093,0.29404287666544393,0.17255753174949745,0.0
2014-09-05,0.09727731146120772,0.13945908328266948,0.16098857476005052,0.13567462208113093,0.29404287666544393,0.17255753174949745,0.0
2014-09-12,0.09727731146120772,0.13945908328266948,0.16098857476005052,0.13567462208113093,0.29404287666544393,0.17255753174949745,0.0
2014-09-19,0.09727731146120772,0.13945908328266948,0.16098857476005052,0.13567462208113093,0.29404287666544393,0.17255753174949745,0.0
2014-09-26,0.09946902019604137,0.12628143461948488,0.1683023344087188,0.1290396322550771,0.31301298754572293,0.16389459097495493,0.0
2014-10-03,0.09946902019604137,0.12628143461948488,0.1683023344087188,0.1290396322550771,0.31301298754572293,0.16389459097495493,0.0
2014-10-10,0.09946902019604137,0.12628143461948488,0.1683023344087188,0.1290396322550771,0.31301298754572293,0.16389459097495493,0.0
2014-10-17,0.09946902019604137,0.12628143461948488,0.1683023344087188,0.1290396322550771,0.31301298754572293,0.16389459097495493,0.0
2014-10-24,0.09946902019604137,0.12628143461948488,0.1683023344087188,0.1290396322550771,0.31301298754572293,0.16389459097495493,0.0
2014-10-31,0.10203173485761212,0.10569239836545592,0.17367825590628827,0.11999473151300596,0.34525489433259243,0.15029377653858278,0.0030542084864624286
2014-11-07,0.10203173485761212,0.10569239836545592,0.17367825590628827,0.11999473151300596,0.34525489433259243,0.15029377653858278,0.0030542084864624286
2014-11-14,0.10203173485761212,0.10569239836545592,0.17367825590628827,0.11999473151300596,0.34525489433259243,0.15029377653858278,0.0030542084864624286
2014-11-21,0.10203173485761212,0.10569239836545592,0.17367825590628827,0.11999473151300596,0.34525489433259243,0.15029377653858278,0.0030542084864624286
2014-11-28,0.09457850404150274,0.0985256745289089,0.16213059335730207,0.09721194229695808,0.3489952137445852,0.17350062387029536,0.02505744816044775
2014-12-05,0.09457850404150274,0.0985256745289089,0.16213059335730207,0.09721194229695808,0.3489952137445852,0.17350062387029536,0.02505744816044775
2014-12-12,0.09457850404150274,0.0985256745289089,0.16213059335730207,0.09721194229695808,0.3489952137445852,0.17350062387029536,0.02505744816044775
2014-12-19,0.09457850404150274,0.0985256745289089,0.16213059335730207,0.09721194229695808,0.3489952137445852,0.17350062387029536,0.02505744816044775
2014-12-26,0.07851867719761303,0.08144882976424897,0.13568930881744767,0.0741690154317511,0.3063835152195076,0.16165049721178615,0.16214015635764556
2015-01-02,0.07851867719761303,0.08144882976424897,0.13568930881744767,0.0741690154317511,0.3063835152195076,0.16165049721178615,0.16214015635764556
2015-01-09,0.07851867719761303,0.08144882976424897,0.13568930881744767,0.0741690154317511,0.3063835152195076,0.16165049721178615,0.16214015635764556
2015-01-16,0.07851867719761303,0.08144882976424897,0.13568930881744767,0.0741690154317511,0.3063835152195076,0.16165049721178615,0.16214015635764556
2015-01-23,0.07851867719761303,0.08144882976424897,0.13568930881744767,0.0741690154317511,0.3063835152195076,0.16165049721178615,0.16214015635764556
2015-01-30,0.1021094729341491,0.09424424878607532,0.1748750579288949,0.11009573463187367,0.3573899875443105,0.16128549817469656,0.0
2015-02-06,0.1021094729341491,0.09424424878607532,0.1748750579288949,0.11009573463187367,0.3573899875443105,0.16128549817469656,0.0
2015-02-13,0.1021094729341491,0.09424424878607532,0.1748750579288949,0.11009573463187367,0.3573899875443105,0.16128549817469656,0.0
2015-02-20,0.1021094729341491,0.09424424878607532,0.1748750579288949,0.11009573463187367,0.3573899875443105,0.16128549817469656,0.0
2015-02-27,0.09182410641523434,0.09393829760200172,0.15367661721305745,0.07757891848420347,0.33690293936886456,0.20121694711002225,0.04486217380661628
2015-03-06,0.09182410641523434,0.09393829760200172,0.15367661721305745,0.07757891848420347,0.33690293936886456,0.20121694711002225,0.04486217380661628
2015-03-13,0.09182410641523434,0.09393829760200172,0.15367661721305745,0.07757891848420347,0.33690293936886456,0.20121694711002225,0.04486217380661628
2015-03-20,0.09182410641523434,0.09393829760200172,0.15367661721305745,0.07757891848420347,0.33690293936886456,0.20121694711002225,0.04486217380661628
2015-03-27,0.09324475036589737,0.09414223601493683,0.157065665614292,0.07447355978945433,0.3427055453796421,0.20941395123083822,0.02895429160493923
2015-04-03,0.09324475036589737,0.09414223601493683,0.157065665614292,0.07447355978945433,0.3427055453796421,0.20941395123083822,0.02895429160493923
2015-04-10,0.09324475036589737,0.09414223601493683,0.157065665614292,0.07447355978945433,0.3427055453796421,0.20941395123083822,0.02895429160493923
2015-04-17,0.09324475036589737,0.09414223601493683,0.157065665614292,0.07447355978945433,0.3427055453796421,0.20941395123083822,0.02895429160493923
2015-04-24,0.09362315257759089,0.09454087900618971,0.15801214410653872,0.07366343230100367,0.34180995231348577,0.21789295249414362,0.020457487201047564
2015-05-01,0.09362315257759089,0.09454087900618971,0.15801214410653872,0.07366343230100367,0.34180995231348577,0.21789295249414362,0.020457487201047564
2015-05-08,0.09362315257759089,0.09454087900618971,0.15801214410653872,0.07366343230100367,0.34180995231348577,0.21789295249414362,0.020457487201047564
2015-05-15,0.09362315257759089,0.09454087900618971,0.15801214410653872,0.07366343230100367,0.34180995231348577,0.21789295249414362,0.020457487201047564
2015-05-22,0.09362315257759089,0.09454087900618971,0.15801214410653872,0.07366343230100367,0.34180995231348577,0.21789295249414362,0.020457487201047564
2015-05-29,0.08925309599955883,0.09775094253892679,0.20079289019796323,0.0766527590768186,0.3338459596337278,0.1767576096834468,0.024946742869557892
2015-06-05,0.08925309599955883,0.09775094253892679,0.20079289019796323,0.0766527590768186,0.3338459596337278,0.1767576096834468,0.024946742869557892
2015-06-12,0.08925309599955883,0.09775094253892679,0.20079289019796323,0.0766527590768186,0.3338459596337278,0.1767576096834468,0.024946742869557892
2015-06-19,0.08925309599955883,0.09775094253892679,0.20079289019796323,0.0766527590768186,0.3338459596337278,0.1767576096834468,0.024946742869557892
2015-06-26,0.07448652536521534,0.08631875479827221,0.19493487677417773,0.06837769987333954,0.2803937371697197,0.13139614917482695,0.1640922568444485
2015-07-03,0.07448652536521534,0.08631875479827221,0.19493487677417773,0.06837769987333954,0.2803937371697197,0.13139614917482695,0.1640922568444485
2015-07-10,0.07448652536521534,0.08631875479827221,0.19493487677417773,0.06837769987333954,0.2803937371697197,0.13139614917482695,0.1640922568444485
2015-07-17,0.07448652536521534,0.08631875479827221,0.19493487677417773,0.06837769987333954,0.2803937371697197,0.13139614917482695,0.1640922568444485
2015-07-24,0.07448652536521534,0.08631875479827221,0.19493487677417773,0.06837769987333954,0.2803937371697197,0.13139614917482695,0.1640922568444485
2015-07-31,0.07433492669597486,0.08514055953339997,0.16764795864092472,0.0683564901139508,0.27519055363613704,0.15717469531894654,0.17215481606066607
2015-08-07,0.07433492669597486,0.08514055953339997,0.16764795864092472,0.0683564901139508,0.27519055363613704,0.15717469531894654,0.17215481606066607
2015-08-14,0.07433492669597486,0.08514055953339997,0.16764795864092472,0.0683564901139508,0.27519055363613704,0.15717469531894654,0.17215481606066607
2015-08-21,0.07433492669597486,0.08514055953339997,0.16764795864092472,0.0683564901139508,0.27519055363613704,0.15717469531894654,0.17215481606066607
2015-08-28,0.03773115773477112,0.03613631689257319,0.07774480251000601,0.029795234165715986,0.13565703228627465,0.08293545641065905,0.6
2015-09-04,0.03773115773477112,0.03613631689257319,0.07774480251000601,0.029795234165715986,0.13565703228627465,0.08293545641065905,0.6
2015-09-11,0.03773115773477112,0.03613631689257319,0.07774480251000601,0.029795234165715986,0.13565703228627465,0.08293545641065905,0.6
2015-09-18,0.03773115773477112,0.03613631689257319,0.07774480251000601,0.029795234165715986,0.13565703228627465,0.08293545641065905,0.6
2015-09-25,0.03892166723557538,0.03332901043905131,0.07580731410883305,0.028368106780770792,0.13538636899349074,0.08818753244227871,0.6
2015-10-02,0.03892166723557538,0.03332901043905131,0.07580731410883305,0.028368106780770792,0.13538636899349074,0.08818753244227871,0.6
2015-10-09,0.03892166723557538,0.03332901043905131,0.07580731410883305,0.028368106780770792,0.13538636899349074,0.08818753244227871,0.6
2015-10-16,0.03892166723557538,0.03332901043905131,0.07580731410883305,0.028368106780770792,0.13538636899349074,0.08818753244227871,0.6
2015-10-23,0.03892166723557538,0.03332901043905131,0.07580731410883305,0.028368106780770792,0.13538636899349074,0.08818753244227871,0.6
2015-10-30,0.08482921819134001,0.0676767459092108,0.15762561814330575,0.05805046981598433,0.2731354974861426,0.1837238387205794,0.17495861173343707
2015-11-06,0.08482921819134001,0.0676767459092108,0.15762561814330575,0.05805046981598433,0.2731354974861426,0.1837238387205794,0.17495861173343707
2015-11-13,0.08482921819134001,0.0676767459092108,0.15762561814330575,0.05805046981598433,0.2731354974861426,0.1837238387205794,0.17495861173343707
2015-11-20,0.08482921819134001,0.0676767459092108,0.15762561814330575,0.05805046981598433,0.2731354974861426,0.1837238387205794,0.17495861173343707
2015-11-27,0.08863973312042463,0.06852995880144037,0.16175965188365013,0.058199069262564886,0.273607529778148,0.18357470026204672,0.16568935689172526
2015-12-04,0.08863973312042463,0.06852995880144037,0.16175965188365013,0.058199069262564886,0.273607529778148,0.18357470026204672,0.16568935689172526
2015-12-11,0.08863973312042463,0.06852995880144037,0.16175965188365013,0.058199069262564886,0.273607529778148,0.18357470026204672,0.16568935689172526
2015-12-18,0.08863973312042463,0.06852995880144037,0.16175965188365013,0.058199069262564886,0.273607529778148,0.18357470026204672,0.16568935689172526
2015-12-25,0.04233523782061552,0.04382283540283245,0.07565938812270362,0.02950675836703583,0.1325201503629709,0.07615562992384171,0.5999999999999999
2016-01-01,0.04233523782061552,0.04382283540283245,0.07565938812270362,0.02950675836703583,0.1325201503629709,0.07615562992384171,0.5999999999999999
2016-01-08,0.04233523782061552,0.04382283540283245,0.07565938812270362,0.02950675836703583,0.1325201503629709,0.07615562992384171,0.5999999999999999
2016-01-15,0.04233523782061552,0.04382283540283245,0.07565938812270362,0.02950675836703583,0.1325201503629709,0.07615562992384171,0.5999999999999999
2016-01-22,0.04233523782061552,0.04382283540283245,0.07565938812270362,0.02950675836703583,0.1325201503629709,0.07615562992384171,0.5999999999999999
2016-01-29,0.05198181836524743,0.03705023634447381,0.08084115737808908,0.027474791544494306,0.11220199410827476,0.09045000225942067,0.5999999999999999
2016-02-05,0.05198181836524743,0.03705023634447381,0.08084115737808908,0.027474791544494306,0.11220199410827476,0.09045000225942067,0.5999999999999999
2016-02-12,0.05198181836524743,0.03705023634447381,0.08084115737808908,0.027474791544494306,0.11220199410827476,0.09045000225942067,0.5999999999999999
2016-02-19,0.05198181836524743,0.03705023634447381,0.08084115737808908,0.027474791544494306,0.11220199410827476,0.09045000225942067,0.5999999999999999
2016-02-26,0.047140721011636175,0.034101213978994835,0.08387288871481444,0.03581709133465301,0.09996741901609994,0.09910066594380168,0.5999999999999999
2016-03-04,0.047140721011636175,0.034101213978994835,0.08387288871481444,0.03581709133465301,0.09996741901609994,0.09910066594380168,0.5999999999999999
2016-03-11,0.047140721011636175,0.034101213978994835,0.08387288871481444,0.03581709133465301,0.09996741901609994,0.09910066594380168,0.5999999999999999
2016-03-18,0.047140721011636175,0.034101213978994835,0.08387288871481444,0.03581709133465301,0.09996741901609994,0.09910066594380168,0.5999999999999999
2016-03-25,0.0920447783231548,0.06716386810873391,0.17757749749895868,0.08490142867782736,0.18532797623290792,0.204205026285811,0.18877942487260624
2016-04-01,0.0920447783231548,0.06716386810873391,0.17757749749895868,0.08490142867782736,0.18532797623290792,0.204205026285811,0.18877942487260624
2016-04-08,0.0920447783231548,0.06716386810873391,0.17757749749895868,0.08490142867782736,0.18532797623290792,0.204205026285811,0.18877942487260624
2016-04-15,0.0920447783231548,0.06716386810873391,0.17757749749895868,0.08490142867782736,0.18532797623290792,0.204205026285811,0.18877942487260624
2016-04-22,0.0920447783231548,0.06716386810873391,0.17757749749895868,0.08490142867782736,0.18532797623290792,0.204205026285811,0.18877942487260624
2016-04-29,0.09526229276375263,0.07049622400122488,0.25749117752721884,0.09256417727079518,0.21831005909981271,0.23429197352220735,0.031584095814988444
2016-05-06,0.09526229276375263,0.07049622400122488,0.25749117752721884,0.09256417727079518,0.21831005909981271,0.23429197352220735,0.031584095814988444
2016-05-13,0.09526229276375263,0.07049622400122488,0.25749117752721884,0.09256417727079518,0.21831005909981271,0.23429197352220735,0.031584095814988444
2016-05-20,0.09526229276375263,0.07049622400122488,0.25749117752721884,0.09256417727079518,0.21831005909981271,0.23429197352220735,0.031584095814988444
2016-05-27,0.0874609414708582,0.06656514949966671,0.2710856513156629,0.08341586794126944,0.20484600651402457,0.22549344458282836,0.061132938675689696
2016-06-03,0.0874609414708582,0.06656514949966671,0.2710856513156629,0.08341586794126944,0.20484600651402457,0.22549344458282836,0.061132938675689696
2016-06-10,0.0874609414708582,0.06656514949966671,0.2710856513156629,0.08341586794126944,0.20484600651402457,0.22549344458282836,0.061132938675689696
2016-06-17,0.0874609414708582,0.06656514949966671,0.2710856513156629,0.08341586794126944,0.20484600651402457,0.22549344458282836,0.061132938675689696
2016-06-24,0.08756182620533189,0.06652185447423628,0.27875659400162417,0.08143576781318082,0.2066459399067906,0.2285623515552988,0.05051566604353741
2016-07-01,0.08756182620533189,0.06652185447423628,0.27875659400162417,0.08143576781318082,0.2066459399067906,0.2285623515552988,0.05051566604353741
2016-07-08,0.08756182620533189,0.06652185447423628,0.27875659400162417,0.08143576781318082,0.2066459399067906,0.2285623515552988,0.05051566604353741
2016-07-15,0.08756182620533189,0.06652185447423628,0.27875659400162417,0.08143576781318082,0.2066459399067906,0.2285623515552988,0.05051566604353741
2016-07-22,0.08756182620533189,0.06652185447423628,0.27875659400162417,0.08143576781318082,0.2066459399067906,0.2285623515552988,0.05051566604353741
2016-07-29,0.09275586054183588,0.07084596605932093,0.30739647441440365,0.08633832702951985,0.21288572277860224,0.22977764917631752,0.0
2016-08-05,0.09275586054183588,0.07084596605932093,0.30739647441440365,0.08633832702951985,0.21288572277860224,0.22977764917631752,0.0
2016-08-12,0.09275586054183588,0.07084596605932093,0.30739647441440365,0.08633832702951985,0.21288572277860224,0.22977764917631752,0.0
2016-08-19,0.09275586054183588,0.07084596605932093,0.30739647441440365,0.08633832702951985,0.21288572277860224,0.22977764917631752,0.0
2016-08-26,0.09312274466091501,0.07214727743082339,0.3093229913382824,0.08577269371347615,0.20775079186757373,0.23188350098892935,0.0
2016-09-02,0.09312274466091501,0.07214727743082339,0.3093229913382824,0.08577269371347615,0.20775079186757373,0.23188350098892935,0.0
2016-09-09,0.09312274466091501,0.07214727743082339,0.3093229913382824,0.08577269371347615,0.20775079186757373,0.23188350098892935,0.0
2016-09-16,0.09312274466091501,0.07214727743082339,0.3093229913382824,0.08577269371347615,0.20775079186757373,0.23188350098892935,0.0
2016-09-23,0.09312274466091501,0.07214727743082339,0.3093229913382824,0.08577269371347615,0.20775079186757373,0.23188350098892935,0.0
2016-09-30,0.11083642175006175,0.14885653030090096,0.2183147801741038,0.08281967319544634,0.19907341806258338,0.2400991765169038,0.0
2016-10-07,0.11083642175006175,0.14885653030090096,0.2183147801741038,0.08281967319544634,0.19907341806258338,0.2400991765169038,0.0
2016-10-14,0.11083642175006175,0.14885653030090096,0.2183147801741038,0.08281967319544634,0.19907341806258338,0.2400991765169038,0.0
2016-10-21,0.11083642175006175,0.14885653030090096,0.2183147801741038,0.08281967319544634,0.19907341806258338,0.2400991765169038,0.0
2016-10-28,0.11947360600325847,0.10188139359814269,0.20908886984262656,0.06526233336144233,0.2692305451629197,0.23506325203161021,0.0
2016-11-04,0.11947360600325847,0.10188139359814269,0.20908886984262656,0.06526233336144233,0.2692305451629197,0.23506325203161021,0.0
2016-11-11,0.11947360600325847,0.10188139359814269,0.20908886984262656,0.06526233336144233,0.2692305451629197,0.23506325203161021,0.0
2016-11-18,0.11947360600325847,0.10188139359814269,0.20908886984262656,0.06526233336144233,0.2692305451629197,0.23506325203161021,0.0
2016-11-25,0.1095694680192372,0.0976461921661295,0.18555036832799948,0.06353726119891358,0.2635366583445859,0.238319073410071,0.041840978533063455
2016-12-02,0.1095694680192372,0.0976461921661295,0.18555036832799948,0.06353726119891358,0.2635366583445859,0.238319073410071,0.041840978533063455
2016-12-09,0.1095694680192372,0.0976461921661295,0.18555036832799948,0.06353726119891358,0.2635366583445859,0.238319073410071,0.041840978533063455
2016-12-16,0.1095694680192372,0.0976461921661295,0.18555036832799948,0.06353726119891358,0.2635366583445859,0.238319073410071,0.041840978533063455
2016-12-23,0.1095694680192372,0.0976461921661295,0.18555036832799948,0.06353726119891358,0.2635366583445859,0.238319073410071,0.041840978533063455
2016-12-30,0.11444928658867504,0.10557561792127713,0.18780981154633758,0.06896663125193943,0.2730178288098233,0.25018082388194757,0.0
2017-01-06,0.11444928658867504,0.10557561792127713,0.18780981154633758,0.06896663125193943,0.2730178288098233,0.25018082388194757,0.0
2017-01-13,0.11444928658867504,0.10557561792127713,0.18780981154633758,0.06896663125193943,0.2730178288098233,0.25018082388194757,0.0
2017-01-20,0.11444928658867504,0.10557561792127713,0.18780981154633758,0.06896663125193943,0.2730178288098233,0.25018082388194757,0.0
2017-01-27,0.11493242072828719,0.1063061336646914,0.1866346894401296,0.06850812445918092,0.2702424655596666,0.25337616614804426,0.0
2017-02-03,0.11493242072828719,0.1063061336646914,0.1866346894401296,0.06850812445918092,0.2702424655596666,0.25337616614804426,0.0
2017-02-10,0.11493242072828719,0.1063061336646914,0.1866346894401296,0.06850812445918092,0.2702424655596666,0.25337616614804426,0.0
2017-02-17,0.11493242072828719,0.1063061336646914,0.1866346894401296,0.06850812445918092,0.2702424655596666,0.25337616614804426,0.0
2017-02-24,0.11468096275409277,0.10749871980498038,0.1865403294720344,0.06872485596233033,0.26856043913801886,0.25399469286854315,1.1102230246251565e-16
2017-03-03,0.11468096275409277,0.10749871980498038,0.1865403294720344,0.06872485596233033,0.26856043913801886,0.25399469286854315,1.1102230246251565e-16
2017-03-10,0.11468096275409277,0.10749871980498038,0.1865403294720344,0.06872485596233033,0.26856043913801886,0.25399469286854315,1.1102230246251565e-16
2017-03-17,0.11468096275409277,0.10749871980498038,0.1865403294720344,0.06872485596233033,0.26856043913801886,0.25399469286854315,1.1102230246251565e-16
2017-03-24,0.11468096275409277,0.10749871980498038,0.1865403294720344,0.06872485596233033,0.26856043913801886,0.25399469286854315,1.1102230246251565e-16
2017-03-31,0.11625040940906431,0.11057214185920988,0.18743193210128237,0.06987533474403011,0.26537770952516854,0.25049247236124483,0.0
2017-04-07,0.11625040940906431,0.11057214185920988,0.18743193210128237,0.06987533474403011,0.26537770952516854,0.25049247236124483,0.0
2017-04-14,0.11625040940906431,0.11057214185920988,0.18743193210128237,0.06987533474403011,0.26537770952516854,0.25049247236124483,0.0
2017-04-21,0.11625040940906431,0.11057214185920988,0.18743193210128237,0.06987533474403011,0.26537770952516854,0.25049247236124483,0.0
2017-04-28,0.11734120883230528,0.110898157566691,0.1885330494207323,0.07060433447980495,0.2635880559657859,0.24903519373468067,0.0
2017-05-05,0.11734120883230528,0.110898157566691,0.1885330494207323,0.07060433447980495,0.2635880559657859,0.24903519373468067,0.0
2017-05-12,0.11734120883230528,0.110898157566691,0.1885330494207323,0.07060433447980495,0.2635880559657859,0.24903519373468067,0.0
2017-05-19,0.11734120883230528,0.110898157566691,0.1885330494207323,0.07060433447980495,0.2635880559657859,0.24903519373468067,0.0
2017-05-26,0.11770251899210109,0.11081958029192734,0.1870310625975776,0.07100516085081615,0.26398465501766927,0.2494570222499086,0.0
2017-06-02,0.11770251899210109,0.11081958029192734,0.1870310625975776,0.07100516085081615,0.26398465501766927,0.2494570222499086,0.0
2017-06-09,0.11770251899210109,0.11081958029192734,0.1870310625975776,0.07100516085081615,0.26398465501766927,0.2494570222499086,0.0
2017-06-16,0.11770251899210109,0.11081958029192734,0.1870310625975776,0.07100516085081615,0.26398465501766927,0.2494570222499086,0.0
2017-06-23,0.11770251899210109,0.11081958029192734,0.1870310625975776,0.07100516085081615,0.26398465501766927,0.2494570222499086,0.0
2017-06-30,0.11802854881413988,0.10963959424124695,0.18601552714360942,0.07050091389232413,0.26694071663639407,0.24887469927228562,0.0
2017-07-07,0.11802854881413988,0.10963959424124695,0.18601552714360942,0.07050091389232413,0.26694071663639407,0.24887469927228562,0.0
2017-07-14,0.11802854881413988,0.10963959424124695,0.18601552714360942,0.07050091389232413,0.26694071663639407,0.24887469927228562,0.0
2017-07-21,0.11802854881413988,0.10963959424124695,0.18601552714360942,0.07050091389232413,0.26694071663639407,0.24887469927228562,0.0
2017-07-28,0.11751322535267596,0.10941290478972139,0.18486395085871388,0.06998058825983125,0.269593780842689,0.2486355498963685,1.1102230246251565e-16
2017-08-04,0.11751322535267596,0.10941290478972139,0.18486395085871388,0.06998058825983125,0.269593780842689,0.2486355498963685,1.1102230246251565e-16
2017-08-11,0.11751322535267596,0.10941290478972139,0.18486395085871388,0.06998058825983125,0.269593780842689,0.2486355498963685,1.1102230246251565e-16
2017-08-18,0.11751322535267596,0.10941290478972139,0.18486395085871388,0.06998058825983125,0.269593780842689,0.2486355498963685,1.1102230246251565e-16
2017-08-25,0.11644986350944944,0.09623680054411617,0.2162517476792758,0.060973812433259,0.21726825104517003,0.24761474751000023,0.04520477727872929
2017-09-01,0.11644986350944944,0.09623680054411617,0.2162517476792758,0.060973812433259,0.21726825104517003,0.24761474751000023,0.04520477727872929
2017-09-08,0.11644986350944944,0.09623680054411617,0.2162517476792758,0.060973812433259,0.21726825104517003,0.24761474751000023,0.04520477727872929
2017-09-15,0.11644986350944944,0.09623680054411617,0.2162517476792758,0.060973812433259,0.21726825104517003,0.24761474751000023,0.04520477727872929
2017-09-22,0.11644986350944944,0.09623680054411617,0.2162517476792758,0.060973812433259,0.21726825104517003,0.24761474751000023,0.04520477727872929
2017-09-29,0.13099423484441217,0.09278223696358276,0.28904208314440516,0.06051470751509664,0.17309094075175066,0.25357579678075265,0.0
2017-10-06,0.13099423484441217,0.09278223696358276,0.28904208314440516,0.06051470751509664,0.17309094075175066,0.25357579678075265,0.0
2017-10-13,0.13099423484441217,0.09278223696358276,0.28904208314440516,0.06051470751509664,0.17309094075175066,0.25357579678075265,0.0
2017-10-20,0.13099423484441217,0.09278223696358276,0.28904208314440516,0.06051470751509664,0.17309094075175066,0.25357579678075265,0.0
2017-10-27,0.12437727111354804,0.08880830770566778,0.2755754165501766,0.05648386301626044,0.16045731857506254,0.2504199283522144,0.04387789468707026
2017-11-03,0.12437727111354804,0.08880830770566778,0.2755754165501766,0.05648386301626044,0.16045731857506254,0.2504199283522144,0.04387789468707026
2017-11-10,0.12437727111354804,0.08880830770566778,0.2755754165501766,0.05648386301626044,0.16045731857506254,0.2504199283522144,0.04387789468707026
2017-11-17,0.12437727111354804,0.08880830770566778,0.2755754165501766,0.05648386301626044,0.16045731857506254,0.2504199283522144,0.04387789468707026
2017-11-24,0.12407775496129607,0.08834110154805995,0.2749735107557413,0.055271892454228415,0.15823396353413838,0.25543977186705563,0.043662004879480465
2017-12-01,0.12407775496129607,0.08834110154805995,0.2749735107557413,0.055271892454228415,0.15823396353413838,0.25543977186705563,0.043662004879480465
2017-12-08,0.12407775496129607,0.08834110154805995,0.2749735107557413,0.055271892454228415,0.15823396353413838,0.25543977186705563,0.043662004879480465
2017-12-15,0.12407775496129607,0.08834110154805995,0.2749735107557413,0.055271892454228415,0.15823396353413838,0.25543977186705563,0.043662004879480465
2017-12-22,0.12407775496129607,0.08834110154805995,0.2749735107557413,0.055271892454228415,0.15823396353413838,0.25543977186705563,0.043662004879480465
2017-12-29,0.12238030274859067,0.0869140311767506,0.2747735976343634,0.05421509339913947,0.15676870676143057,0.2608837155579298,0.04406455272179555
2018-01-05,0.12238030274859067,0.0869140311767506,0.2747735976343634,0.05421509339913947,0.15676870676143057,0.2608837155579298,0.04406455272179555
2018-01-12,0.12238030274859067,0.0869140311767506,0.2747735976343634,0.05421509339913947,0.15676870676143057,0.2608837155579298,0.04406455272179555
2018-01-19,0.12238030274859067,0.0869140311767506,0.2747735976343634,0.05421509339913947,0.15676870676143057,0.2608837155579298,0.04406455272179555
2018-01-26,0.1189492045185581,0.084889569861206,0.2765465358921382,0.05352707776692151,0.1598813105011468,0.2664442846330517,0.039762016826977664
2018-02-02,0.1189492045185581,0.084889569861206,0.2765465358921382,0.05352707776692151,0.1598813105011468,0.2664442846330517,0.039762016826977664
2018-02-09,0.1189492045185581,0.084889569861206,0.2765465358921382,0.05352707776692151,0.1598813105011468,0.2664442846330517,0.039762016826977664
2018-02-16,0.1189492045185581,0.084889569861206,0.2765465358921382,0.05352707776692151,0.1598813105011468,0.2664442846330517,0.039762016826977664
2018-02-23,0.046206214553348446,0.03247614214921836,0.11407459667852793,0.021157511700842534,0.07264021230581492,0.11344532261224781,0.6
2018-03-02,0.046206214553348446,0.03247614214921836,0.11407459667852793,0.021157511700842534,0.07264021230581492,0.11344532261224781,0.6
2018-03-09,0.046206214553348446,0.03247614214921836,0.11407459667852793,0.021157511700842534,0.07264021230581492,0.11344532261224781,0.6
2018-03-16,0.046206214553348446,0.03247614214921836,0.11407459667852793,0.021157511700842534,0.07264021230581492,0.11344532261224781,0.6
2018-03-23,0.046206214553348446,0.03247614214921836,0.11407459667852793,0.021157511700842534,0.07264021230581492,0.11344532261224781,0.6
2018-03-30,0.04359648094221716,0.0300417553883185,0.11376932763505097,0.020293702883162224,0.07737199184883736,0.11492674130241383,0.6
2018-04-06,0.04359648094221716,0.0300417553883185,0.11376932763505097,0.020293702883162224,0.07737199184883736,0.11492674130241383,0.6
2018-04-13,0.04359648094221716,0.0300417553883185,0.11376932763505097,0.020293702883162224,0.07737199184883736,0.11492674130241383,0.6
2018-04-20,0.04359648094221716,0.0300417553883185,0.11376932763505097,0.020293702883162224,0.07737199184883736,0.11492674130241383,0.6
2018-04-27,0.04196561589105264,0.02849660118858169,0.11336213628095414,0.019643449758723393,0.08145913555898435,0.11507306132170386,0.5999999999999999
2018-05-04,0.04196561589105264,0.02849660118858169,0.11336213628095414,0.019643449758723393,0.08145913555898435,0.11507306132170386,0.5999999999999999
2018-05-11,0.04196561589105264,0.02849660118858169,0.11336213628095414,0.019643449758723393,0.08145913555898435,0.11507306132170386,0.5999999999999999
2018-05-18,0.04196561589105264,0.02849660118858169,0.11336213628095414,0.019643449758723393,0.08145913555898435,0.11507306132170386,0.5999999999999999
2018-05-25,0.040628101495780194,0.027173422508062286,0.1127130850796324,0.018875889542724122,0.08631762211008871,0.1142918792637123,0.6
2018-06-01,0.040628101495780194,0.027173422508062286,0.1127130850796324,0.018875889542724122,0.08631762211008871,0.1142918792637123,0.6
2018-06-08,0.040628101495780194,0.027173422508062286,0.1127130850796324,0.018875889542724122,0.08631762211008871,0.1142918792637123,0.6
2018-06-15,0.040628101495780194,0.027173422508062286,0.1127130850796324,0.018875889542724122,0.08631762211008871,0.1142918792637123,0.6
2018-06-22,0.040628101495780194,0.027173422508062286,0.1127130850796324,0.018875889542724122,0.08631762211008871,0.1142918792637123,0.6
2018-06-29,0.07728517298674882,0.08065189704654652,0.20003061963948823,0.04396720371197491,0.18519763767181216,0.2197397569658642,0.19312771197756506
2018-07-06,0.07728517298674882,0.08065189704654652,0.20003061963948823,0.04396720371197491,0.18519763767181216,0.2197397569658642,0.19312771197756506
2018-07-13,0.07728517298674882,0.08065189704654652,0.20003061963948823,0.04396720371197491,0.18519763767181216,0.2197397569658642,0.19312771197756506
2018-07-20,0.07728517298674882,0.08065189704654652,0.20003061963948823,0.04396720371197491,0.18519763767181216,0.2197397569658642,0.19312771197756506
2018-07-27,0.0738132901037141,0.09657539748595242,0.18168476425976227,0.047579081380709966,0.18925636311580896,0.2129377691247283,0.19815333452932404
2018-08-03,0.0738132901037141,0.09657539748595242,0.18168476425976227,0.047579081380709966,0.18925636311580896,0.2129377691247283,0.19815333452932404
2018-08-10,0.0738132901037141,0.09657539748595242,0.18168476425976227,0.047579081380709966,0.18925636311580896,0.2129377691247283,0.19815333452932404
2018-08-17,0.0738132901037141,0.09657539748595242,0.18168476425976227,0.047579081380709966,0.18925636311580896,0.2129377691247283,0.19815333452932404
2018-08-24,0.0738132901037141,0.09657539748595242,0.18168476425976227,0.047579081380709966,0.18925636311580896,0.2129377691247283,0.19815333452932404
2018-08-31,0.07661474957019831,0.08964121356695398,0.24826489347761466,0.0619403311410621,0.2253529706099163,0.2690146436182982,0.029171198015956468
2018-09-07,0.07661474957019831,0.08964121356695398,0.24826489347761466,0.0619403311410621,0.2253529706099163,0.2690146436182982,0.029171198015956468
2018-09-14,0.07661474957019831,0.08964121356695398,0.24826489347761466,0.0619403311410621,0.2253529706099163,0.2690146436182982,0.029171198015956468
2018-09-21,0.07661474957019831,0.08964121356695398,0.24826489347761466,0.0619403311410621,0.2253529706099163,0.2690146436182982,0.029171198015956468
2018-09-28,0.09207301103309228,0.07067206928006463,0.18823559095677142,0.048070989027592076,0.18593241971153313,0.2150159199909465,0.19999999999999996
2018-10-05,0.09207301103309228,0.07067206928006463,0.18823559095677142,0.048070989027592076,0.18593241971153313,0.2150159199909465,0.19999999999999996
2018-10-12,0.09207301103309228,0.07067206928006463,0.18823559095677142,0.048070989027592076,0.18593241971153313,0.2150159199909465,0.19999999999999996
2018-10-19,0.09207301103309228,0.07067206928006463,0.18823559095677142,0.048070989027592076,0.18593241971153313,0.2150159199909465,0.19999999999999996
2018-10-26,0.052962003124598894,0.032668202128745334,0.08857962868639367,0.02252418783318833,0.0964602235177525,0.1068057547093213,0.6
2018-11-02,0.052962003124598894,0.032668202128745334,0.08857962868639367,0.02252418783318833,0.0964602235177525,0.1068057547093213,0.6
2018-11-09,0.052962003124598894,0.032668202128745334,0.08857962868639367,0.02252418783318833,0.0964602235177525,0.1068057547093213,0.6
2018-11-16,0.052962003124598894,0.032668202128745334,0.08857962868639367,0.02252418783318833,0.0964602235177525,0.1068057547093213,0.6
2018-11-23,0.052962003124598894,0.032668202128745334,0.08857962868639367,0.02252418783318833,0.0964602235177525,0.1068057547093213,0.6
2018-11-30,0.04203791660149938,0.04525317704796657,0.08599466041553211,0.02104582204476879,0.09949863478407542,0.1061697891061578,0.5999999999999999
2018-12-07,0.04203791660149938,0.04525317704796657,0.08599466041553211,0.02104582204476879,0.09949863478407542,0.1061697891061578,0.5999999999999999
2018-12-14,0.04203791660149938,0.04525317704796657,0.08599466041553211,0.02104582204476879,0.09949863478407542,0.1061697891061578,0.5999999999999999
2018-12-21,0.04203791660149938,0.04525317704796657,0.08599466041553211,0.02104582204476879,0.09949863478407542,0.1061697891061578,0.5999999999999999
2018-12-28,0.03844329483670443,0.054506265038907646,0.08546771889062266,0.03033971559551136,0.10336623990719061,0.08787676573106336,0.6
2019-01-04,0.03844329483670443,0.054506265038907646,0.08546771889062266,0.03033971559551136,0.10336623990719061,0.08787676573106336,0.6
2019-01-11,0.03844329483670443,0.054506265038907646,0.08546771889062266,0.03033971559551136,0.10336623990719061,0.08787676573106336,0.6
2019-01-18,0.03844329483670443,0.054506265038907646,0.08546771889062266,0.03033971559551136,0.10336623990719061,0.08787676573106336,0.6
2019-01-25,0.03671191419315535,0.06114895658589932,0.08368953522020789,0.03597584950771736,0.10562929858053408,0.07684444591248603,0.6000000000000001
2019-02-01,0.03671191419315535,0.06114895658589932,0.08368953522020789,0.03597584950771736,0.10562929858053408,0.07684444591248603,0.6000000000000001
2019-02-08,0.03671191419315535,0.06114895658589932,0.08368953522020789,0.03597584950771736,0.10562929858053408,0.07684444591248603,0.6000000000000001
2019-02-15,0.03671191419315535,0.06114895658589932,0.08368953522020789,0.03597584950771736,0.10562929858053408,0.07684444591248603,0.6000000000000001
2019-02-22,0.06874491039052948,0.09891182867911306,0.16908588380854117,0.08645577491560016,0.21275175643962144,0.1640498457665947,0.19999999999999996
2019-03-01,0.06874491039052948,0.09891182867911306,0.16908588380854117,0.08645577491560016,0.21275175643962144,0.1640498457665947,0.19999999999999996
2019-03-08,0.06874491039052948,0.09891182867911306,0.16908588380854117,0.08645577491560016,0.21275175643962144,0.1640498457665947,0.19999999999999996
2019-03-15,0.06874491039052948,0.09891182867911306,0.16908588380854117,0.08645577491560016,0.21275175643962144,0.1640498457665947,0.19999999999999996
2019-03-22,0.06874491039052948,0.09891182867911306,0.16908588380854117,0.08645577491560016,0.21275175643962144,0.1640498457665947,0.19999999999999996
2019-03-29,0.063526580851045,0.08264229299186825,0.19086452592570824,0.09092057982045719,0.21938378777275874,0.1526622326381626,0.19999999999999996
2019-04-05,0.063526580851045,0.08264229299186825,0.19086452592570824,0.09092057982045719,0.21938378777275874,0.1526622326381626,0.19999999999999996
2019-04-12,0.063526580851045,0.08264229299186825,0.19086452592570824,0.09092057982045719,0.21938378777275874,0.1526622326381626,0.19999999999999996
2019-04-19,0.063526580851045,0.08264229299186825,0.19086452592570824,0.09092057982045719,0.21938378777275874,0.1526622326381626,0.19999999999999996
2019-04-26,0.07246199585666649,0.079236341593539,0.20407763141561375,0.1238709358367351,0.2540660959924541,0.20468669697004724,0.06160030233494429
2019-05-03,0.07246199585666649,0.079236341593539,0.20407763141561375,0.1238709358367351,0.2540660959924541,0.20468669697004724,0.06160030233494429
2019-05-10,0.07246199585666649,0.079236341593539,0.20407763141561375,0.1238709358367351,0.2540660959924541,0.20468669697004724,0.06160030233494429
2019-05-17,0.07246199585666649,0.079236341593539,0.20407763141561375,0.1238709358367351,0.2540660959924541,0.20468669697004724,0.06160030233494429
2019-05-24,0.07246199585666649,0.079236341593539,0.20407763141561375,0.1238709358367351,0.2540660959924541,0.20468669697004724,0.06160030233494429
2019-05-31,0.060746674425819026,0.06518585224958622,0.15766507954040665,0.08159884887642811,0.2618843051979594,0.17291923970980064,0.20000000000000007
2019-06-07,0.060746674425819026,0.06518585224958622,0.15766507954040665,0.08159884887642811,0.2618843051979594,0.17291923970980064,0.20000000000000007
2019-06-14,0.060746674425819026,0.06518585224958622,0.15766507954040665,0.08159884887642811,0.2618843051979594,0.17291923970980064,0.20000000000000007
2019-06-21,0.060746674425819026,0.06518585224958622,0.15766507954040665,0.08159884887642811,0.2618843051979594,0.17291923970980064,0.20000000000000007
2019-06-28,0.06879926035966644,0.07151603889539214,0.16314754570134624,0.06018034131415523,0.37517307956492724,0.19924350804945234,0.06194022611506034
2019-07-05,0.06879926035966644,0.07151603889539214,0.16314754570134624,0.06018034131415523,0.37517307956492724,0.19924350804945234,0.06194022611506034
2019-07-12,0.06879926035966644,0.07151603889539214,0.16314754570134624,0.06018034131415523,0.37517307956492724,0.19924350804945234,0.06194022611506034
2019-07-19,0.06879926035966644,0.07151603889539214,0.16314754570134624,0.06018034131415523,0.37517307956492724,0.19924350804945234,0.06194022611506034
2019-07-26,0.06903489709649895,0.0716543845408193,0.16243195713874725,0.056655771326693624,0.3895441941554226,0.19971221481233575,0.050966580929482586
2019-08-02,0.06903489709649895,0.0716543845408193,0.16243195713874725,0.056655771326693624,0.3895441941554226,0.19971221481233575,0.050966580929482586
2019-08-09,0.06903489709649895,0.0716543845408193,0.16243195713874725,0.056655771326693624,0.3895441941554226,0.19971221481233575,0.050966580929482586
2019-08-16,0.06903489709649895,0.0716543845408193,0.16243195713874725,0.056655771326693624,0.3895441941554226,0.19971221481233575,0.050966580929482586
2019-08-23,0.06903489709649895,0.0716543845408193,0.16243195713874725,0.056655771326693624,0.3895441941554226,0.19971221481233575,0.050966580929482586
2019-08-30,0.06662420773477963,0.0696293297100655,0.20501813443775493,0.05707030701346434,0.3906264766200609,0.16745321688465653,0.04357832759921809
2019-09-06,0.06662420773477963,0.0696293297100655,0.20501813443775493,0.05707030701346434,0.3906264766200609,0.16745321688465653,0.04357832759921809
2019-09-13,0.06662420773477963,0.0696293297100655,0.20501813443775493,0.05707030701346434,0.3906264766200609,0.16745321688465653,0.04357832759921809
2019-09-20,0.06662420773477963,0.0696293297100655,0.20501813443775493,0.05707030701346434,0.3906264766200609,0.16745321688465653,0.04357832759921809
2019-09-27,0.06678385153388516,0.06957247958384635,0.20794504424252575,0.08955927284285392,0.3445836133543903,0.17859772135464486,0.04295801708785363
2019-10-04,0.06678385153388516,0.06957247958384635,0.20794504424252575,0.08955927284285392,0.3445836133543903,0.17859772135464486,0.04295801708785363
2019-10-11,0.06678385153388516,0.06957247958384635,0.20794504424252575,0.08955927284285392,0.3445836133543903,0.17859772135464486,0.04295801708785363
2019-10-18,0.06678385153388516,0.06957247958384635,0.20794504424252575,0.08955927284285392,0.3445836133543903,0.17859772135464486,0.04295801708785363
2019-10-25,0.07161606241006321,0.07460439882752223,0.23140056747491244,0.14203735567811585,0.2922982957448823,0.18804331986450398,0.0
2019-11-01,0.07161606241006321,0.07460439882752223,0.23140056747491244,0.14203735567811585,0.2922982957448823,0.18804331986450398,0.0
2019-11-08,0.07161606241006321,0.07460439882752223,0.23140056747491244,0.14203735567811585,0.2922982957448823,0.18804331986450398,0.0
2019-11-15,0.07161606241006321,0.07460439882752223,0.23140056747491244,0.14203735567811585,0.2922982957448823,0.18804331986450398,0.0
2019-11-22,0.07161606241006321,0.07460439882752223,0.23140056747491244,0.14203735567811585,0.2922982957448823,0.18804331986450398,0.0
2019-11-29,0.0703343327299264,0.07162973926619924,0.19540180857926176,0.0774845007461894,0.3939759357971948,0.1911736828812285,0.0
2019-12-06,0.0703343327299264,0.07162973926619924,0.19540180857926176,0.0774845007461894,0.3939759357971948,0.1911736828812285,0.0
2019-12-13,0.0703343327299264,0.07162973926619924,0.19540180857926176,0.0774845007461894,0.3939759357971948,0.1911736828812285,0.0
2019-12-20,0.0703343327299264,0.07162973926619924,0.19540180857926176,0.0774845007461894,0.3939759357971948,0.1911736828812285,0.0
2019-12-27,0.06910585499599513,0.07043034361318193,0.1918990530466334,0.06579462141490477,0.4135588085402103,0.18921131838907454,0.0
2020-01-03,0.06910585499599513,0.07043034361318193,0.1918990530466334,0.06579462141490477,0.4135588085402103,0.18921131838907454,0.0
2020-01-10,0.06910585499599513,0.07043034361318193,0.1918990530466334,0.06579462141490477,0.4135588085402103,0.18921131838907454,0.0
2020-01-17,0.06910585499599513,0.07043034361318193,0.1918990530466334,0.06579462141490477,0.4135588085402103,0.18921131838907454,0.0
2020-01-24,0.06910585499599513,0.07043034361318193,0.1918990530466334,0.06579462141490477,0.4135588085402103,0.18921131838907454,0.0
2020-01-31,0.06765293920435145,0.06757064951001762,0.1963928157576982,0.06411877021004193,0.41776007574185875,0.18650474957603205,0.0
2020-02-07,0.06765293920435145,0.06757064951001762,0.1963928157576982,0.06411877021004193,0.41776007574185875,0.18650474957603205,0.0
2020-02-14,0.06765293920435145,0.06757064951001762,0.1963928157576982,0.06411877021004193,0.41776007574185875,0.18650474957603205,0.0
2020-02-21,0.06765293920435145,0.06757064951001762,0.1963928157576982,0.06411877021004193,0.41776007574185875,0.18650474957603205,0.0
2020-02-28,0.051907771264763675,0.05006134630913117,0.15802739341340263,0.053378418359849834,0.33668827103447596,0.14993679961837678,0.19999999999999984
2020-03-06,0.051907771264763675,0.05006134630913117,0.15802739341340263,0.053378418359849834,0.33668827103447596,0.14993679961837678,0.19999999999999984
2020-03-13,0.051907771264763675,0.05006134630913117,0.15802739341340263,0.053378418359849834,0.33668827103447596,0.14993679961837678,0.19999999999999984
2020-03-20,0.051907771264763675,0.05006134630913117,0.15802739341340263,0.053378418359849834,0.33668827103447596,0.14993679961837678,0.19999999999999984
2020-03-27,0.04841673096362941,0.027994264365405933,0.06669584115709432,0.026663578902845587,0.16571428227339735,0.06451530233762748,0.5999999999999999
2020-04-03,0.04841673096362941,0.027994264365405933,0.06669584115709432,0.026663578902845587,0.16571428227339735,0.06451530233762748,0.5999999999999999
2020-04-10,0.04841673096362941,0.027994264365405933,0.06669584115709432,0.026663578902845587,0.16571428227339735,0.06451530233762748,0.5999999999999999
2020-04-17,0.04841673096362941,0.027994264365405933,0.06669584115709432,0.026663578902845587,0.16571428227339735,0.06451530233762748,0.5999999999999999
2020-04-24,0.04708269795634792,0.03085544864006781,0.056059363903657816,0.026420534603055486,0.1599159411536033,0.07966601374326765,0.6000000000000001
2020-05-01,0.04708269795634792,0.03085544864006781,0.056059363903657816,0.026420534603055486,0.1599159411536033,0.07966601374326765,0.6000000000000001
2020-05-08,0.04708269795634792,0.03085544864006781,0.056059363903657816,0.026420534603055486,0.1599159411536033,0.07966601374326765,0.6000000000000001
2020-05-15,0.04708269795634792,0.03085544864006781,0.056059363903657816,0.026420534603055486,0.1599159411536033,0.07966601374326765,0.6000000000000001
2020-05-22,0.04708269795634792,0.03085544864006781,0.056059363903657816,0.026420534603055486,0.1599159411536033,0.07966601374326765,0.6000000000000001
2020-05-29,0.04630511722999059,0.032704296262584524,0.04989068391880951,0.026446996970406273,0.15660588801054157,0.08804701760766759,0.5999999999999999
2020-06-05,0.04630511722999059,0.032704296262584524,0.04989068391880951,0.026446996970406273,0.15660588801054157,0.08804701760766759,0.5999999999999999
2020-06-12,0.04630511722999059,0.032704296262584524,0.04989068391880951,0.026446996970406273,0.15660588801054157,0.08804701760766759,0.5999999999999999
2020-06-19,0.04630511722999059,0.032704296262584524,0.04989068391880951,0.026446996970406273,0.15660588801054157,0.08804701760766759,0.5999999999999999
2020-06-26,0.04588959985489758,0.03387322956533751,0.04635699137403326,0.026355989079436645,0.15502441548482584,0.09249977464146915,0.6000000000000001
2020-07-03,0.04588959985489758,0.03387322956533751,0.04635699137403326,0.026355989079436645,0.15502441548482584,0.09249977464146915,0.6000000000000001
2020-07-10,0.04588959985489758,0.03387322956533751,0.04635699137403326,0.026355989079436645,0.15502441548482584,0.09249977464146915,0.6000000000000001
2020-07-17,0.04588959985489758,0.03387322956533751,0.04635699137403326,0.026355989079436645,0.15502441548482584,0.09249977464146915,0.6000000000000001
2020-07-24,0.04588959985489758,0.03387322956533751,0.04635699137403326,0.026355989079436645,0.15502441548482584,0.09249977464146915,0.6000000000000001
2020-07-31,0.11620304368782089,0.08898216845033251,0.10910785709607494,0.06530454328116854,0.3637746955279641,0.22531885443179883,0.03130883752484026
2020-08-07,0.11620304368782089,0.08898216845033251,0.10910785709607494,0.06530454328116854,0.3637746955279641,0.22531885443179883,0.03130883752484026
2020-08-14,0.11620304368782089,0.08898216845033251,0.10910785709607494,0.06530454328116854,0.3637746955279641,0.22531885443179883,0.03130883752484026
2020-08-21,0.11620304368782089,0.08898216845033251,0.10910785709607494,0.06530454328116854,0.3637746955279641,0.22531885443179883,0.03130883752484026
2020-08-28,0.11519737569823091,0.09082642361957836,0.10621623383513265,0.06540145232871111,0.33975113132369905,0.2224636962361419,0.060143686958506026
2020-09-04,0.11519737569823091,0.09082642361957836,0.10621623383513265,0.06540145232871111,0.33975113132369905,0.2224636962361419,0.060143686958506026
2020-09-11,0.11519737569823091,0.09082642361957836,0.10621623383513265,0.06540145232871111,0.33975113132369905,0.2224636962361419,0.060143686958506026
2020-09-18,0.11519737569823091,0.09082642361957836,0.10621623383513265,0.06540145232871111,0.33975113132369905,0.2224636962361419,0.060143686958506026
2020-09-25,0.11696944742701472,0.092407272241417,0.1074950966310179,0.0662842872071516,0.34159392849516623,0.22528956204752382,0.04996040595070872
2020-10-02,0.11696944742701472,0.092407272241417,0.1074950966310179,0.0662842872071516,0.34159392849516623,0.22528956204752382,0.04996040595070872
2020-10-09,0.11696944742701472,0.092407272241417,0.1074950966310179,0.0662842872071516,0.34159392849516623,0.22528956204752382,0.04996040595070872
2020-10-16,0.11696944742701472,0.092407272241417,0.1074950966310179,0.0662842872071516,0.34159392849516623,0.22528956204752382,0.04996040595070872
2020-10-23,0.11696944742701472,0.092407272241417,0.1074950966310179,0.0662842872071516,0.34159392849516623,0.22528956204752382,0.04996040595070872
2020-10-30,0.11738263211842599,0.09217976129120525,0.10890185448149767,0.06526544394253536,0.3425033270761885,0.22379257831872523,0.049974402771421955
2020-11-06,0.11738263211842599,0.09217976129120525,0.10890185448149767,0.06526544394253536,0.3425033270761885,0.22379257831872523,0.049974402771421955
2020-11-13,0.11738263211842599,0.09217976129120525,0.10890185448149767,0.06526544394253536,0.3425033270761885,0.22379257831872523,0.049974402771421955
2020-11-20,0.11738263211842599,0.09217976129120525,0.10890185448149767,0.06526544394253536,0.3425033270761885,0.22379257831872523,0.049974402771421955
2020-11-27,0.11741647648376861,0.09136441334675223,0.11089435729201409,0.06425762475362216,0.3363061405831147,0.21961545923910453,0.060145528301623674
2020-12-04,0.11741647648376861,0.09136441334675223,0.11089435729201409,0.06425762475362216,0.3363061405831147,0.21961545923910453,0.060145528301623674
2020-12-11,0.11741647648376861,0.09136441334675223,0.11089435729201409,0.06425762475362216,0.3363061405831147,0.21961545923910453,0.060145528301623674
2020-12-18,0.11741647648376861,0.09136441334675223,0.11089435729201409,0.06425762475362216,0.3363061405831147,0.21961545923910453,0.060145528301623674
2020-12-25,0.11892146402151095,0.09158477582456669,0.11144604756002952,0.0642171120704754,0.33518532571636794,0.2185123163462893,0.060132958460760166
2021-01-01,0.11892146402151095,0.09158477582456669,0.11144604756002952,0.0642171120704754,0.33518532571636794,0.2185123163462893,0.060132958460760166
2021-01-08,0.11892146402151095,0.09158477582456669,0.11144604756002952,0.0642171120704754,0.33518532571636794,0.2185123163462893,0.060132958460760166
2021-01-15,0.11892146402151095,0.09158477582456669,0.11144604756002952,0.0642171120704754,0.33518532571636794,0.2185123163462893,0.060132958460760166
2021-01-22,0.11892146402151095,0.09158477582456669,0.11144604756002952,0.0642171120704754,0.33518532571636794,0.2185123163462893,0.060132958460760166
2021-01-29,0.12404421953707456,0.09250724054913678,0.11460431688831944,0.06552698526551372,0.3389840323217166,0.22187892677025242,0.042454278667986456
2021-02-05,0.12404421953707456,0.09250724054913678,0.11460431688831944,0.06552698526551372,0.3389840323217166,0.22187892677025242,0.042454278667986456
2021-02-12,0.12404421953707456,0.09250724054913678,0.11460431688831944,0.06552698526551372,0.3389840323217166,0.22187892677025242,0.042454278667986456
2021-02-19,0.12404421953707456,0.09250724054913678,0.11460431688831944,0.06552698526551372,0.3389840323217166,0.22187892677025242,0.042454278667986456
2021-02-26,0.1272705886620917,0.09270161902948136,0.1153085537894431,0.06545244155829703,0.33672325100578193,0.22276163752927552,0.03978190842562923
2021-03-05,0.1272705886620917,0.09270161902948136,0.1153085537894431,0.06545244155829703,0.33672325100578193,0.22276163752927552,0.03978190842562923
2021-03-12,0.1272705886620917,0.09270161902948136,0.1153085537894431,0.06545244155829703,0.33672325100578193,0.22276163752927552,0.03978190842562923
2021-03-19,0.1272705886620917,0.09270161902948136,0.1153085537894431,0.06545244155829703,0.33672325100578193,0.22276163752927552,0.03978190842562923
2021-03-26,0.2369292679058552,0.09544988109987344,0.12309455307271278,0.07001993335259882,0.33329666502223165,0.13026703165075887,0.010942667895969205
2021-04-02,0.2369292679058552,0.09544988109987344,0.12309455307271278,0.07001993335259882,0.33329666502223165,0.13026703165075887,0.010942667895969205
2021-04-09,0.2369292679058552,0.09544988109987344,0.12309455307271278,0.07001993335259882,0.33329666502223165,0.13026703165075887,0.010942667895969205
2021-04-16,0.2369292679058552,0.09544988109987344,0.12309455307271278,0.07001993335259882,0.33329666502223165,0.13026703165075887,0.010942667895969205
2021-04-23,0.2369292679058552,0.09544988109987344,0.12309455307271278,0.07001993335259882,0.33329666502223165,0.13026703165075887,0.010942667895969205
2021-04-30,0.256905929597846,0.09533641064148976,0.12324981516903705,0.07046399727959567,0.3311950918503388,0.11036655062237569,0.012482204839317057
2021-05-07,0.256905929597846,0.09533641064148976,0.12324981516903705,0.07046399727959567,0.3311950918503388,0.11036655062237569,0.012482204839317057
2021-05-14,0.256905929597846,0.09533641064148976,0.12324981516903705,0.07046399727959567,0.3311950918503388,0.11036655062237569,0.012482204839317057
2021-05-21,0.256905929597846,0.09533641064148976,0.12324981516903705,0.07046399727959567,0.3311950918503388,0.11036655062237569,0.012482204839317057
2021-05-28,0.2577095553057515,0.09496005877306214,0.12307399729253568,0.0701642849504322,0.3326776583635661,0.10613746066214817,0.015276984652504155
2021-06-04,0.2577095553057515,0.09496005877306214,0.12307399729253568,0.0701642849504322,0.3326776583635661,0.10613746066214817,0.015276984652504155
2021-06-11,0.2577095553057515,0.09496005877306214,0.12307399729253568,0.0701642849504322,0.3326776583635661,0.10613746066214817,0.015276984652504155
2021-06-18,0.2577095553057515,0.09496005877306214,0.12307399729253568,0.0701642849504322,0.3326776583635661,0.10613746066214817,0.015276984652504155
2021-06-25,0.25647943794137074,0.09361131228054498,0.12290356153239651,0.0698484878595587,0.33509823997028826,0.10453699364262468,0.017521966773216158
2021-07-02,0.25647943794137074,0.09361131228054498,0.12290356153239651,0.0698484878595587,0.33509823997028826,0.10453699364262468,0.017521966773216158
2021-07-09,0.25647943794137074,0.09361131228054498,0.12290356153239651,0.0698484878595587,0.33509823997028826,0.10453699364262468,0.017521966773216158
2021-07-16,0.25647943794137074,0.09361131228054498,0.12290356153239651,0.0698484878595587,0.33509823997028826,0.10453699364262468,0.017521966773216158
2021-07-23,0.25647943794137074,0.09361131228054498,0.12290356153239651,0.0698484878595587,0.33509823997028826,0.10453699364262468,0.017521966773216158
2021-07-30,0.16528205344527952,0.09691327588940982,0.12396908279823546,0.07024618699404732,0.3419065784927137,0.18795426817556604,0.013728554204748056
2021-08-06,0.16528205344527952,0.09691327588940982,0.12396908279823546,0.07024618699404732,0.3419065784927137,0.18795426817556604,0.013728554204748056
2021-08-13,0.16528205344527952,0.09691327588940982,0.12396908279823546,0.07024618699404732,0.3419065784927137,0.18795426817556604,0.013728554204748056
2021-08-20,0.16528205344527952,0.09691327588940982,0.12396908279823546,0.07024618699404732,0.3419065784927137,0.18795426817556604,0.013728554204748056
2021-08-27,0.14504639658425905,0.0973353197501431,0.1235344436552164,0.06973364826906185,0.3461101673752329,0.20353922826640744,0.014700796099679225
2021-09-03,0.14504639658425905,0.0973353197501431,0.1235344436552164,0.06973364826906185,0.3461101673752329,0.20353922826640744,0.014700796099679225
2021-09-10,0.14504639658425905,0.0973353197501431,0.1235344436552164,0.06973364826906185,0.3461101673752329,0.20353922826640744,0.014700796099679225
2021-09-17,0.14504639658425905,0.0973353197501431,0.1235344436552164,0.06973364826906185,0.3461101673752329,0.20353922826640744,0.014700796099679225
2021-09-24,0.1408804209310394,0.09723784294926995,0.12337754765187263,0.06969820105320294,0.3480592660126088,0.20641148646047558,0.014335234941530661
2021-10-01,0.1408804209310394,0.09723784294926995,0.12337754765187263,0.06969820105320294,0.3480592660126088,0.20641148646047558,0.014335234941530661
2021-10-08,0.1408804209310394,0.09723784294926995,0.12337754765187263,0.06969820105320294,0.3480592660126088,0.20641148646047558,0.014335234941530661
2021-10-15,0.1408804209310394,0.09723784294926995,0.12337754765187263,0.06969820105320294,0.3480592660126088,0.20641148646047558,0.014335234941530661
2021-10-22,0.1408804209310394,0.09723784294926995,0.12337754765187263,0.06969820105320294,0.3480592660126088,0.20641148646047558,0.014335234941530661
2021-10-29,0.23311722305669674,0.09578223294018076,0.12133821605503352,0.06947754702749108,0.3439652151131271,0.12461627056216341,0.011703295245307332
2021-11-05,0.23311722305669674,0.09578223294018076,0.12133821605503352,0.06947754702749108,0.3439652151131271,0.12461627056216341,0.011703295245307332
2021-11-12,0.23311722305669674,0.09578223294018076,0.12133821605503352,0.06947754702749108,0.3439652151131271,0.12461627056216341,0.011703295245307332
2021-11-19,0.23311722305669674,0.09578223294018076,0.12133821605503352,0.06947754702749108,0.3439652151131271,0.12461627056216341,0.011703295245307332
2021-11-26,0.19598836985832216,0.09654278192078397,0.12016344764293717,0.0688846017667664,0.3520302248489744,0.16525747075322333,0.0011331032089925142
2021-12-03,0.19598836985832216,0.09654278192078397,0.12016344764293717,0.0688846017667664,0.3520302248489744,0.16525747075322333,0.0011331032089925142
2021-12-10,0.19598836985832216,0.09654278192078397,0.12016344764293717,0.0688846017667664,0.3520302248489744,0.16525747075322333,0.0011331032089925142
2021-12-17,0.19598836985832216,0.09654278192078397,0.12016344764293717,0.0688846017667664,0.3520302248489744,0.16525747075322333,0.0011331032089925142
2021-12-24,0.19598836985832216,0.09654278192078397,0.12016344764293717,0.0688846017667664,0.3520302248489744,0.16525747075322333,0.0011331032089925142
2021-12-31,0.209603618510346,0.09140181777448173,0.11266277053083146,0.0652704259344071,0.33559973831226403,0.14160795108546514,0.04385367785220451
2022-01-07,0.209603618510346,0.09140181777448173,0.11266277053083146,0.0652704259344071,0.33559973831226403,0.14160795108546514,0.04385367785220451
2022-01-14,0.209603618510346,0.09140181777448173,0.11266277053083146,0.0652704259344071,0.33559973831226403,0.14160795108546514,0.04385367785220451
2022-01-21,0.209603618510346,0.09140181777448173,0.11266277053083146,0.0652704259344071,0.33559973831226403,0.14160795108546514,0.04385367785220451
2022-01-28,0.19062253859795386,0.0776862981299389,0.09739105501140448,0.05681634311025298,0.29011396773898396,0.11337417257292505,0.1739956248385408
2022-02-04,0.19062253859795386,0.0776862981299389,0.09739105501140448,0.05681634311025298,0.29011396773898396,0.11337417257292505,0.1739956248385408
2022-02-11,0.19062253859795386,0.0776862981299389,0.09739105501140448,0.05681634311025298,0.29011396773898396,0.11337417257292505,0.1739956248385408
2022-02-18,0.19062253859795386,0.0776862981299389,0.09739105501140448,0.05681634311025298,0.29011396773898396,0.11337417257292505,0.1739956248385408
2022-02-25,0.18951117749990185,0.07386925986102769,0.09502010194020108,0.054948440755742435,0.28583678137049445,0.10081423857263255,0.19999999999999996
2022-03-04,0.18951117749990185,0.07386925986102769,0.09502010194020108,0.054948440755742435,0.28583678137049445,0.10081423857263255,0.19999999999999996
2022-03-11,0.18951117749990185,0.07386925986102769,0.09502010194020108,0.054948440755742435,0.28583678137049445,0.10081423857263255,0.19999999999999996
2022-03-18,0.18951117749990185,0.07386925986102769,0.09502010194020108,0.054948440755742435,0.28583678137049445,0.10081423857263255,0.19999999999999996
2022-03-25,0.09423867911639353,0.036009020182454166,0.04726653938033082,0.027142694835138172,0.1461340955544541,0.049208970931229216,0.6
2022-04-01,0.09423867911639353,0.036009020182454166,0.04726653938033082,0.027142694835138172,0.1461340955544541,0.049208970931229216,0.6
2022-04-08,0.09423867911639353,0.036009020182454166,0.04726653938033082,0.027142694835138172,0.1461340955544541,0.049208970931229216,0.6
2022-04-15,0.09423867911639353,0.036009020182454166,0.04726653938033082,0.027142694835138172,0.1461340955544541,0.049208970931229216,0.6
2022-04-22,0.09423867911639353,0.036009020182454166,0.04726653938033082,0.027142694835138172,0.1461340955544541,0.049208970931229216,0.6
2022-04-29,0.0938595759173938,0.03547040430909032,0.04785038095554902,0.027438838892173176,0.14689583575298545,0.048484964172808266,0.5999999999999999
2022-05-06,0.0938595759173938,0.03547040430909032,0.04785038095554902,0.027438838892173176,0.14689583575298545,0.048484964172808266,0.5999999999999999
2022-05-13,0.0938595759173938,0.03547040430909032,0.04785038095554902,0.027438838892173176,0.14689583575298545,0.048484964172808266,0.5999999999999999
2022-05-20,0.0938595759173938,0.03547040430909032,0.04785038095554902,0.027438838892173176,0.14689583575298545,0.048484964172808266,0.5999999999999999
2022-05-27,0.0780368134958284,0.037122917974340655,0.04832481404395461,0.03761360619714032,0.14844185218486167,0.050459996103874374,0.6
2022-06-03,0.0780368134958284,0.037122917974340655,0.04832481404395461,0.03761360619714032,0.14844185218486167,0.050459996103874374,0.6
2022-06-10,0.0780368134958284,0.037122917974340655,0.04832481404395461,0.03761360619714032,0.14844185218486167,0.050459996103874374,0.6
2022-06-17,0.0780368134958284,0.037122917974340655,0.04832481404395461,0.03761360619714032,0.14844185218486167,0.050459996103874374,0.6
2022-06-24,0.06758971567063143,0.03805356630394831,0.04892369572934714,0.04403060641618331,0.14995955493005192,0.051442860949837924,0.6
2022-07-01,0.06758971567063143,0.03805356630394831,0.04892369572934714,0.04403060641618331,0.14995955493005192,0.051442860949837924,0.6
2022-07-08,0.06758971567063143,0.03805356630394831,0.04892369572934714,0.04403060641618331,0.14995955493005192,0.051442860949837924,0.6
2022-07-15,0.06758971567063143,0.03805356630394831,0.04892369572934714,0.04403060641618331,0.14995955493005192,0.051442860949837924,0.6
2022-07-22,0.06758971567063143,0.03805356630394831,0.04892369572934714,0.04403060641618331,0.14995955493005192,0.051442860949837924,0.6
2022-07-29,0.06158399637945298,0.038471221592704996,0.049409652958814776,0.04751769952229919,0.15245971040495723,0.05055771914177085,0.6
2022-08-05,0.06158399637945298,0.038471221592704996,0.049409652958814776,0.04751769952229919,0.15245971040495723,0.05055771914177085,0.6
2022-08-12,0.06158399637945298,0.038471221592704996,0.049409652958814776,0.04751769952229919,0.15245971040495723,0.05055771914177085,0.6
2022-08-19,0.06158399637945298,0.038471221592704996,0.049409652958814776,0.04751769952229919,0.15245971040495723,0.05055771914177085,0.6
2022-08-26,0.05809467972638349,0.03714269054899131,0.049527060781255794,0.03855188476930011,0.15393245364523567,0.06275123052883365,0.6000000000000001
2022-09-02,0.05809467972638349,0.03714269054899131,0.049527060781255794,0.03855188476930011,0.15393245364523567,0.06275123052883365,0.6000000000000001
2022-09-09,0.05809467972638349,0.03714269054899131,0.049527060781255794,0.03855188476930011,0.15393245364523567,0.06275123052883365,0.6000000000000001
2022-09-16,0.05809467972638349,0.03714269054899131,0.049527060781255794,0.03855188476930011,0.15393245364523567,0.06275123052883365,0.6000000000000001
2022-09-23,0.05809467972638349,0.03714269054899131,0.049527060781255794,0.03855188476930011,0.15393245364523567,0.06275123052883365,0.6000000000000001
2022-09-30,0.05633041671270886,0.03588173378863916,0.04970426295591386,0.032622050771437254,0.1556406857679956,0.06982085000330532,0.6
2022-10-07,0.05633041671270886,0.03588173378863916,0.04970426295591386,0.032622050771437254,0.1556406857679956,0.06982085000330532,0.6
2022-10-14,0.05633041671270886,0.03588173378863916,0.04970426295591386,0.032622050771437254,0.1556406857679956,0.06982085000330532,0.6
2022-10-21,0.05633041671270886,0.03588173378863916,0.04970426295591386,0.032622050771437254,0.1556406857679956,0.06982085000330532,0.6
2022-10-28,0.055531360339095205,0.03502290434853106,0.04976759659193584,0.028955883410275437,0.15682376716327817,0.07389848814688431,0.6
2022-11-04,0.055531360339095205,0.03502290434853106,0.04976759659193584,0.028955883410275437,0.15682376716327817,0.07389848814688431,0.6
2022-11-11,0.055531360339095205,0.03502290434853106,0.04976759659193584,0.028955883410275437,0.15682376716327817,0.07389848814688431,0.6
2022-11-18,0.055531360339095205,0.03502290434853106,0.04976759659193584,0.028955883410275437,0.15682376716327817,0.07389848814688431,0.6
2022-11-25,0.05549084511113649,0.034564371797066895,0.05003147568782029,0.02685342375652819,0.15649786843330002,0.07656201521414817,0.5999999999999999
2022-12-02,0.05549084511113649,0.034564371797066895,0.05003147568782029,0.02685342375652819,0.15649786843330002,0.07656201521414817,0.5999999999999999
2022-12-09,0.05549084511113649,0.034564371797066895,0.05003147568782029,0.02685342375652819,0.15649786843330002,0.07656201521414817,0.5999999999999999
2022-12-16,0.05549084511113649,0.034564371797066895,0.05003147568782029,0.02685342375652819,0.15649786843330002,0.07656201521414817,0.5999999999999999
2022-12-23,0.05549084511113649,0.034564371797066895,0.05003147568782029,0.02685342375652819,0.15649786843330002,0.07656201521414817,0.5999999999999999
2022-12-30,0.11101416960446463,0.06842622938910015,0.10061004681368733,0.051271164310137965,0.3126782322756802,0.15600015760692978,0.19999999999999996
2023-01-06,0.11101416960446463,0.06842622938910015,0.10061004681368733,0.051271164310137965,0.3126782322756802,0.15600015760692978,0.19999999999999996
2023-01-13,0.11101416960446463,0.06842622938910015,0.10061004681368733,0.051271164310137965,0.3126782322756802,0.15600015760692978,0.19999999999999996
2023-01-20,0.11101416960446463,0.06842622938910015,0.10061004681368733,0.051271164310137965,0.3126782322756802,0.15600015760692978,0.19999999999999996
2023-01-27,0.13285881398380137,0.08149357476152876,0.11956350061225947,0.05886669882412871,0.3545511103316573,0.17490507531103672,0.07776122617558767
2023-02-03,0.13285881398380137,0.08149357476152876,0.11956350061225947,0.05886669882412871,0.3545511103316573,0.17490507531103672,0.07776122617558767
2023-02-10,0.13285881398380137,0.08149357476152876,0.11956350061225947,0.05886669882412871,0.3545511103316573,0.17490507531103672,0.07776122617558767
2023-02-17,0.13285881398380137,0.08149357476152876,0.11956350061225947,0.05886669882412871,0.3545511103316573,0.17490507531103672,0.07776122617558767
2023-02-24,0.11802267688523335,0.0733499776343249,0.10401932157575729,0.05132951138969051,0.3100298410788359,0.15140506007455284,0.1918436113616051
2023-03-03,0.11802267688523335,0.0733499776343249,0.10401932157575729,0.05132951138969051,0.3100298410788359,0.15140506007455284,0.1918436113616051
2023-03-10,0.11802267688523335,0.0733499776343249,0.10401932157575729,0.05132951138969051,0.3100298410788359,0.15140506007455284,0.1918436113616051
2023-03-17,0.11802267688523335,0.0733499776343249,0.10401932157575729,0.05132951138969051,0.3100298410788359,0.15140506007455284,0.1918436113616051
2023-03-24,0.11802267688523335,0.0733499776343249,0.10401932157575729,0.05132951138969051,0.3100298410788359,0.15140506007455284,0.1918436113616051
2023-03-31,0.12821778494940753,0.07871955847934896,0.16774118126189566,0.054861702207598825,0.38112911766696594,0.15742397880750192,0.031906676627281194
2023-04-07,0.12821778494940753,0.07871955847934896,0.16774118126189566,0.054861702207598825,0.38112911766696594,0.15742397880750192,0.031906676627281194
2023-04-14,0.12821778494940753,0.07871955847934896,0.16774118126189566,0.054861702207598825,0.38112911766696594,0.15742397880750192,0.031906676627281194
2023-04-21,0.12821778494940753,0.07871955847934896,0.16774118126189566,0.054861702207598825,0.38112911766696594,0.15742397880750192,0.031906676627281194
2023-04-28,0.12242325419556352,0.07481092236666903,0.17570877144463873,0.05177388355823776,0.37548159174898715,0.1488961447873751,0.0509054318985287
2023-05-05,0.12242325419556352,0.07481092236666903,0.17570877144463873,0.05177388355823776,0.37548159174898715,0.1488961447873751,0.0509054318985287
2023-05-12,0.12242325419556352,0.07481092236666903,0.17570877144463873,0.05177388355823776,0.37548159174898715,0.1488961447873751,0.0509054318985287
2023-05-19,0.12242325419556352,0.07481092236666903,0.17570877144463873,0.05177388355823776,0.37548159174898715,0.1488961447873751,0.0509054318985287
2023-05-26,0.12829446986907414,0.07683060647208789,0.207673103314707,0.053409854468736404,0.3922436060223195,0.14154835985307507,0.0
2023-06-02,0.12829446986907414,0.07683060647208789,0.207673103314707,0.053409854468736404,0.3922436060223195,0.14154835985307507,0.0
2023-06-09,0.12829446986907414,0.07683060647208789,0.207673103314707,0.053409854468736404,0.3922436060223195,0.14154835985307507,0.0
2023-06-16,0.12829446986907414,0.07683060647208789,0.207673103314707,0.053409854468736404,0.3922436060223195,0.14154835985307507,0.0
2023-06-23,0.12829446986907414,0.07683060647208789,0.207673103314707,0.053409854468736404,0.3922436060223195,0.14154835985307507,0.0
2023-06-30,0.12708030742681745,0.07519223597191335,0.21009648699086295,0.05341031345693983,0.39588641423576065,0.13833424191770582,0.0
2023-07-07,0.12708030742681745,0.07519223597191335,0.21009648699086295,0.05341031345693983,0.39588641423576065,0.13833424191770582,0.0
2023-07-14,0.12708030742681745,0.07519223597191335,0.21009648699086295,0.05341031345693983,0.39588641423576065,0.13833424191770582,0.0
2023-07-21,0.12708030742681745,0.07519223597191335,0.21009648699086295,0.05341031345693983,0.39588641423576065,0.13833424191770582,0.0
2023-07-28,0.12490901831947315,0.07294081724640014,0.20882047267583034,0.052921699059463326,0.4046016553239452,0.1358063373748879,0.0
2023-08-04,0.12490901831947315,0.07294081724640014,0.20882047267583034,0.052921699059463326,0.4046016553239452,0.1358063373748879,0.0
2023-08-11,0.12490901831947315,0.07294081724640014,0.20882047267583034,0.052921699059463326,0.4046016553239452,0.1358063373748879,0.0
2023-08-18,0.12490901831947315,0.07294081724640014,0.20882047267583034,0.052921699059463326,0.4046016553239452,0.1358063373748879,0.0
2023-08-25,0.12394824568897758,0.07025768838455919,0.20828666803811463,0.05136911629049863,0.4145907528784065,0.13154752871944342,0.0
2023-09-01,0.12394824568897758,0.07025768838455919,0.20828666803811463,0.05136911629049863,0.4145907528784065,0.13154752871944342,0.0
2023-09-08,0.12394824568897758,0.07025768838455919,0.20828666803811463,0.05136911629049863,0.4145907528784065,0.13154752871944342,0.0
2023-09-15,0.12394824568897758,0.07025768838455919,0.20828666803811463,0.05136911629049863,0.4145907528784065,0.13154752871944342,0.0
2023-09-22,0.12394824568897758,0.07025768838455919,0.20828666803811463,0.05136911629049863,0.4145907528784065,0.13154752871944342,0.0
2023-09-29,0.11280568909257219,0.06411557117221534,0.19013274476611328,0.04714685215902518,0.3831213854022524,0.12601454756011374,0.0766632098477078
2023-10-06,0.11280568909257219,0.06411557117221534,0.19013274476611328,0.04714685215902518,0.3831213854022524,0.12601454756011374,0.0766632098477078
2023-10-13,0.11280568909257219,0.06411557117221534,0.19013274476611328,0.04714685215902518,0.3831213854022524,0.12601454756011374,0.0766632098477078
2023-10-20,0.11280568909257219,0.06411557117221534,0.19013274476611328,0.04714685215902518,0.3831213854022524,0.12601454756011374,0.0766632098477078
2023-10-27,0.09971020686053157,0.05622268660874056,0.1658450063661916,0.041516849056819856,0.3216432881340265,0.11506196297369004,0.19999999999999996
2023-11-03,0.09971020686053157,0.05622268660874056,0.1658450063661916,0.041516849056819856,0.3216432881340265,0.11506196297369004,0.19999999999999996
2023-11-10,0.09971020686053157,0.05622268660874056,0.1658450063661916,0.041516849056819856,0.3216432881340265,0.11506196297369004,0.19999999999999996
2023-11-17,0.09971020686053157,0.05622268660874056,0.1658450063661916,0.041516849056819856,0.3216432881340265,0.11506196297369004,0.19999999999999996
2023-11-24,0.13106507517109411,0.07552534764901503,0.2134178541124665,0.055655381855419996,0.3776387177723401,0.14669762343966433,0.0
2023-12-01,0.13106507517109411,0.07552534764901503,0.2134178541124665,0.055655381855419996,0.3776387177723401,0.14669762343966433,0.0
2023-12-08,0.13106507517109411,0.07552534764901503,0.2134178541124665,0.055655381855419996,0.3776387177723401,0.14669762343966433,0.0
2023-12-15,0.13106507517109411,0.07552534764901503,0.2134178541124665,0.055655381855419996,0.3776387177723401,0.14669762343966433,0.0
2023-12-22,0.13106507517109411,0.07552534764901503,0.2134178541124665,0.055655381855419996,0.3776387177723401,0.14669762343966433,0.0
2023-12-29,0.13026765520016614,0.07739350724008842,0.21178604758578642,0.05692308661985131,0.3775077485177222,0.14612195483638557,0.0
2024-01-05,0.13026765520016614,0.07739350724008842,0.21178604758578642,0.05692308661985131,0.3775077485177222,0.14612195483638557,0.0
2024-01-12,0.13026765520016614,0.07739350724008842,0.21178604758578642,0.05692308661985131,0.3775077485177222,0.14612195483638557,0.0
2024-01-19,0.13026765520016614,0.07739350724008842,0.21178604758578642,0.05692308661985131,0.3775077485177222,0.14612195483638557,0.0
2024-01-26,0.1256002652050705,0.07067342705325923,0.21874374763716425,0.05101299597279379,0.36221528024051336,0.1262090662691849,0.04554521762201391
2024-02-02,0.1256002652050705,0.07067342705325923,0.21874374763716425,0.05101299597279379,0.36221528024051336,0.1262090662691849,0.04554521762201391
2024-02-09,0.1256002652050705,0.07067342705325923,0.21874374763716425,0.05101299597279379,0.36221528024051336,0.1262090662691849,0.04554521762201391
2024-02-16,0.1256002652050705,0.07067342705325923,0.21874374763716425,0.05101299597279379,0.36221528024051336,0.1262090662691849,0.04554521762201391
2024-02-23,0.13944671140480314,0.07277180171051449,0.2588148334587291,0.05204411431617011,0.3694229084443131,0.10749963066547003,0.0
2024-03-01,0.13944671140480314,0.07277180171051449,0.2588148334587291,0.05204411431617011,0.3694229084443131,0.10749963066547003,0.0
2024-03-08,0.13944671140480314,0.07277180171051449,0.2588148334587291,0.05204411431617011,0.3694229084443131,0.10749963066547003,0.0
2024-03-15,0.13944671140480314,0.07277180171051449,0.2588148334587291,0.05204411431617011,0.3694229084443131,0.10749963066547003,0.0
2024-03-22,0.13944671140480314,0.07277180171051449,0.2588148334587291,0.05204411431617011,0.3694229084443131,0.10749963066547003,0.0
2024-03-29,0.14180265176403717,0.07409807007817336,0.2650313850530851,0.05205278816721358,0.3630308063231864,0.1039842986143044,0.0
2024-04-05,0.14180265176403717,0.07409807007817336,0.2650313850530851,0.05205278816721358,0.3630308063231864,0.1039842986143044,0.0
2024-04-12,0.14180265176403717,0.07409807007817336,0.2650313850530851,0.05205278816721358,0.3630308063231864,0.1039842986143044,0.0
2024-04-19,0.14180265176403717,0.07409807007817336,0.2650313850530851,0.05205278816721358,0.3630308063231864,0.1039842986143044,0.0
2024-04-26,0.13334304841722555,0.07039638530234761,0.2516405540994551,0.04929824918449789,0.349885976946522,0.10316003781333558,0.04227574823661617
2024-05-03,0.13334304841722555,0.07039638530234761,0.2516405540994551,0.04929824918449789,0.349885976946522,0.10316003781333558,0.04227574823661617
2024-05-10,0.13334304841722555,0.07039638530234761,0.2516405540994551,0.04929824918449789,0.349885976946522,0.10316003781333558,0.04227574823661617
2024-05-17,0.13334304841722555,0.07039638530234761,0.2516405540994551,0.04929824918449789,0.349885976946522,0.10316003781333558,0.04227574823661617
2024-05-24,0.13334304841722555,0.07039638530234761,0.2516405540994551,0.04929824918449789,0.349885976946522,0.10316003781333558,0.04227574823661617
2024-05-31,0.14079472551529004,0.0751872711950226,0.27054784740250276,0.053428204286951705,0.35628845601082015,0.10375349558941271,0.0
2024-06-07,0.14079472551529004,0.0751872711950226,0.27054784740250276,0.053428204286951705,0.35628845601082015,0.10375349558941271,0.0
2024-06-14,0.14079472551529004,0.0751872711950226,0.27054784740250276,0.053428204286951705,0.35628845601082015,0.10375349558941271,0.0
2024-06-21,0.14079472551529004,0.0751872711950226,0.27054784740250276,0.053428204286951705,0.35628845601082015,0.10375349558941271,0.0
2024-06-28,0.14296109315325897,0.0768735584403901,0.2731099582265745,0.054927869678406335,0.34822626334387835,0.10390125715749182,0.0
2024-07-05,0.14296109315325897,0.0768735584403901,0.2731099582265745,0.054927869678406335,0.34822626334387835,0.10390125715749182,0.0
2024-07-12,0.14296109315325897,0.0768735584403901,0.2731099582265745,0.054927869678406335,0.34822626334387835,0.10390125715749182,0.0
2024-07-19,0.14296109315325897,0.0768735584403901,0.2731099582265745,0.054927869678406335,0.34822626334387835,0.10390125715749182,0.0
2024-07-26,0.14315960605379374,0.07639033621612681,0.2748616773902659,0.054313431364972756,0.3471139051433084,0.10416104383153238,0.0
2024-08-02,0.14315960605379374,0.07639033621612681,0.2748616773902659,0.054313431364972756,0.3471139051433084,0.10416104383153238,0.0
2024-08-09,0.14315960605379374,0.07639033621612681,0.2748616773902659,0.054313431364972756,0.3471139051433084,0.10416104383153238,0.0
2024-08-16,0.14315960605379374,0.07639033621612681,0.2748616773902659,0.054313431364972756,0.3471139051433084,0.10416104383153238,0.0
2024-08-23,0.14315960605379374,0.07639033621612681,0.2748616773902659,0.054313431364972756,0.3471139051433084,0.10416104383153238,0.0
2024-08-30,0.13556741799803027,0.07873384347539264,0.22646556494968656,0.07765100185931857,0.3325230536168675,0.10339056538761694,0.04566855271308745
2024-09-06,0.13556741799803027,0.07873384347539264,0.22646556494968656,0.07765100185931857,0.3325230536168675,0.10339056538761694,0.04566855271308745
2024-09-13,0.13556741799803027,0.07873384347539264,0.22646556494968656,0.07765100185931857,0.3325230536168675,0.10339056538761694,0.04566855271308745
2024-09-20,0.13556741799803027,0.07873384347539264,0.22646556494968656,0.07765100185931857,0.3325230536168675,0.10339056538761694,0.04566855271308745
2024-09-27,0.1344247738764658,0.08249428859776788,0.205572700220857,0.09220000524134966,0.3344407406089927,0.10595194759836621,0.04491554385620067
2024-10-04,0.1344247738764658,0.08249428859776788,0.205572700220857,0.09220000524134966,0.3344407406089927,0.10595194759836621,0.04491554385620067
2024-10-11,0.1344247738764658,0.08249428859776788,0.205572700220857,0.09220000524134966,0.3344407406089927,0.10595194759836621,0.04491554385620067
2024-10-18,0.1344247738764658,0.08249428859776788,0.205572700220857,0.09220000524134966,0.3344407406089927,0.10595194759836621,0.04491554385620067
2024-10-25,0.13400131362883028,0.08512724920429068,0.1932958213579208,0.1000089101860419,0.3347068339640142,0.10771627535095325,0.04514359630794895
2024-11-01,0.13400131362883028,0.08512724920429068,0.1932958213579208,0.1000089101860419,0.3347068339640142,0.10771627535095325,0.04514359630794895
2024-11-08,0.13400131362883028,0.08512724920429068,0.1932958213579208,0.1000089101860419,0.3347068339640142,0.10771627535095325,0.04514359630794895
2024-11-15,0.13400131362883028,0.08512724920429068,0.1932958213579208,0.1000089101860419,0.3347068339640142,0.10771627535095325,0.04514359630794895
2024-11-22,0.13400131362883028,0.08512724920429068,0.1932958213579208,0.1000089101860419,0.3347068339640142,0.10771627535095325,0.04514359630794895
2024-11-29,0.134357676510843,0.0875128256267713,0.18514369279099047,0.10596904493753001,0.331168970249708,0.10902721631815894,0.046820573565998336
2024-12-06,0.134357676510843,0.0875128256267713,0.18514369279099047,0.10596904493753001,0.331168970249708,0.10902721631815894,0.046820573565998336
2024-12-13,0.134357676510843,0.0875128256267713,0.18514369279099047,0.10596904493753001,0.331168970249708,0.10902721631815894,0.046820573565998336
2024-12-20,0.134357676510843,0.0875128256267713,0.18514369279099047,0.10596904493753001,0.331168970249708,0.10902721631815894,0.046820573565998336
2024-12-27,0.13555881405052103,0.0898638059544673,0.18118416245926497,0.10970610287939261,0.3304942581002514,0.11041953334100484,0.04277332321509786
2025-01-03,0.13555881405052103,0.0898638059544673,0.18118416245926497,0.10970610287939261,0.3304942581002514,0.11041953334100484,0.04277332321509786
2025-01-10,0.13555881405052103,0.0898638059544673,0.18118416245926497,0.10970610287939261,0.3304942581002514,0.11041953334100484,0.04277332321509786
2025-01-17,0.13555881405052103,0.0898638059544673,0.18118416245926497,0.10970610287939261,0.3304942581002514,0.11041953334100484,0.04277332321509786
2025-01-24,0.13555881405052103,0.0898638059544673,0.18118416245926497,0.10970610287939261,0.3304942581002514,0.11041953334100484,0.04277332321509786
2025-01-31,0.13593769605479328,0.09141014707042502,0.17733703123458633,0.11122000056347582,0.3275149776254703,0.11021164221485699,0.04636850523639224
2025-02-07,0.13593769605479328,0.09141014707042502,0.17733703123458633,0.11122000056347582,0.3275149776254703,0.11021164221485699,0.04636850523639224
2025-02-14,0.13593769605479328,0.09141014707042502,0.17733703123458633,0.11122000056347582,0.3275149776254703,0.11021164221485699,0.04636850523639224
2025-02-21,0.13593769605479328,0.09141014707042502,0.17733703123458633,0.11122000056347582,0.3275149776254703,0.11021164221485699,0.04636850523639224
2025-02-28,0.13616859324933697,0.09252987488469896,0.17490500667972997,0.11151278894165169,0.3189724755725149,0.11653183592818257,0.04937942474388479
2025-03-07,0.13616859324933697,0.09252987488469896,0.17490500667972997,0.11151278894165169,0.3189724755725149,0.11653183592818257,0.04937942474388479
2025-03-14,0.13616859324933697,0.09252987488469896,0.17490500667972997,0.11151278894165169,0.3189724755725149,0.11653183592818257,0.04937942474388479
2025-03-21,0.13616859324933697,0.09252987488469896,0.17490500667972997,0.11151278894165169,0.3189724755725149,0.11653183592818257,0.04937942474388479
2025-03-28,0.05374577303640096,0.03846474391996864,0.0729023143043721,0.04718393882345451,0.13693613476121033,0.05076709515459348,0.5999999999999999
2025-04-04,0.05374577303640096,0.03846474391996864,0.0729023143043721,0.04718393882345451,0.13693613476121033,0.05076709515459348,0.5999999999999999
2025-04-11,0.05374577303640096,0.03846474391996864,0.0729023143043721,0.04718393882345451,0.13693613476121033,0.05076709515459348,0.5999999999999999
2025-04-18,0.05374577303640096,0.03846474391996864,0.0729023143043721,0.04718393882345451,0.13693613476121033,0.05076709515459348,0.5999999999999999
2025-04-25,0.05064469247073736,0.038244970811968954,0.07315612627258071,0.04749553326380335,0.1388675131534621,0.051591164027447595,0.6
2025-05-02,0.05064469247073736,0.038244970811968954,0.07315612627258071,0.04749553326380335,0.1388675131534621,0.051591164027447595,0.6
2025-05-09,0.05064469247073736,0.038244970811968954,0.07315612627258071,0.04749553326380335,0.1388675131534621,0.051591164027447595,0.6
2025-05-16,0.05064469247073736,0.038244970811968954,0.07315612627258071,0.04749553326380335,0.1388675131534621,0.051591164027447595,0.6
2025-05-23,0.05064469247073736,0.038244970811968954,0.07315612627258071,0.04749553326380335,0.1388675131534621,0.051591164027447595,0.6
2025-05-30,0.049610424165793574,0.036631808216919116,0.07087264156404456,0.03858008355361868,0.1381554956078226,0.06614954689180148,0.6
2025-06-06,0.049610424165793574,0.036631808216919116,0.07087264156404456,0.03858008355361868,0.1381554956078226,0.06614954689180148,0.6
2025-06-13,0.049610424165793574,0.036631808216919116,0.07087264156404456,0.03858008355361868,0.1381554956078226,0.06614954689180148,0.6
2025-06-20,0.049610424165793574,0.036631808216919116,0.07087264156404456,0.03858008355361868,0.1381554956078226,0.06614954689180148,0.6
2025-06-27,0.11198067284835153,0.08205620556769253,0.2402442367209543,0.07625329333132908,0.3193323364301635,0.1379338118748864,0.032199443226622715
2025-07-04,0.11198067284835153,0.08205620556769253,0.2402442367209543,0.07625329333132908,0.3193323364301635,0.1379338118748864,0.032199443226622715
2025-07-11,0.11198067284835153,0.08205620556769253,0.2402442367209543,0.07625329333132908,0.3193323364301635,0.1379338118748864,0.032199443226622715
2025-07-18,0.11198067284835153,0.08205620556769253,0.2402442367209543,0.07625329333132908,0.3193323364301635,0.1379338118748864,0.032199443226622715
2025-07-25,0.10085143701283146,0.07470813091693085,0.268605805033641,0.06475481285670442,0.2936830301551184,0.13486804901352714,0.06252873501124678
2025-08-01,0.10085143701283146,0.07470813091693085,0.268605805033641,0.06475481285670442,0.2936830301551184,0.13486804901352714,0.06252873501124678
2025-08-08,0.10085143701283146,0.07470813091693085,0.268605805033641,0.06475481285670442,0.2936830301551184,0.13486804901352714,0.06252873501124678
2025-08-15,0.10085143701283146,0.07470813091693085,0.268605805033641,0.06475481285670442,0.2936830301551184,0.13486804901352714,0.06252873501124678
2025-08-22,0.10085143701283146,0.07470813091693085,0.268605805033641,0.06475481285670442,0.2936830301551184,0.13486804901352714,0.06252873501124678
2025-08-29,0.11009626410518403,0.08455740470563394,0.22785813550640716,0.06501263102123822,0.3030641844512463,0.20941138021029035,0.0
2025-09-05,0.11009626410518403,0.08455740470563394,0.22785813550640716,0.06501263102123822,0.3030641844512463,0.20941138021029035,0.0
2025-09-12,0.11009626410518403,0.08455740470563394,0.22785813550640716,0.06501263102123822,0.3030641844512463,0.20941138021029035,0.0
2025-09-19,0.11009626410518403,0.08455740470563394,0.22785813550640716,0.06501263102123822,0.3030641844512463,0.20941138021029035,0.0
2025-09-26,0.09391499177157638,0.07853213043622034,0.20360897486212856,0.0608548694696341,0.2828835168439874,0.2193200040148914,0.06088551260156183
2025-10-03,0.09391499177157638,0.07853213043622034,0.20360897486212856,0.0608548694696341,0.2828835168439874,0.2193200040148914,0.06088551260156183
2025-10-10,0.09391499177157638,0.07853213043622034,0.20360897486212856,0.0608548694696341,0.2828835168439874,0.2193200040148914,0.06088551260156183
2025-10-17,0.09391499177157638,0.07853213043622034,0.20360897486212856,0.0608548694696341,0.2828835168439874,0.2193200040148914,0.06088551260156183
2025-10-24,0.09391499177157638,0.07853213043622034,0.20360897486212856,0.0608548694696341,0.2828835168439874,0.2193200040148914,0.06088551260156183
2025-10-31,0.09253210658741126,0.07862458652583135,0.2084146701349243,0.061401325359041956,0.28766031164374595,0.22095234105134606,0.05041465869769912
2025-11-07,0.09253210658741126,0.07862458652583135,0.2084146701349243,0.061401325359041956,0.28766031164374595,0.22095234105134606,0.05041465869769912
2025-11-14,0.09253210658741126,0.07862458652583135,0.2084146701349243,0.061401325359041956,0.28766031164374595,0.22095234105134606,0.05041465869769912
2025-11-21,0.09253210658741126,0.07862458652583135,0.2084146701349243,0.061401325359041956,0.28766031164374595,0.22095234105134606,0.05041465869769912
2025-11-28,0.0903208499883283,0.0780692776551931,0.2121640058306329,0.06138951265732973,0.28922159961855537,0.21862293472639902,0.05021181952356146
2025-12-05,0.0903208499883283,0.0780692776551931,0.2121640058306329,0.06138951265732973,0.28922159961855537,0.21862293472639902,0.05021181952356146
2025-12-12,0.0903208499883283,0.0780692776551931,0.2121640058306329,0.06138951265732973,0.28922159961855537,0.21862293472639902,0.05021181952356146
2025-12-19,0.0903208499883283,0.0780692776551931,0.2121640058306329,0.06138951265732973,0.28922159961855537,0.21862293472639902,0.05021181952356146
2025-12-26,0.08837260796687291,0.07726633245191421,0.21447116025680626,0.062030458250717666,0.2896022431925582,0.21968931807011088,0.04856787981101984
2026-01-02,0.08837260796687291,0.07726633245191421,0.21447116025680626,0.062030458250717666,0.2896022431925582,0.21968931807011088,0.04856787981101984
2026-01-09,0.08837260796687291,0.07726633245191421,0.21447116025680626,0.062030458250717666,0.2896022431925582,0.21968931807011088,0.04856787981101984
2026-01-16,0.08837260796687291,0.07726633245191421,0.21447116025680626,0.062030458250717666,0.2896022431925582,0.21968931807011088,0.04856787981101984
2026-01-23,0.08837260796687291,0.07726633245191421,0.21447116025680626,0.062030458250717666,0.2896022431925582,0.21968931807011088,0.04856787981101984
2026-01-30,0.08579733453851117,0.07702402993411202,0.2196484543563218,0.06334984843780501,0.28370400569389853,0.22204281081415495,0.04843351622519654
2026-02-06,0.08579733453851117,0.07702402993411202,0.2196484543563218,0.06334984843780501,0.28370400569389853,0.22204281081415495,0.04843351622519654
2026-02-13,0.08579733453851117,0.07702402993411202,0.2196484543563218,0.06334984843780501,0.28370400569389853,0.22204281081415495,0.04843351622519654
2026-02-20,0.08579733453851117,0.07702402993411202,0.2196484543563218,0.06334984843780501,0.28370400569389853,0.22204281081415495,0.04843351622519654
2026-02-27,0.08133390736114562,0.07518534821755844,0.2234938308968009,0.062191737098526254,0.2798527786544493,0.22813796565472522,0.049804432116794306
2026-03-06,0.08133390736114562,0.07518534821755844,0.2234938308968009,0.062191737098526254,0.2798527786544493,0.22813796565472522,0.049804432116794306
2026-03-13,0.08133390736114562,0.07518534821755844,0.2234938308968009,0.062191737098526254,0.2798527786544493,0.22813796565472522,0.049804432116794306
2026-03-20,0.08133390736114562,0.07518534821755844,0.2234938308968009,0.062191737098526254,0.2798527786544493,0.22813796565472522,0.049804432116794306
2026-03-27,0.06425469910047615,0.06225773871324506,0.1862566007718912,0.052854712022785945,0.23872357433257174,0.19565267505902983,0.20000000000000007
2026-04-03,0.06425469910047615,0.06225773871324506,0.1862566007718912,0.052854712022785945,0.23872357433257174,0.19565267505902983,0.20000000000000007
2026-04-10,0.06898569331745809,0.07134598546726095,0.21464203885555097,0.06136013599319421,0.2852193299696257,0.23727523897797465,0.06117157741893542
